ticker,period,model_key,model,seed,episode,split,control,epsilon_ucb,action_coverage,ucb_total_transitions,profit,roi,arr,volatility,sharpe,max_drawdown,violations,flat_step_ratio,no_trade,near_zero_vol,collapse,trade_count,invalid_action_count,invalid_action_rate,turnover,exposure_ratio,q_scale_mean,exploration_bonus_mean,exploration_bonus_max
FPT,BAD,UCB_WITHOUT_VAE_UNCERTAINTY,UCB-VAE without VAE uncertainty,41,1,train,1.0,1.0,1.0,2247,3738.69305,373.869305,18.88432473474584,19.115250545537048,0.9039742108554589,30.413784162715597,12,0.022696929238985315,False,False,False,2195,0,0.0,59.19695,0.6741557215117553,0.29775978162267974,0.0,0.0
FPT,BAD,UCB_WITHOUT_VAE_UNCERTAINTY,UCB-VAE without VAE uncertainty,41,1,test,1.0,1.0,1.0,2247,439.5954200000001,43.95954200000001,20.05822886613138,25.798264894619827,0.7663514908232849,28.146626490448668,5,0.0,False,False,False,498,0,0.0,31.024580000000025,0.9268510137138313,0.5499845208772215,0.0,0.0
FPT,BAD,UCB_WITHOUT_VAE_UNCERTAINTY,UCB-VAE without VAE uncertainty,41,2,train,0.9045834549972122,0.8,1.0,4494,3079.5223300000007,307.95223300000004,16.920845948133014,18.720349100589942,0.8292886680645445,30.097402210966322,12,0.02892745883400089,False,False,False,2182,0,0.0,55.507670000000026,0.6495849281250687,0.28743319613937807,0.0,0.0
FPT,BAD,UCB_WITHOUT_VAE_UNCERTAINTY,UCB-VAE without VAE uncertainty,41,2,test,0.9045834549972122,0.8,1.0,4494,439.5954200000001,43.95954200000001,20.05822886613138,25.798264894619827,0.7663514908232849,28.146626490448668,5,0.0,False,False,False,498,0,0.0,31.024580000000025,0.9268510137138313,0.5431487811617104,0.0,0.0
FPT,BAD,UCB_WITHOUT_VAE_UNCERTAINTY,UCB-VAE without VAE uncertainty,41,3,train,0.8182712270546932,0.6400000000000001,1.0,6741,3725.28769,372.528769,18.846883861492316,19.015587859359744,0.9060441072319321,30.353153788398675,12,0.02848242100578549,False,False,False,2182,0,0.0,58.582310000000014,0.6683042009532143,0.2862224043489935,0.0,0.0
FPT,BAD,UCB_WITHOUT_VAE_UNCERTAINTY,UCB-VAE without VAE uncertainty,41,3,test,0.8182712270546932,0.6400000000000001,1.0,6741,439.62543000000005,43.962543000000004,20.05948453191797,25.604102867310903,0.7702375098386407,28.144223980707416,5,0.0,False,False,False,498,0,0.0,31.02457000000003,0.9209632936562564,0.5355350247707712,0.0,0.0
FPT,BAD,UCB_WITHOUT_VAE_UNCERTAINTY,UCB-VAE without VAE uncertainty,41,4,train,0.7401946136939427,0.5120000000000001,1.0,8988,3692.696099999999,369.26960999999994,18.755460982208703,18.94141770929729,0.9047503689527839,30.64578195908213,11,0.032487761459724075,False,False,False,2172,0,0.0,58.083899999999964,0.6617578678680317,0.2799017356205475,0.0,0.0
FPT,BAD,UCB_WITHOUT_VAE_UNCERTAINTY,UCB-VAE without VAE uncertainty,41,4,test,0.7401946136939427,0.5120000000000001,1.0,8988,440.2255500000001,44.02255500000001,20.084591762630954,25.599884041961957,0.771147027503319,28.115393863812386,5,0.0,False,False,False,498,0,0.0,31.02445000000003,0.9209941377788201,0.5291851251180392,0.0,0.0
FPT,BAD,UCB_WITHOUT_VAE_UNCERTAINTY,UCB-VAE without VAE uncertainty,41,5,train,0.6695678010255933,0.4096000000000001,1.0,11235,3626.0861000000004,362.60861000000006,18.56684391590122,18.876740541124324,0.8987169871895524,30.873569735364953,11,0.032932799287939477,False,False,False,2170,0,0.0,57.85390000000002,0.6564941878364877,0.2736082549360682,0.0,0.0
FPT,BAD,UCB_WITHOUT_VAE_UNCERTAINTY,UCB-VAE without VAE uncertainty,41,5,test,0.6695678010255933,0.4096000000000001,1.0,11235,440.2255500000001,44.02255500000001,20.084591762630954,25.599884041961957,0.771147027503319,28.115393863812386,5,0.0,False,False,False,498,0,0.0,31.02445000000003,0.9209941377788201,0.5230059432217395,0.0,0.0
FPT,BAD,UCB_WITHOUT_VAE_UNCERTAINTY,UCB-VAE without VAE uncertainty,41,6,train,0.6056799548066172,0.3276800000000001,1.0,13482,3584.2175800000005,358.421758,18.447047102805513,18.825106117879432,0.8952451867611102,30.7289451199748,12,0.032487761459724075,False,False,False,2170,0,0.0,57.762420000000006,0.6525403554198251,0.26840007843629593,0.0,0.0
FPT,BAD,UCB_WITHOUT_VAE_UNCERTAINTY,UCB-VAE without VAE uncertainty,41,6,test,0.6056799548066172,0.3276800000000001,1.0,13482,419.76841000000036,41.976841000000036,19.225764775695264,25.71501236598878,0.7407362240322032,29.22662947241077,5,0.0,False,False,False,498,0,0.0,31.00159000000003,0.9271350562463195,0.5183404179581677,0.0,0.0
FPT,BAD,UCB_WITHOUT_VAE_UNCERTAINTY,UCB-VAE without VAE uncertainty,41,7,train,0.547888066141525,0.2621440000000001,1.0,15729,3183.6513299999997,318.36513299999996,17.24896638582201,18.70041387347257,0.8450898521888811,31.087208909235674,11,0.032932799287939477,False,False,False,2168,0,0.0,55.39867000000001,0.6356128538118484,0.26358186820970414,0.0,0.0
FPT,BAD,UCB_WITHOUT_VAE_UNCERTAINTY,UCB-VAE without VAE uncertainty,41,7,test,0.547888066141525,0.2621440000000001,1.0,15729,419.76841000000036,41.976841000000036,19.225764775695264,25.71501236598878,0.7407362240322032,29.22662947241077,5,0.0,False,False,False,498,0,0.0,31.00159000000003,0.9271350562463195,0.5137056951601822,0.0,0.0
FPT,BAD,UCB_WITHOUT_VAE_UNCERTAINTY,UCB-VAE without VAE uncertainty,41,8,train,0.49561047982204176,0.20971520000000007,1.0,17976,3102.26875,310.22687500000006,16.99315236429022,18.57888096736854,0.8375347875540988,30.165955217895657,11,0.032932799287939477,False,False,False,2168,0,0.0,55.24125000000003,0.629560297980095,0.25953091715487786,0.0,0.0
FPT,BAD,UCB_WITHOUT_VAE_UNCERTAINTY,UCB-VAE without VAE uncertainty,41,8,test,0.49561047982204176,0.20971520000000007,1.0,17976,419.76841000000036,41.976841000000036,19.225764775695264,25.71501236598878,0.7407362240322032,29.22662947241077,5,0.0,False,False,False,498,0,0.0,31.00159000000003,0.9271350562463195,0.5098976145487234,0.0,0.0
FPT,BAD,UCB_WITHOUT_VAE_UNCERTAINTY,UCB-VAE without VAE uncertainty,41,9,train,0.4483210401702486,0.1677721600000001,1.0,20223,3099.6001800000013,309.9600180000001,16.984687980077197,18.412792792724638,0.843019666790972,30.11489103223177,11,0.03337783711615487,False,False,False,2166,0,0.0,55.13982000000003,0.6199808945928171,0.25469388131053916,0.0,0.0
FPT,BAD,UCB_WITHOUT_VAE_UNCERTAINTY,UCB-VAE without VAE uncertainty,41,9,test,0.4483210401702486,0.1677721600000001,1.0,20223,426.9489100000003,42.69489100000003,19.527912931215717,25.641803318141577,0.7520747373538489,29.22662947241077,5,0.0,False,False,False,498,0,0.0,31.12109000000003,0.9269983957352672,0.5061307724520384,0.0,0.0
FPT,BAD,UCB_WITHOUT_VAE_UNCERTAINTY,UCB-VAE without VAE uncertainty,41,10,train,0.4055437954651474,0.13421772800000006,1.0,22470,3054.9282100000014,305.4928210000001,16.842261755648558,18.20306286714544,0.8438566417001112,29.89387438657134,11,0.03337783711615487,False,False,False,2166,0,0.0,54.381790000000045,0.6031042564321214,0.24972954865596428,0.0,0.0
FPT,BAD,UCB_WITHOUT_VAE_UNCERTAINTY,UCB-VAE without VAE uncertainty,41,10,test,0.4055437954651474,0.13421772800000006,1.0,22470,450.00769000000014,45.00076900000001,20.4931147029219,25.39639606120509,0.7887547468516819,27.891091039155825,5,0.0,False,False,False,498,0,0.0,31.202310000000015,0.9254884113199733,0.5025499042078673,0.0,0.0
FPT,BAD,UCB_WITHOUT_VAE_UNCERTAINTY,UCB-VAE without VAE uncertainty,41,11,train,0.3668482076545458,0.10737418240000006,1.0,24717,3058.7030300000006,305.8703030000001,16.85435069728274,18.09527728900507,0.8483679077669335,29.834063364901493,10,0.03426791277258567,False,False,False,2164,0,0.0,54.08697000000008,0.5969172142708935,0.24632894879428344,0.0,0.0
FPT,BAD,UCB_WITHOUT_VAE_UNCERTAINTY,UCB-VAE without VAE uncertainty,41,11,test,0.3668482076545458,0.10737418240000006,1.0,24717,437.71784,43.771784000000004,19.97964200175888,25.044226546913844,0.7791021654265388,27.14609411364492,5,0.0,False,False,False,498,0,0.0,31.20216000000002,0.9173231913656004,0.4989283064223198,0.0,0.0
FPT,BAD,UCB_WITHOUT_VAE_UNCERTAINTY,UCB-VAE without VAE uncertainty,41,12,train,0.3318448191396838,0.08589934592000005,1.0,26964,2888.747030000001,288.8747030000001,16.29988809668761,17.875859196212307,0.8297530550593053,30.04595882478248,10,0.03515798842901647,False,False,False,2160,0,0.0,53.32297000000003,0.5859712719667277,0.2427259354715778,0.0,0.0
FPT,BAD,UCB_WITHOUT_VAE_UNCERTAINTY,UCB-VAE without VAE uncertainty,41,12,test,0.3318448191396838,0.08589934592000005,1.0,26964,427.44596,42.744596,19.548800223836228,24.754706126257105,0.7706069053704561,26.020992081298782,4,0.0,False,False,False,498,0,0.0,31.214040000000026,0.9113865169828844,0.49642394761364145,0.0,0.0
FPT,BAD,UCB_WITHOUT_VAE_UNCERTAINTY,UCB-VAE without VAE uncertainty,41,13,train,0.3001813330203001,0.06871947673600004,1.0,29211,2891.8524000000016,289.1852400000002,16.310210569199988,17.441215643223114,0.8465741511852575,30.007664475208855,10,0.04227859368046284,False,False,False,2137,0,0.0,52.667600000000064,0.5482423773423003,0.23529637101614906,0.0,0.0
FPT,BAD,UCB_WITHOUT_VAE_UNCERTAINTY,UCB-VAE without VAE uncertainty,41,13,test,0.3001813330203001,0.06871947673600004,1.0,29211,427.44596,42.744596,19.548800223836228,24.754706126257105,0.7706069053704561,26.020992081298782,4,0.0,False,False,False,498,0,0.0,31.214040000000026,0.9113865169828844,0.49438767260815725,0.0,0.0
FPT,BAD,UCB_WITHOUT_VAE_UNCERTAINTY,UCB-VAE without VAE uncertainty,41,14,train,0.27153906734917177,0.054975581388800036,1.0,31458,2915.7893600000016,291.57893600000017,16.38953395019971,17.456478972212185,0.8499150212216445,29.92710037958193,10,0.04539385847797063,False,False,False,2134,0,0.0,52.15064000000005,0.5423513118217212,0.2331767088812778,0.0,0.0
FPT,BAD,UCB_WITHOUT_VAE_UNCERTAINTY,UCB-VAE without VAE uncertainty,41,14,test,0.27153906734917177,0.054975581388800036,1.0,31458,419.8829300000002,41.98829300000002,19.230589628464777,24.77276856937362,0.7593691563161638,25.38740285671069,4,0.0,False,False,False,498,0,0.0,31.427070000000015,0.9087492800491198,0.4928749929889139,0.0,0.0
FPT,BAD,UCB_WITHOUT_VAE_UNCERTAINTY,UCB-VAE without VAE uncertainty,41,15,train,0.24562974770943447,0.05,1.0,33705,2696.6431800000014,269.66431800000015,15.646618336562623,17.291667340113026,0.81900512130236,30.56577698272377,9,0.046283934134401426,False,False,False,2128,0,0.0,50.89682000000003,0.5346705157104921,0.23220249880511443,0.0,0.0
FPT,BAD,UCB_WITHOUT_VAE_UNCERTAINTY,UCB-VAE without VAE uncertainty,41,15,test,0.24562974770943447,0.05,1.0,33705,419.8829300000002,41.98829300000002,19.230589628464777,24.77276856937362,0.7593691563161638,25.38740285671069,4,0.0,False,False,False,498,0,0.0,31.427070000000015,0.9087492800491198,0.49131720351526537,0.0,0.0
FPT,BAD,UCB_WITHOUT_VAE_UNCERTAINTY,UCB-VAE without VAE uncertainty,41,16,train,0.2221926058330938,0.05,1.0,35952,2708.126810000001,270.8126810000001,15.68650802462177,17.20003422697267,0.8244550559933076,29.78568812632392,10,0.046283934134401426,False,False,False,2128,0,0.0,50.32319000000004,0.5229461533396211,0.22912657480731666,0.0,0.0
FPT,BAD,UCB_WITHOUT_VAE_UNCERTAINTY,UCB-VAE without VAE uncertainty,41,16,test,0.2221926058330938,0.05,1.0,35952,428.49432000000024,42.84943200000003,19.592843071326204,24.70120729722902,0.773243232110468,25.38740285671069,4,0.0,False,False,False,498,0,0.0,31.42568000000001,0.9088976451091232,0.4897691334885766,0.0,0.0
FPT,BAD,UCB_WITHOUT_VAE_UNCERTAINTY,UCB-VAE without VAE uncertainty,41,17,train,0.20099175505933367,0.05,1.0,38199,2636.352050000001,263.6352050000001,15.435365463337657,17.104567288241178,0.8152933280039333,30.356958326720623,9,0.046283934134401426,False,False,False,2128,0,0.0,50.05795000000005,0.5137106589215409,0.2271189400665114,0.0,0.0
FPT,BAD,UCB_WITHOUT_VAE_UNCERTAINTY,UCB-VAE without VAE uncertainty,41,17,test,0.20099175505933367,0.05,1.0,38199,411.0458000000001,41.104580000000006,18.857700051587333,24.61953443717043,0.7496980240454955,24.36804031550097,4,0.0,False,False,False,498,0,0.0,31.334200000000024,0.9033765645482169,0.4881373373380148,0.0,0.0
FPT,BAD,UCB_WITHOUT_VAE_UNCERTAINTY,UCB-VAE without VAE uncertainty,41,18,train,0.18181381621752543,0.05,1.0,40446,2671.7630900000004,267.176309,15.55981532774342,17.099681086662503,0.8218331291119919,29.991869965910574,10,0.047619047619047616,False,False,False,2123,0,0.0,50.06691000000005,0.5139165532822655,0.22710957001143686,0.0,0.0
FPT,BAD,UCB_WITHOUT_VAE_UNCERTAINTY,UCB-VAE without VAE uncertainty,41,18,test,0.18181381621752543,0.05,1.0,40446,383.4581499999997,38.34581499999997,17.686068941359846,24.14906669576034,0.7181742070029498,24.714088136189748,4,0.0,False,False,False,498,0,0.0,31.291850000000018,0.8838693217801509,0.485364315230923,0.0,0.0
FPT,BAD,UCB_WITHOUT_VAE_UNCERTAINTY,UCB-VAE without VAE uncertainty,41,19,train,0.16446577004027732,0.05,1.0,42693,2626.8023500000004,262.68023500000004,15.40161925815562,17.07466527069032,0.8146866150978864,30.08545289976739,10,0.04717400979083222,False,False,False,2123,0,0.0,50.367650000000076,0.5101875558888659,0.2257501812752056,0.0,0.0
FPT,BAD,UCB_WITHOUT_VAE_UNCERTAINTY,UCB-VAE without VAE uncertainty,41,19,test,0.16446577004027732,0.05,1.0,42693,387.2593899999997,38.72593899999997,17.84819251774219,24.151330550962523,0.7238765578547365,24.714088136189748,4,0.0,False,False,False,498,0,0.0,31.39061000000002,0.8863124317739621,0.48405724458665733,0.0,0.0
FPT,BAD,UCB_WITHOUT_VAE_UNCERTAINTY,UCB-VAE without VAE uncertainty,41,20,train,0.14877301449181102,0.05,1.0,44940,2546.6370100000004,254.66370100000003,15.115178711925692,17.015330109336617,0.8022071305670728,30.111633448510144,10,0.05384957721406319,False,False,False,2108,0,0.0,49.692990000000066,0.504152304300944,0.22532451174022572,0.0,0.0
FPT,BAD,UCB_WITHOUT_VAE_UNCERTAINTY,UCB-VAE without VAE uncertainty,41,20,test,0.14877301449181102,0.05,1.0,44940,351.4019999999998,35.140199999999986,16.30994224069713,24.230973353426787,0.6676016288406462,25.799241984968774,4,0.0,False,False,False,498,0,0.0,31.358000000000025,0.890369780869115,0.48244173058783674,0.0,0.0
FPT,BAD,UCB_WITHOUT_VAE_UNCERTAINTY,UCB-VAE without VAE uncertainty,41,21,train,0.13457760745935274,0.05,1.0,47187,2505.5611700000013,250.55611700000014,14.966172948624369,16.926419039666733,0.7977959321148936,30.379814354298883,9,0.05562972852692479,False,False,False,2101,0,0.0,49.14883000000003,0.497511110658471,0.22339736367524016,0.0,0.0
FPT,BAD,UCB_WITHOUT_VAE_UNCERTAINTY,UCB-VAE without VAE uncertainty,41,21,test,0.13457760745935274,0.05,1.0,47187,358.63716,35.863716000000004,16.621946943124755,24.067895681769485,0.6817142974733688,25.11334480723473,4,0.0,False,False,False,498,0,0.0,31.362840000000016,0.8822489652602726,0.4802499379977644,0.0,0.0
FPT,BAD,UCB_WITHOUT_VAE_UNCERTAINTY,UCB-VAE without VAE uncertainty,41,22,train,0.12173667712083987,0.05,1.0,49434,2486.0525300000004,248.60525300000003,14.894859590614695,16.93827844979297,0.7936674269778567,30.3604663626807,10,0.05651980418335559,False,False,False,2099,0,0.0,49.31747000000002,0.4959282853935941,0.22217838911478074,0.0,0.0
FPT,BAD,UCB_WITHOUT_VAE_UNCERTAINTY,UCB-VAE without VAE uncertainty,41,22,test,0.12173667712083987,0.05,1.0,49434,356.1264100000001,35.612641,16.51376887831355,24.104874435699873,0.6771511630087438,25.11334480723473,4,0.0,False,False,False,498,0,0.0,31.363590000000023,0.8828453706803666,0.47866311370129566,0.0,0.0
FPT,BAD,UCB_WITHOUT_VAE_UNCERTAINTY,UCB-VAE without VAE uncertainty,41,23,train,0.11012098398984942,0.05,1.0,51681,2435.035519999999,243.5035519999999,14.706677608595253,16.869695232798872,0.7864106737472856,30.045587458676444,9,0.05785491766800178,False,False,False,2095,0,0.0,49.064480000000025,0.4918285216798039,0.2206778576838795,0.0,0.0
FPT,BAD,UCB_WITHOUT_VAE_UNCERTAINTY,UCB-VAE without VAE uncertainty,41,23,test,0.11012098398984942,0.05,1.0,51681,351.01231000000007,35.101231000000006,16.293113888469946,24.158007990948395,0.6682833048392719,25.309834964409717,4,0.0,False,False,False,498,0,0.0,31.357690000000023,0.8868317556945674,0.4772788393629124,0.0,0.0
FPT,BAD,UCB_WITHOUT_VAE_UNCERTAINTY,UCB-VAE without VAE uncertainty,41,24,train,0.1,0.05,1.0,53928,2435.0216399999986,243.50216399999988,14.706626073561434,16.849878289237072,0.7871375506221778,29.93763677506213,9,0.059190031152647975,False,False,False,2091,0,0.0,49.03836000000002,0.4899443867042245,0.21924974249437962,0.0,0.0
FPT,BAD,UCB_WITHOUT_VAE_UNCERTAINTY,UCB-VAE without VAE uncertainty,41,24,test,0.1,0.05,1.0,53928,391.86104,39.186104,18.044157835614925,24.444578058002232,0.7249285873769872,24.760119521678806,4,0.0,False,False,False,498,0,0.0,31.658960000000018,0.8931276628100175,0.4758482415034589,0.0,0.0
FPT,BAD,UCB_WITHOUT_VAE_UNCERTAINTY,UCB-VAE without VAE uncertainty,41,25,train,0.1,0.05,1.0,56175,2468.6375199999993,246.86375199999992,14.830899158308686,16.76663098682031,0.7967112746876623,30.031063526414293,10,0.059190031152647975,False,False,False,2089,0,0.0,49.16248000000005,0.48825306687567965,0.21803161754547673,0.0,0.0
FPT,BAD,UCB_WITHOUT_VAE_UNCERTAINTY,UCB-VAE without VAE uncertainty,41,25,test,0.1,0.05,1.0,56175,391.86104,39.186104,18.044157835614925,24.444578058002232,0.7249285873769872,24.760119521678806,4,0.0,False,False,False,498,0,0.0,31.658960000000018,0.8931276628100175,0.4744465140753003,0.0,0.0
FPT,BAD,UCB_WITHOUT_VAE_UNCERTAINTY,UCB-VAE without VAE uncertainty,41,26,train,0.1,0.05,1.0,58422,2135.21504,213.521504,13.547762981872037,16.258743804824956,0.7467008822166289,28.956063079260453,9,0.06008010680907877,False,False,False,2084,0,0.0,46.60496000000003,0.4527191136629632,0.21151452074859425,0.0,0.0
FPT,BAD,UCB_WITHOUT_VAE_UNCERTAINTY,UCB-VAE without VAE uncertainty,41,26,test,0.1,0.05,1.0,58422,391.86104,39.186104,18.044157835614925,24.444578058002232,0.7249285873769872,24.760119521678806,4,0.0,False,False,False,498,0,0.0,31.658960000000018,0.8931276628100175,0.4720309099040357,0.0,0.0
FPT,BAD,UCB_WITHOUT_VAE_UNCERTAINTY,UCB-VAE without VAE uncertainty,41,27,train,0.1,0.05,1.0,60669,2783.863269999997,278.3863269999997,15.946870512141187,16.005246958394746,0.8876518384828719,28.28193965313203,6,0.06186025812194036,False,False,False,2079,0,0.0,49.086730000000045,0.463657464187757,0.21001580161256794,0.0,0.0
FPT,BAD,UCB_WITHOUT_VAE_UNCERTAINTY,UCB-VAE without VAE uncertainty,41,27,test,0.1,0.05,1.0,60669,421.93606,42.193606,19.31705736204512,24.617597321366773,0.7655018553325965,24.760119521678806,4,0.0,False,False,False,498,0,0.0,31.743940000000023,0.89540384917098,0.46944939428903015,0.0,0.0
FPT,BAD,UCB_WITHOUT_VAE_UNCERTAINTY,UCB-VAE without VAE uncertainty,41,28,train,0.1,0.05,1.0,62916,1891.8662799999997,189.18662799999996,12.53228056293163,15.701449868176152,0.7097984235723277,28.832831131882518,9,0.06275033377837116,False,False,False,2079,0,0.0,45.45372000000002,0.4331517965289671,0.20673809234014764,0.0,0.0
FPT,BAD,UCB_WITHOUT_VAE_UNCERTAINTY,UCB-VAE without VAE uncertainty,41,28,test,0.1,0.05,1.0,62916,421.93606,42.193606,19.31705736204512,24.617597321366773,0.7655018553325965,24.760119521678806,4,0.0,False,False,False,498,0,0.0,31.743940000000023,0.89540384917098,0.46735843127391424,0.0,0.0
FPT,BAD,UCB_WITHOUT_VAE_UNCERTAINTY,UCB-VAE without VAE uncertainty,41,29,train,0.1,0.05,1.0,65163,2740.4417299999996,274.04417299999994,15.798171222459633,15.919252255946384,0.8834416111580146,28.037538423398257,6,0.06364040943480195,False,False,False,2072,0,0.0,48.468270000000054,0.4587769883130129,0.20809881093041016,0.0,0.0
FPT,BAD,UCB_WITHOUT_VAE_UNCERTAINTY,UCB-VAE without VAE uncertainty,41,29,test,0.1,0.05,1.0,65163,417.0935199999999,41.70935199999999,19.113013522297173,24.621332995482536,0.758416496846625,24.760119521678806,4,0.0,False,False,False,498,0,0.0,31.606480000000026,0.894264432738048,0.46544203865360545,0.0,0.0
FPT,BAD,UCB_WITHOUT_VAE_UNCERTAINTY,UCB-VAE without VAE uncertainty,41,30,train,0.1,0.05,1.0,67410,2065.7964700000007,206.57964700000008,13.265434809445997,16.06003807525372,0.7382703338185803,28.345765555944137,10,0.06542056074766354,False,False,False,2068,0,0.0,45.57353000000001,0.440440360913184,0.20782411284827634,0.0,0.0
FPT,BAD,UCB_WITHOUT_VAE_UNCERTAINTY,UCB-VAE without VAE uncertainty,41,30,test,0.1,0.05,1.0,67410,423.20961999999986,42.32096199999999,19.37066218228507,24.42491786333831,0.7714561662276944,24.366888839249963,4,0.0,False,False,False,498,0,0.0,31.610380000000028,0.8916086899479649,0.46307189870311555,0.0,0.0
FPT,BAD,UCB_WITHOUT_VAE_UNCERTAINTY,UCB-VAE without VAE uncertainty,41,31,train,0.1,0.05,1.0,69657,2033.0369099999994,203.30369099999993,13.130221837640876,16.167387747064094,0.7269685412291677,27.985286821218843,10,0.06809078771695594,False,False,False,2064,0,0.0,46.05309000000003,0.4517737095573277,0.21041568151820644,0.0,0.0
FPT,BAD,UCB_WITHOUT_VAE_UNCERTAINTY,UCB-VAE without VAE uncertainty,41,31,test,0.1,0.05,1.0,69657,413.45650999999975,41.345650999999975,18.959536979245218,24.325264732898756,0.7593269156745573,24.366888839249963,4,0.0,False,False,False,498,0,0.0,31.613490000000024,0.8881763890662453,0.46128016464920885,0.0,0.0
FPT,BAD,UCB_WITHOUT_VAE_UNCERTAINTY,UCB-VAE without VAE uncertainty,41,32,train,0.1,0.05,1.0,71904,1837.7389300000004,183.77389300000004,12.296118113348653,15.203280489835002,0.713905099797236,28.02640960458533,8,0.06720071206052515,False,False,False,2050,0,0.0,43.39107,0.40133367121255953,0.2040858205373042,0.0,0.0
FPT,BAD,UCB_WITHOUT_VAE_UNCERTAINTY,UCB-VAE without VAE uncertainty,41,32,test,0.1,0.05,1.0,71904,411.8656599999997,41.18656599999997,18.892343562690716,24.45830152868415,0.7541992978661177,24.446810072243817,4,0.0,False,False,False,498,0,0.0,31.73434000000002,0.8894866272531506,0.45957008770192004,0.0,0.0
FPT,BAD,UCB_WITHOUT_VAE_UNCERTAINTY,UCB-VAE without VAE uncertainty,41,33,train,0.1,0.05,1.0,74151,1839.7548700000002,183.97548700000002,12.304985337517827,15.07498271392559,0.7192021927877609,27.94231105291638,8,0.06898086337338674,False,False,False,2040,0,0.0,43.19513,0.39792783115128144,0.20272649230098108,0.0,0.0
FPT,BAD,UCB_WITHOUT_VAE_UNCERTAINTY,UCB-VAE without VAE uncertainty,41,33,test,0.1,0.05,1.0,74151,411.8656599999997,41.18656599999997,18.892343562690716,24.45830152868415,0.7541992978661177,24.446810072243817,4,0.0,False,False,False,498,0,0.0,31.73434000000002,0.8894866272531506,0.45733905993551616,0.0,0.0
FPT,BAD,UCB_WITHOUT_VAE_UNCERTAINTY,UCB-VAE without VAE uncertainty,41,34,train,0.1,0.05,1.0,76398,1818.1262300000003,181.81262300000003,12.209557119886849,15.056726765958128,0.7142004132261355,27.94168196370807,8,0.06898086337338674,False,False,False,2038,0,0.0,43.22377,0.3974133324556802,0.2017059087766559,0.0,0.0
FPT,BAD,UCB_WITHOUT_VAE_UNCERTAINTY,UCB-VAE without VAE uncertainty,41,34,test,0.1,0.05,1.0,76398,409.82173999999964,40.982173999999965,18.805958236883914,24.049422533809892,0.7598227488691126,23.810293921129606,4,0.0,False,False,False,498,0,0.0,31.83826000000002,0.8830865172870425,0.45488834982535925,0.0,0.0
FPT,BAD,UCB_WITHOUT_VAE_UNCERTAINTY,UCB-VAE without VAE uncertainty,41,35,train,0.1,0.05,1.0,78645,1846.1142200000008,184.6114220000001,12.332920676344038,15.138592867457628,0.7185074648669011,27.915375237690988,8,0.06898086337338674,False,False,False,2052,0,0.0,43.745779999999996,0.4061742014435872,0.19855173046211164,0.0,0.0
FPT,BAD,UCB_WITHOUT_VAE_UNCERTAINTY,UCB-VAE without VAE uncertainty,41,35,test,0.1,0.05,1.0,78645,436.32214,43.632214,19.921191276993856,24.116470603376438,0.7974877300149515,23.604002661435693,4,0.0,False,False,False,498,0,0.0,31.777860000000018,0.8865565735190097,0.45312206658074655,0.0,0.0
FPT,BAD,UCB_WITHOUT_VAE_UNCERTAINTY,UCB-VAE without VAE uncertainty,41,36,train,0.1,0.05,1.0,80892,1749.3861299999994,174.93861299999992,11.90188393644387,15.035244748403212,0.6965872848162108,27.888344975746378,8,0.07699154428126391,False,False,False,2022,0,0.0,43.00386999999999,0.3908113478634218,0.19980411542207335,0.0,0.0
FPT,BAD,UCB_WITHOUT_VAE_UNCERTAINTY,UCB-VAE without VAE uncertainty,41,36,test,0.1,0.05,1.0,80892,361.53593999999975,36.15359399999998,16.746719831339906,23.71192303933031,0.6928958742248609,24.49466530713627,4,0.0,False,False,False,498,0,0.0,31.64406000000002,0.8631336428272242,0.44983567144856396,0.0,0.0
FPT,BAD,UCB_WITHOUT_VAE_UNCERTAINTY,UCB-VAE without VAE uncertainty,41,37,train,0.1,0.05,1.0,83139,1767.4646499999994,176.74646499999994,11.983458298111183,15.036716960088715,0.7014223632303009,27.901807901226285,8,0.0787716955941255,False,False,False,2015,0,0.0,42.88535000000003,0.3902185409413792,0.19840551618342406,0.0,0.0
FPT,BAD,UCB_WITHOUT_VAE_UNCERTAINTY,UCB-VAE without VAE uncertainty,41,37,test,0.1,0.05,1.0,83139,363.43011999999953,36.34301199999995,16.82817998372803,23.623259101284848,0.6975495471705724,24.03079681099047,4,0.0,False,False,False,498,0,0.0,31.66988000000002,0.8623101867817732,0.44777467074882554,0.0,0.0
FPT,BAD,UCB_WITHOUT_VAE_UNCERTAINTY,UCB-VAE without VAE uncertainty,41,38,train,0.1,0.05,1.0,85386,1709.5441799999999,170.954418,11.720411527567931,14.751342619238603,0.6960578043341317,28.18851331611329,7,0.08233199821984868,False,False,False,2001,0,0.0,42.83582000000002,0.38740856534920387,0.19677605140750334,0.0,0.0
FPT,BAD,UCB_WITHOUT_VAE_UNCERTAINTY,UCB-VAE without VAE uncertainty,41,38,test,0.1,0.05,1.0,85386,358.2992099999997,35.82992099999997,16.6073918492325,23.586976294548116,0.6901730773171505,24.03079681099047,4,0.0,False,False,False,498,0,0.0,31.67079000000001,0.857447314728899,0.4448716735923625,0.0,0.0
FPT,BAD,UCB_WITHOUT_VAE_UNCERTAINTY,UCB-VAE without VAE uncertainty,41,39,train,0.1,0.05,1.0,87633,1678.4910199999995,167.84910199999993,11.577318232574285,14.966632543612986,0.6795258281187514,27.560693266792967,8,0.0796617712505563,False,False,False,1999,0,0.0,42.98897999999999,0.386019495506725,0.19601087921730506,0.0,0.0
FPT,BAD,UCB_WITHOUT_VAE_UNCERTAINTY,UCB-VAE without VAE uncertainty,41,39,test,0.1,0.05,1.0,87633,342.9569599999995,34.29569599999995,15.944708757314663,23.268904095669882,0.671669500947003,23.92393597218375,4,0.0,False,False,False,498,0,0.0,31.583040000000015,0.8455506210059884,0.4422440230247965,0.0,0.0
FPT,BAD,UCB_WITHOUT_VAE_UNCERTAINTY,UCB-VAE without VAE uncertainty,41,40,train,0.1,0.05,1.0,89880,1815.94112,181.594112,12.199879974655037,14.633831263570338,0.7299438283269372,27.789720294885544,6,0.0787716955941255,False,False,False,1996,0,0.0,42.91888000000001,0.3841015950187725,0.1940466091633639,0.0,0.0
FPT,BAD,UCB_WITHOUT_VAE_UNCERTAINTY,UCB-VAE without VAE uncertainty,41,40,test,0.1,0.05,1.0,89880,346.1236299999996,34.61236299999996,16.08179553946094,22.981168948471332,0.6823815073648144,23.458947705739188,3,0.0,False,False,False,498,0,0.0,31.686370000000018,0.8438814365171945,0.4393325759374712,0.0,0.0
FPT,BAD,UCB_WITHOUT_VAE_UNCERTAINTY,UCB-VAE without VAE uncertainty,41,41,train,0.1,0.05,1.0,92127,1784.8271800000002,178.482718,12.061357296219244,14.53229279338183,0.725464134062925,27.831408510363943,6,0.0796617712505563,False,False,False,1992,0,0.0,42.75282000000004,0.38247033841090267,0.19259111581243404,0.0,0.0
FPT,BAD,UCB_WITHOUT_VAE_UNCERTAINTY,UCB-VAE without VAE uncertainty,41,41,test,0.1,0.05,1.0,92127,354.6655499999997,35.46655499999997,16.450780398921538,22.852353656629653,0.6989479314517976,23.138932694421356,3,0.0,False,False,False,498,0,0.0,31.884450000000022,0.8473722001401112,0.43753387994435894,0.0,0.0
FPT,BAD,UCB_WITHOUT_VAE_UNCERTAINTY,UCB-VAE without VAE uncertainty,41,42,train,0.1,0.05,1.0,94374,1817.8725699999995,181.78725699999995,12.208434084043152,14.410423885104654,0.7395779456617781,27.86518373257009,6,0.08055184690698709,False,False,False,1992,0,0.0,42.93742999999996,0.38080181103825417,0.19046568114544266,0.0,0.0
FPT,BAD,UCB_WITHOUT_VAE_UNCERTAINTY,UCB-VAE without VAE uncertainty,41,42,test,0.1,0.05,1.0,94374,354.6655499999997,35.46655499999997,16.450780398921538,22.852353656629653,0.6989479314517976,23.138932694421356,3,0.0,False,False,False,498,0,0.0,31.884450000000022,0.8473722001401112,0.43513536062764835,0.0,0.0
FPT,BAD,UCB_WITHOUT_VAE_UNCERTAINTY,UCB-VAE without VAE uncertainty,41,43,train,0.1,0.05,1.0,96621,1721.192959999999,172.11929599999988,11.773713500037019,14.402073449055456,0.7127208148764462,27.753439387022443,6,0.08589230084557187,False,False,False,1973,0,0.0,42.40703999999999,0.37906244992670046,0.1902794960868003,0.0,0.0
FPT,BAD,UCB_WITHOUT_VAE_UNCERTAINTY,UCB-VAE without VAE uncertainty,41,43,test,0.1,0.05,1.0,96621,379.3351399999999,37.93351399999999,17.5099706724966,22.83194922742861,0.739357036960556,23.138932694421356,3,0.0,False,False,False,498,0,0.0,32.08486000000002,0.845707469092802,0.4328962995046114,0.0,0.0
FPT,BAD,UCB_WITHOUT_VAE_UNCERTAINTY,UCB-VAE without VAE uncertainty,41,44,train,0.1,0.05,1.0,98868,1817.1774099999993,181.71774099999993,12.205355922589334,14.4397728290132,0.7381646744416581,27.76026920792288,6,0.08589230084557187,False,False,False,1971,0,0.0,42.432589999999955,0.37666494885481483,0.18820264048851168,0.0,0.0
FPT,BAD,UCB_WITHOUT_VAE_UNCERTAINTY,UCB-VAE without VAE uncertainty,41,44,test,0.1,0.05,1.0,98868,379.3351399999999,37.93351399999999,17.5099706724966,22.83194922742861,0.739357036960556,23.138932694421356,3,0.0,False,False,False,498,0,0.0,32.08486000000002,0.845707469092802,0.43123615751544153,0.0,0.0
FPT,BAD,UCB_WITHOUT_VAE_UNCERTAINTY,UCB-VAE without VAE uncertainty,41,45,train,0.1,0.05,1.0,101115,1763.9428399999988,176.39428399999989,11.96760431814845,14.264092181766877,0.7305095781266976,27.72222145519802,6,0.09123275478415666,False,False,False,1956,0,0.0,42.177159999999965,0.37111846910583207,0.18640297786906712,0.0,0.0
FPT,BAD,UCB_WITHOUT_VAE_UNCERTAINTY,UCB-VAE without VAE uncertainty,41,45,test,0.1,0.05,1.0,101115,376.1971800000001,37.61971800000001,17.375769122834072,22.806947204826958,0.7348630214158635,22.837842521445253,2,0.0,False,False,False,498,0,0.0,31.982820000000018,0.8421614874454934,0.4286429576695444,0.0,0.0
FPT,BAD,UCB_WITHOUT_VAE_UNCERTAINTY,UCB-VAE without VAE uncertainty,42,1,train,1.0,1.0,1.0,2247,548.6594900000014,54.865949000000136,4.983409164736874,8.121743851362709,0.3981811953485009,14.484916359406805,0,0.1321762349799733,False,False,False,1153,0,0.0,45.81051000000004,0.19448700962478915,0.19344049309014372,0.0,0.0
FPT,BAD,UCB_WITHOUT_VAE_UNCERTAINTY,UCB-VAE without VAE uncertainty,42,1,test,1.0,1.0,1.0,2247,193.79939999999897,19.379939999999895,9.29436516300255,20.027683341293137,0.447943348221275,28.683200659940766,1,0.0,False,False,False,492,0,0.0,51.8206,0.6357403875423895,0.4132866469253019,0.0,0.0
FPT,BAD,UCB_WITHOUT_VAE_UNCERTAINTY,UCB-VAE without VAE uncertainty,42,2,train,0.9045834549972122,0.8,1.0,4494,599.2820100000024,59.928201000000236,5.3595382271436565,7.472712113074112,0.4742924064625533,12.541164833352724,0,0.10057854917668002,False,False,False,1186,0,0.0,46.92799000000004,0.18427994046538948,0.19042520567734983,0.0,0.0
FPT,BAD,UCB_WITHOUT_VAE_UNCERTAINTY,UCB-VAE without VAE uncertainty,42,2,test,0.9045834549972122,0.8,1.0,4494,258.1939999999993,25.819399999999927,12.213491313819391,20.375402031719258,0.5740915098363423,27.713613904237018,1,0.0,False,False,False,492,0,0.0,51.38600000000001,0.6613987959406555,0.4090916509609146,0.0,0.0
FPT,BAD,UCB_WITHOUT_VAE_UNCERTAINTY,UCB-VAE without VAE uncertainty,42,3,train,0.8182712270546932,0.6400000000000001,1.0,6741,565.4495500000007,56.54495500000007,5.109356370777096,7.441467064321,0.4437635516520308,12.626570350054415,0,0.15042278593680464,False,False,False,1176,0,0.0,46.46045000000003,0.18442576202719896,0.18835333555366499,0.0,0.0
FPT,BAD,UCB_WITHOUT_VAE_UNCERTAINTY,UCB-VAE without VAE uncertainty,42,3,test,0.8182712270546932,0.6400000000000001,1.0,6741,196.8789200000001,19.68789200000001,9.435726109718656,19.882587541732725,0.45621136630913106,29.041046166739477,1,0.0,False,False,False,492,0,0.0,50.721080000000015,0.6338461638413979,0.40301217779098264,0.0,0.0
FPT,BAD,UCB_WITHOUT_VAE_UNCERTAINTY,UCB-VAE without VAE uncertainty,42,4,train,0.7401946136939427,0.5120000000000001,1.0,8988,511.37260000000265,51.13726000000026,4.69931068964724,7.811161697117641,0.37583831301841214,13.047092788551382,0,0.14953271028037382,False,False,False,1156,0,0.0,45.847400000000036,0.18613676862163422,0.18616560382356526,0.0,0.0
FPT,BAD,UCB_WITHOUT_VAE_UNCERTAINTY,UCB-VAE without VAE uncertainty,42,4,test,0.7401946136939427,0.5120000000000001,1.0,8988,172.66878999999972,17.26687899999997,8.319453388867881,19.615191154549034,0.4070894099013121,29.261988407628408,1,0.0,False,False,False,495,0,0.0,50.801210000000005,0.6426241869433374,0.3984965208663519,0.0,0.0
FPT,BAD,UCB_WITHOUT_VAE_UNCERTAINTY,UCB-VAE without VAE uncertainty,42,5,train,0.6695678010255933,0.4096000000000001,1.0,11235,553.3581400000014,55.33581400000014,5.018776947029058,6.3308210566726215,0.495793908990634,9.969905648665996,0,0.14686248331108145,False,False,False,1150,0,0.0,44.32186000000003,0.1390242500478538,0.18423834110684378,0.0,0.0
FPT,BAD,UCB_WITHOUT_VAE_UNCERTAINTY,UCB-VAE without VAE uncertainty,42,5,test,0.6695678010255933,0.4096000000000001,1.0,11235,199.1570299999994,19.91570299999994,9.540182891525518,20.02951048792106,0.459194421381221,30.285480325087327,2,0.0,False,False,False,495,0,0.0,50.45297000000002,0.6515230669852257,0.39414208579853355,0.0,0.0
FPT,BAD,UCB_WITHOUT_VAE_UNCERTAINTY,UCB-VAE without VAE uncertainty,42,6,train,0.6056799548066172,0.3276800000000001,1.0,13482,578.333370000001,57.83333700000009,5.205190160491968,6.798346266439344,0.4925600614805375,11.179186193080868,0,0.1272808188696039,False,False,False,1173,0,0.0,45.996629999999996,0.15823230531921006,0.18268258098229387,0.0,0.0
FPT,BAD,UCB_WITHOUT_VAE_UNCERTAINTY,UCB-VAE without VAE uncertainty,42,6,test,0.6056799548066172,0.3276800000000001,1.0,13482,172.1642499999998,17.216424999999983,8.296068672756341,19.89615533984932,0.40290064419872057,29.68932261922645,2,0.0,False,False,False,497,0,0.0,50.065749999999994,0.634799176643683,0.3900750558598932,0.0,0.0
FPT,BAD,UCB_WITHOUT_VAE_UNCERTAINTY,UCB-VAE without VAE uncertainty,42,7,train,0.547888066141525,0.2621440000000001,1.0,15729,539.9117399999991,53.99117399999991,4.917308068578152,7.219133469012248,0.42962711995824965,15.72822186921829,0,0.1059190031152648,False,False,False,1164,0,0.0,45.02826000000001,0.14846177394162227,0.1819288844087679,0.0,0.0
FPT,BAD,UCB_WITHOUT_VAE_UNCERTAINTY,UCB-VAE without VAE uncertainty,42,7,test,0.547888066141525,0.2621440000000001,1.0,15729,149.39756999999918,14.939756999999917,7.235595233970149,19.818667544349168,0.3536564856399072,29.78257946112019,2,0.0,False,False,False,497,0,0.0,49.91243,0.6351207640733035,0.3861660892106443,0.0,0.0
FPT,BAD,UCB_WITHOUT_VAE_UNCERTAINTY,UCB-VAE without VAE uncertainty,42,8,train,0.49561047982204176,0.20971520000000007,1.0,17976,517.4681800000012,51.74681800000012,4.746177460406775,7.6071636092994845,0.3898556923906785,18.06542242975791,0,0.13618157543391188,False,False,False,1160,0,0.0,45.03182000000003,0.1572095390209017,0.18021844938218354,0.0,0.0
FPT,BAD,UCB_WITHOUT_VAE_UNCERTAINTY,UCB-VAE without VAE uncertainty,42,8,test,0.49561047982204176,0.20971520000000007,1.0,17976,164.7864099999997,16.47864099999997,7.953541564782296,19.482417707539863,0.39089752569113256,28.55729796402397,1,0.0,False,False,False,497,0,0.0,49.66359000000002,0.6296932627932886,0.3821530964479868,0.0,0.0
FPT,BAD,UCB_WITHOUT_VAE_UNCERTAINTY,UCB-VAE without VAE uncertainty,42,9,train,0.4483210401702486,0.1677721600000001,1.0,20223,541.313610000002,54.1313610000002,4.927923515055599,7.820570847557527,0.4037098293162641,17.593217221529205,0,0.1268357810413885,False,False,False,1162,0,0.0,45.67639000000002,0.1759684239526667,0.1790627134001462,0.0,0.0
FPT,BAD,UCB_WITHOUT_VAE_UNCERTAINTY,UCB-VAE without VAE uncertainty,42,9,test,0.4483210401702486,0.1677721600000001,1.0,20223,108.89383999999905,10.889383999999906,5.322719182031932,19.504462072099532,0.2630397370153065,30.16949503401978,1,0.0,False,False,False,496,0,0.0,48.586160000000014,0.5771719470040952,0.3781201407073971,0.0,0.0
FPT,BAD,UCB_WITHOUT_VAE_UNCERTAINTY,UCB-VAE without VAE uncertainty,42,10,train,0.4055437954651474,0.13421772800000006,1.0,22470,584.5281900000018,58.452819000000176,5.2510218278502,7.45452714372009,0.4614089611249736,17.593217221529205,0,0.1277258566978193,False,False,False,1162,0,0.0,45.56181000000002,0.1587949364127106,0.17722312078662433,0.0,0.0
FPT,BAD,UCB_WITHOUT_VAE_UNCERTAINTY,UCB-VAE without VAE uncertainty,42,10,test,0.4055437954651474,0.13421772800000006,1.0,22470,130.05294999999978,13.005294999999977,6.32626761688917,19.19286731326835,0.31400161719654845,28.77518499438157,1,0.0,False,False,False,497,0,0.0,48.99705000000005,0.5818980522968514,0.3762788698077202,0.0,0.0
FPT,BAD,UCB_WITHOUT_VAE_UNCERTAINTY,UCB-VAE without VAE uncertainty,42,11,train,0.3668482076545458,0.10737418240000006,1.0,24717,500.1510300000002,50.015103000000025,4.612590921734605,7.6743433002151615,0.3703653939400013,17.58908833741215,0,0.13796172674677348,False,False,False,1159,0,0.0,45.35897000000002,0.17068123696832294,0.177136595348915,0.0,0.0
FPT,BAD,UCB_WITHOUT_VAE_UNCERTAINTY,UCB-VAE without VAE uncertainty,42,11,test,0.3668482076545458,0.10737418240000006,1.0,24717,120.59177999999997,12.059177999999998,5.878704576576443,19.176531385472376,0.291951759319425,28.610972726537405,1,0.0,False,False,False,497,0,0.0,48.76822000000003,0.57908240159668,0.37422096271471805,0.0,0.0
FPT,BAD,UCB_WITHOUT_VAE_UNCERTAINTY,UCB-VAE without VAE uncertainty,42,12,train,0.3318448191396838,0.08589934592000005,1.0,26964,513.9232900000045,51.392329000000444,4.718942452855557,8.29049875211903,0.36111478091152904,17.26700707305186,0,0.155318202047174,False,False,False,1182,0,0.0,46.92671000000001,0.19511332684037372,0.17489063853839795,0.0,0.0
FPT,BAD,UCB_WITHOUT_VAE_UNCERTAINTY,UCB-VAE without VAE uncertainty,42,12,test,0.3318448191396838,0.08589934592000005,1.0,26964,146.95240999999987,14.695240999999987,7.121079494005467,19.038434856963185,0.35442914154844984,28.610972726537405,1,0.0,False,False,False,497,0,0.0,49.25759000000006,0.5745360764252815,0.3724480451170699,0.0,0.0
FPT,BAD,UCB_WITHOUT_VAE_UNCERTAINTY,UCB-VAE without VAE uncertainty,42,13,train,0.3001813330203001,0.06871947673600004,1.0,29211,509.6358900000025,50.963589000000255,4.68592698585002,8.134645029630807,0.3625451767398527,16.62279749325221,0,0.12238540275923454,False,False,False,1176,0,0.0,46.67411000000002,0.19236780708962717,0.17392519440354376,0.0,0.0
FPT,BAD,UCB_WITHOUT_VAE_UNCERTAINTY,UCB-VAE without VAE uncertainty,42,13,test,0.3001813330203001,0.06871947673600004,1.0,29211,130.52188,13.052188000000001,6.348401812641646,19.17020408454972,0.3153661630013531,29.826432800631014,2,0.0,False,False,False,497,0,0.0,48.678120000000014,0.5755102602463775,0.37096153902839946,0.0,0.0
FPT,BAD,UCB_WITHOUT_VAE_UNCERTAINTY,UCB-VAE without VAE uncertainty,42,14,train,0.27153906734917177,0.054975581388800036,1.0,31458,512.0097500000004,51.200975000000035,4.7042173665980735,7.8115611704805685,0.37650486634315494,16.315838528796927,0,0.11704494882064975,False,False,False,1170,0,0.0,46.180250000000015,0.1811339373425514,0.173656385970556,0.0,0.0
FPT,BAD,UCB_WITHOUT_VAE_UNCERTAINTY,UCB-VAE without VAE uncertainty,42,14,test,0.27153906734917177,0.054975581388800036,1.0,31458,144.39999999999964,14.439999999999964,7.0014110030697685,19.43724136273142,0.34554231146242365,31.218255480849567,2,0.0,False,False,False,496,0,0.0,49.08000000000004,0.5700550790727182,0.3700152422828847,0.0,0.0
FPT,BAD,UCB_WITHOUT_VAE_UNCERTAINTY,UCB-VAE without VAE uncertainty,42,15,train,0.24562974770943447,0.05,1.0,33705,530.1052400000003,53.01052400000004,4.842808719048675,7.15710168091176,0.42276492606501886,16.331627472620397,0,0.15042278593680464,False,False,False,1161,0,0.0,45.334760000000024,0.1582302709697494,0.17395303210365437,0.0,0.0
FPT,BAD,UCB_WITHOUT_VAE_UNCERTAINTY,UCB-VAE without VAE uncertainty,42,15,test,0.24562974770943447,0.05,1.0,33705,169.56333999999924,16.956333999999924,8.175440520483512,19.658137355706003,0.39989735990109654,31.226544164215724,2,0.0,False,False,False,496,0,0.0,48.71666000000004,0.5726165931110331,0.36935281026435185,0.0,0.0
FPT,BAD,UCB_WITHOUT_VAE_UNCERTAINTY,UCB-VAE without VAE uncertainty,42,16,train,0.2221926058330938,0.05,1.0,35952,537.8825100000004,53.78825100000003,4.901926808975388,7.510463873996991,0.4138960351262491,18.421881106583086,0,0.1308411214953271,False,False,False,1164,0,0.0,45.68749000000003,0.16095971382305438,0.17378771423789519,0.0,0.0
FPT,BAD,UCB_WITHOUT_VAE_UNCERTAINTY,UCB-VAE without VAE uncertainty,42,16,test,0.2221926058330938,0.05,1.0,35952,151.2439299999994,15.124392999999941,7.321986574748607,19.67145952670595,0.3591433072369695,31.226544164215724,2,0.0,False,False,False,496,0,0.0,48.42607000000004,0.5742052492610658,0.36817647567594863,0.0,0.0
FPT,BAD,UCB_WITHOUT_VAE_UNCERTAINTY,UCB-VAE without VAE uncertainty,42,17,train,0.20099175505933367,0.05,1.0,38199,520.7361700000006,52.07361700000006,4.771235025996101,7.256318490405868,0.40845356065377253,18.299600357936242,0,0.16644414775255897,False,False,False,1162,0,0.0,45.13383000000001,0.14417296844576197,0.17312538578715067,0.0,0.0
FPT,BAD,UCB_WITHOUT_VAE_UNCERTAINTY,UCB-VAE without VAE uncertainty,42,17,test,0.20099175505933367,0.05,1.0,38199,131.76663000000008,13.176663000000008,6.407133691145184,19.11364202568017,0.31862674271696567,29.379514834521146,2,0.0,False,False,False,497,0,0.0,48.843370000000036,0.5558497166571856,0.3666634784345646,0.0,0.0
FPT,BAD,UCB_WITHOUT_VAE_UNCERTAINTY,UCB-VAE without VAE uncertainty,42,18,train,0.18181381621752543,0.05,1.0,40446,470.5093200000024,47.05093200000024,4.380717099506848,7.634585446891921,0.34253846250459097,18.291006634389895,0,0.16555407209612816,False,False,False,1157,0,0.0,45.070679999999996,0.1545927224129997,0.17292652685157076,0.0,0.0
FPT,BAD,UCB_WITHOUT_VAE_UNCERTAINTY,UCB-VAE without VAE uncertainty,42,18,test,0.18181381621752543,0.05,1.0,40446,130.62000999999964,13.062000999999965,6.3530331162059195,19.42808441453858,0.3139278707207239,30.026161094552688,2,0.0,False,False,False,496,0,0.0,48.849990000000034,0.5762099548868743,0.36597986330828036,0.0,0.0
FPT,BAD,UCB_WITHOUT_VAE_UNCERTAINTY,UCB-VAE without VAE uncertainty,42,19,train,0.16446577004027732,0.05,1.0,42693,470.3676300000034,47.036763000000335,4.379598781949712,7.582362878547605,0.3442302323380431,18.260576546244376,0,0.17578994214508234,False,False,False,1178,0,0.0,46.142369999999985,0.15103200674128398,0.17191677136180078,0.0,0.0
FPT,BAD,UCB_WITHOUT_VAE_UNCERTAINTY,UCB-VAE without VAE uncertainty,42,19,test,0.16446577004027732,0.05,1.0,42693,166.22634999999946,16.622634999999946,8.020477624322364,19.94054929746497,0.38953293586399423,30.14660067051407,1,0.0,False,False,False,496,0,0.0,48.94365000000003,0.5776866861997411,0.363601967093935,0.0,0.0
FPT,BAD,UCB_WITHOUT_VAE_UNCERTAINTY,UCB-VAE without VAE uncertainty,42,20,train,0.14877301449181102,0.05,1.0,44940,481.0275900000024,48.10275900000024,4.463468461636788,7.526996305714359,0.3569739633140078,18.260576546244376,0,0.16466399643969737,False,False,False,1181,0,0.0,46.34241000000001,0.1479660972834012,0.17160445325404844,0.0,0.0
FPT,BAD,UCB_WITHOUT_VAE_UNCERTAINTY,UCB-VAE without VAE uncertainty,42,20,test,0.14877301449181102,0.05,1.0,44940,182.14071999999942,18.21407199999994,8.757537083021717,19.39673218563927,0.4302017429324744,27.628434279046665,2,0.0,False,False,False,496,0,0.0,48.67928000000002,0.5564579089701844,0.3616652649090472,0.0,0.0
FPT,BAD,UCB_WITHOUT_VAE_UNCERTAINTY,UCB-VAE without VAE uncertainty,42,21,train,0.13457760745935274,0.05,1.0,47187,434.52715000000444,43.45271500000044,4.09359600516821,7.809738546975105,0.3010031630406607,18.260576546244376,0,0.1824655095683133,False,False,False,1177,0,0.0,46.24285,0.15905565511364395,0.17124499149477954,0.0,0.0
FPT,BAD,UCB_WITHOUT_VAE_UNCERTAINTY,UCB-VAE without VAE uncertainty,42,21,test,0.13457760745935274,0.05,1.0,47187,100.18555999999967,10.018555999999968,4.9069277380417775,19.250757702785425,0.24348247374812598,31.61904530594473,2,0.0,False,False,False,496,0,0.0,49.11444000000002,0.5667435966568105,0.3607975763668976,0.0,0.0
FPT,BAD,UCB_WITHOUT_VAE_UNCERTAINTY,UCB-VAE without VAE uncertainty,42,22,train,0.12173667712083987,0.05,1.0,49434,426.4410000000016,42.644100000000165,4.028192306020206,8.25465574836431,0.2813948672080363,18.260576546244376,0,0.15175789942145082,False,False,False,1173,0,0.0,45.85899999999999,0.16296002227879747,0.17041435813706188,0.0,0.0
FPT,BAD,UCB_WITHOUT_VAE_UNCERTAINTY,UCB-VAE without VAE uncertainty,42,22,test,0.12173667712083987,0.05,1.0,49434,132.0248700000002,13.20248700000002,6.419314371085738,19.258065617967375,0.3183425096091456,29.61309786201229,2,0.0,False,False,False,496,0,0.0,49.365130000000015,0.5763162902066866,0.36067782474090776,0.0,0.0
FPT,BAD,UCB_WITHOUT_VAE_UNCERTAINTY,UCB-VAE without VAE uncertainty,42,23,train,0.11012098398984942,0.05,1.0,51681,425.7565600000021,42.57565600000021,4.02264119264284,8.266317656533165,0.2804557002434818,18.07449490408766,0,0.16688918558077437,False,False,False,1167,0,0.0,45.863440000000004,0.1644240976478806,0.16986888450784687,0.0,0.0
FPT,BAD,UCB_WITHOUT_VAE_UNCERTAINTY,UCB-VAE without VAE uncertainty,42,23,test,0.11012098398984942,0.05,1.0,51681,138.25689999999986,13.825689999999986,6.712848380678427,19.952350214211474,0.3280635416386271,30.964564447359464,3,0.0,False,False,False,496,0,0.0,49.02310000000003,0.593496511939125,0.35992878899875896,0.0,0.0
FPT,BAD,UCB_WITHOUT_VAE_UNCERTAINTY,UCB-VAE without VAE uncertainty,42,24,train,0.1,0.05,1.0,53928,523.6107200000042,52.36107200000042,4.793236327096739,7.534998378775495,0.3988594457310045,18.153296320601356,0,0.1593235425011126,False,False,False,1181,0,0.0,46.74928,0.14620823859327609,0.16902642005422033,0.0,0.0
FPT,BAD,UCB_WITHOUT_VAE_UNCERTAINTY,UCB-VAE without VAE uncertainty,42,24,test,0.1,0.05,1.0,53928,131.48719000000028,13.148719000000028,6.393951488129068,19.44034110311348,0.3157996237945234,30.123677353852024,2,0.0,False,False,False,496,0,0.0,49.38280999999999,0.5671827818587977,0.35773055318249275,0.0,0.0
FPT,BAD,UCB_WITHOUT_VAE_UNCERTAINTY,UCB-VAE without VAE uncertainty,42,25,train,0.1,0.05,1.0,56175,483.6819600000031,48.36819600000031,4.484268874048292,7.825873822327781,0.3488207065213463,18.147764208628995,0,0.16466399643969737,False,False,False,1173,0,0.0,45.89804000000001,0.15842058863702344,0.1686063062019968,0.0,0.0
FPT,BAD,UCB_WITHOUT_VAE_UNCERTAINTY,UCB-VAE without VAE uncertainty,42,25,test,0.1,0.05,1.0,56175,128.8325299999999,12.883252999999991,6.268640507220069,19.75377334443971,0.3078789931207258,30.107843018863576,2,0.0,False,False,False,496,0,0.0,49.31746999999998,0.5808922479355714,0.3567256525039194,0.0,0.0
FPT,BAD,UCB_WITHOUT_VAE_UNCERTAINTY,UCB-VAE without VAE uncertainty,42,26,train,0.1,0.05,1.0,58422,547.0779500000035,54.707795000000345,4.971483105895924,7.656433187335586,0.4161289834644771,18.16716616216409,0,0.16688918558077437,False,False,False,1169,0,0.0,47.27204999999999,0.15107344278804852,0.1676923856421025,0.0,0.0
FPT,BAD,UCB_WITHOUT_VAE_UNCERTAINTY,UCB-VAE without VAE uncertainty,42,26,test,0.1,0.05,1.0,58422,128.0634700000005,12.806347000000052,6.232310255064588,19.425971294252623,0.3079628357977214,28.94500001407401,1,0.0,False,False,False,496,0,0.0,48.92653000000001,0.5683236548641203,0.35473458959635,0.0,0.0
FPT,BAD,UCB_WITHOUT_VAE_UNCERTAINTY,UCB-VAE without VAE uncertainty,42,27,train,0.1,0.05,1.0,60669,556.6925000000042,55.669250000000424,5.04381777977847,7.688768347876296,0.4237521222077192,18.23890208641586,0,0.1606586559857588,False,False,False,1169,0,0.0,47.40749999999997,0.15106312091131627,0.16708853936985857,0.0,0.0
FPT,BAD,UCB_WITHOUT_VAE_UNCERTAINTY,UCB-VAE without VAE uncertainty,42,27,test,0.1,0.05,1.0,60669,126.98347000000058,12.698347000000057,6.1812704133147545,19.43682728482793,0.30540580321844335,29.026066412520983,1,0.0,False,False,False,496,0,0.0,48.92653000000001,0.5692319280316345,0.353460178646936,0.0,0.0
FPT,BAD,UCB_WITHOUT_VAE_UNCERTAINTY,UCB-VAE without VAE uncertainty,42,28,train,0.1,0.05,1.0,62916,542.1564900000044,54.21564900000044,4.934301964870325,7.679185698901915,0.41048197058226166,18.252387711978884,0,0.16199376947040497,False,False,False,1184,0,0.0,47.35350999999998,0.1516760173515073,0.16648104047451648,0.0,0.0
FPT,BAD,UCB_WITHOUT_VAE_UNCERTAINTY,UCB-VAE without VAE uncertainty,42,28,test,0.1,0.05,1.0,62916,134.1171100000006,13.411711000000059,6.517950266896011,19.79717197949109,0.3195692981159723,29.026066412520983,1,0.0,False,False,False,497,0,0.0,48.87289000000001,0.5821923305637966,0.3530190611879031,0.0,0.0
FPT,BAD,UCB_WITHOUT_VAE_UNCERTAINTY,UCB-VAE without VAE uncertainty,42,29,train,0.1,0.05,1.0,65163,571.8948200000045,57.18948200000046,5.157385527670044,7.739809628269004,0.4355545858204393,18.252387711978884,0,0.14686248331108145,False,False,False,1201,0,0.0,48.005179999999946,0.15485537965092683,0.16590229825551478,0.0,0.0
FPT,BAD,UCB_WITHOUT_VAE_UNCERTAINTY,UCB-VAE without VAE uncertainty,42,29,test,0.1,0.05,1.0,65163,135.4301900000005,13.54301900000005,6.5798073888375885,19.046551205412342,0.32748719664716286,29.256624503384653,1,0.0,False,False,False,497,0,0.0,49.199810000000014,0.5576013668185527,0.35173247245899647,0.0,0.0
FPT,BAD,UCB_WITHOUT_VAE_UNCERTAINTY,UCB-VAE without VAE uncertainty,42,30,train,0.1,0.05,1.0,67410,484.1709400000036,48.41709400000036,4.488097054832241,8.393922776850717,0.3311184442781392,18.252387711978884,0,0.15042278593680464,False,False,False,1175,0,0.0,46.569059999999986,0.1658077411052134,0.16534361887008656,0.0,0.0
FPT,BAD,UCB_WITHOUT_VAE_UNCERTAINTY,UCB-VAE without VAE uncertainty,42,30,test,0.1,0.05,1.0,67410,130.45162999999934,13.045162999999935,6.345086199187211,19.831778592138264,0.31134058688361593,30.972182286321125,2,0.0,False,False,False,497,0,0.0,49.138370000000016,0.5885586373998225,0.35192766710816614,0.0,0.0
FPT,BAD,UCB_WITHOUT_VAE_UNCERTAINTY,UCB-VAE without VAE uncertainty,42,31,train,0.1,0.05,1.0,69657,484.1920100000025,48.41920100000025,4.488261984787956,8.40254834855326,0.33088065712063,18.252387711978884,0,0.14819759679572764,False,False,False,1176,0,0.0,46.93798999999998,0.16660793181886246,0.16479464267220134,0.0,0.0
FPT,BAD,UCB_WITHOUT_VAE_UNCERTAINTY,UCB-VAE without VAE uncertainty,42,31,test,0.1,0.05,1.0,69657,136.57936999999947,13.657936999999947,6.633914198656976,19.030822416716813,0.3304831654961595,30.395613117378044,2,0.0,False,False,False,497,0,0.0,50.07062999999999,0.5467083965359862,0.35244774543137913,0.0,0.0
FPT,BAD,UCB_WITHOUT_VAE_UNCERTAINTY,UCB-VAE without VAE uncertainty,42,32,train,0.1,0.05,1.0,71904,521.8250600000038,52.18250600000037,4.779573544415383,8.24190887483933,0.36976760179301266,17.493533918943356,0,0.1348464619492657,False,False,False,1182,0,0.0,47.83493999999998,0.16023292696652072,0.1640538208113679,0.0,0.0
FPT,BAD,UCB_WITHOUT_VAE_UNCERTAINTY,UCB-VAE without VAE uncertainty,42,32,test,0.1,0.05,1.0,71904,179.16536999999903,17.916536999999902,8.620114001677436,19.49225790289316,0.4225953330837458,29.480870630556822,1,0.0,False,False,False,498,0,0.0,49.24463000000001,0.5382432442653302,0.35048661045879725,0.0,0.0
FPT,BAD,UCB_WITHOUT_VAE_UNCERTAINTY,UCB-VAE without VAE uncertainty,42,33,train,0.1,0.05,1.0,74151,515.1955900000019,51.51955900000018,4.728723911230315,8.442307845735957,0.3571739857770161,18.248380622418267,0,0.15309301290609703,False,False,False,1179,0,0.0,47.83440999999998,0.16382931695664252,0.1635091246454303,0.0,0.0
FPT,BAD,UCB_WITHOUT_VAE_UNCERTAINTY,UCB-VAE without VAE uncertainty,42,33,test,0.1,0.05,1.0,74151,113.67633999999953,11.367633999999953,5.550375660864049,19.31010463803703,0.27524894951465384,30.849001420214208,2,0.0,False,False,False,498,0,0.0,49.66366000000001,0.5580490977019925,0.3484870206459938,0.0,0.0
FPT,BAD,UCB_WITHOUT_VAE_UNCERTAINTY,UCB-VAE without VAE uncertainty,42,34,train,0.1,0.05,1.0,76398,520.4027000000019,52.04027000000019,4.7686803129022515,8.440154546414808,0.3618042451309635,18.25679231792428,0,0.1579884290164664,False,False,False,1187,0,0.0,48.537299999999966,0.16487694520939816,0.16281992309110452,0.0,0.0
FPT,BAD,UCB_WITHOUT_VAE_UNCERTAINTY,UCB-VAE without VAE uncertainty,42,34,test,0.1,0.05,1.0,76398,124.51518999999985,12.451518999999985,6.064530111178934,19.427544555731092,0.29990383392529163,30.670358856436366,2,0.0,False,False,False,498,0,0.0,49.89481,0.5469311359814641,0.3486914889939339,0.0,0.0
FPT,BAD,UCB_WITHOUT_VAE_UNCERTAINTY,UCB-VAE without VAE uncertainty,42,35,train,0.1,0.05,1.0,78645,584.013510000003,58.40135100000029,5.247220098526384,7.903207818564752,0.4389903074434698,17.646793326420067,0,0.14908767245215843,False,False,False,1220,0,0.0,49.81649,0.15743711631304513,0.16258728065833442,0.0,0.0
FPT,BAD,UCB_WITHOUT_VAE_UNCERTAINTY,UCB-VAE without VAE uncertainty,42,35,test,0.1,0.05,1.0,78645,138.7329999999995,13.873299999999949,6.735240138956522,19.532159811046277,0.3318802089023672,30.670358856436366,2,0.0,False,False,False,498,0,0.0,50.18699999999998,0.5289539709417558,0.34822060873948907,0.0,0.0
FPT,BAD,UCB_WITHOUT_VAE_UNCERTAINTY,UCB-VAE without VAE uncertainty,42,36,train,0.1,0.05,1.0,80892,424.9786200000017,42.49786200000017,4.016328875889741,9.201798781520617,0.26014554755162733,20.233246518793592,0,0.11659991099243436,False,False,False,1218,0,0.0,48.90138,0.20411238861426395,0.16045662804834568,0.0,0.0
FPT,BAD,UCB_WITHOUT_VAE_UNCERTAINTY,UCB-VAE without VAE uncertainty,42,36,test,0.1,0.05,1.0,80892,125.83914999999956,12.583914999999957,6.127164265841523,19.507783333805165,0.3025754021392634,31.1179856337737,3,0.0,False,False,False,498,0,0.0,49.21085,0.5472144569053797,0.34631625853149767,0.0,0.0
FPT,BAD,UCB_WITHOUT_VAE_UNCERTAINTY,UCB-VAE without VAE uncertainty,42,37,train,0.1,0.05,1.0,83139,493.4760400000014,49.34760400000014,4.560733038983611,9.29380271397317,0.3151118469123765,20.68911080124407,0,0.11081441922563418,False,False,False,1214,0,0.0,48.98396,0.20680893186533764,0.1595568543786625,0.0,0.0
FPT,BAD,UCB_WITHOUT_VAE_UNCERTAINTY,UCB-VAE without VAE uncertainty,42,37,test,0.1,0.05,1.0,83139,179.16607999999974,17.91660799999997,8.620146815185837,19.5197004905998,0.42215306104619277,30.364633332172808,2,0.0,False,False,False,498,0,0.0,50.253919999999994,0.5348542650672661,0.34544968036523305,0.0,0.0
FPT,BAD,UCB_WITHOUT_VAE_UNCERTAINTY,UCB-VAE without VAE uncertainty,42,38,train,0.1,0.05,1.0,85386,491.4781300000018,49.14781300000018,4.545171252094393,9.357268948291898,0.3120166643065714,20.325571564551325,0,0.11704494882064975,False,False,False,1209,0,0.0,48.79187,0.20734968540791546,0.15903380628249145,0.0,0.0
FPT,BAD,UCB_WITHOUT_VAE_UNCERTAINTY,UCB-VAE without VAE uncertainty,42,38,test,0.1,0.05,1.0,85386,186.5578499999997,18.65578499999997,8.961234480572756,19.558571602871684,0.4378769510095168,30.364633332172808,2,0.0,False,False,False,498,0,0.0,50.332149999999984,0.5348541082437382,0.3442800729030586,0.0,0.0
FPT,BAD,UCB_WITHOUT_VAE_UNCERTAINTY,UCB-VAE without VAE uncertainty,42,39,train,0.1,0.05,1.0,87633,654.170280000001,65.4170280000001,5.755588212581242,9.234093418146998,0.44070740390130186,20.40243378019423,0,0.12283044058744993,False,False,False,1188,0,0.0,49.50971999999998,0.2098275929095665,0.15838674006094178,0.0,0.0
FPT,BAD,UCB_WITHOUT_VAE_UNCERTAINTY,UCB-VAE without VAE uncertainty,42,39,test,0.1,0.05,1.0,87633,151.42290000000025,15.142290000000024,7.33035692465811,19.389730641928672,0.3616478571117924,29.977783249950186,2,0.0,False,False,False,498,0,0.0,49.657099999999986,0.5386563995241734,0.343807090148629,0.0,0.0
FPT,BAD,UCB_WITHOUT_VAE_UNCERTAINTY,UCB-VAE without VAE uncertainty,42,40,train,0.1,0.05,1.0,89880,487.6525500000005,48.765255000000046,4.5153219080793505,9.404199868086563,0.3078347959833923,21.839716300963552,0,0.12861593235425012,False,False,False,1204,0,0.0,48.75745000000002,0.20685646399758603,0.15779475483779754,0.0,0.0
FPT,BAD,UCB_WITHOUT_VAE_UNCERTAINTY,UCB-VAE without VAE uncertainty,42,40,test,0.1,0.05,1.0,89880,133.4909200000002,13.349092000000018,6.488438879611724,19.49464897306911,0.3200688607964266,30.343318556700815,2,0.0,False,False,False,498,0,0.0,50.029079999999986,0.5350321375333228,0.34140998816274737,0.0,0.0
FPT,BAD,UCB_WITHOUT_VAE_UNCERTAINTY,UCB-VAE without VAE uncertainty,42,41,train,0.1,0.05,1.0,92127,546.8463600000014,54.68463600000014,4.969735825180077,9.976301182714982,0.3397693500226388,30.339054875302303,2,0.12639074321317312,False,False,False,1161,0,0.0,48.39364,0.21373973368281207,0.15650746393758136,0.0,0.0
FPT,BAD,UCB_WITHOUT_VAE_UNCERTAINTY,UCB-VAE without VAE uncertainty,42,41,test,0.1,0.05,1.0,92127,166.46983999999975,16.646983999999975,8.03179226143298,17.540988370702106,0.4178793829408455,25.504299847849577,2,0.0,False,False,False,498,0,0.0,51.19015999999997,0.461549540374455,0.34080746928491745,0.0,0.0
FPT,BAD,UCB_WITHOUT_VAE_UNCERTAINTY,UCB-VAE without VAE uncertainty,42,42,train,0.1,0.05,1.0,94374,542.1702800000021,54.21702800000021,4.934406294201432,7.409076232650811,0.42274475583114984,17.641881410113523,0,0.1375166889185581,False,False,False,1210,0,0.0,50.52972000000003,0.15954699336326747,0.1573985292529418,0.0,0.0
FPT,BAD,UCB_WITHOUT_VAE_UNCERTAINTY,UCB-VAE without VAE uncertainty,42,42,test,0.1,0.05,1.0,94374,154.7580400000004,15.475804000000041,7.486221549118222,17.822759760328726,0.3855064224601649,25.985572177788686,2,0.0,False,False,False,498,0,0.0,51.40195999999998,0.4835606285191673,0.3396185019827751,0.0,0.0
FPT,BAD,UCB_WITHOUT_VAE_UNCERTAINTY,UCB-VAE without VAE uncertainty,42,43,train,0.1,0.05,1.0,96621,549.337800000003,54.9337800000003,4.988520840329036,7.893094266390518,0.408030622787716,17.246424251935405,0,0.15042278593680464,False,False,False,1258,0,0.0,50.50220000000001,0.16738012199232058,0.15761617652020773,0.0,0.0
FPT,BAD,UCB_WITHOUT_VAE_UNCERTAINTY,UCB-VAE without VAE uncertainty,42,43,test,0.1,0.05,1.0,96621,167.67386000000056,16.767386000000055,8.087724084165249,17.753108247839634,0.41796338633773783,25.93092047914017,2,0.0,False,False,False,498,0,0.0,51.306139999999985,0.4812323759688613,0.33771512049987135,0.0,0.0
FPT,BAD,UCB_WITHOUT_VAE_UNCERTAINTY,UCB-VAE without VAE uncertainty,42,44,train,0.1,0.05,1.0,98868,593.0408200000018,59.30408200000018,5.313742447640735,7.875588748890279,0.4484086772462866,17.28694136023257,0,0.1548731642189586,False,False,False,1204,0,0.0,48.439179999999986,0.18099478594531596,0.15610448031967675,0.0,0.0
FPT,BAD,UCB_WITHOUT_VAE_UNCERTAINTY,UCB-VAE without VAE uncertainty,42,44,test,0.1,0.05,1.0,98868,162.55637000000024,16.255637000000025,7.849796032709921,17.7079021558043,0.4060157531083494,25.93092047914017,2,0.0,False,False,False,498,0,0.0,51.093629999999976,0.47440455992712005,0.3369845677630968,0.0,0.0
FPT,BAD,UCB_WITHOUT_VAE_UNCERTAINTY,UCB-VAE without VAE uncertainty,42,45,train,0.1,0.05,1.0,101115,612.222340000003,61.2222340000003,5.453986164542379,8.438580692283443,0.4397257537206022,18.09248483054119,0,0.14374721851357367,False,False,False,1282,0,0.0,53.05766000000002,0.16659512589158862,0.15609942037408278,0.0,0.0
FPT,BAD,UCB_WITHOUT_VAE_UNCERTAINTY,UCB-VAE without VAE uncertainty,42,45,test,0.1,0.05,1.0,101115,168.30290000000036,16.830290000000037,8.11693422460149,17.53290435131952,0.4225786793415265,25.4299756599492,2,0.0,False,False,False,498,0,0.0,51.777099999999976,0.46608594834031614,0.3356469321143196,0.0,0.0
FPT,BAD,UCB_WITHOUT_VAE_UNCERTAINTY,UCB-VAE without VAE uncertainty,43,1,train,1.0,1.0,1.0,2247,533.7413900000006,53.374139000000056,4.870481689254613,10.587758279655809,0.3170496976439443,27.675615416994365,2,0.12372051624388072,False,False,False,1607,0,0.0,54.528610000000015,0.25967773836981106,0.24308756993222247,0.0,0.0
FPT,BAD,UCB_WITHOUT_VAE_UNCERTAINTY,UCB-VAE without VAE uncertainty,43,1,test,1.0,1.0,1.0,2247,713.2752699999999,71.32752699999999,31.01320228790665,19.123762923512878,1.415985695113864,23.338521882278695,1,0.10040160642570281,False,False,False,248,0,0.0,30.674730000000014,0.6868033351457343,0.47107718944788934,0.0,0.0
FPT,BAD,UCB_WITHOUT_VAE_UNCERTAINTY,UCB-VAE without VAE uncertainty,43,2,train,0.9045834549972122,0.8,1.0,4494,533.3944600000004,53.339446000000045,4.867843891507717,10.653184849190882,0.31551556423161364,27.49025857130709,2,0.10947930574098798,False,False,False,1629,0,0.0,55.40554000000001,0.26444740593908983,0.2389363850726782,0.0,0.0
FPT,BAD,UCB_WITHOUT_VAE_UNCERTAINTY,UCB-VAE without VAE uncertainty,43,2,test,0.9045834549972122,0.8,1.0,4494,682.069,68.20689999999999,29.810458760661906,19.568263874925684,1.3406262244892209,23.856879435576182,1,0.08032128514056225,False,False,False,247,0,0.0,30.69100000000001,0.6995149939176921,0.46572353254001303,0.0,0.0
FPT,BAD,UCB_WITHOUT_VAE_UNCERTAINTY,UCB-VAE without VAE uncertainty,43,3,train,0.8182712270546932,0.6400000000000001,1.0,6741,652.4113000000016,65.24113000000015,5.743078590646711,11.01203394108247,0.38489032066765005,27.480576321391187,2,0.10369381397418781,False,False,False,1676,0,0.0,57.828699999999934,0.28596553620544923,0.2339008612285522,0.0,0.0
FPT,BAD,UCB_WITHOUT_VAE_UNCERTAINTY,UCB-VAE without VAE uncertainty,43,3,test,0.8182712270546932,0.6400000000000001,1.0,6741,668.8730100000002,66.88730100000002,29.29851995219439,19.22032961096411,1.3406863350578784,23.804078278366916,1,0.09839357429718876,False,False,False,247,0,0.0,30.796990000000015,0.6884297549826557,0.46212201538574266,0.0,0.0
FPT,BAD,UCB_WITHOUT_VAE_UNCERTAINTY,UCB-VAE without VAE uncertainty,43,4,train,0.7401946136939427,0.5120000000000001,1.0,8988,671.2915400000009,67.12915400000009,5.8767384874180095,11.133129496320679,0.3933388100867003,27.379994697769426,2,0.1041388518024032,False,False,False,1677,0,0.0,58.228459999999934,0.28830886442014464,0.22970364580671151,0.0,0.0
FPT,BAD,UCB_WITHOUT_VAE_UNCERTAINTY,UCB-VAE without VAE uncertainty,43,4,test,0.7401946136939427,0.5120000000000001,1.0,8988,738.3859100000002,73.83859100000002,31.973105267025904,18.780364347974842,1.4775890387942343,23.477832285260632,1,0.09839357429718876,False,False,False,241,0,0.0,30.264090000000014,0.6714222436534274,0.4595500641618388,0.0,0.0
FPT,BAD,UCB_WITHOUT_VAE_UNCERTAINTY,UCB-VAE without VAE uncertainty,43,5,train,0.6695678010255933,0.4096000000000001,1.0,11235,631.2143000000024,63.12143000000023,5.591390350551606,11.1629597972814,0.36820855989864104,27.02935641074065,2,0.06586559857587895,False,False,False,1671,0,0.0,58.04569999999994,0.2887895028926067,0.22623788594907795,0.0,0.0
FPT,BAD,UCB_WITHOUT_VAE_UNCERTAINTY,UCB-VAE without VAE uncertainty,43,5,test,0.6695678010255933,0.4096000000000001,1.0,11235,669.0870299999997,66.90870299999997,29.306838922850087,19.210723186253766,1.341589677364252,23.68328057982034,1,0.09839357429718876,False,False,False,239,0,0.0,29.96297000000001,0.6901410949804132,0.4548236912632563,0.0,0.0
FPT,BAD,UCB_WITHOUT_VAE_UNCERTAINTY,UCB-VAE without VAE uncertainty,43,6,train,0.6056799548066172,0.3276800000000001,1.0,13482,638.998640000003,63.89986400000029,5.647298470443873,11.199507286115933,0.3721402112671212,27.37839071987918,2,0.08099688473520249,False,False,False,1675,0,0.0,58.54135999999993,0.28997324493005333,0.22314111494492783,0.0,0.0
FPT,BAD,UCB_WITHOUT_VAE_UNCERTAINTY,UCB-VAE without VAE uncertainty,43,6,test,0.6056799548066172,0.3276800000000001,1.0,13482,731.0373600000007,73.10373600000007,31.692911895751518,19.543151937050407,1.4165542195031269,24.357316948051963,2,0.07630522088353414,False,False,False,244,0,0.0,30.682640000000006,0.6931336043417411,0.45208558299574986,0.0,0.0
FPT,BAD,UCB_WITHOUT_VAE_UNCERTAINTY,UCB-VAE without VAE uncertainty,43,7,train,0.547888066141525,0.2621440000000001,1.0,15729,595.942820000002,59.5942820000002,5.3350561586304135,11.126633671049317,0.3469974024532545,27.567149260146394,2,0.09968847352024922,False,False,False,1681,0,0.0,58.81717999999994,0.28824929646924197,0.22095713613892218,0.0,0.0
FPT,BAD,UCB_WITHOUT_VAE_UNCERTAINTY,UCB-VAE without VAE uncertainty,43,7,test,0.547888066141525,0.2621440000000001,1.0,15729,653.9117100000001,65.391171,28.715649921596054,19.448323290218962,1.30388906962843,24.16065819441393,2,0.07630522088353414,False,False,False,242,0,0.0,30.35829000000001,0.6940202053655942,0.4495262682557585,0.0,0.0
FPT,BAD,UCB_WITHOUT_VAE_UNCERTAINTY,UCB-VAE without VAE uncertainty,43,8,train,0.49561047982204176,0.20971520000000007,1.0,17976,639.2762200000016,63.92762200000015,5.649287723987362,11.201898758338432,0.3722546711110685,27.678378584542813,2,0.1068090787716956,False,False,False,1691,0,0.0,59.42377999999994,0.29390005350412973,0.2184299013026566,0.0,0.0
FPT,BAD,UCB_WITHOUT_VAE_UNCERTAINTY,UCB-VAE without VAE uncertainty,43,8,test,0.49561047982204176,0.20971520000000007,1.0,17976,660.9732900000006,66.09732900000006,28.991084538404177,19.313224679672434,1.3227492347054703,24.52432311615749,1,0.07429718875502007,False,False,False,248,0,0.0,31.136710000000008,0.6826615618784384,0.44785161854990996,0.0,0.0
FPT,BAD,UCB_WITHOUT_VAE_UNCERTAINTY,UCB-VAE without VAE uncertainty,43,9,train,0.4483210401702486,0.1677721600000001,1.0,20223,646.6049700000012,64.66049700000013,5.701700588510117,11.333550871154113,0.37365809878618894,28.641490321327804,2,0.09879839786381843,False,False,False,1696,0,0.0,59.38502999999992,0.2939605615880837,0.2169543745076598,0.0,0.0
FPT,BAD,UCB_WITHOUT_VAE_UNCERTAINTY,UCB-VAE without VAE uncertainty,43,9,test,0.4483210401702486,0.1677721600000001,1.0,20223,663.97992,66.39799199999999,29.10818002328557,18.739519919220356,1.3623188463453881,24.37729863855551,1,0.07429718875502007,False,False,False,248,0,0.0,31.460080000000012,0.6616985721561492,0.44717988677053566,0.0,0.0
FPT,BAD,UCB_WITHOUT_VAE_UNCERTAINTY,UCB-VAE without VAE uncertainty,43,10,train,0.4055437954651474,0.13421772800000006,1.0,22470,1056.4762500000015,105.64762500000016,8.346616082553782,12.085671398893167,0.5639208598292815,28.406141914662403,2,0.09034267912772585,False,False,False,1750,0,0.0,62.39374999999991,0.3365847662540199,0.2126815287959167,0.0,0.0
FPT,BAD,UCB_WITHOUT_VAE_UNCERTAINTY,UCB-VAE without VAE uncertainty,43,10,test,0.4055437954651474,0.13421772800000006,1.0,22470,676.8637999999999,67.68637999999999,29.608762724667482,19.334055101117404,1.3464544638191485,24.856451009993656,2,0.07228915662650602,False,False,False,252,0,0.0,31.956200000000017,0.6763431063535248,0.44477969716231985,0.0,0.0
FPT,BAD,UCB_WITHOUT_VAE_UNCERTAINTY,UCB-VAE without VAE uncertainty,43,11,train,0.3668482076545458,0.10737418240000006,1.0,24717,1062.7132800000018,106.27132800000018,8.383103212640108,12.092322372355593,0.5664847373282444,27.859443175285197,2,0.060970182465509566,False,False,False,1758,0,0.0,63.02671999999992,0.33905201157933107,0.21068527871468462,0.0,0.0
FPT,BAD,UCB_WITHOUT_VAE_UNCERTAINTY,UCB-VAE without VAE uncertainty,43,11,test,0.3668482076545458,0.10737418240000006,1.0,24717,688.2089000000001,68.82089,30.047974068480233,19.209010537658934,1.3717229636340065,24.856451009993656,2,0.07028112449799197,False,False,False,252,0,0.0,32.071100000000015,0.6685645129165537,0.44348172295883476,0.0,0.0
FPT,BAD,UCB_WITHOUT_VAE_UNCERTAINTY,UCB-VAE without VAE uncertainty,43,12,train,0.3318448191396838,0.08589934592000005,1.0,26964,1017.3433100000018,101.73433100000018,8.115414681960198,12.144958603565012,0.5440415528651682,28.283354358787584,2,0.07521139296840232,False,False,False,1766,0,0.0,63.84668999999992,0.34331523316968177,0.20957887246309517,0.0,0.0
FPT,BAD,UCB_WITHOUT_VAE_UNCERTAINTY,UCB-VAE without VAE uncertainty,43,12,test,0.3318448191396838,0.08589934592000005,1.0,26964,702.3737300000005,70.23737300000005,30.594288416459882,19.230581740936508,1.3924065896367517,24.78542771964545,1,0.07028112449799197,False,False,False,253,0,0.0,32.13627000000002,0.6717278764861706,0.4423978274545995,0.0,0.0
FPT,BAD,UCB_WITHOUT_VAE_UNCERTAINTY,UCB-VAE without VAE uncertainty,43,13,train,0.3001813330203001,0.06871947673600004,1.0,29211,1126.3019799999988,112.6301979999999,8.749609189232665,12.185270694821325,0.5910359466877417,28.245283051314168,2,0.05874499332443257,False,False,False,1775,0,0.0,64.01801999999991,0.34455479989466153,0.20801958877429147,0.0,0.0
FPT,BAD,UCB_WITHOUT_VAE_UNCERTAINTY,UCB-VAE without VAE uncertainty,43,13,test,0.3001813330203001,0.06871947673600004,1.0,29211,705.5191600000007,70.55191600000008,30.715294822695927,18.929949858597244,1.4164434059573348,24.471264312142903,1,0.09036144578313253,False,False,False,258,0,0.0,32.74084000000002,0.657654968304551,0.4421751171230791,0.0,0.0
FPT,BAD,UCB_WITHOUT_VAE_UNCERTAINTY,UCB-VAE without VAE uncertainty,43,14,train,0.27153906734917177,0.054975581388800036,1.0,31458,1125.230599999999,112.5230599999999,8.74351524584307,12.161392528913527,0.5915211347409336,28.627881349855176,2,0.042723631508678236,False,False,False,1780,0,0.0,64.54939999999989,0.34452800763841235,0.20713834508650028,0.0,0.0
FPT,BAD,UCB_WITHOUT_VAE_UNCERTAINTY,UCB-VAE without VAE uncertainty,43,14,test,0.27153906734917177,0.054975581388800036,1.0,31458,709.2343800000003,70.92343800000003,30.85807820921871,19.101861416417957,1.4111193388337764,24.31233165858353,1,0.07228915662650602,False,False,False,258,0,0.0,33.02562000000002,0.6705301707925931,0.4407769165424458,0.0,0.0
FPT,BAD,UCB_WITHOUT_VAE_UNCERTAINTY,UCB-VAE without VAE uncertainty,43,15,train,0.24562974770943447,0.05,1.0,33705,1049.4694300000006,104.94694300000005,8.305508117374938,12.293117818715602,0.5533719355542367,28.35631802345075,2,0.05740987983978638,False,False,False,1787,0,0.0,65.2205699999999,0.34650115023593275,0.20639538394579848,0.0,0.0
FPT,BAD,UCB_WITHOUT_VAE_UNCERTAINTY,UCB-VAE without VAE uncertainty,43,15,test,0.24562974770943447,0.05,1.0,33705,681.7641599999997,68.17641599999997,29.798655111664708,18.847412518342303,1.3842062961128487,24.170921649180695,1,0.09437751004016064,False,False,False,251,0,0.0,32.17584000000001,0.6693078337316005,0.4398061806956927,0.0,0.0
FPT,BAD,UCB_WITHOUT_VAE_UNCERTAINTY,UCB-VAE without VAE uncertainty,43,16,train,0.2221926058330938,0.05,1.0,35952,1033.45646,103.345646,8.211091455734465,12.480986478799446,0.5398418565247697,29.088799691144228,2,0.06720071206052515,False,False,False,1799,0,0.0,65.78353999999992,0.35342556260487185,0.2052895852729751,0.0,0.0
FPT,BAD,UCB_WITHOUT_VAE_UNCERTAINTY,UCB-VAE without VAE uncertainty,43,16,test,0.2221926058330938,0.05,1.0,35952,679.0884200000005,67.90884200000005,29.69500253333317,18.935700454029845,1.374314611008624,24.127244938175984,1,0.08634538152610442,False,False,False,253,0,0.0,32.371580000000016,0.6691800401014529,0.4387148885602453,0.0,0.0
FPT,BAD,UCB_WITHOUT_VAE_UNCERTAINTY,UCB-VAE without VAE uncertainty,43,17,train,0.20099175505933367,0.05,1.0,38199,1155.6032899999996,115.56032899999995,8.91522423805644,12.445006848158883,0.5936357860322369,28.015755919925283,2,0.06586559857587895,False,False,False,1809,0,0.0,66.30670999999994,0.36326930766669063,0.20303244717356148,0.0,0.0
FPT,BAD,UCB_WITHOUT_VAE_UNCERTAINTY,UCB-VAE without VAE uncertainty,43,17,test,0.20099175505933367,0.05,1.0,38199,682.0360600000004,68.20360600000004,29.809183348844037,18.873871715416996,1.3829084269315528,24.041065764174135,1,0.08433734939759036,False,False,False,254,0,0.0,32.54394000000001,0.6629476880999884,0.4383878679160612,0.0,0.0
FPT,BAD,UCB_WITHOUT_VAE_UNCERTAINTY,UCB-VAE without VAE uncertainty,43,18,train,0.18181381621752543,0.05,1.0,40446,1184.776119999999,118.47761199999991,9.078137126769015,12.474792611093017,0.6045877926619503,28.393887571998246,2,0.08500222518914108,False,False,False,1814,0,0.0,66.78387999999991,0.36480111587639663,0.2025251629243016,0.0,0.0
FPT,BAD,UCB_WITHOUT_VAE_UNCERTAINTY,UCB-VAE without VAE uncertainty,43,18,test,0.18181381621752543,0.05,1.0,40446,716.0372199999999,71.60372199999999,31.119124794495256,18.77556774017868,1.443181239224448,23.92764305847376,1,0.08634538152610442,False,False,False,258,0,0.0,32.94278000000001,0.658909246290477,0.4378434015086377,0.0,0.0
FPT,BAD,UCB_WITHOUT_VAE_UNCERTAINTY,UCB-VAE without VAE uncertainty,43,19,train,0.16446577004027732,0.05,1.0,42693,1111.99852,111.19985199999999,8.668026013419695,12.607140034651982,0.5694306835826063,29.00422159004107,2,0.0774365821094793,False,False,False,1823,0,0.0,66.98147999999992,0.3676624026199884,0.20181640227622438,0.0,0.0
FPT,BAD,UCB_WITHOUT_VAE_UNCERTAINTY,UCB-VAE without VAE uncertainty,43,19,test,0.16446577004027732,0.05,1.0,42693,712.53792,71.25379199999999,30.984910068324556,18.78794683238289,1.4368488382398414,23.92764305847376,1,0.08634538152610442,False,False,False,258,0,0.0,32.94208000000001,0.6589741082231853,0.436894149814983,0.0,0.0
FPT,BAD,UCB_WITHOUT_VAE_UNCERTAINTY,UCB-VAE without VAE uncertainty,43,20,train,0.14877301449181102,0.05,1.0,44940,1169.8187500000008,116.98187500000007,8.99485229842587,12.572797731520124,0.5947253388446081,28.410205380143434,2,0.059635068980863376,False,False,False,1820,0,0.0,67.09124999999993,0.369722376617325,0.20057034895361187,0.0,0.0
FPT,BAD,UCB_WITHOUT_VAE_UNCERTAINTY,UCB-VAE without VAE uncertainty,43,20,test,0.14877301449181102,0.05,1.0,44940,712.3025900000007,71.23025900000007,30.975879146581043,18.71293782948201,1.4414725375243294,23.93824667151387,1,0.0823293172690763,False,False,False,264,0,0.0,33.50741000000002,0.658230106037363,0.4362342193962101,0.0,0.0
FPT,BAD,UCB_WITHOUT_VAE_UNCERTAINTY,UCB-VAE without VAE uncertainty,43,21,train,0.13457760745935274,0.05,1.0,47187,1249.5358700000006,124.95358700000006,9.43298140393849,12.654944828505451,0.6236545106622303,27.825272378610034,2,0.05518469069870939,False,False,False,1822,0,0.0,67.39412999999992,0.37307001961069586,0.19926931509772142,0.0,0.0
FPT,BAD,UCB_WITHOUT_VAE_UNCERTAINTY,UCB-VAE without VAE uncertainty,43,21,test,0.13457760745935274,0.05,1.0,47187,665.2342400000009,66.52342400000009,29.15699929888469,18.87523065866962,1.3559266102351237,24.265860516076863,1,0.06626506024096386,False,False,False,257,0,0.0,32.84576,0.6607008839054593,0.43513749827103443,0.0,0.0
FPT,BAD,UCB_WITHOUT_VAE_UNCERTAINTY,UCB-VAE without VAE uncertainty,43,22,train,0.12173667712083987,0.05,1.0,49434,1221.41107,122.141107,9.280004803391527,12.801128772209886,0.6069757887422677,28.846894143910234,2,0.0534045393858478,False,False,False,1838,0,0.0,68.59892999999991,0.3791381442633196,0.1984199283849307,0.0,0.0
FPT,BAD,UCB_WITHOUT_VAE_UNCERTAINTY,UCB-VAE without VAE uncertainty,43,22,test,0.12173667712083987,0.05,1.0,49434,673.8906300000008,67.38906300000008,29.493415503549294,18.889840214012242,1.3689271367462919,24.265860516076863,1,0.06626506024096386,False,False,False,258,0,0.0,32.91937000000001,0.6630840368859978,0.43398237485722846,0.0,0.0
FPT,BAD,UCB_WITHOUT_VAE_UNCERTAINTY,UCB-VAE without VAE uncertainty,43,23,train,0.11012098398984942,0.05,1.0,51681,1194.42888,119.442888,9.131616454173553,12.688055056660827,0.6004404880928231,28.13564354455854,2,0.04895416110369381,False,False,False,1831,0,0.0,68.5711199999999,0.37776834591249486,0.19752290710959372,0.0,0.0
FPT,BAD,UCB_WITHOUT_VAE_UNCERTAINTY,UCB-VAE without VAE uncertainty,43,23,test,0.11012098398984942,0.05,1.0,51681,738.3802100000005,73.83802100000005,31.97288816028998,18.396088440493124,1.5046257557106086,23.954422497509075,1,0.0823293172690763,False,False,False,264,0,0.0,33.94979000000001,0.6411673437158589,0.4345115297829291,0.0,0.0
FPT,BAD,UCB_WITHOUT_VAE_UNCERTAINTY,UCB-VAE without VAE uncertainty,43,24,train,0.1,0.05,1.0,53928,1222.6757600000024,122.26757600000025,9.286920578372149,12.785052200212938,0.6080575129409314,28.34092719245667,2,0.050734312416555405,False,False,False,1848,0,0.0,69.4042399999999,0.38089691095351347,0.1967475198318707,0.0,0.0
FPT,BAD,UCB_WITHOUT_VAE_UNCERTAINTY,UCB-VAE without VAE uncertainty,43,24,test,0.1,0.05,1.0,53928,716.6088500000003,71.66088500000004,31.141036549255485,17.93150634344812,1.5033707833732683,23.133291228343307,1,0.06224899598393574,False,False,False,271,0,0.0,34.66115000000001,0.6340998644758573,0.4334099197603134,0.0,0.0
FPT,BAD,UCB_WITHOUT_VAE_UNCERTAINTY,UCB-VAE without VAE uncertainty,43,25,train,0.1,0.05,1.0,56175,1175.6014400000013,117.56014400000012,9.027111490348894,12.834981824141595,0.5875053399760329,28.288655920185967,2,0.0520694259012016,False,False,False,1850,0,0.0,69.77855999999993,0.3832436289863841,0.19569247721975838,0.0,0.0
FPT,BAD,UCB_WITHOUT_VAE_UNCERTAINTY,UCB-VAE without VAE uncertainty,43,25,test,0.1,0.05,1.0,56175,709.7679300000002,70.97679300000001,30.878570906090186,17.859327007104874,1.4974217924640063,23.145006407727966,1,0.0823293172690763,False,False,False,271,0,0.0,34.662070000000014,0.6299531800627133,0.43281999999380494,0.0,0.0
FPT,BAD,UCB_WITHOUT_VAE_UNCERTAINTY,UCB-VAE without VAE uncertainty,43,26,train,0.1,0.05,1.0,58422,1216.094390000001,121.60943900000012,9.250892971999548,12.849930312481064,0.6030585025922897,29.424552276014342,2,0.047619047619047616,False,False,False,1841,0,0.0,69.23560999999988,0.38341303581491015,0.1950104609397076,0.0,0.0
FPT,BAD,UCB_WITHOUT_VAE_UNCERTAINTY,UCB-VAE without VAE uncertainty,43,26,test,0.1,0.05,1.0,58422,710.6925699999999,71.069257,30.91407712258927,17.854398487570773,1.4993194310673283,23.07748210360647,1,0.0823293172690763,False,False,False,272,0,0.0,34.657430000000005,0.6298804109409277,0.4321709610970624,0.0,0.0
FPT,BAD,UCB_WITHOUT_VAE_UNCERTAINTY,UCB-VAE without VAE uncertainty,43,27,train,0.1,0.05,1.0,60669,1214.7544300000004,121.47544300000004,9.24354613923779,12.97596311355545,0.5979342190215119,29.950699259335522,2,0.04806408544726302,False,False,False,1854,0,0.0,69.99556999999989,0.38869436896032994,0.19401524278936674,0.0,0.0
FPT,BAD,UCB_WITHOUT_VAE_UNCERTAINTY,UCB-VAE without VAE uncertainty,43,27,test,0.1,0.05,1.0,60669,648.7475700000011,64.87475700000012,28.513853191541738,17.54438943416307,1.4162877216685439,22.67661978958153,1,0.06827309236947791,False,False,False,269,0,0.0,34.322430000000004,0.6325837969005434,0.43093254022210475,0.0,0.0
FPT,BAD,UCB_WITHOUT_VAE_UNCERTAINTY,UCB-VAE without VAE uncertainty,43,28,train,0.1,0.05,1.0,62916,1328.1109199999992,132.81109199999992,9.851531386604728,13.091573326832084,0.6365709439880506,29.36294703317114,2,0.06586559857587895,False,False,False,1866,0,0.0,71.00907999999987,0.40018860395956457,0.19263540589655564,0.0,0.0
FPT,BAD,UCB_WITHOUT_VAE_UNCERTAINTY,UCB-VAE without VAE uncertainty,43,28,test,0.1,0.05,1.0,62916,665.2768200000007,66.52768200000008,29.158656229605228,17.51192221978874,1.4474016582385802,22.48830033343936,1,0.0963855421686747,False,False,False,275,0,0.0,34.92318000000002,0.6162231307088525,0.4314267731095892,0.0,0.0
FPT,BAD,UCB_WITHOUT_VAE_UNCERTAINTY,UCB-VAE without VAE uncertainty,43,29,train,0.1,0.05,1.0,65163,1281.7416700000012,128.17416700000012,9.606081406426647,13.148769848343727,0.6172398804370334,28.63529236331867,2,0.0529595015576324,False,False,False,1865,0,0.0,71.14832999999986,0.4031961121838326,0.1913024240140656,0.0,0.0
FPT,BAD,UCB_WITHOUT_VAE_UNCERTAINTY,UCB-VAE without VAE uncertainty,43,29,test,0.1,0.05,1.0,65163,671.0147000000004,67.10147000000003,29.381743634537962,17.494973478324034,1.4585923911072236,22.318703412632356,1,0.09839357429718876,False,False,False,275,0,0.0,34.925300000000014,0.6170744143650236,0.4305201231775035,0.0,0.0
FPT,BAD,UCB_WITHOUT_VAE_UNCERTAINTY,UCB-VAE without VAE uncertainty,43,30,train,0.1,0.05,1.0,67410,1244.8648800000005,124.48648800000007,9.407693071448797,13.116815712893995,0.6044785013855871,29.93847717528449,2,0.03159768580329328,False,False,False,1868,0,0.0,71.1751199999999,0.4007519069343563,0.19038456839537907,0.0,0.0
FPT,BAD,UCB_WITHOUT_VAE_UNCERTAINTY,UCB-VAE without VAE uncertainty,43,30,test,0.1,0.05,1.0,67410,684.6666699999998,68.46666699999999,29.910999413478056,17.93608535439953,1.4500447793903883,23.48201971191793,1,0.08433734939759036,False,False,False,276,0,0.0,34.923330000000014,0.630983160270891,0.42884377473927887,0.0,0.0
FPT,BAD,UCB_WITHOUT_VAE_UNCERTAINTY,UCB-VAE without VAE uncertainty,43,31,train,0.1,0.05,1.0,69657,1343.6703799999996,134.36703799999995,9.93292033158728,13.210962097300449,0.637702318050424,29.264798441892285,2,0.03115264797507788,False,False,False,1883,0,0.0,72.0896199999999,0.406974829841369,0.1888509616587339,0.0,0.0
FPT,BAD,UCB_WITHOUT_VAE_UNCERTAINTY,UCB-VAE without VAE uncertainty,43,31,test,0.1,0.05,1.0,69657,674.7169200000001,67.471692,29.525482519513414,17.9616587143357,1.4315646961131472,23.458053628770816,1,0.10040160642570281,False,False,False,275,0,0.0,34.92308000000001,0.6304570071355666,0.4279109950525215,0.0,0.0
FPT,BAD,UCB_WITHOUT_VAE_UNCERTAINTY,UCB-VAE without VAE uncertainty,43,32,train,0.1,0.05,1.0,71904,1317.04871,131.70487100000003,9.793372236950804,13.196136816586845,0.6285569905701938,28.615265914193834,2,0.03827325322652426,False,False,False,1883,0,0.0,72.28128999999986,0.40300468338234496,0.1882730934803731,0.0,0.0
FPT,BAD,UCB_WITHOUT_VAE_UNCERTAINTY,UCB-VAE without VAE uncertainty,43,32,test,0.1,0.05,1.0,71904,663.1435800000002,66.31435800000001,29.0756187195673,17.328937055670508,1.457206612002142,22.488031776418794,1,0.08433734939759036,False,False,False,279,0,0.0,35.61642000000001,0.6135306548624905,0.4275278759948221,0.0,0.0
FPT,BAD,UCB_WITHOUT_VAE_UNCERTAINTY,UCB-VAE without VAE uncertainty,43,33,train,0.1,0.05,1.0,74151,1439.3761000000013,143.93761000000015,10.423230132606731,13.31352951841707,0.6675360491461347,28.556159794683015,2,0.04005340453938585,False,False,False,1893,0,0.0,73.00389999999987,0.41678692711342935,0.18663695524394858,0.0,0.0
FPT,BAD,UCB_WITHOUT_VAE_UNCERTAINTY,UCB-VAE without VAE uncertainty,43,33,test,0.1,0.05,1.0,74151,680.5415399999999,68.05415399999998,29.751303570063282,17.259792078225875,1.492886081279026,22.488031776418794,1,0.08433734939759036,False,False,False,278,0,0.0,35.73846000000001,0.6102409884530396,0.4269017031094635,0.0,0.0
FPT,BAD,UCB_WITHOUT_VAE_UNCERTAINTY,UCB-VAE without VAE uncertainty,43,34,train,0.1,0.05,1.0,76398,1418.2223200000012,141.82223200000013,10.31634823751344,13.263382603041304,0.6621892747343624,29.185291815163605,2,0.040943480195816645,False,False,False,1889,0,0.0,72.9976799999999,0.416780224387286,0.185431595039556,0.0,0.0
FPT,BAD,UCB_WITHOUT_VAE_UNCERTAINTY,UCB-VAE without VAE uncertainty,43,34,test,0.1,0.05,1.0,76398,631.08914,63.108914000000006,27.821432171742334,17.690324781086332,1.3752185341238279,23.481382839859773,1,0.0963855421686747,False,False,False,278,0,0.0,35.59086000000001,0.6166290439496988,0.42553584717483406,0.0,0.0
FPT,BAD,UCB_WITHOUT_VAE_UNCERTAINTY,UCB-VAE without VAE uncertainty,43,35,train,0.1,0.05,1.0,78645,1311.1756799999994,131.11756799999995,9.762394638752925,13.336797160360895,0.6211836257366325,29.290147214443007,2,0.04895416110369381,False,False,False,1891,0,0.0,73.74431999999987,0.4201540968885341,0.18538376425020314,0.0,0.0
FPT,BAD,UCB_WITHOUT_VAE_UNCERTAINTY,UCB-VAE without VAE uncertainty,43,35,test,0.1,0.05,1.0,78645,632.4895799999999,63.24895799999999,27.876482062919152,17.615327774324317,1.3827712986200875,23.31042406727276,1,0.10240963855421686,False,False,False,277,0,0.0,35.21042000000002,0.612874934573148,0.4248908388028183,0.0,0.0
FPT,BAD,UCB_WITHOUT_VAE_UNCERTAINTY,UCB-VAE without VAE uncertainty,43,36,train,0.1,0.05,1.0,80892,1413.5574500000002,141.35574500000004,10.29266665865567,13.413026551005618,0.6546797577540148,28.294742367196314,2,0.04361370716510903,False,False,False,1898,0,0.0,73.55254999999991,0.42008519204089456,0.1837908274162118,0.0,0.0
FPT,BAD,UCB_WITHOUT_VAE_UNCERTAINTY,UCB-VAE without VAE uncertainty,43,36,test,0.1,0.05,1.0,80892,696.3198599999998,69.63198599999998,30.36107877518397,17.979673577338737,1.4663459664811331,23.662190867381007,1,0.0823293172690763,False,False,False,278,0,0.0,35.320140000000016,0.6192460380826836,0.4245330403188625,0.0,0.0
FPT,BAD,UCB_WITHOUT_VAE_UNCERTAINTY,UCB-VAE without VAE uncertainty,43,37,train,0.1,0.05,1.0,83139,1477.6601200000005,147.76601200000005,10.614587077460591,13.364393995222446,0.678582576741472,28.42293993306429,2,0.04494882064975523,False,False,False,1896,0,0.0,73.43987999999995,0.4215202741818515,0.1829547519531577,0.0,0.0
FPT,BAD,UCB_WITHOUT_VAE_UNCERTAINTY,UCB-VAE without VAE uncertainty,43,37,test,0.1,0.05,1.0,83139,689.89761,68.98976099999999,30.113224461761547,18.075985537207174,1.4488676025069787,23.671696705983468,1,0.06626506024096386,False,False,False,277,0,0.0,35.19239000000002,0.6294272358172504,0.42300094424720747,0.0,0.0
FPT,BAD,UCB_WITHOUT_VAE_UNCERTAINTY,UCB-VAE without VAE uncertainty,43,38,train,0.1,0.05,1.0,85386,1432.581830000001,143.25818300000012,10.388991413591642,13.390604008641107,0.6621232727947072,28.36425991069601,2,0.04361370716510903,False,False,False,1893,0,0.0,73.62816999999995,0.42307482012825093,0.18214284215482224,0.0,0.0
FPT,BAD,UCB_WITHOUT_VAE_UNCERTAINTY,UCB-VAE without VAE uncertainty,43,38,test,0.1,0.05,1.0,85386,713.7334000000005,71.37334000000006,31.030777742339332,17.752649596104856,1.511930072651769,22.36848836539773,1,0.07028112449799197,False,False,False,272,0,0.0,34.60660000000001,0.6204987152204452,0.42220426000744465,0.0,0.0
FPT,BAD,UCB_WITHOUT_VAE_UNCERTAINTY,UCB-VAE without VAE uncertainty,43,39,train,0.1,0.05,1.0,87633,1470.33464,147.033464,10.578176050026666,13.548360718425819,0.6687322321154114,28.265035053414,2,0.04183355585224744,False,False,False,1890,0,0.0,73.30535999999994,0.4268588096433519,0.1817255201150589,0.0,0.0
FPT,BAD,UCB_WITHOUT_VAE_UNCERTAINTY,UCB-VAE without VAE uncertainty,43,39,test,0.1,0.05,1.0,87633,689.8193799999999,68.98193799999999,30.110202435511013,17.713383312842097,1.4747155537697179,22.36848836539773,1,0.07028112449799197,False,False,False,268,0,0.0,34.02062,0.6183647547033554,0.4216695716941213,0.0,0.0
FPT,BAD,UCB_WITHOUT_VAE_UNCERTAINTY,UCB-VAE without VAE uncertainty,43,40,train,0.1,0.05,1.0,89880,1474.8360900000002,147.483609,10.60056168846324,13.525361334626249,0.6711476314174608,28.433681585297094,2,0.03515798842901647,False,False,False,1903,0,0.0,74.47390999999992,0.42998015370846626,0.18019659315042352,0.0,0.0
FPT,BAD,UCB_WITHOUT_VAE_UNCERTAINTY,UCB-VAE without VAE uncertainty,43,40,test,0.1,0.05,1.0,89880,687.0927499999998,68.70927499999998,30.00482907889568,17.712673418162158,1.4701481365802933,22.384694765054512,1,0.07028112449799197,False,False,False,268,0,0.0,33.87725000000001,0.617593520790111,0.42118366918410644,0.0,0.0
FPT,BAD,UCB_WITHOUT_VAE_UNCERTAINTY,UCB-VAE without VAE uncertainty,43,41,train,0.1,0.05,1.0,92127,1464.3324599999996,146.43324599999997,10.548270836655815,13.642247777145267,0.6630762868901888,28.66827877700166,2,0.029817534490431688,False,False,False,1904,0,0.0,74.40753999999984,0.43280834630863896,0.17938009658633575,0.0,0.0
FPT,BAD,UCB_WITHOUT_VAE_UNCERTAINTY,UCB-VAE without VAE uncertainty,43,41,test,0.1,0.05,1.0,92127,764.3662499999996,76.43662499999996,32.95900972880648,17.51593361162706,1.6142066198582141,21.28533347140552,1,0.0963855421686747,False,False,False,273,0,0.0,34.44375000000001,0.6029918432305558,0.4221859783173565,0.0,0.0
FPT,BAD,UCB_WITHOUT_VAE_UNCERTAINTY,UCB-VAE without VAE uncertainty,43,42,train,0.1,0.05,1.0,94374,1502.7162900000003,150.27162900000005,10.738408672207767,13.6173899605405,0.676769472983801,28.250161827151754,2,0.03115264797507788,False,False,False,1906,0,0.0,74.37370999999992,0.4315259139122204,0.1785440098910423,0.0,0.0
FPT,BAD,UCB_WITHOUT_VAE_UNCERTAINTY,UCB-VAE without VAE uncertainty,43,42,test,0.1,0.05,1.0,94374,748.6829000000002,74.86829000000003,32.36472889898023,17.589610112468453,1.5824555595672267,21.383757146278374,1,0.0642570281124498,False,False,False,281,0,0.0,35.17710000000001,0.6095353208178144,0.4208343637635909,0.0,0.0
FPT,BAD,UCB_WITHOUT_VAE_UNCERTAINTY,UCB-VAE without VAE uncertainty,43,43,train,0.1,0.05,1.0,96621,1566.7564900000002,156.67564900000002,11.049943271069873,13.717714572344681,0.6934871389524867,28.312259837632347,2,0.03871829105473965,False,False,False,1915,0,0.0,74.19350999999993,0.4372892301484268,0.17766713780571897,0.0,0.0
FPT,BAD,UCB_WITHOUT_VAE_UNCERTAINTY,UCB-VAE without VAE uncertainty,43,43,test,0.1,0.05,1.0,96621,755.3775100000012,75.53775100000011,32.6187277188563,17.69565817475608,1.5849489135619386,21.383757146278374,1,0.0642570281124498,False,False,False,283,0,0.0,35.472490000000015,0.6116904262675277,0.42012036271602754,0.0,0.0
FPT,BAD,UCB_WITHOUT_VAE_UNCERTAINTY,UCB-VAE without VAE uncertainty,43,44,train,0.1,0.05,1.0,98868,1574.80159,157.48015900000001,11.088590272388243,13.910764594730182,0.6883303124093162,28.530567431882037,3,0.04183355585224744,False,False,False,1921,0,0.0,74.46840999999996,0.44057092824045213,0.17691519224794908,0.0,0.0
FPT,BAD,UCB_WITHOUT_VAE_UNCERTAINTY,UCB-VAE without VAE uncertainty,43,44,test,0.1,0.05,1.0,98868,750.2249400000003,75.02249400000002,32.42327801100635,17.68696712415515,1.5772171902064185,21.88707315500558,1,0.09839357429718876,False,False,False,284,0,0.0,35.13506000000001,0.6125314601372736,0.41931805714785336,0.0,0.0
FPT,BAD,UCB_WITHOUT_VAE_UNCERTAINTY,UCB-VAE without VAE uncertainty,43,45,train,0.1,0.05,1.0,101115,1598.4050400000006,159.84050400000004,11.201360203992405,14.03117968200017,0.690929316469258,28.11401207978264,3,0.03515798842901647,False,False,False,1928,0,0.0,74.95495999999994,0.44479927568124167,0.17602321107320165,0.0,0.0
FPT,BAD,UCB_WITHOUT_VAE_UNCERTAINTY,UCB-VAE without VAE uncertainty,43,45,test,0.1,0.05,1.0,101115,678.0346000000009,67.80346000000009,29.65415715889055,18.256245810919165,1.4167897078595595,23.804736304024647,1,0.07028112449799197,False,False,False,275,0,0.0,34.0054,0.6428820495655374,0.41647865141491336,0.0,0.0
FPT,BAD,UCB_WITHOUT_VAE_UNCERTAINTY,UCB-VAE without VAE uncertainty,44,1,train,1.0,1.0,1.0,2247,3720.0381300000026,372.00381300000026,18.832196228468124,18.89974538357061,0.9098367914475025,32.29154833363917,11,0.0,False,False,False,2245,0,0.0,69.73187000000004,0.6567032121450201,0.2742753840409282,0.0,0.0
FPT,BAD,UCB_WITHOUT_VAE_UNCERTAINTY,UCB-VAE without VAE uncertainty,44,1,test,1.0,1.0,1.0,2247,141.94466000000034,14.194466000000034,6.886168024556993,18.78626573192764,0.3453003603758112,27.062751353437708,1,0.0,False,False,False,498,0,0.0,54.715340000000005,0.7101133761588804,0.5283800510756941,0.0,0.0
FPT,BAD,UCB_WITHOUT_VAE_UNCERTAINTY,UCB-VAE without VAE uncertainty,44,2,train,0.9045834549972122,0.8,1.0,4494,3806.960110000001,380.69601100000006,19.073545060363095,18.565046907860385,0.9338390915044881,29.938673792806053,9,0.0,False,False,False,2241,0,0.0,69.50989000000007,0.6485431837360031,0.2690878506695158,0.0,0.0
FPT,BAD,UCB_WITHOUT_VAE_UNCERTAINTY,UCB-VAE without VAE uncertainty,44,2,test,0.9045834549972122,0.8,1.0,4494,163.34959000000003,16.334959000000005,7.886709428719452,19.081557076227,0.3921006499904023,27.23784345591365,1,0.0,False,False,False,498,0,0.0,55.46041,0.7167805981559927,0.5226744653350378,0.0,0.0
FPT,BAD,UCB_WITHOUT_VAE_UNCERTAINTY,UCB-VAE without VAE uncertainty,44,3,train,0.8182712270546932,0.6400000000000001,1.0,6741,3746.141800000002,374.6141800000002,18.905088259441925,18.525463707275023,0.9277244561043558,29.958203777065346,9,0.0,False,False,False,2245,0,0.0,69.59820000000003,0.6453251389617303,0.2633060915938578,0.0,0.0
FPT,BAD,UCB_WITHOUT_VAE_UNCERTAINTY,UCB-VAE without VAE uncertainty,44,3,test,0.8182712270546932,0.6400000000000001,1.0,6741,175.79985000000056,17.579985000000057,8.464461641008603,18.596672166487043,0.4263003394781879,27.85484073224526,1,0.0,False,False,False,498,0,0.0,54.73015,0.7087963839652259,0.5155316653500599,0.0,0.0
FPT,BAD,UCB_WITHOUT_VAE_UNCERTAINTY,UCB-VAE without VAE uncertainty,44,4,train,0.7401946136939427,0.5120000000000001,1.0,8988,3669.6576600000026,366.96576600000026,18.690494625183042,18.464161638314224,0.9203109068154393,30.317512524023165,9,0.0,False,False,False,2245,0,0.0,70.60234000000004,0.6406359099726859,0.2573404577529637,0.0,0.0
FPT,BAD,UCB_WITHOUT_VAE_UNCERTAINTY,UCB-VAE without VAE uncertainty,44,4,test,0.7401946136939427,0.5120000000000001,1.0,8988,117.86660000000074,11.786660000000074,5.749440276232964,18.07638793038432,0.2918685496067096,27.294974989074163,1,0.0,False,False,False,498,0,0.0,55.093399999999995,0.6989840563449783,0.5101292531892477,0.0,0.0
FPT,BAD,UCB_WITHOUT_VAE_UNCERTAINTY,UCB-VAE without VAE uncertainty,44,5,train,0.6695678010255933,0.4096000000000001,1.0,11235,3714.5095500000025,371.45095500000025,18.816712225768416,18.371700075110986,0.9298546612308249,30.224353895525784,10,0.0,False,False,False,2245,0,0.0,69.92045000000012,0.6350464290266983,0.2531775088477623,0.0,0.0
FPT,BAD,UCB_WITHOUT_VAE_UNCERTAINTY,UCB-VAE without VAE uncertainty,44,5,test,0.6695678010255933,0.4096000000000001,1.0,11235,144.14933000000065,14.414933000000065,6.989651294364463,17.741090174347136,0.3602294564706008,26.159797091363757,1,0.0,False,False,False,498,0,0.0,54.72067000000001,0.689948368729113,0.505042759529558,0.0,0.0
FPT,BAD,UCB_WITHOUT_VAE_UNCERTAINTY,UCB-VAE without VAE uncertainty,44,6,train,0.6056799548066172,0.3276800000000001,1.0,13482,3567.0131900000033,356.70131900000035,18.397538737242748,18.53601691998741,0.9040078448261428,30.57105506056958,10,0.0,False,False,False,2247,0,0.0,70.43681000000004,0.6298669851157783,0.24560677218049912,0.0,0.0
FPT,BAD,UCB_WITHOUT_VAE_UNCERTAINTY,UCB-VAE without VAE uncertainty,44,6,test,0.6056799548066172,0.3276800000000001,1.0,13482,121.77497000000062,12.177497000000063,5.934778419735087,17.500996492208774,0.30563608069512715,27.3986969761647,1,0.0,False,False,False,498,0,0.0,54.97503000000002,0.6832541620325433,0.5007143685496954,0.0,0.0
FPT,BAD,UCB_WITHOUT_VAE_UNCERTAINTY,UCB-VAE without VAE uncertainty,44,7,train,0.547888066141525,0.2621440000000001,1.0,15729,3462.949270000002,346.2949270000002,18.094495502045604,18.49687387933004,0.8915466115593167,30.606054448269298,11,0.0,False,False,False,2246,0,0.0,71.48073000000004,0.6260339196213388,0.23952663838067584,0.0,0.0
FPT,BAD,UCB_WITHOUT_VAE_UNCERTAINTY,UCB-VAE without VAE uncertainty,44,7,test,0.547888066141525,0.2621440000000001,1.0,15729,160.72297000000026,16.072297000000027,7.764428620153141,17.878524310459714,0.3995733408978909,25.823002846233383,2,0.0,False,False,False,498,0,0.0,54.807030000000054,0.6908732244233564,0.496559994586979,0.0,0.0
FPT,BAD,UCB_WITHOUT_VAE_UNCERTAINTY,UCB-VAE without VAE uncertainty,44,8,train,0.49561047982204176,0.20971520000000007,1.0,17976,3521.1927000000023,352.11927000000026,18.26486977348023,18.282417110270448,0.9078081521504523,29.87882476818584,10,0.0,False,False,False,2244,0,0.0,71.50730000000006,0.6210775700943049,0.23658366154499674,0.0,0.0
FPT,BAD,UCB_WITHOUT_VAE_UNCERTAINTY,UCB-VAE without VAE uncertainty,44,8,test,0.49561047982204176,0.20971520000000007,1.0,17976,115.96833000000083,11.596833000000082,5.659306247882401,17.326943464460694,0.2918433038718367,26.895499429754942,2,0.0,False,False,False,498,0,0.0,54.421670000000034,0.6771060077625867,0.4930060212631302,0.0,0.0
FPT,BAD,UCB_WITHOUT_VAE_UNCERTAINTY,UCB-VAE without VAE uncertainty,44,9,train,0.4483210401702486,0.1677721600000001,1.0,20223,3402.7315100000033,340.2731510000003,17.916255269600946,17.981808465699253,0.9034050061139048,29.000470312281106,10,0.0,False,False,False,2246,0,0.0,71.69849000000005,0.6139985125718249,0.2329377932917504,0.0,0.0
FPT,BAD,UCB_WITHOUT_VAE_UNCERTAINTY,UCB-VAE without VAE uncertainty,44,9,test,0.4483210401702486,0.1677721600000001,1.0,20223,89.09885000000054,8.909885000000054,4.3751939519798055,17.059964410430855,0.2213342560531362,28.22870488100247,1,0.0,False,False,False,498,0,0.0,55.05115000000004,0.6650330143954948,0.4895128650239194,0.0,0.0
FPT,BAD,UCB_WITHOUT_VAE_UNCERTAINTY,UCB-VAE without VAE uncertainty,44,10,train,0.4055437954651474,0.13421772800000006,1.0,22470,3260.8072500000017,326.0807250000002,17.487442390649164,18.198527958113395,0.8746068353137896,29.69966599418965,11,0.0,False,False,False,2246,0,0.0,71.16275000000005,0.621020955322708,0.23036835176856135,0.0,0.0
FPT,BAD,UCB_WITHOUT_VAE_UNCERTAINTY,UCB-VAE without VAE uncertainty,44,10,test,0.4055437954651474,0.13421772800000006,1.0,22470,114.59754000000112,11.459754000000112,5.594170616626548,17.622811354927858,0.28635451024748115,27.3752309892989,2,0.0,False,False,False,498,0,0.0,54.82246000000003,0.6681400933067397,0.48752255450530224,0.0,0.0
FPT,BAD,UCB_WITHOUT_VAE_UNCERTAINTY,UCB-VAE without VAE uncertainty,44,11,train,0.3668482076545458,0.10737418240000006,1.0,24717,3131.4191200000023,313.1419120000002,17.085296509573134,18.142183467859887,0.857688788616386,30.49129049207735,10,0.0,False,False,False,2246,0,0.0,71.70088,0.6182705881725289,0.2272896327386711,0.0,0.0
FPT,BAD,UCB_WITHOUT_VAE_UNCERTAINTY,UCB-VAE without VAE uncertainty,44,11,test,0.3668482076545458,0.10737418240000006,1.0,24717,105.11165000000051,10.511165000000052,5.142332778071146,17.03312682057,0.26474175151661145,26.855847078395982,1,0.0,False,False,False,498,0,0.0,55.45835000000007,0.662075898383813,0.48507348457014704,0.0,0.0
FPT,BAD,UCB_WITHOUT_VAE_UNCERTAINTY,UCB-VAE without VAE uncertainty,44,12,train,0.3318448191396838,0.08589934592000005,1.0,26964,3156.574550000001,315.6574550000001,17.164349343897435,17.957474847259977,0.8684344377683549,29.759489222111124,10,0.0,False,False,False,2246,0,0.0,70.99545000000003,0.6128083710701329,0.22486453913865112,0.0,0.0
FPT,BAD,UCB_WITHOUT_VAE_UNCERTAINTY,UCB-VAE without VAE uncertainty,44,12,test,0.3318448191396838,0.08589934592000005,1.0,26964,107.19519000000037,10.719519000000037,5.241742368602709,17.25146379976578,0.2691390417452132,26.855847078395982,1,0.0,False,False,False,498,0,0.0,55.014810000000026,0.6677603711070513,0.48344412565710077,0.0,0.0
FPT,BAD,UCB_WITHOUT_VAE_UNCERTAINTY,UCB-VAE without VAE uncertainty,44,13,train,0.3001813330203001,0.06871947673600004,1.0,29211,3156.649050000002,315.66490500000015,17.164582833515695,17.96642373586512,0.8680938994439659,30.30070606246133,9,0.0,False,False,False,2245,0,0.0,71.44095,0.6095713921242168,0.22295089521949749,0.0,0.0
FPT,BAD,UCB_WITHOUT_VAE_UNCERTAINTY,UCB-VAE without VAE uncertainty,44,13,test,0.3001813330203001,0.06871947673600004,1.0,29211,113.57089000000087,11.357089000000087,5.5453612898421545,17.48826853274706,0.2845386284879365,28.175934126459488,2,0.0,False,False,False,498,0,0.0,55.359110000000044,0.6683102637392079,0.48203602337454216,0.0,0.0
FPT,BAD,UCB_WITHOUT_VAE_UNCERTAINTY,UCB-VAE without VAE uncertainty,44,14,train,0.27153906734917177,0.054975581388800036,1.0,31458,2876.9584300000006,287.6958430000001,16.260635129302848,17.256178708090257,0.8512799966396412,24.84010653435131,7,0.0,False,False,False,2245,0,0.0,72.11157000000004,0.5984074671691311,0.21982565119988556,0.0,0.0
FPT,BAD,UCB_WITHOUT_VAE_UNCERTAINTY,UCB-VAE without VAE uncertainty,44,14,test,0.27153906734917177,0.054975581388800036,1.0,31458,125.65878000000043,12.565878000000044,6.118633447390631,17.053957762794624,0.31930687044729206,26.45088974611061,2,0.0,False,False,False,498,0,0.0,55.141220000000025,0.6568979927679446,0.47991239330376007,0.0,0.0
FPT,BAD,UCB_WITHOUT_VAE_UNCERTAINTY,UCB-VAE without VAE uncertainty,44,15,train,0.24562974770943447,0.05,1.0,33705,3103.733690000001,310.3733690000001,16.997796897903683,18.060379372538492,0.856570471294037,30.169192996693216,9,0.0,False,False,False,2244,0,0.0,71.45630999999999,0.6115138629599446,0.21977984656227076,0.0,0.0
FPT,BAD,UCB_WITHOUT_VAE_UNCERTAINTY,UCB-VAE without VAE uncertainty,44,15,test,0.24562974770943447,0.05,1.0,33705,162.96007000000054,16.296007000000053,7.868584239633214,17.079666978894416,0.4156859339967706,25.87801180382395,2,0.0,False,False,False,498,0,0.0,55.04993,0.65538368422936,0.4782624192027203,0.0,0.0
FPT,BAD,UCB_WITHOUT_VAE_UNCERTAINTY,UCB-VAE without VAE uncertainty,44,16,train,0.2221926058330938,0.05,1.0,35952,3050.7038700000016,305.07038700000015,16.828721350667976,18.04376442150929,0.849094413188189,30.596799356457005,10,0.0,False,False,False,2244,0,0.0,71.68612999999998,0.6087954735068609,0.21887165204711792,0.0,0.0
FPT,BAD,UCB_WITHOUT_VAE_UNCERTAINTY,UCB-VAE without VAE uncertainty,44,16,test,0.2221926058330938,0.05,1.0,35952,139.61273000000074,13.961273000000073,6.776603003342041,17.119458937247252,0.35518064454120635,26.669648691738658,2,0.0,False,False,False,498,0,0.0,55.25727000000002,0.651152948115811,0.4772596307188632,0.0,0.0
FPT,BAD,UCB_WITHOUT_VAE_UNCERTAINTY,UCB-VAE without VAE uncertainty,44,17,train,0.20099175505933367,0.05,1.0,38199,2856.134690000001,285.61346900000007,16.191037562603626,17.115880372808267,0.8533120486730681,24.75978064865863,8,0.0,False,False,False,2244,0,0.0,72.09531000000001,0.5918101621646712,0.21535137985407324,0.0,0.0
FPT,BAD,UCB_WITHOUT_VAE_UNCERTAINTY,UCB-VAE without VAE uncertainty,44,17,test,0.20099175505933367,0.05,1.0,38199,149.54169000000002,14.954169,7.242341107960293,16.59067892951321,0.3874647889014599,24.929907311258678,2,0.0,False,False,False,498,0,0.0,55.50831,0.6493106389547718,0.47579278985419904,0.0,0.0
FPT,BAD,UCB_WITHOUT_VAE_UNCERTAINTY,UCB-VAE without VAE uncertainty,44,18,train,0.18181381621752543,0.05,1.0,40446,2789.9858000000013,278.9985800000001,15.967715290573326,16.860679138415087,0.8521543239651492,24.75978064865863,8,0.0,False,False,False,2244,0,0.0,71.95420000000003,0.5794870039595936,0.21207991901587847,0.0,0.0
FPT,BAD,UCB_WITHOUT_VAE_UNCERTAINTY,UCB-VAE without VAE uncertainty,44,18,test,0.18181381621752543,0.05,1.0,40446,141.83188000000064,14.183188000000063,6.880871657550691,16.58063415348501,0.3670729778636026,24.70800909267651,2,0.0,False,False,False,498,0,0.0,55.30812,0.649466913899808,0.4746634709428113,0.0,0.0
FPT,BAD,UCB_WITHOUT_VAE_UNCERTAINTY,UCB-VAE without VAE uncertainty,44,19,train,0.16446577004027732,0.05,1.0,42693,2728.0375000000013,272.80375000000015,15.75541056429428,16.785610919708567,0.8441978409487281,24.95771200368809,9,0.0,False,False,False,2244,0,0.0,72.12250000000004,0.5750711553337127,0.2102551442095583,0.0,0.0
FPT,BAD,UCB_WITHOUT_VAE_UNCERTAINTY,UCB-VAE without VAE uncertainty,44,19,test,0.16446577004027732,0.05,1.0,42693,179.71555000000035,17.971555000000034,8.64553828422614,16.88078803691881,0.46138743805059407,23.14684379828165,1,0.0,False,False,False,498,0,0.0,55.17445000000001,0.6467846586893162,0.4733099632832899,0.0,0.0
FPT,BAD,UCB_WITHOUT_VAE_UNCERTAINTY,UCB-VAE without VAE uncertainty,44,20,train,0.14877301449181102,0.05,1.0,44940,2779.1429700000017,277.9142970000002,15.93077929339124,16.774984918999966,0.8537356136866023,24.95771200368809,9,0.0,False,False,False,2244,0,0.0,72.26703000000003,0.5759487589047555,0.20936401256347265,0.0,0.0
FPT,BAD,UCB_WITHOUT_VAE_UNCERTAINTY,UCB-VAE without VAE uncertainty,44,20,test,0.14877301449181102,0.05,1.0,44940,230.2189100000005,23.02189100000005,10.954699598129757,16.600747641362457,0.5942126168298351,20.65439720909161,1,0.0,False,False,False,498,0,0.0,55.851090000000035,0.6539589245740037,0.47139169718606405,0.0,0.0
FPT,BAD,UCB_WITHOUT_VAE_UNCERTAINTY,UCB-VAE without VAE uncertainty,44,21,train,0.13457760745935274,0.05,1.0,47187,2821.5586400000025,282.15586400000024,16.074735455482458,16.56049016287714,0.8701876932284984,24.92541211346044,7,0.0,False,False,False,2243,0,0.0,73.22136000000008,0.5697733961778677,0.20761457648299034,0.0,0.0
FPT,BAD,UCB_WITHOUT_VAE_UNCERTAINTY,UCB-VAE without VAE uncertainty,44,21,test,0.13457760745935274,0.05,1.0,47187,234.8411600000004,23.48411600000004,11.163662703258836,16.858986640806208,0.5989463590319556,21.223295244956102,1,0.0,False,False,False,498,0,0.0,55.358840000000015,0.6473584445987047,0.4700277237049547,0.0,0.0
FPT,BAD,UCB_WITHOUT_VAE_UNCERTAINTY,UCB-VAE without VAE uncertainty,44,22,train,0.12173667712083987,0.05,1.0,49434,2820.586250000001,282.0586250000001,16.071451164531947,16.582791481688787,0.8690766617289292,24.92541211346044,7,0.0,False,False,False,2243,0,0.0,73.26375,0.5674325812267281,0.2066810090520884,0.0,0.0
FPT,BAD,UCB_WITHOUT_VAE_UNCERTAINTY,UCB-VAE without VAE uncertainty,44,22,test,0.12173667712083987,0.05,1.0,49434,190.01096999999982,19.00109699999998,9.120213228167406,16.832818258936534,0.4884595879354071,22.76026009580228,1,0.0,False,False,False,498,0,0.0,55.499030000000005,0.6349831837956253,0.46850711472302553,0.0,0.0
FPT,BAD,UCB_WITHOUT_VAE_UNCERTAINTY,UCB-VAE without VAE uncertainty,44,23,train,0.11012098398984942,0.05,1.0,51681,2693.1698600000013,269.3169860000001,15.63453167208204,16.5467188015928,0.8476132419259806,24.92541211346044,7,0.0,False,False,False,2243,0,0.0,73.55014000000008,0.5648441259250097,0.2047893838864939,0.0,0.0
FPT,BAD,UCB_WITHOUT_VAE_UNCERTAINTY,UCB-VAE without VAE uncertainty,44,23,test,0.11012098398984942,0.05,1.0,51681,190.63187000000016,19.063187000000017,9.148774549964234,16.357312951933874,0.49929588625942295,20.92679922962771,0,0.0,False,False,False,498,0,0.0,55.498129999999996,0.6334632617043875,0.4669829832023406,0.0,0.0
FPT,BAD,UCB_WITHOUT_VAE_UNCERTAINTY,UCB-VAE without VAE uncertainty,44,24,train,0.1,0.05,1.0,53928,2709.2332200000023,270.92332200000027,15.690345463731203,16.526679674938705,0.8513924920217116,25.04742551613627,8,0.0,False,False,False,2242,0,0.0,73.86678000000005,0.5649566936905531,0.20403389947370365,0.0,0.0
FPT,BAD,UCB_WITHOUT_VAE_UNCERTAINTY,UCB-VAE without VAE uncertainty,44,24,test,0.1,0.05,1.0,53928,235.82731000000013,23.582731000000013,11.20819418963601,16.767398572420404,0.6036950324685851,21.876432861934152,1,0.0,False,False,False,498,0,0.0,55.662689999999984,0.6526010392694626,0.46602210282800666,0.0,0.0
FPT,BAD,UCB_WITHOUT_VAE_UNCERTAINTY,UCB-VAE without VAE uncertainty,44,25,train,0.1,0.05,1.0,56175,2742.7980600000024,274.27980600000024,15.806279866153483,16.25243206589629,0.869201569043153,25.533935634614018,8,0.0004450378282153983,False,False,False,2241,0,0.0,74.28194000000003,0.547061460687427,0.20067616022085422,0.0,0.0
FPT,BAD,UCB_WITHOUT_VAE_UNCERTAINTY,UCB-VAE without VAE uncertainty,44,25,test,0.1,0.05,1.0,56175,173.0587500000006,17.30587500000006,8.337524049226964,16.38817905894772,0.4528712136383835,23.004654401060453,1,0.0,False,False,False,498,0,0.0,56.091249999999995,0.6340361984906268,0.46429215581062805,0.0,0.0
FPT,BAD,UCB_WITHOUT_VAE_UNCERTAINTY,UCB-VAE without VAE uncertainty,44,26,train,0.1,0.05,1.0,58422,2711.8196900000025,271.18196900000027,15.699312330755276,16.142468951393756,0.8682296233967483,25.060916820712638,8,0.0004450378282153983,False,False,False,2242,0,0.0,74.77031000000002,0.5440843983419514,0.1985623522943054,0.0,0.0
FPT,BAD,UCB_WITHOUT_VAE_UNCERTAINTY,UCB-VAE without VAE uncertainty,44,26,test,0.1,0.05,1.0,58422,126.67167999999992,12.667167999999993,6.1665309613462505,16.070135962365576,0.3314460033544388,21.404656785783096,0,0.0,False,False,False,498,0,0.0,56.14831999999998,0.623259660881626,0.46252503428593217,0.0,0.0
FPT,BAD,UCB_WITHOUT_VAE_UNCERTAINTY,UCB-VAE without VAE uncertainty,44,27,train,0.1,0.05,1.0,60669,2769.923910000002,276.99239100000017,15.89930048985222,16.24585234300868,0.8744614155043575,25.199000231372082,7,0.0004450378282153983,False,False,False,2241,0,0.0,75.28609000000002,0.5428846291687849,0.197783777477824,0.0,0.0
FPT,BAD,UCB_WITHOUT_VAE_UNCERTAINTY,UCB-VAE without VAE uncertainty,44,27,test,0.1,0.05,1.0,60669,125.66690999999946,12.566690999999947,6.119017980283248,16.51899705632948,0.3242295261489031,23.787556985476755,1,0.0,False,False,False,498,0,0.0,55.66309,0.6245047719127935,0.4611854910491461,0.0,0.0
FPT,BAD,UCB_WITHOUT_VAE_UNCERTAINTY,UCB-VAE without VAE uncertainty,44,28,train,0.1,0.05,1.0,62916,2718.1229200000025,271.81229200000024,15.721141358333558,16.163609832777585,0.8684859293402346,25.060224344636495,7,0.0004450378282153983,False,False,False,2241,0,0.0,75.47708000000002,0.5421616298505031,0.19684611781635813,0.0,0.0
FPT,BAD,UCB_WITHOUT_VAE_UNCERTAINTY,UCB-VAE without VAE uncertainty,44,28,test,0.1,0.05,1.0,62916,128.92608000000018,12.892608000000019,6.2730589504462975,16.435545571001025,0.33394383419833157,23.78582010291031,1,0.0,False,False,False,498,0,0.0,55.43392000000001,0.6194191025728694,0.45899263730489587,0.0,0.0
FPT,BAD,UCB_WITHOUT_VAE_UNCERTAINTY,UCB-VAE without VAE uncertainty,44,29,train,0.1,0.05,1.0,65163,2657.5694700000013,265.75694700000014,15.510061389170037,16.256172293854647,0.8531471355684641,25.21621490750374,7,0.0004450378282153983,False,False,False,2240,0,0.0,75.22052999999998,0.5394196077690027,0.1947357644806531,0.0,0.0
FPT,BAD,UCB_WITHOUT_VAE_UNCERTAINTY,UCB-VAE without VAE uncertainty,44,29,test,0.1,0.05,1.0,65163,86.53952000000004,8.653952000000004,4.252062324527506,16.36746696633731,0.2162661281395898,24.508213579297756,0,0.0,False,False,False,498,0,0.0,55.48048000000001,0.6177995662174893,0.4577352816321285,0.0,0.0
FPT,BAD,UCB_WITHOUT_VAE_UNCERTAINTY,UCB-VAE without VAE uncertainty,44,30,train,0.1,0.05,1.0,67410,2713.1079900000013,271.31079900000015,15.703776583617968,16.12743123942768,0.8691428869922562,25.18861277917475,8,0.0004450378282153983,False,False,False,2238,0,0.0,74.96201,0.5375052958146173,0.19379668415063586,0.0,0.0
FPT,BAD,UCB_WITHOUT_VAE_UNCERTAINTY,UCB-VAE without VAE uncertainty,44,30,test,0.1,0.05,1.0,67410,148.16826999999967,14.816826999999966,7.178037831268025,16.159588254861536,0.3896902919247319,23.61942106898154,0,0.0,False,False,False,498,0,0.0,55.80173,0.6108127118782521,0.45562487613245184,0.0,0.0
FPT,BAD,UCB_WITHOUT_VAE_UNCERTAINTY,UCB-VAE without VAE uncertainty,44,31,train,0.1,0.05,1.0,69657,2666.3443900000016,266.63443900000016,15.54084096729429,16.07862704595027,0.8624525047083681,25.241584238519877,8,0.0004450378282153983,False,False,False,2238,0,0.0,75.44561,0.5338204518515931,0.19244892486384776,0.0,0.0
FPT,BAD,UCB_WITHOUT_VAE_UNCERTAINTY,UCB-VAE without VAE uncertainty,44,31,test,0.1,0.05,1.0,69657,149.8732299999997,14.98732299999997,7.257858014179597,16.13313581456815,0.3947275714988571,23.472383566009782,0,0.0,False,False,False,498,0,0.0,55.69677,0.6121644255432401,0.45430296515843954,0.0,0.0
FPT,BAD,UCB_WITHOUT_VAE_UNCERTAINTY,UCB-VAE without VAE uncertainty,44,32,train,0.1,0.05,1.0,71904,2676.2050000000013,267.6205000000001,15.57535076289447,15.973708524399694,0.8689345272736885,25.35840034304946,7,0.0004450378282153983,False,False,False,2237,0,0.0,75.73500000000001,0.531203427116439,0.19090692622360783,0.0,0.0
FPT,BAD,UCB_WITHOUT_VAE_UNCERTAINTY,UCB-VAE without VAE uncertainty,44,32,test,0.1,0.05,1.0,71904,175.5622900000003,17.55622900000003,8.45346631554429,16.09792486359585,0.4647912615864534,21.177608990095916,0,0.0,False,False,False,498,0,0.0,55.82770999999998,0.6052384374760303,0.451871102413978,0.0,0.0
FPT,BAD,UCB_WITHOUT_VAE_UNCERTAINTY,UCB-VAE without VAE uncertainty,44,33,train,0.1,0.05,1.0,74151,2667.0089300000022,266.70089300000024,15.543169290491043,15.846670825063352,0.8728407351304049,25.668179580129895,6,0.0004450378282153983,False,False,False,2238,0,0.0,76.38107000000002,0.5218082908034165,0.18899280001779478,0.0,0.0
FPT,BAD,UCB_WITHOUT_VAE_UNCERTAINTY,UCB-VAE without VAE uncertainty,44,33,test,0.1,0.05,1.0,74151,164.88853000000017,16.488853000000017,7.958290002708712,16.311822078498274,0.4325681039511085,21.686329290443076,0,0.0,False,False,False,498,0,0.0,55.561469999999964,0.6115330228176273,0.45136143979298543,0.0,0.0
FPT,BAD,UCB_WITHOUT_VAE_UNCERTAINTY,UCB-VAE without VAE uncertainty,44,34,train,0.1,0.05,1.0,76398,2681.5064600000014,268.15064600000017,15.593870621711758,16.063499883666964,0.86600300975371,26.064551535909352,7,0.0004450378282153983,False,False,False,2236,0,0.0,76.05354000000004,0.522280641949874,0.18832268144622027,0.0,0.0
FPT,BAD,UCB_WITHOUT_VAE_UNCERTAINTY,UCB-VAE without VAE uncertainty,44,34,test,0.1,0.05,1.0,76398,184.89064000000008,18.489064000000006,8.884395010525914,15.71726881190487,0.49750385077188825,21.617982403942182,0,0.0,False,False,False,498,0,0.0,55.829359999999994,0.5962382657947725,0.44955135875916385,0.0,0.0
FPT,BAD,UCB_WITHOUT_VAE_UNCERTAINTY,UCB-VAE without VAE uncertainty,44,35,train,0.1,0.05,1.0,78645,2636.1638200000016,263.61638200000016,15.434701067896972,15.91154984295488,0.8639947733003644,26.232027682439394,6,0.0004450378282153983,False,False,False,2238,0,0.0,75.41618000000004,0.5238727950006834,0.18743239624179572,0.0,0.0
FPT,BAD,UCB_WITHOUT_VAE_UNCERTAINTY,UCB-VAE without VAE uncertainty,44,35,test,0.1,0.05,1.0,78645,150.57050000000072,15.057050000000071,7.290484731852964,16.233006055083454,0.39522350544059953,24.142630285700104,0,0.0,False,False,False,498,0,0.0,55.5095,0.6129916368544803,0.4493077860239998,0.0,0.0
FPT,BAD,UCB_WITHOUT_VAE_UNCERTAINTY,UCB-VAE without VAE uncertainty,44,36,train,0.1,0.05,1.0,80892,2687.665420000003,268.7665420000003,15.615356287179004,15.959975128268358,0.8717290672099505,26.397360757823527,6,0.0004450378282153983,False,False,False,2237,0,0.0,76.03458000000003,0.5247235337810027,0.18662932285194297,0.0,0.0
FPT,BAD,UCB_WITHOUT_VAE_UNCERTAINTY,UCB-VAE without VAE uncertainty,44,36,test,0.1,0.05,1.0,80892,167.4978200000005,16.74978200000005,8.079548075691312,15.872354561320156,0.44705942418929784,21.754426418894088,0,0.0,False,False,False,498,0,0.0,55.42218,0.5974907874956893,0.4472527155974304,0.0,0.0
FPT,BAD,UCB_WITHOUT_VAE_UNCERTAINTY,UCB-VAE without VAE uncertainty,44,37,train,0.1,0.05,1.0,83139,2626.433250000002,262.64332500000023,15.400313368285978,15.916864389400368,0.8618642815930304,25.801592421877324,7,0.0004450378282153983,False,False,False,2235,0,0.0,76.57675000000003,0.5220958945780312,0.18579969588131653,0.0,0.0
FPT,BAD,UCB_WITHOUT_VAE_UNCERTAINTY,UCB-VAE without VAE uncertainty,44,37,test,0.1,0.05,1.0,83139,193.7322200000001,19.37322200000001,9.29127933760341,15.682231754790902,0.5222480680083721,19.50005819195872,0,0.0,False,False,False,498,0,0.0,55.46777999999999,0.6001518974373846,0.44638390806185674,0.0,0.0
FPT,BAD,UCB_WITHOUT_VAE_UNCERTAINTY,UCB-VAE without VAE uncertainty,44,38,train,0.1,0.05,1.0,85386,2660.7344800000033,266.0734480000003,15.521170779226146,15.991557626919406,0.8651706160876311,25.053745901130053,7,0.0008900756564307966,False,False,False,2234,0,0.0,77.28552000000008,0.5251354270639956,0.18485459842825658,0.0,0.0
FPT,BAD,UCB_WITHOUT_VAE_UNCERTAINTY,UCB-VAE without VAE uncertainty,44,38,test,0.1,0.05,1.0,85386,139.7643599999999,13.976435999999989,6.783730686608114,16.096709719482607,0.3676099667633883,22.727781429693902,0,0.0,False,False,False,498,0,0.0,56.09563999999999,0.6008191402399462,0.445565546013744,0.0,0.0
FPT,BAD,UCB_WITHOUT_VAE_UNCERTAINTY,UCB-VAE without VAE uncertainty,44,39,train,0.1,0.05,1.0,87633,2643.566950000002,264.35669500000023,15.460808883943166,15.947081775118532,0.863842619035593,25.029810056787138,7,0.0008900756564307966,False,False,False,2234,0,0.0,77.52305000000003,0.5224755864046634,0.18377537127131613,0.0,0.0
FPT,BAD,UCB_WITHOUT_VAE_UNCERTAINTY,UCB-VAE without VAE uncertainty,44,39,test,0.1,0.05,1.0,87633,138.58249999999998,13.858249999999996,6.728162383206793,15.985405457880564,0.3657286242331744,22.029684481616606,0,0.0,False,False,False,498,0,0.0,55.59750000000001,0.5928837851316179,0.44402187808330756,0.0,0.0
FPT,BAD,UCB_WITHOUT_VAE_UNCERTAINTY,UCB-VAE without VAE uncertainty,44,40,train,0.1,0.05,1.0,89880,2530.0883400000025,253.00883400000026,15.055332582166914,15.834356002786532,0.8464492032492714,25.020747768883524,7,0.0008900756564307966,False,False,False,2235,0,0.0,77.69166000000003,0.5145063714025296,0.18171530400129707,0.0,0.0
FPT,BAD,UCB_WITHOUT_VAE_UNCERTAINTY,UCB-VAE without VAE uncertainty,44,40,test,0.1,0.05,1.0,89880,117.0183899999995,11.70183899999995,5.709174835781394,15.805848488228131,0.3068818288166972,22.64519067413657,0,0.0,False,False,False,498,0,0.0,55.75161000000001,0.5741104991023509,0.44213869614175044,0.0,0.0
FPT,BAD,UCB_WITHOUT_VAE_UNCERTAINTY,UCB-VAE without VAE uncertainty,44,41,train,0.1,0.05,1.0,92127,2578.513290000002,257.85132900000025,15.229759020540335,15.632293945260283,0.8651257006893045,24.87183639101513,5,0.0008900756564307966,False,False,False,2235,0,0.0,77.17671000000001,0.512683358693767,0.18049950501622494,0.0,0.0
FPT,BAD,UCB_WITHOUT_VAE_UNCERTAINTY,UCB-VAE without VAE uncertainty,44,41,test,0.1,0.05,1.0,92127,124.43778999999927,12.443778999999926,6.0608673205061026,15.852076563531666,0.32757292363327223,22.855602577649975,1,0.0,False,False,False,498,0,0.0,55.55220999999999,0.5777892212481512,0.4409483460238181,0.0,0.0
FPT,BAD,UCB_WITHOUT_VAE_UNCERTAINTY,UCB-VAE without VAE uncertainty,44,42,train,0.1,0.05,1.0,94374,2642.0235100000036,264.20235100000036,15.45536969412369,15.85662888849636,0.8675697823203237,24.969907742833122,7,0.0008900756564307966,False,False,False,2234,0,0.0,78.12649000000008,0.5196082865835235,0.18073900782888233,0.0,0.0
FPT,BAD,UCB_WITHOUT_VAE_UNCERTAINTY,UCB-VAE without VAE uncertainty,44,42,test,0.1,0.05,1.0,94374,109.44201999999973,10.944201999999972,5.348838428584957,15.802287312636048,0.28512272593764176,22.58450682026582,1,0.0,False,False,False,498,0,0.0,55.65797999999998,0.5796693040476343,0.43983931261971293,0.0,0.0
FPT,BAD,UCB_WITHOUT_VAE_UNCERTAINTY,UCB-VAE without VAE uncertainty,44,43,train,0.1,0.05,1.0,96621,2568.458410000003,256.8458410000003,15.193714713322649,15.886816384511537,0.8518015370587432,25.068108629543985,7,0.0008900756564307966,False,False,False,2234,0,0.0,78.67159000000005,0.5213903105334431,0.1794955620171629,0.0,0.0
FPT,BAD,UCB_WITHOUT_VAE_UNCERTAINTY,UCB-VAE without VAE uncertainty,44,43,test,0.1,0.05,1.0,96621,99.12866000000008,9.912866000000008,4.856352847383327,15.78539614583579,0.2553199082049978,22.58450682026582,1,0.0,False,False,False,498,0,0.0,55.571339999999985,0.5767530817673128,0.4383079909895319,0.0,0.0
FPT,BAD,UCB_WITHOUT_VAE_UNCERTAINTY,UCB-VAE without VAE uncertainty,44,44,train,0.1,0.05,1.0,98868,2563.6544300000023,256.36544300000025,15.176461731868018,15.914450701310754,0.8496497203005196,25.068108629543985,7,0.0008900756564307966,False,False,False,2234,0,0.0,78.77557000000002,0.5208559354186673,0.17870276309400598,0.0,0.0
FPT,BAD,UCB_WITHOUT_VAE_UNCERTAINTY,UCB-VAE without VAE uncertainty,44,44,test,0.1,0.05,1.0,98868,122.04678999999919,12.20467899999992,5.947656373291843,15.15941692850588,0.32822859842569985,20.666128406683317,0,0.0,False,False,False,498,0,0.0,54.903209999999994,0.5652427231754018,0.4365100538934091,0.0,0.0
FPT,BAD,UCB_WITHOUT_VAE_UNCERTAINTY,UCB-VAE without VAE uncertainty,44,45,train,0.1,0.05,1.0,101115,2566.1183800000035,256.6118380000003,15.18531332582127,15.861837680822758,0.8524341958159609,25.03869185072129,7,0.0008900756564307966,False,False,False,2234,0,0.0,77.92161999999998,0.518434195469797,0.17720775330264302,0.0,0.0
FPT,BAD,UCB_WITHOUT_VAE_UNCERTAINTY,UCB-VAE without VAE uncertainty,44,45,test,0.1,0.05,1.0,101115,155.48685000000023,15.548685000000024,7.520251921127219,14.409149408567512,0.4406790217871757,19.624686066418192,0,0.0,False,False,False,498,0,0.0,54.363150000000005,0.5499222394960608,0.4342712015511999,0.0,0.0
FPT,BAD,UCB_WITHOUT_VAE_UNCERTAINTY,UCB-VAE without VAE uncertainty,45,1,train,1.0,1.0,1.0,2247,2113.449219999999,211.3449219999999,13.459843557139717,18.485411952791793,0.6734166572106469,30.9874458913881,10,0.01557632398753894,False,False,False,1879,0,0.0,102.23078000000008,0.5760837543522512,0.3096743477786123,0.0,0.0
FPT,BAD,UCB_WITHOUT_VAE_UNCERTAINTY,UCB-VAE without VAE uncertainty,45,1,test,1.0,1.0,1.0,2247,215.50272000000018,21.550272000000017,10.286789971540177,24.590394614714086,0.4433877161812594,29.56515563721478,4,0.0,False,False,False,498,0,0.0,97.73728000000004,0.8156047795680653,0.5784030472897143,0.0,0.0
FPT,BAD,UCB_WITHOUT_VAE_UNCERTAINTY,UCB-VAE without VAE uncertainty,45,2,train,0.9045834549972122,0.8,1.0,4494,1772.31905,177.231905,12.00528177275686,17.765555974067514,0.6200349589073914,30.185722423693267,9,0.01557632398753894,False,False,False,1886,0,0.0,95.69095000000004,0.5166053558140612,0.31164441911257473,0.0,0.0
FPT,BAD,UCB_WITHOUT_VAE_UNCERTAINTY,UCB-VAE without VAE uncertainty,45,2,test,0.9045834549972122,0.8,1.0,4494,265.7121100000004,26.57121100000004,12.549398964377367,24.389929316259018,0.5288968599302235,27.542509937767573,4,0.0,False,False,False,498,0,0.0,97.15789000000007,0.8247749631732981,0.5719451571564119,0.0,0.0
FPT,BAD,UCB_WITHOUT_VAE_UNCERTAINTY,UCB-VAE without VAE uncertainty,45,3,train,0.8182712270546932,0.6400000000000001,1.0,6741,1791.0473400000005,179.10473400000004,12.089159763476843,17.909638505221412,0.6206902927134326,31.04630111387996,9,0.01602136181575434,False,False,False,1876,0,0.0,95.53266000000002,0.525550355553407,0.3066598402496227,0.0,0.0
FPT,BAD,UCB_WITHOUT_VAE_UNCERTAINTY,UCB-VAE without VAE uncertainty,45,3,test,0.8182712270546932,0.6400000000000001,1.0,6741,265.7121100000004,26.57121100000004,12.549398964377367,24.389929316259018,0.5288968599302235,27.542509937767573,4,0.0,False,False,False,498,0,0.0,97.15789000000007,0.8247749631732981,0.565333911692761,0.0,0.0
FPT,BAD,UCB_WITHOUT_VAE_UNCERTAINTY,UCB-VAE without VAE uncertainty,45,4,train,0.7401946136939427,0.5120000000000001,1.0,8988,2133.7464099999997,213.37464099999997,13.541847788853456,19.47723106295415,0.6525520503379589,30.396076306142334,10,0.019581664441477527,False,False,False,1783,0,0.0,101.16359000000008,0.6339285359618565,0.2883060992619543,0.0,0.0
FPT,BAD,UCB_WITHOUT_VAE_UNCERTAINTY,UCB-VAE without VAE uncertainty,45,4,test,0.7401946136939427,0.5120000000000001,1.0,8988,249.6718500000004,24.967185000000043,11.831511660187921,23.81937421038706,0.5087878964132757,28.115965442965695,4,0.0,False,False,False,498,0,0.0,97.13815000000008,0.8273570093690867,0.5596715993431198,0.0,0.0
FPT,BAD,UCB_WITHOUT_VAE_UNCERTAINTY,UCB-VAE without VAE uncertainty,45,5,train,0.6695678010255933,0.4096000000000001,1.0,11235,1884.79407,188.47940699999998,12.501648137697629,17.600645229202456,0.6495070156862773,29.98264569410598,9,0.01824655095683133,False,False,False,1873,0,0.0,94.01593000000007,0.5117685483719135,0.30093277163528365,0.0,0.0
FPT,BAD,UCB_WITHOUT_VAE_UNCERTAINTY,UCB-VAE without VAE uncertainty,45,5,test,0.6695678010255933,0.4096000000000001,1.0,11235,214.64648000000034,21.464648000000032,10.247804915823533,23.804279193142357,0.44857677678237756,29.131155295624918,4,0.0,False,False,False,498,0,0.0,96.87352000000004,0.8176392807123346,0.553732325872743,0.0,0.0
FPT,BAD,UCB_WITHOUT_VAE_UNCERTAINTY,UCB-VAE without VAE uncertainty,45,6,train,0.6056799548066172,0.3276800000000001,1.0,13482,1871.3642599999998,187.13642599999997,12.443294356922285,17.54761165999268,0.6479457676102158,30.135611949046954,9,0.01913662661326213,False,False,False,1871,0,0.0,93.83574000000006,0.5091861229838733,0.2975110651640877,0.0,0.0
FPT,BAD,UCB_WITHOUT_VAE_UNCERTAINTY,UCB-VAE without VAE uncertainty,45,6,test,0.6056799548066172,0.3276800000000001,1.0,13482,214.64648000000034,21.464648000000032,10.247804915823533,23.804279193142357,0.44857677678237756,29.131155295624918,4,0.0,False,False,False,498,0,0.0,96.87352000000004,0.8176392807123346,0.5493919789551731,0.0,0.0
FPT,BAD,UCB_WITHOUT_VAE_UNCERTAINTY,UCB-VAE without VAE uncertainty,45,7,train,0.547888066141525,0.2621440000000001,1.0,15729,2259.199269999999,225.9199269999999,14.038467742686045,19.025824962627848,0.6865872931772022,29.94037073315024,10,0.019581664441477527,False,False,False,1829,0,0.0,100.27073000000007,0.5852632585563841,0.2872536749569479,0.0,0.0
FPT,BAD,UCB_WITHOUT_VAE_UNCERTAINTY,UCB-VAE without VAE uncertainty,45,7,test,0.547888066141525,0.2621440000000001,1.0,15729,215.18844000000013,21.518844000000012,10.272482228558655,24.415926602062783,0.444197566684321,28.98793612665272,4,0.0,False,False,False,498,0,0.0,96.85156000000008,0.8154077796279912,0.5452588465678165,0.0,0.0
FPT,BAD,UCB_WITHOUT_VAE_UNCERTAINTY,UCB-VAE without VAE uncertainty,45,8,train,0.49561047982204176,0.20971520000000007,1.0,17976,1828.9629699999996,182.89629699999998,12.25745120718853,17.489139567671835,0.6399933595851971,30.469427241204684,9,0.017356475300400534,False,False,False,1866,0,0.0,94.04703000000006,0.5034573702613119,0.2923975386153235,0.0,0.0
FPT,BAD,UCB_WITHOUT_VAE_UNCERTAINTY,UCB-VAE without VAE uncertainty,45,8,test,0.49561047982204176,0.20971520000000007,1.0,17976,271.98829,27.198829000000003,12.82905677232058,24.54850763347635,0.5373031840132897,28.98793612665272,4,0.0,False,False,False,498,0,0.0,97.02171000000008,0.8283629311043719,0.5421018462822619,0.0,0.0
FPT,BAD,UCB_WITHOUT_VAE_UNCERTAINTY,UCB-VAE without VAE uncertainty,45,9,train,0.4483210401702486,0.1677721600000001,1.0,20223,1565.6968900000002,156.569689,11.044845149811277,17.28462597503695,0.5821597038974008,30.14819628172275,8,0.01602136181575434,False,False,False,1890,0,0.0,97.01311000000004,0.4871763294099179,0.2887186049373881,0.0,0.0
FPT,BAD,UCB_WITHOUT_VAE_UNCERTAINTY,UCB-VAE without VAE uncertainty,45,9,test,0.4483210401702486,0.1677721600000001,1.0,20223,262.69509000000016,26.269509000000017,12.414718866537712,24.62837357068181,0.5212818913308012,28.907841994466338,4,0.0,False,False,False,498,0,0.0,96.9549100000001,0.8306129766070006,0.5391348431627434,0.0,0.0
FPT,BAD,UCB_WITHOUT_VAE_UNCERTAINTY,UCB-VAE without VAE uncertainty,45,10,train,0.4055437954651474,0.13421772800000006,1.0,22470,1411.0663799999984,141.10663799999983,10.280003878582345,18.267597362141768,0.5223038945269289,29.402890650934783,10,0.016466399643969738,False,False,False,1848,0,0.0,98.23362000000007,0.5273017549839711,0.28336191057336557,0.0,0.0
FPT,BAD,UCB_WITHOUT_VAE_UNCERTAINTY,UCB-VAE without VAE uncertainty,45,10,test,0.4055437954651474,0.13421772800000006,1.0,22470,262.69509000000016,26.269509000000017,12.414718866537712,24.62837357068181,0.5212818913308012,28.907841994466338,4,0.0,False,False,False,498,0,0.0,96.9549100000001,0.8306129766070006,0.5367587883189979,0.0,0.0
FPT,BAD,UCB_WITHOUT_VAE_UNCERTAINTY,UCB-VAE without VAE uncertainty,45,11,train,0.3668482076545458,0.10737418240000006,1.0,24717,1408.9183900000025,140.89183900000026,10.269075726808197,17.157481305256315,0.5439651200547213,30.20562160623385,9,0.01557632398753894,False,False,False,1911,0,0.0,98.01161000000008,0.4725644107658195,0.2858657216927609,0.0,0.0
FPT,BAD,UCB_WITHOUT_VAE_UNCERTAINTY,UCB-VAE without VAE uncertainty,45,11,test,0.3668482076545458,0.10737418240000006,1.0,24717,262.69509000000016,26.269509000000017,12.414718866537712,24.62837357068181,0.5212818913308012,28.907841994466338,4,0.0,False,False,False,498,0,0.0,96.9549100000001,0.8306129766070006,0.5348893805560337,0.0,0.0
FPT,BAD,UCB_WITHOUT_VAE_UNCERTAINTY,UCB-VAE without VAE uncertainty,45,12,train,0.3318448191396838,0.08589934592000005,1.0,26964,1637.3735500000016,163.73735500000015,11.385562459501175,17.23761130224604,0.6011594936933103,29.277590432466603,10,0.014686248331108143,False,False,False,1918,0,0.0,99.75645000000002,0.478243329664033,0.28663002579581964,0.0,0.0
FPT,BAD,UCB_WITHOUT_VAE_UNCERTAINTY,UCB-VAE without VAE uncertainty,45,12,test,0.3318448191396838,0.08589934592000005,1.0,26964,214.40745000000038,21.44074500000004,10.236919309941905,24.512257835605087,0.4421290143351767,30.171895899844912,4,0.0,False,False,False,498,0,0.0,96.98255000000007,0.8063867700372057,0.5319575745776954,0.0,0.0
FPT,BAD,UCB_WITHOUT_VAE_UNCERTAINTY,UCB-VAE without VAE uncertainty,45,13,train,0.3001813330203001,0.06871947673600004,1.0,29211,1402.280200000001,140.2280200000001,10.235248326059153,17.082501676683904,0.5437857837980502,29.84612705359736,10,0.016911437472185136,False,False,False,1923,0,0.0,98.47980000000003,0.4648152947845243,0.28459657543650935,0.0,0.0
FPT,BAD,UCB_WITHOUT_VAE_UNCERTAINTY,UCB-VAE without VAE uncertainty,45,13,test,0.3001813330203001,0.06871947673600004,1.0,29211,210.8636400000005,21.08636400000005,10.075406114099383,24.52050046816958,0.43602795552211293,30.171895899844912,4,0.0,False,False,False,498,0,0.0,97.17636000000007,0.8072286643699279,0.5306139319656364,0.0,0.0
FPT,BAD,UCB_WITHOUT_VAE_UNCERTAINTY,UCB-VAE without VAE uncertainty,45,14,train,0.27153906734917177,0.054975581388800036,1.0,31458,1354.1342900000004,135.41342900000004,9.987385635518597,17.129135089314556,0.5295096173812593,31.2787784926145,10,0.016911437472185136,False,False,False,1928,0,0.0,98.89571000000005,0.46167973269601664,0.28434803453574564,0.0,0.0
FPT,BAD,UCB_WITHOUT_VAE_UNCERTAINTY,UCB-VAE without VAE uncertainty,45,14,test,0.27153906734917177,0.054975581388800036,1.0,31458,200.8852100000006,20.08852100000006,9.619358128746857,24.639254057942637,0.41810227004561773,30.171895899844912,4,0.0,False,False,False,498,0,0.0,97.46479000000008,0.8125230169015354,0.5298520534871572,0.0,0.0
FPT,BAD,UCB_WITHOUT_VAE_UNCERTAINTY,UCB-VAE without VAE uncertainty,45,15,train,0.24562974770943447,0.05,1.0,33705,1350.892480000001,135.08924800000008,9.970534856527546,17.116858093517447,0.5288584676226624,31.0416811728228,10,0.016911437472185136,False,False,False,1932,0,0.0,99.12752000000003,0.46137739513662834,0.28305111722676657,0.0,0.0
FPT,BAD,UCB_WITHOUT_VAE_UNCERTAINTY,UCB-VAE without VAE uncertainty,45,15,test,0.24562974770943447,0.05,1.0,33705,218.63112000000046,21.863112000000047,10.429111457758221,24.448097070688334,0.4497918206872249,29.363366915341686,4,0.0,False,False,False,498,0,0.0,97.64888000000008,0.8106670896668373,0.5285769285686523,0.0,0.0
FPT,BAD,UCB_WITHOUT_VAE_UNCERTAINTY,UCB-VAE without VAE uncertainty,45,16,train,0.2221926058330938,0.05,1.0,35952,1347.7281500000008,134.7728150000001,9.954066884629675,17.000260446280503,0.5304314468936318,30.50177700713644,10,0.01557632398753894,False,False,False,1922,0,0.0,98.46185000000006,0.45930972260315317,0.28101817903104337,0.0,0.0
FPT,BAD,UCB_WITHOUT_VAE_UNCERTAINTY,UCB-VAE without VAE uncertainty,45,16,test,0.2221926058330938,0.05,1.0,35952,214.83892000000037,21.483892000000036,10.256568002498057,24.466838216390205,0.44321042614881334,29.62410217526997,4,0.0,False,False,False,498,0,0.0,97.88108000000005,0.8135048704999314,0.5273330149401623,0.0,0.0
FPT,BAD,UCB_WITHOUT_VAE_UNCERTAINTY,UCB-VAE without VAE uncertainty,45,17,train,0.20099175505933367,0.05,1.0,38199,1352.0959600000006,135.20959600000006,9.97679289914073,17.079578156006026,0.5299523372416507,30.638999526964128,9,0.016911437472185136,False,False,False,1923,0,0.0,99.06404000000005,0.46330512272865276,0.279588344995584,0.0,0.0
FPT,BAD,UCB_WITHOUT_VAE_UNCERTAINTY,UCB-VAE without VAE uncertainty,45,17,test,0.20099175505933367,0.05,1.0,38199,273.2609100000004,27.32609100000004,12.885679034958164,24.7288866325338,0.5372620481857246,29.797741228689016,4,0.0,False,False,False,498,0,0.0,96.98909000000009,0.8356193629854913,0.5268904020987362,0.0,0.0
FPT,BAD,UCB_WITHOUT_VAE_UNCERTAINTY,UCB-VAE without VAE uncertainty,45,18,train,0.18181381621752543,0.05,1.0,40446,1171.73448,117.17344800000001,9.005547804517278,17.80330436159667,0.46533852913614776,30.959897192187196,10,0.01602136181575434,False,False,False,1915,0,0.0,102.04552000000008,0.4974397713172776,0.27619886125757476,0.0,0.0
FPT,BAD,UCB_WITHOUT_VAE_UNCERTAINTY,UCB-VAE without VAE uncertainty,45,18,test,0.18181381621752543,0.05,1.0,40446,258.7650200000003,25.87650200000003,12.239039409408846,24.450453386732995,0.516849300003576,29.259464507157283,4,0.0,False,False,False,498,0,0.0,97.59498000000006,0.8400475945055829,0.5262523395230013,0.0,0.0
FPT,BAD,UCB_WITHOUT_VAE_UNCERTAINTY,UCB-VAE without VAE uncertainty,45,19,train,0.16446577004027732,0.05,1.0,42693,1171.6444000000001,117.16444000000001,9.005045076477213,17.83406715917364,0.46481713050283247,31.053628972636695,10,0.016466399643969738,False,False,False,1920,0,0.0,102.23560000000006,0.49766659113035727,0.27504113190204343,0.0,0.0
FPT,BAD,UCB_WITHOUT_VAE_UNCERTAINTY,UCB-VAE without VAE uncertainty,45,19,test,0.16446577004027732,0.05,1.0,42693,254.78872000000047,25.478872000000045,12.061015036904887,24.51903325761971,0.5095233406885842,29.259464507157283,4,0.0,False,False,False,498,0,0.0,97.49128000000007,0.8263606626052101,0.524493637214224,0.0,0.0
FPT,BAD,UCB_WITHOUT_VAE_UNCERTAINTY,UCB-VAE without VAE uncertainty,45,20,train,0.14877301449181102,0.05,1.0,44940,1171.3513099999996,117.13513099999994,9.003409240378723,17.840097451544963,0.4646405737223785,30.968742302648263,10,0.017801513128615932,False,False,False,1892,0,0.0,101.37869000000006,0.4941882773899744,0.27283627146620404,0.0,0.0
FPT,BAD,UCB_WITHOUT_VAE_UNCERTAINTY,UCB-VAE without VAE uncertainty,45,20,test,0.14877301449181102,0.05,1.0,44940,254.78872000000047,25.478872000000045,12.061015036904887,24.51903325761971,0.5095233406885842,29.259464507157283,4,0.0,False,False,False,498,0,0.0,97.49128000000007,0.8263606626052101,0.5234436814086025,0.0,0.0
FPT,BAD,UCB_WITHOUT_VAE_UNCERTAINTY,UCB-VAE without VAE uncertainty,45,21,train,0.13457760745935274,0.05,1.0,47187,1586.3494399999995,158.63494399999996,11.143876586851476,18.462242979004255,0.5613346561729401,31.77800364939029,11,0.01913662661326213,False,False,False,1869,0,0.0,103.0905600000001,0.5350353896183625,0.27032034920423254,0.0,0.0
FPT,BAD,UCB_WITHOUT_VAE_UNCERTAINTY,UCB-VAE without VAE uncertainty,45,21,test,0.13457760745935274,0.05,1.0,47187,247.07078000000024,24.707078000000024,11.714668181332865,24.277102080049865,0.4993469040872041,29.259464507157283,4,0.0,False,False,False,498,0,0.0,97.76922000000005,0.8288325198474903,0.5227203126772341,0.0,0.0
FPT,BAD,UCB_WITHOUT_VAE_UNCERTAINTY,UCB-VAE without VAE uncertainty,45,22,train,0.12173667712083987,0.05,1.0,49434,1130.8347000000003,113.08347000000003,8.775360861026904,17.521555676240716,0.4578098964882213,31.704583782846868,9,0.020026702269692925,False,False,False,1885,0,0.0,101.60530000000006,0.4877783795083898,0.27039911310156556,0.0,0.0
FPT,BAD,UCB_WITHOUT_VAE_UNCERTAINTY,UCB-VAE without VAE uncertainty,45,22,test,0.12173667712083987,0.05,1.0,49434,251.7506600000006,25.17506600000006,11.924807434346075,24.348807402532003,0.5063238124109867,29.259464507157283,4,0.0,False,False,False,498,0,0.0,98.36934000000004,0.8168646699269873,0.5212363053158106,0.0,0.0
FPT,BAD,UCB_WITHOUT_VAE_UNCERTAINTY,UCB-VAE without VAE uncertainty,45,23,train,0.11012098398984942,0.05,1.0,51681,1308.7485100000008,130.87485100000006,9.749571969589056,17.893506359247148,0.5022170997411081,31.74205483288955,10,0.021806853582554516,False,False,False,1862,0,0.0,103.1214900000001,0.511972097512715,0.2677350287828437,0.0,0.0
FPT,BAD,UCB_WITHOUT_VAE_UNCERTAINTY,UCB-VAE without VAE uncertainty,45,23,test,0.11012098398984942,0.05,1.0,51681,261.0658100000003,26.106581000000027,12.341920951713515,23.174224067912377,0.5362595920056278,29.05574562822452,3,0.0,False,False,False,498,0,0.0,97.94419000000002,0.8162899421318668,0.5199860555819239,0.0,0.0
FPT,BAD,UCB_WITHOUT_VAE_UNCERTAINTY,UCB-VAE without VAE uncertainty,45,24,train,0.1,0.05,1.0,53928,1036.59626,103.659626,8.229656496715121,18.056025040737637,0.4214462401982873,31.533936528206453,11,0.020026702269692925,False,False,False,1848,0,0.0,101.5437400000001,0.5000842150052353,0.2656538810300785,0.0,0.0
FPT,BAD,UCB_WITHOUT_VAE_UNCERTAINTY,UCB-VAE without VAE uncertainty,45,24,test,0.1,0.05,1.0,53928,261.0658100000003,26.106581000000027,12.341920951713515,23.174224067912377,0.5362595920056278,29.05574562822452,3,0.0,False,False,False,498,0,0.0,97.94419000000002,0.8162899421318668,0.5190386760186958,0.0,0.0
FPT,BAD,UCB_WITHOUT_VAE_UNCERTAINTY,UCB-VAE without VAE uncertainty,45,25,train,0.1,0.05,1.0,56175,1152.4284799999991,115.24284799999991,8.89737676349105,17.303474957214355,0.4678719271195494,31.27143692689375,9,0.020026702269692925,False,False,False,1856,0,0.0,101.71152000000006,0.48393576104696345,0.26546759220709737,0.0,0.0
FPT,BAD,UCB_WITHOUT_VAE_UNCERTAINTY,UCB-VAE without VAE uncertainty,45,25,test,0.1,0.05,1.0,56175,214.2312400000003,21.42312400000003,10.228893890451985,23.11205914263804,0.45420919416750527,29.11393196165234,3,0.0,False,False,False,498,0,0.0,97.94876000000005,0.8154332564524379,0.5181546125665726,0.0,0.0
FPT,BAD,UCB_WITHOUT_VAE_UNCERTAINTY,UCB-VAE without VAE uncertainty,45,26,train,0.1,0.05,1.0,58422,1217.6206100000022,121.76206100000022,9.259256236813096,16.979525702842164,0.4932351064144091,30.872789316541777,9,0.02091677792612372,False,False,False,1852,0,0.0,98.3693900000001,0.46259427863852587,0.2660462366517353,0.0,0.0
FPT,BAD,UCB_WITHOUT_VAE_UNCERTAINTY,UCB-VAE without VAE uncertainty,45,26,test,0.1,0.05,1.0,58422,179.85723000000007,17.985723000000007,8.652084480031984,22.69552613879661,0.3942392623203485,27.824358818787907,2,0.0,False,False,False,498,0,0.0,98.15277000000003,0.7918044714464397,0.5158988417511484,0.0,0.0
FPT,BAD,UCB_WITHOUT_VAE_UNCERTAINTY,UCB-VAE without VAE uncertainty,45,27,train,0.1,0.05,1.0,60669,1534.76352,153.476352,10.89518244122707,18.135906634681216,0.5556788176144034,30.668770955175578,10,0.0258121940364931,False,False,False,1817,0,0.0,103.11648000000008,0.5354502165951899,0.2613076729924614,0.0,0.0
FPT,BAD,UCB_WITHOUT_VAE_UNCERTAINTY,UCB-VAE without VAE uncertainty,45,27,test,0.1,0.05,1.0,60669,214.1479300000001,21.41479300000001,10.225099365168955,22.468315004436853,0.4603782641377765,26.91610150645226,2,0.0,False,False,False,498,0,0.0,98.22207000000004,0.7956251987912917,0.5150882772293436,0.0,0.0
FPT,BAD,UCB_WITHOUT_VAE_UNCERTAINTY,UCB-VAE without VAE uncertainty,45,28,train,0.1,0.05,1.0,62916,1534.60718,153.460718,10.89442191867953,18.1309255759373,0.5557459341503243,30.788783481604575,10,0.0262572318647085,False,False,False,1815,0,0.0,103.09282000000007,0.5356754505619556,0.25994183567759194,0.0,0.0
FPT,BAD,UCB_WITHOUT_VAE_UNCERTAINTY,UCB-VAE without VAE uncertainty,45,28,test,0.1,0.05,1.0,62916,212.94793000000004,21.294793000000002,10.170428497545014,22.471750139561745,0.45811433022156295,26.91610150645226,2,0.0,False,False,False,498,0,0.0,98.22207000000004,0.7939129912581586,0.5136729085660843,0.0,0.0
FPT,BAD,UCB_WITHOUT_VAE_UNCERTAINTY,UCB-VAE without VAE uncertainty,45,29,train,0.1,0.05,1.0,65163,1449.9590800000014,144.99590800000016,10.476393032235464,18.407672605507965,0.5294922162840622,30.833549881747146,11,0.025367156208277702,False,False,False,1805,0,0.0,102.7409200000001,0.5453606022108957,0.25797145105782326,0.0,0.0
FPT,BAD,UCB_WITHOUT_VAE_UNCERTAINTY,UCB-VAE without VAE uncertainty,45,29,test,0.1,0.05,1.0,65163,166.6292500000004,16.662925000000044,8.039199182013057,22.35666410055277,0.37121282006190687,27.91275597851845,2,0.0,False,False,False,498,0,0.0,97.90075000000002,0.7841478264832331,0.5119968190729378,0.0,0.0
FPT,BAD,UCB_WITHOUT_VAE_UNCERTAINTY,UCB-VAE without VAE uncertainty,45,30,train,0.1,0.05,1.0,67410,758.9887700000011,75.89887700000011,6.480508693169917,16.22710682211049,0.34832871099024565,30.895736663147005,9,0.024477080551846907,False,False,False,1820,0,0.0,97.78123000000004,0.4366834669716698,0.25830624697205223,0.0,0.0
FPT,BAD,UCB_WITHOUT_VAE_UNCERTAINTY,UCB-VAE without VAE uncertainty,45,30,test,0.1,0.05,1.0,67410,166.6292500000004,16.662925000000044,8.039199182013057,22.35666410055277,0.37121282006190687,27.91275597851845,2,0.0,False,False,False,498,0,0.0,97.90075000000002,0.7849662932525688,0.5108678776576338,0.0,0.0
FPT,BAD,UCB_WITHOUT_VAE_UNCERTAINTY,UCB-VAE without VAE uncertainty,45,31,train,0.1,0.05,1.0,69657,866.1600599999999,86.61600599999998,7.18303550134578,17.621111008930164,0.37190068386112984,30.845047887417675,11,0.027147307521139297,False,False,False,1764,0,0.0,101.4799400000001,0.5137704258122296,0.2545098984936475,0.0,0.0
FPT,BAD,UCB_WITHOUT_VAE_UNCERTAINTY,UCB-VAE without VAE uncertainty,45,31,test,0.1,0.05,1.0,69657,210.23124000000053,21.023124000000053,10.046559005737365,22.248711127233214,0.45540744065958033,29.045489468183295,2,0.0,False,False,False,498,0,0.0,97.94876000000005,0.7883197596698142,0.5097856170322043,0.0,0.0
FPT,BAD,UCB_WITHOUT_VAE_UNCERTAINTY,UCB-VAE without VAE uncertainty,45,32,train,0.1,0.05,1.0,71904,1962.8522800000014,196.28522800000013,12.836113997349674,18.572072771277245,0.6412224292319477,30.298429766415325,9,0.0262572318647085,False,False,False,1790,0,0.0,101.72772000000008,0.5469746227811975,0.2540390912889373,0.0,0.0
FPT,BAD,UCB_WITHOUT_VAE_UNCERTAINTY,UCB-VAE without VAE uncertainty,45,32,test,0.1,0.05,1.0,71904,188.47124000000008,18.847124000000008,9.049353786731595,21.836254366872243,0.41775265363206365,27.460488158165642,2,0.0,False,False,False,498,0,0.0,97.94876000000005,0.7673183253400345,0.5079153567911631,0.0,0.0
FPT,BAD,UCB_WITHOUT_VAE_UNCERTAINTY,UCB-VAE without VAE uncertainty,45,33,train,0.1,0.05,1.0,74151,700.801269999999,70.0801269999999,6.082984167037608,17.059814267429182,0.31743161890847443,30.253518795698692,10,0.030262572318647086,False,False,False,1750,0,0.0,95.28873000000004,0.4704485740773258,0.2502272039499344,0.0,0.0
FPT,BAD,UCB_WITHOUT_VAE_UNCERTAINTY,UCB-VAE without VAE uncertainty,45,33,test,0.1,0.05,1.0,74151,175.53723000000014,17.553723000000012,8.452306363567065,21.708851030466743,0.39342360408638505,27.460488158165642,2,0.0,False,False,False,498,0,0.0,98.15277000000003,0.7635193240248785,0.506695915836407,0.0,0.0
FPT,BAD,UCB_WITHOUT_VAE_UNCERTAINTY,UCB-VAE without VAE uncertainty,45,34,train,0.1,0.05,1.0,76398,705.1752499999993,70.51752499999994,6.113283144338966,17.174515320599337,0.31812253523635153,30.889245804583947,10,0.030262572318647086,False,False,False,1730,0,0.0,95.45475000000008,0.4791176771638833,0.24830269437858568,0.0,0.0
FPT,BAD,UCB_WITHOUT_VAE_UNCERTAINTY,UCB-VAE without VAE uncertainty,45,34,test,0.1,0.05,1.0,76398,255.21466000000055,25.521466000000053,12.080098381545422,21.952594495238436,0.5425084017773568,25.835581226571858,2,0.0,False,False,False,498,0,0.0,97.76534000000007,0.7755105469415212,0.5052676808881951,0.0,0.0
FPT,BAD,UCB_WITHOUT_VAE_UNCERTAINTY,UCB-VAE without VAE uncertainty,45,35,train,0.1,0.05,1.0,78645,867.194899999999,86.71948999999991,7.189642408721819,17.825885855697766,0.3700051719556961,29.705073881504617,10,0.032932799287939477,False,False,False,1729,0,0.0,101.04510000000012,0.5292278027263123,0.2468983319384499,0.0,0.0
FPT,BAD,UCB_WITHOUT_VAE_UNCERTAINTY,UCB-VAE without VAE uncertainty,45,35,test,0.1,0.05,1.0,78645,283.45466000000056,28.34546600000006,13.338212392835658,21.95933692389678,0.5937043695943992,25.835581226571858,2,0.0,False,False,False,498,0,0.0,97.76534000000007,0.7780976047754603,0.5042261045620623,0.0,0.0
FPT,BAD,UCB_WITHOUT_VAE_UNCERTAINTY,UCB-VAE without VAE uncertainty,45,36,train,0.1,0.05,1.0,80892,857.3905199999981,85.73905199999982,7.126915517601651,17.924474939676692,0.36568118110486697,29.218550537113575,10,0.029372496662216287,False,False,False,1734,0,0.0,101.48948000000011,0.5306594428067872,0.2467213457207389,0.0,0.0
FPT,BAD,UCB_WITHOUT_VAE_UNCERTAINTY,UCB-VAE without VAE uncertainty,45,36,test,0.1,0.05,1.0,80892,282.81466000000023,28.281466000000023,13.309853543096061,21.960975196993466,0.5925264619800837,25.835581226571858,2,0.0,False,False,False,498,0,0.0,97.76534000000007,0.7772546260671036,0.5032271511224379,0.0,0.0
FPT,BAD,UCB_WITHOUT_VAE_UNCERTAINTY,UCB-VAE without VAE uncertainty,45,37,train,0.1,0.05,1.0,83139,1046.3432000000005,104.63432000000006,8.287126680213186,17.656056444849998,0.4300348559689164,29.15847662582761,10,0.027592345349354695,False,False,False,1734,0,0.0,86.19680000000007,0.4761063057946861,0.24872415553584437,0.0,0.0
FPT,BAD,UCB_WITHOUT_VAE_UNCERTAINTY,UCB-VAE without VAE uncertainty,45,37,test,0.1,0.05,1.0,83139,284.09466000000043,28.409466000000045,13.366564197102093,21.866454782728077,0.5964481288021177,25.835581226571858,2,0.0,False,False,False,498,0,0.0,97.76534000000007,0.769220818337333,0.5014189212437136,0.0,0.0
FPT,BAD,UCB_WITHOUT_VAE_UNCERTAINTY,UCB-VAE without VAE uncertainty,45,38,train,0.1,0.05,1.0,85386,647.0063,64.70063,5.7045647796176935,16.975191259826993,0.29689402924584185,30.255056401871105,9,0.029817534490431688,False,False,False,1714,0,0.0,98.7737000000001,0.4780491012435718,0.24329441791117642,0.0,0.0
FPT,BAD,UCB_WITHOUT_VAE_UNCERTAINTY,UCB-VAE without VAE uncertainty,45,38,test,0.1,0.05,1.0,85386,284.09466000000043,28.409466000000045,13.366564197102093,21.866454782728077,0.5964481288021177,25.835581226571858,2,0.0,False,False,False,498,0,0.0,97.76534000000007,0.769220818337333,0.5001867684015787,0.0,0.0
FPT,BAD,UCB_WITHOUT_VAE_UNCERTAINTY,UCB-VAE without VAE uncertainty,45,39,train,0.1,0.05,1.0,87633,866.8041399999979,86.6804139999998,7.187147994834442,17.84544069405076,0.3696645580891443,29.970543740412907,9,0.027592345349354695,False,False,False,1692,0,0.0,100.1358600000001,0.5373724521468557,0.24231538666941932,0.0,0.0
FPT,BAD,UCB_WITHOUT_VAE_UNCERTAINTY,UCB-VAE without VAE uncertainty,45,39,test,0.1,0.05,1.0,87633,283.3746600000002,28.337466000000017,13.334667922025467,21.959406172084655,0.5935594617100474,25.835581226571858,2,0.0,False,False,False,498,0,0.0,97.76534000000007,0.7763042689000568,0.4996640391976958,0.0,0.0
FPT,BAD,UCB_WITHOUT_VAE_UNCERTAINTY,UCB-VAE without VAE uncertainty,45,40,train,0.1,0.05,1.0,89880,2067.2296800000013,206.72296800000015,13.271320921810581,20.33553920076317,0.621672553471262,32.766400738623624,15,0.03204272363150868,False,False,False,1597,0,0.0,100.83032000000011,0.6528684642425744,0.23293616498012673,0.0,0.0
FPT,BAD,UCB_WITHOUT_VAE_UNCERTAINTY,UCB-VAE without VAE uncertainty,45,40,test,0.1,0.05,1.0,89880,280.4946600000005,28.049466000000052,13.20699356905417,21.87727876460518,0.5897635704299017,25.835581226571858,2,0.0,False,False,False,498,0,0.0,97.76534000000007,0.7695559772543337,0.4980464489105715,0.0,0.0
FPT,BAD,UCB_WITHOUT_VAE_UNCERTAINTY,UCB-VAE without VAE uncertainty,45,41,train,0.1,0.05,1.0,92127,1003.6358500000001,100.36358500000003,8.033486237568187,18.026416848334907,0.4117902505802966,33.15273259299664,13,0.02848242100578549,False,False,False,1679,0,0.0,88.43415000000003,0.4983656376781643,0.24143719925156795,0.0,0.0
FPT,BAD,UCB_WITHOUT_VAE_UNCERTAINTY,UCB-VAE without VAE uncertainty,45,41,test,0.1,0.05,1.0,92127,292.4146600000006,29.24146600000006,13.734498899167157,21.72671924931328,0.6139390851780839,25.835581226571858,2,0.0,False,False,False,498,0,0.0,97.76534000000007,0.7624696300102505,0.49659307821687443,0.0,0.0
FPT,BAD,UCB_WITHOUT_VAE_UNCERTAINTY,UCB-VAE without VAE uncertainty,45,42,train,0.1,0.05,1.0,94374,2065.6104100000007,206.56104100000005,13.264670492202836,20.21865963649485,0.6237862385279781,32.54911060478685,14,0.028037383177570093,False,False,False,1601,0,0.0,100.59959000000012,0.64619968986114,0.23254004076063553,0.0,0.0
FPT,BAD,UCB_WITHOUT_VAE_UNCERTAINTY,UCB-VAE without VAE uncertainty,45,42,test,0.1,0.05,1.0,94374,287.5427300000006,28.754273000000058,13.51919163490738,21.610752346861215,0.6071844333804621,26.347923382634008,2,0.0,False,False,False,498,0,0.0,98.32727000000004,0.7529637686468491,0.49593077582049083,0.0,0.0
FPT,BAD,UCB_WITHOUT_VAE_UNCERTAINTY,UCB-VAE without VAE uncertainty,45,43,train,0.1,0.05,1.0,96621,1174.17128,117.41712799999999,9.01914032985025,18.80172423421129,0.4511632257867154,32.908823384634324,14,0.029817534490431688,False,False,False,1678,0,0.0,96.68872000000009,0.559982658034697,0.23768133332544186,0.0,0.0
FPT,BAD,UCB_WITHOUT_VAE_UNCERTAINTY,UCB-VAE without VAE uncertainty,45,43,test,0.1,0.05,1.0,96621,280.98273000000063,28.098273000000063,13.228640444031758,21.630736567333113,0.5948657723216908,26.347923382634008,2,0.0,False,False,False,498,0,0.0,98.32727000000004,0.7544533666956023,0.4953596836113068,0.0,0.0
FPT,BAD,UCB_WITHOUT_VAE_UNCERTAINTY,UCB-VAE without VAE uncertainty,45,44,train,0.1,0.05,1.0,98868,2055.477730000001,205.54777300000012,13.22298398858026,20.157695630164795,0.6232472979027521,32.82436420220544,15,0.03827325322652426,False,False,False,1593,0,0.0,100.59227000000011,0.650697659013888,0.2287140619598286,0.0,0.0
FPT,BAD,UCB_WITHOUT_VAE_UNCERTAINTY,UCB-VAE without VAE uncertainty,45,44,test,0.1,0.05,1.0,98868,289.8627300000003,28.98627300000003,13.62177091234651,21.566451433948693,0.6122128525270435,26.347923382634008,2,0.0,False,False,False,498,0,0.0,98.32727000000004,0.7473132970456839,0.49366071467179373,0.0,0.0
FPT,BAD,UCB_WITHOUT_VAE_UNCERTAINTY,UCB-VAE without VAE uncertainty,45,45,train,0.1,0.05,1.0,101115,2007.7054100000005,200.77054100000007,13.024774856860954,20.163184808659313,0.6143561329402955,32.710089580291886,13,0.037828215398308856,False,False,False,1608,0,0.0,100.96459000000013,0.6490341225888854,0.22884689117928955,0.0,0.0
FPT,BAD,UCB_WITHOUT_VAE_UNCERTAINTY,UCB-VAE without VAE uncertainty,45,45,test,0.1,0.05,1.0,101115,267.9954400000008,26.79954400000008,12.651220750678505,21.76280580421451,0.5689262150990041,26.014193482010267,2,0.0,False,False,False,498,0,0.0,98.38456000000002,0.7614829045117508,0.49357311331842796,0.0,0.0
FPT,BAD,UCB_WITHOUT_VAE_UNCERTAINTY,UCB-VAE without VAE uncertainty,46,1,train,1.0,1.0,1.0,2247,-30.811259999999265,-3.0811259999999265,-0.34736576754774706,1.2829700426440518,-1.8260299073438142,4.644500697903563,0,0.049399198931909215,False,False,False,2136,0,0.0,48.29126000000003,0.03066363674104374,0.22232286831008416,0.0,0.0
FPT,BAD,UCB_WITHOUT_VAE_UNCERTAINTY,UCB-VAE without VAE uncertainty,46,1,test,1.0,1.0,1.0,2247,3.4021699999995008,0.3402169999999501,0.1705482263171687,3.8710129228863557,-0.45290659337175637,4.814892985177215,0,0.13855421686746988,False,False,False,429,0,0.0,36.66783,0.10866566958786653,0.45928812679277364,0.0,0.0
FPT,BAD,UCB_WITHOUT_VAE_UNCERTAINTY,UCB-VAE without VAE uncertainty,46,2,train,0.9045834549972122,0.8,1.0,4494,-25.67080999999871,-2.5670809999998707,-0.288736434394099,1.3205003388836458,-1.7288367462107508,4.5609696086160545,0,0.052514463729417,False,False,False,2129,0,0.0,48.22081000000003,0.030569571687014546,0.21922236124263322,0.0,0.0
FPT,BAD,UCB_WITHOUT_VAE_UNCERTAINTY,UCB-VAE without VAE uncertainty,46,2,test,0.9045834549972122,0.8,1.0,4494,3.1704799999990882,0.31704799999990885,0.15894293261780046,3.845361665911861,-0.45921697965658864,4.787727986027304,0,0.14457831325301204,False,False,False,426,0,0.0,37.26952000000001,0.1121974402633677,0.4519713178695924,0.0,0.0
FPT,BAD,UCB_WITHOUT_VAE_UNCERTAINTY,UCB-VAE without VAE uncertainty,46,3,train,0.8182712270546932,0.6400000000000001,1.0,6741,-31.651979999998957,-3.1651979999998954,-0.35698087479114626,1.3535033586582463,-1.7373772712156665,4.7626617393908806,0,0.052514463729417,False,False,False,2129,0,0.0,48.671980000000026,0.032060446448363804,0.21586359706079372,0.0,0.0
FPT,BAD,UCB_WITHOUT_VAE_UNCERTAINTY,UCB-VAE without VAE uncertainty,46,3,test,0.8182712270546932,0.6400000000000001,1.0,6741,5.577969999999368,0.5577969999999368,0.2794684182408247,4.035864379359082,-0.40561417428489704,5.12523774680957,0,0.14457831325301204,False,False,False,426,0,0.0,36.67203,0.11590288841010547,0.4445541331686648,0.0,0.0
FPT,BAD,UCB_WITHOUT_VAE_UNCERTAINTY,UCB-VAE without VAE uncertainty,46,4,train,0.7401946136939427,0.5120000000000001,1.0,8988,-24.56696999999906,-2.456696999999906,-0.27618246899528964,1.3845108147155716,-1.6391102862853617,4.789698381821332,0,0.052514463729417,False,False,False,2129,0,0.0,49.43697000000002,0.03340365930253827,0.21233558207153477,0.0,0.0
FPT,BAD,UCB_WITHOUT_VAE_UNCERTAINTY,UCB-VAE without VAE uncertainty,46,4,test,0.7401946136939427,0.5120000000000001,1.0,8988,7.508409999999003,0.7508409999999003,0.37600765451279994,4.199472209543622,-0.36507765406875625,3.858026372109501,0,0.142570281124498,False,False,False,427,0,0.0,37.10159,0.1261797033678378,0.4368639730186348,0.0,0.0
FPT,BAD,UCB_WITHOUT_VAE_UNCERTAINTY,UCB-VAE without VAE uncertainty,46,5,train,0.6695678010255933,0.4096000000000001,1.0,11235,-7.664769999998498,-0.7664769999998499,-0.08551414226010134,1.424000616789286,-1.457969371098406,4.75194832920686,0,0.05384957721406319,False,False,False,2126,0,0.0,49.75476999999997,0.033390869028232316,0.20922498910306134,0.0,0.0
FPT,BAD,UCB_WITHOUT_VAE_UNCERTAINTY,UCB-VAE without VAE uncertainty,46,5,test,0.6695678010255933,0.4096000000000001,1.0,11235,33.73140999999964,3.3731409999999644,1.6783745269923545,3.9606868281379928,-0.061267028106268905,2.779510391183086,0,0.14859437751004015,False,False,False,424,0,0.0,36.99859000000001,0.11986526933764995,0.4302795601776805,0.0,0.0
FPT,BAD,UCB_WITHOUT_VAE_UNCERTAINTY,UCB-VAE without VAE uncertainty,46,6,train,0.6056799548066172,0.3276800000000001,1.0,13482,-10.778539999998202,-1.0778539999998202,-0.1204215672828135,1.5041575616146925,-1.4029297751657046,4.648873459821464,0,0.049399198931909215,False,False,False,2123,0,0.0,50.33853999999999,0.0347947858996629,0.2062774519052673,0.0,0.0
FPT,BAD,UCB_WITHOUT_VAE_UNCERTAINTY,UCB-VAE without VAE uncertainty,46,6,test,0.6056799548066172,0.3276800000000001,1.0,13482,41.35870999999861,4.135870999999861,2.054085954795881,4.1781917130988795,0.03307381760662561,3.8222318619601703,0,0.15060240963855423,False,False,False,423,0,0.0,38.091289999999994,0.12255577928903752,0.4238517126105875,0.0,0.0
FPT,BAD,UCB_WITHOUT_VAE_UNCERTAINTY,UCB-VAE without VAE uncertainty,46,7,train,0.547888066141525,0.2621440000000001,1.0,15729,-3.5891299999989315,-0.3589129999998931,-0.0399703331845358,1.5466916063076797,-1.3114227774109222,4.910286542994561,0,0.049399198931909215,False,False,False,2123,0,0.0,50.839129999999976,0.03616132492929093,0.20367949673492325,0.0,0.0
FPT,BAD,UCB_WITHOUT_VAE_UNCERTAINTY,UCB-VAE without VAE uncertainty,46,7,test,0.547888066141525,0.2621440000000001,1.0,15729,47.254189999998744,4.725418999999874,2.3435514445352412,4.448049798204152,0.09790922726923215,3.8011541678553513,0,0.15060240963855423,False,False,False,423,0,0.0,38.81581,0.13286150085105883,0.418130610512203,0.0,0.0
FPT,BAD,UCB_WITHOUT_VAE_UNCERTAINTY,UCB-VAE without VAE uncertainty,46,8,train,0.49561047982204176,0.20971520000000007,1.0,17976,-7.049979999997959,-0.704997999999796,-0.07863344974328168,1.5939035821384986,-1.296591630912552,5.59180968678964,0,0.050734312416555405,False,False,False,2123,0,0.0,51.329979999999956,0.03735348974097808,0.2014409317923059,0.0,0.0
FPT,BAD,UCB_WITHOUT_VAE_UNCERTAINTY,UCB-VAE without VAE uncertainty,46,8,test,0.49561047982204176,0.20971520000000007,1.0,17976,57.948679999999285,5.794867999999929,2.8665814057215355,4.455595253629357,0.2132191837224837,3.7818534299453144,0,0.15060240963855423,False,False,False,423,0,0.0,39.41131999999999,0.1323229781363651,0.413657729794462,0.0,0.0
FPT,BAD,UCB_WITHOUT_VAE_UNCERTAINTY,UCB-VAE without VAE uncertainty,46,9,train,0.4483210401702486,0.1677721600000001,1.0,20223,-13.214399999998705,-1.3214399999998705,-0.14779732034168047,1.593535430749157,-1.3407221236678568,5.742703130204408,0,0.051179350244770806,False,False,False,2122,0,0.0,51.57439999999999,0.03799885808238803,0.19957902751992318,0.0,0.0
FPT,BAD,UCB_WITHOUT_VAE_UNCERTAINTY,UCB-VAE without VAE uncertainty,46,9,test,0.4483210401702486,0.1677721600000001,1.0,20223,32.885799999999335,3.2885799999999334,1.6366358792127667,4.569198500677824,-0.05649428845998941,3.8721687356985814,0,0.14859437751004015,False,False,False,424,0,0.0,39.59419999999999,0.1424405873906395,0.40935089992710866,0.0,0.0
FPT,BAD,UCB_WITHOUT_VAE_UNCERTAINTY,UCB-VAE without VAE uncertainty,46,10,train,0.4055437954651474,0.13421772800000006,1.0,22470,-7.103419999999005,-0.7103419999999006,-0.07923139670538148,1.5936071325697427,-1.2972140162837775,5.705723090418193,0,0.046283934134401426,False,False,False,2132,0,0.0,52.043419999999976,0.03838288142172642,0.19787972850843594,0.0,0.0
FPT,BAD,UCB_WITHOUT_VAE_UNCERTAINTY,UCB-VAE without VAE uncertainty,46,10,test,0.4055437954651474,0.13421772800000006,1.0,22470,19.509480000000167,1.9509480000000166,0.9741119501733619,4.646973242379866,-0.1967256825390438,3.9221592449553144,0,0.1465863453815261,False,False,False,425,0,0.0,39.790519999999994,0.15119947704030837,0.4050512277337921,0.0,0.0
FPT,BAD,UCB_WITHOUT_VAE_UNCERTAINTY,UCB-VAE without VAE uncertainty,46,11,train,0.3668482076545458,0.10737418240000006,1.0,24717,2.3806200000012723,0.23806200000012723,0.02644148889345832,1.6536404748087101,-1.185058488292193,5.716146990839867,0,0.04450378282153983,False,False,False,2138,0,0.0,52.099379999999975,0.040002152207211,0.1964645400530612,0.0,0.0
FPT,BAD,UCB_WITHOUT_VAE_UNCERTAINTY,UCB-VAE without VAE uncertainty,46,11,test,0.3668482076545458,0.10737418240000006,1.0,24717,61.02828999999929,6.102828999999929,3.0167052410757123,5.052758916088301,0.22271916037145617,3.73325472788643,0,0.15060240963855423,False,False,False,423,0,0.0,41.14170999999999,0.1658347087332106,0.40119512211606206,0.0,0.0
FPT,BAD,UCB_WITHOUT_VAE_UNCERTAINTY,UCB-VAE without VAE uncertainty,46,12,train,0.3318448191396838,0.08589934592000005,1.0,26964,-7.419349999998076,-0.7419349999998076,-0.08276696221956037,1.6961101844227202,-1.2199275878165552,6.265042063707204,0,0.04539385847797063,False,False,False,2137,0,0.0,52.069349999999986,0.04060246394081618,0.1953266674663472,0.0,0.0
FPT,BAD,UCB_WITHOUT_VAE_UNCERTAINTY,UCB-VAE without VAE uncertainty,46,12,test,0.3318448191396838,0.08589934592000005,1.0,26964,59.7545199999995,5.97545199999995,2.9546382763156354,5.111552757847624,0.2088483269955828,3.737657479972493,0,0.14859437751004015,False,False,False,424,0,0.0,40.925479999999986,0.16971711242882206,0.39851065285234566,0.0,0.0
FPT,BAD,UCB_WITHOUT_VAE_UNCERTAINTY,UCB-VAE without VAE uncertainty,46,13,train,0.3001813330203001,0.06871947673600004,1.0,29211,-0.6722999999990407,-0.06722999999990406,-0.0074773507577119425,1.869855525026405,-1.0642787078463998,6.506672677690882,0,0.040498442367601244,False,False,False,2142,0,0.0,52.39229999999997,0.04385917274934053,0.19412440901127295,0.0,0.0
FPT,BAD,UCB_WITHOUT_VAE_UNCERTAINTY,UCB-VAE without VAE uncertainty,46,13,test,0.3001813330203001,0.06871947673600004,1.0,29211,57.977019999999584,5.797701999999958,2.8679639068637908,5.070349446266398,0.19338417924671006,3.7645579138137255,0,0.15060240963855423,False,False,False,423,0,0.0,41.14297999999999,0.1734992843623926,0.3957558604308879,0.0,0.0
FPT,BAD,UCB_WITHOUT_VAE_UNCERTAINTY,UCB-VAE without VAE uncertainty,46,14,train,0.27153906734917177,0.054975581388800036,1.0,31458,-4.861139999999068,-0.48611399999990684,-0.0541667849289551,1.9014556882661249,-1.0710521733169835,6.831720264666993,0,0.037383177570093455,False,False,False,2149,0,0.0,52.60113999999998,0.04521697172343396,0.19301990235268301,0.0,0.0
FPT,BAD,UCB_WITHOUT_VAE_UNCERTAINTY,UCB-VAE without VAE uncertainty,46,14,test,0.27153906734917177,0.054975581388800036,1.0,31458,47.39797999999951,4.739797999999951,2.3506013135899284,5.222016071185701,0.09188890123832157,4.06669130604952,0,0.14859437751004015,False,False,False,424,0,0.0,41.142019999999995,0.18125545213677968,0.3934212952971937,0.0,0.0
FPT,BAD,UCB_WITHOUT_VAE_UNCERTAINTY,UCB-VAE without VAE uncertainty,46,15,train,0.24562974770943447,0.05,1.0,33705,57.01020999999946,5.701020999999946,0.6183745548574038,1.8984357961167466,-0.7164830132126674,5.783677557209403,0,0.03471295060080107,False,False,False,2154,0,0.0,52.699789999999965,0.04556404672050998,0.192373178080288,0.0,0.0
FPT,BAD,UCB_WITHOUT_VAE_UNCERTAINTY,UCB-VAE without VAE uncertainty,46,15,test,0.24562974770943447,0.05,1.0,33705,44.822049999999535,4.482204999999953,2.2242330787048292,5.236756309743256,0.06798141806453199,4.074877616561058,0,0.14056224899598393,False,False,False,428,0,0.0,41.467949999999995,0.1789766338248319,0.3918749028480197,0.0,0.0
FPT,BAD,UCB_WITHOUT_VAE_UNCERTAINTY,UCB-VAE without VAE uncertainty,46,16,train,0.2221926058330938,0.05,1.0,35952,50.07831999999985,5.007831999999985,0.5447921900390229,1.9039224614245138,-0.7531216626265475,5.812836447089364,0,0.03382287494437027,False,False,False,2156,0,0.0,52.58167999999997,0.04618105674324659,0.19167470684648885,0.0,0.0
FPT,BAD,UCB_WITHOUT_VAE_UNCERTAINTY,UCB-VAE without VAE uncertainty,46,16,test,0.2221926058330938,0.05,1.0,35952,80.80268999999998,8.080268999999998,3.9755322454164688,5.5515651532228,0.3757826381396749,3.332522704116377,0,0.13453815261044177,False,False,False,431,0,0.0,41.747310000000006,0.193558534194024,0.39019176851673776,0.0,0.0
FPT,BAD,UCB_WITHOUT_VAE_UNCERTAINTY,UCB-VAE without VAE uncertainty,46,17,train,0.20099175505933367,0.05,1.0,38199,17.00148999999965,1.7001489999999646,0.18762166886168163,1.946007891252699,-0.9208626079504376,5.519072172014971,0,0.03115264797507788,False,False,False,2164,0,0.0,52.98850999999996,0.04876748349964605,0.19063369077300835,0.0,0.0
FPT,BAD,UCB_WITHOUT_VAE_UNCERTAINTY,UCB-VAE without VAE uncertainty,46,17,test,0.20099175505933367,0.05,1.0,38199,86.16558000000032,8.616558000000033,4.23405964545398,5.5900936646859245,0.4183860733650806,3.33580681651807,0,0.12650602409638553,False,False,False,435,0,0.0,41.89441999999999,0.19672483604545393,0.3879838359343958,0.0,0.0
FPT,BAD,UCB_WITHOUT_VAE_UNCERTAINTY,UCB-VAE without VAE uncertainty,46,18,train,0.18181381621752543,0.05,1.0,40446,89.43962000000215,8.943962000000214,0.95701849672305,2.1552085972163635,-0.4714545003911881,6.017373585099893,0,0.029817534490431688,False,False,False,2167,0,0.0,53.32038000000001,0.055335527096759166,0.18953187723238307,0.0,0.0
FPT,BAD,UCB_WITHOUT_VAE_UNCERTAINTY,UCB-VAE without VAE uncertainty,46,18,test,0.18181381621752543,0.05,1.0,40446,75.45625999999993,7.545625999999992,3.7171612847969104,5.695012287155148,0.3236643075130976,3.5612758153034947,0,0.12650602409638553,False,False,False,435,0,0.0,41.78373999999999,0.20077061488089493,0.38581991668446475,0.0,0.0
FPT,BAD,UCB_WITHOUT_VAE_UNCERTAINTY,UCB-VAE without VAE uncertainty,46,19,train,0.16446577004027732,0.05,1.0,42693,91.80363000000011,9.18036300000001,0.9813528089932966,2.2471864882273387,-0.44044417160950833,6.345917682358109,0,0.02848242100578549,False,False,False,2170,0,0.0,53.50636999999999,0.05821335906945428,0.18863882272308224,0.0,0.0
FPT,BAD,UCB_WITHOUT_VAE_UNCERTAINTY,UCB-VAE without VAE uncertainty,46,19,test,0.16446577004027732,0.05,1.0,42693,82.99477999999954,8.299477999999953,4.081282805130471,5.635444108395133,0.38920486643451263,3.3441360716849946,0,0.1285140562248996,False,False,False,434,0,0.0,41.785219999999995,0.20113767010904668,0.3837340611171531,0.0,0.0
FPT,BAD,UCB_WITHOUT_VAE_UNCERTAINTY,UCB-VAE without VAE uncertainty,46,20,train,0.14877301449181102,0.05,1.0,44940,146.00543999999968,14.600543999999967,1.5268243197305686,2.5661416333698415,-0.17095422205632588,6.303210550442739,0,0.0262572318647085,False,False,False,2173,0,0.0,53.694559999999996,0.06820546056983513,0.18755047183780602,0.0,0.0
FPT,BAD,UCB_WITHOUT_VAE_UNCERTAINTY,UCB-VAE without VAE uncertainty,46,20,test,0.14877301449181102,0.05,1.0,44940,81.99283999999943,8.199283999999944,4.032960574840128,5.657605193122729,0.3796212743523693,3.3386426048552744,0,0.1285140562248996,False,False,False,434,0,0.0,42.207159999999995,0.20497517326398135,0.381676659047843,0.0,0.0
FPT,BAD,UCB_WITHOUT_VAE_UNCERTAINTY,UCB-VAE without VAE uncertainty,46,21,train,0.13457760745935274,0.05,1.0,47187,173.97704000000113,17.397704000000115,1.7994091325844508,2.6711537201761772,-0.06196445507431049,5.817394702453326,0,0.0258121940364931,False,False,False,2176,0,0.0,53.962959999999974,0.07124913624618738,0.18644125911133205,0.0,0.0
FPT,BAD,UCB_WITHOUT_VAE_UNCERTAINTY,UCB-VAE without VAE uncertainty,46,21,test,0.13457760745935274,0.05,1.0,47187,81.15070999999921,8.11507099999992,3.9923285192576374,5.667303563655179,0.3721150687257756,3.375200509391447,0,0.12650602409638553,False,False,False,434,0,0.0,42.099289999999996,0.2070424817508539,0.37985522859546555,0.0,0.0
FPT,BAD,UCB_WITHOUT_VAE_UNCERTAINTY,UCB-VAE without VAE uncertainty,46,22,train,0.12173667712083987,0.05,1.0,49434,173.1152900000002,17.31152900000002,1.7910979368210844,2.9312664627389817,-0.05678142442255983,7.372338941032002,0,0.02403204272363151,False,False,False,2179,0,0.0,54.29470999999999,0.07674873248992903,0.18546771242863133,0.0,0.0
FPT,BAD,UCB_WITHOUT_VAE_UNCERTAINTY,UCB-VAE without VAE uncertainty,46,22,test,0.12173667712083987,0.05,1.0,49434,73.44683999999984,7.344683999999983,3.619888859668463,5.878677207209142,0.2992445096518302,4.242127105596285,0,0.12650602409638553,False,False,False,435,0,0.0,42.41316,0.212866945805618,0.3779860620637495,0.0,0.0
FPT,BAD,UCB_WITHOUT_VAE_UNCERTAINTY,UCB-VAE without VAE uncertainty,46,23,train,0.11012098398984942,0.05,1.0,51681,-59.319850000001566,-5.931985000000157,-0.6776268681510156,3.5729016023572813,-0.7337630683001841,17.52716284652117,0,0.014241210502892745,False,False,False,2202,0,0.0,54.06985000000002,0.07301266730994874,0.1862005366615099,0.0,0.0
FPT,BAD,UCB_WITHOUT_VAE_UNCERTAINTY,UCB-VAE without VAE uncertainty,46,23,test,0.11012098398984942,0.05,1.0,51681,83.59319999999911,8.359319999999911,4.110133178829911,6.076389636432776,0.36977750990019637,4.2075543580672035,0,0.12650602409638553,False,False,False,435,0,0.0,42.026799999999994,0.22043875409517227,0.3762416827930025,0.0,0.0
FPT,BAD,UCB_WITHOUT_VAE_UNCERTAINTY,UCB-VAE without VAE uncertainty,46,24,train,0.1,0.05,1.0,53928,-66.78890000000445,-6.678890000000445,-0.7656228338791315,4.324211226656565,-0.6200270902044561,20.16753092446999,0,0.014686248331108143,False,False,False,2201,0,0.0,54.10890000000002,0.08143307867396121,0.18561838983720177,0.0,0.0
FPT,BAD,UCB_WITHOUT_VAE_UNCERTAINTY,UCB-VAE without VAE uncertainty,46,24,test,0.1,0.05,1.0,53928,72.50909999999908,7.250909999999908,3.5744634952611154,6.21913148357334,0.27903571873766714,4.287589281606182,0,0.12650602409638553,False,False,False,435,0,0.0,42.030899999999995,0.225775598857695,0.37455645787069597,0.0,0.0
FPT,BAD,UCB_WITHOUT_VAE_UNCERTAINTY,UCB-VAE without VAE uncertainty,46,25,train,0.1,0.05,1.0,56175,-76.99620000000198,-7.6996200000001975,-0.8868970528265518,4.326543270661944,-0.6481737380476708,20.25234375666985,0,0.014241210502892745,False,False,False,2202,0,0.0,54.176200000000016,0.08104784225678036,0.18491874506898492,0.0,0.0
FPT,BAD,UCB_WITHOUT_VAE_UNCERTAINTY,UCB-VAE without VAE uncertainty,46,25,test,0.1,0.05,1.0,56175,76.11355999999955,7.611355999999955,3.748960341137453,6.2462169585537675,0.30527947235312586,4.288782296364342,0,0.12650602409638553,False,False,False,435,0,0.0,42.10643999999999,0.22815212716898628,0.3729509874340521,0.0,0.0
FPT,BAD,UCB_WITHOUT_VAE_UNCERTAINTY,UCB-VAE without VAE uncertainty,46,26,train,0.1,0.05,1.0,58422,-68.18737000000272,-6.818737000000271,-0.7821683249101485,4.336676577771949,-0.6219979355403881,20.19304425336197,0,0.014241210502892745,False,False,False,2202,0,0.0,54.33737000000003,0.08296378732607478,0.1839672722515924,0.0,0.0
FPT,BAD,UCB_WITHOUT_VAE_UNCERTAINTY,UCB-VAE without VAE uncertainty,46,26,test,0.1,0.05,1.0,58422,78.99355999999966,7.899355999999965,3.888175874349886,6.219652054294843,0.328065879367283,4.288782296364342,0,0.12650602409638553,False,False,False,435,0,0.0,42.10643999999999,0.22535568551943738,0.37142981932943603,0.0,0.0
FPT,BAD,UCB_WITHOUT_VAE_UNCERTAINTY,UCB-VAE without VAE uncertainty,46,27,train,0.1,0.05,1.0,60669,-64.33466000000283,-6.4334660000002835,-0.7366395827781536,4.318617267651378,-0.614065868961753,20.169911192380148,0,0.014686248331108143,False,False,False,2201,0,0.0,54.474660000000036,0.08233161660961556,0.18315308263859434,0.0,0.0
FPT,BAD,UCB_WITHOUT_VAE_UNCERTAINTY,UCB-VAE without VAE uncertainty,46,27,test,0.1,0.05,1.0,60669,76.73343999999975,7.673343999999975,3.778940215260551,6.183267687600262,0.31247393157272774,4.288782296364342,0,0.12650602409638553,False,False,False,435,0,0.0,42.006559999999986,0.22486596451116378,0.369524336752882,0.0,0.0
FPT,BAD,UCB_WITHOUT_VAE_UNCERTAINTY,UCB-VAE without VAE uncertainty,46,28,train,0.1,0.05,1.0,62916,-51.15108000000362,-5.115108000000362,-0.5820953882105795,5.540245925862359,-0.439350066764339,24.184313767592528,1,0.014686248331108143,False,False,False,2199,0,0.0,54.73108000000001,0.10150191702484297,0.1822570696420069,0.0,0.0
FPT,BAD,UCB_WITHOUT_VAE_UNCERTAINTY,UCB-VAE without VAE uncertainty,46,28,test,0.1,0.05,1.0,62916,82.18336999999997,8.218336999999996,4.042151298996699,6.198622802272152,0.35306739618237626,4.464835647513981,0,0.1285140562248996,False,False,False,434,0,0.0,41.98662999999999,0.22678659960650238,0.3675577469678768,0.0,0.0
FPT,BAD,UCB_WITHOUT_VAE_UNCERTAINTY,UCB-VAE without VAE uncertainty,46,29,train,0.1,0.05,1.0,65163,-39.8070600000043,-3.98070600000043,-0.4506355569532272,5.565744779387048,-0.4131416882046003,24.11676564636272,1,0.012461059190031152,False,False,False,2200,0,0.0,55.027060000000034,0.1049339288453371,0.18129118943763511,0.0,0.0
FPT,BAD,UCB_WITHOUT_VAE_UNCERTAINTY,UCB-VAE without VAE uncertainty,46,29,test,0.1,0.05,1.0,65163,82.18336999999997,8.218336999999996,4.042151298996699,6.198622802272152,0.35306739618237626,4.464835647513981,0,0.1285140562248996,False,False,False,434,0,0.0,41.98662999999999,0.22678659960650238,0.36563745993806657,0.0,0.0
FPT,BAD,UCB_WITHOUT_VAE_UNCERTAINTY,UCB-VAE without VAE uncertainty,46,30,train,0.1,0.05,1.0,67410,3073.069410000002,307.30694100000017,16.90026813343277,11.989440954076231,1.2069271103229642,10.626582634163817,1,0.006675567423230975,False,False,False,2218,0,0.0,64.12058999999998,0.424349152288597,0.19514788237276426,0.0,0.0
FPT,BAD,UCB_WITHOUT_VAE_UNCERTAINTY,UCB-VAE without VAE uncertainty,46,30,test,0.1,0.05,1.0,67410,82.18336999999997,8.218336999999996,4.042151298996699,6.198622802272152,0.35306739618237626,4.464835647513981,0,0.1285140562248996,False,False,False,434,0,0.0,41.98662999999999,0.22678659960650238,0.36349211699033834,0.0,0.0
FPT,BAD,UCB_WITHOUT_VAE_UNCERTAINTY,UCB-VAE without VAE uncertainty,46,31,train,0.1,0.05,1.0,69657,3487.7632399999984,348.7763239999998,18.167321783361558,15.15502895254483,1.055133780442559,32.6113752660392,6,0.004450378282153983,False,False,False,2232,0,0.0,61.456759999999974,0.5046982845570649,0.19550897152849872,0.0,0.0
FPT,BAD,UCB_WITHOUT_VAE_UNCERTAINTY,UCB-VAE without VAE uncertainty,46,31,test,0.1,0.05,1.0,69657,87.30205999999953,8.730205999999953,4.288763898284342,6.265631742518068,0.388070345829432,4.400270653762319,0,0.12650602409638553,False,False,False,435,0,0.0,42.057939999999995,0.23199705805006213,0.3614463132009449,0.0,0.0
FPT,BAD,UCB_WITHOUT_VAE_UNCERTAINTY,UCB-VAE without VAE uncertainty,46,32,train,0.1,0.05,1.0,71904,-51.32081000000392,-5.132081000000391,-0.5840728838144682,5.576046568324321,-0.43653740507350747,24.028396473746135,1,0.014241210502892745,False,False,False,2201,0,0.0,55.15081000000003,0.10562339699867598,0.17895585432827713,0.0,0.0
FPT,BAD,UCB_WITHOUT_VAE_UNCERTAINTY,UCB-VAE without VAE uncertainty,46,32,test,0.1,0.05,1.0,71904,72.28053,7.228052999999999,3.563388263030709,6.340073409526678,0.27320934024276833,4.462232935852214,0,0.12650602409638553,False,False,False,435,0,0.0,42.06946999999999,0.233120181323592,0.35973943351023646,0.0,0.0
FPT,BAD,UCB_WITHOUT_VAE_UNCERTAINTY,UCB-VAE without VAE uncertainty,46,33,train,0.1,0.05,1.0,74151,-20.465320000003885,-2.0465320000003886,-0.2296447916244504,5.6521717260128845,-0.36641907044733973,24.64901924243149,1,0.014686248331108143,False,False,False,2202,0,0.0,55.70532,0.10930544367435388,0.17814682314978952,0.0,0.0
FPT,BAD,UCB_WITHOUT_VAE_UNCERTAINTY,UCB-VAE without VAE uncertainty,46,33,test,0.1,0.05,1.0,74151,121.60815999999954,12.160815999999954,5.926874730874965,6.065963322100595,0.6580107736297757,3.9878319084349703,0,0.13453815261044177,False,False,False,431,0,0.0,42.57183999999998,0.22197690945789902,0.3580999556913912,0.0,0.0
FPT,BAD,UCB_WITHOUT_VAE_UNCERTAINTY,UCB-VAE without VAE uncertainty,46,34,train,0.1,0.05,1.0,76398,156.6086499999983,15.660864999999829,1.6308420332363127,5.603070156039457,-0.0376174354523199,22.295377782775418,0,0.01290609701824655,False,False,False,2201,0,0.0,56.48135000000003,0.12964979393539147,0.17690414331213442,0.0,0.0
FPT,BAD,UCB_WITHOUT_VAE_UNCERTAINTY,UCB-VAE without VAE uncertainty,46,34,test,0.1,0.05,1.0,76398,121.60815999999954,12.160815999999954,5.926874730874965,6.065963322100595,0.6580107736297757,3.9878319084349703,0,0.13453815261044177,False,False,False,431,0,0.0,42.57183999999998,0.22178684622180567,0.3561593713650263,0.0,0.0
FPT,BAD,UCB_WITHOUT_VAE_UNCERTAINTY,UCB-VAE without VAE uncertainty,46,35,train,0.1,0.05,1.0,78645,-46.7467800000029,-4.6746780000002905,-0.5308912451140624,5.60966468706596,-0.42399149839484873,24.60752754222448,1,0.014241210502892745,False,False,False,2203,0,0.0,55.34678000000001,0.10781290908761842,0.17671268002942875,0.0,0.0
FPT,BAD,UCB_WITHOUT_VAE_UNCERTAINTY,UCB-VAE without VAE uncertainty,46,35,test,0.1,0.05,1.0,78645,116.10411999999928,11.61041199999993,5.665756391034149,6.0868712052657035,0.6150537450023427,3.9878319084349703,0,0.13453815261044177,False,False,False,431,0,0.0,42.67587999999998,0.22401201395279005,0.35451720358736544,0.0,0.0
FPT,BAD,UCB_WITHOUT_VAE_UNCERTAINTY,UCB-VAE without VAE uncertainty,46,36,train,0.1,0.05,1.0,80892,62.23177999999575,6.223177999999575,0.6735190999394902,5.831890678586189,-0.19753632161033444,24.333393806582592,1,0.017356475300400534,False,False,False,2199,0,0.0,56.58822000000001,0.12676533347004518,0.17573576492000856,0.0,0.0
FPT,BAD,UCB_WITHOUT_VAE_UNCERTAINTY,UCB-VAE without VAE uncertainty,46,36,test,0.1,0.05,1.0,80892,127.97423000000003,12.797423000000002,6.228093774941468,6.025183208151746,0.7095973567091083,3.9337032848244817,0,0.13453815261044177,False,False,False,431,0,0.0,42.85576999999998,0.22401524595990607,0.3530590629960638,0.0,0.0
FPT,BAD,UCB_WITHOUT_VAE_UNCERTAINTY,UCB-VAE without VAE uncertainty,46,37,train,0.1,0.05,1.0,83139,29.738179999995737,2.9738179999995737,0.32636081638304226,5.586150212597634,-0.27111544418427136,23.986582949817727,1,0.016466399643969738,False,False,False,2201,0,0.0,56.40182,0.11949797625942468,0.1751896807510268,0.0,0.0
FPT,BAD,UCB_WITHOUT_VAE_UNCERTAINTY,UCB-VAE without VAE uncertainty,46,37,test,0.1,0.05,1.0,83139,130.4754700000001,13.047547000000009,6.346211395389734,6.002686588281106,0.730708508237849,3.9337032848244817,0,0.13453815261044177,False,False,False,431,0,0.0,42.95452999999998,0.22133551329347953,0.3516940095996761,0.0,0.0
FPT,BAD,UCB_WITHOUT_VAE_UNCERTAINTY,UCB-VAE without VAE uncertainty,46,38,train,0.1,0.05,1.0,85386,194.50086999999644,19.450086999999645,1.9957671133089327,6.198151065602346,0.030022403408044167,24.319262718425207,0,0.010235870048954161,False,False,False,2203,0,0.0,57.389129999999994,0.1484095707361268,0.17421937158930603,0.0,0.0
FPT,BAD,UCB_WITHOUT_VAE_UNCERTAINTY,UCB-VAE without VAE uncertainty,46,38,test,0.1,0.05,1.0,85386,106.51683999999955,10.651683999999955,5.209387263056708,5.673768822709078,0.5786455683728274,4.018576860651475,0,0.13453815261044177,False,False,False,431,0,0.0,42.943159999999985,0.2173628795847814,0.3500813551277042,0.0,0.0
FPT,BAD,UCB_WITHOUT_VAE_UNCERTAINTY,UCB-VAE without VAE uncertainty,46,39,train,0.1,0.05,1.0,87633,193.31593999999654,19.331593999999654,1.9845123916669039,6.308237870755058,0.028820555006720275,24.16767235057814,0,0.011125945705384957,False,False,False,2201,0,0.0,57.24406,0.1517743984329538,0.17363110326419526,0.0,0.0
FPT,BAD,UCB_WITHOUT_VAE_UNCERTAINTY,UCB-VAE without VAE uncertainty,46,39,test,0.1,0.05,1.0,87633,106.51683999999955,10.651683999999955,5.209387263056708,5.673768822709078,0.5786455683728274,4.018576860651475,0,0.13453815261044177,False,False,False,431,0,0.0,42.943159999999985,0.2173628795847814,0.34792063352333974,0.0,0.0
FPT,BAD,UCB_WITHOUT_VAE_UNCERTAINTY,UCB-VAE without VAE uncertainty,46,40,train,0.1,0.05,1.0,89880,158.9065399999963,15.890653999999632,1.6532725890334055,5.950443854610503,-0.028289992092273782,23.670489743125238,0,0.012461059190031152,False,False,False,2202,0,0.0,57.01346000000002,0.1393754511396319,0.17244012539598694,0.0,0.0
FPT,BAD,UCB_WITHOUT_VAE_UNCERTAINTY,UCB-VAE without VAE uncertainty,46,40,test,0.1,0.05,1.0,89880,101.34577999999942,10.134577999999943,4.9624188415140935,5.692430699109707,0.5352861635808134,4.039121004363481,0,0.13453815261044177,False,False,False,431,0,0.0,42.83421999999998,0.21727164011879838,0.34587664641888743,0.0,0.0
FPT,BAD,UCB_WITHOUT_VAE_UNCERTAINTY,UCB-VAE without VAE uncertainty,46,41,train,0.1,0.05,1.0,92127,218.39001999999914,21.839001999999912,2.220580612092049,6.012846746006879,0.06597716774910825,23.8127497494935,0,0.01602136181575434,False,False,False,2192,0,0.0,57.80997999999999,0.14897863387793786,0.1720283150019702,0.0,0.0
FPT,BAD,UCB_WITHOUT_VAE_UNCERTAINTY,UCB-VAE without VAE uncertainty,46,41,test,0.1,0.05,1.0,92127,102.63318000000004,10.263318000000003,5.023958639219561,5.760883462774884,0.5398625802407243,4.017833191572,0,0.13654618473895583,False,False,False,430,0,0.0,42.94681999999999,0.2074668900709707,0.3446034063775855,0.0,0.0
FPT,BAD,UCB_WITHOUT_VAE_UNCERTAINTY,UCB-VAE without VAE uncertainty,46,42,train,0.1,0.05,1.0,94374,264.15204999999946,26.415204999999947,2.6405054618032997,6.715052398609424,0.1273542898922495,24.741947877078147,1,0.014686248331108143,False,False,False,2195,0,0.0,58.01795,0.1706564482740849,0.17122222173960674,0.0,0.0
FPT,BAD,UCB_WITHOUT_VAE_UNCERTAINTY,UCB-VAE without VAE uncertainty,46,42,test,0.1,0.05,1.0,94374,83.42365999999947,8.342365999999947,4.101960307053809,5.81747452177592,0.382275631319606,4.774612278951019,0,0.13453815261044177,False,False,False,431,0,0.0,43.29633999999999,0.21080619856394683,0.34232086110785304,0.0,0.0
FPT,BAD,UCB_WITHOUT_VAE_UNCERTAINTY,UCB-VAE without VAE uncertainty,46,43,train,0.1,0.05,1.0,96621,248.4403199999972,24.844031999999718,2.4978759693592645,6.7599931944195655,0.10620060227455126,24.687622759947587,1,0.014686248331108143,False,False,False,2195,0,0.0,57.85967999999999,0.17168258218873744,0.17070694112902385,0.0,0.0
FPT,BAD,UCB_WITHOUT_VAE_UNCERTAINTY,UCB-VAE without VAE uncertainty,46,43,test,0.1,0.05,1.0,96621,95.13026999999943,9.513026999999944,4.664801874529889,5.669277532862026,0.4867171288026338,4.017833191572,0,0.13453815261044177,False,False,False,431,0,0.0,43.27972999999998,0.2050539308175522,0.3405496490947214,0.0,0.0
FPT,BAD,UCB_WITHOUT_VAE_UNCERTAINTY,UCB-VAE without VAE uncertainty,46,44,train,0.1,0.05,1.0,98868,438.688469999998,43.8688469999998,4.127126656913371,6.972883469138023,0.3331212980761218,23.59443211052748,0,0.01290609701824655,False,False,False,2199,0,0.0,58.761530000000036,0.1977849873674878,0.16941685105695106,0.0,0.0
FPT,BAD,UCB_WITHOUT_VAE_UNCERTAINTY,UCB-VAE without VAE uncertainty,46,44,test,0.1,0.05,1.0,98868,95.13026999999943,9.513026999999944,4.664801874529889,5.669277532212408,0.486717128851906,4.017833191572,0,0.13453815261044177,False,False,False,431,0,0.0,43.27972999999998,0.20525279501858865,0.33874192845869255,0.0,0.0
FPT,BAD,UCB_WITHOUT_VAE_UNCERTAINTY,UCB-VAE without VAE uncertainty,46,45,train,0.1,0.05,1.0,101115,542.2686499999961,54.22686499999961,4.935150496130936,7.746605418506586,0.4079273786372736,25.266883765831118,1,0.012461059190031152,False,False,False,2200,0,0.0,59.20135,0.2211328169320463,0.1687522439785968,0.0,0.0
FPT,BAD,UCB_WITHOUT_VAE_UNCERTAINTY,UCB-VAE without VAE uncertainty,46,45,test,0.1,0.05,1.0,101115,113.69818999999961,11.369818999999962,5.55141464508957,5.866869899197013,0.6172911317561623,4.017833191572,0,0.13453815261044177,False,False,False,431,0,0.0,43.63180999999998,0.21390042547614746,0.33703623825766477,0.0,0.0
FPT,BAD,UCB_WITHOUT_VAE_UNCERTAINTY,UCB-VAE without VAE uncertainty,47,1,train,1.0,1.0,1.0,2247,572.6062400000023,57.260624000000234,5.1626761880416705,12.09357733745997,0.31508395607973827,32.42421558228178,5,0.04717400979083222,False,False,False,2081,0,0.0,98.0737599999998,0.30973656051670007,0.27886005046370826,0.0,0.0
FPT,BAD,UCB_WITHOUT_VAE_UNCERTAINTY,UCB-VAE without VAE uncertainty,47,1,test,1.0,1.0,1.0,2247,403.2776000000001,40.32776000000001,18.528952623449513,18.14284356002307,0.9255957824836061,22.455012939690324,1,0.08835341365461848,False,False,False,246,0,0.0,28.84239999999999,0.5985214090212414,0.4601042101900262,0.0,0.0
FPT,BAD,UCB_WITHOUT_VAE_UNCERTAINTY,UCB-VAE without VAE uncertainty,47,2,train,0.9045834549972122,0.8,1.0,4494,609.031810000004,60.90318100000041,5.4307621120701866,12.116528195844989,0.33590957966922425,32.50837279436438,5,0.04850912327547842,False,False,False,2076,0,0.0,96.93818999999992,0.3112053384168314,0.2737337090157911,0.0,0.0
FPT,BAD,UCB_WITHOUT_VAE_UNCERTAINTY,UCB-VAE without VAE uncertainty,47,2,test,0.9045834549972122,0.8,1.0,4494,401.16075000000023,40.11607500000002,18.439211170225136,18.128200469392983,0.9219803653912849,22.686711439241435,1,0.09036144578313253,False,False,False,245,0,0.0,28.70924999999999,0.5931011271268263,0.45398906824818575,0.0,0.0
FPT,BAD,UCB_WITHOUT_VAE_UNCERTAINTY,UCB-VAE without VAE uncertainty,47,3,train,0.8182712270546932,0.6400000000000001,1.0,6741,596.4232200000015,59.64232200000015,5.338581128133102,12.065775564017708,0.3294970310146301,32.726407337416084,5,0.02892745883400089,False,False,False,2071,0,0.0,96.37677999999994,0.3077748698089191,0.26902366047919885,0.0,0.0
FPT,BAD,UCB_WITHOUT_VAE_UNCERTAINTY,UCB-VAE without VAE uncertainty,47,3,test,0.8182712270546932,0.6400000000000001,1.0,6741,430.5613999999996,43.05613999999996,19.679636394582477,18.228915219226486,0.975545284022893,22.849224705435354,1,0.08634538152610442,False,False,False,245,0,0.0,28.65859999999999,0.6023190303523862,0.4490259882197323,0.0,0.0
FPT,BAD,UCB_WITHOUT_VAE_UNCERTAINTY,UCB-VAE without VAE uncertainty,47,4,train,0.7401946136939427,0.5120000000000001,1.0,8988,774.0245000000059,77.40245000000058,6.5813276863019965,10.765039052806571,0.4653011233397993,28.241863071649238,3,0.03115264797507788,False,False,False,2091,0,0.0,97.5355000000001,0.2856049915060318,0.2682464477031243,0.0,0.0
FPT,BAD,UCB_WITHOUT_VAE_UNCERTAINTY,UCB-VAE without VAE uncertainty,47,4,test,0.7401946136939427,0.5120000000000001,1.0,8988,365.19011000000023,36.51901100000002,16.90381870335733,17.386116693076616,0.8780286565333463,22.311712693850833,1,0.08634538152610442,False,False,False,244,0,0.0,27.899889999999985,0.5584469413430135,0.4436837680129162,0.0,0.0
FPT,BAD,UCB_WITHOUT_VAE_UNCERTAINTY,UCB-VAE without VAE uncertainty,47,5,train,0.6695678010255933,0.4096000000000001,1.0,11235,733.3857100000046,73.33857100000046,6.30705647893226,10.2876801178963,0.45670776516495726,27.468290221678583,3,0.02403204272363151,False,False,False,2086,0,0.0,97.34429000000009,0.2664395968726474,0.2664794386408039,0.0,0.0
FPT,BAD,UCB_WITHOUT_VAE_UNCERTAINTY,UCB-VAE without VAE uncertainty,47,5,test,0.6695678010255933,0.4096000000000001,1.0,11235,360.8914099999997,36.08914099999998,16.71898862328851,17.86377451057103,0.8503111734051869,22.21142051775466,1,0.08634538152610442,False,False,False,244,0,0.0,28.03859,0.5570717078232797,0.43872607628025684,0.0,0.0
FPT,BAD,UCB_WITHOUT_VAE_UNCERTAINTY,UCB-VAE without VAE uncertainty,47,6,train,0.6056799548066172,0.3276800000000001,1.0,13482,799.4106800000027,79.94106800000027,6.7498385174052045,10.503533069093033,0.4893948422645848,26.43791683814146,3,0.022251891410769914,False,False,False,2095,0,0.0,98.28931999999998,0.2858718096334004,0.26087880931698487,0.0,0.0
FPT,BAD,UCB_WITHOUT_VAE_UNCERTAINTY,UCB-VAE without VAE uncertainty,47,6,test,0.6056799548066172,0.3276800000000001,1.0,13482,349.40281999999934,34.94028199999993,16.223584120397017,17.64629561737709,0.8343078208843504,22.42700283926101,1,0.08634538152610442,False,False,False,244,0,0.0,27.71717999999999,0.538869334778594,0.4347263642822404,0.0,0.0
FPT,BAD,UCB_WITHOUT_VAE_UNCERTAINTY,UCB-VAE without VAE uncertainty,47,7,train,0.547888066141525,0.2621440000000001,1.0,15729,591.9451300000014,59.194513000000136,5.305686187616887,11.949739568158444,0.32889435207759465,32.42804654726015,5,0.04227859368046284,False,False,False,2064,0,0.0,95.60487,0.32026804834908723,0.25163438789211595,0.0,0.0
FPT,BAD,UCB_WITHOUT_VAE_UNCERTAINTY,UCB-VAE without VAE uncertainty,47,7,test,0.547888066141525,0.2621440000000001,1.0,15729,343.81633999999985,34.381633999999984,15.981927671967643,17.668696178733175,0.8215432679778965,21.26636086709115,1,0.0823293172690763,False,False,False,246,0,0.0,28.14365999999999,0.5350209342178242,0.4302922359192706,0.0,0.0
FPT,BAD,UCB_WITHOUT_VAE_UNCERTAINTY,UCB-VAE without VAE uncertainty,47,8,train,0.49561047982204176,0.20971520000000007,1.0,17976,708.8959400000044,70.88959400000044,6.139002394947646,10.28256782293819,0.44137537370693364,27.504183207352035,3,0.04984423676012461,False,False,False,2093,0,0.0,98.34406000000001,0.2767003408519902,0.2547593263052918,0.0,0.0
FPT,BAD,UCB_WITHOUT_VAE_UNCERTAINTY,UCB-VAE without VAE uncertainty,47,8,test,0.49561047982204176,0.20971520000000007,1.0,17976,311.8892499999997,31.188924999999973,14.591134727365397,17.60436626674717,0.7547311127081638,21.26636086709115,1,0.050200803212851405,False,False,False,247,0,0.0,27.820749999999986,0.518962972452375,0.4272483936155656,0.0,0.0
FPT,BAD,UCB_WITHOUT_VAE_UNCERTAINTY,UCB-VAE without VAE uncertainty,47,9,train,0.4483210401702486,0.1677721600000001,1.0,20223,989.5243100000034,98.95243100000035,7.9486205584099245,10.466701029133734,0.5983467328595299,25.28201720965223,1,0.01290609701824655,False,False,False,2141,0,0.0,104.5856899999999,0.3051329089149629,0.2505029462108784,0.0,0.0
FPT,BAD,UCB_WITHOUT_VAE_UNCERTAINTY,UCB-VAE without VAE uncertainty,47,9,test,0.4483210401702486,0.1677721600000001,1.0,20223,307.2995499999997,30.72995499999997,14.389819774521918,17.711992296346736,0.7411835646308846,21.26636086709115,1,0.0823293172690763,False,False,False,248,0,0.0,28.630449999999993,0.5196827794976417,0.4248822253631301,0.0,0.0
FPT,BAD,UCB_WITHOUT_VAE_UNCERTAINTY,UCB-VAE without VAE uncertainty,47,10,train,0.4055437954651474,0.13421772800000006,1.0,22470,1012.0313900000028,101.20313900000029,8.083724631523449,10.505821531732472,0.6085166249678152,25.037780355344147,1,0.02091677792612372,False,False,False,2144,0,0.0,104.61860999999989,0.30771656889048615,0.24828452885840593,0.0,0.0
FPT,BAD,UCB_WITHOUT_VAE_UNCERTAINTY,UCB-VAE without VAE uncertainty,47,10,test,0.4055437954651474,0.13421772800000006,1.0,22470,355.2150399999998,35.52150399999998,16.474476946269554,17.699106707861155,0.8445937113434148,21.26636086709115,1,0.040160642570281124,False,False,False,249,0,0.0,29.10495999999999,0.5452566011274681,0.42267556308981885,0.0,0.0
FPT,BAD,UCB_WITHOUT_VAE_UNCERTAINTY,UCB-VAE without VAE uncertainty,47,11,train,0.3668482076545458,0.10737418240000006,1.0,24717,822.2780800000046,82.22780800000045,6.899830635743265,10.431428432653854,0.505623283805264,27.196503611678928,3,0.009790832220738763,False,False,False,2121,0,0.0,101.96191999999995,0.2939607494826025,0.2465794451823222,0.0,0.0
FPT,BAD,UCB_WITHOUT_VAE_UNCERTAINTY,UCB-VAE without VAE uncertainty,47,11,test,0.3668482076545458,0.10737418240000006,1.0,24717,372.5974999999996,37.25974999999996,17.221633215432817,17.79310396312367,0.8773386299249385,21.373403285707433,1,0.08835341365461848,False,False,False,252,0,0.0,29.602499999999996,0.5473688221186834,0.42096233266185085,0.0,0.0
FPT,BAD,UCB_WITHOUT_VAE_UNCERTAINTY,UCB-VAE without VAE uncertainty,47,12,train,0.3318448191396838,0.08589934592000005,1.0,26964,808.797640000003,80.87976400000029,6.811613416808049,10.441212986111202,0.49726784511416006,27.26667503188628,3,0.009790832220738763,False,False,False,2122,0,0.0,102.20235999999996,0.2946790239191634,0.2444280789336948,0.0,0.0
FPT,BAD,UCB_WITHOUT_VAE_UNCERTAINTY,UCB-VAE without VAE uncertainty,47,12,test,0.3318448191396838,0.08589934592000005,1.0,26964,370.9828699999998,37.09828699999998,17.152430400032404,17.793898564010107,0.8739578456567987,21.373403285707433,1,0.04417670682730924,False,False,False,253,0,0.0,29.667129999999997,0.5496357556544349,0.4191056813700611,0.0,0.0
FPT,BAD,UCB_WITHOUT_VAE_UNCERTAINTY,UCB-VAE without VAE uncertainty,47,13,train,0.3001813330203001,0.06871947673600004,1.0,29211,818.3115300000018,81.83115300000019,6.873933565619916,11.745525650405,0.4594746898967532,28.325340174181346,5,0.029372496662216287,False,False,False,2133,0,0.0,103.83847000000003,0.3342332666394277,0.24020345204994314,0.0,0.0
FPT,BAD,UCB_WITHOUT_VAE_UNCERTAINTY,UCB-VAE without VAE uncertainty,47,13,test,0.3001813330203001,0.06871947673600004,1.0,29211,368.16193999999973,36.816193999999975,17.031428208939037,17.797138604749446,0.8679708476464004,21.373403285707433,1,0.08835341365461848,False,False,False,252,0,0.0,29.598059999999993,0.5476741174594362,0.4179671952523381,0.0,0.0
FPT,BAD,UCB_WITHOUT_VAE_UNCERTAINTY,UCB-VAE without VAE uncertainty,47,14,train,0.27153906734917177,0.054975581388800036,1.0,31458,1085.9924500000034,108.59924500000034,8.518427837134501,10.791303633813646,0.6327889207383116,25.745904778691813,2,0.004005340453938585,False,False,False,2162,0,0.0,107.19755,0.32009950296244494,0.2412085612654739,0.0,0.0
FPT,BAD,UCB_WITHOUT_VAE_UNCERTAINTY,UCB-VAE without VAE uncertainty,47,14,test,0.27153906734917177,0.054975581388800036,1.0,31458,412.1004000000005,41.21004000000005,18.902260748938417,18.543072929200193,0.9266597637746612,22.330319126692558,1,0.04618473895582329,False,False,False,251,0,0.0,29.51959999999999,0.5561576458021051,0.41653804325435057,0.0,0.0
FPT,BAD,UCB_WITHOUT_VAE_UNCERTAINTY,UCB-VAE without VAE uncertainty,47,15,train,0.24562974770943447,0.05,1.0,33705,807.3089200000018,80.73089200000018,6.801835298905767,12.515038851301071,0.43324423805687995,30.06145102518552,5,0.0053404539385847796,False,False,False,2140,0,0.0,105.31108,0.3460721498878913,0.23713295496618902,0.0,0.0
FPT,BAD,UCB_WITHOUT_VAE_UNCERTAINTY,UCB-VAE without VAE uncertainty,47,15,test,0.24562974770943447,0.05,1.0,33705,421.9283300000002,42.19283300000002,19.316731929192166,18.23002372282822,0.9586346832599368,21.01594305280458,1,0.04216867469879518,False,False,False,250,0,0.0,29.721669999999992,0.5447129596895522,0.4153465199542333,0.0,0.0
FPT,BAD,UCB_WITHOUT_VAE_UNCERTAINTY,UCB-VAE without VAE uncertainty,47,16,train,0.2221926058330938,0.05,1.0,35952,756.2794400000025,75.62794400000026,6.46226044106335,12.645039989461035,0.40468466303648754,30.060007526175593,4,0.02091677792612372,False,False,False,2134,0,0.0,104.80055999999999,0.35642041640417893,0.23407259298315247,0.0,0.0
FPT,BAD,UCB_WITHOUT_VAE_UNCERTAINTY,UCB-VAE without VAE uncertainty,47,16,test,0.2221926058330938,0.05,1.0,35952,430.3739700000001,43.03739700000001,19.671769091416678,18.240080420561814,0.9746476570762331,21.01594305280458,1,0.04216867469879518,False,False,False,248,0,0.0,29.31602999999999,0.5444429634225064,0.41436040664772433,0.0,0.0
FPT,BAD,UCB_WITHOUT_VAE_UNCERTAINTY,UCB-VAE without VAE uncertainty,47,17,train,0.20099175505933367,0.05,1.0,38199,883.8014900000023,88.38014900000023,7.295223981017274,11.784768763856821,0.49200762075163923,28.604046039108887,4,0.016911437472185136,False,False,False,2154,0,0.0,107.02850999999997,0.33894946619643657,0.23576013427551026,0.0,0.0
FPT,BAD,UCB_WITHOUT_VAE_UNCERTAINTY,UCB-VAE without VAE uncertainty,47,17,test,0.20099175505933367,0.05,1.0,38199,427.61121,42.761121,19.555743642207247,18.253540169187072,0.9686990304703308,21.01594305280458,1,0.04216867469879518,False,False,False,248,0,0.0,29.31878999999999,0.5452640587342554,0.41336805753439787,0.0,0.0
FPT,BAD,UCB_WITHOUT_VAE_UNCERTAINTY,UCB-VAE without VAE uncertainty,47,18,train,0.18181381621752543,0.05,1.0,40446,1121.3470500000003,112.13470500000003,8.72140294128474,12.005455224436147,0.5960917978455582,28.620955827046895,4,0.011570983533600357,False,False,False,2179,0,0.0,110.38295,0.3595060397584539,0.23380791663486902,0.0,0.0
FPT,BAD,UCB_WITHOUT_VAE_UNCERTAINTY,UCB-VAE without VAE uncertainty,47,18,test,0.18181381621752543,0.05,1.0,40446,400.9965900000002,40.099659000000024,18.432248971599584,18.061639245139443,0.9243285230455442,21.01594305280458,1,0.04618473895582329,False,False,False,249,0,0.0,29.673409999999993,0.532058729613814,0.4128576934816368,0.0,0.0
FPT,BAD,UCB_WITHOUT_VAE_UNCERTAINTY,UCB-VAE without VAE uncertainty,47,19,train,0.16446577004027732,0.05,1.0,42693,1121.3904800000028,112.13904800000027,8.721650423532745,11.926342160399415,0.5992751012904178,27.981840689771264,3,0.01602136181575434,False,False,False,2183,0,0.0,111.30952,0.3612165573204735,0.23212664822405796,0.0,0.0
FPT,BAD,UCB_WITHOUT_VAE_UNCERTAINTY,UCB-VAE without VAE uncertainty,47,19,test,0.16446577004027732,0.05,1.0,42693,400.9965900000002,40.099659000000024,18.432248971599584,18.061639245139443,0.9243285230455442,21.01594305280458,1,0.04618473895582329,False,False,False,249,0,0.0,29.673409999999993,0.532058729613814,0.4114577835463137,0.0,0.0
FPT,BAD,UCB_WITHOUT_VAE_UNCERTAINTY,UCB-VAE without VAE uncertainty,47,20,train,0.14877301449181102,0.05,1.0,44940,895.6325700000036,89.56325700000036,7.369940295832533,10.852869691329866,0.5309071721119972,25.346609681037773,2,0.006230529595015576,False,False,False,2162,0,0.0,108.4574299999999,0.3185185650734279,0.23236461223484836,0.0,0.0
FPT,BAD,UCB_WITHOUT_VAE_UNCERTAINTY,UCB-VAE without VAE uncertainty,47,20,test,0.14877301449181102,0.05,1.0,44940,329.83163000000036,32.98316300000004,15.374781658567628,18.543179401417635,0.7627477524337811,23.626327491873756,2,0.04618473895582329,False,False,False,252,0,0.0,30.83836999999999,0.5297840860022346,0.41027810385667657,0.0,0.0
FPT,BAD,UCB_WITHOUT_VAE_UNCERTAINTY,UCB-VAE without VAE uncertainty,47,21,train,0.13457760745935274,0.05,1.0,47187,1031.5033500000022,103.15033500000021,8.19953022938915,13.04546861533861,0.521372598751558,30.599070188125577,4,0.005785491766800178,False,False,False,2180,0,0.0,110.82664999999993,0.3880019939724847,0.22634192524974378,0.0,0.0
FPT,BAD,UCB_WITHOUT_VAE_UNCERTAINTY,UCB-VAE without VAE uncertainty,47,21,test,0.13457760745935274,0.05,1.0,47187,329.83163000000036,32.98316300000004,15.374781658567628,18.543179401417635,0.7627477524337811,23.626327491873756,2,0.04618473895582329,False,False,False,252,0,0.0,30.83836999999999,0.5297840860022346,0.40929950713871954,0.0,0.0
FPT,BAD,UCB_WITHOUT_VAE_UNCERTAINTY,UCB-VAE without VAE uncertainty,47,22,train,0.12173667712083987,0.05,1.0,49434,1057.6423300000015,105.76423300000015,8.353445213463196,13.051763534219644,0.5321770049772225,30.60478350732842,4,0.013796172674677348,False,False,False,2185,0,0.0,112.06767000000002,0.3902190608697499,0.22494277607734117,0.0,0.0
FPT,BAD,UCB_WITHOUT_VAE_UNCERTAINTY,UCB-VAE without VAE uncertainty,47,22,test,0.12173667712083987,0.05,1.0,49434,320.13014999999973,32.013014999999974,14.95172104694442,17.35472894239527,0.7812540317502865,21.99391844079073,0,0.040160642570281124,False,False,False,250,0,0.0,30.099849999999993,0.5181221489033287,0.4084718971846094,0.0,0.0
FPT,BAD,UCB_WITHOUT_VAE_UNCERTAINTY,UCB-VAE without VAE uncertainty,47,23,train,0.11012098398984942,0.05,1.0,51681,1078.0866800000013,107.80866800000013,8.472621835068805,13.020810862475532,0.5416320424081076,29.869408070580704,5,0.0053404539385847796,False,False,False,2185,0,0.0,112.01332000000002,0.392125718012661,0.22310980778431225,0.0,0.0
FPT,BAD,UCB_WITHOUT_VAE_UNCERTAINTY,UCB-VAE without VAE uncertainty,47,23,test,0.11012098398984942,0.05,1.0,51681,320.31032999999957,32.03103299999996,14.959592399933651,17.35302052473042,0.7817120990235364,21.97878572147558,0,0.040160642570281124,False,False,False,250,0,0.0,30.099669999999996,0.5183532086833514,0.4074254938995982,0.0,0.0
FPT,BAD,UCB_WITHOUT_VAE_UNCERTAINTY,UCB-VAE without VAE uncertainty,47,24,train,0.1,0.05,1.0,53928,1025.983500000002,102.59835000000021,8.16680256939244,13.032125600175487,0.5194143540888259,29.828348189444547,5,0.0075656430796617715,False,False,False,2184,0,0.0,112.11649999999993,0.39301070431112817,0.22163032477080796,0.0,0.0
FPT,BAD,UCB_WITHOUT_VAE_UNCERTAINTY,UCB-VAE without VAE uncertainty,47,24,test,0.1,0.05,1.0,53928,330.6674999999998,33.06674999999998,15.411160077792463,17.566507431021574,0.7968930308012959,22.61519056093903,0,0.04216867469879518,False,False,False,247,0,0.0,30.192499999999985,0.5224524116519649,0.40578466270822117,0.0,0.0
FPT,BAD,UCB_WITHOUT_VAE_UNCERTAINTY,UCB-VAE without VAE uncertainty,47,25,train,0.1,0.05,1.0,56175,1030.7549900000013,103.07549900000012,8.195097774155013,13.117408715123812,0.5189134203332464,29.861015595887626,6,0.00801068090787717,False,False,False,2185,0,0.0,112.35500999999994,0.39463514717165193,0.21986179650957233,0.0,0.0
FPT,BAD,UCB_WITHOUT_VAE_UNCERTAINTY,UCB-VAE without VAE uncertainty,47,25,test,0.1,0.05,1.0,56175,375.70092,37.570092,17.354531547778727,18.13366068564003,0.8704832952325603,22.39596956097405,1,0.04216867469879518,False,False,False,245,0,0.0,29.979079999999982,0.5412681739039331,0.4055629206828803,0.0,0.0
FPT,BAD,UCB_WITHOUT_VAE_UNCERTAINTY,UCB-VAE without VAE uncertainty,47,26,train,0.1,0.05,1.0,58422,974.8502600000024,97.48502600000025,7.859802655630022,13.028333340208647,0.49752406560599605,29.90508795173042,5,0.009345794392523364,False,False,False,2184,0,0.0,112.44973999999985,0.3923242697932251,0.21834578864777093,0.0,0.0
FPT,BAD,UCB_WITHOUT_VAE_UNCERTAINTY,UCB-VAE without VAE uncertainty,47,26,test,0.1,0.05,1.0,58422,351.10469999999964,35.110469999999964,16.29710387203158,18.096635768283708,0.8214114822194317,22.39596956097405,1,0.04216867469879518,False,False,False,250,0,0.0,30.51529999999999,0.5316677037478237,0.4039114013493779,0.0,0.0
FPT,BAD,UCB_WITHOUT_VAE_UNCERTAINTY,UCB-VAE without VAE uncertainty,47,27,train,0.1,0.05,1.0,60669,1090.9270800000013,109.09270800000013,8.546940913473321,13.358320294258014,0.5364828543374232,30.260629537533664,3,0.0022251891410769915,False,False,False,2181,0,0.0,111.63291999999984,0.4052407451116613,0.21571850212988028,0.0,0.0
FPT,BAD,UCB_WITHOUT_VAE_UNCERTAINTY,UCB-VAE without VAE uncertainty,47,27,test,0.1,0.05,1.0,60669,351.10469999999964,35.110469999999964,16.29710387203158,18.096635768283708,0.8214114822194317,22.39596956097405,1,0.04216867469879518,False,False,False,250,0,0.0,30.51529999999999,0.5316677037478237,0.40293761184177246,0.0,0.0
FPT,BAD,UCB_WITHOUT_VAE_UNCERTAINTY,UCB-VAE without VAE uncertainty,47,28,train,0.1,0.05,1.0,62916,1074.0627600000012,107.40627600000012,8.449247746470313,13.570055557912921,0.5235349165485488,31.082173915431135,5,0.004005340453938585,False,False,False,2183,0,0.0,112.19723999999988,0.4185119838891177,0.21289558489825602,0.0,0.0
FPT,BAD,UCB_WITHOUT_VAE_UNCERTAINTY,UCB-VAE without VAE uncertainty,47,28,test,0.1,0.05,1.0,62916,368.06313999999975,36.80631399999997,17.02718798685312,18.04342667920011,0.858290342251795,21.696799512848425,1,0.040160642570281124,False,False,False,256,0,0.0,31.59685999999999,0.5306234534525504,0.40182343137312126,0.0,0.0
FPT,BAD,UCB_WITHOUT_VAE_UNCERTAINTY,UCB-VAE without VAE uncertainty,47,29,train,0.1,0.05,1.0,65163,1056.7259800000015,105.67259800000015,8.348078912307045,13.556265954613004,0.5169931664799794,30.996707965442777,6,0.0017801513128615932,False,False,False,2183,0,0.0,112.29401999999993,0.4139484925651,0.21184020837280662,0.0,0.0
FPT,BAD,UCB_WITHOUT_VAE_UNCERTAINTY,UCB-VAE without VAE uncertainty,47,29,test,0.1,0.05,1.0,65163,368.06313999999975,36.80631399999997,17.02718798685312,18.04342667920011,0.858290342251795,21.696799512848425,1,0.040160642570281124,False,False,False,256,0,0.0,31.59685999999999,0.5306234534525504,0.40052963284603565,0.0,0.0
FPT,BAD,UCB_WITHOUT_VAE_UNCERTAINTY,UCB-VAE without VAE uncertainty,47,30,train,0.1,0.05,1.0,67410,1093.5719000000008,109.35719000000009,8.562198493892858,13.476615998563213,0.5340161489605487,31.00747080959306,3,0.0035603026257231864,False,False,False,2188,0,0.0,113.0081,0.412788832981371,0.2109004736550129,0.0,0.0
FPT,BAD,UCB_WITHOUT_VAE_UNCERTAINTY,UCB-VAE without VAE uncertainty,47,30,test,0.1,0.05,1.0,67410,365.5314399999995,36.55314399999995,16.918482344378226,17.960556881770415,0.8562128190230898,21.696799512848425,1,0.04216867469879518,False,False,False,249,0,0.0,30.628559999999986,0.5320705004682438,0.39842491839305466,0.0,0.0
FPT,BAD,UCB_WITHOUT_VAE_UNCERTAINTY,UCB-VAE without VAE uncertainty,47,31,train,0.1,0.05,1.0,69657,1041.7346900000011,104.17346900000011,8.259984245695406,13.488803133573079,0.5128091670547953,30.832679909955267,4,0.011125945705384957,False,False,False,2187,0,0.0,113.65530999999991,0.412686062516703,0.20890143216253124,0.0,0.0
FPT,BAD,UCB_WITHOUT_VAE_UNCERTAINTY,UCB-VAE without VAE uncertainty,47,31,test,0.1,0.05,1.0,69657,362.7235999999998,36.27235999999998,16.79780233803254,17.94785388854476,0.850872208333362,21.696799512848425,1,0.03614457831325301,False,False,False,255,0,0.0,31.71639999999999,0.5283941735990072,0.3973797491515975,0.0,0.0
FPT,BAD,UCB_WITHOUT_VAE_UNCERTAINTY,UCB-VAE without VAE uncertainty,47,32,train,0.1,0.05,1.0,71904,1098.1411300000018,109.81411300000016,8.588517395651385,13.486832943952656,0.535519816687242,30.953323557147144,5,0.006230529595015576,False,False,False,2196,0,0.0,114.30887000000001,0.4133089593486904,0.20764283715193146,0.0,0.0
FPT,BAD,UCB_WITHOUT_VAE_UNCERTAINTY,UCB-VAE without VAE uncertainty,47,32,test,0.1,0.05,1.0,71904,426.1565999999998,42.61565999999998,19.49461057317594,18.16783831028766,0.9695814031563199,22.39248586335833,1,0.040160642570281124,False,False,False,252,0,0.0,32.303399999999975,0.5650779796192879,0.3964046026808191,0.0,0.0
FPT,BAD,UCB_WITHOUT_VAE_UNCERTAINTY,UCB-VAE without VAE uncertainty,47,33,train,0.1,0.05,1.0,74151,1047.8031900000015,104.78031900000016,8.295714154085832,13.500866733163319,0.5149406755059122,31.026073102370727,5,0.006230529595015576,False,False,False,2193,0,0.0,115.00680999999997,0.41477593939652,0.20619753669925833,0.0,0.0
FPT,BAD,UCB_WITHOUT_VAE_UNCERTAINTY,UCB-VAE without VAE uncertainty,47,33,test,0.1,0.05,1.0,74151,426.1565999999998,42.61565999999998,19.49461057317594,18.16783831028766,0.9695814031563199,22.39248586335833,1,0.040160642570281124,False,False,False,252,0,0.0,32.303399999999975,0.5650779796192879,0.3949825524326309,0.0,0.0
FPT,BAD,UCB_WITHOUT_VAE_UNCERTAINTY,UCB-VAE without VAE uncertainty,47,34,train,0.1,0.05,1.0,76398,931.4185600000021,93.14185600000022,7.5934418826344885,13.43068625913973,0.46804478614624523,31.062523563400262,4,0.0075656430796617715,False,False,False,2180,0,0.0,113.8014399999999,0.411239895409899,0.20420630253324204,0.0,0.0
FPT,BAD,UCB_WITHOUT_VAE_UNCERTAINTY,UCB-VAE without VAE uncertainty,47,34,test,0.1,0.05,1.0,76398,425.50698999999986,42.55069899999999,19.46729930021982,18.165882055457732,0.9683958262876835,22.39248586335833,1,0.040160642570281124,False,False,False,252,0,0.0,32.30300999999998,0.5642464740739107,0.39386008021582564,0.0,0.0
FPT,BAD,UCB_WITHOUT_VAE_UNCERTAINTY,UCB-VAE without VAE uncertainty,47,35,train,0.1,0.05,1.0,78645,955.3612799999999,95.53612799999999,7.740930050017836,13.502286267344468,0.4765222500301295,31.11684435673332,4,0.0075656430796617715,False,False,False,2184,0,0.0,114.21871999999996,0.4126158444769495,0.20296680794645003,0.0,0.0
FPT,BAD,UCB_WITHOUT_VAE_UNCERTAINTY,UCB-VAE without VAE uncertainty,47,35,test,0.1,0.05,1.0,78645,437.74451999999974,43.774451999999975,19.980759061918096,18.04329469749267,0.9977359754496845,21.14965082102338,1,0.03614457831325301,False,False,False,256,0,0.0,33.11547999999998,0.559911049343702,0.39209853812872647,0.0,0.0
FPT,BAD,UCB_WITHOUT_VAE_UNCERTAINTY,UCB-VAE without VAE uncertainty,47,36,train,0.1,0.05,1.0,80892,1037.2005200000021,103.72005200000021,8.233226452012188,13.570962363447292,0.5086957601172396,30.167862923053406,5,0.0013351134846461949,False,False,False,2183,0,0.0,113.41947999999996,0.41950277274229264,0.20147417263887593,0.0,0.0
FPT,BAD,UCB_WITHOUT_VAE_UNCERTAINTY,UCB-VAE without VAE uncertainty,47,36,test,0.1,0.05,1.0,80892,439.78655999999955,43.97865599999996,20.066226242543685,18.036766888778427,1.0020179199776627,21.14965082102338,1,0.03815261044176707,False,False,False,256,0,0.0,33.113439999999976,0.5595964764749556,0.3910655851464674,0.0,0.0
FPT,BAD,UCB_WITHOUT_VAE_UNCERTAINTY,UCB-VAE without VAE uncertainty,47,37,train,0.1,0.05,1.0,83139,1133.3168300000034,113.33168300000034,8.78944192368123,13.617754664340136,0.5453878784941755,30.115123765935355,4,0.0053404539385847796,False,False,False,2191,0,0.0,113.79317,0.41788819432316415,0.20095805912002968,0.0,0.0
FPT,BAD,UCB_WITHOUT_VAE_UNCERTAINTY,UCB-VAE without VAE uncertainty,47,37,test,0.1,0.05,1.0,83139,430.49603999999954,43.04960399999995,19.67689299169797,18.098261230876677,0.9811130640536523,21.746982366245103,1,0.03815261044176707,False,False,False,256,0,0.0,33.20395999999999,0.560545248265019,0.3903622177231264,0.0,0.0
FPT,BAD,UCB_WITHOUT_VAE_UNCERTAINTY,UCB-VAE without VAE uncertainty,47,38,train,0.1,0.05,1.0,85386,1087.484550000001,108.74845500000009,8.527055745582723,13.568800995888846,0.5288935885532514,29.03597165336619,4,0.004895416110369382,False,False,False,2194,0,0.0,115.20545000000003,0.4159702786812526,0.19916537353328773,0.0,0.0
FPT,BAD,UCB_WITHOUT_VAE_UNCERTAINTY,UCB-VAE without VAE uncertainty,47,38,test,0.1,0.05,1.0,85386,364.06861999999956,36.406861999999954,16.855626284107082,18.17126725156442,0.8453566477414961,21.746982366245103,1,0.03614457831325301,False,False,False,257,0,0.0,34.15137999999999,0.5389777884147715,0.38747573006583985,0.0,0.0
FPT,BAD,UCB_WITHOUT_VAE_UNCERTAINTY,UCB-VAE without VAE uncertainty,47,39,train,0.1,0.05,1.0,87633,1100.1282500000016,110.01282500000016,8.599947374618155,13.43718966466422,0.5378125204856098,30.378539066503475,4,0.006230529595015576,False,False,False,2199,0,0.0,115.72174999999996,0.4127144898029972,0.19855919132828978,0.0,0.0
FPT,BAD,UCB_WITHOUT_VAE_UNCERTAINTY,UCB-VAE without VAE uncertainty,47,39,test,0.1,0.05,1.0,87633,364.06861999999956,36.406861999999954,16.855626284107082,18.17126725156442,0.8453566477414961,21.746982366245103,1,0.03614457831325301,False,False,False,257,0,0.0,34.15137999999999,0.5389777884147715,0.3862961752706742,0.0,0.0
FPT,BAD,UCB_WITHOUT_VAE_UNCERTAINTY,UCB-VAE without VAE uncertainty,47,40,train,0.1,0.05,1.0,89880,1059.1198500000032,105.91198500000031,8.362093349445399,13.423991415483929,0.521720881049858,29.288115998949444,4,0.0053404539385847796,False,False,False,2189,0,0.0,114.97015000000002,0.4162000004596019,0.19748603947822072,0.0,0.0
FPT,BAD,UCB_WITHOUT_VAE_UNCERTAINTY,UCB-VAE without VAE uncertainty,47,40,test,0.1,0.05,1.0,89880,389.69092,38.969091999999996,17.951781652381314,18.07835401138846,0.9009305684505765,21.746982366245103,1,0.03614457831325301,False,False,False,253,0,0.0,33.70907999999999,0.5503806606334861,0.3855997371865085,0.0,0.0
FPT,BAD,UCB_WITHOUT_VAE_UNCERTAINTY,UCB-VAE without VAE uncertainty,47,41,train,0.1,0.05,1.0,92127,1019.9325400000021,101.9932540000002,8.130834729039282,13.432612164016112,0.5054179812073535,29.159966209869747,4,0.0022251891410769915,False,False,False,2188,0,0.0,115.46745999999989,0.41181045192844984,0.1956219372911935,0.0,0.0
FPT,BAD,UCB_WITHOUT_VAE_UNCERTAINTY,UCB-VAE without VAE uncertainty,47,41,test,0.1,0.05,1.0,92127,389.69092,38.969091999999996,17.951781652381314,18.07835401138846,0.9009305684505765,21.746982366245103,1,0.03614457831325301,False,False,False,253,0,0.0,33.70907999999999,0.5503806606334861,0.3844490252345441,0.0,0.0
FPT,BAD,UCB_WITHOUT_VAE_UNCERTAINTY,UCB-VAE without VAE uncertainty,47,42,train,0.1,0.05,1.0,94374,1626.4289800000033,162.64289800000034,11.334073621365647,14.614211149855466,0.6773796198658562,29.19601151332528,6,0.0026702269692923898,False,False,False,2186,0,0.0,114.21102000000006,0.44242863237227875,0.19329864466765959,0.0,0.0
FPT,BAD,UCB_WITHOUT_VAE_UNCERTAINTY,UCB-VAE without VAE uncertainty,47,42,test,0.1,0.05,1.0,94374,420.99693000000025,42.09969300000003,19.277513552539528,18.123723854324382,0.9612958531519078,20.15486015023395,1,0.03614457831325301,False,False,False,254,0,0.0,33.073069999999994,0.5533493318236414,0.38311301985658314,0.0,0.0
FPT,BAD,UCB_WITHOUT_VAE_UNCERTAINTY,UCB-VAE without VAE uncertainty,47,43,train,0.1,0.05,1.0,96621,2165.857630000005,216.5857630000005,13.67062359709812,15.062811268623143,0.80072575264254,29.319142892906815,6,0.0022251891410769915,False,False,False,2157,0,0.0,109.45237000000004,0.4521234383056883,0.1929424857603851,0.0,0.0
FPT,BAD,UCB_WITHOUT_VAE_UNCERTAINTY,UCB-VAE without VAE uncertainty,47,43,test,0.1,0.05,1.0,96621,427.2900999999997,42.729009999999974,19.542250984252018,18.11902147638741,0.9738504538657798,20.15486015023395,1,0.03614457831325301,False,False,False,256,0,0.0,33.54989999999999,0.5582415438258781,0.3808616447640231,0.0,0.0
FPT,BAD,UCB_WITHOUT_VAE_UNCERTAINTY,UCB-VAE without VAE uncertainty,47,44,train,0.1,0.05,1.0,98868,1743.9529500000008,174.3952950000001,11.87727503005409,14.834386174284372,0.7025969756294389,29.43842614084185,6,0.003115264797507788,False,False,False,2180,0,0.0,113.51704999999997,0.4424376394320278,0.19134146931055232,0.0,0.0
FPT,BAD,UCB_WITHOUT_VAE_UNCERTAINTY,UCB-VAE without VAE uncertainty,47,44,test,0.1,0.05,1.0,98868,420.3007300000004,42.03007300000004,19.24819035519061,17.950547870092375,0.9674290345445405,19.96104429603799,1,0.04216867469879518,False,False,False,258,0,0.0,34.509269999999994,0.5487297613448958,0.3792099761795327,0.0,0.0
FPT,BAD,UCB_WITHOUT_VAE_UNCERTAINTY,UCB-VAE without VAE uncertainty,47,45,train,0.1,0.05,1.0,101115,1631.9364300000007,163.19364300000007,11.360007261611127,14.799507158893638,0.6723310390548808,29.353558477870727,8,0.0013351134846461949,False,False,False,2182,0,0.0,114.21357000000006,0.4418690560281646,0.18947493883109273,0.0,0.0
FPT,BAD,UCB_WITHOUT_VAE_UNCERTAINTY,UCB-VAE without VAE uncertainty,47,45,test,0.1,0.05,1.0,101115,417.1813199999997,41.71813199999997,19.116716127078725,17.805742036006315,0.9676122585168485,19.96104429603799,1,0.04216867469879518,False,False,False,261,0,0.0,35.198679999999996,0.5466138613695027,0.3775798037468669,0.0,0.0
FPT,BAD,UCB_WITHOUT_VAE_UNCERTAINTY,UCB-VAE without VAE uncertainty,48,1,train,1.0,1.0,1.0,2247,8372.13775,837.213775,28.249604356113743,23.748263236671317,1.0917131282270394,33.37940687124329,18,0.01335113484646195,False,False,False,2003,0,0.0,51.61225,0.9332238429127738,0.3576733579980993,0.0,0.0
FPT,BAD,UCB_WITHOUT_VAE_UNCERTAINTY,UCB-VAE without VAE uncertainty,48,1,test,1.0,1.0,1.0,2247,173.66304000000014,17.366304000000014,8.365520802342985,8.374415641217807,0.7707109286444498,7.745418377514814,0,0.12449799196787148,False,False,False,352,0,0.0,31.576959999999996,0.27287796430815536,0.5039926149758948,0.0,0.0
FPT,BAD,UCB_WITHOUT_VAE_UNCERTAINTY,UCB-VAE without VAE uncertainty,48,2,train,0.9045834549972122,0.8,1.0,4494,8358.405000000002,835.8405000000002,28.22869634572975,23.77066245748786,1.0902199645602217,33.65155570649812,18,0.01335113484646195,False,False,False,2003,0,0.0,52.375000000000036,0.9333979292357171,0.3559120367030382,0.0,0.0
FPT,BAD,UCB_WITHOUT_VAE_UNCERTAINTY,UCB-VAE without VAE uncertainty,48,2,test,0.9045834549972122,0.8,1.0,4494,188.75423999999975,18.875423999999978,9.062381072438663,8.432852552927727,0.842634788028635,7.714337957372254,0,0.12449799196787148,False,False,False,351,0,0.0,31.705759999999994,0.2767292476077989,0.4988117578877024,0.0,0.0
FPT,BAD,UCB_WITHOUT_VAE_UNCERTAINTY,UCB-VAE without VAE uncertainty,48,3,train,0.8182712270546932,0.6400000000000001,1.0,6741,8302.02927,830.202927,28.142577946265156,23.7349145476817,1.088646968254576,33.56967700966756,18,0.014241210502892745,False,False,False,2001,0,0.0,53.10073000000004,0.9333838025191826,0.34763816030199496,0.0,0.0
FPT,BAD,UCB_WITHOUT_VAE_UNCERTAINTY,UCB-VAE without VAE uncertainty,48,3,test,0.8182712270546932,0.6400000000000001,1.0,6741,237.2075199999997,23.72075199999997,11.270490485456186,9.149439982915442,1.004499983692228,6.860577696996346,0,0.13052208835341367,False,False,False,346,0,0.0,31.572479999999988,0.30354904637210645,0.4930040039211871,0.0,0.0
FPT,BAD,UCB_WITHOUT_VAE_UNCERTAINTY,UCB-VAE without VAE uncertainty,48,4,train,0.7401946136939427,0.5120000000000001,1.0,8988,8275.14601,827.5146010000001,28.101348169484087,23.754479940147768,1.086584131172423,33.66486287017364,18,0.014686248331108143,False,False,False,1997,0,0.0,54.68399000000003,0.9335864601196695,0.3420551667478173,0.0,0.0
FPT,BAD,UCB_WITHOUT_VAE_UNCERTAINTY,UCB-VAE without VAE uncertainty,48,4,test,0.7401946136939427,0.5120000000000001,1.0,8988,191.12948000000006,19.112948000000003,9.171659190307269,8.6211226743498,0.8377290120439617,8.487605580900041,0,0.13654618473895583,False,False,False,335,0,0.0,30.390519999999988,0.2935157465525718,0.48901634678304434,0.0,0.0
FPT,BAD,UCB_WITHOUT_VAE_UNCERTAINTY,UCB-VAE without VAE uncertainty,48,5,train,0.6695678010255933,0.4096000000000001,1.0,11235,8592.103290000001,859.2103290000001,28.580842068253,23.86951683571873,1.0982933700602477,33.70630844139571,18,0.013796172674677348,False,False,False,2010,0,0.0,57.66671000000006,0.9474091186783742,0.3461511761255141,0.0,0.0
FPT,BAD,UCB_WITHOUT_VAE_UNCERTAINTY,UCB-VAE without VAE uncertainty,48,5,test,0.6695678010255933,0.4096000000000001,1.0,11235,231.4651100000001,23.146511000000007,11.011076386412743,8.484482090987337,1.0485305128073588,8.09644100026298,0,0.12650602409638553,False,False,False,333,0,0.0,30.344889999999985,0.2894658832121355,0.48773289798014613,0.0,0.0
FPT,BAD,UCB_WITHOUT_VAE_UNCERTAINTY,UCB-VAE without VAE uncertainty,48,6,train,0.6056799548066172,0.3276800000000001,1.0,13482,8481.71944,848.171944,28.415472980412602,23.78769701231439,1.0957915546283923,33.598015734285916,18,0.013796172674677348,False,False,False,2022,0,0.0,59.96056000000002,0.9449402276443469,0.3390305325004277,0.0,0.0
FPT,BAD,UCB_WITHOUT_VAE_UNCERTAINTY,UCB-VAE without VAE uncertainty,48,6,test,0.6056799548066172,0.3276800000000001,1.0,13482,247.7451099999996,24.77451099999996,11.744971621026568,8.307046810021733,1.1491741470933552,6.995116031908107,0,0.12650602409638553,False,False,False,333,0,0.0,30.344889999999985,0.2827026998212562,0.4865307113731721,0.0,0.0
FPT,BAD,UCB_WITHOUT_VAE_UNCERTAINTY,UCB-VAE without VAE uncertainty,48,7,train,0.547888066141525,0.2621440000000001,1.0,15729,8470.94801,847.0948010000001,28.39924450108928,23.76022160063866,1.096248383985183,33.64061854673396,18,0.012016021361815754,False,False,False,2028,0,0.0,61.26199000000004,0.9431835640744554,0.33396231426522105,0.0,0.0
FPT,BAD,UCB_WITHOUT_VAE_UNCERTAINTY,UCB-VAE without VAE uncertainty,48,7,test,0.547888066141525,0.2621440000000001,1.0,15729,294.21385999999984,29.421385999999984,13.813909426568749,9.085659071958183,1.2618203575768538,7.724615095757051,0,0.09437751004016064,False,False,False,333,0,0.0,30.106139999999993,0.3133187887485381,0.4832671322975772,0.0,0.0
FPT,BAD,UCB_WITHOUT_VAE_UNCERTAINTY,UCB-VAE without VAE uncertainty,48,8,train,0.49561047982204176,0.20971520000000007,1.0,17976,8606.05908,860.6059080000001,28.601629031895936,23.787542349155704,1.1019414958242657,33.40007663119657,18,0.012461059190031152,False,False,False,2028,0,0.0,63.580920000000006,0.9445601680125592,0.334087527552259,0.0,0.0
FPT,BAD,UCB_WITHOUT_VAE_UNCERTAINTY,UCB-VAE without VAE uncertainty,48,8,test,0.49561047982204176,0.20971520000000007,1.0,17976,167.10768000000007,16.710768000000005,8.061426209121114,7.656837942215263,0.7983747785720348,7.142578673036668,0,0.1285140562248996,False,False,False,327,0,0.0,29.772319999999986,0.25735114995260544,0.4845128722458958,0.0,0.0
FPT,BAD,UCB_WITHOUT_VAE_UNCERTAINTY,UCB-VAE without VAE uncertainty,48,9,train,0.4483210401702486,0.1677721600000001,1.0,20223,8454.137270000001,845.413727,28.373884251551296,23.71418463763502,1.097079421948167,33.470375317990694,17,0.012461059190031152,False,False,False,2041,0,0.0,64.41273,0.9418971411060727,0.32905866943455614,0.0,0.0
FPT,BAD,UCB_WITHOUT_VAE_UNCERTAINTY,UCB-VAE without VAE uncertainty,48,9,test,0.4483210401702486,0.1677721600000001,1.0,20223,179.2548899999997,17.92548899999997,8.624251199073596,7.509557149909926,0.8823145951346018,7.077342918845473,0,0.1285140562248996,False,False,False,326,0,0.0,29.515109999999986,0.25354593252768387,0.4835241589560566,0.0,0.0
FPT,BAD,UCB_WITHOUT_VAE_UNCERTAINTY,UCB-VAE without VAE uncertainty,48,10,train,0.4055437954651474,0.13421772800000006,1.0,22470,8478.311160000001,847.8311160000001,28.410339761819593,23.680729950561542,1.0995032784029253,33.334327865979375,17,0.012016021361815754,False,False,False,2048,0,0.0,66.48884,0.9393366723763237,0.3260198034674367,0.0,0.0
FPT,BAD,UCB_WITHOUT_VAE_UNCERTAINTY,UCB-VAE without VAE uncertainty,48,10,test,0.4055437954651474,0.13421772800000006,1.0,22470,218.24238000000037,21.824238000000037,10.411436275172182,7.571589142605398,1.0931946507106731,6.84381154216287,0,0.1646586345381526,False,False,False,322,0,0.0,29.097619999999985,0.25152246205960366,0.48325193239503117,0.0,0.0
FPT,BAD,UCB_WITHOUT_VAE_UNCERTAINTY,UCB-VAE without VAE uncertainty,48,11,train,0.3668482076545458,0.10737418240000006,1.0,24717,8377.95047,837.795047,28.25844597828169,23.576438201462516,1.098248020825888,33.32009058743658,17,0.012016021361815754,False,False,False,2048,0,0.0,66.79953,0.9343542176670374,0.32198555871651974,0.0,0.0
FPT,BAD,UCB_WITHOUT_VAE_UNCERTAINTY,UCB-VAE without VAE uncertainty,48,11,test,0.3668482076545458,0.10737418240000006,1.0,24717,240.16786999999977,24.016786999999976,11.403990308394519,7.938626494269483,1.1598708182413873,7.012370897886523,0,0.15863453815261044,False,False,False,321,0,0.0,29.582129999999992,0.26425568449103576,0.48118925357918185,0.0,0.0
FPT,BAD,UCB_WITHOUT_VAE_UNCERTAINTY,UCB-VAE without VAE uncertainty,48,12,train,0.3318448191396838,0.08589934592000005,1.0,26964,8114.674640000001,811.4674640000001,27.853007224968728,23.462750475287073,1.0888110883309794,33.16620961652218,17,0.011570983533600357,False,False,False,2045,0,0.0,65.98535999999997,0.928474924636981,0.3146312141854815,0.0,0.0
FPT,BAD,UCB_WITHOUT_VAE_UNCERTAINTY,UCB-VAE without VAE uncertainty,48,12,test,0.3318448191396838,0.08589934592000005,1.0,26964,141.19387999999913,14.119387999999914,6.850905033690702,6.663694728864038,0.7361660978549789,6.825906925366865,0,0.12449799196787148,False,False,False,322,0,0.0,29.306119999999996,0.22448417747618726,0.4824051541616639,0.0,0.0
FPT,BAD,UCB_WITHOUT_VAE_UNCERTAINTY,UCB-VAE without VAE uncertainty,48,13,train,0.3001813330203001,0.06871947673600004,1.0,29211,7808.965770000001,780.896577,27.368950450780204,23.245082506506957,1.080357485190261,33.008183278366474,17,0.011570983533600357,False,False,False,2051,0,0.0,65.94422999999992,0.9182247342624406,0.30982673394650845,0.0,0.0
FPT,BAD,UCB_WITHOUT_VAE_UNCERTAINTY,UCB-VAE without VAE uncertainty,48,13,test,0.3001813330203001,0.06871947673600004,1.0,29211,132.9826699999992,13.29826699999992,6.464479852877902,6.688712115574652,0.6790162769352218,6.952816045657557,0,0.14457831325301204,False,False,False,316,0,0.0,28.847329999999996,0.22246043109664398,0.4817809467334824,0.0,0.0
FPT,BAD,UCB_WITHOUT_VAE_UNCERTAINTY,UCB-VAE without VAE uncertainty,48,14,train,0.27153906734917177,0.054975581388800036,1.0,31458,7654.833630000001,765.483363,27.119210486343025,23.046286739363282,1.0790789666711917,32.83618740407973,16,0.011125945705384957,False,False,False,2051,0,0.0,65.75636999999998,0.910825370206308,0.30504603286053694,0.0,0.0
FPT,BAD,UCB_WITHOUT_VAE_UNCERTAINTY,UCB-VAE without VAE uncertainty,48,14,test,0.27153906734917177,0.054975581388800036,1.0,31458,190.67510999999922,19.06751099999992,9.150763308066301,6.858622120090402,1.0303846122741298,6.969203301863303,0,0.1746987951807229,False,False,False,315,0,0.0,29.29488999999999,0.21497881464431476,0.4811307504832984,0.0,0.0
FPT,BAD,UCB_WITHOUT_VAE_UNCERTAINTY,UCB-VAE without VAE uncertainty,48,15,train,0.24562974770943447,0.05,1.0,33705,6016.961709999994,601.6961709999994,24.188380125636243,21.90030936589051,1.0163126698030183,32.438499256185644,15,0.015131286159323543,False,False,False,2033,0,0.0,59.64828999999992,0.8375625238345988,0.357768914157887,0.0,0.0
FPT,BAD,UCB_WITHOUT_VAE_UNCERTAINTY,UCB-VAE without VAE uncertainty,48,15,test,0.24562974770943447,0.05,1.0,33705,190.6863799999992,19.06863799999992,9.151281648680687,6.855897874101076,1.0308367378627274,6.969139072744779,0,0.1746987951807229,False,False,False,315,0,0.0,29.093619999999994,0.2130212734069888,0.48053096887098257,0.0,0.0
FPT,BAD,UCB_WITHOUT_VAE_UNCERTAINTY,UCB-VAE without VAE uncertainty,48,16,train,0.2221926058330938,0.05,1.0,35952,5187.115039999995,518.7115039999994,22.462569455777427,21.277666778061015,0.9733680453158875,32.22689429519042,13,0.014686248331108143,False,False,False,2031,0,0.0,59.24495999999996,0.8117897945981015,0.3474123328891021,0.0,0.0
FPT,BAD,UCB_WITHOUT_VAE_UNCERTAINTY,UCB-VAE without VAE uncertainty,48,16,test,0.2221926058330938,0.05,1.0,35952,144.74173999999903,14.474173999999904,7.017441021020643,6.13136658819942,0.8201625125255321,7.422889563843501,0,0.18473895582329317,False,False,False,308,0,0.0,28.49826,0.1923479861512445,0.48009091101018303,0.0,0.0
FPT,BAD,UCB_WITHOUT_VAE_UNCERTAINTY,UCB-VAE without VAE uncertainty,48,17,train,0.20099175505933367,0.05,1.0,38199,5632.13012,563.213012,23.411977895900527,21.662363456932233,0.9958795145531347,32.62075081741055,15,0.014241210502892745,False,False,False,2050,0,0.0,62.44987999999994,0.8278729875381045,0.3559967004223617,0.0,0.0
FPT,BAD,UCB_WITHOUT_VAE_UNCERTAINTY,UCB-VAE without VAE uncertainty,48,17,test,0.20099175505933367,0.05,1.0,38199,144.24028999999882,14.424028999999884,6.9939186590281865,6.136162648036437,0.8159550761435288,7.328243676569351,0,0.1827309236947791,False,False,False,308,0,0.0,28.889709999999987,0.19296527903897412,0.4788521454635873,0.0,0.0
FPT,BAD,UCB_WITHOUT_VAE_UNCERTAINTY,UCB-VAE without VAE uncertainty,48,18,train,0.18181381621752543,0.05,1.0,40446,5608.187409999995,560.8187409999995,23.362360928108238,21.639826868302812,0.9948186673412718,32.609600537311785,15,0.011125945705384957,False,False,False,2070,0,0.0,64.56258999999993,0.8264798708543488,0.352414059294798,0.0,0.0
FPT,BAD,UCB_WITHOUT_VAE_UNCERTAINTY,UCB-VAE without VAE uncertainty,48,18,test,0.18181381621752543,0.05,1.0,40446,157.20734999999922,15.720734999999921,7.60054493667397,6.286107588503949,0.888707250243909,8.75596518843968,0,0.15863453815261044,False,False,False,311,0,0.0,29.102649999999986,0.19897965068847945,0.47683659201884365,0.0,0.0
FPT,BAD,UCB_WITHOUT_VAE_UNCERTAINTY,UCB-VAE without VAE uncertainty,48,19,train,0.16446577004027732,0.05,1.0,42693,5788.423459999995,578.8423459999996,23.73201058146408,21.648188732254987,1.008463200069085,32.63233629676832,15,0.012016021361815754,False,False,False,2074,0,0.0,64.17653999999996,0.8286384708178117,0.3480806967246039,0.0,0.0
FPT,BAD,UCB_WITHOUT_VAE_UNCERTAINTY,UCB-VAE without VAE uncertainty,48,19,test,0.16446577004027732,0.05,1.0,42693,151.4552199999996,15.14552199999996,7.331868448045276,6.371824453067276,0.8380256195249157,8.75596518843968,0,0.15863453815261044,False,False,False,310,0,0.0,28.824779999999986,0.2005537110726869,0.47553710453960313,0.0,0.0
FPT,BAD,UCB_WITHOUT_VAE_UNCERTAINTY,UCB-VAE without VAE uncertainty,48,20,train,0.14877301449181102,0.05,1.0,44940,5802.341349999995,580.2341349999996,23.760190908067646,21.653755487920243,1.0093250326938634,32.416627508133594,15,0.010680907877169559,False,False,False,2082,0,0.0,65.14864999999993,0.8290522751207273,0.3442779646404701,0.0,0.0
FPT,BAD,UCB_WITHOUT_VAE_UNCERTAINTY,UCB-VAE without VAE uncertainty,48,20,test,0.14877301449181102,0.05,1.0,44940,151.4552199999996,15.14552199999996,7.331868448045276,6.371824453067276,0.8380256195249157,8.75596518843968,0,0.15863453815261044,False,False,False,310,0,0.0,28.824779999999986,0.2005537110726869,0.4742109965248759,0.0,0.0
FPT,BAD,UCB_WITHOUT_VAE_UNCERTAINTY,UCB-VAE without VAE uncertainty,48,21,train,0.13457760745935274,0.05,1.0,47187,5935.664789999994,593.5664789999994,24.027572174874923,21.743696331871426,1.0160709469209397,32.64315369426279,15,0.010680907877169559,False,False,False,2084,0,0.0,65.90520999999994,0.834729195829425,0.3443214131936159,0.0,0.0
FPT,BAD,UCB_WITHOUT_VAE_UNCERTAINTY,UCB-VAE without VAE uncertainty,48,21,test,0.13457760745935274,0.05,1.0,47187,168.19966999999951,16.819966999999952,8.112141167520882,6.586315302066483,0.9238250673850383,7.442477345442033,0,0.1465863453815261,False,False,False,312,0,0.0,29.510329999999986,0.2093634052611248,0.47286713793574564,0.0,0.0
FPT,BAD,UCB_WITHOUT_VAE_UNCERTAINTY,UCB-VAE without VAE uncertainty,48,22,train,0.12173667712083987,0.05,1.0,49434,5749.950819999995,574.9950819999995,23.65384485970612,21.66630635403711,1.0048678709786123,32.4365563327807,15,0.009790832220738763,False,False,False,2090,0,0.0,66.28917999999992,0.8292737274953964,0.3445066375020455,0.0,0.0
FPT,BAD,UCB_WITHOUT_VAE_UNCERTAINTY,UCB-VAE without VAE uncertainty,48,22,test,0.12173667712083987,0.05,1.0,49434,209.19031000000018,20.919031000000018,9.999060322197417,7.419539263210609,1.0631953266350216,6.862667318931162,0,0.13453815261044177,False,False,False,317,0,0.0,30.07968999999999,0.23938322282020302,0.4706720705013199,0.0,0.0
FPT,BAD,UCB_WITHOUT_VAE_UNCERTAINTY,UCB-VAE without VAE uncertainty,48,23,train,0.11012098398984942,0.05,1.0,51681,5929.214529999995,592.9214529999995,24.014741728004687,21.699172460126263,1.01722655011922,32.51228097576423,15,0.009790832220738763,False,False,False,2095,0,0.0,66.19546999999999,0.8329776107789209,0.3363842419686453,0.0,0.0
FPT,BAD,UCB_WITHOUT_VAE_UNCERTAINTY,UCB-VAE without VAE uncertainty,48,23,test,0.11012098398984942,0.05,1.0,51681,255.93274999999994,25.59327499999999,12.112263587606108,8.15029118435941,1.2103986437791723,6.774415842688704,0,0.12248995983935743,False,False,False,318,0,0.0,30.09724999999999,0.25499872934052575,0.46927614324542893,0.0,0.0
FPT,BAD,UCB_WITHOUT_VAE_UNCERTAINTY,UCB-VAE without VAE uncertainty,48,24,train,0.1,0.05,1.0,53928,5904.068599999995,590.4068599999995,23.964621469769476,21.681214173082342,1.016014388598373,32.42258638972545,15,0.0075656430796617715,False,False,False,2108,0,0.0,68.01139999999992,0.8336463727990959,0.3358678377743663,0.0,0.0
FPT,BAD,UCB_WITHOUT_VAE_UNCERTAINTY,UCB-VAE without VAE uncertainty,48,24,test,0.1,0.05,1.0,53928,297.09751000000006,29.709751000000008,13.941069217530178,9.014338650991004,1.2836918409494091,7.417425570960471,0,0.07028112449799197,False,False,False,325,0,0.0,30.772489999999994,0.2862242234305864,0.4668165627852022,0.0,0.0
FPT,BAD,UCB_WITHOUT_VAE_UNCERTAINTY,UCB-VAE without VAE uncertainty,48,25,train,0.1,0.05,1.0,56175,5943.709479999996,594.3709479999997,24.043559306570938,21.63096034952313,1.0208328146152168,32.202368870197176,14,0.008455718736092568,False,False,False,2104,0,0.0,68.03051999999997,0.8307191340952201,0.3312952238378336,0.0,0.0
FPT,BAD,UCB_WITHOUT_VAE_UNCERTAINTY,UCB-VAE without VAE uncertainty,48,25,test,0.1,0.05,1.0,56175,233.77898000000005,23.377898000000005,11.115678110045213,7.966681854112945,1.1233797061916828,6.729422129851664,0,0.13253012048192772,False,False,False,317,0,0.0,30.46101999999999,0.2529693984044788,0.46741038471101276,0.0,0.0
FPT,BAD,UCB_WITHOUT_VAE_UNCERTAINTY,UCB-VAE without VAE uncertainty,48,26,train,0.1,0.05,1.0,58422,6017.704689999996,601.7704689999996,24.189842112245064,21.590204034003417,1.0278697561698733,32.15696418810776,14,0.0075656430796617715,False,False,False,2101,0,0.0,68.76530999999991,0.8284956254573532,0.330943703923323,0.0,0.0
FPT,BAD,UCB_WITHOUT_VAE_UNCERTAINTY,UCB-VAE without VAE uncertainty,48,26,test,0.1,0.05,1.0,58422,92.57803999999987,9.257803999999988,4.542349866220219,5.864875846871596,0.4523349491974958,8.537390445226174,0,0.15060240963855423,False,False,False,308,0,0.0,29.641959999999983,0.18557533807144846,0.4695620315979762,0.0,0.0
FPT,BAD,UCB_WITHOUT_VAE_UNCERTAINTY,UCB-VAE without VAE uncertainty,48,27,train,0.1,0.05,1.0,60669,5622.239419999994,562.2239419999994,23.39150052667607,21.331993325761392,1.007181642619279,32.375561125153595,13,0.0075656430796617715,False,False,False,2102,0,0.0,68.60057999999992,0.8142036581058024,0.32666827788685077,0.0,0.0
FPT,BAD,UCB_WITHOUT_VAE_UNCERTAINTY,UCB-VAE without VAE uncertainty,48,27,test,0.1,0.05,1.0,60669,88.79467000000022,8.879467000000023,4.36056713861197,5.615632832435418,0.4385733005660979,8.622591620185984,0,0.15461847389558234,False,False,False,305,0,0.0,29.435329999999983,0.1829603140170885,0.4689082776805962,0.0,0.0
FPT,BAD,UCB_WITHOUT_VAE_UNCERTAINTY,UCB-VAE without VAE uncertainty,48,28,train,0.1,0.05,1.0,62916,5488.534589999996,548.8534589999996,23.111981391646275,21.220687179927427,1.0005585298560786,32.669093010658884,14,0.008900756564307966,False,False,False,2097,0,0.0,68.83540999999988,0.8071116804309106,0.32313431484411703,0.0,0.0
FPT,BAD,UCB_WITHOUT_VAE_UNCERTAINTY,UCB-VAE without VAE uncertainty,48,28,test,0.1,0.05,1.0,62916,62.3746299999998,6.2374629999999796,3.082267975090902,5.955146182342734,0.20812762610396882,10.046098831205823,0,0.15461847389558234,False,False,False,307,0,0.0,29.81536999999999,0.18606406651322285,0.46757353668710794,0.0,0.0
FPT,BAD,UCB_WITHOUT_VAE_UNCERTAINTY,UCB-VAE without VAE uncertainty,48,29,train,0.1,0.05,1.0,65163,5348.1023199999945,534.8102319999995,22.812830728192914,21.124968815098676,0.9925000385248,32.79627825491404,13,0.008455718736092568,False,False,False,2089,0,0.0,68.55767999999996,0.8032292826185028,0.31836389698847484,0.0,0.0
FPT,BAD,UCB_WITHOUT_VAE_UNCERTAINTY,UCB-VAE without VAE uncertainty,48,29,test,0.1,0.05,1.0,65163,180.16368999999986,18.016368999999983,8.666242846373272,7.733826566410616,0.8640321186322629,8.285788572054674,0,0.13253012048192772,False,False,False,310,0,0.0,30.186309999999995,0.2536043838593885,0.4626912089236769,0.0,0.0
FPT,BAD,UCB_WITHOUT_VAE_UNCERTAINTY,UCB-VAE without VAE uncertainty,48,30,train,0.1,0.05,1.0,67410,5547.739409999996,554.7739409999996,23.236378722043206,21.19207464989636,1.006420037816326,32.447037927754266,13,0.007120605251446373,False,False,False,2090,0,0.0,69.33058999999993,0.8062432672084736,0.31526099636480975,0.0,0.0
FPT,BAD,UCB_WITHOUT_VAE_UNCERTAINTY,UCB-VAE without VAE uncertainty,48,30,test,0.1,0.05,1.0,67410,175.34308999999962,17.53430899999996,8.44331978976669,7.8115977049401195,0.8296944171177626,8.285788572054674,0,0.13453815261044177,False,False,False,308,0,0.0,30.046909999999993,0.25631350498557326,0.46171635796267346,0.0,0.0
FPT,BAD,UCB_WITHOUT_VAE_UNCERTAINTY,UCB-VAE without VAE uncertainty,48,31,train,0.1,0.05,1.0,69657,6480.6325400000005,648.063254,25.075073789590174,22.04412245624396,1.0436745484358505,32.581507786692725,15,0.006675567423230975,False,False,False,2091,0,0.0,78.74746000000003,0.864873562977028,0.2682449224761024,0.0,0.0
FPT,BAD,UCB_WITHOUT_VAE_UNCERTAINTY,UCB-VAE without VAE uncertainty,48,31,test,0.1,0.05,1.0,69657,129.00810000000047,12.900810000000046,6.276932672219959,7.617277665386977,0.5817204856568075,9.044379706291338,0,0.11646586345381527,False,False,False,306,0,0.0,30.17189999999999,0.2188632453719293,0.4637494327193762,0.0,0.0
FPT,BAD,UCB_WITHOUT_VAE_UNCERTAINTY,UCB-VAE without VAE uncertainty,48,32,train,0.1,0.05,1.0,71904,6452.326210000001,645.2326210000001,25.022362662252927,22.00636387117566,1.0431521430384396,32.44074575999048,15,0.007120605251446373,False,False,False,2096,0,0.0,80.96378999999999,0.8666284266863934,0.26871975409517723,0.0,0.0
FPT,BAD,UCB_WITHOUT_VAE_UNCERTAINTY,UCB-VAE without VAE uncertainty,48,32,test,0.1,0.05,1.0,71904,138.7047200000004,13.870472000000042,6.733910214836647,7.724100651360248,0.6307757893657921,8.633227742644998,0,0.11244979919678715,False,False,False,303,0,0.0,29.915279999999992,0.22569864467147388,0.4618692960605085,0.0,0.0
FPT,BAD,UCB_WITHOUT_VAE_UNCERTAINTY,UCB-VAE without VAE uncertainty,48,33,train,0.1,0.05,1.0,74151,6204.48682,620.4486820000001,24.553086620893016,21.796548725537004,1.0336673991413685,32.865924803823674,14,0.007120605251446373,False,False,False,2093,0,0.0,81.19317999999997,0.8570963197267036,0.26535835771638655,0.0,0.0
FPT,BAD,UCB_WITHOUT_VAE_UNCERTAINTY,UCB-VAE without VAE uncertainty,48,33,test,0.1,0.05,1.0,74151,157.67082000000005,15.767082000000004,7.622164177128532,8.273676336044984,0.695238766760642,8.596613825468353,0,0.11244979919678715,False,False,False,302,0,0.0,29.92917999999999,0.22720851757722937,0.4616022531287258,0.0,0.0
FPT,BAD,UCB_WITHOUT_VAE_UNCERTAINTY,UCB-VAE without VAE uncertainty,48,34,train,0.1,0.05,1.0,76398,5355.729319999994,535.5729319999994,22.829228190753437,20.89716817773102,1.001675708126488,32.60700056917493,13,0.00801068090787717,False,False,False,2081,0,0.0,69.53067999999995,0.792467404292305,0.30705117834810686,0.0,0.0
FPT,BAD,UCB_WITHOUT_VAE_UNCERTAINTY,UCB-VAE without VAE uncertainty,48,34,test,0.1,0.05,1.0,76398,109.47905000000014,10.947905000000015,5.3506025728073725,6.939012082250157,0.504164166153326,8.952724913648739,0,0.10240963855421686,False,False,False,303,0,0.0,29.47095,0.19814335842476535,0.4616184867768881,0.0,0.0
FPT,BAD,UCB_WITHOUT_VAE_UNCERTAINTY,UCB-VAE without VAE uncertainty,48,35,train,0.1,0.05,1.0,78645,5126.799059999995,512.6799059999994,22.329250638771803,20.698377451674038,0.9894070592974711,32.458044285279506,11,0.007120605251446373,False,False,False,2083,0,0.0,69.16093999999997,0.7790894065643182,0.30285334344712905,0.0,0.0
FPT,BAD,UCB_WITHOUT_VAE_UNCERTAINTY,UCB-VAE without VAE uncertainty,48,35,test,0.1,0.05,1.0,78645,106.66495000000009,10.666495000000008,5.216452475229172,6.553334903216156,0.5102489089941264,8.751195541694928,0,0.12048192771084337,False,False,False,302,0,0.0,29.365049999999997,0.1942502697686668,0.46068114503081065,0.0,0.0
FPT,BAD,UCB_WITHOUT_VAE_UNCERTAINTY,UCB-VAE without VAE uncertainty,48,36,train,0.1,0.05,1.0,80892,5842.374940000002,584.2374940000003,23.840964384565446,21.42273707560584,1.0209361006464257,32.31881242806134,13,0.006675567423230975,False,False,False,2084,0,0.0,78.60506000000007,0.8339800693660354,0.2586827524434104,0.0,0.0
FPT,BAD,UCB_WITHOUT_VAE_UNCERTAINTY,UCB-VAE without VAE uncertainty,48,36,test,0.1,0.05,1.0,80892,130.06140000000005,13.006140000000006,6.326666509986301,7.623411187002828,0.5874692337076791,9.00344635213374,0,0.1144578313253012,False,False,False,297,0,0.0,29.138599999999993,0.20199405570924386,0.4601212764480507,0.0,0.0
FPT,BAD,UCB_WITHOUT_VAE_UNCERTAINTY,UCB-VAE without VAE uncertainty,48,37,train,0.1,0.05,1.0,83139,5756.986050000001,575.698605,23.668168027912074,21.351297259121953,1.017039794839274,32.43397010316728,12,0.006675567423230975,False,False,False,2093,0,0.0,79.24395000000007,0.8312760248868842,0.25667237767615636,0.0,0.0
FPT,BAD,UCB_WITHOUT_VAE_UNCERTAINTY,UCB-VAE without VAE uncertainty,48,37,test,0.1,0.05,1.0,83139,133.8927699999997,13.38927699999997,6.507378395685426,7.63616467398838,0.6090461959265698,8.977302074343624,0,0.1144578313253012,False,False,False,297,0,0.0,29.13723,0.2020461636347004,0.4590258439740981,0.0,0.0
FPT,BAD,UCB_WITHOUT_VAE_UNCERTAINTY,UCB-VAE without VAE uncertainty,48,38,train,0.1,0.05,1.0,85386,5795.714400000002,579.5714400000002,23.746779351208968,21.35076410623173,1.0200539383358276,32.305126778883114,13,0.006230529595015576,False,False,False,2087,0,0.0,79.20560000000003,0.8304065945517927,0.2544024366608555,0.0,0.0
FPT,BAD,UCB_WITHOUT_VAE_UNCERTAINTY,UCB-VAE without VAE uncertainty,48,38,test,0.1,0.05,1.0,85386,136.98773000000006,13.698773000000006,6.65313443627662,7.626228168971634,0.6278284142855043,8.860332845569577,0,0.1566265060240964,False,False,False,296,0,0.0,29.042269999999995,0.19863363315065494,0.45774559209863824,0.0,0.0
FPT,BAD,UCB_WITHOUT_VAE_UNCERTAINTY,UCB-VAE without VAE uncertainty,48,39,train,0.1,0.05,1.0,87633,6014.740530000001,601.4740530000001,24.18400861476593,21.274085637732572,1.0396929210393613,32.3668909765252,11,0.006230529595015576,False,False,False,2085,0,0.0,80.84947000000003,0.823183794824043,0.2539064791708402,0.0,0.0
FPT,BAD,UCB_WITHOUT_VAE_UNCERTAINTY,UCB-VAE without VAE uncertainty,48,39,test,0.1,0.05,1.0,87633,130.84603999999945,13.084603999999944,6.363699974202297,7.620457225246471,0.5922756826075375,9.250277460901822,0,0.16265060240963855,False,False,False,294,0,0.0,29.033959999999997,0.19450120656535966,0.4568849387298147,0.0,0.0
FPT,BAD,UCB_WITHOUT_VAE_UNCERTAINTY,UCB-VAE without VAE uncertainty,48,40,train,0.1,0.05,1.0,89880,6565.4982500000015,656.5498250000002,25.232052237009995,21.808260446692827,1.0583975402862995,32.338884321372745,14,0.006230529595015576,False,False,False,2104,0,0.0,85.61174999999999,0.8543166422054452,0.2593537532506012,0.0,0.0
FPT,BAD,UCB_WITHOUT_VAE_UNCERTAINTY,UCB-VAE without VAE uncertainty,48,40,test,0.1,0.05,1.0,89880,141.6101599999995,14.161015999999949,6.870458497352461,7.7243916587567005,0.6474125772933553,8.749097122870147,0,0.15863453815261044,False,False,False,295,0,0.0,28.969839999999994,0.20026459119177778,0.45583920827113,0.0,0.0
FPT,BAD,UCB_WITHOUT_VAE_UNCERTAINTY,UCB-VAE without VAE uncertainty,48,41,train,0.1,0.05,1.0,92127,6487.877250000001,648.7877250000001,25.088536157634955,21.687866616490584,1.0577380193063477,32.52014898495458,14,0.006230529595015576,False,False,False,2100,0,0.0,84.53274999999995,0.8477602109744179,0.25730264365248645,0.0,0.0
FPT,BAD,UCB_WITHOUT_VAE_UNCERTAINTY,UCB-VAE without VAE uncertainty,48,41,test,0.1,0.05,1.0,92127,140.0883299999989,14.00883299999989,6.798957986683085,7.679968744064445,0.6419243770433634,8.304932610878605,0,0.15863453815261044,False,False,False,294,0,0.0,28.861669999999993,0.19425813492617391,0.4549777495813178,0.0,0.0
FPT,BAD,UCB_WITHOUT_VAE_UNCERTAINTY,UCB-VAE without VAE uncertainty,48,42,train,0.1,0.05,1.0,94374,6110.342850000001,611.0342850000001,24.371060218486875,21.335419390730376,1.0444478525054135,32.379280149812054,14,0.006230529595015576,False,False,False,2084,0,0.0,81.90715000000002,0.8259178950279683,0.25120961279817616,0.0,0.0
FPT,BAD,UCB_WITHOUT_VAE_UNCERTAINTY,UCB-VAE without VAE uncertainty,48,42,test,0.1,0.05,1.0,94374,157.18542999999886,15.718542999999885,7.599522339161191,7.611693104536073,0.7459796572098638,7.188036177093853,0,0.1606425702811245,False,False,False,294,0,0.0,28.864569999999997,0.19050252083295705,0.4545639317078763,0.0,0.0
FPT,BAD,UCB_WITHOUT_VAE_UNCERTAINTY,UCB-VAE without VAE uncertainty,48,43,train,0.1,0.05,1.0,96621,5946.541080000002,594.6541080000002,24.049182599914086,21.207207754267618,1.0371520589970535,32.34259348598875,12,0.006230529595015576,False,False,False,2084,0,0.0,80.75892000000005,0.8195904956283295,0.24809402366996502,0.0,0.0
FPT,BAD,UCB_WITHOUT_VAE_UNCERTAINTY,UCB-VAE without VAE uncertainty,48,43,test,0.1,0.05,1.0,96621,144.68715999999836,14.468715999999834,7.014880993823969,7.44233852248814,0.6873801112316551,7.653828243694387,0,0.1746987951807229,False,False,False,292,0,0.0,28.972839999999994,0.1801834029980406,0.4536929769688342,0.0,0.0
FPT,BAD,UCB_WITHOUT_VAE_UNCERTAINTY,UCB-VAE without VAE uncertainty,48,44,train,0.1,0.05,1.0,98868,6442.165060000001,644.2165060000002,25.0033974869303,21.684030762131272,1.0547285827914188,32.363981032456444,14,0.006230529595015576,False,False,False,2091,0,0.0,83.19493999999999,0.8437055446608216,0.2520533693091414,0.0,0.0
FPT,BAD,UCB_WITHOUT_VAE_UNCERTAINTY,UCB-VAE without VAE uncertainty,48,44,test,0.1,0.05,1.0,98868,73.97300999999857,7.397300999999857,3.6453685697135807,7.396817319192531,0.2548224063813036,9.959502264477779,0,0.3614457831325301,False,False,False,287,0,0.0,28.87699,0.1374100733232606,0.4549589480262205,0.0,0.0
FPT,BAD,UCB_WITHOUT_VAE_UNCERTAINTY,UCB-VAE without VAE uncertainty,48,45,train,0.1,0.05,1.0,101115,6426.855800000001,642.6855800000001,24.97478016902228,21.626107913475046,1.0559009489105862,32.359050288106054,14,0.006230529595015576,False,False,False,2090,0,0.0,83.9842,0.8413395110302164,0.25082770925351766,0.0,0.0
FPT,BAD,UCB_WITHOUT_VAE_UNCERTAINTY,UCB-VAE without VAE uncertainty,48,45,test,0.1,0.05,1.0,101115,118.46949999999879,11.846949999999879,5.778051331874368,7.579827884245634,0.5215611267059025,9.686403646620487,0,0.18473895582329317,False,False,False,288,0,0.0,28.750499999999995,0.1688601298919804,0.45184738658757573,0.0,0.0
FPT,BAD,UCB_WITHOUT_VAE_UNCERTAINTY,UCB-VAE without VAE uncertainty,49,1,train,1.0,1.0,1.0,2247,687.9598099999957,68.79598099999957,5.993628287441477,12.251204650603361,0.3773152908028348,27.073317312374268,5,0.023141967067200713,False,False,False,2150,0,0.0,90.51019000000007,0.32430281829249585,0.25767999662987434,0.0,0.0
FPT,BAD,UCB_WITHOUT_VAE_UNCERTAINTY,UCB-VAE without VAE uncertainty,49,1,test,1.0,1.0,1.0,2247,22.73027999999988,2.273027999999988,1.1340309100916102,9.832141330109446,-0.03824106864094487,14.198823914598288,1,0.1746987951807229,False,False,False,336,0,0.0,38.24972,0.19146509078383223,0.38590734715322894,0.0,0.0
FPT,BAD,UCB_WITHOUT_VAE_UNCERTAINTY,UCB-VAE without VAE uncertainty,49,2,train,0.9045834549972122,0.8,1.0,4494,656.0411799999997,65.60411799999997,5.768880825157052,11.169010507183216,0.38328072404734886,21.922631272650577,1,0.03382287494437027,False,False,False,2112,0,0.0,90.1188200000001,0.36694991122333437,0.2475008588362175,0.0,0.0
FPT,BAD,UCB_WITHOUT_VAE_UNCERTAINTY,UCB-VAE without VAE uncertainty,49,2,test,0.9045834549972122,0.8,1.0,4494,21.21848999999986,2.121848999999986,1.058998905984465,9.870114658481675,-0.045296393223808164,14.340540342874114,1,0.19678714859437751,False,False,False,331,0,0.0,37.571509999999996,0.19067670301505346,0.38251859919134396,0.0,0.0
FPT,BAD,UCB_WITHOUT_VAE_UNCERTAINTY,UCB-VAE without VAE uncertainty,49,3,train,0.8182712270546932,0.6400000000000001,1.0,6741,735.009829999999,73.5009829999999,6.318126770982047,12.255590025164576,0.40237819808850134,27.071928510844323,5,0.019581664441477527,False,False,False,2151,0,0.0,92.64017000000005,0.3254887716710333,0.25051463327051854,0.0,0.0
FPT,BAD,UCB_WITHOUT_VAE_UNCERTAINTY,UCB-VAE without VAE uncertainty,49,3,test,0.8182712270546932,0.6400000000000001,1.0,6741,30.058030000000144,3.0058030000000144,1.4969355490161318,9.522823038463143,-0.004708675318477503,13.508777144774164,1,0.18473895582329317,False,False,False,328,0,0.0,37.27196999999999,0.18717049924273796,0.37969824546072856,0.0,0.0
FPT,BAD,UCB_WITHOUT_VAE_UNCERTAINTY,UCB-VAE without VAE uncertainty,49,4,train,0.7401946136939427,0.5120000000000001,1.0,8988,677.8192000000006,67.78192000000006,5.922638001601355,11.297641850045318,0.3931790163924661,22.10879161378326,1,0.032932799287939477,False,False,False,2096,0,0.0,89.32080000000018,0.3779772982256953,0.24126836986450498,0.0,0.0
FPT,BAD,UCB_WITHOUT_VAE_UNCERTAINTY,UCB-VAE without VAE uncertainty,49,4,test,0.7401946136939427,0.5120000000000001,1.0,8988,-10.358730000000264,-1.0358730000000265,-0.5210633875869397,9.414839772350918,-0.22097272208744206,13.508777144774164,1,0.18473895582329317,False,False,False,328,0,0.0,37.30873,0.18300035786878457,0.37731040885529843,0.0,0.0
FPT,BAD,UCB_WITHOUT_VAE_UNCERTAINTY,UCB-VAE without VAE uncertainty,49,5,train,0.6695678010255933,0.4096000000000001,1.0,11235,701.7944700000007,70.17944700000007,6.089870230785777,11.23031712737782,0.4090348641243843,22.140607261316156,1,0.030262572318647086,False,False,False,2122,0,0.0,94.13553000000006,0.37149424096549255,0.2395794015090944,0.0,0.0
FPT,BAD,UCB_WITHOUT_VAE_UNCERTAINTY,UCB-VAE without VAE uncertainty,49,5,test,0.6695678010255933,0.4096000000000001,1.0,11235,-41.99135000000058,-4.199135000000058,-2.129292930956228,9.502255032119447,-0.3910418546151304,14.713105716945815,1,0.20481927710843373,False,False,False,325,0,0.0,36.901349999999994,0.18389831859479153,0.37564987458857185,0.0,0.0
FPT,BAD,UCB_WITHOUT_VAE_UNCERTAINTY,UCB-VAE without VAE uncertainty,49,6,train,0.6056799548066172,0.3276800000000001,1.0,13482,705.7053000000033,70.57053000000033,6.116950157206791,8.778849335191513,0.49825615993186534,26.081989229909365,2,0.029817534490431688,False,False,False,2097,0,0.0,94.1747000000001,0.1579483417055,0.21465647903001198,0.0,0.0
FPT,BAD,UCB_WITHOUT_VAE_UNCERTAINTY,UCB-VAE without VAE uncertainty,49,6,test,0.6056799548066172,0.3276800000000001,1.0,13482,-17.336810000000582,-1.7336810000000584,-0.8736071920275923,9.608551411072593,-0.25186357825625233,14.713105716945815,1,0.20481927710843373,False,False,False,325,0,0.0,36.90680999999999,0.18714404537918322,0.373049838715289,0.0,0.0
FPT,BAD,UCB_WITHOUT_VAE_UNCERTAINTY,UCB-VAE without VAE uncertainty,49,7,train,0.547888066141525,0.2621440000000001,1.0,15729,778.4576800000027,77.84576800000028,6.610908486325728,8.85708713886843,0.5475211133917522,26.016301075942238,2,0.0262572318647085,False,False,False,2114,0,0.0,100.12232000000006,0.16204598477849555,0.21227806872216978,0.0,0.0
FPT,BAD,UCB_WITHOUT_VAE_UNCERTAINTY,UCB-VAE without VAE uncertainty,49,7,test,0.547888066141525,0.2621440000000001,1.0,15729,-21.337310000000457,-2.133731000000046,-1.076281594998596,9.620302427720304,-0.27289445547279445,15.088115851499778,1,0.21084337349397592,False,False,False,321,0,0.0,36.587309999999995,0.18813449778953092,0.37110196490843134,0.0,0.0
FPT,BAD,UCB_WITHOUT_VAE_UNCERTAINTY,UCB-VAE without VAE uncertainty,49,8,train,0.49561047982204176,0.20971520000000007,1.0,17976,783.557120000004,78.3557120000004,6.644854023508517,8.901165706610861,0.5488461701563033,25.384575431592797,2,0.024477080551846907,False,False,False,2123,0,0.0,98.68288000000003,0.17089859954741138,0.21308714440187773,0.0,0.0
FPT,BAD,UCB_WITHOUT_VAE_UNCERTAINTY,UCB-VAE without VAE uncertainty,49,8,test,0.49561047982204176,0.20971520000000007,1.0,17976,-22.77153000000021,-2.2771530000000215,-1.149042932663269,9.800871140403789,-0.27365594743152943,16.567180007311187,1,0.18473895582329317,False,False,False,317,0,0.0,36.22153000000001,0.19946640213297684,0.36947679190511207,0.0,0.0
FPT,BAD,UCB_WITHOUT_VAE_UNCERTAINTY,UCB-VAE without VAE uncertainty,49,9,train,0.4483210401702486,0.1677721600000001,1.0,20223,774.6802300000036,77.46802300000036,6.5857072423424645,8.731346513930403,0.5513855091784425,25.052491222013316,2,0.024477080551846907,False,False,False,2119,0,0.0,99.14977000000002,0.16876811258892813,0.21139734826607337,0.0,0.0
FPT,BAD,UCB_WITHOUT_VAE_UNCERTAINTY,UCB-VAE without VAE uncertainty,49,9,test,0.4483210401702486,0.1677721600000001,1.0,20223,-20.571970000000192,-2.0571970000000195,-1.0374758462949107,9.80001608371809,-0.2620796646709329,16.567180007311187,1,0.18473895582329317,False,False,False,317,0,0.0,36.221970000000006,0.19999706780863513,0.3675946232125941,0.0,0.0
FPT,BAD,UCB_WITHOUT_VAE_UNCERTAINTY,UCB-VAE without VAE uncertainty,49,10,train,0.4055437954651474,0.13421772800000006,1.0,22470,847.4531,84.74530999999999,7.063036425218283,8.990548488775332,0.5881754187649845,24.896941722030512,2,0.020026702269692925,False,False,False,2155,0,0.0,103.94690000000001,0.1764628396328166,0.21181396593252289,0.0,0.0
FPT,BAD,UCB_WITHOUT_VAE_UNCERTAINTY,UCB-VAE without VAE uncertainty,49,10,test,0.4055437954651474,0.13421772800000006,1.0,22470,0.04916999999932159,0.00491699999993216,0.002466912431065005,10.133670327247899,-0.14609711405511877,16.54732945210733,1,0.15060240963855423,False,False,False,319,0,0.0,36.640830000000015,0.20646576773863998,0.3662755078819382,0.0,0.0
FPT,BAD,UCB_WITHOUT_VAE_UNCERTAINTY,UCB-VAE without VAE uncertainty,49,11,train,0.3668482076545458,0.10737418240000006,1.0,24717,909.7539499999996,90.97539499999996,7.458579759713202,8.851688306127123,0.6380362490881348,24.944852390272626,2,0.01557632398753894,False,False,False,2164,0,0.0,107.07605000000004,0.17440774002579887,0.21043115286268443,0.0,0.0
FPT,BAD,UCB_WITHOUT_VAE_UNCERTAINTY,UCB-VAE without VAE uncertainty,49,11,test,0.3668482076545458,0.10737418240000006,1.0,24717,15.125649999999496,1.5125649999999495,0.7560412429208796,10.272889677285903,-0.069049047875103,16.488331794718437,1,0.15060240963855423,False,False,False,319,0,0.0,36.64435000000001,0.20737298092029943,0.36440941458006937,0.0,0.0
FPT,BAD,UCB_WITHOUT_VAE_UNCERTAINTY,UCB-VAE without VAE uncertainty,49,12,train,0.3318448191396838,0.08589934592000005,1.0,26964,880.1413000000023,88.01413000000022,7.272024459154824,9.124106723839079,0.6024433687220259,24.434397950021243,2,0.013796172674677348,False,False,False,2171,0,0.0,106.41870000000009,0.18648151975413077,0.21165934364213168,0.0,0.0
FPT,BAD,UCB_WITHOUT_VAE_UNCERTAINTY,UCB-VAE without VAE uncertainty,49,12,test,0.3318448191396838,0.08589934592000005,1.0,26964,20.284389999999576,2.0284389999999575,1.0126107035213217,10.264280924432889,-0.04420126523955409,16.488331794718437,1,0.18072289156626506,False,False,False,319,0,0.0,36.64561000000001,0.2061807681700169,0.36276866612305125,0.0,0.0
FPT,BAD,UCB_WITHOUT_VAE_UNCERTAINTY,UCB-VAE without VAE uncertainty,49,13,train,0.3001813330203001,0.06871947673600004,1.0,29211,890.438190000001,89.0438190000001,7.337187636079934,9.251888830308443,0.6020340936954889,24.94631226257264,2,0.0075656430796617715,False,False,False,2189,0,0.0,108.81181000000002,0.19136567623828377,0.21129829561877472,0.0,0.0
FPT,BAD,UCB_WITHOUT_VAE_UNCERTAINTY,UCB-VAE without VAE uncertainty,49,13,test,0.3001813330203001,0.06871947673600004,1.0,29211,87.76760000000104,8.776760000000104,4.311164353124397,10.713339609064116,0.2644510492424968,14.078097806008858,0,0.19879518072289157,False,False,False,325,0,0.0,37.6324,0.1971610325342322,0.3598923509020403,0.0,0.0
FPT,BAD,UCB_WITHOUT_VAE_UNCERTAINTY,UCB-VAE without VAE uncertainty,49,14,train,0.27153906734917177,0.054975581388800036,1.0,31458,932.3164599999998,93.23164599999998,7.5990022375577615,9.282368496283768,0.626855761804186,24.617752323662252,2,0.0013351134846461949,False,False,False,2193,0,0.0,109.38354000000005,0.1952019061580783,0.2116443302745972,0.0,0.0
FPT,BAD,UCB_WITHOUT_VAE_UNCERTAINTY,UCB-VAE without VAE uncertainty,49,14,test,0.27153906734917177,0.054975581388800036,1.0,31458,93.19247000000087,9.319247000000088,4.571842272796456,10.714420569765823,0.28793623549944014,14.078097806008858,0,0.22289156626506024,False,False,False,328,0,0.0,37.93752999999999,0.19669428424236474,0.35859109751551027,0.0,0.0
FPT,BAD,UCB_WITHOUT_VAE_UNCERTAINTY,UCB-VAE without VAE uncertainty,49,15,train,0.24562974770943447,0.05,1.0,33705,917.9418200000002,91.79418200000002,7.50970830417399,9.187691134942575,0.6232350400361616,24.59781712979934,2,0.0017801513128615932,False,False,False,2184,0,0.0,109.89818000000008,0.19341467143196533,0.2107345412672229,0.0,0.0
FPT,BAD,UCB_WITHOUT_VAE_UNCERTAINTY,UCB-VAE without VAE uncertainty,49,15,test,0.24562974770943447,0.05,1.0,33705,82.61670000000049,8.261670000000048,4.063051128848216,10.912093278915743,0.23958874828271726,15.330891787729081,0,0.2248995983935743,False,False,False,328,0,0.0,37.943299999999994,0.20103142210385153,0.35836698500865916,0.0,0.0
FPT,BAD,UCB_WITHOUT_VAE_UNCERTAINTY,UCB-VAE without VAE uncertainty,49,16,train,0.2221926058330938,0.05,1.0,35952,958.4279399999984,95.84279399999984,7.759704693032443,9.313850048814986,0.6412057519317266,24.403410314756353,2,0.004005340453938585,False,False,False,2207,0,0.0,112.23205999999996,0.20257384763719458,0.2114786242856468,0.0,0.0
FPT,BAD,UCB_WITHOUT_VAE_UNCERTAINTY,UCB-VAE without VAE uncertainty,49,16,test,0.2221926058330938,0.05,1.0,35952,46.193149999999605,4.61931499999996,2.291514876541778,10.99043434082957,0.08108744953593475,16.928442374348673,0,0.17269076305220885,False,False,False,323,0,0.0,37.47685000000002,0.21377223887123362,0.35838108500802374,0.0,0.0
FPT,BAD,UCB_WITHOUT_VAE_UNCERTAINTY,UCB-VAE without VAE uncertainty,49,17,train,0.20099175505933367,0.05,1.0,38199,1061.7881199999965,106.17881199999965,8.377697150966457,9.863984207521067,0.6692340312217513,24.626953202917868,2,0.0013351134846461949,False,False,False,2206,0,0.0,112.73187999999998,0.2113892313216228,0.21116265003674287,0.0,0.0
FPT,BAD,UCB_WITHOUT_VAE_UNCERTAINTY,UCB-VAE without VAE uncertainty,49,17,test,0.20099175505933367,0.05,1.0,38199,56.28810000000067,5.628810000000066,2.785541619135734,11.004208234833362,0.1252860155013036,16.928442374348673,0,0.15461847389558234,False,False,False,323,0,0.0,37.55190000000001,0.21343195152963898,0.3569874816151508,0.0,0.0
FPT,BAD,UCB_WITHOUT_VAE_UNCERTAINTY,UCB-VAE without VAE uncertainty,49,18,train,0.18181381621752543,0.05,1.0,40446,1235.5660900000007,123.55660900000007,9.357210697941198,10.562388290759053,0.7176790687918246,24.58586613788999,3,0.0017801513128615932,False,False,False,2194,0,0.0,114.24390999999991,0.22106897424682737,0.2095019897528102,0.0,0.0
FPT,BAD,UCB_WITHOUT_VAE_UNCERTAINTY,UCB-VAE without VAE uncertainty,49,18,test,0.18181381621752543,0.05,1.0,40446,73.68891000000076,7.368891000000076,3.6316118389586594,11.07692978221399,0.1998167341917219,16.928442374348673,0,0.20080321285140562,False,False,False,324,0,0.0,37.661089999999994,0.21039296809974797,0.3555258998131178,0.0,0.0
FPT,BAD,UCB_WITHOUT_VAE_UNCERTAINTY,UCB-VAE without VAE uncertainty,49,19,train,0.16446577004027732,0.05,1.0,42693,1311.0055199999988,131.10055199999988,9.761496078607056,10.577435712033868,0.7519474563582249,24.601989740208634,3,0.0008900756564307966,False,False,False,2204,0,0.0,113.91447999999994,0.22709691752437153,0.21043879303353386,0.0,0.0
FPT,BAD,UCB_WITHOUT_VAE_UNCERTAINTY,UCB-VAE without VAE uncertainty,49,19,test,0.16446577004027732,0.05,1.0,42693,73.68891000000076,7.368891000000076,3.6316118389586594,11.076003965092116,0.1998244622663287,16.928442374348673,0,0.20080321285140562,False,False,False,324,0,0.0,37.661089999999994,0.21100592349486558,0.3546459272384165,0.0,0.0
FPT,BAD,UCB_WITHOUT_VAE_UNCERTAINTY,UCB-VAE without VAE uncertainty,49,20,train,0.14877301449181102,0.05,1.0,44940,1371.8968999999984,137.18968999999984,10.07935040138721,10.799865829178685,0.7656748197033526,24.613173068516907,3,0.0008900756564307966,False,False,False,2193,0,0.0,114.90309999999992,0.23735059983888637,0.21082613263718541,0.0,0.0
FPT,BAD,UCB_WITHOUT_VAE_UNCERTAINTY,UCB-VAE without VAE uncertainty,49,20,test,0.14877301449181102,0.05,1.0,44940,70.43364000000065,7.043364000000064,3.473855045820029,11.267082712574075,0.18471923714318916,16.828215620440705,0,0.1927710843373494,False,False,False,323,0,0.0,37.64636000000001,0.21010986279730917,0.3540286361931797,0.0,0.0
FPT,BAD,UCB_WITHOUT_VAE_UNCERTAINTY,UCB-VAE without VAE uncertainty,49,21,train,0.13457760745935274,0.05,1.0,47187,1112.2637999999988,111.22637999999989,8.669543564390736,9.720004382645788,0.7056849657150868,24.618288250223646,2,0.0013351134846461949,False,False,False,2192,0,0.0,114.51619999999994,0.23072001557902788,0.20666151216256126,0.0,0.0
FPT,BAD,UCB_WITHOUT_VAE_UNCERTAINTY,UCB-VAE without VAE uncertainty,49,21,test,0.13457760745935274,0.05,1.0,47187,82.91370999999936,8.291370999999934,4.077373735637746,11.330532660513263,0.23609644754813627,16.828215620440705,0,0.23493975903614459,False,False,False,322,0,0.0,37.51629000000002,0.20740725296111592,0.35253076575487013,0.0,0.0
FPT,BAD,UCB_WITHOUT_VAE_UNCERTAINTY,UCB-VAE without VAE uncertainty,49,22,train,0.12173667712083987,0.05,1.0,49434,1451.7650299999978,145.17650299999977,10.485444708270464,10.984543356113736,0.788454543372634,24.63291812328558,3,0.0008900756564307966,False,False,False,2189,0,0.0,115.36496999999991,0.24938905182513496,0.20906711455963428,0.0,0.0
FPT,BAD,UCB_WITHOUT_VAE_UNCERTAINTY,UCB-VAE without VAE uncertainty,49,22,test,0.12173667712083987,0.05,1.0,49434,95.89926999999989,9.589926999999989,4.701669409339226,11.457737598835461,0.28735868257206404,16.828215620440705,0,0.2389558232931727,False,False,False,324,0,0.0,37.870730000000016,0.2084785140002898,0.35158169200741146,0.0,0.0
FPT,BAD,UCB_WITHOUT_VAE_UNCERTAINTY,UCB-VAE without VAE uncertainty,49,23,train,0.11012098398984942,0.05,1.0,51681,1117.3152299999983,111.73152299999984,8.698408311899207,9.816704113288582,0.7024071384618285,24.645429177625275,2,0.0017801513128615932,False,False,False,2175,0,0.0,113.7947699999999,0.2450850954180209,0.20541448108967963,0.0,0.0
FPT,BAD,UCB_WITHOUT_VAE_UNCERTAINTY,UCB-VAE without VAE uncertainty,49,23,test,0.11012098398984942,0.05,1.0,51681,105.80541000000107,10.580541000000107,5.175443728192808,11.273042963223505,0.33054924505624467,16.223087935851424,0,0.21485943775100402,False,False,False,316,0,0.0,36.86459000000001,0.21037543925358712,0.35020533919214725,0.0,0.0
FPT,BAD,UCB_WITHOUT_VAE_UNCERTAINTY,UCB-VAE without VAE uncertainty,49,24,train,0.1,0.05,1.0,53928,1193.8265399999973,119.38265399999972,9.128285423623783,9.616325755293301,0.7564345831677661,24.419084810299527,2,0.0017801513128615932,False,False,False,2160,0,0.0,114.29345999999998,0.2371669201224312,0.20361759190990175,0.0,0.0
FPT,BAD,UCB_WITHOUT_VAE_UNCERTAINTY,UCB-VAE without VAE uncertainty,49,24,test,0.1,0.05,1.0,53928,105.80541000000107,10.580541000000107,5.175443728192808,11.273042963223505,0.33054924505624467,16.223087935851424,0,0.21485943775100402,False,False,False,316,0,0.0,36.86459000000001,0.21037543925358712,0.34930448940240716,0.0,0.0
FPT,BAD,UCB_WITHOUT_VAE_UNCERTAINTY,UCB-VAE without VAE uncertainty,49,25,train,0.1,0.05,1.0,56175,1255.5859000000032,125.55859000000031,9.465666456036592,10.014613611753779,0.7613339748659289,24.39875915059247,2,0.004895416110369382,False,False,False,2133,0,0.0,112.65409999999996,0.25470207883812446,0.20184478952214088,0.0,0.0
FPT,BAD,UCB_WITHOUT_VAE_UNCERTAINTY,UCB-VAE without VAE uncertainty,49,25,test,0.1,0.05,1.0,56175,106.9948000000004,10.699480000000039,5.232185440600801,11.309040007085976,0.33467662464776765,16.223087935851424,0,0.21285140562248997,False,False,False,319,0,0.0,37.0052,0.21157483458011664,0.3486401582937164,0.0,0.0
FPT,BAD,UCB_WITHOUT_VAE_UNCERTAINTY,UCB-VAE without VAE uncertainty,49,26,train,0.1,0.05,1.0,58422,1265.8594299999995,126.58594299999994,9.520990720977561,10.248600578084913,0.7512565875842188,24.42996487988609,2,0.005785491766800178,False,False,False,2115,0,0.0,111.13056999999996,0.27624326356359813,0.20240936503908505,0.0,0.0
FPT,BAD,UCB_WITHOUT_VAE_UNCERTAINTY,UCB-VAE without VAE uncertainty,49,26,test,0.1,0.05,1.0,58422,106.9948000000004,10.699480000000039,5.232185440600801,11.309040007085976,0.33467662464776765,16.223087935851424,0,0.21285140562248997,False,False,False,319,0,0.0,37.0052,0.21157483458011664,0.3478314612045824,0.0,0.0
FPT,BAD,UCB_WITHOUT_VAE_UNCERTAINTY,UCB-VAE without VAE uncertainty,49,27,train,0.1,0.05,1.0,60669,1597.8513000000025,159.78513000000027,11.198725055271396,11.086706646658865,0.8408324647733926,24.391399713984654,3,0.004450378282153983,False,False,False,2101,0,0.0,111.84870000000002,0.27200031871657115,0.2026654947888973,0.0,0.0
FPT,BAD,UCB_WITHOUT_VAE_UNCERTAINTY,UCB-VAE without VAE uncertainty,49,27,test,0.1,0.05,1.0,60669,119.33186000000046,11.933186000000045,5.8189618957004585,11.49111066229505,0.3799426203326356,15.977891486997676,0,0.18072289156626506,False,False,False,316,0,0.0,36.84814000000001,0.21781855295541022,0.3474913517155322,0.0,0.0
FPT,BAD,UCB_WITHOUT_VAE_UNCERTAINTY,UCB-VAE without VAE uncertainty,49,28,train,0.1,0.05,1.0,62916,1618.5682700000002,161.856827,11.296975030541901,11.444552398742763,0.8258562836012477,24.391399713984654,3,0.0053404539385847796,False,False,False,2085,0,0.0,109.80173000000003,0.29077365016462503,0.20293650869321547,0.0,0.0
FPT,BAD,UCB_WITHOUT_VAE_UNCERTAINTY,UCB-VAE without VAE uncertainty,49,28,test,0.1,0.05,1.0,62916,117.25545999999963,11.725545999999962,5.7204303370807175,11.023897548833547,0.38278437431729617,15.599857052411542,0,0.1706827309236948,False,False,False,315,0,0.0,36.58454000000001,0.210271853944073,0.34627930945660695,0.0,0.0
FPT,BAD,UCB_WITHOUT_VAE_UNCERTAINTY,UCB-VAE without VAE uncertainty,49,29,train,0.1,0.05,1.0,65163,1255.0627200000004,125.50627200000004,9.462843076194227,10.380719034384656,0.7378502236051571,24.39419797752209,2,0.006230529595015576,False,False,False,2078,0,0.0,107.95728000000004,0.2832810469272742,0.1987100544410066,0.0,0.0
FPT,BAD,UCB_WITHOUT_VAE_UNCERTAINTY,UCB-VAE without VAE uncertainty,49,29,test,0.1,0.05,1.0,65163,117.25545999999963,11.725545999999962,5.7204303370807175,11.023897548833547,0.38278437431729617,15.599857052411542,0,0.1706827309236948,False,False,False,315,0,0.0,36.58454000000001,0.210271853944073,0.3455272084737877,0.0,0.0
FPT,BAD,UCB_WITHOUT_VAE_UNCERTAINTY,UCB-VAE without VAE uncertainty,49,30,train,0.1,0.05,1.0,67410,1582.8020000000029,158.2802000000003,11.12691630287439,11.805328896029158,0.7911070420584781,24.37172319245046,3,0.007120605251446373,False,False,False,2046,0,0.0,108.61800000000005,0.30733077037328854,0.19977427515046672,0.0,0.0
FPT,BAD,UCB_WITHOUT_VAE_UNCERTAINTY,UCB-VAE without VAE uncertainty,49,30,test,0.1,0.05,1.0,67410,112.40448999999967,11.240448999999966,5.489880706835182,10.865894119662602,0.3664394195763022,16.050853737542162,0,0.13654618473895583,False,False,False,312,0,0.0,36.24551000000002,0.21384286971724517,0.3450454096777372,0.0,0.0
FPT,BAD,UCB_WITHOUT_VAE_UNCERTAINTY,UCB-VAE without VAE uncertainty,49,31,train,0.1,0.05,1.0,69657,1391.32616,139.13261599999998,10.179245789073633,10.783879976673132,0.7752611331554191,23.9526346634616,2,0.009345794392523364,False,False,False,2026,0,0.0,106.61384000000008,0.3063918867991346,0.19722164951805332,0.0,0.0
FPT,BAD,UCB_WITHOUT_VAE_UNCERTAINTY,UCB-VAE without VAE uncertainty,49,31,test,0.1,0.05,1.0,69657,104.96026000000029,10.496026000000029,5.135106040092152,10.849160272069717,0.3355117879715,16.050853737542162,0,0.13253012048192772,False,False,False,310,0,0.0,35.89974000000001,0.21017946432263546,0.3438245592466799,0.0,0.0
FPT,BAD,UCB_WITHOUT_VAE_UNCERTAINTY,UCB-VAE without VAE uncertainty,49,32,train,0.1,0.05,1.0,71904,1467.473840000001,146.7473840000001,10.563930487709762,10.692271815096092,0.8138675413053864,23.955477246566566,2,0.009790832220738763,False,False,False,2008,0,0.0,107.4261600000002,0.294405849058217,0.19480748514387414,0.0,0.0
FPT,BAD,UCB_WITHOUT_VAE_UNCERTAINTY,UCB-VAE without VAE uncertainty,49,32,test,0.1,0.05,1.0,71904,99.31824000000006,9.931824000000006,4.865426432514264,10.874426030790529,0.3111545158517064,16.050853737542162,0,0.11847389558232932,False,False,False,307,0,0.0,35.601760000000006,0.21326867400273722,0.3432236107358013,0.0,0.0
FPT,BAD,UCB_WITHOUT_VAE_UNCERTAINTY,UCB-VAE without VAE uncertainty,49,33,train,0.1,0.05,1.0,74151,1505.2424300000025,150.52424300000024,10.750831034606033,10.654351321560181,0.8323961672651574,24.38840663784235,2,0.011570983533600357,False,False,False,1973,0,0.0,106.3675700000002,0.30274168745566943,0.19414262298841078,0.0,0.0
FPT,BAD,UCB_WITHOUT_VAE_UNCERTAINTY,UCB-VAE without VAE uncertainty,49,33,test,0.1,0.05,1.0,74151,99.31824000000006,9.931824000000006,4.865426432514264,10.874426030790529,0.3111545158517064,16.050853737542162,0,0.11847389558232932,False,False,False,307,0,0.0,35.601760000000006,0.21326867400273722,0.3418394649423749,0.0,0.0
FPT,BAD,UCB_WITHOUT_VAE_UNCERTAINTY,UCB-VAE without VAE uncertainty,49,34,train,0.1,0.05,1.0,76398,2049.815649999997,204.98156499999968,13.199636280814108,12.366660374725628,0.9115282708872856,24.39710176279921,4,0.011570983533600357,False,False,False,1960,0,0.0,108.03434999999998,0.3309484590757645,0.19675640321515325,0.0,0.0
FPT,BAD,UCB_WITHOUT_VAE_UNCERTAINTY,UCB-VAE without VAE uncertainty,49,34,test,0.1,0.05,1.0,76398,84.61322000000064,8.461322000000065,4.159290979786778,11.68616781240035,0.23933284593330592,17.923825454334093,1,0.17670682730923695,False,False,False,306,0,0.0,35.646780000000014,0.21666377672280446,0.34212472505239117,0.0,0.0
FPT,BAD,UCB_WITHOUT_VAE_UNCERTAINTY,UCB-VAE without VAE uncertainty,49,35,train,0.1,0.05,1.0,78645,1731.9115700000034,173.19115700000035,11.822580384419123,11.59745441303555,0.8575371246955094,24.64219896925964,3,0.012461059190031152,False,False,False,1937,0,0.0,106.25843000000009,0.3191348113138558,0.19308835362520652,0.0,0.0
FPT,BAD,UCB_WITHOUT_VAE_UNCERTAINTY,UCB-VAE without VAE uncertainty,49,35,test,0.1,0.05,1.0,78645,86.79833999999983,8.679833999999982,4.264520947238903,11.175961478798072,0.25417294566654636,17.03743822609712,1,0.13654618473895583,False,False,False,301,0,0.0,35.02166000000001,0.21238064453078445,0.3412708570081067,0.0,0.0
FPT,BAD,UCB_WITHOUT_VAE_UNCERTAINTY,UCB-VAE without VAE uncertainty,49,36,train,0.1,0.05,1.0,80892,1716.9182700000006,171.69182700000005,11.75417716035414,11.515198727106126,0.8574783391039464,24.021249709313736,3,0.01335113484646195,False,False,False,1930,0,0.0,106.01173000000007,0.31959210951087574,0.19255270568540375,0.0,0.0
FPT,BAD,UCB_WITHOUT_VAE_UNCERTAINTY,UCB-VAE without VAE uncertainty,49,36,test,0.1,0.05,1.0,80892,102.51006000000052,10.251006000000054,5.018074853317045,11.528481399038979,0.3128462882824447,17.03743822609712,1,0.12048192771084337,False,False,False,301,0,0.0,35.32994,0.22384225615561676,0.3416263677449112,0.0,0.0
FPT,BAD,UCB_WITHOUT_VAE_UNCERTAINTY,UCB-VAE without VAE uncertainty,49,37,train,0.1,0.05,1.0,83139,1524.2806200000023,152.42806200000024,10.844095362718221,11.047695530083251,0.8143306431373228,24.186352194630583,2,0.014241210502892745,False,False,False,1901,0,0.0,102.55938000000005,0.32382495807528316,0.1910727703019572,0.0,0.0
FPT,BAD,UCB_WITHOUT_VAE_UNCERTAINTY,UCB-VAE without VAE uncertainty,49,37,test,0.1,0.05,1.0,83139,77.26054999999997,7.726054999999997,3.8044265962839496,11.225337141006316,0.21378632689338659,17.465564349091554,1,0.13253012048192772,False,False,False,295,0,0.0,34.32945000000001,0.2180063113900038,0.3403382118207863,0.0,0.0
FPT,BAD,UCB_WITHOUT_VAE_UNCERTAINTY,UCB-VAE without VAE uncertainty,49,38,train,0.1,0.05,1.0,85386,1855.3819500000022,185.53819500000023,12.373532763515293,12.115512776663504,0.8668678150528313,24.183378945379026,3,0.014686248331108143,False,False,False,1880,0,0.0,102.42805000000006,0.3386578140043308,0.19300455876228595,0.0,0.0
FPT,BAD,UCB_WITHOUT_VAE_UNCERTAINTY,UCB-VAE without VAE uncertainty,49,38,test,0.1,0.05,1.0,85386,77.26054999999997,7.726054999999997,3.8044265962839496,11.225337141006316,0.21378632689338659,17.465564349091554,1,0.13253012048192772,False,False,False,295,0,0.0,34.32945000000001,0.2180063113900038,0.33955292538347015,0.0,0.0
FPT,BAD,UCB_WITHOUT_VAE_UNCERTAINTY,UCB-VAE without VAE uncertainty,49,39,train,0.1,0.05,1.0,87633,1713.0560700000028,171.3056070000003,11.736502490045563,11.897515769665558,0.8323299770390744,24.178070599753944,3,0.01602136181575434,False,False,False,1863,0,0.0,100.79393000000009,0.33522177682600796,0.18935693223833455,0.0,0.0
FPT,BAD,UCB_WITHOUT_VAE_UNCERTAINTY,UCB-VAE without VAE uncertainty,49,39,test,0.1,0.05,1.0,87633,99.00772999999936,9.900772999999935,4.850564547558434,11.21046545069003,0.30414362031251346,17.465564349091554,1,0.1827309236947791,False,False,False,296,0,0.0,34.36227000000003,0.21377242614757833,0.3380924929756237,0.0,0.0
FPT,BAD,UCB_WITHOUT_VAE_UNCERTAINTY,UCB-VAE without VAE uncertainty,49,40,train,0.1,0.05,1.0,89880,1915.8656900000024,191.58656900000025,12.635737114073976,11.970761054188578,0.8955425668185051,24.154480911345097,3,0.016911437472185136,False,False,False,1862,0,0.0,102.56431000000009,0.3425716211254529,0.1903525895485095,0.0,0.0
FPT,BAD,UCB_WITHOUT_VAE_UNCERTAINTY,UCB-VAE without VAE uncertainty,49,40,test,0.1,0.05,1.0,89880,103.80227999999966,10.380227999999965,5.07981249448497,11.056816230745218,0.32671985635480605,15.981092070502594,1,0.16265060240963855,False,False,False,294,0,0.0,34.05772000000003,0.2156322690998202,0.33719047727474727,0.0,0.0
FPT,BAD,UCB_WITHOUT_VAE_UNCERTAINTY,UCB-VAE without VAE uncertainty,49,41,train,0.1,0.05,1.0,92127,2133.26989,213.32698900000003,13.539927982422606,13.068958040230031,0.8926547054144714,25.501114440901397,4,0.017801513128615932,False,False,False,1870,0,0.0,103.94010999999995,0.4006138968664372,0.18868018029581773,0.0,0.0
FPT,BAD,UCB_WITHOUT_VAE_UNCERTAINTY,UCB-VAE without VAE uncertainty,49,41,test,0.1,0.05,1.0,92127,132.17533000000026,13.217533000000026,6.426410639115532,11.079624264390446,0.4421520846845122,15.455831637536871,1,0.24497991967871485,False,False,False,295,0,0.0,34.09467000000002,0.20798110257696995,0.3345969265184728,0.0,0.0
FPT,BAD,UCB_WITHOUT_VAE_UNCERTAINTY,UCB-VAE without VAE uncertainty,49,42,train,0.1,0.05,1.0,94374,2137.7396799999983,213.77396799999983,13.55792570731622,13.681635258289285,0.8598532745424539,25.72397926242067,4,0.01602136181575434,False,False,False,1875,0,0.0,103.38031999999994,0.4334967552148642,0.19109792769631653,0.0,0.0
FPT,BAD,UCB_WITHOUT_VAE_UNCERTAINTY,UCB-VAE without VAE uncertainty,49,42,test,0.1,0.05,1.0,94374,132.63739000000055,13.263739000000054,6.4482002159012675,11.029299985247345,0.44554199257695065,15.455831637536871,1,0.23092369477911648,False,False,False,293,0,0.0,34.01261000000002,0.20383546383050383,0.3331336747091937,0.0,0.0
FPT,BAD,UCB_WITHOUT_VAE_UNCERTAINTY,UCB-VAE without VAE uncertainty,49,43,train,0.1,0.05,1.0,96621,2224.748109999999,222.47481099999993,13.903804791254547,14.539579794600222,0.8384877474092811,19.165763427589678,5,0.01602136181575434,False,False,False,1882,0,0.0,103.60189000000004,0.529942084289818,0.2091308635177483,0.0,0.0
FPT,BAD,UCB_WITHOUT_VAE_UNCERTAINTY,UCB-VAE without VAE uncertainty,49,43,test,0.1,0.05,1.0,96621,132.63739000000055,13.263739000000054,6.4482002159012675,11.029299985247345,0.44554199257695065,15.455831637536871,1,0.23092369477911648,False,False,False,293,0,0.0,34.01261000000002,0.20383546383050383,0.332461000655789,0.0,0.0
FPT,BAD,UCB_WITHOUT_VAE_UNCERTAINTY,UCB-VAE without VAE uncertainty,49,44,train,0.1,0.05,1.0,98868,2275.620659999997,227.56206599999967,14.102211076500382,14.97147186113725,0.83029591605993,21.366348957794326,5,0.016466399643969738,False,False,False,1868,0,0.0,101.51934000000007,0.5553979655040295,0.21187263477840687,0.0,0.0
FPT,BAD,UCB_WITHOUT_VAE_UNCERTAINTY,UCB-VAE without VAE uncertainty,49,44,test,0.1,0.05,1.0,98868,121.43575000000033,12.143575000000032,5.918705090693233,11.004878706081392,0.40058577401422063,15.455831637536871,1,0.23092369477911648,False,False,False,294,0,0.0,34.29425000000001,0.2019711348827245,0.3315082037724166,0.0,0.0
FPT,BAD,UCB_WITHOUT_VAE_UNCERTAINTY,UCB-VAE without VAE uncertainty,49,45,train,0.1,0.05,1.0,101115,1596.2893499999973,159.62893499999973,11.191289326010523,13.905829595648896,0.6953346130890525,21.590673325313148,3,0.016911437472185136,False,False,False,1859,0,0.0,99.30065000000008,0.5309324202073867,0.20750508592374917,0.0,0.0
FPT,BAD,UCB_WITHOUT_VAE_UNCERTAINTY,UCB-VAE without VAE uncertainty,49,45,test,0.1,0.05,1.0,101115,83.40825000000063,8.340825000000065,4.101217418588732,11.074862559729382,0.24110264917806112,15.455831637536871,1,0.2289156626506024,False,False,False,288,0,0.0,33.201750000000004,0.20495325241209875,0.3314054687039919,0.0,0.0
FPT,BAD,UCB_WITHOUT_VAE_UNCERTAINTY,UCB-VAE without VAE uncertainty,50,1,train,1.0,1.0,1.0,2247,-111.75007999999923,-11.175007999999922,-1.308949973972895,4.483212188153417,-0.7199544164327168,20.639928877822964,0,0.015131286159323543,False,False,False,2204,0,0.0,77.59007999999997,0.05738572624875876,0.25315355521124844,0.0,0.0
FPT,BAD,UCB_WITHOUT_VAE_UNCERTAINTY,UCB-VAE without VAE uncertainty,50,1,test,1.0,1.0,1.0,2247,-10.607559999999353,-1.0607559999999354,-0.533613341445649,2.462390034856393,-1.0190469496013563,3.301871062967887,0,0.12248995983935743,False,False,False,430,0,0.0,38.887560000000036,0.05760984835581408,0.5181916760033872,0.0,0.0
FPT,BAD,UCB_WITHOUT_VAE_UNCERTAINTY,UCB-VAE without VAE uncertainty,50,2,train,0.9045834549972122,0.8,1.0,4494,-96.41985000000034,-9.641985000000034,-1.1210017298376007,4.815871218688623,-0.6271536974354781,20.184045730637028,0,0.011125945705384957,False,False,False,2200,0,0.0,77.06984999999992,0.06214200145694475,0.24879704090187588,0.0,0.0
FPT,BAD,UCB_WITHOUT_VAE_UNCERTAINTY,UCB-VAE without VAE uncertainty,50,2,test,0.9045834549972122,0.8,1.0,4494,-20.43271999999922,-2.0432719999999223,-1.030416948372792,2.4619260022848724,-1.2243679381874266,2.7688757128865014,0,0.11847389558232932,False,False,False,422,0,0.0,38.17272000000002,0.057729492151560445,0.5108721855294752,0.0,0.0
FPT,BAD,UCB_WITHOUT_VAE_UNCERTAINTY,UCB-VAE without VAE uncertainty,50,3,train,0.8182712270546932,0.6400000000000001,1.0,6741,-92.1039100000005,-9.21039100000005,-1.0685997691894822,4.878940734670026,-0.6074652572038195,20.40741014151828,0,0.014686248331108143,False,False,False,2196,0,0.0,76.89390999999998,0.06269870931281296,0.244317930528308,0.0,0.0
FPT,BAD,UCB_WITHOUT_VAE_UNCERTAINTY,UCB-VAE without VAE uncertainty,50,3,test,0.8182712270546932,0.6400000000000001,1.0,6741,-21.090979999999377,-2.1090979999999377,-1.0637900452706073,2.450790645258665,-1.2439286907660054,2.7909221300964195,0,0.12048192771084337,False,False,False,419,0,0.0,38.09098000000001,0.05800018499240585,0.5038179261497704,0.0,0.0
FPT,BAD,UCB_WITHOUT_VAE_UNCERTAINTY,UCB-VAE without VAE uncertainty,50,4,train,0.7401946136939427,0.5120000000000001,1.0,8988,-102.66642999999908,-10.26664299999991,-1.1972399178897697,5.1058250743328255,-0.603970330969874,20.350090395147866,0,0.016911437472185136,False,False,False,2188,0,0.0,76.59642999999994,0.06661658209149879,0.23978908239309663,0.0,0.0
FPT,BAD,UCB_WITHOUT_VAE_UNCERTAINTY,UCB-VAE without VAE uncertainty,50,4,test,0.7401946136939427,0.5120000000000001,1.0,8988,-23.330809999999133,-2.3330809999999134,-1.1774309354937396,2.4959733710627976,-1.2674000417278806,2.966791636103968,0,0.10642570281124498,False,False,False,418,0,0.0,38.12081000000001,0.05961760896630629,0.4974379131951964,0.0,0.0
FPT,BAD,UCB_WITHOUT_VAE_UNCERTAINTY,UCB-VAE without VAE uncertainty,50,5,train,0.6695678010255933,0.4096000000000001,1.0,11235,-107.8436499999998,-10.78436499999998,-1.260785125457431,5.390115385751112,-0.5813866323328664,20.994384984307192,0,0.021361815754339118,False,False,False,2184,0,0.0,77.39364999999984,0.07248061911767156,0.23611136144885075,0.0,0.0
FPT,BAD,UCB_WITHOUT_VAE_UNCERTAINTY,UCB-VAE without VAE uncertainty,50,5,test,0.6695678010255933,0.4096000000000001,1.0,11235,-40.36944999999935,-4.0369449999999345,-2.0461963513613624,2.4918935572493734,-1.6268734858949763,5.251196365950274,0,0.11044176706827309,False,False,False,425,0,0.0,38.67945000000003,0.06247353610481448,0.4913986928491707,0.0,0.0
FPT,BAD,UCB_WITHOUT_VAE_UNCERTAINTY,UCB-VAE without VAE uncertainty,50,6,train,0.6056799548066172,0.3276800000000001,1.0,13482,-101.20061999999825,-10.120061999999825,-1.179307756953818,5.607632216984723,-0.5418913106721759,20.52136089081971,0,0.020026702269692925,False,False,False,2188,0,0.0,78.06061999999989,0.08043341136243708,0.23287742698675376,0.0,0.0
FPT,BAD,UCB_WITHOUT_VAE_UNCERTAINTY,UCB-VAE without VAE uncertainty,50,6,test,0.6056799548066172,0.3276800000000001,1.0,13482,-9.838699999999449,-0.9838699999999448,-0.49484030549632463,2.521851630750962,-0.978843002730781,4.114664206861854,0,0.13052208835341367,False,False,False,418,0,0.0,37.95870000000002,0.059493940247131276,0.48506954198620883,0.0,0.0
FPT,BAD,UCB_WITHOUT_VAE_UNCERTAINTY,UCB-VAE without VAE uncertainty,50,7,train,0.547888066141525,0.2621440000000001,1.0,15729,-110.86891999999762,-11.08689199999976,-1.2980691738571082,5.78480824732012,-0.5445157312414423,21.421106934665485,0,0.018691588785046728,False,False,False,2187,0,0.0,78.48891999999991,0.08849073854068162,0.23049034520114958,0.0,0.0
FPT,BAD,UCB_WITHOUT_VAE_UNCERTAINTY,UCB-VAE without VAE uncertainty,50,7,test,0.547888066141525,0.2621440000000001,1.0,15729,-35.92665999999974,-3.592665999999974,-1.8189317467388944,2.69334100872569,-1.4164600277596373,6.418798953943206,0,0.1285140562248996,False,False,False,419,0,0.0,37.56666000000001,0.05973359003897179,0.48016584170870036,0.0,0.0
FPT,BAD,UCB_WITHOUT_VAE_UNCERTAINTY,UCB-VAE without VAE uncertainty,50,8,train,0.49561047982204176,0.20971520000000007,1.0,17976,-66.34927999999695,-6.634927999999696,-0.7604261817933389,5.924573438509337,-0.43780521295958286,21.361967379392578,0,0.01913662661326213,False,False,False,2188,0,0.0,78.6692799999999,0.09461754109224785,0.2285957466537389,0.0,0.0
FPT,BAD,UCB_WITHOUT_VAE_UNCERTAINTY,UCB-VAE without VAE uncertainty,50,8,test,0.49561047982204176,0.20971520000000007,1.0,17976,-60.40035999999952,-6.040035999999952,-3.0774207503708295,2.6733792836252332,-1.9138967405563774,6.3617460375531705,0,0.12449799196787148,False,False,False,421,0,0.0,37.720360000000014,0.061958924973038614,0.47641441686804514,0.0,0.0
FPT,BAD,UCB_WITHOUT_VAE_UNCERTAINTY,UCB-VAE without VAE uncertainty,50,9,train,0.4483210401702486,0.1677721600000001,1.0,20223,-86.6248999999982,-8.66248999999982,-1.0023944226317583,5.967870136126217,-0.4754608064279074,21.54974339170242,0,0.016911437472185136,False,False,False,2187,0,0.0,79.14489999999996,0.0969401191939054,0.22623156758815274,0.0,0.0
FPT,BAD,UCB_WITHOUT_VAE_UNCERTAINTY,UCB-VAE without VAE uncertainty,50,9,test,0.4483210401702486,0.1677721600000001,1.0,20223,-64.994409999999,-6.499440999999899,-3.3154699303803437,2.5677050824069036,-2.09032894435245,6.718342758519798,0,0.12048192771084337,False,False,False,422,0,0.0,37.66441000000002,0.06256497385056152,0.4724471806642042,0.0,0.0
FPT,BAD,UCB_WITHOUT_VAE_UNCERTAINTY,UCB-VAE without VAE uncertainty,50,10,train,0.4055437954651474,0.13421772800000006,1.0,22470,-92.77937999999676,-9.277937999999676,-1.0767863501875974,6.267327595627887,-0.4619157016379326,23.289759931906467,0,0.016911437472185136,False,False,False,2187,0,0.0,80.31937999999998,0.10792614810345362,0.22497577012633024,0.0,0.0
FPT,BAD,UCB_WITHOUT_VAE_UNCERTAINTY,UCB-VAE without VAE uncertainty,50,10,test,0.4055437954651474,0.13421772800000006,1.0,22470,0.1257000000005064,0.01257000000005064,0.006306385613030763,2.9715108279996976,-0.6560602862583281,4.251769503853604,0,0.11044176706827309,False,False,False,416,0,0.0,37.414300000000026,0.0719883760774099,0.4676836356819873,0.0,0.0
FPT,BAD,UCB_WITHOUT_VAE_UNCERTAINTY,UCB-VAE without VAE uncertainty,50,11,train,0.3668482076545458,0.10737418240000006,1.0,24717,-111.4891199999986,-11.148911999999859,-1.305726570338983,6.364615302282295,-0.4906079014649425,23.865567564755917,0,0.014686248331108143,False,False,False,2190,0,0.0,81.08911999999997,0.1110609162895735,0.22371469159549642,0.0,0.0
FPT,BAD,UCB_WITHOUT_VAE_UNCERTAINTY,UCB-VAE without VAE uncertainty,50,11,test,0.3668482076545458,0.10737418240000006,1.0,24717,-27.42739000000006,-2.742739000000006,-1.3856130880830264,3.1944568054124973,-1.0506328472093973,6.456564584161825,0,0.09036144578313253,False,False,False,423,0,0.0,38.07739000000002,0.07851061108846336,0.465770830950105,0.0,0.0
FPT,BAD,UCB_WITHOUT_VAE_UNCERTAINTY,UCB-VAE without VAE uncertainty,50,12,train,0.3318448191396838,0.08589934592000005,1.0,26964,-123.97957999999994,-12.397957999999994,-1.4609621784553828,6.406272805315454,-0.5118026635844325,24.26757316041695,0,0.01824655095683133,False,False,False,2192,0,0.0,81.71957999999997,0.11337970934075409,0.22207273626107346,0.0,0.0
FPT,BAD,UCB_WITHOUT_VAE_UNCERTAINTY,UCB-VAE without VAE uncertainty,50,12,test,0.3318448191396838,0.08589934592000005,1.0,26964,-16.48456999999985,-1.6484569999999847,-0.8304839340500525,2.955395796727452,-0.9465471487727528,4.472739329667162,0,0.08634538152610442,False,False,False,425,0,0.0,38.594570000000026,0.07721370141805137,0.46262671822405244,0.0,0.0
FPT,BAD,UCB_WITHOUT_VAE_UNCERTAINTY,UCB-VAE without VAE uncertainty,50,13,train,0.3001813330203001,0.06871947673600004,1.0,29211,-52.31683999999893,-5.231683999999894,-0.5956838025684252,6.623401577844039,-0.35975589676330777,24.29323225013631,0,0.016466399643969738,False,False,False,2202,0,0.0,81.79683999999995,0.12179768559373266,0.22053150516989817,0.0,0.0
FPT,BAD,UCB_WITHOUT_VAE_UNCERTAINTY,UCB-VAE without VAE uncertainty,50,13,test,0.3001813330203001,0.06871947673600004,1.0,29211,-16.49144000000058,-1.649144000000058,-0.8308314808982309,3.169470871624078,-0.8806605899480172,4.356391583095542,0,0.07228915662650602,False,False,False,429,0,0.0,38.75144000000003,0.07782691683022074,0.4602699775293649,0.0,0.0
FPT,BAD,UCB_WITHOUT_VAE_UNCERTAINTY,UCB-VAE without VAE uncertainty,50,14,train,0.27153906734917177,0.054975581388800036,1.0,31458,-75.74759000000006,-7.574759000000006,-0.8719983554590582,6.838406406133306,-0.3873805981437374,25.660347427326975,0,0.008455718736092568,False,False,False,2203,0,0.0,83.01758999999988,0.13139458980680602,0.22020524785977022,0.0,0.0
FPT,BAD,UCB_WITHOUT_VAE_UNCERTAINTY,UCB-VAE without VAE uncertainty,50,14,test,0.27153906734917177,0.054975581388800036,1.0,31458,-19.517650000000458,-1.951765000000046,-0.9840424107950718,3.2445661586119936,-0.9075946607764833,5.188226319979333,0,0.06827309236947791,False,False,False,435,0,0.0,39.48765000000003,0.08242238294942136,0.4588557183742523,0.0,0.0
FPT,BAD,UCB_WITHOUT_VAE_UNCERTAINTY,UCB-VAE without VAE uncertainty,50,15,train,0.24562974770943447,0.05,1.0,33705,-85.76322999999945,-8.576322999999945,-0.9920146141944475,7.134761638613753,-0.3854739337633066,26.486388153941792,1,0.011570983533600357,False,False,False,2206,0,0.0,83.95322999999998,0.13948083000784645,0.22003867090225857,0.0,0.0
FPT,BAD,UCB_WITHOUT_VAE_UNCERTAINTY,UCB-VAE without VAE uncertainty,50,15,test,0.24562974770943447,0.05,1.0,33705,-21.345549999999776,-2.1345549999999776,-1.0766994776760574,3.367840005597833,-0.9011879930071901,4.541187323209033,0,0.0642570281124498,False,False,False,438,0,0.0,39.81555000000004,0.08382111468829233,0.45736159824104194,0.0,0.0
FPT,BAD,UCB_WITHOUT_VAE_UNCERTAINTY,UCB-VAE without VAE uncertainty,50,16,train,0.2221926058330938,0.05,1.0,35952,16.17122000000063,1.6171220000000632,0.1785241221761824,7.87027721164074,-0.19191098988176916,26.788405878447787,1,0.009345794392523364,False,False,False,2218,0,0.0,83.30877999999994,0.15320277663457108,0.21807090644312266,0.0,0.0
FPT,BAD,UCB_WITHOUT_VAE_UNCERTAINTY,UCB-VAE without VAE uncertainty,50,16,test,0.2221926058330938,0.05,1.0,35952,-41.131740000000036,-4.113174000000003,-2.085242866806014,3.581985815568901,-1.133748446612638,6.142998542789609,0,0.04819277108433735,False,False,False,442,0,0.0,39.991740000000036,0.08699919237845863,0.4564180641648281,0.0,0.0
FPT,BAD,UCB_WITHOUT_VAE_UNCERTAINTY,UCB-VAE without VAE uncertainty,50,17,train,0.20099175505933367,0.05,1.0,38199,6.543590000000677,0.6543590000000676,0.07254564569418864,7.771085685919315,-0.20911241458280153,26.363944160403424,0,0.004450378282153983,False,False,False,2217,0,0.0,83.82640999999992,0.15403378027465522,0.216921067481233,0.0,0.0
FPT,BAD,UCB_WITHOUT_VAE_UNCERTAINTY,UCB-VAE without VAE uncertainty,50,17,test,0.20099175505933367,0.05,1.0,38199,-33.455709999999954,-3.345570999999995,-1.692759619067996,3.794959503646035,-0.9617542813164658,6.321642523582508,0,0.04417670682730924,False,False,False,441,0,0.0,40.12571000000002,0.0957648315390876,0.4549414927222164,0.0,0.0
FPT,BAD,UCB_WITHOUT_VAE_UNCERTAINTY,UCB-VAE without VAE uncertainty,50,18,train,0.18181381621752543,0.05,1.0,40446,14.65038000000095,1.465038000000095,0.1618426203289669,7.931963072974281,-0.19193201735258936,26.506668688188125,1,0.004450378282153983,False,False,False,2217,0,0.0,83.88961999999987,0.15826243116732128,0.2161813448894061,0.0,0.0
FPT,BAD,UCB_WITHOUT_VAE_UNCERTAINTY,UCB-VAE without VAE uncertainty,50,18,test,0.18181381621752543,0.05,1.0,40446,-15.192810000000009,-1.5192810000000008,-0.7651564922740661,3.7643199325859356,-0.7182876610071027,5.384261500112063,0,0.04216867469879518,False,False,False,445,0,0.0,41.02281000000003,0.10210348639419997,0.45315611329543065,0.0,0.0
FPT,BAD,UCB_WITHOUT_VAE_UNCERTAINTY,UCB-VAE without VAE uncertainty,50,19,train,0.16446577004027732,0.05,1.0,42693,44.071919999999864,4.407191999999986,0.48068399619218827,7.8630294957690845,-0.1535459843382565,26.625144628307158,0,0.005785491766800178,False,False,False,2219,0,0.0,84.4080799999999,0.159739540520828,0.21506515427807144,0.0,0.0
FPT,BAD,UCB_WITHOUT_VAE_UNCERTAINTY,UCB-VAE without VAE uncertainty,50,19,test,0.16446577004027732,0.05,1.0,42693,-12.243600000000924,-1.2243600000000925,-0.61616761241996,4.373216960908421,-0.5780011381299546,6.22785308515645,0,0.05823293172690763,False,False,False,441,0,0.0,41.00360000000002,0.11879614482195337,0.4524089103362646,0.0,0.0
FPT,BAD,UCB_WITHOUT_VAE_UNCERTAINTY,UCB-VAE without VAE uncertainty,50,20,train,0.14877301449181102,0.05,1.0,44940,75.72683999999981,7.572683999999981,0.814931088128712,8.077478248658625,-0.10588596895404957,26.631088405514763,0,0.004450378282153983,False,False,False,2224,0,0.0,84.67315999999985,0.16719961997464172,0.21430286099619478,0.0,0.0
FPT,BAD,UCB_WITHOUT_VAE_UNCERTAINTY,UCB-VAE without VAE uncertainty,50,20,test,0.14877301449181102,0.05,1.0,44940,-17.76908000000094,-1.776908000000094,-0.8954871337536252,4.727714011794506,-0.5912704610526085,7.213514978202011,0,0.040160642570281124,False,False,False,450,0,0.0,41.84908,0.1252308019939989,0.4514391934237327,0.0,0.0
FPT,BAD,UCB_WITHOUT_VAE_UNCERTAINTY,UCB-VAE without VAE uncertainty,50,21,train,0.13457760745935274,0.05,1.0,47187,82.80022999999983,8.280022999999982,0.8884230110287161,8.236044748353674,-0.09334090521996627,26.71420768625554,1,0.004450378282153983,False,False,False,2224,0,0.0,84.20976999999986,0.17196407298408356,0.21348103151408418,0.0,0.0
FPT,BAD,UCB_WITHOUT_VAE_UNCERTAINTY,UCB-VAE without VAE uncertainty,50,21,test,0.13457760745935274,0.05,1.0,47187,-33.117670000000544,-3.3117670000000543,-1.6755110589557143,4.880271157408058,-0.7345763452033501,8.007036332535051,0,0.0642570281124498,False,False,False,450,0,0.0,41.86766999999998,0.12919872902786034,0.45062466797579726,0.0,0.0
FPT,BAD,UCB_WITHOUT_VAE_UNCERTAINTY,UCB-VAE without VAE uncertainty,50,22,train,0.12173667712083987,0.05,1.0,49434,131.88687000000095,13.188687000000096,1.3869849460343753,8.26603336503296,-0.032558991331415946,26.705247497513945,0,0.006230529595015576,False,False,False,2223,0,0.0,84.8631299999999,0.17590221100625741,0.21227952943054582,0.0,0.0
FPT,BAD,UCB_WITHOUT_VAE_UNCERTAINTY,UCB-VAE without VAE uncertainty,50,22,test,0.12173667712083987,0.05,1.0,49434,-54.20559999999932,-5.420559999999932,-2.757344210827839,5.405446152022293,-0.8645827577053952,9.753482064446576,0,0.050200803212851405,False,False,False,455,0,0.0,42.14560000000003,0.13838834956808158,0.4505975376290969,0.0,0.0
FPT,BAD,UCB_WITHOUT_VAE_UNCERTAINTY,UCB-VAE without VAE uncertainty,50,23,train,0.11012098398984942,0.05,1.0,51681,120.11681000000021,12.01168100000002,1.2692166922357861,8.530926872098101,-0.042671596750220746,26.56231830066179,1,0.006230529595015576,False,False,False,2223,0,0.0,84.37318999999987,0.18418523793368527,0.21181402783501027,0.0,0.0
FPT,BAD,UCB_WITHOUT_VAE_UNCERTAINTY,UCB-VAE without VAE uncertainty,50,23,test,0.11012098398984942,0.05,1.0,51681,-91.92627999999979,-9.19262799999998,-4.722874476293559,5.705094464077237,-1.1771803014461562,12.62746403003779,0,0.05220883534136546,False,False,False,459,0,0.0,42.40627999999999,0.14675758819000237,0.45108467382360173,0.0,0.0
FPT,BAD,UCB_WITHOUT_VAE_UNCERTAINTY,UCB-VAE without VAE uncertainty,50,24,train,0.1,0.05,1.0,53928,93.52099000000021,9.35209900000002,0.9990013762024796,8.683270870964483,-0.07144816558615634,26.394028890467858,1,0.003115264797507788,False,False,False,2226,0,0.0,85.44900999999989,0.19074501778156602,0.21098600925473993,0.0,0.0
FPT,BAD,UCB_WITHOUT_VAE_UNCERTAINTY,UCB-VAE without VAE uncertainty,50,24,test,0.1,0.05,1.0,53928,-81.47482999999954,-8.147482999999953,-4.1742654656638845,5.8452459253872515,-1.0485303043933227,13.009893308235357,0,0.04819277108433735,False,False,False,462,0,0.0,42.524829999999994,0.15076933063346576,0.4498173630680425,0.0,0.0
FPT,BAD,UCB_WITHOUT_VAE_UNCERTAINTY,UCB-VAE without VAE uncertainty,50,25,train,0.1,0.05,1.0,56175,118.06310999999846,11.806310999999846,1.248555274431995,8.645369250739222,-0.043362132431866644,26.212067272592925,0,0.0026702269692923898,False,False,False,2228,0,0.0,85.68688999999988,0.19374662412379742,0.20986754972774505,0.0,0.0
FPT,BAD,UCB_WITHOUT_VAE_UNCERTAINTY,UCB-VAE without VAE uncertainty,50,25,test,0.1,0.05,1.0,56175,-74.35113000000013,-7.435113000000013,-3.8021147733214744,7.099623162554273,-0.7966793347995991,15.280360117226389,0,0.05421686746987952,False,False,False,464,0,0.0,42.84112999999999,0.1672626077859004,0.4495746502316142,0.0,0.0
FPT,BAD,UCB_WITHOUT_VAE_UNCERTAINTY,UCB-VAE without VAE uncertainty,50,26,train,0.1,0.05,1.0,58422,123.84322000000043,12.384322000000044,1.306620723182017,8.848372400312977,-0.0338084535376293,26.407167762952838,1,0.0053404539385847796,False,False,False,2232,0,0.0,86.17677999999994,0.19777385332616146,0.20953951750164515,0.0,0.0
FPT,BAD,UCB_WITHOUT_VAE_UNCERTAINTY,UCB-VAE without VAE uncertainty,50,26,test,0.1,0.05,1.0,58422,-66.81526000000008,-6.681526000000009,-3.409981867730183,7.466199394681433,-0.6990448296906814,15.214545694291736,0,0.0642570281124498,False,False,False,464,0,0.0,42.73526,0.1809562102027577,0.4489063287834566,0.0,0.0
FPT,BAD,UCB_WITHOUT_VAE_UNCERTAINTY,UCB-VAE without VAE uncertainty,50,27,train,0.1,0.05,1.0,60669,90.76828,9.076828,0.9707010389137904,8.885968137126012,-0.07100493210997448,27.020781473774562,0,0.006230529595015576,False,False,False,2230,0,0.0,86.07171999999989,0.20155564758765995,0.20890212004642036,0.0,0.0
FPT,BAD,UCB_WITHOUT_VAE_UNCERTAINTY,UCB-VAE without VAE uncertainty,50,27,test,0.1,0.05,1.0,60669,-24.53726000000006,-2.453726000000006,-1.238695668388412,8.042972540865474,-0.3647736116538742,15.247633604905833,0,0.060240963855421686,False,False,False,465,0,0.0,42.95725999999998,0.1866293136737422,0.44707088962376834,0.0,0.0
FPT,BAD,UCB_WITHOUT_VAE_UNCERTAINTY,UCB-VAE without VAE uncertainty,50,28,train,0.1,0.05,1.0,62916,101.96375999999941,10.196375999999942,1.0854074569718097,8.98843715136024,-0.05642365926099187,27.13758316283351,1,0.004895416110369382,False,False,False,2234,0,0.0,86.93623999999987,0.20410274325092306,0.20813093962778662,0.0,0.0
FPT,BAD,UCB_WITHOUT_VAE_UNCERTAINTY,UCB-VAE without VAE uncertainty,50,28,test,0.1,0.05,1.0,62916,24.125480000000152,2.4125480000000152,1.2032273872423005,8.363220546597514,-0.05316598511473594,13.375470643906146,0,0.060240963855421686,False,False,False,465,0,0.0,42.87451999999999,0.19684924340520688,0.445384531973835,0.0,0.0
FPT,BAD,UCB_WITHOUT_VAE_UNCERTAINTY,UCB-VAE without VAE uncertainty,50,29,train,0.1,0.05,1.0,65163,137.95833000000425,13.795833000000426,1.4473095052921714,8.936763853663773,-0.016936514742307073,25.884364464733046,0,0.004005340453938585,False,False,False,2236,0,0.0,87.13166999999994,0.2065066915178581,0.20654256675685836,0.0,0.0
FPT,BAD,UCB_WITHOUT_VAE_UNCERTAINTY,UCB-VAE without VAE uncertainty,50,29,test,0.1,0.05,1.0,65163,-12.489789999999857,-1.2489789999999856,-0.6285962095801012,8.665200580012838,-0.2609343408527792,16.539978096393384,0,0.05421686746987952,False,False,False,467,0,0.0,42.81978999999997,0.1973340932372104,0.44485215031837366,0.0,0.0
FPT,BAD,UCB_WITHOUT_VAE_UNCERTAINTY,UCB-VAE without VAE uncertainty,50,30,train,0.1,0.05,1.0,67410,125.154470000002,12.515447000000199,1.3197562462156087,9.03000059990638,-0.029891410801272406,25.381021757003335,0,0.0026702269692923898,False,False,False,2240,0,0.0,87.6755299999999,0.2095541876734619,0.2057380599840567,0.0,0.0
FPT,BAD,UCB_WITHOUT_VAE_UNCERTAINTY,UCB-VAE without VAE uncertainty,50,30,test,0.1,0.05,1.0,67410,-16.20600999999965,-1.6206009999999649,-0.8163928640326445,8.93730203400275,-0.27165745592539575,17.677371521107194,0,0.05220883534136546,False,False,False,469,0,0.0,42.81601,0.20615134199316706,0.44479671686169614,0.0,0.0
FPT,BAD,UCB_WITHOUT_VAE_UNCERTAINTY,UCB-VAE without VAE uncertainty,50,31,train,0.1,0.05,1.0,69657,127.85475000000383,12.785475000000382,1.3467636536906857,9.119609421644277,-0.025750619958272533,26.82478209167405,1,0.0022251891410769915,False,False,False,2238,0,0.0,87.75524999999995,0.21338462752927975,0.20503551074609153,0.0,0.0
FPT,BAD,UCB_WITHOUT_VAE_UNCERTAINTY,UCB-VAE without VAE uncertainty,50,31,test,0.1,0.05,1.0,69657,-19.721149999999625,-1.9721149999999625,-0.9943536563524091,10.269021097236559,-0.24154988750020245,17.247976954123413,1,0.040160642570281124,False,False,False,468,0,0.0,42.53115000000001,0.22840929763734638,0.44579494071294024,0.0,0.0
FPT,BAD,UCB_WITHOUT_VAE_UNCERTAINTY,UCB-VAE without VAE uncertainty,50,32,train,0.1,0.05,1.0,71904,175.53004000000396,17.553004000000396,1.8143734455604354,9.1799985652844,0.025589818367164927,26.206350890887585,0,0.0026702269692923898,False,False,False,2238,0,0.0,88.06995999999995,0.2176656995714627,0.20381824744506363,0.0,0.0
FPT,BAD,UCB_WITHOUT_VAE_UNCERTAINTY,UCB-VAE without VAE uncertainty,50,32,test,0.1,0.05,1.0,71904,-8.724929999999858,-0.8724929999999859,-0.43870031212528415,11.094399310502956,-0.1647417898223009,19.350445428410545,1,0.03815261044176707,False,False,False,469,0,0.0,42.75493000000003,0.25352396187597814,0.4459549915718745,0.0,0.0
FPT,BAD,UCB_WITHOUT_VAE_UNCERTAINTY,UCB-VAE without VAE uncertainty,50,33,train,0.1,0.05,1.0,74151,160.68177000000173,16.068177000000173,1.6705742170062265,9.291379702600207,0.01105800712311177,26.268463081518696,1,0.0022251891410769915,False,False,False,2238,0,0.0,88.14822999999991,0.22398588788352278,0.20340492589292283,0.0,0.0
FPT,BAD,UCB_WITHOUT_VAE_UNCERTAINTY,UCB-VAE without VAE uncertainty,50,33,test,0.1,0.05,1.0,74151,-28.76913999999988,-2.876913999999988,-1.4538938004578283,11.27362019115025,-0.25191724422782447,18.46327173366908,1,0.04216867469879518,False,False,False,473,0,0.0,43.10913999999999,0.2681940107243048,0.4452045196629911,0.0,0.0
FPT,BAD,UCB_WITHOUT_VAE_UNCERTAINTY,UCB-VAE without VAE uncertainty,50,34,train,0.1,0.05,1.0,76398,179.70244000000298,17.9702440000003,1.8544907824771029,9.418651400311335,0.03151502937624573,25.502097423681874,0,0.0026702269692923898,False,False,False,2238,0,0.0,88.03755999999997,0.23135201440735914,0.2026221455867735,0.0,0.0
FPT,BAD,UCB_WITHOUT_VAE_UNCERTAINTY,UCB-VAE without VAE uncertainty,50,34,test,0.1,0.05,1.0,76398,-53.63445000000024,-5.363445000000024,-2.7278861758448403,11.548714904367031,-0.356885607225888,19.380307237708166,0,0.040160642570281124,False,False,False,472,0,0.0,42.884449999999994,0.2782190248132591,0.4450311250236618,0.0,0.0
FPT,BAD,UCB_WITHOUT_VAE_UNCERTAINTY,UCB-VAE without VAE uncertainty,50,35,train,0.1,0.05,1.0,78645,171.49309000000335,17.149309000000336,1.7754378058717935,9.468685757861161,0.02357880808007233,26.327644207412344,1,0.0022251891410769915,False,False,False,2240,0,0.0,88.19690999999996,0.23183529483847273,0.20156442091485688,0.0,0.0
FPT,BAD,UCB_WITHOUT_VAE_UNCERTAINTY,UCB-VAE without VAE uncertainty,50,35,test,0.1,0.05,1.0,78645,-26.44071999999983,-2.6440719999999827,-1.335432091061095,12.943240022614589,-0.1943921950424299,22.229484861051148,1,0.04618473895582329,False,False,False,467,0,0.0,42.32072000000001,0.30794354627691456,0.4463122300654051,0.0,0.0
FPT,BAD,UCB_WITHOUT_VAE_UNCERTAINTY,UCB-VAE without VAE uncertainty,50,36,train,0.1,0.05,1.0,80892,202.10377000000108,20.210377000000108,2.0677459015391753,9.52598514388189,0.05438937311658152,25.903639361301856,1,0.0022251891410769915,False,False,False,2241,0,0.0,88.38622999999997,0.23219983939228825,0.20045409506103118,0.0,0.0
FPT,BAD,UCB_WITHOUT_VAE_UNCERTAINTY,UCB-VAE without VAE uncertainty,50,36,test,0.1,0.05,1.0,80892,-47.60510999999974,-4.760510999999974,-2.417451419162908,12.981078134044349,-0.2790752425372508,21.62051864216674,1,0.030120481927710843,False,False,False,468,0,0.0,42.27511000000002,0.3180314834712582,0.44534965685333117,0.0,0.0
FPT,BAD,UCB_WITHOUT_VAE_UNCERTAINTY,UCB-VAE without VAE uncertainty,50,37,train,0.1,0.05,1.0,83139,278.51159000000166,27.851159000000163,2.7694884979502676,9.878936596064444,0.12588012248323746,25.57960097407775,0,0.003115264797507788,False,False,False,2240,0,0.0,88.25840999999996,0.243583572543568,0.19927665520613597,0.0,0.0
FPT,BAD,UCB_WITHOUT_VAE_UNCERTAINTY,UCB-VAE without VAE uncertainty,50,37,test,0.1,0.05,1.0,83139,-111.36751999999933,-11.136751999999934,-5.751804087625912,14.489222579762895,-0.47727061617501004,28.94706362873204,3,0.028112449799196786,False,False,False,475,0,0.0,42.44752000000001,0.3310230544684475,0.4472227394281621,0.0,0.0
FPT,BAD,UCB_WITHOUT_VAE_UNCERTAINTY,UCB-VAE without VAE uncertainty,50,38,train,0.1,0.05,1.0,85386,272.7579300000011,27.275793000000114,2.7179622242299306,10.050897744037199,0.12042044000998467,25.85401265969407,1,0.0026702269692923898,False,False,False,2240,0,0.0,88.43207000000002,0.25241608719984693,0.19888002326953236,0.0,0.0
FPT,BAD,UCB_WITHOUT_VAE_UNCERTAINTY,UCB-VAE without VAE uncertainty,50,38,test,0.1,0.05,1.0,85386,-76.10512999999969,-7.610512999999969,-3.8936130380767153,14.38958808603098,-0.3448116319799329,25.467629616813948,3,0.02610441767068273,False,False,False,469,0,0.0,41.875130000000006,0.32852279083652947,0.4449615318432869,0.0,0.0
FPT,BAD,UCB_WITHOUT_VAE_UNCERTAINTY,UCB-VAE without VAE uncertainty,50,39,train,0.1,0.05,1.0,87633,255.8222099999998,25.582220999999983,2.5650855262405514,9.973032921771281,0.10549871802347899,25.858492911053503,1,0.0017801513128615932,False,False,False,2242,0,0.0,88.80779000000001,0.25474364092629065,0.19795458177937686,0.0,0.0
FPT,BAD,UCB_WITHOUT_VAE_UNCERTAINTY,UCB-VAE without VAE uncertainty,50,39,test,0.1,0.05,1.0,87633,-29.683789999998908,-2.968378999999891,-1.5004666394986765,14.683901009756752,-0.16612771377419097,24.56115973804126,3,0.030120481927710843,False,False,False,464,0,0.0,40.89379000000001,0.3451753194015417,0.44399855848416747,0.0,0.0
FPT,BAD,UCB_WITHOUT_VAE_UNCERTAINTY,UCB-VAE without VAE uncertainty,50,40,train,0.1,0.05,1.0,89880,205.71011000000317,20.57101100000032,2.1017467516985855,9.836444602318009,0.05913958015291359,26.009315459989885,1,0.0017801513128615932,False,False,False,2242,0,0.0,89.29988999999982,0.25312087581894527,0.19717685316581965,0.0,0.0
FPT,BAD,UCB_WITHOUT_VAE_UNCERTAINTY,UCB-VAE without VAE uncertainty,50,40,test,0.1,0.05,1.0,89880,-33.7579999999989,-3.3757999999998898,-1.7081865741686686,14.821546448689258,-0.177464841946506,25.312049760286936,4,0.028112449799196786,False,False,False,468,0,0.0,40.99799999999998,0.35738367874360916,0.4432396994357607,0.0,0.0
FPT,BAD,UCB_WITHOUT_VAE_UNCERTAINTY,UCB-VAE without VAE uncertainty,50,41,train,0.1,0.05,1.0,92127,812.2696400000023,81.22696400000022,6.83439022570842,12.000733204975463,0.4490432437707961,25.18438043793292,3,0.0004450378282153983,False,False,False,2246,0,0.0,88.19035999999977,0.33354940793440185,0.20667846483963034,0.0,0.0
FPT,BAD,UCB_WITHOUT_VAE_UNCERTAINTY,UCB-VAE without VAE uncertainty,50,41,test,0.1,0.05,1.0,92127,-35.740209999999024,-3.5740209999999024,-1.8094055841739398,14.790409196045614,-0.1851918269561126,26.39536867595453,3,0.02610441767068273,False,False,False,468,0,0.0,40.81021,0.35760757096299567,0.4418701109098622,0.0,0.0
FPT,BAD,UCB_WITHOUT_VAE_UNCERTAINTY,UCB-VAE without VAE uncertainty,50,42,train,0.1,0.05,1.0,94374,725.5201600000037,72.55201600000036,6.253312695246271,12.227995708396481,0.3979694278950225,25.264233377168676,3,0.0008900756564307966,False,False,False,2243,0,0.0,88.41983999999987,0.3429277828213426,0.2059686831171692,0.0,0.0
FPT,BAD,UCB_WITHOUT_VAE_UNCERTAINTY,UCB-VAE without VAE uncertainty,50,42,test,0.1,0.05,1.0,94374,-35.622239999998556,-3.5622239999998557,-1.803378697574054,15.104477443406731,-0.17784006667451804,27.103395502707727,4,0.020080321285140562,False,False,False,466,0,0.0,39.98224000000001,0.3686571829494177,0.44046267968823155,0.0,0.0
FPT,BAD,UCB_WITHOUT_VAE_UNCERTAINTY,UCB-VAE without VAE uncertainty,50,43,train,0.1,0.05,1.0,96621,228.01426000000106,22.801426000000106,2.3100457072865677,10.169571723775363,0.08070163406169649,25.382080680994818,1,0.0026702269692923898,False,False,False,2240,0,0.0,89.46573999999995,0.2627188957040715,0.19394049991102924,0.0,0.0
FPT,BAD,UCB_WITHOUT_VAE_UNCERTAINTY,UCB-VAE without VAE uncertainty,50,43,test,0.1,0.05,1.0,96621,18.13671999999997,1.8136719999999968,0.905875252624333,15.658030480359585,0.008964907962462009,26.14544581171559,4,0.05220883534136546,False,False,False,458,0,0.0,39.38328000000003,0.3787284909329697,0.4392824621504569,0.0,0.0
FPT,BAD,UCB_WITHOUT_VAE_UNCERTAINTY,UCB-VAE without VAE uncertainty,50,44,train,0.1,0.05,1.0,98868,767.5715100000034,76.75715100000035,6.538151881189935,12.352117648828747,0.41708127145720403,25.385620287906363,3,0.0,False,False,False,2245,0,0.0,88.93848999999989,0.3502248690884103,0.20338224273126923,0.0,0.0
FPT,BAD,UCB_WITHOUT_VAE_UNCERTAINTY,UCB-VAE without VAE uncertainty,50,44,test,0.1,0.05,1.0,98868,-45.3957199999993,-4.5395719999999296,-2.3039410489091527,16.173163692659458,-0.1876208770509721,27.941821995151006,4,0.014056224899598393,False,False,False,465,0,0.0,39.47572000000003,0.3952526560454309,0.44080022061206253,0.0,0.0
FPT,BAD,UCB_WITHOUT_VAE_UNCERTAINTY,UCB-VAE without VAE uncertainty,50,45,train,0.1,0.05,1.0,101115,837.2294400000037,83.72294400000037,6.996997824325324,12.364442589379337,0.45184898681226615,25.371714231274495,3,0.0008900756564307966,False,False,False,2244,0,0.0,88.3905599999999,0.3511914989281656,0.20249528066152778,0.0,0.0
FPT,BAD,UCB_WITHOUT_VAE_UNCERTAINTY,UCB-VAE without VAE uncertainty,50,45,test,0.1,0.05,1.0,101115,-22.00123999999869,-2.2001239999998687,-1.1099577082634093,16.269487680676164,-0.11031297080435007,27.926435822097222,4,0.03614457831325301,False,False,False,457,0,0.0,38.40124000000004,0.40103865573512354,0.4388781228517912,0.0,0.0
FPT,BAD,UCB_WITHOUT_VAE_UNCERTAINTY,UCB-VAE without VAE uncertainty,51,1,train,1.0,1.0,1.0,2247,123.563330000002,12.3563330000002,1.303815144818543,2.4626653011304693,-0.2692891077741167,3.1460610716831803,0,0.08055184690698709,False,False,False,1954,0,0.0,72.72666999999997,0.04252027671636752,0.25826381788844793,0.0,0.0
FPT,BAD,UCB_WITHOUT_VAE_UNCERTAINTY,UCB-VAE without VAE uncertainty,51,1,test,1.0,1.0,1.0,2247,-18.54592999999977,-1.854592999999977,-0.9348205299758994,4.557263706021293,-0.6239842665473678,7.943624263157445,0,0.3313253012048193,False,False,False,187,0,0.0,34.59593,0.1013308830549523,0.41922299644674166,0.0,0.0
FPT,BAD,UCB_WITHOUT_VAE_UNCERTAINTY,UCB-VAE without VAE uncertainty,51,2,train,0.9045834549972122,0.8,1.0,4494,125.16399000000251,12.51639900000025,1.3198515636079433,2.551742818546195,-0.25276259647322286,3.1430979744647605,0,0.08188696039163329,False,False,False,1946,0,0.0,71.78600999999995,0.043695715960601546,0.2525298792916932,0.0,0.0
FPT,BAD,UCB_WITHOUT_VAE_UNCERTAINTY,UCB-VAE without VAE uncertainty,51,2,test,0.9045834549972122,0.8,1.0,4494,-0.17549999999982901,-0.0175499999999829,-0.008805518960897096,4.343227200899332,-0.4408801432893133,6.18977866480636,0,0.3755020080321285,False,False,False,187,0,0.0,34.39549999999999,0.08521363240242266,0.41205811380861274,0.0,0.0
FPT,BAD,UCB_WITHOUT_VAE_UNCERTAINTY,UCB-VAE without VAE uncertainty,51,3,train,0.8182712270546932,0.6400000000000001,1.0,6741,56.2724400000011,5.627244000000109,0.6105635176334445,3.151822816911587,-0.42399029900961893,9.326789407141542,0,0.09212283044058744,False,False,False,1918,0,0.0,69.76756,0.04731478018632104,0.24424742100553934,0.0,0.0
FPT,BAD,UCB_WITHOUT_VAE_UNCERTAINTY,UCB-VAE without VAE uncertainty,51,3,test,0.8182712270546932,0.6400000000000001,1.0,6741,21.973779999999238,2.1973779999999237,1.0964917944180197,4.385356588626353,-0.18339784358497527,5.688068019347484,0,0.42971887550200805,False,False,False,193,0,0.0,33.70622,0.0767464007755003,0.40551406031392184,0.0,0.0
FPT,BAD,UCB_WITHOUT_VAE_UNCERTAINTY,UCB-VAE without VAE uncertainty,51,4,train,0.7401946136939427,0.5120000000000001,1.0,8988,74.75129000000288,7.475129000000289,0.8047615241834949,3.373587820247216,-0.33634117854846557,9.61756429826212,0,0.09078771695594126,False,False,False,1924,0,0.0,70.35871000000002,0.05011445958280932,0.23968081377217862,0.0,0.0
FPT,BAD,UCB_WITHOUT_VAE_UNCERTAINTY,UCB-VAE without VAE uncertainty,51,4,test,0.7401946136939427,0.5120000000000001,1.0,8988,41.18036999999981,4.1180369999999815,2.0453168313790293,4.4176313917369106,0.031529004862565296,5.089697923990018,0,0.4357429718875502,False,False,False,200,0,0.0,34.269630000000014,0.07422010826663232,0.39906195545172596,0.0,0.0
FPT,BAD,UCB_WITHOUT_VAE_UNCERTAINTY,UCB-VAE without VAE uncertainty,51,5,train,0.6695678010255933,0.4096000000000001,1.0,11235,146.89715000000047,14.689715000000048,1.5356048851260962,2.956076241849103,-0.14186365607324652,3.8077452757231636,0,0.09078771695594126,False,False,False,1931,0,0.0,71.63285000000002,0.050049719578632676,0.23613166715576747,0.0,0.0
FPT,BAD,UCB_WITHOUT_VAE_UNCERTAINTY,UCB-VAE without VAE uncertainty,51,5,test,0.6695678010255933,0.4096000000000001,1.0,11235,37.967279999999846,3.796727999999985,1.8871981667211823,4.361213652224218,-0.004484545539727413,4.603293712576502,0,0.3473895582329317,False,False,False,204,0,0.0,34.11272,0.07823618004989773,0.3933781651428426,0.0,0.0
FPT,BAD,UCB_WITHOUT_VAE_UNCERTAINTY,UCB-VAE without VAE uncertainty,51,6,train,0.6056799548066172,0.3276800000000001,1.0,13482,115.74447000000009,11.574447000000008,1.2251878266997585,3.573702631788004,-0.19809896519193487,9.424085977881036,0,0.08322207387627949,False,False,False,1930,0,0.0,71.24553000000002,0.05637811732319524,0.2318695575781382,0.0,0.0
FPT,BAD,UCB_WITHOUT_VAE_UNCERTAINTY,UCB-VAE without VAE uncertainty,51,6,test,0.6056799548066172,0.3276800000000001,1.0,13482,13.892449999999371,1.389244999999937,0.6946120003904488,4.4371169348661805,-0.27128065093142356,5.227597827122745,0,0.2710843373493976,False,False,False,212,0,0.0,35.13755000000001,0.09227752231719569,0.3875520497141593,0.0,0.0
FPT,BAD,UCB_WITHOUT_VAE_UNCERTAINTY,UCB-VAE without VAE uncertainty,51,7,train,0.547888066141525,0.2621440000000001,1.0,15729,117.46702000000096,11.746702000000097,1.2425519457089917,3.5621884065418246,-0.19401540251864316,8.320345038689,0,0.08322207387627949,False,False,False,1939,0,0.0,72.35298,0.059667539024977706,0.22773234643005613,0.0,0.0
FPT,BAD,UCB_WITHOUT_VAE_UNCERTAINTY,UCB-VAE without VAE uncertainty,51,7,test,0.547888066141525,0.2621440000000001,1.0,15729,-11.000949999999648,-1.100094999999965,-0.5534575116350138,4.360716803004161,-0.5652663670028049,7.671553292820126,0,0.26305220883534136,False,False,False,216,0,0.0,35.230950000000014,0.09773284719422379,0.3829211037920182,0.0,0.0
FPT,BAD,UCB_WITHOUT_VAE_UNCERTAINTY,UCB-VAE without VAE uncertainty,51,8,train,0.49561047982204176,0.20971520000000007,1.0,17976,286.7677900000008,28.67677900000008,2.843067094087126,4.6029717689582546,0.20269338466532727,7.883028304406644,0,0.0262572318647085,False,False,False,2018,0,0.0,80.36221,0.09611087572295271,0.22584174506110938,0.0,0.0
FPT,BAD,UCB_WITHOUT_VAE_UNCERTAINTY,UCB-VAE without VAE uncertainty,51,8,test,0.49561047982204176,0.20971520000000007,1.0,17976,-12.595549999999434,-1.2595549999999436,-0.633935846243805,4.277416634279263,-0.5961949774818041,6.831634990736125,0,0.2469879518072289,False,False,False,226,0,0.0,36.26555000000001,0.09782610537423762,0.3794935422250066,0.0,0.0
FPT,BAD,UCB_WITHOUT_VAE_UNCERTAINTY,UCB-VAE without VAE uncertainty,51,9,train,0.4483210401702486,0.1677721600000001,1.0,20223,287.5602699999997,28.756026999999975,2.8501075237723494,4.98836560183617,0.19211174188559518,9.696313986196603,0,0.0267022696929239,False,False,False,2019,0,0.0,80.28972999999995,0.10984167700745515,0.22205015834591682,0.0,0.0
FPT,BAD,UCB_WITHOUT_VAE_UNCERTAINTY,UCB-VAE without VAE uncertainty,51,9,test,0.4483210401702486,0.1677721600000001,1.0,20223,13.471079999999006,1.3471079999999005,0.6736138144999071,4.401003325886567,-0.27865847774230584,5.614222479267495,0,0.26104417670682734,False,False,False,241,0,0.0,38.72892000000001,0.09300735265224762,0.3771136032050872,0.0,0.0
FPT,BAD,UCB_WITHOUT_VAE_UNCERTAINTY,UCB-VAE without VAE uncertainty,51,10,train,0.4055437954651474,0.13421772800000006,1.0,22470,137.4959300000021,13.74959300000021,1.4427252870114815,8.530717201043304,-0.022337932086516785,27.81465597737953,1,0.06586559857587895,False,False,False,1962,0,0.0,78.97407000000004,0.18681650907760758,0.21705112836071264,0.0,0.0
FPT,BAD,UCB_WITHOUT_VAE_UNCERTAINTY,UCB-VAE without VAE uncertainty,51,10,test,0.4055437954651474,0.13421772800000006,1.0,22470,11.721179999999663,1.1721179999999662,0.5863642396487068,4.293654428850135,-0.3070726368514541,5.089296433974046,0,0.2570281124497992,False,False,False,243,0,0.0,38.858820000000016,0.09221500330111383,0.3743899657005766,0.0,0.0
FPT,BAD,UCB_WITHOUT_VAE_UNCERTAINTY,UCB-VAE without VAE uncertainty,51,11,train,0.3668482076545458,0.10737418240000006,1.0,24717,159.50385000000347,15.950385000000347,1.6590966797744633,8.788224642866945,0.00529931262936227,25.831137014739312,1,0.07521139296840232,False,False,False,1977,0,0.0,79.72615000000003,0.20169245701195673,0.21658445405970694,0.0,0.0
FPT,BAD,UCB_WITHOUT_VAE_UNCERTAINTY,UCB-VAE without VAE uncertainty,51,11,test,0.3668482076545458,0.10737418240000006,1.0,24717,9.67322999999999,0.9673229999999989,0.48415841369895407,4.2994055830212465,-0.33045395338494077,5.09933739234001,0,0.25903614457831325,False,False,False,243,0,0.0,38.85677000000002,0.09226097485769598,0.37194423724609205,0.0,0.0
FPT,BAD,UCB_WITHOUT_VAE_UNCERTAINTY,UCB-VAE without VAE uncertainty,51,12,train,0.3318448191396838,0.08589934592000005,1.0,26964,184.69376000000238,18.46937600000024,1.9023166411725967,8.912073749833745,0.033545408326929906,25.082141651609973,1,0.06275033377837116,False,False,False,1997,0,0.0,81.70624000000002,0.20959931549365515,0.2154542719609588,0.0,0.0
FPT,BAD,UCB_WITHOUT_VAE_UNCERTAINTY,UCB-VAE without VAE uncertainty,51,12,test,0.3318448191396838,0.08589934592000005,1.0,26964,7.435130000000413,0.7435130000000413,0.37234468407147947,4.64251205649387,-0.3269380730079185,4.033494005002283,0,0.27309236947791166,False,False,False,247,0,0.0,40.19487000000002,0.09831920349649717,0.3699132743549634,0.0,0.0
FPT,BAD,UCB_WITHOUT_VAE_UNCERTAINTY,UCB-VAE without VAE uncertainty,51,13,train,0.3001813330203001,0.06871947673600004,1.0,29211,154.17830000000276,15.417830000000276,1.6070753454867637,9.154891192818324,0.0030782155087094878,26.58071292682309,2,0.07031597685803294,False,False,False,1980,0,0.0,80.80170000000008,0.207451627260114,0.21336349150606088,0.0,0.0
FPT,BAD,UCB_WITHOUT_VAE_UNCERTAINTY,UCB-VAE without VAE uncertainty,51,13,test,0.3001813330203001,0.06871947673600004,1.0,29211,5.480010000000561,0.5480010000000561,0.2745670826942881,4.58939148096074,-0.35267451170424136,3.9592930908010833,0,0.2791164658634538,False,False,False,244,0,0.0,40.16999000000002,0.09804299427381967,0.3683797905004647,0.0,0.0
FPT,BAD,UCB_WITHOUT_VAE_UNCERTAINTY,UCB-VAE without VAE uncertainty,51,14,train,0.27153906734917177,0.054975581388800036,1.0,31458,171.36440000000266,17.136440000000267,1.7741946542463083,9.036344791237386,0.02027197004718266,27.609375142934294,1,0.03827325322652426,False,False,False,1982,0,0.0,81.01560000000003,0.20623676458451332,0.2127129916229352,0.0,0.0
FPT,BAD,UCB_WITHOUT_VAE_UNCERTAINTY,UCB-VAE without VAE uncertainty,51,14,test,0.27153906734917177,0.054975581388800036,1.0,31458,-13.848899999999844,-1.3848899999999844,-0.6972370002124806,4.743425803394099,-0.5467573107841239,7.619338659286417,0,0.2289156626506024,False,False,False,242,0,0.0,39.74890000000001,0.10825257836303713,0.3673613397591564,0.0,0.0
FPT,BAD,UCB_WITHOUT_VAE_UNCERTAINTY,UCB-VAE without VAE uncertainty,51,15,train,0.24562974770943447,0.05,1.0,33705,166.11354000000324,16.611354000000325,1.7233672769216835,9.631512749403317,0.01959062722598205,27.600734982051872,2,0.03960836671117045,False,False,False,1979,0,0.0,80.66646,0.22586075186169172,0.20995393032013282,0.0,0.0
FPT,BAD,UCB_WITHOUT_VAE_UNCERTAINTY,UCB-VAE without VAE uncertainty,51,15,test,0.24562974770943447,0.05,1.0,33705,-56.05281999999988,-5.605281999999988,-2.8526784754687506,4.531976555591195,-1.0627506205907211,9.311197391774744,0,0.25502008032128515,False,False,False,244,0,0.0,40.35282000000001,0.10500960731724009,0.3654972063788927,0.0,0.0
FPT,BAD,UCB_WITHOUT_VAE_UNCERTAINTY,UCB-VAE without VAE uncertainty,51,16,train,0.2221926058330938,0.05,1.0,35952,239.60913999999912,23.96091399999991,2.4170055158565518,9.74975284549635,0.09081837985594646,27.65433629268148,1,0.05696484201157098,False,False,False,2010,0,0.0,84.11086,0.2286342177291597,0.21088511856213962,0.0,0.0
FPT,BAD,UCB_WITHOUT_VAE_UNCERTAINTY,UCB-VAE without VAE uncertainty,51,16,test,0.2221926058330938,0.05,1.0,35952,5.48537999999985,0.548537999999985,0.27483577170726026,4.756440017259016,-0.33857144534696243,6.805953220938081,0,0.24096385542168675,False,False,False,250,0,0.0,41.594620000000035,0.11615064194100493,0.36309032492249843,0.0,0.0
FPT,BAD,UCB_WITHOUT_VAE_UNCERTAINTY,UCB-VAE without VAE uncertainty,51,17,train,0.20099175505933367,0.05,1.0,38199,133.20150000000035,13.320150000000035,1.400071144962034,9.305097406025308,-0.017571073249715696,27.542812809436402,1,0.03871829105473965,False,False,False,1982,0,0.0,81.83850000000002,0.21713480800313606,0.20800508375055374,0.0,0.0
FPT,BAD,UCB_WITHOUT_VAE_UNCERTAINTY,UCB-VAE without VAE uncertainty,51,17,test,0.20099175505933367,0.05,1.0,38199,-7.564969999999221,-0.7564969999999221,-0.38026549703685797,4.701117696972412,-0.4837381837479935,6.60318551258541,0,0.24899598393574296,False,False,False,246,0,0.0,41.45497000000004,0.10521711952756292,0.3613069384811394,0.0,0.0
FPT,BAD,UCB_WITHOUT_VAE_UNCERTAINTY,UCB-VAE without VAE uncertainty,51,18,train,0.18181381621752543,0.05,1.0,40446,234.27132000000097,23.427132000000096,2.3678764368547878,9.97342575505662,0.08612900148460138,27.487736440759196,1,0.0267022696929239,False,False,False,2015,0,0.0,84.80868000000002,0.24274105709334923,0.20763949216619088,0.0,0.0
FPT,BAD,UCB_WITHOUT_VAE_UNCERTAINTY,UCB-VAE without VAE uncertainty,51,18,test,0.18181381621752543,0.05,1.0,40446,-8.96338999999955,-0.8963389999999549,-0.4507173322691793,4.611212045994419,-0.5095217180603139,4.548536846211842,0,0.26305220883534136,False,False,False,256,0,0.0,42.91339000000002,0.09892663553137143,0.3598727755936753,0.0,0.0
FPT,BAD,UCB_WITHOUT_VAE_UNCERTAINTY,UCB-VAE without VAE uncertainty,51,19,train,0.16446577004027732,0.05,1.0,42693,378.39613000000236,37.83961300000024,3.6326519530536894,10.700495917347244,0.20307814716424466,27.536473395876747,2,0.020471740097908322,False,False,False,2072,0,0.0,87.07386999999994,0.2927261432499369,0.20896609115253093,0.0,0.0
FPT,BAD,UCB_WITHOUT_VAE_UNCERTAINTY,UCB-VAE without VAE uncertainty,51,19,test,0.16446577004027732,0.05,1.0,42693,-14.887199999999552,-1.4887199999999552,-0.7497072988289943,4.609112727707868,-0.5755918940055033,9.342481569883754,0,0.3172690763052209,False,False,False,260,0,0.0,44.08720000000002,0.08830546742834672,0.3580883993621332,0.0,0.0
FPT,BAD,UCB_WITHOUT_VAE_UNCERTAINTY,UCB-VAE without VAE uncertainty,51,20,train,0.14877301449181102,0.05,1.0,44940,379.1459099999988,37.91459099999988,3.638918182715778,10.294190096182858,0.2075412702811301,27.95148942790296,2,0.02403204272363151,False,False,False,2076,0,0.0,88.54408999999998,0.26627349981773896,0.2073749390824084,0.0,0.0
FPT,BAD,UCB_WITHOUT_VAE_UNCERTAINTY,UCB-VAE without VAE uncertainty,51,20,test,0.14877301449181102,0.05,1.0,44940,-42.26864000000012,-4.226864000000012,-2.143506648145521,4.451626540446788,-0.9178683616383787,10.28741659612131,0,0.2991967871485944,False,False,False,262,0,0.0,44.12864000000002,0.09522031364806524,0.356624983849535,0.0,0.0
FPT,BAD,UCB_WITHOUT_VAE_UNCERTAINTY,UCB-VAE without VAE uncertainty,51,21,train,0.13457760745935274,0.05,1.0,47187,370.94323000000077,37.09432300000008,3.5701996334042807,10.594826859427148,0.19830662405817634,27.771641690022108,1,0.02358700489541611,False,False,False,2074,0,0.0,87.82676999999998,0.2904686086604416,0.20675397940182294,0.0,0.0
FPT,BAD,UCB_WITHOUT_VAE_UNCERTAINTY,UCB-VAE without VAE uncertainty,51,21,test,0.13457760745935274,0.05,1.0,47187,72.22608999999966,7.222608999999966,3.560750229655718,5.335362806039061,0.3131330133436445,7.862190455399483,0,0.1566265060240964,False,False,False,266,0,0.0,45.683910000000004,0.1137145383347623,0.355260469079257,0.0,0.0
FPT,BAD,UCB_WITHOUT_VAE_UNCERTAINTY,UCB-VAE without VAE uncertainty,51,22,train,0.12173667712083987,0.05,1.0,49434,371.88355,37.188355,3.578095749473298,11.223731696662782,0.1939772546391814,27.727859821720845,1,0.02892745883400089,False,False,False,2080,0,0.0,87.62644999999996,0.31565348065128207,0.20558053206007482,0.0,0.0
FPT,BAD,UCB_WITHOUT_VAE_UNCERTAINTY,UCB-VAE without VAE uncertainty,51,22,test,0.12173667712083987,0.05,1.0,49434,81.56316999999945,8.156316999999945,4.01223133281936,5.430312605990497,0.38941386722314714,7.876630214077944,0,0.14859437751004015,False,False,False,272,0,0.0,46.546830000000014,0.11667784572199474,0.35336683154943954,0.0,0.0
FPT,BAD,UCB_WITHOUT_VAE_UNCERTAINTY,UCB-VAE without VAE uncertainty,51,23,train,0.11012098398984942,0.05,1.0,51681,359.285600000002,35.928560000000196,3.4719055558994905,11.063902739770596,0.1858390764420143,27.671408867736012,2,0.02848242100578549,False,False,False,2082,0,0.0,88.49439999999996,0.3104125278952757,0.20376524296524953,0.0,0.0
FPT,BAD,UCB_WITHOUT_VAE_UNCERTAINTY,UCB-VAE without VAE uncertainty,51,23,test,0.11012098398984942,0.05,1.0,51681,64.10877999999911,6.4108779999999115,3.166654920709111,5.421341153337328,0.23808364171282836,8.131296055502753,0,0.1566265060240964,False,False,False,270,0,0.0,46.73122000000001,0.11024206011803103,0.35168955831163856,0.0,0.0
FPT,BAD,UCB_WITHOUT_VAE_UNCERTAINTY,UCB-VAE without VAE uncertainty,51,24,train,0.1,0.05,1.0,53928,368.2825700000012,36.82825700000012,3.547831258084977,10.943459625246224,0.1934514535846434,28.274963549786325,2,0.030262572318647086,False,False,False,2084,0,0.0,88.76742999999998,0.30525951195920986,0.20218148745486988,0.0,0.0
FPT,BAD,UCB_WITHOUT_VAE_UNCERTAINTY,UCB-VAE without VAE uncertainty,51,24,test,0.1,0.05,1.0,53928,4.273869999999761,0.42738699999997604,0.21419950175500801,4.900257560076435,-0.33968549838524537,8.794515897537057,0,0.20481927710843373,False,False,False,278,0,0.0,48.01613000000002,0.09192946312912972,0.34978629014338836,0.0,0.0
FPT,BAD,UCB_WITHOUT_VAE_UNCERTAINTY,UCB-VAE without VAE uncertainty,51,25,train,0.1,0.05,1.0,56175,363.8928899999996,36.38928899999996,3.5108422297469355,11.169494949336999,0.18852914181272545,27.72224489154939,1,0.024477080551846907,False,False,False,2090,0,0.0,88.63710999999988,0.3277664611730043,0.2015509962982531,0.0,0.0
FPT,BAD,UCB_WITHOUT_VAE_UNCERTAINTY,UCB-VAE without VAE uncertainty,51,25,test,0.1,0.05,1.0,56175,10.234660000000304,1.0234660000000304,0.5121876371542156,5.045236463146818,-0.269148699722031,7.228324090744587,0,0.1706827309236948,False,False,False,286,0,0.0,49.28534000000001,0.1051015602296166,0.3481293683310589,0.0,0.0
FPT,BAD,UCB_WITHOUT_VAE_UNCERTAINTY,UCB-VAE without VAE uncertainty,51,26,train,0.1,0.05,1.0,58422,377.44491999999923,37.74449199999992,3.6246979262373413,11.176925813292799,0.19840289742868625,27.85702909903992,1,0.02403204272363151,False,False,False,2093,0,0.0,89.11507999999998,0.3269814496931326,0.20053939874112792,0.0,0.0
FPT,BAD,UCB_WITHOUT_VAE_UNCERTAINTY,UCB-VAE without VAE uncertainty,51,26,test,0.1,0.05,1.0,58422,-56.10170999999946,-5.610170999999946,-2.85520293041569,4.695321386941633,-1.0246447480625616,9.71699631150596,0,0.18473895582329317,False,False,False,280,0,0.0,46.951710000000006,0.1120973713908622,0.3459292158903367,0.0,0.0
FPT,BAD,UCB_WITHOUT_VAE_UNCERTAINTY,UCB-VAE without VAE uncertainty,51,27,train,0.1,0.05,1.0,60669,421.7440099999985,42.17440099999985,3.9900498985919297,11.217496764052825,0.22973654725918727,27.83276917528567,1,0.023141967067200713,False,False,False,2100,0,0.0,89.94598999999995,0.3310819182417047,0.1995780846401618,0.0,0.0
FPT,BAD,UCB_WITHOUT_VAE_UNCERTAINTY,UCB-VAE without VAE uncertainty,51,27,test,0.1,0.05,1.0,60669,-67.57483999999954,-6.757483999999954,-3.4494353266507405,4.698075830191907,-1.1557223876086633,10.648331273075359,0,0.21285140562248997,False,False,False,282,0,0.0,47.35484000000001,0.10826252819795373,0.34402657527641123,0.0,0.0
FPT,BAD,UCB_WITHOUT_VAE_UNCERTAINTY,UCB-VAE without VAE uncertainty,51,28,train,0.1,0.05,1.0,62916,335.53072000000043,33.55307200000004,3.269269551473397,11.492953413810206,0.16593665211478476,27.74584094967482,2,0.02358700489541611,False,False,False,2088,0,0.0,88.76928,0.32377908198245003,0.19711349494539743,0.0,0.0
FPT,BAD,UCB_WITHOUT_VAE_UNCERTAINTY,UCB-VAE without VAE uncertainty,51,28,test,0.1,0.05,1.0,62916,-67.0318599999996,-6.70318599999996,-3.4212306894381483,4.838162364940088,-1.1148078954670584,10.595932909211333,0,0.20682730923694778,False,False,False,284,0,0.0,47.45186000000001,0.1087071184932903,0.34221023183510485,0.0,0.0
FPT,BAD,UCB_WITHOUT_VAE_UNCERTAINTY,UCB-VAE without VAE uncertainty,51,29,train,0.1,0.05,1.0,65163,331.0747100000028,33.10747100000028,3.2309020900972873,11.35117099040109,0.16327928414260476,27.912526657884584,2,0.023141967067200713,False,False,False,2083,0,0.0,88.97528999999993,0.3176964409832245,0.19573469998992227,0.0,0.0
FPT,BAD,UCB_WITHOUT_VAE_UNCERTAINTY,UCB-VAE without VAE uncertainty,51,29,test,0.1,0.05,1.0,65163,-45.38388999999984,-4.538388999999984,-2.3033336193577503,4.899643343349525,-0.8633347487764976,9.475091587848814,0,0.1706827309236948,False,False,False,292,0,0.0,48.87389000000001,0.11397805499836296,0.34024104529834653,0.0,0.0
FPT,BAD,UCB_WITHOUT_VAE_UNCERTAINTY,UCB-VAE without VAE uncertainty,51,30,train,0.1,0.05,1.0,67410,310.1446400000018,31.01446400000018,3.049146714164208,11.360280839562659,0.1475839398013068,27.969829372580534,2,0.02403204272363151,False,False,False,2074,0,0.0,88.21535999999993,0.3217705659142343,0.194178326459105,0.0,0.0
FPT,BAD,UCB_WITHOUT_VAE_UNCERTAINTY,UCB-VAE without VAE uncertainty,51,30,test,0.1,0.05,1.0,67410,-60.937229999999545,-6.0937229999999545,-3.105209687748667,4.823651073070113,-1.0500112958623884,10.182723991068311,0,0.20682730923694778,False,False,False,282,0,0.0,46.907230000000006,0.10750517105870643,0.3385776197575182,0.0,0.0
FPT,BAD,UCB_WITHOUT_VAE_UNCERTAINTY,UCB-VAE without VAE uncertainty,51,31,train,0.1,0.05,1.0,69657,328.1526000000017,32.81526000000017,3.2056799007710524,11.285524584306154,0.16137292457891875,27.826293289550623,2,0.023141967067200713,False,False,False,2073,0,0.0,88.22739999999993,0.31842150385690593,0.19339300744968305,0.0,0.0
FPT,BAD,UCB_WITHOUT_VAE_UNCERTAINTY,UCB-VAE without VAE uncertainty,51,31,test,0.1,0.05,1.0,69657,-57.49106999999958,-5.749106999999958,-2.9269703506803357,4.689119684092432,-1.0419578126859863,9.850810959956755,0,0.17670682730923695,False,False,False,284,0,0.0,46.94107000000001,0.11173441691894731,0.3369782845598148,0.0,0.0
FPT,BAD,UCB_WITHOUT_VAE_UNCERTAINTY,UCB-VAE without VAE uncertainty,51,32,train,0.1,0.05,1.0,71904,778.1145199999996,77.81145199999996,6.608621061330244,11.533818732490825,0.44405202573205016,27.332300537535094,2,0.006675567423230975,False,False,False,2131,0,0.0,90.54548000000004,0.34621000729025014,0.19471910708796517,0.0,0.0
FPT,BAD,UCB_WITHOUT_VAE_UNCERTAINTY,UCB-VAE without VAE uncertainty,51,32,test,0.1,0.05,1.0,71904,-52.39569999999958,-5.239569999999958,-2.6640259598103455,4.636650035227914,-0.9954451955469333,9.93812912104202,0,0.16265060240963855,False,False,False,282,0,0.0,46.27570000000002,0.11210147423719423,0.3357147956229597,0.0,0.0
FPT,BAD,UCB_WITHOUT_VAE_UNCERTAINTY,UCB-VAE without VAE uncertainty,51,33,train,0.1,0.05,1.0,74151,558.8405199999975,55.88405199999975,5.059924038382424,11.327565573305701,0.3197435477190445,27.878877652387484,2,0.010680907877169559,False,False,False,2119,0,0.0,89.35948000000005,0.3332267176752836,0.19300764709757495,0.0,0.0
FPT,BAD,UCB_WITHOUT_VAE_UNCERTAINTY,UCB-VAE without VAE uncertainty,51,33,test,0.1,0.05,1.0,74151,-52.37455999999952,-5.237455999999952,-2.6629365086371704,4.752142918847048,-0.9698893706486951,9.456673385330072,0,0.1606425702811245,False,False,False,284,0,0.0,46.61456000000002,0.11216145556579823,0.3338976377643735,0.0,0.0
FPT,BAD,UCB_WITHOUT_VAE_UNCERTAINTY,UCB-VAE without VAE uncertainty,51,34,train,0.1,0.05,1.0,76398,545.3970399999994,54.53970399999994,4.958795834190077,11.37684135766077,0.31030768544422854,27.825824040375252,2,0.012461059190031152,False,False,False,2115,0,0.0,89.2829600000001,0.3358372063861244,0.19144641234641824,0.0,0.0
FPT,BAD,UCB_WITHOUT_VAE_UNCERTAINTY,UCB-VAE without VAE uncertainty,51,34,test,0.1,0.05,1.0,76398,-48.37216999999964,-4.837216999999964,-2.456890833089964,4.95180708492125,-0.8856693322150238,11.10823485769113,0,0.1566265060240964,False,False,False,288,0,0.0,47.70217,0.12285242357019573,0.33145899927041617,0.0,0.0
FPT,BAD,UCB_WITHOUT_VAE_UNCERTAINTY,UCB-VAE without VAE uncertainty,51,35,train,0.1,0.05,1.0,78645,737.3191299999999,73.73191299999998,6.333851524052814,11.454829577057264,0.42358440833948374,27.20439780151049,1,0.005785491766800178,False,False,False,2125,0,0.0,89.35087000000011,0.3442682731582686,0.19075340884569808,0.0,0.0
FPT,BAD,UCB_WITHOUT_VAE_UNCERTAINTY,UCB-VAE without VAE uncertainty,51,35,test,0.1,0.05,1.0,78645,-49.46418999999969,-4.9464189999999695,-2.5130658374503567,4.951323782548439,-0.89749302807841,11.447197101476235,0,0.15461847389558234,False,False,False,286,0,0.0,47.17419,0.12281452048944626,0.32989618999053194,0.0,0.0
FPT,BAD,UCB_WITHOUT_VAE_UNCERTAINTY,UCB-VAE without VAE uncertainty,51,36,train,0.1,0.05,1.0,80892,562.5307799999982,56.253077999999824,5.087548304819034,11.483874729369319,0.3192769825548428,27.749957965243254,2,0.016466399643969738,False,False,False,2115,0,0.0,89.24922000000007,0.33323368287286537,0.1895412052664483,0.0,0.0
FPT,BAD,UCB_WITHOUT_VAE_UNCERTAINTY,UCB-VAE without VAE uncertainty,51,36,test,0.1,0.05,1.0,80892,-93.74033999999938,-9.374033999999938,-4.818416480283682,4.507384442254107,-1.5259769887541044,13.342118699957577,0,0.18674698795180722,False,False,False,281,0,0.0,46.06034000000001,0.0980799860225793,0.3284073892726477,0.0,0.0
FPT,BAD,UCB_WITHOUT_VAE_UNCERTAINTY,UCB-VAE without VAE uncertainty,51,37,train,0.1,0.05,1.0,83139,608.0486499999975,60.804864999999744,5.423597383753842,11.491183807078196,0.34715163702780216,26.887712447098572,1,0.010235870048954161,False,False,False,2114,0,0.0,88.38135,0.3357238270689555,0.1889457817313323,0.0,0.0
FPT,BAD,UCB_WITHOUT_VAE_UNCERTAINTY,UCB-VAE without VAE uncertainty,51,37,test,0.1,0.05,1.0,83139,-48.691229999999905,-4.86912299999999,-2.473300393545841,4.857640067427431,-0.9073118710199611,10.997370843042493,0,0.12248995983935743,False,False,False,285,0,0.0,46.98123000000001,0.12472927919626334,0.32733826285385226,0.0,0.0
FPT,BAD,UCB_WITHOUT_VAE_UNCERTAINTY,UCB-VAE without VAE uncertainty,51,38,train,0.1,0.05,1.0,85386,544.3048899999994,54.43048899999995,4.950545864724409,10.65198801167946,0.32318980997826846,26.971949018040277,1,0.01602136181575434,False,False,False,2112,0,0.0,87.78511000000005,0.29535098258338105,0.18716505936479166,0.0,0.0
FPT,BAD,UCB_WITHOUT_VAE_UNCERTAINTY,UCB-VAE without VAE uncertainty,51,38,test,0.1,0.05,1.0,85386,-57.51554999999985,-5.751554999999985,-2.9282353380216897,5.419164135695658,-0.894907357841819,12.049305231178458,0,0.12449799196787148,False,False,False,285,0,0.0,47.26555,0.13113292169417518,0.325895793825747,0.0,0.0
FPT,BAD,UCB_WITHOUT_VAE_UNCERTAINTY,UCB-VAE without VAE uncertainty,51,39,train,0.1,0.05,1.0,87633,506.7437299999997,50.674372999999974,4.663608573287847,11.545264666927666,0.2828813676450886,27.380625833248224,2,0.01602136181575434,False,False,False,2105,0,0.0,87.38627000000021,0.3316690445032845,0.1857517569607292,0.0,0.0
FPT,BAD,UCB_WITHOUT_VAE_UNCERTAINTY,UCB-VAE without VAE uncertainty,51,39,test,0.1,0.05,1.0,87633,-37.54126000000008,-3.7541260000000074,-1.9014638282507268,5.113083188604615,-0.744228133253288,12.59615520010473,0,0.17670682730923695,False,False,False,284,0,0.0,46.38126000000001,0.10444974892550622,0.3247350433385037,0.0,0.0
FPT,BAD,UCB_WITHOUT_VAE_UNCERTAINTY,UCB-VAE without VAE uncertainty,51,40,train,0.1,0.05,1.0,89880,568.3388099999975,56.83388099999974,5.130908383214883,11.1872221387307,0.32844945420448984,27.674665979884832,2,0.010680907877169559,False,False,False,2110,0,0.0,88.21119000000009,0.3209980846544947,0.1849406877301325,0.0,0.0
FPT,BAD,UCB_WITHOUT_VAE_UNCERTAINTY,UCB-VAE without VAE uncertainty,51,40,test,0.1,0.05,1.0,89880,-37.39461000000017,-3.739461000000017,-1.8939648027021194,5.112819000714964,-0.7427613894428579,12.582030770010805,0,0.18072289156626506,False,False,False,282,0,0.0,45.88461000000001,0.10390853343251825,0.32329018898757106,0.0,0.0
FPT,BAD,UCB_WITHOUT_VAE_UNCERTAINTY,UCB-VAE without VAE uncertainty,51,41,train,0.1,0.05,1.0,92127,493.2689900000023,49.32689900000023,4.559121179406422,11.257878395440137,0.2782305837559541,27.84089795998974,2,0.014686248331108143,False,False,False,2098,0,0.0,87.72101000000006,0.3156216668664303,0.1832350677631142,0.0,0.0
FPT,BAD,UCB_WITHOUT_VAE_UNCERTAINTY,UCB-VAE without VAE uncertainty,51,41,test,0.1,0.05,1.0,92127,-63.97991999999999,-6.3979919999999995,-3.262852207664757,5.099634646236013,-1.0226736032756558,14.784306324052032,0,0.17269076305220885,False,False,False,283,0,0.0,45.11992000000001,0.10319849774220838,0.3216374945269531,0.0,0.0
FPT,BAD,UCB_WITHOUT_VAE_UNCERTAINTY,UCB-VAE without VAE uncertainty,51,42,train,0.1,0.05,1.0,94374,502.64485000000104,50.2644850000001,4.631912753686085,11.199606429098816,0.2853489077325562,27.737915886729358,2,0.011570983533600357,False,False,False,2093,0,0.0,87.16515000000012,0.32021571033208107,0.18172867857931083,0.0,0.0
FPT,BAD,UCB_WITHOUT_VAE_UNCERTAINTY,UCB-VAE without VAE uncertainty,51,42,test,0.1,0.05,1.0,94374,-61.790909999999485,-6.179090999999948,-3.149413339915441,4.371443382054618,-1.1738143149360272,11.407920302346968,0,0.1686746987951807,False,False,False,282,0,0.0,45.40091000000003,0.10039469981616343,0.3203024618836292,0.0,0.0
FPT,BAD,UCB_WITHOUT_VAE_UNCERTAINTY,UCB-VAE without VAE uncertainty,51,43,train,0.1,0.05,1.0,96621,568.3491999999992,56.834919999999926,5.130985822198997,11.06111807047823,0.330921590277675,27.775351972835022,2,0.011125945705384957,False,False,False,2112,0,0.0,88.29080000000003,0.3106909383845136,0.1821865651774762,0.0,0.0
FPT,BAD,UCB_WITHOUT_VAE_UNCERTAINTY,UCB-VAE without VAE uncertainty,51,43,test,0.1,0.05,1.0,96621,-53.76631999999995,-5.376631999999995,-2.734686809188336,4.548459001509435,-1.031654672453544,10.252493763724631,0,0.12650602409638553,False,False,False,281,0,0.0,45.26632000000002,0.10607803409536494,0.31954705637382214,0.0,0.0
FPT,BAD,UCB_WITHOUT_VAE_UNCERTAINTY,UCB-VAE without VAE uncertainty,51,44,train,0.1,0.05,1.0,98868,510.5049799999965,51.050497999999656,4.692626211547268,11.330801823671385,0.28851429583175875,26.969410221819697,1,0.014686248331108143,False,False,False,2104,0,0.0,86.93502000000005,0.3191071732714426,0.1803638478471642,0.0,0.0
FPT,BAD,UCB_WITHOUT_VAE_UNCERTAINTY,UCB-VAE without VAE uncertainty,51,44,test,0.1,0.05,1.0,98868,-44.13009000000034,-4.4130090000000335,-2.238976580318408,4.386353361403074,-0.9546332958584197,9.497225878147203,0,0.20281124497991967,False,False,False,290,0,0.0,47.66009000000001,0.08993496674189351,0.31713005927312804,0.0,0.0
FPT,BAD,UCB_WITHOUT_VAE_UNCERTAINTY,UCB-VAE without VAE uncertainty,51,45,train,0.1,0.05,1.0,101115,503.834249999999,50.383424999999896,4.641118052318394,11.233281395907325,0.28563310337790776,26.76221017302059,1,0.016911437472185136,False,False,False,2093,0,0.0,86.61575000000003,0.31204744561129805,0.17930529366235337,0.0,0.0
FPT,BAD,UCB_WITHOUT_VAE_UNCERTAINTY,UCB-VAE without VAE uncertainty,51,45,test,0.1,0.05,1.0,101115,-53.95076000000017,-5.395076000000017,-2.7441993084984073,4.635837164167872,-1.0135390218170526,10.427057301269667,0,0.23092369477911648,False,False,False,293,0,0.0,46.85076000000001,0.09856165241261237,0.3162843707694586,0.0,0.0
FPT,BAD,UCB_WITHOUT_VAE_UNCERTAINTY,UCB-VAE without VAE uncertainty,52,1,train,1.0,1.0,1.0,2247,1692.99116,169.299116,11.64431752790569,15.510174318450073,0.66501787100381,23.8236443193126,5,0.0,False,False,False,2245,0,0.0,134.82883999999996,0.4894520190694768,0.27609528378348486,0.0,0.0
FPT,BAD,UCB_WITHOUT_VAE_UNCERTAINTY,UCB-VAE without VAE uncertainty,52,1,test,1.0,1.0,1.0,2247,119.2825199999993,11.92825199999993,5.816621618016993,18.03790840778328,0.2954136032722436,22.867118467278065,3,0.0,False,False,False,498,0,0.0,108.17747999999996,0.4218771271922796,0.8129974002220545,0.0,0.0
FPT,BAD,UCB_WITHOUT_VAE_UNCERTAINTY,UCB-VAE without VAE uncertainty,52,2,train,0.9045834549972122,0.8,1.0,4494,1559.1009599999988,155.91009599999987,11.01306758305627,14.971054007493464,0.6452681811221237,21.681131252354795,4,0.0,False,False,False,2246,0,0.0,134.29904,0.46386965162368543,0.26802211960766864,0.0,0.0
FPT,BAD,UCB_WITHOUT_VAE_UNCERTAINTY,UCB-VAE without VAE uncertainty,52,2,test,0.9045834549972122,0.8,1.0,4494,29.452479999999014,2.9452479999999013,1.4669947273369566,17.35637256852513,0.056000672209579314,23.76906395521479,2,0.0,False,False,False,498,0,0.0,107.78751999999992,0.4202745321569069,0.8050102397619959,0.0,0.0
FPT,BAD,UCB_WITHOUT_VAE_UNCERTAINTY,UCB-VAE without VAE uncertainty,52,3,train,0.8182712270546932,0.6400000000000001,1.0,6741,1308.1494500000008,130.81494500000008,9.746405309383555,13.498159300404208,0.6144248346931382,23.27701542798544,4,0.0,False,False,False,2246,0,0.0,133.08054999999996,0.4188049475988906,0.25686029995686754,0.0,0.0
FPT,BAD,UCB_WITHOUT_VAE_UNCERTAINTY,UCB-VAE without VAE uncertainty,52,3,test,0.8182712270546932,0.6400000000000001,1.0,6741,184.49607999999944,18.449607999999944,8.86620238800604,17.334460266433933,0.46532054717067467,18.582045798387316,1,0.0,False,False,False,498,0,0.0,107.82391999999994,0.42451183345846,0.7987769566865331,0.0,0.0
FPT,BAD,UCB_WITHOUT_VAE_UNCERTAINTY,UCB-VAE without VAE uncertainty,52,4,train,0.7401946136939427,0.5120000000000001,1.0,8988,1416.6738199999986,141.66738199999986,10.308491661199138,13.212770483657247,0.6637794467065169,21.11732905965603,4,0.0,False,False,False,2246,0,0.0,132.50617999999992,0.4088851828742747,0.2538126676803862,0.0,0.0
FPT,BAD,UCB_WITHOUT_VAE_UNCERTAINTY,UCB-VAE without VAE uncertainty,52,4,test,0.7401946136939427,0.5120000000000001,1.0,8988,183.9362199999996,18.393621999999958,8.840382825347337,17.31714986742096,0.46423088148709324,18.582045798387316,1,0.0,False,False,False,498,0,0.0,107.82377999999994,0.4223205836249652,0.790735283230682,0.0,0.0
FPT,BAD,UCB_WITHOUT_VAE_UNCERTAINTY,UCB-VAE without VAE uncertainty,52,5,train,0.6695678010255933,0.4096000000000001,1.0,11235,1323.3069199999982,132.33069199999983,9.82630477679658,13.08880213153641,0.6350659909148503,21.89905605265073,4,0.0,False,False,False,2246,0,0.0,132.25307999999998,0.3976355153061265,0.24908458397395886,0.0,0.0
FPT,BAD,UCB_WITHOUT_VAE_UNCERTAINTY,UCB-VAE without VAE uncertainty,52,5,test,0.6695678010255933,0.4096000000000001,1.0,11235,164.67365999999902,16.467365999999902,7.9482986056856,16.88580932765954,0.4225735954501467,18.582045798387316,1,0.0,False,False,False,498,0,0.0,107.82633999999993,0.41287910694344643,0.7836248847734497,0.0,0.0
FPT,BAD,UCB_WITHOUT_VAE_UNCERTAINTY,UCB-VAE without VAE uncertainty,52,6,train,0.6056799548066172,0.3276800000000001,1.0,13482,1473.9000399999986,147.39000399999986,10.595909708874164,13.108104716323535,0.6880712818967751,21.31672812923955,4,0.0,False,False,False,2244,0,0.0,131.85995999999992,0.39735246497971655,0.24784115227424255,0.0,0.0
FPT,BAD,UCB_WITHOUT_VAE_UNCERTAINTY,UCB-VAE without VAE uncertainty,52,6,test,0.6056799548066172,0.3276800000000001,1.0,13482,164.67365999999902,16.467365999999902,7.9482986056856,16.88580932765954,0.4225735954501467,18.582045798387316,1,0.0,False,False,False,498,0,0.0,107.82633999999993,0.41287910694344643,0.776859680512344,0.0,0.0
FPT,BAD,UCB_WITHOUT_VAE_UNCERTAINTY,UCB-VAE without VAE uncertainty,52,7,train,0.547888066141525,0.2621440000000001,1.0,15729,1270.2120499999996,127.02120499999995,9.544362918234528,12.895379156934005,0.6225405883637187,22.044397383221558,4,0.0,False,False,False,2245,0,0.0,131.67794999999992,0.38054603370980905,0.24335173562891918,0.0,0.0
FPT,BAD,UCB_WITHOUT_VAE_UNCERTAINTY,UCB-VAE without VAE uncertainty,52,7,test,0.547888066141525,0.2621440000000001,1.0,15729,187.39069999999856,18.739069999999856,8.99959926894136,16.76225204614487,0.4827524078353639,17.039124154693706,1,0.0,False,False,False,498,0,0.0,107.84929999999996,0.4094320092495518,0.7716765813080662,0.0,0.0
FPT,BAD,UCB_WITHOUT_VAE_UNCERTAINTY,UCB-VAE without VAE uncertainty,52,8,train,0.49561047982204176,0.20971520000000007,1.0,17976,1224.0542200000014,122.40542200000013,9.294454505723703,12.736818241260028,0.6105813795180093,21.04990768381357,4,0.0,False,False,False,2244,0,0.0,131.22577999999987,0.36668484304357585,0.23980471764371614,0.0,0.0
FPT,BAD,UCB_WITHOUT_VAE_UNCERTAINTY,UCB-VAE without VAE uncertainty,52,8,test,0.49561047982204176,0.20971520000000007,1.0,17976,187.39069999999856,18.739069999999856,8.99959926894136,16.76225204614487,0.4827524078353639,17.039124154693706,1,0.0,False,False,False,498,0,0.0,107.84929999999996,0.4094320092495518,0.7662115228104304,0.0,0.0
FPT,BAD,UCB_WITHOUT_VAE_UNCERTAINTY,UCB-VAE without VAE uncertainty,52,9,train,0.4483210401702486,0.1677721600000001,1.0,20223,1401.846759999998,140.18467599999983,10.233036680705855,12.666302689650788,0.6813775417910632,21.658503334009453,4,0.0,False,False,False,2244,0,0.0,130.8132399999999,0.3648506441983532,0.23966553969732327,0.0,0.0
FPT,BAD,UCB_WITHOUT_VAE_UNCERTAINTY,UCB-VAE without VAE uncertainty,52,9,test,0.4483210401702486,0.1677721600000001,1.0,20223,192.8091699999984,19.28091699999984,9.248871477768382,16.610961189892738,0.49947379175918555,16.937390710482838,0,0.0,False,False,False,497,0,0.0,107.48082999999994,0.4194422262650789,0.7611363867679274,0.0,0.0
FPT,BAD,UCB_WITHOUT_VAE_UNCERTAINTY,UCB-VAE without VAE uncertainty,52,10,train,0.4055437954651474,0.13421772800000006,1.0,22470,1253.52036,125.352036,9.454516226124454,12.54107299220181,0.6299165245859575,20.84665291415622,4,0.0,False,False,False,2243,0,0.0,130.99963999999994,0.35378748410119226,0.23739940093015371,0.0,0.0
FPT,BAD,UCB_WITHOUT_VAE_UNCERTAINTY,UCB-VAE without VAE uncertainty,52,10,test,0.4055437954651474,0.13421772800000006,1.0,22470,195.28854999999862,19.52885499999986,9.362745116272087,16.585792419298677,0.506317470128507,16.937390710482838,0,0.0,False,False,False,497,0,0.0,107.48144999999994,0.4168263283961489,0.7579086796346918,0.0,0.0
FPT,BAD,UCB_WITHOUT_VAE_UNCERTAINTY,UCB-VAE without VAE uncertainty,52,11,train,0.3668482076545458,0.10737418240000006,1.0,24717,1187.2703100000022,118.72703100000021,9.091975814893738,12.353628499965872,0.6104687461575882,20.923943451786535,4,0.0,False,False,False,2242,0,0.0,130.95968999999994,0.3428989699710497,0.2360250725364043,0.0,0.0
FPT,BAD,UCB_WITHOUT_VAE_UNCERTAINTY,UCB-VAE without VAE uncertainty,52,11,test,0.3668482076545458,0.10737418240000006,1.0,24717,178.59370999999896,17.859370999999896,8.593690847818557,16.692617130003796,0.46149170877590723,17.074323877731153,0,0.0,False,False,False,497,0,0.0,107.43629,0.4133328221989,0.7552237564540771,0.0,0.0
FPT,BAD,UCB_WITHOUT_VAE_UNCERTAINTY,UCB-VAE without VAE uncertainty,52,12,train,0.3318448191396838,0.08589934592000005,1.0,26964,1257.851210000002,125.78512100000022,9.477884657764047,12.35574986232363,0.6392237853019819,21.094765707844658,4,0.0,False,False,False,2244,0,0.0,130.87878999999992,0.343825741342881,0.23544239879655848,0.0,0.0
FPT,BAD,UCB_WITHOUT_VAE_UNCERTAINTY,UCB-VAE without VAE uncertainty,52,12,test,0.3318448191396838,0.08589934592000005,1.0,26964,257.69702999999936,25.76970299999994,12.191251598306962,16.643904981498512,0.6599358386296141,17.074323877731153,0,0.0,False,False,False,497,0,0.0,107.81297000000005,0.42277613231681077,0.7525140912417906,0.0,0.0
FPT,BAD,UCB_WITHOUT_VAE_UNCERTAINTY,UCB-VAE without VAE uncertainty,52,13,train,0.3001813330203001,0.06871947673600004,1.0,29211,1274.6372099999999,127.46372099999999,9.56808383826273,12.43072326244493,0.642800526133844,21.519582617198306,4,0.0,False,False,False,2244,0,0.0,130.41278999999992,0.3399649514214344,0.2345889807277963,0.0,0.0
FPT,BAD,UCB_WITHOUT_VAE_UNCERTAINTY,UCB-VAE without VAE uncertainty,52,13,test,0.3001813330203001,0.06871947673600004,1.0,29211,236.82094999999936,23.682094999999936,11.25304599631769,16.74806125082767,0.6063405695057336,18.452173478737276,0,0.0,False,False,False,497,0,0.0,107.80905000000004,0.41315194869908434,0.7500014014871245,0.0,0.0
FPT,BAD,UCB_WITHOUT_VAE_UNCERTAINTY,UCB-VAE without VAE uncertainty,52,14,train,0.27153906734917177,0.054975581388800036,1.0,31458,1054.7501100000027,105.47501100000028,8.336500647243628,12.237931928934458,0.5577993395391961,21.67104596251491,4,0.0,False,False,False,2243,0,0.0,130.2198899999999,0.32668252944036236,0.23263480863772237,0.0,0.0
FPT,BAD,UCB_WITHOUT_VAE_UNCERTAINTY,UCB-VAE without VAE uncertainty,52,14,test,0.27153906734917177,0.054975581388800036,1.0,31458,236.82094999999936,23.682094999999936,11.25304599631769,16.74806125082767,0.6063405695057336,18.452173478737276,0,0.0,False,False,False,497,0,0.0,107.80905000000004,0.41315194869908434,0.7480023506894169,0.0,0.0
FPT,BAD,UCB_WITHOUT_VAE_UNCERTAINTY,UCB-VAE without VAE uncertainty,52,15,train,0.24562974770943447,0.05,1.0,33705,1052.1326100000028,105.21326100000027,8.321147291164422,12.19240338762007,0.5582506984739697,20.965239740263815,4,0.0004450378282153983,False,False,False,2242,0,0.0,130.3373899999999,0.3218635147783316,0.23199533555419594,0.0,0.0
FPT,BAD,UCB_WITHOUT_VAE_UNCERTAINTY,UCB-VAE without VAE uncertainty,52,15,test,0.24562974770943447,0.05,1.0,33705,243.4405699999993,24.34405699999993,11.551391183616943,16.86963929728147,0.6191986108156987,18.315568474029426,0,0.0,False,False,False,497,0,0.0,107.80943000000003,0.4171750579484072,0.7454459190847404,0.0,0.0
FPT,BAD,UCB_WITHOUT_VAE_UNCERTAINTY,UCB-VAE without VAE uncertainty,52,16,train,0.2221926058330938,0.05,1.0,35952,935.790620000003,93.57906200000029,7.6204947855798455,11.853932736886655,0.51554406010477,20.69279859426654,4,0.0008900756564307966,False,False,False,2239,0,0.0,130.38937999999996,0.31248848657329015,0.2304801176263589,0.0,0.0
FPT,BAD,UCB_WITHOUT_VAE_UNCERTAINTY,UCB-VAE without VAE uncertainty,52,16,test,0.2221926058330938,0.05,1.0,35952,142.20462999999995,14.220462999999995,6.898375725974648,16.17159511652851,0.3731034111991563,17.936645746719076,0,0.0,False,False,False,497,0,0.0,107.74537000000005,0.40488207675559007,0.7429550767064573,0.0,0.0
FPT,BAD,UCB_WITHOUT_VAE_UNCERTAINTY,UCB-VAE without VAE uncertainty,52,17,train,0.20099175505933367,0.05,1.0,38199,976.2491900000018,97.62491900000018,7.868295234825706,11.869757782289495,0.5345026168268341,20.111594083337835,4,0.0008900756564307966,False,False,False,2238,0,0.0,129.84080999999986,0.3106708283804437,0.2295876089823368,0.0,0.0
FPT,BAD,UCB_WITHOUT_VAE_UNCERTAINTY,UCB-VAE without VAE uncertainty,52,17,test,0.20099175505933367,0.05,1.0,38199,139.30462999999986,13.930462999999987,6.762118666788108,16.173012481733117,0.3651271907190095,17.936645746719076,0,0.0,False,False,False,497,0,0.0,107.74537000000005,0.4028535053560895,0.7414861430963838,0.0,0.0
FPT,BAD,UCB_WITHOUT_VAE_UNCERTAINTY,UCB-VAE without VAE uncertainty,52,18,train,0.18181381621752543,0.05,1.0,40446,868.0351199999991,86.8035119999999,7.195004376521363,11.562512447901712,0.4910071978131989,19.929678907576083,4,0.0004450378282153983,False,False,False,2232,0,0.0,129.12487999999993,0.2915204971188988,0.22888259010569328,0.0,0.0
FPT,BAD,UCB_WITHOUT_VAE_UNCERTAINTY,UCB-VAE without VAE uncertainty,52,18,test,0.18181381621752543,0.05,1.0,40446,136.40463000000022,13.640463000000022,6.6256886780482915,16.17548852436182,0.35711941231629124,17.936645746719076,0,0.0,False,False,False,497,0,0.0,107.74537000000005,0.4007059637979441,0.7400691149584261,0.0,0.0
FPT,BAD,UCB_WITHOUT_VAE_UNCERTAINTY,UCB-VAE without VAE uncertainty,52,19,train,0.16446577004027732,0.05,1.0,42693,809.1539700000003,80.91539700000003,6.813952780325905,11.440966884456605,0.4635703180843031,20.108157432232307,4,0.0017801513128615932,False,False,False,2233,0,0.0,128.89602999999985,0.28892340092460655,0.2277077107520755,0.0,0.0
FPT,BAD,UCB_WITHOUT_VAE_UNCERTAINTY,UCB-VAE without VAE uncertainty,52,19,test,0.16446577004027732,0.05,1.0,42693,139.30462999999986,13.930462999999987,6.762118666788108,16.173012481733117,0.3651271907190095,17.936645746719076,0,0.0,False,False,False,497,0,0.0,107.74537000000005,0.4028535053560895,0.7381423323987478,0.0,0.0
FPT,BAD,UCB_WITHOUT_VAE_UNCERTAINTY,UCB-VAE without VAE uncertainty,52,20,train,0.14877301449181102,0.05,1.0,44940,633.5488099999989,63.354880999999885,5.608181948312696,11.544076925687733,0.3612804681984576,20.177990483539666,4,0.0008900756564307966,False,False,False,2233,0,0.0,129.38118999999986,0.28599808067311855,0.22522238281219337,0.0,0.0
FPT,BAD,UCB_WITHOUT_VAE_UNCERTAINTY,UCB-VAE without VAE uncertainty,52,20,test,0.14877301449181102,0.05,1.0,44940,117.15071999999964,11.715071999999964,5.7154576859033135,16.17121624924526,0.3037646429908462,18.754298818986896,0,0.0,False,False,False,496,0,0.0,107.36927999999993,0.40272388953021876,0.7350211685082041,0.0,0.0
FPT,BAD,UCB_WITHOUT_VAE_UNCERTAINTY,UCB-VAE without VAE uncertainty,52,21,train,0.13457760745935274,0.05,1.0,47187,789.2446199999983,78.92446199999983,6.682612501603469,11.361712258510606,0.45508365688595764,19.702905283016605,4,0.0008900756564307966,False,False,False,2236,0,0.0,129.25537999999995,0.2794067239805365,0.22560028264959706,0.0,0.0
FPT,BAD,UCB_WITHOUT_VAE_UNCERTAINTY,UCB-VAE without VAE uncertainty,52,21,test,0.13457760745935274,0.05,1.0,47187,117.15071999999964,11.715071999999964,5.7154576859033135,16.17121624924526,0.3037646429908462,18.754298818986896,0,0.0,False,False,False,496,0,0.0,107.36927999999993,0.40272388953021876,0.7329150663322235,0.0,0.0
FPT,BAD,UCB_WITHOUT_VAE_UNCERTAINTY,UCB-VAE without VAE uncertainty,52,22,train,0.12173667712083987,0.05,1.0,49434,615.0392099999995,61.50392099999995,5.474456395673832,11.141990281847763,0.3587320225511312,19.841061213779735,4,0.0013351134846461949,False,False,False,2231,0,0.0,129.19078999999982,0.2731035839843952,0.22349534053595851,0.0,0.0
FPT,BAD,UCB_WITHOUT_VAE_UNCERTAINTY,UCB-VAE without VAE uncertainty,52,22,test,0.12173667712083987,0.05,1.0,49434,223.8382200000001,22.38382200000001,10.665596939331357,16.436228719907913,0.5821356586795231,15.324752380538358,0,0.0,False,False,False,495,0,0.0,107.38177999999992,0.40349849322558656,0.731319529643978,0.0,0.0
FPT,BAD,UCB_WITHOUT_VAE_UNCERTAINTY,UCB-VAE without VAE uncertainty,52,23,train,0.11012098398984942,0.05,1.0,51681,603.3816199999987,60.338161999999876,5.389533441588101,11.067139204858483,0.3530631395878611,19.483140217719434,4,0.0017801513128615932,False,False,False,2227,0,0.0,129.03837999999988,0.26680714579593406,0.2223772692697601,0.0,0.0
FPT,BAD,UCB_WITHOUT_VAE_UNCERTAINTY,UCB-VAE without VAE uncertainty,52,23,test,0.11012098398984942,0.05,1.0,51681,175.9630400000001,17.59630400000001,8.472014153213792,15.842649171407567,0.47057592660755043,15.324752380538358,0,0.0,False,False,False,495,0,0.0,107.37695999999991,0.39971686246441224,0.7283934955616074,0.0,0.0
FPT,BAD,UCB_WITHOUT_VAE_UNCERTAINTY,UCB-VAE without VAE uncertainty,52,24,train,0.1,0.05,1.0,53928,631.7735600000003,63.17735600000003,5.595414924723441,10.880853978417928,0.37531558470319354,19.763314937888474,4,0.0013351134846461949,False,False,False,2231,0,0.0,128.94643999999994,0.26656751408971524,0.22157992068454324,0.0,0.0
FPT,BAD,UCB_WITHOUT_VAE_UNCERTAINTY,UCB-VAE without VAE uncertainty,52,24,test,0.1,0.05,1.0,53928,100.22206000000006,10.022206000000006,4.908673907340844,16.36184888502235,0.2549703413856438,18.622207437922462,1,0.0,False,False,False,492,0,0.0,106.55793999999989,0.39386766162368875,0.7256092474642528,0.0,0.0
FPT,BAD,UCB_WITHOUT_VAE_UNCERTAINTY,UCB-VAE without VAE uncertainty,52,25,train,0.1,0.05,1.0,56175,594.6344099999978,59.46344099999978,5.325450821928923,11.024893328744364,0.3484260835888356,19.396193450806308,4,0.0035603026257231864,False,False,False,2229,0,0.0,129.27558999999985,0.26534465620814673,0.220412108864806,0.0,0.0
FPT,BAD,UCB_WITHOUT_VAE_UNCERTAINTY,UCB-VAE without VAE uncertainty,52,25,test,0.1,0.05,1.0,56175,100.22206000000006,10.022206000000006,4.908673907340844,16.36184888502235,0.2549703413856438,18.622207437922462,1,0.0,False,False,False,492,0,0.0,106.55793999999989,0.39386766162368875,0.7233875226304234,0.0,0.0
FPT,BAD,UCB_WITHOUT_VAE_UNCERTAINTY,UCB-VAE without VAE uncertainty,52,26,train,0.1,0.05,1.0,58422,592.7747099999983,59.277470999999835,5.311786278380115,10.894685555352078,0.3500828740378239,19.28794436117239,4,0.0008900756564307966,False,False,False,2223,0,0.0,127.91528999999989,0.25837169981023345,0.2197158914366111,0.0,0.0
FPT,BAD,UCB_WITHOUT_VAE_UNCERTAINTY,UCB-VAE without VAE uncertainty,52,26,test,0.1,0.05,1.0,58422,100.22206000000006,10.022206000000006,4.908673907340844,16.36184888502235,0.2549703413856438,18.622207437922462,1,0.0,False,False,False,492,0,0.0,106.55793999999989,0.39386766162368875,0.7215683778605787,0.0,0.0
FPT,BAD,UCB_WITHOUT_VAE_UNCERTAINTY,UCB-VAE without VAE uncertainty,52,27,train,0.1,0.05,1.0,60669,482.0391099999979,48.20391099999979,4.471398929974901,10.68597787225091,0.279193815768879,19.510616973894308,4,0.0013351134846461949,False,False,False,2222,0,0.0,128.07088999999985,0.2501196008089218,0.2183788754493595,0.0,0.0
FPT,BAD,UCB_WITHOUT_VAE_UNCERTAINTY,UCB-VAE without VAE uncertainty,52,27,test,0.1,0.05,1.0,60669,91.88231999999925,9.188231999999925,4.508945592057367,16.36068145796879,0.2314355785694422,18.622207437922462,1,0.0,False,False,False,492,0,0.0,106.55767999999989,0.389152656070053,0.7197234074035322,0.0,0.0
FPT,BAD,UCB_WITHOUT_VAE_UNCERTAINTY,UCB-VAE without VAE uncertainty,52,28,train,0.1,0.05,1.0,62916,493.8753399999973,49.38753399999973,4.563840981118661,10.637749669170844,0.28835816453422697,19.57886443359842,4,0.004005340453938585,False,False,False,2217,0,0.0,127.7446599999999,0.24939870145038653,0.21747897830628055,0.0,0.0
FPT,BAD,UCB_WITHOUT_VAE_UNCERTAINTY,UCB-VAE without VAE uncertainty,52,28,test,0.1,0.05,1.0,62916,179.70991999999978,17.970991999999978,8.645278147093705,17.01887147702282,0.45908030472736927,18.671255184569052,2,0.0,False,False,False,492,0,0.0,106.51008000000002,0.3952039358871093,0.7180473384967291,0.0,0.0
FPT,BAD,UCB_WITHOUT_VAE_UNCERTAINTY,UCB-VAE without VAE uncertainty,52,29,train,0.1,0.05,1.0,65163,515.2475199999994,51.52475199999994,4.7291229946388125,10.631609212859091,0.30344314331560696,18.611374244879933,4,0.0035603026257231864,False,False,False,2204,0,0.0,126.7124799999999,0.24809475382840343,0.2167420523480728,0.0,0.0
FPT,BAD,UCB_WITHOUT_VAE_UNCERTAINTY,UCB-VAE without VAE uncertainty,52,29,test,0.1,0.05,1.0,65163,70.3063200000006,7.03063200000006,3.4676800136277386,17.125809941173866,0.1696915621299605,18.671255184569052,2,0.0,False,False,False,492,0,0.0,106.39367999999997,0.3944729889814078,0.7150238365174297,0.0,0.0
FPT,BAD,UCB_WITHOUT_VAE_UNCERTAINTY,UCB-VAE without VAE uncertainty,52,30,train,0.1,0.05,1.0,67410,484.00326999999766,48.40032699999976,4.486784507674013,10.426338745133295,0.2848930954151684,17.852379760142018,3,0.004450378282153983,False,False,False,2198,0,0.0,126.50672999999992,0.2389602855676436,0.21525016100766345,0.0,0.0
FPT,BAD,UCB_WITHOUT_VAE_UNCERTAINTY,UCB-VAE without VAE uncertainty,52,30,test,0.1,0.05,1.0,67410,160.0291400000001,16.00291400000001,7.7321047418351885,16.963525009013825,0.4098314688268814,18.671255184569052,2,0.0,False,False,False,492,0,0.0,106.51086000000001,0.39046246212994085,0.7135563957164566,0.0,0.0
FPT,BAD,UCB_WITHOUT_VAE_UNCERTAINTY,UCB-VAE without VAE uncertainty,52,31,train,0.1,0.05,1.0,69657,472.98323000000005,47.298323,4.400227526089684,10.471425631787644,0.2761789146291245,18.29350661107325,4,0.007120605251446373,False,False,False,2194,0,0.0,126.58676999999992,0.23655964556707162,0.21427500931008106,0.0,0.0
FPT,BAD,UCB_WITHOUT_VAE_UNCERTAINTY,UCB-VAE without VAE uncertainty,52,31,test,0.1,0.05,1.0,69657,159.93314999999893,15.993314999999894,7.727632039085752,16.81853459143704,0.4115157358483972,19.028907777370176,2,0.0,False,False,False,492,0,0.0,106.51685,0.3893931227809693,0.711618294138985,0.0,0.0
FPT,BAD,UCB_WITHOUT_VAE_UNCERTAINTY,UCB-VAE without VAE uncertainty,52,32,train,0.1,0.05,1.0,71904,463.742289999999,46.3742289999999,4.327199665206827,10.43752340374757,0.2699376700708122,18.588198919552443,4,0.00801068090787717,False,False,False,2191,0,0.0,126.14770999999988,0.2372261303896621,0.21343056115512057,0.0,0.0
FPT,BAD,UCB_WITHOUT_VAE_UNCERTAINTY,UCB-VAE without VAE uncertainty,52,32,test,0.1,0.05,1.0,71904,132.96829999999954,13.296829999999954,6.463802369794536,16.967216644509993,0.3388899201220431,18.657283841930607,1,0.0,False,False,False,491,0,0.0,105.53169999999996,0.39452412865396486,0.7091701064243853,0.0,0.0
FPT,BAD,UCB_WITHOUT_VAE_UNCERTAINTY,UCB-VAE without VAE uncertainty,52,33,train,0.1,0.05,1.0,74151,468.24469999999997,46.82447,4.36283164008624,10.59284945142236,0.2708215351958588,18.421956735762123,4,0.006230529595015576,False,False,False,2182,0,0.0,125.89529999999995,0.23622796637272797,0.212350963670835,0.0,0.0
FPT,BAD,UCB_WITHOUT_VAE_UNCERTAINTY,UCB-VAE without VAE uncertainty,52,33,test,0.1,0.05,1.0,74151,104.19747999999845,10.419747999999846,5.0986865422189664,17.046121246280276,0.26176412421989836,19.08044426912681,1,0.0,False,False,False,491,0,0.0,105.72251999999988,0.4000475085084034,0.7073345142435358,0.0,0.0
FPT,BAD,UCB_WITHOUT_VAE_UNCERTAINTY,UCB-VAE without VAE uncertainty,52,34,train,0.1,0.05,1.0,76398,510.6854000000005,51.06854000000005,4.694016517589206,10.553103882961816,0.3017254295109731,19.661238793721246,4,0.00801068090787717,False,False,False,2175,0,0.0,125.67459999999997,0.23452935677729592,0.21198733472922243,0.0,0.0
FPT,BAD,UCB_WITHOUT_VAE_UNCERTAINTY,UCB-VAE without VAE uncertainty,52,34,test,0.1,0.05,1.0,76398,103.17005999999856,10.317005999999855,5.049611790604369,17.0491243354858,0.25898550669158105,19.08044426912681,1,0.0,False,False,False,491,0,0.0,105.72993999999986,0.3987888458741576,0.705041941210448,0.0,0.0
FPT,BAD,UCB_WITHOUT_VAE_UNCERTAINTY,UCB-VAE without VAE uncertainty,52,35,train,0.1,0.05,1.0,78645,350.84936000000175,35.08493600000018,3.400304999177717,10.460450065181703,0.18358898475893004,20.70679174648838,4,0.008900756564307966,False,False,False,2168,0,0.0,125.0306399999999,0.22666565252565085,0.21010613837704215,0.0,0.0
FPT,BAD,UCB_WITHOUT_VAE_UNCERTAINTY,UCB-VAE without VAE uncertainty,52,35,test,0.1,0.05,1.0,78645,94.36539999999786,9.436539999999786,4.6281195427000155,17.41337881888751,0.23404474270540282,20.768905633651883,2,0.0,False,False,False,491,0,0.0,105.37459999999986,0.393350618240345,0.7025911414240259,0.0,0.0
FPT,BAD,UCB_WITHOUT_VAE_UNCERTAINTY,UCB-VAE without VAE uncertainty,52,36,train,0.1,0.05,1.0,80892,468.8838700000008,46.88838700000008,4.367882143171586,10.333826762020228,0.275462528508441,18.422803584990845,4,0.01335113484646195,False,False,False,2156,0,0.0,124.54612999999993,0.2233447620686114,0.20977949664414486,0.0,0.0
FPT,BAD,UCB_WITHOUT_VAE_UNCERTAINTY,UCB-VAE without VAE uncertainty,52,36,test,0.1,0.05,1.0,80892,100.2962399999983,10.02962399999983,4.912222608498018,17.411089255614595,0.24976517754581853,20.768905633651883,2,0.0,False,False,False,491,0,0.0,105.38375999999987,0.3915454424515771,0.6991908503584114,0.0,0.0
FPT,BAD,UCB_WITHOUT_VAE_UNCERTAINTY,UCB-VAE without VAE uncertainty,52,37,train,0.1,0.05,1.0,83139,407.9839299999994,40.79839299999995,3.877661484761985,10.274457978498527,0.2301890146871346,18.605916428165287,4,0.009790832220738763,False,False,False,2154,0,0.0,124.24606999999992,0.22198804910435607,0.2082565815602879,0.0,0.0
FPT,BAD,UCB_WITHOUT_VAE_UNCERTAINTY,UCB-VAE without VAE uncertainty,52,37,test,0.1,0.05,1.0,83139,100.2962399999983,10.02962399999983,4.912222608498018,17.411089255614595,0.24976517754581853,20.768905633651883,2,0.0,False,False,False,491,0,0.0,105.38375999999987,0.3915454424515771,0.6966126065656363,0.0,0.0
FPT,BAD,UCB_WITHOUT_VAE_UNCERTAINTY,UCB-VAE without VAE uncertainty,52,38,train,0.1,0.05,1.0,85386,382.85918999999876,38.28591899999987,3.6699070799717903,10.22308883278195,0.21110304542443564,18.279774824097643,4,0.010235870048954161,False,False,False,2150,0,0.0,123.91080999999991,0.21678251042197383,0.20741285362811845,0.0,0.0
FPT,BAD,UCB_WITHOUT_VAE_UNCERTAINTY,UCB-VAE without VAE uncertainty,52,38,test,0.1,0.05,1.0,85386,100.84377999999833,10.084377999999832,4.938412718469931,17.402846351747026,0.25124678740860623,20.768905633651883,2,0.0,False,False,False,491,0,0.0,105.37621999999988,0.3912561926543337,0.6943370533516129,0.0,0.0
FPT,BAD,UCB_WITHOUT_VAE_UNCERTAINTY,UCB-VAE without VAE uncertainty,52,39,train,0.1,0.05,1.0,87633,440.8392000000026,44.08392000000026,4.144422809796278,10.201850600458767,0.2564827803030905,18.35320356990383,4,0.009790832220738763,False,False,False,2143,0,0.0,123.92079999999997,0.21734912537199064,0.20667477870881426,0.0,0.0
FPT,BAD,UCB_WITHOUT_VAE_UNCERTAINTY,UCB-VAE without VAE uncertainty,52,39,test,0.1,0.05,1.0,87633,133.11825999999928,13.311825999999929,6.470872121651072,17.609522830120326,0.33340103295667356,20.768905633651883,2,0.0,False,False,False,491,0,0.0,105.16173999999987,0.3990393184689259,0.6917023090234243,0.0,0.0
FPT,BAD,UCB_WITHOUT_VAE_UNCERTAINTY,UCB-VAE without VAE uncertainty,52,40,train,0.1,0.05,1.0,89880,493.7055900000014,49.37055900000014,4.562519826232014,10.091658884639928,0.29820035433729897,18.768653843866545,4,0.009345794392523364,False,False,False,2145,0,0.0,123.46440999999992,0.21624187103055942,0.205784268418603,0.0,0.0
FPT,BAD,UCB_WITHOUT_VAE_UNCERTAINTY,UCB-VAE without VAE uncertainty,52,40,test,0.1,0.05,1.0,89880,127.10842000000002,12.710842000000003,6.187176685824158,17.503204731066578,0.31896371040003396,20.768905633651883,2,0.0,False,False,False,490,0,0.0,105.27157999999994,0.39779572136138475,0.688539554316356,0.0,0.0
FPT,BAD,UCB_WITHOUT_VAE_UNCERTAINTY,UCB-VAE without VAE uncertainty,52,41,train,0.1,0.05,1.0,92127,473.0749300000018,47.307493000000186,4.40095015580142,10.246929559494,0.2800373899876876,18.55058829420228,4,0.013796172674677348,False,False,False,2143,0,0.0,122.97506999999995,0.2129309920932788,0.20480396603219606,0.0,0.0
FPT,BAD,UCB_WITHOUT_VAE_UNCERTAINTY,UCB-VAE without VAE uncertainty,52,41,test,0.1,0.05,1.0,92127,80.70628999999963,8.070628999999963,3.9708792752762845,17.24095885400975,0.19776724114648472,20.20924232434137,2,0.004016064257028112,False,False,False,487,0,0.0,104.78370999999994,0.39356570388562157,0.6858345841068819,0.0,0.0
FPT,BAD,UCB_WITHOUT_VAE_UNCERTAINTY,UCB-VAE without VAE uncertainty,52,42,train,0.1,0.05,1.0,94374,337.3432100000016,33.734321000000165,3.2848430399870843,10.3541464845732,0.1735414040076279,20.46815952699466,5,0.010680907877169559,False,False,False,2143,0,0.0,123.6467899999999,0.2130336047982544,0.20293180502264777,0.0,0.0
FPT,BAD,UCB_WITHOUT_VAE_UNCERTAINTY,UCB-VAE without VAE uncertainty,52,42,test,0.1,0.05,1.0,94374,80.70628999999963,8.070628999999963,3.9708792752762845,17.24095885400975,0.19776724114648472,20.20924232434137,2,0.004016064257028112,False,False,False,487,0,0.0,104.78370999999994,0.39356570388562157,0.6831584690684774,0.0,0.0
FPT,BAD,UCB_WITHOUT_VAE_UNCERTAINTY,UCB-VAE without VAE uncertainty,52,43,train,0.1,0.05,1.0,96621,367.9589500000011,36.795895000000115,3.5451079230728766,10.250168107245369,0.19904868198241574,20.41005331313305,5,0.011570983533600357,False,False,False,2134,0,0.0,123.03104999999996,0.21062323606610572,0.20207528768975203,0.0,0.0
FPT,BAD,UCB_WITHOUT_VAE_UNCERTAINTY,UCB-VAE without VAE uncertainty,52,43,test,0.1,0.05,1.0,96621,81.17962999999963,8.117962999999962,3.993724146070421,17.298712291459516,0.19896181762547527,20.200400178827614,2,0.004016064257028112,False,False,False,487,0,0.0,104.51036999999995,0.3941244798955282,0.6809139537763405,0.0,0.0
FPT,BAD,UCB_WITHOUT_VAE_UNCERTAINTY,UCB-VAE without VAE uncertainty,52,44,train,0.1,0.05,1.0,98868,393.47188000000074,39.347188000000074,3.7580684831644007,10.183500613846977,0.2199558680634091,18.322061634913574,5,0.012461059190031152,False,False,False,2136,0,0.0,122.52811999999996,0.20664166647265564,0.2013516795830192,0.0,0.0
FPT,BAD,UCB_WITHOUT_VAE_UNCERTAINTY,UCB-VAE without VAE uncertainty,52,44,test,0.1,0.05,1.0,98868,104.19926999999984,10.419926999999984,5.098772021771092,17.17068403242695,0.261281660905074,20.200400178827614,2,0.004016064257028112,False,False,False,487,0,0.0,104.53072999999996,0.38619833391197306,0.6794039858392922,0.0,0.0
FPT,BAD,UCB_WITHOUT_VAE_UNCERTAINTY,UCB-VAE without VAE uncertainty,52,45,train,0.1,0.05,1.0,101115,399.95005000000015,39.99500500000002,3.811590848049451,10.204418556100556,0.2248332816993508,20.121673442819986,5,0.01335113484646195,False,False,False,2137,0,0.0,122.97994999999995,0.20710840028749933,0.20055061441476896,0.0,0.0
FPT,BAD,UCB_WITHOUT_VAE_UNCERTAINTY,UCB-VAE without VAE uncertainty,52,45,test,0.1,0.05,1.0,101115,104.19926999999984,10.419926999999984,5.098772021771092,17.17068403242695,0.261281660905074,20.200400178827614,2,0.004016064257028112,False,False,False,487,0,0.0,104.53072999999996,0.38619833391197306,0.6768046081305508,0.0,0.0
FPT,BAD,UCB_WITHOUT_VAE_UNCERTAINTY,UCB-VAE without VAE uncertainty,53,1,train,1.0,1.0,1.0,2247,2533.6367900000005,253.36367900000005,15.068186064102829,18.435348240886928,0.751864330438565,33.729512024488976,13,0.14107699154428127,False,False,False,366,0,0.0,6.973210000000004,0.47762347860538307,0.2699541926954288,0.0,0.0
FPT,BAD,UCB_WITHOUT_VAE_UNCERTAINTY,UCB-VAE without VAE uncertainty,53,1,test,1.0,1.0,1.0,2247,255.6485799999998,25.56485799999998,12.09953593560753,24.33873504896692,0.5132069812932971,29.158899802063505,4,0.16265060240963855,False,False,False,17,0,0.0,0.9514199999999998,0.8334121561317026,0.5018877694046641,0.0,0.0
FPT,BAD,UCB_WITHOUT_VAE_UNCERTAINTY,UCB-VAE without VAE uncertainty,53,2,train,0.9045834549972122,0.8,1.0,4494,1448.7272900000012,144.87272900000013,10.470215724480836,14.346275575522812,0.632508796733734,33.2249038159875,8,0.18914107699154428,False,False,False,398,0,0.0,8.50271,0.27878488708175747,0.266945374425804,0.0,0.0
FPT,BAD,UCB_WITHOUT_VAE_UNCERTAINTY,UCB-VAE without VAE uncertainty,53,2,test,0.9045834549972122,0.8,1.0,4494,255.6485799999998,25.56485799999998,12.09953593560753,24.33873504896692,0.5132069812932971,29.158899802063505,4,0.16265060240963855,False,False,False,17,0,0.0,0.9514199999999998,0.8334121561317026,0.4960577207875539,0.0,0.0
FPT,BAD,UCB_WITHOUT_VAE_UNCERTAINTY,UCB-VAE without VAE uncertainty,53,3,train,0.8182712270546932,0.6400000000000001,1.0,6741,2595.30023,259.53002299999997,15.289736021816957,18.428442948633553,0.7626100818063478,33.453754545368234,13,0.1851357365376057,False,False,False,384,0,0.0,7.249770000000003,0.4813593850514011,0.2620568688798067,0.0,0.0
FPT,BAD,UCB_WITHOUT_VAE_UNCERTAINTY,UCB-VAE without VAE uncertainty,53,3,test,0.8182712270546932,0.6400000000000001,1.0,6741,255.6485799999998,25.56485799999998,12.09953593560753,24.33873504896692,0.5132069812932971,29.158899802063505,4,0.16265060240963855,False,False,False,17,0,0.0,0.9514199999999998,0.8334121561317026,0.4903011200538122,0.0,0.0
FPT,BAD,UCB_WITHOUT_VAE_UNCERTAINTY,UCB-VAE without VAE uncertainty,53,4,train,0.7401946136939427,0.5120000000000001,1.0,8988,1435.6784200000002,143.567842,10.404606748588474,14.462098798561613,0.6244480382021363,33.469114953557956,7,0.1833555852247441,False,False,False,420,0,0.0,9.061580000000001,0.27968039901511665,0.2586943672453503,0.0,0.0
FPT,BAD,UCB_WITHOUT_VAE_UNCERTAINTY,UCB-VAE without VAE uncertainty,53,4,test,0.7401946136939427,0.5120000000000001,1.0,8988,255.6485799999998,25.56485799999998,12.09953593560753,24.33873504896692,0.5132069812932971,29.158899802063505,4,0.16265060240963855,False,False,False,17,0,0.0,0.9514199999999998,0.8334121561317026,0.4850698592792074,0.0,0.0
FPT,BAD,UCB_WITHOUT_VAE_UNCERTAINTY,UCB-VAE without VAE uncertainty,53,5,train,0.6695678010255933,0.4096000000000001,1.0,11235,2579.270490000001,257.92704900000007,15.232469752898204,18.47036659291094,0.7585787726192295,33.69445033649981,13,0.20471740097908322,False,False,False,411,0,0.0,7.679510000000002,0.4816066263562251,0.25425436172317706,0.0,0.0
FPT,BAD,UCB_WITHOUT_VAE_UNCERTAINTY,UCB-VAE without VAE uncertainty,53,5,test,0.6695678010255933,0.4096000000000001,1.0,11235,255.6485799999998,25.56485799999998,12.09953593560753,24.33873504896692,0.5132069812932971,29.158899802063505,4,0.16265060240963855,False,False,False,17,0,0.0,0.9514199999999998,0.8334121561317026,0.48048009205774134,0.0,0.0
FPT,BAD,UCB_WITHOUT_VAE_UNCERTAINTY,UCB-VAE without VAE uncertainty,53,6,train,0.6056799548066172,0.3276800000000001,1.0,13482,2579.844690000001,257.98446900000005,15.234525016016542,18.510071318493296,0.7574449679342096,33.66706632843393,13,0.19670672007120604,False,False,False,420,0,0.0,7.865310000000002,0.4833030243199021,0.25098222117451596,0.0,0.0
FPT,BAD,UCB_WITHOUT_VAE_UNCERTAINTY,UCB-VAE without VAE uncertainty,53,6,test,0.6056799548066172,0.3276800000000001,1.0,13482,255.6485799999998,25.56485799999998,12.09953593560753,24.33873504896692,0.5132069812932971,29.158899802063505,4,0.16265060240963855,False,False,False,17,0,0.0,0.9514199999999998,0.8334121561317026,0.47669863605116264,0.0,0.0
FPT,BAD,UCB_WITHOUT_VAE_UNCERTAINTY,UCB-VAE without VAE uncertainty,53,7,train,0.547888066141525,0.2621440000000001,1.0,15729,2580.0816200000013,258.00816200000014,15.235372986162087,18.493893919957983,0.7579841107245028,33.38048570708439,13,0.16110369381397419,False,False,False,456,0,0.0,8.558380000000005,0.48743727275151333,0.24726540960361548,0.0,0.0
FPT,BAD,UCB_WITHOUT_VAE_UNCERTAINTY,UCB-VAE without VAE uncertainty,53,7,test,0.547888066141525,0.2621440000000001,1.0,15729,255.6485799999998,25.56485799999998,12.09953593560753,24.33873504896692,0.5132069812932971,29.158899802063505,4,0.16265060240963855,False,False,False,17,0,0.0,0.9514199999999998,0.8334121561317026,0.47316896717950524,0.0,0.0
FPT,BAD,UCB_WITHOUT_VAE_UNCERTAINTY,UCB-VAE without VAE uncertainty,53,8,train,0.49561047982204176,0.20971520000000007,1.0,17976,1349.832940000002,134.9832940000002,9.965022938119784,14.322265227360372,0.6010269001057873,32.75612276930192,7,0.24744103248776145,False,False,False,486,0,0.0,10.207059999999998,0.2762857963525772,0.24487106527919286,0.0,0.0
FPT,BAD,UCB_WITHOUT_VAE_UNCERTAINTY,UCB-VAE without VAE uncertainty,53,8,test,0.49561047982204176,0.20971520000000007,1.0,17976,255.6485799999998,25.56485799999998,12.09953593560753,24.33873504896692,0.5132069812932971,29.158899802063505,4,0.16265060240963855,False,False,False,17,0,0.0,0.9514199999999998,0.8334121561317026,0.4699325975045622,0.0,0.0
FPT,BAD,UCB_WITHOUT_VAE_UNCERTAINTY,UCB-VAE without VAE uncertainty,53,9,train,0.4483210401702486,0.1677721600000001,1.0,20223,1354.080190000002,135.4080190000002,9.987104595479558,14.344856798716352,0.6017180261281789,32.956491993106624,7,0.258121940364931,False,False,False,483,0,0.0,10.229809999999997,0.27440902117391686,0.24401148225288152,0.0,0.0
FPT,BAD,UCB_WITHOUT_VAE_UNCERTAINTY,UCB-VAE without VAE uncertainty,53,9,test,0.4483210401702486,0.1677721600000001,1.0,20223,255.6485799999998,25.56485799999998,12.09953593560753,24.33873504896692,0.5132069812932971,29.158899802063505,4,0.16265060240963855,False,False,False,17,0,0.0,0.9514199999999998,0.8334121561317026,0.46678461331919013,0.0,0.0
FPT,BAD,UCB_WITHOUT_VAE_UNCERTAINTY,UCB-VAE without VAE uncertainty,53,10,train,0.4055437954651474,0.13421772800000006,1.0,22470,1348.598680000001,134.8598680000001,9.958599308611294,14.269444349653012,0.6023093778085277,32.79290834932682,7,0.31330663106364043,False,False,False,483,0,0.0,10.40132,0.26718191464640567,0.24379314496801543,0.0,0.0
FPT,BAD,UCB_WITHOUT_VAE_UNCERTAINTY,UCB-VAE without VAE uncertainty,53,10,test,0.4055437954651474,0.13421772800000006,1.0,22470,255.9496099999999,25.594960999999987,12.113018682787668,24.33742995229907,0.5137201663328085,29.158899802063505,4,0.16265060240963855,False,False,False,20,0,0.0,1.2403899999999999,0.8330328616981757,0.46420506546535645,0.0,0.0
FPT,BAD,UCB_WITHOUT_VAE_UNCERTAINTY,UCB-VAE without VAE uncertainty,53,11,train,0.3668482076545458,0.10737418240000006,1.0,24717,4827.993370000002,482.79933700000026,21.651069330516528,21.363121207124934,0.9388157068915544,30.799146684125056,11,0.0778816199376947,False,False,False,598,0,0.0,10.956629999999999,0.8189852050281093,0.25092568338368276,0.0,0.0
FPT,BAD,UCB_WITHOUT_VAE_UNCERTAINTY,UCB-VAE without VAE uncertainty,53,11,test,0.3668482076545458,0.10737418240000006,1.0,24717,257.59166000000005,25.759166000000004,12.18653566289647,24.31965960087882,0.5166365023740251,29.158899802063505,4,0.16265060240963855,False,False,False,23,0,0.0,1.5283399999999998,0.8324925126256164,0.46205116646835603,0.0,0.0
FPT,BAD,UCB_WITHOUT_VAE_UNCERTAINTY,UCB-VAE without VAE uncertainty,53,12,train,0.3318448191396838,0.08589934592000005,1.0,26964,4830.125550000002,483.0125550000002,21.656017049190513,21.354144331698883,0.9393100926497492,30.805299078321248,11,0.07699154428126391,False,False,False,622,0,0.0,11.484450000000004,0.8190354964964811,0.24988604838656064,0.0,0.0
FPT,BAD,UCB_WITHOUT_VAE_UNCERTAINTY,UCB-VAE without VAE uncertainty,53,12,test,0.3318448191396838,0.08589934592000005,1.0,26964,251.3673299999998,25.136732999999982,11.907609617482473,24.334252340239342,0.506151616609046,29.158899802063505,4,0.16265060240963855,False,False,False,29,0,0.0,2.0626700000000002,0.8326338839117643,0.4600813062674549,0.0,0.0
FPT,BAD,UCB_WITHOUT_VAE_UNCERTAINTY,UCB-VAE without VAE uncertainty,53,13,train,0.3001813330203001,0.06871947673600004,1.0,29211,4733.4755700000005,473.34755700000005,21.430107975045743,21.236559207399143,0.9344959603400022,30.569167106686358,11,0.08500222518914108,False,False,False,636,0,0.0,11.734430000000007,0.8156998586037723,0.24783751892417497,0.0,0.0
FPT,BAD,UCB_WITHOUT_VAE_UNCERTAINTY,UCB-VAE without VAE uncertainty,53,13,test,0.3001813330203001,0.06871947673600004,1.0,29211,253.46237999999994,25.346237999999992,12.001570482674362,24.317760557189136,0.509812627542953,29.158899802063505,4,0.16265060240963855,False,False,False,26,0,0.0,1.81762,0.8326774241667338,0.4581894789594244,0.0,0.0
FPT,BAD,UCB_WITHOUT_VAE_UNCERTAINTY,UCB-VAE without VAE uncertainty,53,14,train,0.27153906734917177,0.054975581388800036,1.0,31458,4682.361560000001,468.2361560000001,21.309262573806897,21.16386852333152,0.932234137063166,30.550718516219995,11,0.08411214953271028,False,False,False,641,0,0.0,12.018440000000009,0.8127886463815259,0.24640945276526488,0.0,0.0
FPT,BAD,UCB_WITHOUT_VAE_UNCERTAINTY,UCB-VAE without VAE uncertainty,53,14,test,0.27153906734917177,0.054975581388800036,1.0,31458,260.08173999999985,26.008173999999983,12.29792898369828,24.2946811417511,0.5210425129195321,29.158899802063505,4,0.16265060240963855,False,False,False,35,0,0.0,2.5982599999999993,0.8306731288737474,0.45667292435006446,0.0,0.0
FPT,BAD,UCB_WITHOUT_VAE_UNCERTAINTY,UCB-VAE without VAE uncertainty,53,15,train,0.24562974770943447,0.05,1.0,33705,4682.725580000001,468.2725580000001,21.310126611783573,21.24983969613774,0.9293571427639813,30.54673595389404,11,0.08233199821984868,False,False,False,672,0,0.0,12.374420000000004,0.815850843396852,0.2459973376236017,0.0,0.0
FPT,BAD,UCB_WITHOUT_VAE_UNCERTAINTY,UCB-VAE without VAE uncertainty,53,15,test,0.24562974770943447,0.05,1.0,33705,252.55829999999992,25.25582999999999,11.961033018470557,24.324692350879534,0.508234988143425,29.158899802063505,4,0.16265060240963855,False,False,False,38,0,0.0,2.8416999999999994,0.8314206163888953,0.4554489518863609,0.0,0.0
FPT,BAD,UCB_WITHOUT_VAE_UNCERTAINTY,UCB-VAE without VAE uncertainty,53,16,train,0.2221926058330938,0.05,1.0,35952,4408.054760000002,440.80547600000017,20.643741086433877,21.059667476655537,0.9094592837115991,30.527156545567536,11,0.0796617712505563,False,False,False,702,0,0.0,12.90524,0.8002325487120296,0.24226368246181412,0.0,0.0
FPT,BAD,UCB_WITHOUT_VAE_UNCERTAINTY,UCB-VAE without VAE uncertainty,53,16,test,0.2221926058330938,0.05,1.0,35952,249.7790399999999,24.977903999999988,11.836324174610112,24.333983603507825,0.5035117255171796,29.158899802063505,4,0.16265060240963855,False,False,False,38,0,0.0,2.8409599999999995,0.8318713625247652,0.45426098134622994,0.0,0.0
FPT,BAD,UCB_WITHOUT_VAE_UNCERTAINTY,UCB-VAE without VAE uncertainty,53,17,train,0.20099175505933367,0.05,1.0,38199,4268.8701900000015,426.8870190000001,20.29449642152088,20.999475642868948,0.8975400068455768,30.648512344681794,11,0.0787716955941255,False,False,False,750,0,0.0,13.619809999999998,0.7951696723801736,0.24014574447153514,0.0,0.0
FPT,BAD,UCB_WITHOUT_VAE_UNCERTAINTY,UCB-VAE without VAE uncertainty,53,17,test,0.20099175505933367,0.05,1.0,38199,280.1089599999998,28.01089599999998,13.189884098742887,24.656192074962217,0.5493410567463288,29.137150507119646,4,0.1606425702811245,False,False,False,48,0,0.0,3.65104,0.8541966808175655,0.45461206006477156,0.0,0.0
FPT,BAD,UCB_WITHOUT_VAE_UNCERTAINTY,UCB-VAE without VAE uncertainty,53,18,train,0.18181381621752543,0.05,1.0,40446,3888.608730000001,388.8608730000001,19.29674427832415,20.783723999188975,0.8642497465259491,30.86169363435218,10,0.10369381397418781,False,False,False,783,0,0.0,14.121269999999997,0.7751035646307852,0.23740430512479213,0.0,0.0
FPT,BAD,UCB_WITHOUT_VAE_UNCERTAINTY,UCB-VAE without VAE uncertainty,53,18,test,0.18181381621752543,0.05,1.0,40446,257.58538999999996,25.758538999999995,12.186255036826555,24.400422762363426,0.5157226719721951,29.137150507119646,4,0.1606425702811245,False,False,False,47,0,0.0,3.58461,0.8457147736854506,0.4527699852205185,0.0,0.0
FPT,BAD,UCB_WITHOUT_VAE_UNCERTAINTY,UCB-VAE without VAE uncertainty,53,19,train,0.16446577004027732,0.05,1.0,42693,3970.0018499999996,397.000185,19.51597127175542,20.725277312852945,0.8750309838367922,30.301385790658525,10,0.08322207387627949,False,False,False,800,0,0.0,14.48815,0.7753029185839826,0.23692691922320436,0.0,0.0
FPT,BAD,UCB_WITHOUT_VAE_UNCERTAINTY,UCB-VAE without VAE uncertainty,53,19,test,0.16446577004027732,0.05,1.0,42693,265.4098999999999,26.540989999999987,12.535915491744486,24.390896463837247,0.5286997285188396,29.137150507119646,4,0.1606425702811245,False,False,False,53,0,0.0,4.110099999999998,0.844100393517919,0.45141971165157224,0.0,0.0
FPT,BAD,UCB_WITHOUT_VAE_UNCERTAINTY,UCB-VAE without VAE uncertainty,53,20,train,0.14877301449181102,0.05,1.0,44940,3868.8984100000007,386.8898410000001,19.243168154824296,20.632390344499346,0.8668674741993795,30.45321671866302,10,0.08099688473520249,False,False,False,834,0,0.0,14.931590000000002,0.7705396741950326,0.23532586947620632,0.0,0.0
FPT,BAD,UCB_WITHOUT_VAE_UNCERTAINTY,UCB-VAE without VAE uncertainty,53,20,test,0.14877301449181102,0.05,1.0,44940,275.6329099999998,27.56329099999998,12.991140437648596,24.419344391786556,0.5450305351150226,29.137150507119646,4,0.1606425702811245,False,False,False,53,0,0.0,4.097090000000001,0.84384349054325,0.45002151744432717,0.0,0.0
FPT,BAD,UCB_WITHOUT_VAE_UNCERTAINTY,UCB-VAE without VAE uncertainty,53,21,train,0.13457760745935274,0.05,1.0,47187,1582.5886899999978,158.25886899999978,11.12589580957859,16.818687246136026,0.5978181126175652,24.442930121266176,5,0.12327547841566533,False,False,False,945,0,0.0,22.42131000000002,0.5641655603332462,0.24737703188106544,0.0,0.0
FPT,BAD,UCB_WITHOUT_VAE_UNCERTAINTY,UCB-VAE without VAE uncertainty,53,21,test,0.13457760745935274,0.05,1.0,47187,263.69335,26.369335,12.459299032998716,24.395410317483417,0.5258291768057434,29.137150507119646,4,0.15863453815261044,False,False,False,59,0,0.0,4.59665,0.8434015212424321,0.4487201750996601,0.0,0.0
FPT,BAD,UCB_WITHOUT_VAE_UNCERTAINTY,UCB-VAE without VAE uncertainty,53,22,train,0.12173667712083987,0.05,1.0,49434,1590.9662299999977,159.0966229999998,11.165918487365612,16.786360107353886,0.6008087231514193,24.5096963105693,5,0.11704494882064975,False,False,False,999,0,0.0,23.38377000000001,0.5624839855612006,0.24664697057016702,0.0,0.0
FPT,BAD,UCB_WITHOUT_VAE_UNCERTAINTY,UCB-VAE without VAE uncertainty,53,22,test,0.12173667712083987,0.05,1.0,49434,251.33633999999984,25.133633999999983,11.906219159377818,24.390687237760194,0.5054935673190165,29.137150507119646,4,0.15863453815261044,False,False,False,62,0,0.0,4.863660000000001,0.8446398631247467,0.44749718066678945,0.0,0.0
FPT,BAD,UCB_WITHOUT_VAE_UNCERTAINTY,UCB-VAE without VAE uncertainty,53,23,train,0.11012098398984942,0.05,1.0,51681,1597.8012899999976,159.78012899999976,11.198487042128002,16.682587829634368,0.6052770682857231,24.46908457638854,5,0.11036938139741878,False,False,False,1035,0,0.0,24.288710000000016,0.558620444188248,0.2453471186310119,0.0,0.0
FPT,BAD,UCB_WITHOUT_VAE_UNCERTAINTY,UCB-VAE without VAE uncertainty,53,23,test,0.11012098398984942,0.05,1.0,51681,249.06333999999993,24.906333999999994,11.804187459290837,24.39353238029225,0.5016903259050325,29.137150507119646,4,0.15863453815261044,False,False,False,65,0,0.0,5.09666,0.8444880258412739,0.44614392028276223,0.0,0.0
FPT,BAD,UCB_WITHOUT_VAE_UNCERTAINTY,UCB-VAE without VAE uncertainty,53,24,train,0.1,0.05,1.0,53928,1598.106859999998,159.8106859999998,11.199941281216619,16.573134637109728,0.6082467833034051,24.14004053126296,5,0.19937694704049844,False,False,False,1051,0,0.0,24.773140000000026,0.553802807657932,0.24429073531228698,0.0,0.0
FPT,BAD,UCB_WITHOUT_VAE_UNCERTAINTY,UCB-VAE without VAE uncertainty,53,24,test,0.1,0.05,1.0,53928,249.06333999999993,24.906333999999994,11.804187459290837,24.39353238029225,0.5016903259050325,29.137150507119646,4,0.15863453815261044,False,False,False,65,0,0.0,5.09666,0.8444880258412739,0.44465095439110414,0.0,0.0
FPT,BAD,UCB_WITHOUT_VAE_UNCERTAINTY,UCB-VAE without VAE uncertainty,53,25,train,0.1,0.05,1.0,56175,1595.5943799999977,159.55943799999977,11.187979613656385,16.570134305619153,0.6076730167947176,24.280231786625876,6,0.21762349799732977,False,False,False,1080,0,0.0,25.585620000000027,0.5527312357274488,0.24283643362651575,0.0,0.0
FPT,BAD,UCB_WITHOUT_VAE_UNCERTAINTY,UCB-VAE without VAE uncertainty,53,25,test,0.1,0.05,1.0,56175,249.06333999999993,24.906333999999994,11.804187459290837,24.39353238029225,0.5016903259050325,29.137150507119646,4,0.15863453815261044,False,False,False,65,0,0.0,5.09666,0.8444880258412739,0.4433264662343335,0.0,0.0
FPT,BAD,UCB_WITHOUT_VAE_UNCERTAINTY,UCB-VAE without VAE uncertainty,53,26,train,0.1,0.05,1.0,58422,1596.2606599999976,159.62606599999975,11.191152708865303,16.557085878027276,0.6081933285630176,24.074215200817097,6,0.20471740097908322,False,False,False,1099,0,0.0,25.979340000000015,0.5515827193730061,0.2420484931218555,0.0,0.0
FPT,BAD,UCB_WITHOUT_VAE_UNCERTAINTY,UCB-VAE without VAE uncertainty,53,26,test,0.1,0.05,1.0,58422,249.06333999999993,24.906333999999994,11.804187459290837,24.39353238029225,0.5016903259050325,29.137150507119646,4,0.15863453815261044,False,False,False,65,0,0.0,5.09666,0.8444880258412739,0.44189380522233895,0.0,0.0
FPT,BAD,UCB_WITHOUT_VAE_UNCERTAINTY,UCB-VAE without VAE uncertainty,53,27,train,0.1,0.05,1.0,60669,1608.5861399999972,160.85861399999973,11.249721483248232,16.57409797761756,0.6109480576426423,24.108857179607966,6,0.1886960391633289,False,False,False,1126,0,0.0,26.633860000000027,0.5518498036559404,0.23999588857983079,0.0,0.0
FPT,BAD,UCB_WITHOUT_VAE_UNCERTAINTY,UCB-VAE without VAE uncertainty,53,27,test,0.1,0.05,1.0,60669,246.53257999999983,24.653257999999983,11.690476372660342,24.400217691975453,0.49741094915148304,29.137150507119646,4,0.1566265060240964,False,False,False,68,0,0.0,5.3474200000000005,0.8445210032903836,0.44003648236094706,0.0,0.0
FPT,BAD,UCB_WITHOUT_VAE_UNCERTAINTY,UCB-VAE without VAE uncertainty,53,28,train,0.1,0.05,1.0,62916,1785.1858699999975,178.51858699999977,12.062962044397363,16.672330178709938,0.6523908261009644,23.544145576230477,6,0.18202047174009792,False,False,False,1131,0,0.0,25.564130000000027,0.5548514958295033,0.23838376995585578,0.0,0.0
FPT,BAD,UCB_WITHOUT_VAE_UNCERTAINTY,UCB-VAE without VAE uncertainty,53,28,test,0.1,0.05,1.0,62916,249.1652099999999,24.91652099999999,11.808762236352809,24.395134477106385,0.5018416672826874,29.137150507119646,4,0.1566265060240964,False,False,False,68,0,0.0,5.344790000000001,0.8442708741176523,0.43861583348019534,0.0,0.0
FPT,BAD,UCB_WITHOUT_VAE_UNCERTAINTY,UCB-VAE without VAE uncertainty,53,29,train,0.1,0.05,1.0,65163,1776.6341599999982,177.6634159999998,12.02465231582468,16.49069251220822,0.6556379138922813,23.188948518331408,5,0.16911437472185137,False,False,False,1152,0,0.0,26.085840000000008,0.5482738989479603,0.23694285264957413,0.0,0.0
FPT,BAD,UCB_WITHOUT_VAE_UNCERTAINTY,UCB-VAE without VAE uncertainty,53,29,test,0.1,0.05,1.0,65163,250.8718899999999,25.087188999999988,11.885378179025308,24.38401837560314,0.5047944670353712,29.137150507119646,4,0.1566265060240964,False,False,False,71,0,0.0,5.558110000000001,0.8439005260495138,0.43716535636459486,0.0,0.0
FPT,BAD,UCB_WITHOUT_VAE_UNCERTAINTY,UCB-VAE without VAE uncertainty,53,30,train,0.1,0.05,1.0,67410,1587.0323899999985,158.70323899999985,11.147139392007599,16.341007456157723,0.6116057463183905,23.203584478197513,5,0.14508233199821985,False,False,False,1194,0,0.0,27.657610000000012,0.5396709225287893,0.23565823622263427,0.0,0.0
FPT,BAD,UCB_WITHOUT_VAE_UNCERTAINTY,UCB-VAE without VAE uncertainty,53,30,test,0.1,0.05,1.0,67410,248.7638599999998,24.87638599999998,11.790737337329492,24.376949230730556,0.5013678996374701,29.137150507119646,4,0.1566265060240964,False,False,False,74,0,0.0,5.796140000000001,0.8435090590919919,0.4358263203058856,0.0,0.0
FPT,BAD,UCB_WITHOUT_VAE_UNCERTAINTY,UCB-VAE without VAE uncertainty,53,31,train,0.1,0.05,1.0,69657,1587.8452899999984,158.78452899999985,11.151022037688229,16.37536750660368,0.6108783650496655,23.20040106215665,5,0.15042278593680464,False,False,False,1226,0,0.0,28.50471000000001,0.5390988527685907,0.23431924671849835,0.0,0.0
FPT,BAD,UCB_WITHOUT_VAE_UNCERTAINTY,UCB-VAE without VAE uncertainty,53,31,test,0.1,0.05,1.0,69657,248.7638599999998,24.87638599999998,11.790737337329492,24.376949230730556,0.5013678996374701,29.137150507119646,4,0.1566265060240964,False,False,False,74,0,0.0,5.796140000000001,0.8435090590919919,0.4344328506045552,0.0,0.0
FPT,BAD,UCB_WITHOUT_VAE_UNCERTAINTY,UCB-VAE without VAE uncertainty,53,32,train,0.1,0.05,1.0,71904,1581.000509999998,158.1000509999998,11.118295464309913,16.363143480688343,0.6094028372499826,23.233136140883328,6,0.15042278593680464,False,False,False,1245,0,0.0,28.969490000000015,0.5384600753863649,0.23323238482860442,0.0,0.0
FPT,BAD,UCB_WITHOUT_VAE_UNCERTAINTY,UCB-VAE without VAE uncertainty,53,32,test,0.1,0.05,1.0,71904,248.7638599999998,24.87638599999998,11.790737337329492,24.376949230730556,0.5013678996374701,29.137150507119646,4,0.1566265060240964,False,False,False,74,0,0.0,5.796140000000001,0.8435090590919919,0.433008421915602,0.0,0.0
FPT,BAD,UCB_WITHOUT_VAE_UNCERTAINTY,UCB-VAE without VAE uncertainty,53,33,train,0.1,0.05,1.0,74151,1552.3177699999974,155.23177699999974,10.980311825575683,16.28028674603644,0.6039710578359905,23.124652150458957,5,0.1557632398753894,False,False,False,1264,0,0.0,29.932230000000008,0.534991938601212,0.23180768559601872,0.0,0.0
FPT,BAD,UCB_WITHOUT_VAE_UNCERTAINTY,UCB-VAE without VAE uncertainty,53,33,test,0.1,0.05,1.0,74151,248.7638599999998,24.87638599999998,11.790737337329492,24.376949230730556,0.5013678996374701,29.137150507119646,4,0.1566265060240964,False,False,False,74,0,0.0,5.796140000000001,0.8435090590919919,0.4316784467802469,0.0,0.0
FPT,BAD,UCB_WITHOUT_VAE_UNCERTAINTY,UCB-VAE without VAE uncertainty,53,34,train,0.1,0.05,1.0,76398,1069.9115700000007,106.99115700000006,8.425092096969866,14.11492024606639,0.5070409228844869,32.85640276761606,6,0.2514463729417,False,False,False,783,0,0.0,17.538429999999995,0.2816557094068357,0.21037293931458545,0.0,0.0
FPT,BAD,UCB_WITHOUT_VAE_UNCERTAINTY,UCB-VAE without VAE uncertainty,53,34,test,0.1,0.05,1.0,76398,248.74060999999983,24.874060999999983,11.78969307571036,24.368408419811445,0.5014189285186496,29.137150507119646,4,0.1566265060240964,False,False,False,77,0,0.0,6.009390000000002,0.842535989927604,0.430417643912346,0.0,0.0
FPT,BAD,UCB_WITHOUT_VAE_UNCERTAINTY,UCB-VAE without VAE uncertainty,53,35,train,0.1,0.05,1.0,78645,1152.1734400000005,115.21734400000005,8.895942018528169,14.183389580386747,0.5360634483166624,32.023028337996784,7,0.2136181575433912,False,False,False,798,0,0.0,17.786559999999994,0.2844858296748044,0.20913742676967506,0.0,0.0
FPT,BAD,UCB_WITHOUT_VAE_UNCERTAINTY,UCB-VAE without VAE uncertainty,53,35,test,0.1,0.05,1.0,78645,248.25722999999994,24.825722999999993,11.767980120282239,24.782321248171254,0.49639232187512156,29.69370808264137,6,0.1566265060240964,False,False,False,77,0,0.0,6.032770000000001,0.8557630470193188,0.430084257300599,0.0,0.0
FPT,BAD,UCB_WITHOUT_VAE_UNCERTAINTY,UCB-VAE without VAE uncertainty,53,36,train,0.1,0.05,1.0,80892,1066.32094,106.632094,8.404163575460233,14.161363358255057,0.5044669534845139,33.3882019521426,7,0.262572318647085,False,False,False,819,0,0.0,18.299060000000008,0.2817236848066188,0.20775547022149995,0.0,0.0
FPT,BAD,UCB_WITHOUT_VAE_UNCERTAINTY,UCB-VAE without VAE uncertainty,53,36,test,0.1,0.05,1.0,80892,249.49966999999992,24.949966999999994,11.823780856131826,24.326816552436984,0.5031135523287094,28.931017722573728,4,0.1566265060240964,False,False,False,77,0,0.0,6.030330000000002,0.8418281466609708,0.4277852574984233,0.0,0.0
FPT,BAD,UCB_WITHOUT_VAE_UNCERTAINTY,UCB-VAE without VAE uncertainty,53,37,train,0.1,0.05,1.0,83139,1065.5726500000005,106.55726500000004,8.399797986103419,14.1787099002336,0.5037694637251461,32.24435309248239,6,0.25500667556742324,False,False,False,825,0,0.0,18.63735,0.28472881052217985,0.20628670643157943,0.0,0.0
FPT,BAD,UCB_WITHOUT_VAE_UNCERTAINTY,UCB-VAE without VAE uncertainty,53,37,test,0.1,0.05,1.0,83139,249.49966999999992,24.949966999999994,11.823780856131826,24.326816552436984,0.5031135523287094,28.931017722573728,4,0.1566265060240964,False,False,False,77,0,0.0,6.030330000000002,0.8418281466609708,0.4262206948186499,0.0,0.0
FPT,BAD,UCB_WITHOUT_VAE_UNCERTAINTY,UCB-VAE without VAE uncertainty,53,38,train,0.1,0.05,1.0,85386,2450.504419999999,245.0504419999999,14.763997346449598,17.274232702158105,0.774711194031498,23.319530293845723,7,0.17267467734757455,False,False,False,1250,0,0.0,26.99557999999999,0.5632668193680235,0.2195701634931628,0.0,0.0
FPT,BAD,UCB_WITHOUT_VAE_UNCERTAINTY,UCB-VAE without VAE uncertainty,53,38,test,0.1,0.05,1.0,85386,248.09924999999998,24.809925,11.760882905285364,24.308682031736815,0.5009940413328594,28.931017722573728,4,0.1566265060240964,False,False,False,77,0,0.0,6.010750000000001,0.8419439595041129,0.4248090205661743,0.0,0.0
FPT,BAD,UCB_WITHOUT_VAE_UNCERTAINTY,UCB-VAE without VAE uncertainty,53,39,train,0.1,0.05,1.0,87633,1059.9564300000002,105.99564300000002,8.366987526639292,14.058122250274929,0.5047014653250119,31.27904412969795,6,0.207832665776591,False,False,False,855,0,0.0,19.293569999999995,0.28963846167946716,0.2032425951363513,0.0,0.0
FPT,BAD,UCB_WITHOUT_VAE_UNCERTAINTY,UCB-VAE without VAE uncertainty,53,39,test,0.1,0.05,1.0,87633,248.88221,24.888220999999998,11.796052815665782,24.302843264024595,0.5023626426784941,28.931017722573728,4,0.1566265060240964,False,False,False,83,0,0.0,6.507790000000001,0.8411319569036015,0.42299767831961316,0.0,0.0
FPT,BAD,UCB_WITHOUT_VAE_UNCERTAINTY,UCB-VAE without VAE uncertainty,53,40,train,0.1,0.05,1.0,89880,1014.1120500000004,101.41120500000005,8.096146359569012,13.938729284396349,0.4897294628396397,30.650909347390197,6,0.22474410324877614,False,False,False,859,0,0.0,19.297949999999993,0.28762037086272185,0.20157555510958514,0.0,0.0
FPT,BAD,UCB_WITHOUT_VAE_UNCERTAINTY,UCB-VAE without VAE uncertainty,53,40,test,0.1,0.05,1.0,89880,247.50153999999998,24.750153999999995,11.734026870224778,24.34375252935388,0.4996374916287733,29.115155153832468,4,0.1566265060240964,False,False,False,89,0,0.0,6.938459999999999,0.8414915543082684,0.4215440429956559,0.0,0.0
FPT,BAD,UCB_WITHOUT_VAE_UNCERTAINTY,UCB-VAE without VAE uncertainty,53,41,train,0.1,0.05,1.0,92127,1020.3297400000015,102.03297400000015,8.133198682005549,13.913963329194424,0.4928272653223281,31.230438426596674,6,0.22696929238985314,False,False,False,886,0,0.0,20.17026000000001,0.28699157916853407,0.2003927652669791,0.0,0.0
FPT,BAD,UCB_WITHOUT_VAE_UNCERTAINTY,UCB-VAE without VAE uncertainty,53,41,test,0.1,0.05,1.0,92127,247.50160000000005,24.750160000000005,11.734029566439341,24.34318753082632,0.49964353828644015,29.115155153832468,4,0.1566265060240964,False,False,False,92,0,0.0,7.158399999999999,0.8411564426429009,0.42012190549488526,0.0,0.0
FPT,BAD,UCB_WITHOUT_VAE_UNCERTAINTY,UCB-VAE without VAE uncertainty,53,42,train,0.1,0.05,1.0,94374,1022.0230600000007,102.20230600000006,8.143271917176719,13.876753085526412,0.4944511445328687,31.010833626978307,6,0.21895861148197596,False,False,False,901,0,0.0,20.53694,0.2859283323070956,0.19905108068193073,0.0,0.0
FPT,BAD,UCB_WITHOUT_VAE_UNCERTAINTY,UCB-VAE without VAE uncertainty,53,42,test,0.1,0.05,1.0,94374,244.40494999999987,24.440494999999988,11.59478952230888,24.346457288818815,0.49444052151980256,29.115155153832468,4,0.15461847389558234,False,False,False,101,0,0.0,7.805050000000002,0.8393302229141545,0.4187958423631737,0.0,0.0
FPT,BAD,UCB_WITHOUT_VAE_UNCERTAINTY,UCB-VAE without VAE uncertainty,53,43,train,0.1,0.05,1.0,96621,1044.2527599999999,104.42527599999998,8.274821494869933,13.903538824754353,0.502576220756735,31.06765434473732,6,0.19225634178905207,False,False,False,914,0,0.0,20.64724,0.28689172738891033,0.1977322398754136,0.0,0.0
FPT,BAD,UCB_WITHOUT_VAE_UNCERTAINTY,UCB-VAE without VAE uncertainty,53,43,test,0.1,0.05,1.0,96621,246.33471999999983,24.633471999999983,11.681581360730009,24.2265381443807,0.4988913742675456,28.763667881044725,4,0.15461847389558234,False,False,False,104,0,0.0,8.00528,0.8382108594442275,0.4173425824407593,0.0,0.0
FPT,BAD,UCB_WITHOUT_VAE_UNCERTAINTY,UCB-VAE without VAE uncertainty,53,44,train,0.1,0.05,1.0,98868,1018.6091100000006,101.86091100000006,8.122955295392998,13.691037759134398,0.4978759903311566,30.424200521378538,5,0.22029372496662217,False,False,False,930,0,0.0,21.12088999999999,0.282508925901305,0.19647876248194687,0.0,0.0
FPT,BAD,UCB_WITHOUT_VAE_UNCERTAINTY,UCB-VAE without VAE uncertainty,53,44,test,0.1,0.05,1.0,98868,245.18417999999974,24.518417999999976,11.629843633431625,24.239745331806237,0.4968225196501584,28.763667881044725,4,0.15461847389558234,False,False,False,107,0,0.0,8.215819999999999,0.8381360336659515,0.4161968473569456,0.0,0.0
FPT,BAD,UCB_WITHOUT_VAE_UNCERTAINTY,UCB-VAE without VAE uncertainty,53,45,train,0.1,0.05,1.0,101115,970.6042700000012,97.06042700000012,7.8339934525710975,13.84257749899386,0.47443898685888675,32.022615776912474,6,0.2367601246105919,False,False,False,948,0,0.0,21.105729999999983,0.28730281748305464,0.19495405979922042,0.0,0.0
FPT,BAD,UCB_WITHOUT_VAE_UNCERTAINTY,UCB-VAE without VAE uncertainty,53,45,test,0.1,0.05,1.0,101115,241.67026999999985,24.167026999999987,11.47168173566615,24.706035563040427,0.486325258551732,29.669320024084683,5,0.15461847389558234,False,False,False,110,0,0.0,8.459730000000002,0.8505346012114857,0.4160753241384843,0.0,0.0
FPT,BAD,UCB_WITHOUT_VAE_UNCERTAINTY,UCB-VAE without VAE uncertainty,54,1,train,1.0,1.0,1.0,2247,60.826770000000124,6.082677000000013,0.658704646012076,6.996789998931392,-0.15617681542885384,25.07504784759716,0,0.0,False,False,False,2247,0,0.0,112.56323,0.17918113144858483,0.22976476905687576,0.0,0.0
FPT,BAD,UCB_WITHOUT_VAE_UNCERTAINTY,UCB-VAE without VAE uncertainty,54,1,test,1.0,1.0,1.0,2247,-56.23112999999921,-5.623112999999921,-2.861885899057026,5.57280702142294,-0.8564805228929501,13.597599779217994,0,0.0,False,False,False,498,0,0.0,90.72112999999992,0.17703319313000482,0.42713627012738264,0.0,0.0
FPT,BAD,UCB_WITHOUT_VAE_UNCERTAINTY,UCB-VAE without VAE uncertainty,54,2,train,0.9045834549972122,0.8,1.0,4494,44.0311700000002,4.40311700000002,0.4802479402953974,6.831035910184627,-0.18786320572329518,24.50225651429698,0,0.0,False,False,False,2247,0,0.0,112.77883000000001,0.1804695723784062,0.22574416551992635,0.0,0.0
FPT,BAD,UCB_WITHOUT_VAE_UNCERTAINTY,UCB-VAE without VAE uncertainty,54,2,test,0.9045834549972122,0.8,1.0,4494,-39.563889999999674,-3.9563889999999673,-2.0049502240848116,5.513175006664907,-0.7057082823912869,12.711638550313559,0,0.0,False,False,False,498,0,0.0,90.11388999999998,0.1754283763847842,0.4215991994642828,0.0,0.0
FPT,BAD,UCB_WITHOUT_VAE_UNCERTAINTY,UCB-VAE without VAE uncertainty,54,3,train,0.8182712270546932,0.6400000000000001,1.0,6741,32.10717000000159,3.210717000000159,0.35199755166239743,6.4998426280968244,-0.22064107245533482,23.868441910900415,0,0.0,False,False,False,2246,0,0.0,112.76283000000001,0.1694149129309962,0.22205370854259757,0.0,0.0
FPT,BAD,UCB_WITHOUT_VAE_UNCERTAINTY,UCB-VAE without VAE uncertainty,54,3,test,0.8182712270546932,0.6400000000000001,1.0,6741,38.024929999999586,3.8024929999999584,1.8900373151883976,5.462553598316988,0.006919393369777603,10.221120040178375,0,0.0,False,False,False,498,0,0.0,87.98506999999991,0.17063010842807666,0.4132609959527192,0.0,0.0
FPT,BAD,UCB_WITHOUT_VAE_UNCERTAINTY,UCB-VAE without VAE uncertainty,54,4,train,0.7401946136939427,0.5120000000000001,1.0,8988,142.84610000000043,14.284610000000042,1.4956657140665852,6.841481827664824,-0.03929926186017448,22.169070928844185,0,0.0013351134846461949,False,False,False,2240,0,0.0,110.89389999999995,0.18253648372715292,0.2176930468196226,0.0,0.0
FPT,BAD,UCB_WITHOUT_VAE_UNCERTAINTY,UCB-VAE without VAE uncertainty,54,4,test,0.7401946136939427,0.5120000000000001,1.0,8988,9.418720000000576,0.9418720000000577,0.4714495204739544,5.500234195214609,-0.24997391882048797,8.534983457803943,0,0.0,False,False,False,498,0,0.0,86.44127999999999,0.16248099427262377,0.408644004638894,0.0,0.0
FPT,BAD,UCB_WITHOUT_VAE_UNCERTAINTY,UCB-VAE without VAE uncertainty,54,5,train,0.6695678010255933,0.4096000000000001,1.0,11235,144.7130299999999,14.471302999999988,1.5140873228309815,6.75578132067704,-0.03794875209852808,22.352988149838826,0,0.0004450378282153983,False,False,False,2242,0,0.0,111.29697,0.18062193082391287,0.21461057227932193,0.0,0.0
FPT,BAD,UCB_WITHOUT_VAE_UNCERTAINTY,UCB-VAE without VAE uncertainty,54,5,test,0.6695678010255933,0.4096000000000001,1.0,11235,50.352899999999636,5.035289999999963,2.495371223963283,4.964063808691758,0.12266248742337706,5.271713537642594,0,0.0,False,False,False,498,0,0.0,84.40709999999996,0.15437107923921145,0.4028229609012125,0.0,0.0
FPT,BAD,UCB_WITHOUT_VAE_UNCERTAINTY,UCB-VAE without VAE uncertainty,54,6,train,0.6056799548066172,0.3276800000000001,1.0,13482,372.86114999999995,37.286114999999995,3.586299816952132,7.306745689170195,0.24914205736167372,22.442218258337203,0,0.0013351134846461949,False,False,False,2239,0,0.0,106.64884999999997,0.20732241952768726,0.21315464178455848,0.0,0.0
FPT,BAD,UCB_WITHOUT_VAE_UNCERTAINTY,UCB-VAE without VAE uncertainty,54,6,test,0.6056799548066172,0.3276800000000001,1.0,13482,66.49504999999954,6.649504999999954,3.282663287353471,4.981930239920023,0.2773423649487931,4.4434696818149755,0,0.0,False,False,False,498,0,0.0,82.83494999999992,0.14656122580026032,0.3983614288838992,0.0,0.0
FPT,BAD,UCB_WITHOUT_VAE_UNCERTAINTY,UCB-VAE without VAE uncertainty,54,7,train,0.547888066141525,0.2621440000000001,1.0,15729,443.97554000000014,44.397554000000014,4.1696041443302745,7.596818923558766,0.31703281747603,22.87961145672213,0,0.0004450378282153983,False,False,False,2242,0,0.0,107.00445999999997,0.2186603664966945,0.21085000406199686,0.0,0.0
FPT,BAD,UCB_WITHOUT_VAE_UNCERTAINTY,UCB-VAE without VAE uncertainty,54,7,test,0.547888066141525,0.2621440000000001,1.0,15729,82.23499999999922,8.223499999999921,4.044641671290639,5.010146255800492,0.4240514198883796,4.856876552784508,0,0.0,False,False,False,498,0,0.0,82.00499999999991,0.1461109275895757,0.3954845432296814,0.0,0.0
FPT,BAD,UCB_WITHOUT_VAE_UNCERTAINTY,UCB-VAE without VAE uncertainty,54,8,train,0.49561047982204176,0.20971520000000007,1.0,17976,528.9075300000027,52.89075300000027,4.833680732424561,8.31875971568181,0.3735130910914865,21.836344137257043,0,0.0008900756564307966,False,False,False,2242,0,0.0,105.94246999999993,0.2336542093542637,0.20868011995732227,0.0,0.0
FPT,BAD,UCB_WITHOUT_VAE_UNCERTAINTY,UCB-VAE without VAE uncertainty,54,8,test,0.49561047982204176,0.20971520000000007,1.0,17976,76.4147999999991,7.64147999999991,3.7635305859132995,5.082955776677496,0.3650123555932889,4.856876552784508,0,0.0,False,False,False,498,0,0.0,81.86519999999994,0.14794347069235766,0.3935001285439993,0.0,0.0
FPT,BAD,UCB_WITHOUT_VAE_UNCERTAINTY,UCB-VAE without VAE uncertainty,54,9,train,0.4483210401702486,0.1677721600000001,1.0,20223,565.518790000001,56.55187900000009,5.109873269755871,8.51206401042949,0.39808731393219193,22.2945580619028,0,0.0017801513128615932,False,False,False,2240,0,0.0,105.83120999999997,0.2403582992144204,0.20669115430907137,0.0,0.0
FPT,BAD,UCB_WITHOUT_VAE_UNCERTAINTY,UCB-VAE without VAE uncertainty,54,9,test,0.4483210401702486,0.1677721600000001,1.0,20223,75.61667999999918,7.5616679999999175,3.7249230247529574,5.083155299614865,0.3576149731629589,4.856876552784508,0,0.0,False,False,False,498,0,0.0,82.70331999999995,0.14899055409315667,0.39178274670638236,0.0,0.0
FPT,BAD,UCB_WITHOUT_VAE_UNCERTAINTY,UCB-VAE without VAE uncertainty,54,10,train,0.4055437954651474,0.13421772800000006,1.0,22470,419.6353400000014,41.96353400000014,3.9728897803200214,9.901537180631841,0.24451004072626778,23.02700674011062,1,0.0013351134846461949,False,False,False,2239,0,0.0,108.28466000000007,0.2808006789992332,0.20274537360742456,0.0,0.0
FPT,BAD,UCB_WITHOUT_VAE_UNCERTAINTY,UCB-VAE without VAE uncertainty,54,10,test,0.4055437954651474,0.13421772800000006,1.0,22470,-39.12111000000027,-3.912111000000027,-1.9822864295182763,5.125575803634399,-0.7585029212744965,8.68038038172874,0,0.002008032128514056,False,False,False,497,0,0.0,85.03110999999997,0.1650375997512638,0.3943967214490036,0.0,0.0
FPT,BAD,UCB_WITHOUT_VAE_UNCERTAINTY,UCB-VAE without VAE uncertainty,54,11,train,0.3668482076545458,0.10737418240000006,1.0,24717,427.2133000000017,42.721330000000165,4.034453161108953,10.243102098033326,0.2455629231981689,22.89771687915747,1,0.0013351134846461949,False,False,False,2239,0,0.0,109.08670000000015,0.2918920290848499,0.2010937433243859,0.0,0.0
FPT,BAD,UCB_WITHOUT_VAE_UNCERTAINTY,UCB-VAE without VAE uncertainty,54,11,test,0.3668482076545458,0.10737418240000006,1.0,24717,-31.30764000000056,-3.130764000000056,-1.58320498493697,5.245897542940181,-0.6618019209418309,8.380546237117812,0,0.002008032128514056,False,False,False,497,0,0.0,84.82763999999992,0.16658529913771677,0.3929522032120142,0.0,0.0
FPT,BAD,UCB_WITHOUT_VAE_UNCERTAINTY,UCB-VAE without VAE uncertainty,54,12,train,0.3318448191396838,0.08589934592000005,1.0,26964,678.7464800000005,67.87464800000005,5.92914533006772,10.685404005808616,0.4100653707861139,23.709550110029333,2,0.0004450378282153983,False,False,False,2241,0,0.0,104.85352000000013,0.3075631101486145,0.20173651636853768,0.0,0.0
FPT,BAD,UCB_WITHOUT_VAE_UNCERTAINTY,UCB-VAE without VAE uncertainty,54,12,test,0.3318448191396838,0.08589934592000005,1.0,26964,5.05309999999929,0.505309999999929,0.25320426788753014,5.040677636744773,-0.3209594801523927,8.374069585910771,0,0.0,False,False,False,498,0,0.0,85.08689999999996,0.16576595573285716,0.3915697407112064,0.0,0.0
FPT,BAD,UCB_WITHOUT_VAE_UNCERTAINTY,UCB-VAE without VAE uncertainty,54,13,train,0.3001813330203001,0.06871947673600004,1.0,29211,753.1398100000024,75.31398100000024,6.441082649851171,10.973633584981238,0.446466307568222,22.51080587218887,2,0.0004450378282153983,False,False,False,2241,0,0.0,103.95019000000008,0.31982560745755084,0.20115817047433424,0.0,0.0
FPT,BAD,UCB_WITHOUT_VAE_UNCERTAINTY,UCB-VAE without VAE uncertainty,54,13,test,0.3001813330203001,0.06871947673600004,1.0,29211,-61.96515999999929,-6.196515999999928,-3.158438488249815,5.828038648305551,-0.8692569561917064,9.039020032215362,0,0.0,False,False,False,498,0,0.0,86.80515999999997,0.17922118609411988,0.391983518548998,0.0,0.0
FPT,BAD,UCB_WITHOUT_VAE_UNCERTAINTY,UCB-VAE without VAE uncertainty,54,14,train,0.27153906734917177,0.054975581388800036,1.0,31458,749.0199200000002,74.90199200000002,6.41324149815754,11.100415243220652,0.4402417082376307,23.98576784767565,2,0.0022251891410769915,False,False,False,2240,0,0.0,105.90008000000007,0.3270288253466975,0.20007210787556465,0.0,0.0
FPT,BAD,UCB_WITHOUT_VAE_UNCERTAINTY,UCB-VAE without VAE uncertainty,54,14,test,0.27153906734917177,0.054975581388800036,1.0,31458,64.11442999999895,6.4114429999998945,3.166929748116676,5.524725198619302,0.23480849992149916,5.938039725009495,0,0.0,False,False,False,498,0,0.0,83.23556999999992,0.1639511055624835,0.38786366743495665,0.0,0.0
FPT,BAD,UCB_WITHOUT_VAE_UNCERTAINTY,UCB-VAE without VAE uncertainty,54,15,train,0.24562974770943447,0.05,1.0,33705,755.8129500000011,75.58129500000011,6.459115948843985,11.169175909848878,0.44210935149351505,24.33127139670555,2,0.0004450378282153983,False,False,False,2240,0,0.0,105.67705,0.33073777054812836,0.19943722978758185,0.0,0.0
FPT,BAD,UCB_WITHOUT_VAE_UNCERTAINTY,UCB-VAE without VAE uncertainty,54,15,test,0.24562974770943447,0.05,1.0,33705,-91.19063000000108,-9.119063000000107,-4.684156736712575,6.766238374357076,-0.9767284235135434,14.463617910904766,0,0.002008032128514056,False,False,False,497,0,0.0,86.64062999999999,0.20255392708189413,0.39259506346111794,0.0,0.0
FPT,BAD,UCB_WITHOUT_VAE_UNCERTAINTY,UCB-VAE without VAE uncertainty,54,16,train,0.2221926058330938,0.05,1.0,35952,830.5960200000018,83.05960200000018,6.9539750493476715,11.370622187115124,0.477426820910357,24.098427601543097,3,0.0004450378282153983,False,False,False,2241,0,0.0,103.54398000000005,0.3425081935685614,0.19899529335057942,0.0,0.0
FPT,BAD,UCB_WITHOUT_VAE_UNCERTAINTY,UCB-VAE without VAE uncertainty,54,16,test,0.2221926058330938,0.05,1.0,35952,-36.45184999999992,-3.6451849999999926,-1.8457698567645675,6.682585182042833,-0.5469097901463366,7.917884017305232,0,0.0,False,False,False,498,0,0.0,87.26184999999995,0.20851671408675052,0.3899093069225909,0.0,0.0
FPT,BAD,UCB_WITHOUT_VAE_UNCERTAINTY,UCB-VAE without VAE uncertainty,54,17,train,0.20099175505933367,0.05,1.0,38199,818.1485600000024,81.81485600000023,6.87286848295372,12.030943719190612,0.451316637450956,25.76548744804584,3,0.0004450378282153983,False,False,False,2241,0,0.0,107.59144,0.3657990783439014,0.19653565234338435,0.0,0.0
FPT,BAD,UCB_WITHOUT_VAE_UNCERTAINTY,UCB-VAE without VAE uncertainty,54,17,test,0.20099175505933367,0.05,1.0,38199,-17.886359999998604,-1.7886359999998602,-0.9014242500003267,8.367810452805012,-0.3061200444804378,11.138776554955466,0,0.0,False,False,False,498,0,0.0,86.90635999999996,0.2155900875621645,0.3880123107967128,0.0,0.0
FPT,BAD,UCB_WITHOUT_VAE_UNCERTAINTY,UCB-VAE without VAE uncertainty,54,18,train,0.18181381621752543,0.05,1.0,40446,826.8865900000001,82.68865900000002,6.9298561290344285,11.7560628815766,0.463641221694744,26.01736634050038,3,0.0008900756564307966,False,False,False,2239,0,0.0,103.22341000000006,0.36104251187498715,0.19740879712075088,0.0,0.0
FPT,BAD,UCB_WITHOUT_VAE_UNCERTAINTY,UCB-VAE without VAE uncertainty,54,18,test,0.18181381621752543,0.05,1.0,40446,-23.812140000000227,-2.3812140000000226,-1.2018688287057655,7.939953285935289,-0.3656447079861411,12.42772893628624,0,0.0,False,False,False,498,0,0.0,87.15213999999995,0.2189404658780655,0.3875791911320035,0.0,0.0
FPT,BAD,UCB_WITHOUT_VAE_UNCERTAINTY,UCB-VAE without VAE uncertainty,54,19,train,0.16446577004027732,0.05,1.0,42693,988.4241800000007,98.84241800000007,7.941982005014103,12.191373563915631,0.529320551241025,26.048677330925727,3,0.0,False,False,False,2241,0,0.0,101.43582000000004,0.3868296229410001,0.19660974745889426,0.0,0.0
FPT,BAD,UCB_WITHOUT_VAE_UNCERTAINTY,UCB-VAE without VAE uncertainty,54,19,test,0.16446577004027732,0.05,1.0,42693,-5.964959999999337,-0.5964959999999337,-0.29971828730790406,8.606571938125104,-0.22434813499869458,12.568028413038796,0,0.0,False,False,False,498,0,0.0,87.20495999999996,0.22944371095751034,0.38700957997256974,0.0,0.0
FPT,BAD,UCB_WITHOUT_VAE_UNCERTAINTY,UCB-VAE without VAE uncertainty,54,20,train,0.14877301449181102,0.05,1.0,44940,1114.5046200000015,111.45046200000014,8.682355561977694,11.49455639621344,0.6141114038588378,24.65808297582422,1,0.0,False,False,False,2242,0,0.0,95.07537999999997,0.36995452590461103,0.20102689025611095,0.0,0.0
FPT,BAD,UCB_WITHOUT_VAE_UNCERTAINTY,UCB-VAE without VAE uncertainty,54,20,test,0.14877301449181102,0.05,1.0,44940,-10.883140000000026,-1.0883140000000024,-0.5475142899920682,7.500857545598412,-0.3029277603457768,12.748091117159252,0,0.0,False,False,False,498,0,0.0,87.7431399999999,0.2345264265106533,0.38707283360651695,0.0,0.0
FPT,BAD,UCB_WITHOUT_VAE_UNCERTAINTY,UCB-VAE without VAE uncertainty,54,21,train,0.13457760745935274,0.05,1.0,47187,1224.6404099999995,122.46404099999995,9.297657050040442,12.036077865561834,0.6391323771610364,25.281346216231178,1,0.0,False,False,False,2240,0,0.0,94.26959000000002,0.3870293489208992,0.20062231116285312,0.0,0.0
FPT,BAD,UCB_WITHOUT_VAE_UNCERTAINTY,UCB-VAE without VAE uncertainty,54,21,test,0.13457760745935274,0.05,1.0,47187,11.381590000000074,1.1381590000000072,0.5694236575263911,8.413706924186135,-0.1274458612978088,12.297660300700196,0,0.0,False,False,False,498,0,0.0,87.26840999999996,0.2528245935600981,0.386556097571869,0.0,0.0
FPT,BAD,UCB_WITHOUT_VAE_UNCERTAINTY,UCB-VAE without VAE uncertainty,54,22,train,0.12173667712083987,0.05,1.0,49434,1252.8853099999997,125.28853099999996,9.451086263671527,12.142226627915838,0.6462656091544692,25.060194587775854,1,0.0,False,False,False,2240,0,0.0,94.30469000000001,0.39369948164034724,0.2000146875904834,0.0,0.0
FPT,BAD,UCB_WITHOUT_VAE_UNCERTAINTY,UCB-VAE without VAE uncertainty,54,22,test,0.12173667712083987,0.05,1.0,49434,10.495210000000156,1.0495210000000155,0.5251928804229644,8.508956288073009,-0.13029532825642812,12.46201898811073,0,0.0,False,False,False,498,0,0.0,87.27478999999995,0.25370891652641747,0.38578339402814465,0.0,0.0
FPT,BAD,UCB_WITHOUT_VAE_UNCERTAINTY,UCB-VAE without VAE uncertainty,54,23,train,0.11012098398984942,0.05,1.0,51681,1274.201909999997,127.4201909999997,9.565752247192737,14.643066486606152,0.5660574705778454,27.938413294197208,5,0.0,False,False,False,2242,0,0.0,90.56809000000004,0.46105202075791085,0.19414094264540716,0.0,0.0
FPT,BAD,UCB_WITHOUT_VAE_UNCERTAINTY,UCB-VAE without VAE uncertainty,54,23,test,0.11012098398984942,0.05,1.0,51681,-5.887109999999666,-0.5887109999999666,-0.2958008353400543,8.067273542043967,-0.24454450387918766,12.565517514726498,0,0.0,False,False,False,498,0,0.0,87.93710999999992,0.25924019602027326,0.3864586776100009,0.0,0.0
FPT,BAD,UCB_WITHOUT_VAE_UNCERTAINTY,UCB-VAE without VAE uncertainty,54,24,train,0.1,0.05,1.0,53928,1272.805649999997,127.28056499999971,9.558270802369574,14.631089143581057,0.5659162812126318,27.214995420733963,5,0.0,False,False,False,2242,0,0.0,91.06435000000005,0.4590791748797052,0.19332561438010437,0.0,0.0
FPT,BAD,UCB_WITHOUT_VAE_UNCERTAINTY,UCB-VAE without VAE uncertainty,54,24,test,0.1,0.05,1.0,53928,-37.56243999999947,-3.756243999999947,-1.9025469258379668,9.947993210517216,-0.3458407742051339,20.06069248578835,0,0.0,False,False,False,498,0,0.0,87.76243999999993,0.2802085333396471,0.38674370043847456,0.0,0.0
FPT,BAD,UCB_WITHOUT_VAE_UNCERTAINTY,UCB-VAE without VAE uncertainty,54,25,train,0.1,0.05,1.0,56175,1040.526570000001,104.05265700000008,8.252859853708294,13.34142064423219,0.5164923748450145,26.502708198663637,4,0.0,False,False,False,2241,0,0.0,97.78343000000001,0.4334264059104915,0.19203665665204545,0.0,0.0
FPT,BAD,UCB_WITHOUT_VAE_UNCERTAINTY,UCB-VAE without VAE uncertainty,54,25,test,0.1,0.05,1.0,56175,-12.84672000000046,-1.284672000000046,-0.6466181206204569,8.282169836070768,-0.2790111584730817,13.166885558529062,0,0.0,False,False,False,498,0,0.0,88.0067199999999,0.27079726953204175,0.38535472340732213,0.0,0.0
FPT,BAD,UCB_WITHOUT_VAE_UNCERTAINTY,UCB-VAE without VAE uncertainty,54,26,train,0.1,0.05,1.0,58422,1297.4083099999975,129.74083099999976,9.689502793522585,14.604468754902319,0.5749386696079293,27.964046347309857,5,0.0,False,False,False,2240,0,0.0,91.54169000000005,0.45752254878400006,0.19142762521173246,0.0,0.0
FPT,BAD,UCB_WITHOUT_VAE_UNCERTAINTY,UCB-VAE without VAE uncertainty,54,26,test,0.1,0.05,1.0,58422,-88.9501200000002,-8.89501200000002,-4.566333343338624,10.004843238608837,-0.620740004548755,20.680341697315228,0,0.002008032128514056,False,False,False,497,0,0.0,87.55012,0.28237221999878487,0.3856836864388133,0.0,0.0
FPT,BAD,UCB_WITHOUT_VAE_UNCERTAINTY,UCB-VAE without VAE uncertainty,54,27,train,0.1,0.05,1.0,60669,1318.3315999999995,131.83315999999996,9.800129617763776,14.654981553847115,0.5804781416729304,24.880246735833126,7,0.0,False,False,False,2238,0,0.0,93.18840000000004,0.4943630872365752,0.18834336537703653,0.0,0.0
FPT,BAD,UCB_WITHOUT_VAE_UNCERTAINTY,UCB-VAE without VAE uncertainty,54,27,test,0.1,0.05,1.0,60669,-52.38030999999819,-5.238030999999819,-2.6632328340343903,9.558247503279842,-0.4460500501225155,18.92928650716303,0,0.0,False,False,False,498,0,0.0,88.33030999999993,0.28219601023478463,0.3851215830708603,0.0,0.0
FPT,BAD,UCB_WITHOUT_VAE_UNCERTAINTY,UCB-VAE without VAE uncertainty,54,28,train,0.1,0.05,1.0,62916,1321.9291599999956,132.19291599999957,9.81906137310693,14.728702874372354,0.5794217671712013,26.841198240500653,5,0.0,False,False,False,2238,0,0.0,90.45084000000003,0.47420162949748856,0.18920157636914933,0.0,0.0
FPT,BAD,UCB_WITHOUT_VAE_UNCERTAINTY,UCB-VAE without VAE uncertainty,54,28,test,0.1,0.05,1.0,62916,-92.89217999999983,-9.289217999999982,-4.773734163777055,9.93942949764215,-0.6476332935796557,17.814219258777765,0,0.002008032128514056,False,False,False,497,0,0.0,87.93218000000002,0.3020293349809362,0.38434114372993566,0.0,0.0
FPT,BAD,UCB_WITHOUT_VAE_UNCERTAINTY,UCB-VAE without VAE uncertainty,54,29,train,0.1,0.05,1.0,65163,1315.689109999997,131.5689109999997,9.786207170130856,14.740900202603205,0.5770307143743973,27.541641449108777,7,0.0,False,False,False,2240,0,0.0,91.32089000000006,0.4700571577503231,0.18867563659223283,0.0,0.0
FPT,BAD,UCB_WITHOUT_VAE_UNCERTAINTY,UCB-VAE without VAE uncertainty,54,29,test,0.1,0.05,1.0,65163,-53.09899999999925,-5.309899999999925,-2.7002774736172297,9.777757408076265,-0.43790319657979393,17.25906972821468,0,0.0,False,False,False,498,0,0.0,89.29899999999994,0.30938877981709545,0.3835545482645073,0.0,0.0
FPT,BAD,UCB_WITHOUT_VAE_UNCERTAINTY,UCB-VAE without VAE uncertainty,54,30,train,0.1,0.05,1.0,67410,1321.9128900000005,132.19128900000007,9.818975812763764,14.5999703829026,0.5832674569767825,27.160997156472767,7,0.0004450378282153983,False,False,False,2238,0,0.0,92.59711000000004,0.48451161807933624,0.1865352075770796,0.0,0.0
FPT,BAD,UCB_WITHOUT_VAE_UNCERTAINTY,UCB-VAE without VAE uncertainty,54,30,test,0.1,0.05,1.0,67410,-64.10955000000013,-6.410955000000013,-3.2695740367384762,9.84488481863126,-0.4944225034237281,15.581541183886829,0,0.002008032128514056,False,False,False,497,0,0.0,87.61955000000005,0.30554571297709193,0.3819759118868165,0.0,0.0
FPT,BAD,UCB_WITHOUT_VAE_UNCERTAINTY,UCB-VAE without VAE uncertainty,54,31,train,0.1,0.05,1.0,69657,1280.7073300000015,128.07073300000016,9.600555877521732,14.597385914163672,0.569584249365685,27.04371218182542,7,0.0004450378282153983,False,False,False,2239,0,0.0,94.82267000000012,0.4866693168061252,0.1848499696514423,0.0,0.0
FPT,BAD,UCB_WITHOUT_VAE_UNCERTAINTY,UCB-VAE without VAE uncertainty,54,31,test,0.1,0.05,1.0,69657,-42.416989999999714,-4.241698999999972,-2.15111182114478,9.254797805566144,-0.4068048587443111,15.581541183886829,0,0.0,False,False,False,498,0,0.0,89.76698999999992,0.29206329394800257,0.3805169449094309,0.0,0.0
FPT,BAD,UCB_WITHOUT_VAE_UNCERTAINTY,UCB-VAE without VAE uncertainty,54,32,train,0.1,0.05,1.0,71904,1292.243710000001,129.2243710000001,9.662058459701672,14.9490796295983,0.5634561116420052,27.818734197075763,7,0.0,False,False,False,2239,0,0.0,93.24629,0.5007617438455715,0.183360610178804,0.0,0.0
FPT,BAD,UCB_WITHOUT_VAE_UNCERTAINTY,UCB-VAE without VAE uncertainty,54,32,test,0.1,0.05,1.0,71904,-44.399659999999585,-4.439965999999958,-2.252809946403278,9.064264894965985,-0.4288741761563093,15.72023574388439,0,0.0,False,False,False,498,0,0.0,89.75965999999991,0.2930938533119196,0.3798746872977559,0.0,0.0
FPT,BAD,UCB_WITHOUT_VAE_UNCERTAINTY,UCB-VAE without VAE uncertainty,54,33,train,0.1,0.05,1.0,74151,1297.868410000001,129.7868410000001,9.691945072745355,14.786277582134296,0.5698263480533065,26.715747986648996,6,0.0008900756564307966,False,False,False,2236,0,0.0,93.5615900000001,0.48180463146124686,0.18371352688320275,0.0,0.0
FPT,BAD,UCB_WITHOUT_VAE_UNCERTAINTY,UCB-VAE without VAE uncertainty,54,33,test,0.1,0.05,1.0,74151,-25.23854999999935,-2.523854999999935,-1.2743252262472304,9.398381564230823,-0.30345497423914614,15.72023574388439,0,0.0,False,False,False,498,0,0.0,89.12854999999989,0.30419753022195195,0.37952455282809744,0.0,0.0
FPT,BAD,UCB_WITHOUT_VAE_UNCERTAINTY,UCB-VAE without VAE uncertainty,54,34,train,0.1,0.05,1.0,76398,1381.7085199999979,138.1708519999998,10.12988729967823,15.295209126064208,0.5821569576048319,27.09913994603318,7,0.0008900756564307966,False,False,False,2226,0,0.0,91.83147999999996,0.4867987014453719,0.18334140625592069,0.0,0.0
FPT,BAD,UCB_WITHOUT_VAE_UNCERTAINTY,UCB-VAE without VAE uncertainty,54,34,test,0.1,0.05,1.0,76398,-42.195500000000266,-4.219550000000027,-2.1397573370319334,9.435064842760633,-0.3960944170701206,17.14023150019372,0,0.0,False,False,False,498,0,0.0,88.29549999999992,0.27632990417723374,0.3775482000296853,0.0,0.0
FPT,BAD,UCB_WITHOUT_VAE_UNCERTAINTY,UCB-VAE without VAE uncertainty,54,35,train,0.1,0.05,1.0,78645,1331.7658600000022,133.1765860000002,9.870693117862949,16.57064683606128,0.5353993754012858,28.18449243342164,8,0.0004450378282153983,False,False,False,2238,0,0.0,94.71414000000009,0.5385988800368563,0.17643062704714021,0.0,0.0
FPT,BAD,UCB_WITHOUT_VAE_UNCERTAINTY,UCB-VAE without VAE uncertainty,54,35,test,0.1,0.05,1.0,78645,29.116379999999936,2.9116379999999933,1.4503728075847544,9.995086597293687,-0.004719330422351616,15.72022550978685,1,0.004016064257028112,False,False,False,496,0,0.0,88.50361999999993,0.2873250643378679,0.37566824409976063,0.0,0.0
FPT,BAD,UCB_WITHOUT_VAE_UNCERTAINTY,UCB-VAE without VAE uncertainty,54,36,train,0.1,0.05,1.0,80892,1409.1124099999997,140.91124099999996,10.270063182127775,15.326608051301328,0.5896615751558177,27.709235269586678,7,0.0004450378282153983,False,False,False,2236,0,0.0,93.69759000000009,0.5019538638891796,0.17906839263919305,0.0,0.0
FPT,BAD,UCB_WITHOUT_VAE_UNCERTAINTY,UCB-VAE without VAE uncertainty,54,36,test,0.1,0.05,1.0,80892,-0.4799699999988434,-0.04799699999988434,-0.024083792727791486,9.954339087835741,-0.1534862070666473,15.537794357271018,1,0.008032128514056224,False,False,False,494,0,0.0,88.52996999999988,0.2814296582646213,0.373972265954956,0.0,0.0
FPT,BAD,UCB_WITHOUT_VAE_UNCERTAINTY,UCB-VAE without VAE uncertainty,54,37,train,0.1,0.05,1.0,83139,1375.586109999998,137.5586109999998,10.098374245317054,15.286510971310513,0.5805458304829534,27.45324108756957,7,0.0004450378282153983,False,False,False,2235,0,0.0,94.3038900000001,0.506873349262013,0.1787699783112295,0.0,0.0
FPT,BAD,UCB_WITHOUT_VAE_UNCERTAINTY,UCB-VAE without VAE uncertainty,54,37,test,0.1,0.05,1.0,83139,-35.23242000000096,-3.5232420000000957,-1.7834660690940418,9.024104688640712,-0.3777148449594981,13.898009767156744,0,0.008032128514056224,False,False,False,494,0,0.0,88.27241999999988,0.2620789244951418,0.3738938796831422,0.0,0.0
FPT,BAD,UCB_WITHOUT_VAE_UNCERTAINTY,UCB-VAE without VAE uncertainty,54,38,train,0.1,0.05,1.0,85386,1379.0962000000009,137.90962000000007,10.116450074461024,15.289152640590936,0.5815458934245752,28.02452212092914,6,0.0,False,False,False,2238,0,0.0,95.52380000000004,0.5008186723297783,0.17815203670268065,0.0,0.0
FPT,BAD,UCB_WITHOUT_VAE_UNCERTAINTY,UCB-VAE without VAE uncertainty,54,38,test,0.1,0.05,1.0,85386,-33.744630000000825,-3.374463000000082,-1.707504203749688,9.024938877992831,-0.3690331463816156,13.759042989014509,0,0.008032128514056224,False,False,False,494,0,0.0,88.27462999999989,0.2608057400751943,0.3734421854816287,0.0,0.0
FPT,BAD,UCB_WITHOUT_VAE_UNCERTAINTY,UCB-VAE without VAE uncertainty,54,39,train,0.1,0.05,1.0,87633,1419.9792099999995,141.99792099999996,10.325256702837947,15.321390593770756,0.593107518449048,27.702902232879218,6,0.0,False,False,False,2239,0,0.0,94.37079,0.5026545387949924,0.17758201077268768,0.0,0.0
FPT,BAD,UCB_WITHOUT_VAE_UNCERTAINTY,UCB-VAE without VAE uncertainty,54,39,test,0.1,0.05,1.0,87633,-58.8691599999986,-5.88691599999986,-2.9982077128421603,9.80866584328884,-0.4678709124962781,15.636812502218794,0,0.008032128514056224,False,False,False,494,0,0.0,88.48915999999996,0.2868985100158427,0.3732106109938947,0.0,0.0
FPT,BAD,UCB_WITHOUT_VAE_UNCERTAINTY,UCB-VAE without VAE uncertainty,54,40,train,0.1,0.05,1.0,89880,1441.5685300000018,144.15685300000018,10.434260471810619,15.290169761709757,0.6005268944059475,27.793149902475623,5,0.0,False,False,False,2238,0,0.0,95.18146999999999,0.5055336094322955,0.17656965616097384,0.0,0.0
FPT,BAD,UCB_WITHOUT_VAE_UNCERTAINTY,UCB-VAE without VAE uncertainty,54,40,test,0.1,0.05,1.0,89880,-80.91963999999916,-8.091963999999917,-4.1452101103973344,9.76172588101147,-0.5934661623403226,16.681429942801472,0,0.008032128514056224,False,False,False,494,0,0.0,89.07964,0.28983212749111903,0.3727487386709236,0.0,0.0
FPT,BAD,UCB_WITHOUT_VAE_UNCERTAINTY,UCB-VAE without VAE uncertainty,54,41,train,0.1,0.05,1.0,92127,1386.5604199999998,138.65604199999999,10.154809732020475,15.330101346166694,0.5827088696550071,27.758493411990948,7,0.0,False,False,False,2238,0,0.0,97.17958000000007,0.5016247981045973,0.1754333727562433,0.0,0.0
FPT,BAD,UCB_WITHOUT_VAE_UNCERTAINTY,UCB-VAE without VAE uncertainty,54,41,test,0.1,0.05,1.0,92127,-53.26654999999937,-5.3266549999999375,-2.7089157968562927,10.459260076897294,-0.4035767208883442,15.601365886279584,1,0.006024096385542169,False,False,False,495,0,0.0,89.15654999999995,0.2866796522638849,0.37158127963902005,0.0,0.0
FPT,BAD,UCB_WITHOUT_VAE_UNCERTAINTY,UCB-VAE without VAE uncertainty,54,42,train,0.1,0.05,1.0,94374,1383.4894900000008,138.3489490000001,10.139040727495917,15.330767176192564,0.5817373082514636,27.875908989337937,7,0.0,False,False,False,2236,0,0.0,96.58051000000005,0.5034605348815001,0.1745637667294497,0.0,0.0
FPT,BAD,UCB_WITHOUT_VAE_UNCERTAINTY,UCB-VAE without VAE uncertainty,54,42,test,0.1,0.05,1.0,94374,-26.16355999999837,-2.6163559999998367,-1.3213405848860549,9.843308731702699,-0.29004194934355537,13.18136625837027,1,0.006024096385542169,False,False,False,495,0,0.0,88.46355999999994,0.2790912795071316,0.3693311116901267,0.0,0.0
FPT,BAD,UCB_WITHOUT_VAE_UNCERTAINTY,UCB-VAE without VAE uncertainty,54,43,train,0.1,0.05,1.0,96621,1476.3112800000026,147.63112800000027,10.607889911617852,13.540640509808687,0.6710454127844727,24.0596734865191,4,0.0,False,False,False,2234,0,0.0,93.62871999999996,0.4311624187012846,0.18142858248752755,0.0,0.0
FPT,BAD,UCB_WITHOUT_VAE_UNCERTAINTY,UCB-VAE without VAE uncertainty,54,43,test,0.1,0.05,1.0,96621,-6.826509999997484,-0.6826509999997484,-0.34308213736975457,10.174741181498796,-0.1796236925156481,12.956449747096723,1,0.006024096385542169,False,False,False,495,0,0.0,88.19650999999995,0.28682728404430174,0.36890475191624766,0.0,0.0
FPT,BAD,UCB_WITHOUT_VAE_UNCERTAINTY,UCB-VAE without VAE uncertainty,54,44,train,0.1,0.05,1.0,98868,1392.3291900000013,139.23291900000012,10.184383253329642,15.31329765979406,0.5849194453731134,27.585029575562153,6,0.0,False,False,False,2233,0,0.0,97.40081000000015,0.4993724543669317,0.1726521108188415,0.0,0.0
FPT,BAD,UCB_WITHOUT_VAE_UNCERTAINTY,UCB-VAE without VAE uncertainty,54,44,test,0.1,0.05,1.0,98868,0.3596700000008468,0.03596700000008468,0.018043639802867162,10.311592032045723,-0.1404786224176585,13.987920575186086,1,0.004016064257028112,False,False,False,496,0,0.0,87.71032999999997,0.2901935468210383,0.3679859887165238,0.0,0.0
FPT,BAD,UCB_WITHOUT_VAE_UNCERTAINTY,UCB-VAE without VAE uncertainty,54,45,train,0.1,0.05,1.0,101115,1375.9831800000002,137.598318,10.10042021784412,15.284448519701094,0.5807133876684465,27.405817327516495,7,0.0,False,False,False,2233,0,0.0,96.85682000000016,0.5023834012280831,0.1717082809045095,0.0,0.0
FPT,BAD,UCB_WITHOUT_VAE_UNCERTAINTY,UCB-VAE without VAE uncertainty,54,45,test,0.1,0.05,1.0,101115,17.48259000000064,1.7482590000000642,0.8733438492408929,9.233074678033523,-0.0754581299146256,12.376844853744487,0,0.004016064257028112,False,False,False,496,0,0.0,87.56740999999997,0.27398707829952273,0.366415213359647,0.0,0.0
FPT,BAD,UCB_WITHOUT_VAE_UNCERTAINTY,UCB-VAE without VAE uncertainty,55,1,train,1.0,1.0,1.0,2247,1345.10671,134.510671,9.940409301097052,12.54746776787076,0.6652605756352302,14.916506367269506,4,0.00801068090787717,False,False,False,2029,0,0.0,53.00328999999997,0.33831570696981655,0.2895066868505533,0.0,0.0
FPT,BAD,UCB_WITHOUT_VAE_UNCERTAINTY,UCB-VAE without VAE uncertainty,55,1,test,1.0,1.0,1.0,2247,403.72741000000065,40.37274100000006,18.54801311633192,20.46666666527207,0.843164440986071,18.785205650771864,2,0.012048192771084338,False,False,False,386,0,0.0,33.902590000000004,0.6079169437690037,0.5331922990969385,0.0,0.0
FPT,BAD,UCB_WITHOUT_VAE_UNCERTAINTY,UCB-VAE without VAE uncertainty,55,2,train,0.9045834549972122,0.8,1.0,4494,1359.3355500000011,135.9335550000001,10.014378502803133,12.483140117594086,0.6734925888305814,14.721110514264726,4,0.008455718736092568,False,False,False,2029,0,0.0,53.41444999999998,0.33625079015126097,0.28478822050078156,0.0,0.0
FPT,BAD,UCB_WITHOUT_VAE_UNCERTAINTY,UCB-VAE without VAE uncertainty,55,2,test,0.9045834549972122,0.8,1.0,4494,430.0704300000002,43.007043000000024,19.65902702538922,19.367057673614354,0.9282828584031809,18.882414156889812,2,0.012048192771084338,False,False,False,395,0,0.0,34.639570000000006,0.5848315174609904,0.52827493080413,0.0,0.0
FPT,BAD,UCB_WITHOUT_VAE_UNCERTAINTY,UCB-VAE without VAE uncertainty,55,3,train,0.8182712270546932,0.6400000000000001,1.0,6741,1336.8658300000006,133.68658300000007,9.89738613354556,12.410747655072608,0.6680484422062702,14.560279739481855,4,0.008900756564307966,False,False,False,2017,0,0.0,53.66416999999996,0.33720716281816604,0.28091508881232446,0.0,0.0
FPT,BAD,UCB_WITHOUT_VAE_UNCERTAINTY,UCB-VAE without VAE uncertainty,55,3,test,0.8182712270546932,0.6400000000000001,1.0,6741,454.76973999999973,45.47697399999998,20.69149101411405,19.514897820664796,0.9671382251209546,18.174091176034434,2,0.012048192771084338,False,False,False,390,0,0.0,34.030260000000006,0.5930727222557834,0.5191492964943729,0.0,0.0
FPT,BAD,UCB_WITHOUT_VAE_UNCERTAINTY,UCB-VAE without VAE uncertainty,55,4,train,0.7401946136939427,0.5120000000000001,1.0,8988,1329.8624800000011,132.98624800000013,9.860717613226843,12.316067533614062,0.669491524564775,14.958191714780561,4,0.008900756564307966,False,False,False,2024,0,0.0,53.817519999999966,0.33128560626485204,0.2789867264983332,0.0,0.0
FPT,BAD,UCB_WITHOUT_VAE_UNCERTAINTY,UCB-VAE without VAE uncertainty,55,4,test,0.7401946136939427,0.5120000000000001,1.0,8988,489.6896799999995,48.968967999999954,22.13640024544352,19.156105440948668,1.0443009517538162,18.03325845485758,2,0.012048192771084338,False,False,False,390,0,0.0,34.05032,0.5826445837768234,0.5140348341330946,0.0,0.0
FPT,BAD,UCB_WITHOUT_VAE_UNCERTAINTY,UCB-VAE without VAE uncertainty,55,5,train,0.6695678010255933,0.4096000000000001,1.0,11235,1203.5062599999992,120.35062599999992,9.181717572283521,11.99667839148075,0.6319642456254488,14.589807604184884,3,0.008900756564307966,False,False,False,2028,0,0.0,53.87373999999996,0.31480053551900516,0.2765245256281504,0.0,0.0
FPT,BAD,UCB_WITHOUT_VAE_UNCERTAINTY,UCB-VAE without VAE uncertainty,55,5,test,0.6695678010255933,0.4096000000000001,1.0,11235,507.54551999999967,50.75455199999996,22.868714185865336,18.542483488823578,1.1050524338055787,16.65363258155957,1,0.012048192771084338,False,False,False,401,0,0.0,35.134479999999996,0.5571517466149646,0.5118316310237211,0.0,0.0
FPT,BAD,UCB_WITHOUT_VAE_UNCERTAINTY,UCB-VAE without VAE uncertainty,55,6,train,0.6056799548066172,0.3276800000000001,1.0,13482,1145.7574400000003,114.57574400000003,8.859798559724496,11.758517226559775,0.6170140857884712,14.698610579913392,3,0.010235870048954161,False,False,False,2024,0,0.0,53.72255999999995,0.302686525854376,0.27594826567435615,0.0,0.0
FPT,BAD,UCB_WITHOUT_VAE_UNCERTAINTY,UCB-VAE without VAE uncertainty,55,6,test,0.6056799548066172,0.3276800000000001,1.0,13482,491.59448999999904,49.1594489999999,22.214729055391302,18.79261863089856,1.0642001620794475,17.8869627757493,2,0.012048192771084338,False,False,False,396,0,0.0,34.51550999999999,0.5577204340500478,0.5057413426029634,0.0,0.0
FPT,BAD,UCB_WITHOUT_VAE_UNCERTAINTY,UCB-VAE without VAE uncertainty,55,7,train,0.547888066141525,0.2621440000000001,1.0,15729,1160.45273,116.04527300000001,8.942440745469193,11.87915756161108,0.6183910616756455,15.037010685221649,3,0.010680907877169559,False,False,False,2014,0,0.0,53.977269999999955,0.3060855173524505,0.2730548412874374,0.0,0.0
FPT,BAD,UCB_WITHOUT_VAE_UNCERTAINTY,UCB-VAE without VAE uncertainty,55,7,test,0.547888066141525,0.2621440000000001,1.0,15729,472.4671999999996,47.24671999999996,21.425906565145713,18.485269988248728,1.0434928998686335,17.8869627757493,2,0.012048192771084338,False,False,False,402,0,0.0,35.23280000000001,0.544804831557325,0.5032368710481498,0.0,0.0
FPT,BAD,UCB_WITHOUT_VAE_UNCERTAINTY,UCB-VAE without VAE uncertainty,55,8,train,0.49561047982204176,0.20971520000000007,1.0,17976,1064.1130100000023,106.41130100000022,8.391278271818358,11.614075948698034,0.5857656166852285,14.683710808766412,3,0.011125945705384957,False,False,False,2014,0,0.0,54.35698999999995,0.2975062958360775,0.2718250328665794,0.0,0.0
FPT,BAD,UCB_WITHOUT_VAE_UNCERTAINTY,UCB-VAE without VAE uncertainty,55,8,test,0.49561047982204176,0.20971520000000007,1.0,17976,488.14887999999974,48.814887999999975,22.073003585421034,18.360293061200746,1.078539018985674,17.195075266538918,1,0.012048192771084338,False,False,False,402,0,0.0,35.231120000000004,0.536439197350404,0.5001063950090523,0.0,0.0
FPT,BAD,UCB_WITHOUT_VAE_UNCERTAINTY,UCB-VAE without VAE uncertainty,55,9,train,0.4483210401702486,0.1677721600000001,1.0,20223,977.2156500000026,97.72156500000025,7.874159268802305,11.251834229045102,0.558050930750524,14.910153991162305,3,0.011570983533600357,False,False,False,2014,0,0.0,53.974349999999966,0.28369836854766445,0.2716770807623492,0.0,0.0
FPT,BAD,UCB_WITHOUT_VAE_UNCERTAINTY,UCB-VAE without VAE uncertainty,55,9,test,0.4483210401702486,0.1677721600000001,1.0,20223,501.5319899999995,50.15319899999995,22.622568934988372,17.993424845971877,1.1219824777930758,15.948625284952515,1,0.012048192771084338,False,False,False,408,0,0.0,35.618010000000005,0.5260092006897588,0.4978063172963728,0.0,0.0
FPT,BAD,UCB_WITHOUT_VAE_UNCERTAINTY,UCB-VAE without VAE uncertainty,55,10,train,0.4055437954651474,0.13421772800000006,1.0,22470,1020.9775000000006,102.09775000000005,8.137052967648994,10.88804562948765,0.5955609062163093,12.411863709802745,3,0.012461059190031152,False,False,False,2017,0,0.0,54.22249999999996,0.27515942095323087,0.2727453589379708,0.0,0.0
FPT,BAD,UCB_WITHOUT_VAE_UNCERTAINTY,UCB-VAE without VAE uncertainty,55,10,test,0.4055437954651474,0.13421772800000006,1.0,22470,492.2167300000001,49.22167300000001,22.240305750095057,18.098932929559865,1.0991352892148984,16.539476137719927,1,0.012048192771084338,False,False,False,403,0,0.0,35.29327,0.5158119665703266,0.49631133214776296,0.0,0.0
FPT,BAD,UCB_WITHOUT_VAE_UNCERTAINTY,UCB-VAE without VAE uncertainty,55,11,train,0.3668482076545458,0.10737418240000006,1.0,24717,943.9209500000015,94.39209500000015,7.6706585819714235,10.89521916951646,0.5552176179537783,13.503872858493725,3,0.012016021361815754,False,False,False,2016,0,0.0,54.109049999999975,0.2701969436337591,0.2700079046637417,0.0,0.0
FPT,BAD,UCB_WITHOUT_VAE_UNCERTAINTY,UCB-VAE without VAE uncertainty,55,11,test,0.3668482076545458,0.10737418240000006,1.0,24717,486.5417700000005,48.65417700000005,22.006843722776146,18.134266849058402,1.0865974652314618,16.559262066849517,1,0.012048192771084338,False,False,False,404,0,0.0,35.24823000000001,0.5080209295364388,0.4944079630824936,0.0,0.0
FPT,BAD,UCB_WITHOUT_VAE_UNCERTAINTY,UCB-VAE without VAE uncertainty,55,12,train,0.3318448191396838,0.08589934592000005,1.0,26964,1012.3147800000013,101.23147800000012,8.085417166841324,11.17574543800351,0.5787742574536442,12.854895491079036,3,0.011570983533600357,False,False,False,2009,0,0.0,55.00521999999997,0.28211607184484605,0.26913219100443797,0.0,0.0
FPT,BAD,UCB_WITHOUT_VAE_UNCERTAINTY,UCB-VAE without VAE uncertainty,55,12,test,0.3318448191396838,0.08589934592000005,1.0,26964,472.6605600000005,47.26605600000005,21.433906325919416,17.99593463410314,1.067156075484099,16.33624361916367,1,0.012048192771084338,False,False,False,404,0,0.0,35.239439999999995,0.4984361265081962,0.493516476458335,0.0,0.0
FPT,BAD,UCB_WITHOUT_VAE_UNCERTAINTY,UCB-VAE without VAE uncertainty,55,13,train,0.3001813330203001,0.06871947673600004,1.0,29211,1019.0187500000002,101.901875,8.12539469934832,10.70659968079024,0.6027987794863977,12.33269879399182,3,0.012016021361815754,False,False,False,2010,0,0.0,53.99124999999999,0.26154761066085347,0.269850555523852,0.0,0.0
FPT,BAD,UCB_WITHOUT_VAE_UNCERTAINTY,UCB-VAE without VAE uncertainty,55,13,test,0.3001813330203001,0.06871947673600004,1.0,29211,472.6605600000005,47.26605600000005,21.433906325919416,17.99593463410314,1.067156075484099,16.33624361916367,1,0.012048192771084338,False,False,False,404,0,0.0,35.239439999999995,0.4984361265081962,0.49142357294099875,0.0,0.0
FPT,BAD,UCB_WITHOUT_VAE_UNCERTAINTY,UCB-VAE without VAE uncertainty,55,14,train,0.27153906734917177,0.054975581388800036,1.0,31458,917.2511300000012,91.72511300000012,7.5054028418996,10.561454259207169,0.5547069487597815,13.093277756060088,3,0.01335113484646195,False,False,False,2012,0,0.0,54.33887,0.25806507963284453,0.2691141762167653,0.0,0.0
FPT,BAD,UCB_WITHOUT_VAE_UNCERTAINTY,UCB-VAE without VAE uncertainty,55,14,test,0.27153906734917177,0.054975581388800036,1.0,31458,493.9946800000007,49.39946800000007,22.313357739877304,17.605206292097122,1.1283160033463266,16.33624361916367,1,0.012048192771084338,False,False,False,407,0,0.0,35.44532,0.4950594739515679,0.490178512701069,0.0,0.0
FPT,BAD,UCB_WITHOUT_VAE_UNCERTAINTY,UCB-VAE without VAE uncertainty,55,15,train,0.24562974770943447,0.05,1.0,33705,862.9029300000016,86.29029300000015,7.162219169323425,10.485122575267914,0.5272195412973864,12.9841446009064,3,0.01335113484646195,False,False,False,2012,0,0.0,54.20707,0.25484127955908525,0.26767914299904955,0.0,0.0
FPT,BAD,UCB_WITHOUT_VAE_UNCERTAINTY,UCB-VAE without VAE uncertainty,55,15,test,0.24562974770943447,0.05,1.0,33705,491.97292000000016,49.19729200000001,22.23028476162927,17.894407965441047,1.1090579347517624,15.964166191477155,1,0.012048192771084338,False,False,False,408,0,0.0,35.607079999999996,0.49591038943162546,0.4881974409023921,0.0,0.0
FPT,BAD,UCB_WITHOUT_VAE_UNCERTAINTY,UCB-VAE without VAE uncertainty,55,16,train,0.2221926058330938,0.05,1.0,35952,938.0022800000011,93.8002280000001,7.634159149242636,10.620694900974085,0.5635597799292841,13.063816133907338,3,0.012461059190031152,False,False,False,2008,0,0.0,54.17771999999996,0.25605322947220444,0.2671366819094752,0.0,0.0
FPT,BAD,UCB_WITHOUT_VAE_UNCERTAINTY,UCB-VAE without VAE uncertainty,55,16,test,0.2221926058330938,0.05,1.0,35952,490.2744600000001,49.027446000000005,22.160452633095097,17.858815784491547,1.1076770007286831,15.978119180738851,1,0.012048192771084338,False,False,False,408,0,0.0,35.60554,0.4922811696203123,0.4868679554108156,0.0,0.0
FPT,BAD,UCB_WITHOUT_VAE_UNCERTAINTY,UCB-VAE without VAE uncertainty,55,17,train,0.20099175505933367,0.05,1.0,38199,893.6431300000011,89.36431300000011,7.357405510898807,10.456591121773856,0.5459111502823492,13.375303080882576,3,0.01335113484646195,False,False,False,2003,0,0.0,54.06686999999997,0.249426596319549,0.26713548786689506,0.0,0.0
FPT,BAD,UCB_WITHOUT_VAE_UNCERTAINTY,UCB-VAE without VAE uncertainty,55,17,test,0.20099175505933367,0.05,1.0,38199,496.06124999999975,49.60612499999997,22.39821406348872,17.84195241847121,1.1195593566994948,15.942747574872799,1,0.012048192771084338,False,False,False,408,0,0.0,35.60875,0.4928216188370111,0.48484808769092025,0.0,0.0
FPT,BAD,UCB_WITHOUT_VAE_UNCERTAINTY,UCB-VAE without VAE uncertainty,55,18,train,0.18181381621752543,0.05,1.0,40446,894.9774399999985,89.49774399999986,7.365813836219326,10.45708347538396,0.5466556261916592,12.582833876877203,3,0.011570983533600357,False,False,False,2008,0,0.0,54.40256000000001,0.25081632440856955,0.26582608854088935,0.0,0.0
FPT,BAD,UCB_WITHOUT_VAE_UNCERTAINTY,UCB-VAE without VAE uncertainty,55,18,test,0.18181381621752543,0.05,1.0,40446,505.65548999999965,50.56554899999996,22.79140445906973,17.4381567581877,1.1600189280133477,15.942747574872799,1,0.012048192771084338,False,False,False,408,0,0.0,35.614509999999996,0.4843111142829449,0.48412208097526827,0.0,0.0
FPT,BAD,UCB_WITHOUT_VAE_UNCERTAINTY,UCB-VAE without VAE uncertainty,55,19,train,0.16446577004027732,0.05,1.0,42693,923.4645400000004,92.34645400000005,7.5440850709630025,10.39758606809501,0.5652956614232773,12.740057795260437,3,0.011125945705384957,False,False,False,2004,0,0.0,54.55546,0.25135108681016743,0.2650382701534667,0.0,0.0
FPT,BAD,UCB_WITHOUT_VAE_UNCERTAINTY,UCB-VAE without VAE uncertainty,55,19,test,0.16446577004027732,0.05,1.0,42693,500.3360900000007,50.03360900000007,22.57355994697432,16.994045396252197,1.1753575161811305,16.277158034446725,1,0.012048192771084338,False,False,False,408,0,0.0,35.633909999999986,0.46998889922781156,0.4837773503309273,0.0,0.0
FPT,BAD,UCB_WITHOUT_VAE_UNCERTAINTY,UCB-VAE without VAE uncertainty,55,20,train,0.14877301449181102,0.05,1.0,44940,926.3671599999996,92.63671599999995,7.562117586070971,10.42719115261945,0.565606366961988,12.505182123914208,3,0.011125945705384957,False,False,False,2010,0,0.0,54.73284000000002,0.25090181999616595,0.2642023496571837,0.0,0.0
FPT,BAD,UCB_WITHOUT_VAE_UNCERTAINTY,UCB-VAE without VAE uncertainty,55,20,test,0.14877301449181102,0.05,1.0,44940,499.89417000000094,49.98941700000009,22.55544476840474,16.992053965247884,1.1745969279396256,16.277158034446725,1,0.012048192771084338,False,False,False,410,0,0.0,35.755829999999996,0.469495870827125,0.4821305360540329,0.0,0.0
FPT,BAD,UCB_WITHOUT_VAE_UNCERTAINTY,UCB-VAE without VAE uncertainty,55,21,train,0.13457760745935274,0.05,1.0,47187,901.3998899999976,90.13998899999976,7.406212251995026,10.37592980013058,0.5537989609210945,12.84680652831926,3,0.011570983533600357,False,False,False,2011,0,0.0,54.69011000000001,0.24859489937481702,0.2632664260987075,0.0,0.0
FPT,BAD,UCB_WITHOUT_VAE_UNCERTAINTY,UCB-VAE without VAE uncertainty,55,21,test,0.13457760745935274,0.05,1.0,47187,494.23835000000054,49.423835000000054,22.323366219279904,16.871439323306216,1.170454822035704,16.252484678617417,1,0.012048192771084338,False,False,False,411,0,0.0,35.89164999999999,0.462795991899992,0.48157581447597486,0.0,0.0
FPT,BAD,UCB_WITHOUT_VAE_UNCERTAINTY,UCB-VAE without VAE uncertainty,55,22,train,0.12173667712083987,0.05,1.0,49434,825.0924799999984,82.50924799999984,6.918175104703206,10.242210682338825,0.5148255798166542,12.799317335915598,3,0.011570983533600357,False,False,False,2008,0,0.0,54.887520000000016,0.24280017954366245,0.2624918170336304,0.0,0.0
FPT,BAD,UCB_WITHOUT_VAE_UNCERTAINTY,UCB-VAE without VAE uncertainty,55,22,test,0.12173667712083987,0.05,1.0,49434,508.22325999999975,50.822325999999975,22.896424675998993,17.28248354728943,1.173907257657458,16.157323289737242,1,0.012048192771084338,False,False,False,411,0,0.0,35.87674,0.471141182860705,0.47864427977058305,0.0,0.0
FPT,BAD,UCB_WITHOUT_VAE_UNCERTAINTY,UCB-VAE without VAE uncertainty,55,23,train,0.11012098398984942,0.05,1.0,51681,768.171300000002,76.8171300000002,6.542170869607289,9.727131862772668,0.5002182737969818,13.119719745562413,3,0.011570983533600357,False,False,False,2017,0,0.0,54.6487,0.21854506718498107,0.26273418170150037,0.0,0.0
FPT,BAD,UCB_WITHOUT_VAE_UNCERTAINTY,UCB-VAE without VAE uncertainty,55,23,test,0.11012098398984942,0.05,1.0,51681,526.661419999999,52.66614199999991,23.64793213589649,16.9584509620024,1.2294393444678384,16.46737302563045,1,0.012048192771084338,False,False,False,415,0,0.0,36.23858,0.4686447586115364,0.4772719616990492,0.0,0.0
FPT,BAD,UCB_WITHOUT_VAE_UNCERTAINTY,UCB-VAE without VAE uncertainty,55,24,train,0.1,0.05,1.0,53928,774.93904,77.493904,6.587435412966358,9.804950063270239,0.501428323514968,12.934946166182023,3,0.011125945705384957,False,False,False,2018,0,0.0,54.92096000000002,0.2212759660180475,0.2617005844400308,0.0,0.0
FPT,BAD,UCB_WITHOUT_VAE_UNCERTAINTY,UCB-VAE without VAE uncertainty,55,24,test,0.1,0.05,1.0,53928,524.6659799999993,52.466597999999934,23.566820503773812,16.943590487807818,1.2264521014897516,16.334941197164117,1,0.012048192771084338,False,False,False,415,0,0.0,36.234019999999994,0.4683232240502471,0.47570791810631274,0.0,0.0
FPT,BAD,UCB_WITHOUT_VAE_UNCERTAINTY,UCB-VAE without VAE uncertainty,55,25,train,0.1,0.05,1.0,56175,772.2269200000012,77.22269200000011,6.569314443977348,9.737127862642673,0.5024756391857735,12.833340968199023,3,0.010235870048954161,False,False,False,2018,0,0.0,54.81308000000001,0.21994271272572996,0.2607660016776935,0.0,0.0
FPT,BAD,UCB_WITHOUT_VAE_UNCERTAINTY,UCB-VAE without VAE uncertainty,55,25,test,0.1,0.05,1.0,56175,538.2338299999983,53.823382999999836,24.117295211106903,16.826628349248182,1.2604725663263117,16.409830081512617,1,0.012048192771084338,False,False,False,414,0,0.0,36.17616999999999,0.4606817565189994,0.4753348906954608,0.0,0.0
FPT,BAD,UCB_WITHOUT_VAE_UNCERTAINTY,UCB-VAE without VAE uncertainty,55,26,train,0.1,0.05,1.0,58422,690.6409000000001,69.06409000000001,6.01233414141471,9.38644105747241,0.4613491274285556,12.950471540337261,3,0.010235870048954161,False,False,False,2013,0,0.0,54.479099999999995,0.20705907984065083,0.26042670095409876,0.0,0.0
FPT,BAD,UCB_WITHOUT_VAE_UNCERTAINTY,UCB-VAE without VAE uncertainty,55,26,test,0.1,0.05,1.0,58422,530.9352199999998,53.09352199999998,23.821478125642905,16.557345302007207,1.2637140988209543,16.203473362977167,1,0.012048192771084338,False,False,False,411,0,0.0,35.98477999999998,0.44727230147362335,0.4739310110668581,0.0,0.0
FPT,BAD,UCB_WITHOUT_VAE_UNCERTAINTY,UCB-VAE without VAE uncertainty,55,27,train,0.1,0.05,1.0,60669,671.1973600000001,67.119736,5.8760750915643145,9.498184933816372,0.4433745213691362,12.933027000099182,3,0.010680907877169559,False,False,False,1999,0,0.0,54.20264000000003,0.2095882593054994,0.25957498392384476,0.0,0.0
FPT,BAD,UCB_WITHOUT_VAE_UNCERTAINTY,UCB-VAE without VAE uncertainty,55,27,test,0.1,0.05,1.0,60669,512.9255599999999,51.29255599999999,23.08851515546493,15.500295794293093,1.300583762450859,15.729678360454646,1,0.012048192771084338,False,False,False,410,0,0.0,35.914439999999985,0.4369352468681042,0.472712052095846,0.0,0.0
FPT,BAD,UCB_WITHOUT_VAE_UNCERTAINTY,UCB-VAE without VAE uncertainty,55,28,train,0.1,0.05,1.0,62916,647.8313600000017,64.78313600000017,5.71045107702024,9.128309103912702,0.44026288644852196,12.795196198507778,3,0.011125945705384957,False,False,False,2001,0,0.0,54.088639999999984,0.19686214261321514,0.2588980067297518,0.0,0.0
FPT,BAD,UCB_WITHOUT_VAE_UNCERTAINTY,UCB-VAE without VAE uncertainty,55,28,test,0.1,0.05,1.0,62916,541.61888,54.161888000000005,24.254255910871226,16.266385441402022,1.305113135262591,15.250156664554698,1,0.012048192771084338,False,False,False,413,0,0.0,36.16111999999999,0.43621684972468205,0.47275221198198786,0.0,0.0
FPT,BAD,UCB_WITHOUT_VAE_UNCERTAINTY,UCB-VAE without VAE uncertainty,55,29,train,0.1,0.05,1.0,65163,631.9830400000003,63.19830400000003,5.596922079344524,9.048388400874062,0.4313749693096648,12.29813218612716,3,0.011125945705384957,False,False,False,1993,0,0.0,54.15695999999998,0.19143497463474374,0.25852256525899764,0.0,0.0
FPT,BAD,UCB_WITHOUT_VAE_UNCERTAINTY,UCB-VAE without VAE uncertainty,55,29,test,0.1,0.05,1.0,65163,546.4764199999995,54.647641999999955,24.450532703174034,16.31470776376147,1.3114906295021014,15.489976781277859,2,0.012048192771084338,False,False,False,413,0,0.0,36.16358,0.4311886513234952,0.47155188867844733,0.0,0.0
FPT,BAD,UCB_WITHOUT_VAE_UNCERTAINTY,UCB-VAE without VAE uncertainty,55,30,train,0.1,0.05,1.0,67410,595.0516299999983,59.50516299999984,5.328514489734659,8.681231250753276,0.41629838523301016,12.015601934940216,3,0.012461059190031152,False,False,False,1991,0,0.0,54.05836999999998,0.18293877680405132,0.25711977060736685,0.0,0.0
FPT,BAD,UCB_WITHOUT_VAE_UNCERTAINTY,UCB-VAE without VAE uncertainty,55,30,test,0.1,0.05,1.0,67410,516.3492400000002,51.63492400000003,23.22818650773131,14.924053263651324,1.3526552608525049,15.810064595815106,1,0.012048192771084338,False,False,False,414,0,0.0,36.230760000000004,0.39959286484129963,0.4715250652118859,0.0,0.0
FPT,BAD,UCB_WITHOUT_VAE_UNCERTAINTY,UCB-VAE without VAE uncertainty,55,31,train,0.1,0.05,1.0,69657,601.7328399999972,60.17328399999972,5.377478178472095,8.848715988467278,0.4153729439955933,12.036579635274517,3,0.011570983533600357,False,False,False,1994,0,0.0,54.207159999999966,0.18524727234282526,0.25558486540064473,0.0,0.0
FPT,BAD,UCB_WITHOUT_VAE_UNCERTAINTY,UCB-VAE without VAE uncertainty,55,31,test,0.1,0.05,1.0,69657,515.5996900000002,51.55996900000003,23.19762155222229,14.891574180133912,1.353598876007593,15.646885136788965,1,0.012048192771084338,False,False,False,414,0,0.0,36.23031,0.3972129349059777,0.46919089292426663,0.0,0.0
FPT,BAD,UCB_WITHOUT_VAE_UNCERTAINTY,UCB-VAE without VAE uncertainty,55,32,train,0.1,0.05,1.0,71904,522.6701599999992,52.26701599999992,4.7860415098930575,8.52181022312422,0.3613782394939549,11.843752438384115,3,0.01335113484646195,False,False,False,1997,0,0.0,54.20983999999998,0.1755863203482206,0.2525702805606906,0.0,0.0
FPT,BAD,UCB_WITHOUT_VAE_UNCERTAINTY,UCB-VAE without VAE uncertainty,55,32,test,0.1,0.05,1.0,71904,501.68768999999975,50.16876899999998,22.628948220789603,14.840574006235343,1.326269342279181,15.825844365992559,1,0.012048192771084338,False,False,False,414,0,0.0,36.142309999999995,0.4018818239118055,0.4652514750339899,0.0,0.0
FPT,BAD,UCB_WITHOUT_VAE_UNCERTAINTY,UCB-VAE without VAE uncertainty,55,33,train,0.1,0.05,1.0,74151,513.3353599999996,51.33353599999996,4.714419971200257,8.49489034526489,0.3541262871088545,11.916927881621444,3,0.015131286159323543,False,False,False,2000,0,0.0,54.30464000000001,0.17390058938910777,0.2513999650292148,0.0,0.0
FPT,BAD,UCB_WITHOUT_VAE_UNCERTAINTY,UCB-VAE without VAE uncertainty,55,33,test,0.1,0.05,1.0,74151,505.0356799999995,50.50356799999995,22.766041242672475,14.835488569800301,1.3342758924561415,15.825844365992559,1,0.012048192771084338,False,False,False,414,0,0.0,36.14432,0.4008074880388143,0.46295898075563363,0.0,0.0
FPT,BAD,UCB_WITHOUT_VAE_UNCERTAINTY,UCB-VAE without VAE uncertainty,55,34,train,0.1,0.05,1.0,76398,518.8374699999986,51.88374699999986,4.756682429630255,8.361164512070921,0.3633098009995675,11.878542136290179,3,0.013796172674677348,False,False,False,2002,0,0.0,54.45252999999998,0.1716163561280924,0.25010454688846245,0.0,0.0
FPT,BAD,UCB_WITHOUT_VAE_UNCERTAINTY,UCB-VAE without VAE uncertainty,55,34,test,0.1,0.05,1.0,76398,507.9439099999995,50.79439099999995,22.885003753687073,14.821872248489438,1.3419611617255163,15.825844365992559,1,0.012048192771084338,False,False,False,414,0,0.0,36.146089999999994,0.3983948607572819,0.46102750558690375,0.0,0.0
FPT,BAD,UCB_WITHOUT_VAE_UNCERTAINTY,UCB-VAE without VAE uncertainty,55,35,train,0.1,0.05,1.0,78645,520.4967500000005,52.04967500000005,4.769400880208452,8.398501070513378,0.363513451098153,11.927111930870348,3,0.011570983533600357,False,False,False,1999,0,0.0,54.29324999999997,0.170580997746814,0.24878276109324066,0.0,0.0
FPT,BAD,UCB_WITHOUT_VAE_UNCERTAINTY,UCB-VAE without VAE uncertainty,55,35,test,0.1,0.05,1.0,78645,505.34546999999975,50.534546999999975,22.778718795409603,14.803165460832368,1.3375697451823731,15.747635334552793,1,0.012048192771084338,False,False,False,414,0,0.0,36.14453,0.39574950175646645,0.4587094777200117,0.0,0.0
FPT,BAD,UCB_WITHOUT_VAE_UNCERTAINTY,UCB-VAE without VAE uncertainty,55,36,train,0.1,0.05,1.0,80892,531.6832299999992,53.168322999999916,4.854825204980107,8.424197605983785,0.37242485208215037,11.762737525057855,3,0.012461059190031152,False,False,False,2001,0,0.0,54.40676999999999,0.17382424373978905,0.2471144345995581,0.0,0.0
FPT,BAD,UCB_WITHOUT_VAE_UNCERTAINTY,UCB-VAE without VAE uncertainty,55,36,test,0.1,0.05,1.0,80892,507.6097699999998,50.76097699999998,22.871341416774825,14.795533127074952,1.3433276265656444,15.747635334552793,1,0.012048192771084338,False,False,False,413,0,0.0,36.08023000000001,0.39526060130365964,0.4556479100960804,0.0,0.0
FPT,BAD,UCB_WITHOUT_VAE_UNCERTAINTY,UCB-VAE without VAE uncertainty,55,37,train,0.1,0.05,1.0,83139,565.7157999999986,56.571579999999855,5.111343901928533,8.19391637827326,0.4106209454127462,11.98676714308352,3,0.01290609701824655,False,False,False,2008,0,0.0,53.6842,0.1689596293903324,0.24643198542651676,0.0,0.0
FPT,BAD,UCB_WITHOUT_VAE_UNCERTAINTY,UCB-VAE without VAE uncertainty,55,37,test,0.1,0.05,1.0,83139,506.3804200000002,50.63804200000001,22.821062686180206,14.793765617029797,1.3406776222922603,15.747635334552793,1,0.012048192771084338,False,False,False,415,0,0.0,36.19958000000001,0.3952440509178354,0.4529992789628515,0.0,0.0
FPT,BAD,UCB_WITHOUT_VAE_UNCERTAINTY,UCB-VAE without VAE uncertainty,55,38,train,0.1,0.05,1.0,85386,579.3988099999985,57.93988099999986,5.213084067862117,8.166118307502304,0.42367413181089275,11.975195863820673,3,0.013796172674677348,False,False,False,2003,0,0.0,53.491189999999975,0.1673709606036945,0.2452164898163539,0.0,0.0
FPT,BAD,UCB_WITHOUT_VAE_UNCERTAINTY,UCB-VAE without VAE uncertainty,55,38,test,0.1,0.05,1.0,85386,532.7447999999997,53.27447999999997,23.89488689863488,14.778000604431035,1.4013908136737239,15.54470447277625,1,0.012048192771084338,False,False,False,415,0,0.0,36.21520000000001,0.39358317184166386,0.45115521933180264,0.0,0.0
FPT,BAD,UCB_WITHOUT_VAE_UNCERTAINTY,UCB-VAE without VAE uncertainty,55,39,train,0.1,0.05,1.0,87633,561.2098499999975,56.12098499999975,5.0776668577128925,8.067669447777524,0.41175335260699997,11.803401127991682,3,0.015131286159323543,False,False,False,2006,0,0.0,53.68015,0.16433342469389883,0.24399243682145436,0.0,0.0
FPT,BAD,UCB_WITHOUT_VAE_UNCERTAINTY,UCB-VAE without VAE uncertainty,55,39,test,0.1,0.05,1.0,87633,539.7572500000003,53.97572500000003,24.178952059730065,14.61452435652265,1.4312370285456517,14.93644427069449,1,0.012048192771084338,False,False,False,415,0,0.0,36.21275000000001,0.3894306299631156,0.44926747871211253,0.0,0.0
FPT,BAD,UCB_WITHOUT_VAE_UNCERTAINTY,UCB-VAE without VAE uncertainty,55,40,train,0.1,0.05,1.0,89880,545.0220399999992,54.50220399999991,4.955963713740275,7.828254047964436,0.40698288138062005,11.268233614979184,3,0.012461059190031152,False,False,False,2004,0,0.0,53.85795999999996,0.16304089272031688,0.24221081403716171,0.0,0.0
FPT,BAD,UCB_WITHOUT_VAE_UNCERTAINTY,UCB-VAE without VAE uncertainty,55,40,test,0.1,0.05,1.0,89880,534.5616300000011,53.4561630000001,23.968546348628195,14.839807550806732,1.400166055944679,14.91941676360386,1,0.012048192771084338,False,False,False,413,0,0.0,36.128370000000004,0.39833078678992867,0.446213868906699,0.0,0.0
FPT,BAD,UCB_WITHOUT_VAE_UNCERTAINTY,UCB-VAE without VAE uncertainty,55,41,train,0.1,0.05,1.0,92127,550.9063199999989,55.09063199999989,5.000333434928783,7.776367954209916,0.41466180541470193,11.217864401191187,3,0.01335113484646195,False,False,False,2005,0,0.0,53.59367999999996,0.1624440953599345,0.24065947629474882,0.0,0.0
FPT,BAD,UCB_WITHOUT_VAE_UNCERTAINTY,UCB-VAE without VAE uncertainty,55,41,test,0.1,0.05,1.0,92127,548.68563,54.868562999999995,24.539697785782245,14.782265749967879,1.4364190673324455,14.74049970539891,1,0.012048192771084338,False,False,False,413,0,0.0,36.12437000000001,0.3984451409294395,0.44450551756175166,0.0,0.0
FPT,BAD,UCB_WITHOUT_VAE_UNCERTAINTY,UCB-VAE without VAE uncertainty,55,42,train,0.1,0.05,1.0,94374,557.2502699999982,55.72502699999981,5.048001942089542,7.725154181314868,0.42279273507341436,11.09707359683592,3,0.011570983533600357,False,False,False,2004,0,0.0,53.21973000000001,0.1575104651326914,0.23914771876204635,0.0,0.0
FPT,BAD,UCB_WITHOUT_VAE_UNCERTAINTY,UCB-VAE without VAE uncertainty,55,42,test,0.1,0.05,1.0,94374,551.4372000000008,55.14372000000007,24.6506642724863,14.785923150492419,1.4421458294380813,14.676866171685388,1,0.012048192771084338,False,False,False,413,0,0.0,36.08280000000001,0.3993858399796933,0.4418638475448731,0.0,0.0
FPT,BAD,UCB_WITHOUT_VAE_UNCERTAINTY,UCB-VAE without VAE uncertainty,55,43,train,0.1,0.05,1.0,96621,504.6767899999986,50.46767899999986,4.647634931523226,7.750918347791213,0.37196078441732344,11.042791075381441,3,0.012016021361815754,False,False,False,2009,0,0.0,53.73321000000001,0.15696068112359574,0.23721275828417324,0.0,0.0
FPT,BAD,UCB_WITHOUT_VAE_UNCERTAINTY,UCB-VAE without VAE uncertainty,55,43,test,0.1,0.05,1.0,96621,543.0410800000004,54.30410800000004,24.311754076220016,15.004515455220998,1.4049618881361858,14.68982927347477,1,0.012048192771084338,False,False,False,411,0,0.0,35.958920000000006,0.4018546475369337,0.4384387549626301,0.0,0.0
FPT,BAD,UCB_WITHOUT_VAE_UNCERTAINTY,UCB-VAE without VAE uncertainty,55,44,train,0.1,0.05,1.0,98868,510.3081099999981,51.03081099999981,4.691108974351943,7.662999568458257,0.3808137874989172,10.99727747511518,3,0.015131286159323543,False,False,False,2003,0,0.0,53.54189,0.15507732300413501,0.23534588165942646,0.0,0.0
FPT,BAD,UCB_WITHOUT_VAE_UNCERTAINTY,UCB-VAE without VAE uncertainty,55,44,test,0.1,0.05,1.0,98868,576.2298599999999,57.62298599999999,25.646123637774497,15.423307541166695,1.4407991052539217,15.194165154750138,2,0.012048192771084338,False,False,False,410,0,0.0,36.270140000000005,0.40958894059500434,0.4355416011259738,0.0,0.0
FPT,BAD,UCB_WITHOUT_VAE_UNCERTAINTY,UCB-VAE without VAE uncertainty,55,45,train,0.1,0.05,1.0,101115,503.56287999999904,50.35628799999991,4.639018368432035,7.547051640718426,0.3788467212289821,10.718976646380597,2,0.012461059190031152,False,False,False,2001,0,0.0,53.65712000000003,0.1579286528726585,0.23274682251662746,0.0,0.0
FPT,BAD,UCB_WITHOUT_VAE_UNCERTAINTY,UCB-VAE without VAE uncertainty,55,45,test,0.1,0.05,1.0,101115,588.9303600000012,58.89303600000012,26.153044307638385,15.093991836040022,1.495777986297742,14.141464792952888,1,0.012048192771084338,False,False,False,409,0,0.0,36.20964,0.39982294522714457,0.43246910837759456,0.0,0.0
FPT,BAD,UCB_WITHOUT_VAE_UNCERTAINTY,UCB-VAE without VAE uncertainty,56,1,train,1.0,1.0,1.0,2247,259.0790700000016,25.907907000000158,2.594626534886224,4.268170412394313,0.158166021433132,5.430304001035793,1,0.0,False,False,False,2247,0,0.0,90.17092999999984,0.08041514524096675,0.22900571707266407,0.0,0.0
FPT,BAD,UCB_WITHOUT_VAE_UNCERTAINTY,UCB-VAE without VAE uncertainty,56,1,test,1.0,1.0,1.0,2247,31.874980000000278,3.1874980000000273,1.5867202471816277,4.718068472596688,-0.06378959533581202,5.599211629588099,0,0.0,False,False,False,498,0,0.0,48.82501999999998,0.14009263501702351,0.4075171947778468,0.0,0.0
FPT,BAD,UCB_WITHOUT_VAE_UNCERTAINTY,UCB-VAE without VAE uncertainty,56,2,train,0.9045834549972122,0.8,1.0,4494,302.29791000000114,30.229791000000112,2.9803405285465656,4.5568912711944325,0.23397925305036005,5.6372652824591905,1,0.0,False,False,False,2247,0,0.0,90.55208999999986,0.0819599716242362,0.22387596420714947,0.0,0.0
FPT,BAD,UCB_WITHOUT_VAE_UNCERTAINTY,UCB-VAE without VAE uncertainty,56,2,test,0.9045834549972122,0.8,1.0,4494,34.522350000001325,3.4522350000001327,1.717399310553569,4.82881449487261,-0.03438748490674284,4.904794686519157,0,0.0,False,False,False,498,0,0.0,49.08764999999999,0.14641254367889522,0.40156015646026794,0.0,0.0
FPT,BAD,UCB_WITHOUT_VAE_UNCERTAINTY,UCB-VAE without VAE uncertainty,56,3,train,0.8182712270546932,0.6400000000000001,1.0,6741,315.7540400000021,31.575404000000205,3.0981101075210127,4.521982505489987,0.26094622970687614,5.581386525624881,1,0.0,False,False,False,2247,0,0.0,91.12595999999981,0.08372889939900838,0.2189948859118492,0.0,0.0
FPT,BAD,UCB_WITHOUT_VAE_UNCERTAINTY,UCB-VAE without VAE uncertainty,56,3,test,0.8182712270546932,0.6400000000000001,1.0,6741,40.3786100000018,4.03786100000018,2.005884388618262,4.92010604563956,0.025211901114550166,4.952368299172137,0,0.0,False,False,False,498,0,0.0,49.57139,0.15040606288611355,0.3953295215425721,0.0,0.0
FPT,BAD,UCB_WITHOUT_VAE_UNCERTAINTY,UCB-VAE without VAE uncertainty,56,4,train,0.7401946136939427,0.5120000000000001,1.0,8988,291.0707300000013,29.107073000000128,2.8812483716835535,4.653841591405391,0.20921163250764188,5.64299520769574,1,0.0,False,False,False,2247,0,0.0,91.73926999999989,0.0869755631469896,0.21397001972039859,0.0,0.0
FPT,BAD,UCB_WITHOUT_VAE_UNCERTAINTY,UCB-VAE without VAE uncertainty,56,4,test,0.7401946136939427,0.5120000000000001,1.0,8988,47.12067000000138,4.712067000000139,2.3370046706476355,4.964615264258574,0.09127645258632693,5.141036746604995,0,0.0,False,False,False,498,0,0.0,49.70932999999999,0.1531938734743099,0.3894133377206852,0.0,0.0
FPT,BAD,UCB_WITHOUT_VAE_UNCERTAINTY,UCB-VAE without VAE uncertainty,56,5,train,0.6695678010255933,0.4096000000000001,1.0,11235,304.8520499999995,30.485204999999947,3.002777555132341,4.78330563999539,0.22969751729624457,5.6600352065845,1,0.0,False,False,False,2247,0,0.0,92.1779499999998,0.09007576089002278,0.20941690236170873,0.0,0.0
FPT,BAD,UCB_WITHOUT_VAE_UNCERTAINTY,UCB-VAE without VAE uncertainty,56,5,test,0.6695678010255933,0.4096000000000001,1.0,11235,49.412650000001804,4.941265000000181,2.4493277490571064,4.889062969201831,0.11455642137203981,4.736481970486986,0,0.0,False,False,False,498,0,0.0,49.41734999999999,0.15403597620817386,0.3842224806068413,0.0,0.0
FPT,BAD,UCB_WITHOUT_VAE_UNCERTAINTY,UCB-VAE without VAE uncertainty,56,6,train,0.6056799548066172,0.3276800000000001,1.0,13482,393.5577900000021,39.35577900000021,3.758779713612026,5.040786114254958,0.3667873700457888,5.535801401926181,0,0.0,False,False,False,2247,0,0.0,94.19220999999986,0.09502131347089555,0.20628344113090913,0.0,0.0
FPT,BAD,UCB_WITHOUT_VAE_UNCERTAINTY,UCB-VAE without VAE uncertainty,56,6,test,0.6056799548066172,0.3276800000000001,1.0,13482,69.25786000000085,6.925786000000085,3.416815679415741,5.081393544080611,0.2986791060187117,5.900322780738893,0,0.0,False,False,False,498,0,0.0,49.68213999999997,0.1567351776951131,0.37983579631431036,0.0,0.0
FPT,BAD,UCB_WITHOUT_VAE_UNCERTAINTY,UCB-VAE without VAE uncertainty,56,7,train,0.547888066141525,0.2621440000000001,1.0,15729,343.98470999999836,34.39847099999984,3.3417490567400066,5.015794960774419,0.28738614244151744,5.438100256850498,0,0.0,False,False,False,2247,0,0.0,94.52528999999981,0.09684440468272254,0.20280653347386007,0.0,0.0
FPT,BAD,UCB_WITHOUT_VAE_UNCERTAINTY,UCB-VAE without VAE uncertainty,56,7,test,0.547888066141525,0.2621440000000001,1.0,15729,49.74630000000002,4.974630000000002,2.4656687402230926,4.662597283257433,0.12123678472352609,6.048238537630986,0,0.0,False,False,False,498,0,0.0,49.87369999999997,0.14596859577085722,0.37521082453100557,0.0,0.0
FPT,BAD,UCB_WITHOUT_VAE_UNCERTAINTY,UCB-VAE without VAE uncertainty,56,8,train,0.49561047982204176,0.20971520000000007,1.0,17976,356.4503300000015,35.64503300000015,3.447886058074312,5.286290626084205,0.2948864990974021,5.722410308671,0,0.0,False,False,False,2247,0,0.0,94.85966999999995,0.10905849188891412,0.19942577492941418,0.0,0.0
FPT,BAD,UCB_WITHOUT_VAE_UNCERTAINTY,UCB-VAE without VAE uncertainty,56,8,test,0.49561047982204176,0.20971520000000007,1.0,17976,36.90397000000098,3.690397000000098,1.8348181557687804,4.698620508239991,-0.011909037975529141,5.8802887761833995,0,0.0,False,False,False,498,0,0.0,49.986029999999964,0.15137894593262438,0.3724727612662028,0.0,0.0
FPT,BAD,UCB_WITHOUT_VAE_UNCERTAINTY,UCB-VAE without VAE uncertainty,56,9,train,0.4483210401702486,0.1677721600000001,1.0,20223,508.91650000000027,50.89165000000002,4.680379102407728,5.604748678747575,0.4943600706103062,6.16090969102024,0,0.0,False,False,False,2247,0,0.0,97.48349999999992,0.11279846874324188,0.19808241778352179,0.0,0.0
FPT,BAD,UCB_WITHOUT_VAE_UNCERTAINTY,UCB-VAE without VAE uncertainty,56,9,test,0.4483210401702486,0.1677721600000001,1.0,20223,-7.912429999998039,-0.791242999999804,-0.3977657707926463,4.817516800402669,-0.47452536154502606,5.888900014581331,0,0.0,False,False,False,498,0,0.0,49.80243,0.16426237570975216,0.3701500188574255,0.0,0.0
FPT,BAD,UCB_WITHOUT_VAE_UNCERTAINTY,UCB-VAE without VAE uncertainty,56,10,train,0.4055437954651474,0.13421772800000006,1.0,22470,621.3585400000024,62.13585400000024,5.520263846955387,6.027333596448749,0.5975237231237542,6.922950589728254,0,0.0,False,False,False,2247,0,0.0,98.74145999999999,0.12473202772690595,0.19584309946352713,0.0,0.0
FPT,BAD,UCB_WITHOUT_VAE_UNCERTAINTY,UCB-VAE without VAE uncertainty,56,10,test,0.4055437954651474,0.13421772800000006,1.0,22470,13.177850000001172,1.3177850000001172,0.6589986787636448,4.69009423541233,-0.2617522093542368,5.817535195302768,0,0.0,False,False,False,498,0,0.0,49.63214999999998,0.16960849134850237,0.3678717378332433,0.0,0.0
FPT,BAD,UCB_WITHOUT_VAE_UNCERTAINTY,UCB-VAE without VAE uncertainty,56,11,train,0.3668482076545458,0.10737418240000006,1.0,24717,560.2870600000015,56.02870600000015,5.0707593564123465,6.280719090934555,0.507338434839528,9.97929475646313,0,0.0,False,False,False,2247,0,0.0,98.8529399999999,0.1337633296945727,0.19318486388704753,0.0,0.0
FPT,BAD,UCB_WITHOUT_VAE_UNCERTAINTY,UCB-VAE without VAE uncertainty,56,11,test,0.3668482076545458,0.10737418240000006,1.0,24717,65.16864000000123,6.5168640000001234,3.218195932660328,5.663533357585923,0.2390659702056149,6.06560063535156,0,0.0,False,False,False,498,0,0.0,49.651359999999976,0.17755211603207569,0.3660913387156395,0.0,0.0
FPT,BAD,UCB_WITHOUT_VAE_UNCERTAINTY,UCB-VAE without VAE uncertainty,56,12,train,0.3318448191396838,0.08589934592000005,1.0,26964,641.6690200000014,64.16690200000014,5.666423119452824,6.182476726075391,0.6066406836642869,6.555196091770493,0,0.0,False,False,False,2247,0,0.0,100.63097999999995,0.14191625153218373,0.19172123019489437,0.0,0.0
FPT,BAD,UCB_WITHOUT_VAE_UNCERTAINTY,UCB-VAE without VAE uncertainty,56,12,test,0.3318448191396838,0.08589934592000005,1.0,26964,38.80908000000113,3.8809080000001135,1.9286473519352088,5.395221469086288,0.013315369922481791,7.038710982602417,0,0.0,False,False,False,498,0,0.0,49.750919999999994,0.17821596921769237,0.36468813921433374,0.0,0.0
FPT,BAD,UCB_WITHOUT_VAE_UNCERTAINTY,UCB-VAE without VAE uncertainty,56,13,train,0.3001813330203001,0.06871947673600004,1.0,29211,604.099620000005,60.4099620000005,5.3947797457307045,6.4675898332098205,0.5425459479340901,6.703451393413097,0,0.0,False,False,False,2247,0,0.0,98.20037999999988,0.15891483387974034,0.18871446188935503,0.0,0.0
FPT,BAD,UCB_WITHOUT_VAE_UNCERTAINTY,UCB-VAE without VAE uncertainty,56,13,test,0.3001813330203001,0.06871947673600004,1.0,29211,42.05785000000128,4.205785000000128,2.0884560245992834,5.701159862184432,0.043260777496048654,7.050177546975364,0,0.0,False,False,False,498,0,0.0,49.832150000000006,0.1830930235074673,0.36322244953917693,0.0,0.0
FPT,BAD,UCB_WITHOUT_VAE_UNCERTAINTY,UCB-VAE without VAE uncertainty,56,14,train,0.27153906734917177,0.054975581388800036,1.0,31458,592.2803700000027,59.22803700000026,5.308151623827184,7.209444902913713,0.4822610902520035,10.676243686369922,1,0.0,False,False,False,2247,0,0.0,96.14962999999999,0.18125553258802662,0.18652125158188446,0.0,0.0
FPT,BAD,UCB_WITHOUT_VAE_UNCERTAINTY,UCB-VAE without VAE uncertainty,56,14,test,0.27153906734917177,0.054975581388800036,1.0,31458,70.26268000000096,7.026268000000095,3.4655633852209045,6.077568351454446,0.2664422714205036,7.272277896934626,0,0.0,False,False,False,498,0,0.0,49.637319999999995,0.18293865392928335,0.3617795484970851,0.0,0.0
FPT,BAD,UCB_WITHOUT_VAE_UNCERTAINTY,UCB-VAE without VAE uncertainty,56,15,train,0.24562974770943447,0.05,1.0,33705,561.9611800000025,56.19611800000025,5.0832882236159005,7.053610068659339,0.4607774770832406,11.814874150860359,0,0.0,False,False,False,2247,0,0.0,96.31882000000007,0.1850602685055298,0.18454649190956823,0.0,0.0
FPT,BAD,UCB_WITHOUT_VAE_UNCERTAINTY,UCB-VAE without VAE uncertainty,56,15,test,0.24562974770943447,0.05,1.0,33705,78.3168500000013,7.83168500000013,3.855481232543201,6.1038171304198645,0.32772508004745593,6.0777566980894315,0,0.0,False,False,False,498,0,0.0,49.93315000000001,0.18311220254107918,0.360174542150823,0.0,0.0
FPT,BAD,UCB_WITHOUT_VAE_UNCERTAINTY,UCB-VAE without VAE uncertainty,56,16,train,0.2221926058330938,0.05,1.0,35952,629.0557600000016,62.90557600000015,5.57584544908214,7.4830859281029545,0.5015587058219265,12.24590613008281,1,0.0,False,False,False,2247,0,0.0,96.46424000000005,0.19922472736014094,0.18378179105563222,0.0,0.0
FPT,BAD,UCB_WITHOUT_VAE_UNCERTAINTY,UCB-VAE without VAE uncertainty,56,16,test,0.2221926058330938,0.05,1.0,35952,8.371830000002092,0.8371830000002092,0.41915653089599214,6.29449360809098,-0.21925785247702786,11.116163741156342,0,0.0,False,False,False,498,0,0.0,50.218170000000015,0.18652962217835803,0.35943738407040215,0.0,0.0
FPT,BAD,UCB_WITHOUT_VAE_UNCERTAINTY,UCB-VAE without VAE uncertainty,56,17,train,0.20099175505933367,0.05,1.0,38199,689.4201700000017,68.94201700000016,6.003820430622708,7.687872108926337,0.5432827573957771,12.418068577637383,0,0.0,False,False,False,2247,0,0.0,96.40983,0.21409125358831918,0.18184584314206678,0.0,0.0
FPT,BAD,UCB_WITHOUT_VAE_UNCERTAINTY,UCB-VAE without VAE uncertainty,56,17,test,0.20099175505933367,0.05,1.0,38199,82.44376000000284,8.244376000000283,4.0547106032724045,6.7865166049259855,0.3298794619914611,6.52203073824142,0,0.0,False,False,False,498,0,0.0,50.27624,0.19500695948428837,0.35749539032758,0.0,0.0
FPT,BAD,UCB_WITHOUT_VAE_UNCERTAINTY,UCB-VAE without VAE uncertainty,56,18,train,0.18181381621752543,0.05,1.0,40446,774.5466200000001,77.45466200000001,6.584814991008825,7.892322685549394,0.6011030566936445,12.679933015128814,0,0.0,False,False,False,2247,0,0.0,96.53338000000002,0.2235932633102087,0.18010186616531945,0.0,0.0
FPT,BAD,UCB_WITHOUT_VAE_UNCERTAINTY,UCB-VAE without VAE uncertainty,56,18,test,0.18181381621752543,0.05,1.0,40446,131.97017000000233,13.197017000000233,6.416734393764512,6.9783827237848515,0.6471819919306452,6.52203073824142,0,0.0,False,False,False,498,0,0.0,50.23983000000002,0.2034235003230166,0.3566224374565255,0.0,0.0
FPT,BAD,UCB_WITHOUT_VAE_UNCERTAINTY,UCB-VAE without VAE uncertainty,56,19,train,0.16446577004027732,0.05,1.0,42693,1215.3222099999984,121.53222099999985,9.24665968804339,8.70597791270091,0.8385297944669237,13.17850672462659,0,0.0,False,False,False,2247,0,0.0,97.62778999999996,0.24080182545653053,0.1793096629437681,0.0,0.0
FPT,BAD,UCB_WITHOUT_VAE_UNCERTAINTY,UCB-VAE without VAE uncertainty,56,19,test,0.16446577004027732,0.05,1.0,42693,131.3391800000013,13.133918000000131,6.386968659950187,6.466088503756039,0.6886923162857755,6.445750731789018,0,0.0,False,False,False,498,0,0.0,50.92082,0.19708400664123618,0.35514308198029737,0.0,0.0
FPT,BAD,UCB_WITHOUT_VAE_UNCERTAINTY,UCB-VAE without VAE uncertainty,56,20,train,0.14877301449181102,0.05,1.0,44940,1328.3382699999966,132.83382699999967,9.852724092621411,9.292238234464707,0.8513652214862557,13.42343112082432,1,0.0,False,False,False,2247,0,0.0,96.49172999999998,0.2631027223770011,0.17700122237125926,0.0,0.0
FPT,BAD,UCB_WITHOUT_VAE_UNCERTAINTY,UCB-VAE without VAE uncertainty,56,20,test,0.14877301449181102,0.05,1.0,44940,143.66795000000184,14.366795000000185,6.967064662158218,6.417145638196133,0.7789453237791352,5.7953552084237625,0,0.0,False,False,False,498,0,0.0,50.92204999999999,0.19768723141456074,0.35365700805522354,0.0,0.0
FPT,BAD,UCB_WITHOUT_VAE_UNCERTAINTY,UCB-VAE without VAE uncertainty,56,21,train,0.13457760745935274,0.05,1.0,47187,1423.7640899999997,142.37640899999997,10.344428755337143,9.472610728536608,0.884519369915999,15.24922264276374,2,0.0,False,False,False,2247,0,0.0,98.28591000000006,0.27238706616179914,0.17554385948165235,0.0,0.0
FPT,BAD,UCB_WITHOUT_VAE_UNCERTAINTY,UCB-VAE without VAE uncertainty,56,21,test,0.13457760745935274,0.05,1.0,47187,142.46855000000187,14.246855000000187,6.910767495831349,6.418775227254946,0.7704889718248744,5.7953552084237625,0,0.0,False,False,False,498,0,0.0,50.92144999999999,0.19647247451890298,0.3522025160940297,0.0,0.0
FPT,BAD,UCB_WITHOUT_VAE_UNCERTAINTY,UCB-VAE without VAE uncertainty,56,22,train,0.12173667712083987,0.05,1.0,49434,1571.6148500000008,157.16148500000008,11.07329468487932,9.821876323293372,0.9241163300104731,14.90975117849051,2,0.0,False,False,False,2247,0,0.0,96.33514999999997,0.2948624528260031,0.17253489999915422,0.0,0.0
FPT,BAD,UCB_WITHOUT_VAE_UNCERTAINTY,UCB-VAE without VAE uncertainty,56,22,test,0.12173667712083987,0.05,1.0,49434,110.78614000000198,11.078614000000197,5.412854792157096,7.394699056232536,0.4855104113251662,7.725787373605803,0,0.0,False,False,False,498,0,0.0,50.53386,0.21944445944721508,0.35089747134940213,0.0,0.0
FPT,BAD,UCB_WITHOUT_VAE_UNCERTAINTY,UCB-VAE without VAE uncertainty,56,23,train,0.11012098398984942,0.05,1.0,51681,1695.7761599999985,169.57761599999986,11.657149169844372,10.173908205849095,0.9475860556209793,16.01256240933278,2,0.0,False,False,False,2247,0,0.0,96.70384000000001,0.301615227384949,0.17165298380279306,0.0,0.0
FPT,BAD,UCB_WITHOUT_VAE_UNCERTAINTY,UCB-VAE without VAE uncertainty,56,23,test,0.11012098398984942,0.05,1.0,51681,167.6753500000018,16.76753500000018,8.08779328316076,7.586287143935712,0.8082294228158724,6.4501128859678705,0,0.0,False,False,False,498,0,0.0,50.73464999999998,0.22313541332365136,0.34909941007693607,0.0,0.0
FPT,BAD,UCB_WITHOUT_VAE_UNCERTAINTY,UCB-VAE without VAE uncertainty,56,24,train,0.1,0.05,1.0,53928,1758.1131399999995,175.81131399999995,11.941321506799518,10.366906656649883,0.9566057937241691,16.723216943626575,2,0.0,False,False,False,2247,0,0.0,96.78685999999998,0.31341219414649135,0.1693830801531321,0.0,0.0
FPT,BAD,UCB_WITHOUT_VAE_UNCERTAINTY,UCB-VAE without VAE uncertainty,56,24,test,0.1,0.05,1.0,53928,36.66771000000267,3.666771000000267,1.8231760522750662,6.873106769577404,0.008509620602303827,9.509094105143772,0,0.0,False,False,False,498,0,0.0,50.92229000000003,0.20870733194343347,0.34764361851306325,0.0,0.0
FPT,BAD,UCB_WITHOUT_VAE_UNCERTAINTY,UCB-VAE without VAE uncertainty,56,25,train,0.1,0.05,1.0,56175,1840.8824700000023,184.08824700000025,12.309942709132526,10.58504714827965,0.970393106961593,16.748364813844063,2,0.0,False,False,False,2247,0,0.0,96.34752999999998,0.31917885918339917,0.16842009448771694,0.0,0.0
FPT,BAD,UCB_WITHOUT_VAE_UNCERTAINTY,UCB-VAE without VAE uncertainty,56,25,test,0.1,0.05,1.0,56175,74.72485000000256,7.4724850000002565,3.6817655270310334,7.672630926236189,0.2528384678094886,9.061625237978971,0,0.0,False,False,False,498,0,0.0,51.04515000000002,0.2119777468069599,0.3461307171118786,0.0,0.0
FPT,BAD,UCB_WITHOUT_VAE_UNCERTAINTY,UCB-VAE without VAE uncertainty,56,26,train,0.1,0.05,1.0,58422,1850.2840499999993,185.02840499999994,12.351207796829321,10.607451219068398,0.972060637403581,17.526100764820647,2,0.0,False,False,False,2247,0,0.0,95.90594999999996,0.3223390799421162,0.167105307327571,0.0,0.0
FPT,BAD,UCB_WITHOUT_VAE_UNCERTAINTY,UCB-VAE without VAE uncertainty,56,26,test,0.1,0.05,1.0,58422,111.85723000000189,11.18572300000019,5.4638399345483535,7.055576012800449,0.5120627080489658,8.321965670731679,0,0.0,False,False,False,498,0,0.0,51.79276999999997,0.21221848900991738,0.3442902523410847,0.0,0.0
FPT,BAD,UCB_WITHOUT_VAE_UNCERTAINTY,UCB-VAE without VAE uncertainty,56,27,train,0.1,0.05,1.0,60669,1860.8729700000004,186.08729700000004,12.397539705213735,10.751621376200811,0.9643291872256424,17.05012496134782,2,0.0,False,False,False,2246,0,0.0,96.55702999999994,0.32968346434703355,0.1654533294999817,0.0,0.0
FPT,BAD,UCB_WITHOUT_VAE_UNCERTAINTY,UCB-VAE without VAE uncertainty,56,27,test,0.1,0.05,1.0,60669,121.0520600000018,12.10520600000018,5.900521710626272,7.040046623621075,0.5722542028707468,7.342081051304866,0,0.0,False,False,False,498,0,0.0,51.78793999999996,0.21012213511085784,0.3422498944473554,0.0,0.0
FPT,BAD,UCB_WITHOUT_VAE_UNCERTAINTY,UCB-VAE without VAE uncertainty,56,28,train,0.1,0.05,1.0,62916,1985.8727099999987,198.58727099999987,12.933257007006693,11.003537441668296,0.9883414086982109,17.33094045432175,3,0.0,False,False,False,2245,0,0.0,96.83728999999988,0.33397575136164326,0.16459328295604145,0.0,0.0
FPT,BAD,UCB_WITHOUT_VAE_UNCERTAINTY,UCB-VAE without VAE uncertainty,56,28,test,0.1,0.05,1.0,62916,71.65486000000215,7.165486000000215,3.533065752487019,6.385252682653675,0.26706500660917254,7.342081051304866,0,0.0,False,False,False,498,0,0.0,51.96513999999996,0.2041974916155957,0.3402543532920171,0.0,0.0
FPT,BAD,UCB_WITHOUT_VAE_UNCERTAINTY,UCB-VAE without VAE uncertainty,56,29,train,0.1,0.05,1.0,65163,1960.1448299999993,196.01448299999993,12.824644883887437,10.935624545944462,0.9849062664958912,17.199100502758924,2,0.0,False,False,False,2243,0,0.0,97.3651699999998,0.33074175665414934,0.16419076522655576,0.0,0.0
FPT,BAD,UCB_WITHOUT_VAE_UNCERTAINTY,UCB-VAE without VAE uncertainty,56,29,test,0.1,0.05,1.0,65163,101.76370000000202,10.176370000000203,4.982400019415079,7.031386374255419,0.44788855464244876,7.8732713760217745,0,0.0,False,False,False,498,0,0.0,52.07629999999997,0.20570901174226625,0.3391885605442476,0.0,0.0
FPT,BAD,UCB_WITHOUT_VAE_UNCERTAINTY,UCB-VAE without VAE uncertainty,56,30,train,0.1,0.05,1.0,67410,1987.1696399999992,198.7169639999999,12.93871004010516,11.119233965514859,0.9796397642794273,18.112848107680986,2,0.0,False,False,False,2242,0,0.0,96.37035999999978,0.3391069626914122,0.16274679644496695,0.0,0.0
FPT,BAD,UCB_WITHOUT_VAE_UNCERTAINTY,UCB-VAE without VAE uncertainty,56,30,test,0.1,0.05,1.0,67410,81.23548000000187,8.123548000000188,3.9964193132534964,6.372848974180917,0.3380517940741519,4.820267398469956,0,0.0,False,False,False,498,0,0.0,52.34451999999995,0.19937144092148437,0.33717513440483543,0.0,0.0
FPT,BAD,UCB_WITHOUT_VAE_UNCERTAINTY,UCB-VAE without VAE uncertainty,56,31,train,0.1,0.05,1.0,69657,2124.4217200000003,212.44217200000003,13.504233196969562,11.440165009152944,0.9993650398919487,18.259562683832822,3,0.0,False,False,False,2243,0,0.0,95.93827999999988,0.34945646325743024,0.1609914279383291,0.0,0.0
FPT,BAD,UCB_WITHOUT_VAE_UNCERTAINTY,UCB-VAE without VAE uncertainty,56,31,test,0.1,0.05,1.0,69657,157.5907100000004,15.759071000000041,7.618427636584779,7.149036894505636,0.7916512537819008,4.434754436685441,0,0.0,False,False,False,498,0,0.0,52.379289999999955,0.215928665014287,0.33612239570263397,0.0,0.0
FPT,BAD,UCB_WITHOUT_VAE_UNCERTAINTY,UCB-VAE without VAE uncertainty,56,32,train,0.1,0.05,1.0,71904,2125.9067300000006,212.59067300000004,13.510230209064789,11.43224677092972,1.0004260464960397,17.651505074206398,2,0.0,False,False,False,2241,0,0.0,95.98326999999988,0.3525741888478322,0.1601465525305372,0.0,0.0
FPT,BAD,UCB_WITHOUT_VAE_UNCERTAINTY,UCB-VAE without VAE uncertainty,56,32,test,0.1,0.05,1.0,71904,131.50369000000092,13.150369000000092,6.394729898312934,7.277703620957916,0.6203892492171281,6.1093673770192245,0,0.0,False,False,False,498,0,0.0,51.98630999999997,0.2169794167015691,0.3352523194139741,0.0,0.0
FPT,BAD,UCB_WITHOUT_VAE_UNCERTAINTY,UCB-VAE without VAE uncertainty,56,33,train,0.1,0.05,1.0,74151,2220.89113,222.089113,13.888649104262264,11.641345412935069,1.0133686204082861,18.374341407594404,3,0.0,False,False,False,2241,0,0.0,93.69886999999977,0.364462276243128,0.15917371615973058,0.0,0.0
FPT,BAD,UCB_WITHOUT_VAE_UNCERTAINTY,UCB-VAE without VAE uncertainty,56,33,test,0.1,0.05,1.0,74151,167.3658200000009,16.736582000000087,8.07341705965323,7.260341569681541,0.8392184221606119,5.354467875463337,0,0.0,False,False,False,498,0,0.0,52.494179999999936,0.21387209049924036,0.33429196859938076,0.0,0.0
FPT,BAD,UCB_WITHOUT_VAE_UNCERTAINTY,UCB-VAE without VAE uncertainty,56,34,train,0.1,0.05,1.0,76398,2288.177960000004,228.8177960000004,14.150763715692637,11.845365025056537,1.0175157653706801,17.977760259017135,3,0.0,False,False,False,2240,0,0.0,93.36203999999987,0.37020795084038044,0.15822049360979276,0.0,0.0
FPT,BAD,UCB_WITHOUT_VAE_UNCERTAINTY,UCB-VAE without VAE uncertainty,56,34,test,0.1,0.05,1.0,76398,134.20291000000157,13.420291000000157,6.5219932585588225,6.612671510477934,0.6942275506887926,4.957206178174246,0,0.0,False,False,False,498,0,0.0,52.48708999999993,0.20966106338360554,0.33275992165966684,0.0,0.0
FPT,BAD,UCB_WITHOUT_VAE_UNCERTAINTY,UCB-VAE without VAE uncertainty,56,35,train,0.1,0.05,1.0,78645,2343.755750000003,234.37557500000028,14.363695098019157,12.084724457733603,1.0153059368779775,18.997791832817065,3,0.0,False,False,False,2236,0,0.0,92.59424999999992,0.37705235918087476,0.15625893455255704,0.0,0.0
FPT,BAD,UCB_WITHOUT_VAE_UNCERTAINTY,UCB-VAE without VAE uncertainty,56,35,test,0.1,0.05,1.0,78645,169.32816000000093,16.93281600000009,8.16452647106436,7.159865607591548,0.8618545973483062,4.964384084961951,0,0.0,False,False,False,498,0,0.0,52.49183999999993,0.2101139808295691,0.33172402453111355,0.0,0.0
FPT,BAD,UCB_WITHOUT_VAE_UNCERTAINTY,UCB-VAE without VAE uncertainty,56,36,train,0.1,0.05,1.0,80892,2580.0378200000023,258.00378200000023,15.235216230150005,12.066451268930642,1.0801430525480473,19.131161179636614,3,0.0,False,False,False,2238,0,0.0,93.68217999999983,0.38272024544450073,0.15644957884834457,0.0,0.0
FPT,BAD,UCB_WITHOUT_VAE_UNCERTAINTY,UCB-VAE without VAE uncertainty,56,36,test,0.1,0.05,1.0,80892,223.72815000000242,22.37281500000024,10.660603196622699,7.6377051177879975,1.1139670950120595,4.5773309381885525,0,0.0,False,False,False,498,0,0.0,53.34184999999996,0.2233989981784365,0.32920019119140137,0.0,0.0
FPT,BAD,UCB_WITHOUT_VAE_UNCERTAINTY,UCB-VAE without VAE uncertainty,56,37,train,0.1,0.05,1.0,83139,2555.1516900000006,255.51516900000007,15.14587431193506,12.3502544974874,1.051807118465893,19.11129499438807,3,0.0,False,False,False,2235,0,0.0,90.97830999999985,0.39737265662674975,0.1541992465608588,0.0,0.0
FPT,BAD,UCB_WITHOUT_VAE_UNCERTAINTY,UCB-VAE without VAE uncertainty,56,37,test,0.1,0.05,1.0,83139,211.42002000000093,21.142002000000094,10.100779341102495,7.3876701011255514,1.0798881391865067,4.385200760581146,0,0.0,False,False,False,498,0,0.0,54.13997999999996,0.21959160356370486,0.3280522097724987,0.0,0.0
FPT,BAD,UCB_WITHOUT_VAE_UNCERTAINTY,UCB-VAE without VAE uncertainty,56,38,train,0.1,0.05,1.0,85386,2529.0017200000016,252.90017200000014,15.051394242764605,12.161763559372412,1.0593871235026713,19.119613779375776,3,0.0,False,False,False,2236,0,0.0,92.87827999999982,0.387406076588581,0.15461237897203667,0.0,0.0
FPT,BAD,UCB_WITHOUT_VAE_UNCERTAINTY,UCB-VAE without VAE uncertainty,56,38,test,0.1,0.05,1.0,85386,184.73369000000093,18.47336900000009,8.877158622074344,7.353147867459965,0.9312657568302126,4.5667403851550405,0,0.0,False,False,False,497,0,0.0,53.39630999999998,0.22766638720965826,0.326770064851127,0.0,0.0
FPT,BAD,UCB_WITHOUT_VAE_UNCERTAINTY,UCB-VAE without VAE uncertainty,56,39,train,0.1,0.05,1.0,87633,2637.7971700000035,263.77971700000035,15.440465285515682,12.532424661180585,1.0588830931027342,18.661610139868255,3,0.0,False,False,False,2232,0,0.0,92.07282999999993,0.40141919010229604,0.15278479828767422,0.0,0.0
FPT,BAD,UCB_WITHOUT_VAE_UNCERTAINTY,UCB-VAE without VAE uncertainty,56,39,test,0.1,0.05,1.0,87633,119.69860000000153,11.969860000000153,5.836355368824231,7.342028741472119,0.5433609078170734,6.19406502813808,0,0.0,False,False,False,495,0,0.0,52.681399999999975,0.20336900103860098,0.3253198114623985,0.0,0.0
FPT,BAD,UCB_WITHOUT_VAE_UNCERTAINTY,UCB-VAE without VAE uncertainty,56,40,train,0.1,0.05,1.0,89880,2691.385030000002,269.13850300000024,15.628316784694762,12.782507388777836,1.0534666564605424,18.751339995184292,3,0.0,False,False,False,2231,0,0.0,86.64496999999987,0.41706896243337477,0.14967006876978495,0.0,0.0
FPT,BAD,UCB_WITHOUT_VAE_UNCERTAINTY,UCB-VAE without VAE uncertainty,56,40,test,0.1,0.05,1.0,89880,165.90659000000096,16.590659000000095,8.00561703974012,7.5942041251279635,0.7972969197887048,4.719819412039708,0,0.0,False,False,False,498,0,0.0,53.28340999999997,0.22644462746506774,0.3241143715848406,0.0,0.0
FPT,BAD,UCB_WITHOUT_VAE_UNCERTAINTY,UCB-VAE without VAE uncertainty,56,41,train,0.1,0.05,1.0,92127,2620.331130000002,262.0331130000002,15.378706696247635,12.515589290611286,1.0558308151954547,19.512878872265535,3,0.0,False,False,False,2232,0,0.0,90.53886999999979,0.4056169036277456,0.1512757257857241,0.0,0.0
FPT,BAD,UCB_WITHOUT_VAE_UNCERTAINTY,UCB-VAE without VAE uncertainty,56,41,test,0.1,0.05,1.0,92127,166.13836000000106,16.613836000000106,8.016388563501863,7.661410273391736,0.7922930407596964,5.3490503585672755,0,0.0,False,False,False,495,0,0.0,52.44163999999998,0.22574516910635398,0.3231755878073145,0.0,0.0
FPT,BAD,UCB_WITHOUT_VAE_UNCERTAINTY,UCB-VAE without VAE uncertainty,56,42,train,0.1,0.05,1.0,94374,2536.5524700000005,253.65524700000006,15.078738892353115,12.954418627623623,1.004092299974327,19.223005111247353,3,0.0,False,False,False,2231,0,0.0,85.79752999999988,0.42604008860461984,0.14772319400780032,0.0,0.0
FPT,BAD,UCB_WITHOUT_VAE_UNCERTAINTY,UCB-VAE without VAE uncertainty,56,42,test,0.1,0.05,1.0,94374,166.8028000000013,16.68028000000013,8.047262538551813,7.664437945320389,0.7957734014786937,5.3490503585672755,0,0.0,False,False,False,495,0,0.0,52.73719999999997,0.2251136513860041,0.32211385484799804,0.0,0.0
FPT,BAD,UCB_WITHOUT_VAE_UNCERTAINTY,UCB-VAE without VAE uncertainty,56,43,train,0.1,0.05,1.0,96621,2691.140540000001,269.11405400000007,15.627465247560469,12.778591610815553,1.053702125698987,19.07297058890219,3,0.0004450378282153983,False,False,False,2226,0,0.0,87.35945999999987,0.4208889220170582,0.14764256255960645,0.0,0.0
FPT,BAD,UCB_WITHOUT_VAE_UNCERTAINTY,UCB-VAE without VAE uncertainty,56,43,test,0.1,0.05,1.0,96621,204.95024000000058,20.495024000000058,9.805370813140213,8.224123167604787,0.9448683343660406,4.576230176767469,0,0.002008032128514056,False,False,False,492,0,0.0,52.449759999999955,0.22776010306850716,0.3214055580726589,0.0,0.0
FPT,BAD,UCB_WITHOUT_VAE_UNCERTAINTY,UCB-VAE without VAE uncertainty,56,44,train,0.1,0.05,1.0,98868,2522.3739099999993,252.23739099999995,15.02734908265504,12.87527222230837,1.005976500578832,19.320193656441383,3,0.0,False,False,False,2229,0,0.0,85.85608999999985,0.4235550312096386,0.1468501269790826,0.0,0.0
FPT,BAD,UCB_WITHOUT_VAE_UNCERTAINTY,UCB-VAE without VAE uncertainty,56,44,test,0.1,0.05,1.0,98868,209.43958000000066,20.943958000000066,10.010436617909413,8.07838395923036,0.9837416622633611,4.576230176767469,0,0.002008032128514056,False,False,False,492,0,0.0,52.54041999999996,0.22445549138279913,0.32060897966704693,0.0,0.0
FPT,BAD,UCB_WITHOUT_VAE_UNCERTAINTY,UCB-VAE without VAE uncertainty,56,45,train,0.1,0.05,1.0,101115,2402.068309999999,240.20683099999994,14.58374867450065,12.449143462958494,1.0047767016738813,19.251538164704222,3,0.0,False,False,False,2227,0,0.0,87.10168999999988,0.41396352117532503,0.14716621506735383,0.0,0.0
FPT,BAD,UCB_WITHOUT_VAE_UNCERTAINTY,UCB-VAE without VAE uncertainty,56,45,test,0.1,0.05,1.0,101115,227.41727000000105,22.741727000000107,10.827852335390386,8.457558532218266,1.0315855728335948,4.516416641200753,0,0.002008032128514056,False,False,False,492,0,0.0,51.99272999999996,0.2282517260609188,0.3189820303136565,0.0,0.0
FPT,BAD,UCB_WITHOUT_VAE_UNCERTAINTY,UCB-VAE without VAE uncertainty,57,1,train,1.0,1.0,1.0,2247,388.03514999999993,38.803515,3.712979493782953,11.230467399847642,0.2054953655490064,26.84224399946313,3,0.0774365821094793,False,False,False,1824,0,0.0,73.33485000000006,0.21051643769257428,0.30389656442162405,0.0,0.0
FPT,BAD,UCB_WITHOUT_VAE_UNCERTAINTY,UCB-VAE without VAE uncertainty,57,1,test,1.0,1.0,1.0,2247,154.67527000000086,15.467527000000086,7.4823560875654005,14.101852673074228,0.4450128025789026,22.165398094791367,1,0.14859437751004015,False,False,False,318,0,0.0,27.27473,0.4664722858126488,0.45339588321236723,0.0,0.0
FPT,BAD,UCB_WITHOUT_VAE_UNCERTAINTY,UCB-VAE without VAE uncertainty,57,2,train,0.9045834549972122,0.8,1.0,4494,298.59768000000076,29.859768000000074,2.947766117806183,11.462327730549875,0.13853885142507763,27.955831180549602,4,0.054294615042278595,False,False,False,1834,0,0.0,74.10231999999998,0.22071926480076257,0.29690066229305007,0.0,0.0
FPT,BAD,UCB_WITHOUT_VAE_UNCERTAINTY,UCB-VAE without VAE uncertainty,57,2,test,0.9045834549972122,0.8,1.0,4494,154.67527000000086,15.467527000000086,7.4823560875654005,14.101852673074228,0.4450128025789026,22.165398094791367,1,0.14859437751004015,False,False,False,318,0,0.0,27.27473,0.4664722858126488,0.44613904574788715,0.0,0.0
FPT,BAD,UCB_WITHOUT_VAE_UNCERTAINTY,UCB-VAE without VAE uncertainty,57,3,train,0.8182712270546932,0.6400000000000001,1.0,6741,295.24001000000226,29.524001000000226,2.918135908203112,10.902032056433592,0.13718839917838613,26.457400442835095,3,0.05740987983978638,False,False,False,1838,0,0.0,74.16999000000008,0.21321475319741612,0.2929588638985481,0.0,0.0
FPT,BAD,UCB_WITHOUT_VAE_UNCERTAINTY,UCB-VAE without VAE uncertainty,57,3,test,0.8182712270546932,0.6400000000000001,1.0,6741,156.11242000000107,15.611242000000106,7.549453172146836,14.058537277907671,0.45042678007068215,22.165398094791367,1,0.14859437751004015,False,False,False,317,0,0.0,27.20758,0.46458270907374805,0.43903810390267506,0.0,0.0
FPT,BAD,UCB_WITHOUT_VAE_UNCERTAINTY,UCB-VAE without VAE uncertainty,57,4,train,0.7401946136939427,0.5120000000000001,1.0,8988,285.2626400000022,28.526264000000218,2.8296846530434516,11.432712721986082,0.1284876007142309,27.70299569793357,4,0.04450378282153983,False,False,False,1863,0,0.0,75.41736000000004,0.22141369917735343,0.2869314425950269,0.0,0.0
FPT,BAD,UCB_WITHOUT_VAE_UNCERTAINTY,UCB-VAE without VAE uncertainty,57,4,test,0.7401946136939427,0.5120000000000001,1.0,8988,150.96476000000075,15.096476000000076,7.3089286193167124,16.236715919533538,0.3964783484691259,23.889437144864395,1,0.1285140562248996,False,False,False,299,0,0.0,25.035240000000005,0.5202113214889197,0.4274277161941471,0.0,0.0
FPT,BAD,UCB_WITHOUT_VAE_UNCERTAINTY,UCB-VAE without VAE uncertainty,57,5,train,0.6695678010255933,0.4096000000000001,1.0,11235,265.82170000000156,26.582170000000154,2.6555696241048032,11.358283576922833,0.11352051723452969,27.98965626696909,4,0.052514463729417,False,False,False,1887,0,0.0,76.39830000000016,0.2232630689495172,0.28178638355117613,0.0,0.0
FPT,BAD,UCB_WITHOUT_VAE_UNCERTAINTY,UCB-VAE without VAE uncertainty,57,5,test,0.6695678010255933,0.4096000000000001,1.0,11235,149.5625800000007,14.95625800000007,7.243318878344729,16.30924434644834,0.39164991672600113,23.889437144864395,1,0.15461847389558234,False,False,False,298,0,0.0,25.05742,0.5172023704434352,0.421411888456967,0.0,0.0
FPT,BAD,UCB_WITHOUT_VAE_UNCERTAINTY,UCB-VAE without VAE uncertainty,57,6,train,0.6056799548066172,0.3276800000000001,1.0,13482,359.02646000000163,35.90264600000017,3.4697120549129545,11.228571436005025,0.18442139551391615,27.20121420337538,3,0.040498442367601244,False,False,False,1904,0,0.0,76.51354,0.21767023205465974,0.279977026652059,0.0,0.0
FPT,BAD,UCB_WITHOUT_VAE_UNCERTAINTY,UCB-VAE without VAE uncertainty,57,6,test,0.6056799548066172,0.3276800000000001,1.0,13482,149.69723000000067,14.969723000000068,7.249621048970933,16.302902738775536,0.3921022242385447,23.889437144864395,1,0.1285140562248996,False,False,False,299,0,0.0,25.05277,0.5209416660366052,0.4158218251354244,0.0,0.0
FPT,BAD,UCB_WITHOUT_VAE_UNCERTAINTY,UCB-VAE without VAE uncertainty,57,7,train,0.547888066141525,0.2621440000000001,1.0,15729,249.63791000000106,24.963791000000104,2.508803575194407,10.903196948957927,0.10037285592002737,27.956361428398335,3,0.04450378282153983,False,False,False,1924,0,0.0,77.63209000000009,0.2208898664214612,0.27530801637097363,0.0,0.0
FPT,BAD,UCB_WITHOUT_VAE_UNCERTAINTY,UCB-VAE without VAE uncertainty,57,7,test,0.547888066141525,0.2621440000000001,1.0,15729,145.154320000001,14.5154320000001,7.036790758113942,16.025367649262154,0.38362049681176846,21.546705827537185,1,0.23694779116465864,False,False,False,299,0,0.0,25.245680000000004,0.48755922668238594,0.41303531921292885,0.0,0.0
FPT,BAD,UCB_WITHOUT_VAE_UNCERTAINTY,UCB-VAE without VAE uncertainty,57,8,train,0.49561047982204176,0.20971520000000007,1.0,17976,203.77347000000054,20.377347000000054,2.0834992157752197,10.884768980572703,0.06182833342342772,28.445222614158983,3,0.04316866933689364,False,False,False,1943,0,0.0,78.61653000000008,0.2256746401047997,0.2712839854940023,0.0,0.0
FPT,BAD,UCB_WITHOUT_VAE_UNCERTAINTY,UCB-VAE without VAE uncertainty,57,8,test,0.49561047982204176,0.20971520000000007,1.0,17976,145.154320000001,14.5154320000001,7.036790758113942,16.025367649964984,0.38362049680197646,21.546705827537185,1,0.23694779116465864,False,False,False,299,0,0.0,25.245680000000004,0.4881318179829188,0.4091800563187006,0.0,0.0
FPT,BAD,UCB_WITHOUT_VAE_UNCERTAINTY,UCB-VAE without VAE uncertainty,57,9,train,0.4483210401702486,0.1677721600000001,1.0,20223,359.23961000000213,35.92396100000022,3.4715162988185444,11.036654782332732,0.18584700063666199,27.395041190269893,3,0.03871829105473965,False,False,False,1949,0,0.0,78.1103900000001,0.22323436835458801,0.27123156801350234,0.0,0.0
FPT,BAD,UCB_WITHOUT_VAE_UNCERTAINTY,UCB-VAE without VAE uncertainty,57,9,test,0.4483210401702486,0.1677721600000001,1.0,20223,230.9147500000006,23.09147500000006,10.986182180716874,17.78721463592249,0.5679471789313733,18.001544504986775,1,0.1285140562248996,False,False,False,297,0,0.0,24.895250000000004,0.5332686209402606,0.404479312011037,0.0,0.0
FPT,BAD,UCB_WITHOUT_VAE_UNCERTAINTY,UCB-VAE without VAE uncertainty,57,10,train,0.4055437954651474,0.13421772800000006,1.0,22470,429.1647700000017,42.91647700000017,4.050259863718653,11.345991569156567,0.23340897318703988,28.441177101613075,3,0.035603026257231864,False,False,False,1962,0,0.0,79.06523000000007,0.22437769045722197,0.2695139087255817,0.0,0.0
FPT,BAD,UCB_WITHOUT_VAE_UNCERTAINTY,UCB-VAE without VAE uncertainty,57,10,test,0.4055437954651474,0.13421772800000006,1.0,22470,230.26514000000066,23.026514000000063,10.956791503218088,17.791765527781543,0.5663449837960973,18.001544504986775,1,0.1285140562248996,False,False,False,297,0,0.0,24.894860000000005,0.5345125191795669,0.4012978854009425,0.0,0.0
FPT,BAD,UCB_WITHOUT_VAE_UNCERTAINTY,UCB-VAE without VAE uncertainty,57,11,train,0.3668482076545458,0.10737418240000006,1.0,24717,400.2779300000029,40.027793000000294,3.8142939217335803,11.168741483680334,0.2148603399438584,27.699615626392593,3,0.06186025812194036,False,False,False,1982,0,0.0,80.39207000000005,0.22275004611763555,0.2687272286820953,0.0,0.0
FPT,BAD,UCB_WITHOUT_VAE_UNCERTAINTY,UCB-VAE without VAE uncertainty,57,11,test,0.3668482076545458,0.10737418240000006,1.0,24717,230.26514000000066,23.026514000000063,10.956791503218088,17.791765527781543,0.5663449837960973,18.001544504986775,1,0.1285140562248996,False,False,False,297,0,0.0,24.894860000000005,0.5345125191795669,0.39832435449562875,0.0,0.0
FPT,BAD,UCB_WITHOUT_VAE_UNCERTAINTY,UCB-VAE without VAE uncertainty,57,12,train,0.3318448191396838,0.08589934592000005,1.0,26964,414.9190300000014,41.49190300000014,3.934426832008864,10.86138567390429,0.22848961405877447,26.96677754225343,3,0.06408544726301736,False,False,False,1988,0,0.0,81.27097000000006,0.21475300633419445,0.2680140256642977,0.0,0.0
FPT,BAD,UCB_WITHOUT_VAE_UNCERTAINTY,UCB-VAE without VAE uncertainty,57,12,test,0.3318448191396838,0.08589934592000005,1.0,26964,254.0525100000009,25.40525100000009,12.028023085715933,17.70012868898245,0.6231096678479333,18.001544504986775,1,0.1285140562248996,False,False,False,298,0,0.0,25.057489999999998,0.5304334836096907,0.39546447160492937,0.0,0.0
FPT,BAD,UCB_WITHOUT_VAE_UNCERTAINTY,UCB-VAE without VAE uncertainty,57,13,train,0.3001813330203001,0.06871947673600004,1.0,29211,402.2891400000003,40.22891400000003,3.830862228759546,10.97611214374651,0.21808923715363088,26.219028233558596,3,0.03159768580329328,False,False,False,1997,0,0.0,81.13086000000007,0.21564118662996545,0.26646823067637515,0.0,0.0
FPT,BAD,UCB_WITHOUT_VAE_UNCERTAINTY,UCB-VAE without VAE uncertainty,57,13,test,0.3001813330203001,0.06871947673600004,1.0,29211,229.0676700000006,22.90676700000006,10.902593409230455,17.820595681737245,0.562921433935938,18.001544504986775,1,0.1285140562248996,False,False,False,307,0,0.0,26.02232999999999,0.5439915348365412,0.39173079820641554,0.0,0.0
FPT,BAD,UCB_WITHOUT_VAE_UNCERTAINTY,UCB-VAE without VAE uncertainty,57,14,train,0.27153906734917177,0.054975581388800036,1.0,31458,490.7644800000005,49.07644800000005,4.539608117379079,11.134321493160527,0.2781918372096697,24.498805376821068,3,0.04717400979083222,False,False,False,2010,0,0.0,81.99552000000006,0.21611146765541742,0.26794053458628997,0.0,0.0
FPT,BAD,UCB_WITHOUT_VAE_UNCERTAINTY,UCB-VAE without VAE uncertainty,57,14,test,0.27153906734917177,0.054975581388800036,1.0,31458,229.0676700000006,22.90676700000006,10.902593409230455,17.820595681737245,0.562921433935938,18.001544504986775,1,0.1285140562248996,False,False,False,307,0,0.0,26.02232999999999,0.5439915348365412,0.3896009161410083,0.0,0.0
FPT,BAD,UCB_WITHOUT_VAE_UNCERTAINTY,UCB-VAE without VAE uncertainty,57,15,train,0.24562974770943447,0.05,1.0,33705,401.9371700000006,40.19371700000006,3.8279642323916008,11.018588027792857,0.21745179514708127,24.488500259892344,3,0.036048064085447265,False,False,False,2019,0,0.0,82.75283000000012,0.21663061663210764,0.26557316442078677,0.0,0.0
FPT,BAD,UCB_WITHOUT_VAE_UNCERTAINTY,UCB-VAE without VAE uncertainty,57,15,test,0.24562974770943447,0.05,1.0,33705,229.0676700000006,22.90676700000006,10.902593409230455,17.820595681737245,0.562921433935938,18.001544504986775,1,0.1285140562248996,False,False,False,307,0,0.0,26.02232999999999,0.5439915348365412,0.3877764017167819,0.0,0.0
FPT,BAD,UCB_WITHOUT_VAE_UNCERTAINTY,UCB-VAE without VAE uncertainty,57,16,train,0.2221926058330938,0.05,1.0,35952,396.4040800000007,39.64040800000007,3.7823215314802816,11.012437552184915,0.21345538812899892,24.07157324571423,3,0.046283934134401426,False,False,False,2033,0,0.0,83.67591999999999,0.21793862099606282,0.26507135799952913,0.0,0.0
FPT,BAD,UCB_WITHOUT_VAE_UNCERTAINTY,UCB-VAE without VAE uncertainty,57,16,test,0.2221926058330938,0.05,1.0,35952,226.03071000000068,22.603071000000067,10.765020972248184,17.870089625574696,0.5548504687691685,18.27687261801098,1,0.12650602409638553,False,False,False,307,0,0.0,26.01928999999999,0.5470338810336627,0.3858323825829958,0.0,0.0
FPT,BAD,UCB_WITHOUT_VAE_UNCERTAINTY,UCB-VAE without VAE uncertainty,57,17,train,0.20099175505933367,0.05,1.0,38199,489.0093000000011,48.90093000000011,4.5259158399937105,11.16167261247083,0.2766182928310741,24.908818999348902,3,0.04361370716510903,False,False,False,2040,0,0.0,84.61070000000008,0.22775657727495796,0.2642453522995466,0.0,0.0
FPT,BAD,UCB_WITHOUT_VAE_UNCERTAINTY,UCB-VAE without VAE uncertainty,57,17,test,0.20099175505933367,0.05,1.0,38199,212.8005500000006,21.28005500000006,10.163712145903524,18.02069965625851,0.5212310003263886,19.850446544202246,1,0.12650602409638553,False,False,False,303,0,0.0,25.349449999999997,0.5652096886846233,0.38232670658563517,0.0,0.0
FPT,BAD,UCB_WITHOUT_VAE_UNCERTAINTY,UCB-VAE without VAE uncertainty,57,18,train,0.18181381621752543,0.05,1.0,40446,518.8495400000002,51.884954000000015,4.756774991265944,11.430273561245032,0.2922394801288758,24.49952113513234,3,0.029372496662216287,False,False,False,2057,0,0.0,86.61046000000002,0.24731804504039398,0.26355578651561384,0.0,0.0
FPT,BAD,UCB_WITHOUT_VAE_UNCERTAINTY,UCB-VAE without VAE uncertainty,57,18,test,0.18181381621752543,0.05,1.0,40446,189.8960600000005,18.989606000000048,9.114926568424808,17.707633552787335,0.47282077125580735,19.850446544202246,1,0.1285140562248996,False,False,False,306,0,0.0,25.92393999999999,0.5566051812983945,0.3810475915670395,0.0,0.0
FPT,BAD,UCB_WITHOUT_VAE_UNCERTAINTY,UCB-VAE without VAE uncertainty,57,19,train,0.16446577004027732,0.05,1.0,42693,464.10318999999936,46.41031899999993,4.330059408699705,11.043544003479397,0.26128496487690067,24.432125234198995,2,0.025367156208277702,False,False,False,2066,0,0.0,86.24681000000008,0.24476466190593882,0.2632123073857256,0.0,0.0
FPT,BAD,UCB_WITHOUT_VAE_UNCERTAINTY,UCB-VAE without VAE uncertainty,57,19,test,0.16446577004027732,0.05,1.0,42693,227.07373000000052,22.707373000000054,10.812288266954972,17.841613302768643,0.5578629232479402,17.75200528448365,1,0.1827309236947791,False,False,False,304,0,0.0,25.67626999999999,0.5427415142018992,0.38023216214524697,0.0,0.0
FPT,BAD,UCB_WITHOUT_VAE_UNCERTAINTY,UCB-VAE without VAE uncertainty,57,20,train,0.14877301449181102,0.05,1.0,44940,515.1202699999988,51.51202699999987,4.728145053455801,11.201686922484257,0.29345016471921076,24.28211963624186,2,0.03693813974187806,False,False,False,2071,0,0.0,86.24973000000003,0.24648380215462043,0.26335360443706135,0.0,0.0
FPT,BAD,UCB_WITHOUT_VAE_UNCERTAINTY,UCB-VAE without VAE uncertainty,57,20,test,0.14877301449181102,0.05,1.0,44940,225.82624000000078,22.582624000000077,10.755752508110138,17.82963242328043,0.5552284618166128,17.75200528448365,1,0.19477911646586346,False,False,False,305,0,0.0,25.67375999999999,0.5375432941230521,0.378675105910464,0.0,0.0
FPT,BAD,UCB_WITHOUT_VAE_UNCERTAINTY,UCB-VAE without VAE uncertainty,57,21,train,0.13457760745935274,0.05,1.0,47187,572.0247899999999,57.202479,5.158352242340047,11.313958108015221,0.3281679588254909,21.96763584332368,3,0.02358700489541611,False,False,False,2074,0,0.0,87.14521000000009,0.23626577590503306,0.26387605669567943,0.0,0.0
FPT,BAD,UCB_WITHOUT_VAE_UNCERTAINTY,UCB-VAE without VAE uncertainty,57,21,test,0.13457760745935274,0.05,1.0,47187,225.82624000000078,22.582624000000077,10.755752508110138,17.82963242328043,0.5552284618166128,17.75200528448365,1,0.19477911646586346,False,False,False,305,0,0.0,25.67375999999999,0.5375432941230521,0.3770669724448139,0.0,0.0
FPT,BAD,UCB_WITHOUT_VAE_UNCERTAINTY,UCB-VAE without VAE uncertainty,57,22,train,0.12173667712083987,0.05,1.0,49434,567.7792200000008,56.77792200000008,5.126736960541356,11.550728490946048,0.3211648947734083,22.58283987026588,3,0.024477080551846907,False,False,False,2083,0,0.0,88.16078000000005,0.2507131919590724,0.261643150460736,0.0,0.0
FPT,BAD,UCB_WITHOUT_VAE_UNCERTAINTY,UCB-VAE without VAE uncertainty,57,22,test,0.12173667712083987,0.05,1.0,49434,216.79378000000065,21.679378000000067,10.345546746667122,17.757828901024833,0.5356957375548791,17.75200528448365,1,0.19477911646586346,False,False,False,306,0,0.0,25.68622,0.5376603241085816,0.37544853991294,0.0,0.0
FPT,BAD,UCB_WITHOUT_VAE_UNCERTAINTY,UCB-VAE without VAE uncertainty,57,23,train,0.11012098398984942,0.05,1.0,51681,616.3107700000005,61.63107700000005,5.483686445087277,11.49815667114082,0.3518271598329138,22.577417852391708,3,0.023141967067200713,False,False,False,2086,0,0.0,88.07922999999997,0.24983363108418155,0.26056052352793757,0.0,0.0
FPT,BAD,UCB_WITHOUT_VAE_UNCERTAINTY,UCB-VAE without VAE uncertainty,57,23,test,0.11012098398984942,0.05,1.0,51681,216.79378000000065,21.679378000000067,10.345546746667122,17.757828901024833,0.5356957375548791,17.75200528448365,1,0.19477911646586346,False,False,False,306,0,0.0,25.68622,0.5376603241085816,0.3735465040527673,0.0,0.0
FPT,BAD,UCB_WITHOUT_VAE_UNCERTAINTY,UCB-VAE without VAE uncertainty,57,24,train,0.1,0.05,1.0,53928,638.4950100000003,63.84950100000003,5.643688484100662,11.718141179695209,0.36042976268922083,21.113279031744884,3,0.030262572318647086,False,False,False,2093,0,0.0,88.87499000000003,0.25291889977891185,0.26091904899094653,0.0,0.0
FPT,BAD,UCB_WITHOUT_VAE_UNCERTAINTY,UCB-VAE without VAE uncertainty,57,24,test,0.1,0.05,1.0,53928,274.24217000000044,27.424217000000045,12.929318661150656,18.821528174485255,0.6396700601563432,17.621253985669437,1,0.10843373493975904,False,False,False,308,0,0.0,25.76783,0.554523157313125,0.37187764162279996,0.0,0.0
FPT,BAD,UCB_WITHOUT_VAE_UNCERTAINTY,UCB-VAE without VAE uncertainty,57,25,train,0.1,0.05,1.0,56175,547.0472499999996,54.70472499999997,4.971251496489737,11.584301503858429,0.30766242247343856,21.08452036158816,3,0.027147307521139297,False,False,False,2094,0,0.0,89.56275000000001,0.25365335368705433,0.25787811724342236,0.0,0.0
FPT,BAD,UCB_WITHOUT_VAE_UNCERTAINTY,UCB-VAE without VAE uncertainty,57,25,test,0.1,0.05,1.0,56175,274.24217000000044,27.424217000000045,12.929318661150656,18.821528174485255,0.6396700601563432,17.621253985669437,1,0.10843373493975904,False,False,False,308,0,0.0,25.76783,0.554523157313125,0.3702489047584285,0.0,0.0
FPT,BAD,UCB_WITHOUT_VAE_UNCERTAINTY,UCB-VAE without VAE uncertainty,57,26,train,0.1,0.05,1.0,58422,642.9819999999991,64.29819999999991,5.675816243434628,11.561668022724508,0.3663813189263947,20.856633133502342,3,0.027592345349354695,False,False,False,2097,0,0.0,89.17799999999998,0.2538244359236993,0.25797195892746205,0.0,0.0
FPT,BAD,UCB_WITHOUT_VAE_UNCERTAINTY,UCB-VAE without VAE uncertainty,57,26,test,0.1,0.05,1.0,58422,273.6360400000003,27.36360400000003,12.902364188640547,18.78295598329531,0.6393084030727377,17.621253985669437,1,0.11847389558232932,False,False,False,308,0,0.0,25.763960000000004,0.5517388286501791,0.3689742406388842,0.0,0.0
FPT,BAD,UCB_WITHOUT_VAE_UNCERTAINTY,UCB-VAE without VAE uncertainty,57,27,train,0.1,0.05,1.0,60669,626.243140000001,62.62431400000009,5.55556264523025,11.55469071238663,0.35659116478274266,21.274657976036064,3,0.03159768580329328,False,False,False,2101,0,0.0,89.93685999999992,0.2527612118311741,0.25757533440496533,0.0,0.0
FPT,BAD,UCB_WITHOUT_VAE_UNCERTAINTY,UCB-VAE without VAE uncertainty,57,27,test,0.1,0.05,1.0,60669,273.6360400000003,27.36360400000003,12.902364188640547,18.78295598329531,0.6393084030727377,17.621253985669437,1,0.11847389558232932,False,False,False,308,0,0.0,25.763960000000004,0.5517388286501791,0.36735308251108034,0.0,0.0
FPT,BAD,UCB_WITHOUT_VAE_UNCERTAINTY,UCB-VAE without VAE uncertainty,57,28,train,0.1,0.05,1.0,62916,905.2397000000017,90.52397000000016,7.430307482194887,12.096055948904596,0.49268993979262826,21.07317039862501,3,0.024922118380062305,False,False,False,2111,0,0.0,89.06030000000011,0.2642737288399764,0.25815915156853797,0.0,0.0
FPT,BAD,UCB_WITHOUT_VAE_UNCERTAINTY,UCB-VAE without VAE uncertainty,57,28,test,0.1,0.05,1.0,62916,273.6360400000003,27.36360400000003,12.902364188640547,18.78295598329531,0.6393084030727377,17.621253985669437,1,0.11847389558232932,False,False,False,308,0,0.0,25.763960000000004,0.5517388286501791,0.3659218920462103,0.0,0.0
FPT,BAD,UCB_WITHOUT_VAE_UNCERTAINTY,UCB-VAE without VAE uncertainty,57,29,train,0.1,0.05,1.0,65163,609.5991300000005,60.95991300000006,5.434894657347589,11.24941683125664,0.3529282235371064,21.148679156244853,3,0.017356475300400534,False,False,False,2114,0,0.0,90.55087,0.25161130147047217,0.25585661865654763,0.0,0.0
FPT,BAD,UCB_WITHOUT_VAE_UNCERTAINTY,UCB-VAE without VAE uncertainty,57,29,test,0.1,0.05,1.0,65163,273.5909800000002,27.359098000000014,12.900360124776512,18.76788859072969,0.6395871027318691,17.621253985669437,1,0.27309236947791166,False,False,False,310,0,0.0,25.989020000000004,0.5364511132064099,0.36511960116974324,0.0,0.0
FPT,BAD,UCB_WITHOUT_VAE_UNCERTAINTY,UCB-VAE without VAE uncertainty,57,30,train,0.1,0.05,1.0,67410,716.0541999999998,71.60541999999998,6.188344153393133,11.493649445818036,0.41036119136384536,20.520735378729647,3,0.019581664441477527,False,False,False,2122,0,0.0,90.62580000000005,0.25538408618175773,0.2551975737764775,0.0,0.0
FPT,BAD,UCB_WITHOUT_VAE_UNCERTAINTY,UCB-VAE without VAE uncertainty,57,30,test,0.1,0.05,1.0,67410,274.13917000000015,27.413917000000016,12.924738723658669,18.772118702990408,0.6406461282179438,17.621253985669437,1,0.24096385542168675,False,False,False,313,0,0.0,26.190830000000002,0.5425431149016862,0.3626575334423996,0.0,0.0
FPT,BAD,UCB_WITHOUT_VAE_UNCERTAINTY,UCB-VAE without VAE uncertainty,57,31,train,0.1,0.05,1.0,69657,647.980530000001,64.7980530000001,5.711515033911341,11.426509957585273,0.37237910296617777,20.148107433691592,3,0.0267022696929239,False,False,False,2120,0,0.0,91.06947,0.2533277164687407,0.25407770216716996,0.0,0.0
FPT,BAD,UCB_WITHOUT_VAE_UNCERTAINTY,UCB-VAE without VAE uncertainty,57,31,test,0.1,0.05,1.0,69657,273.5693600000002,27.35693600000002,12.899398552963138,18.77347709803538,0.6394068080767592,17.621253985669437,1,0.24096385542168675,False,False,False,313,0,0.0,26.190640000000002,0.542114395900369,0.3609387873705611,0.0,0.0
FPT,BAD,UCB_WITHOUT_VAE_UNCERTAINTY,UCB-VAE without VAE uncertainty,57,32,train,0.1,0.05,1.0,71904,634.0790600000021,63.4079060000002,5.611992942953048,11.31334786543455,0.3665606454504303,20.00652168607492,3,0.0258121940364931,False,False,False,2123,0,0.0,91.58093999999997,0.25019765267031085,0.2529495337710255,0.0,0.0
FPT,BAD,UCB_WITHOUT_VAE_UNCERTAINTY,UCB-VAE without VAE uncertainty,57,32,test,0.1,0.05,1.0,71904,288.4080099999999,28.84080099999999,13.557460929127775,18.752430373295283,0.671191766705896,17.621253985669437,1,0.23694779116465864,False,False,False,310,0,0.0,26.001990000000006,0.5376642343406477,0.3597722070284158,0.0,0.0
FPT,BAD,UCB_WITHOUT_VAE_UNCERTAINTY,UCB-VAE without VAE uncertainty,57,33,train,0.1,0.05,1.0,74151,622.1251300000004,62.21251300000004,5.525809894261857,11.292807644425677,0.35972148469705545,19.23992519317057,3,0.03426791277258567,False,False,False,2128,0,0.0,91.60486999999996,0.24931878162400536,0.25181908613716597,0.0,0.0
FPT,BAD,UCB_WITHOUT_VAE_UNCERTAINTY,UCB-VAE without VAE uncertainty,57,33,test,0.1,0.05,1.0,74151,274.1764000000003,27.417640000000027,12.926394192256762,18.72366002296841,0.6418890093956596,17.621253985669437,1,0.24096385542168675,False,False,False,312,0,0.0,26.123600000000003,0.5386717317112084,0.3581183810370514,0.0,0.0
FPT,BAD,UCB_WITHOUT_VAE_UNCERTAINTY,UCB-VAE without VAE uncertainty,57,34,train,0.1,0.05,1.0,76398,622.8385200000018,62.28385200000018,5.530968963356653,11.420807371826873,0.35735188677287505,20.094067862570203,3,0.021806853582554516,False,False,False,2133,0,0.0,91.92147999999996,0.2526153141738842,0.2502073576125931,0.0,0.0
FPT,BAD,UCB_WITHOUT_VAE_UNCERTAINTY,UCB-VAE without VAE uncertainty,57,34,test,0.1,0.05,1.0,76398,274.1764000000003,27.417640000000027,12.926394192256762,18.72366002296841,0.6418890093956596,17.621253985669437,1,0.24096385542168675,False,False,False,312,0,0.0,26.123600000000003,0.5386717317112084,0.35658358537169343,0.0,0.0
FPT,BAD,UCB_WITHOUT_VAE_UNCERTAINTY,UCB-VAE without VAE uncertainty,57,35,train,0.1,0.05,1.0,78645,624.8860100000002,62.488601000000024,5.545764743741688,11.265940147812692,0.3619909144961876,18.691204481420144,3,0.03159768580329328,False,False,False,2136,0,0.0,91.50398999999992,0.2435678370532375,0.25023018366159416,0.0,0.0
FPT,BAD,UCB_WITHOUT_VAE_UNCERTAINTY,UCB-VAE without VAE uncertainty,57,35,test,0.1,0.05,1.0,78645,274.1764000000003,27.417640000000027,12.926394192256762,18.72366002296841,0.6418890093956596,17.621253985669437,1,0.24096385542168675,False,False,False,312,0,0.0,26.123600000000003,0.5386717317112084,0.3551573144144801,0.0,0.0
FPT,BAD,UCB_WITHOUT_VAE_UNCERTAINTY,UCB-VAE without VAE uncertainty,57,36,train,0.1,0.05,1.0,80892,637.8483599999995,63.78483599999994,5.639051893520519,11.342205342356893,0.3681814380157772,20.870020747061755,3,0.03159768580329328,False,False,False,2136,0,0.0,92.23163999999991,0.25336718466136376,0.2488337143307322,0.0,0.0
FPT,BAD,UCB_WITHOUT_VAE_UNCERTAINTY,UCB-VAE without VAE uncertainty,57,36,test,0.1,0.05,1.0,80892,286.3737600000002,28.63737600000002,13.467470491220723,18.75555969640698,0.6668450267626943,17.621253985669437,1,0.23493975903614459,False,False,False,309,0,0.0,25.786240000000003,0.5426402884934387,0.35353849971868906,0.0,0.0
FPT,BAD,UCB_WITHOUT_VAE_UNCERTAINTY,UCB-VAE without VAE uncertainty,57,37,train,0.1,0.05,1.0,83139,610.2832400000023,61.028324000000225,5.43987621789801,11.221155382478793,0.35398002804721984,19.938405266883453,3,0.03960836671117045,False,False,False,2139,0,0.0,91.57676000000001,0.2548947831510324,0.24793823213247282,0.0,0.0
FPT,BAD,UCB_WITHOUT_VAE_UNCERTAINTY,UCB-VAE without VAE uncertainty,57,37,test,0.1,0.05,1.0,83139,286.3737600000002,28.63737600000002,13.467470491220723,18.75555969640698,0.6668450267626943,17.621253985669437,1,0.23493975903614459,False,False,False,309,0,0.0,25.786240000000003,0.5426402884934387,0.35186660603945513,0.0,0.0
FPT,BAD,UCB_WITHOUT_VAE_UNCERTAINTY,UCB-VAE without VAE uncertainty,57,38,train,0.1,0.05,1.0,85386,646.160960000002,64.6160960000002,5.6985310779423815,11.186458334823532,0.3768231498866248,20.066928355886827,3,0.02848242100578549,False,False,False,2141,0,0.0,92.03904000000003,0.25279146307992584,0.24677157574791245,0.0,0.0
FPT,BAD,UCB_WITHOUT_VAE_UNCERTAINTY,UCB-VAE without VAE uncertainty,57,38,test,0.1,0.05,1.0,85386,296.6378300000001,29.66378300000001,13.920808236527238,20.04592380384242,0.656251988921484,18.904483022638786,3,0.1144578313253012,False,False,False,302,0,0.0,25.952170000000002,0.5524151802600877,0.3504690739165348,0.0,0.0
FPT,BAD,UCB_WITHOUT_VAE_UNCERTAINTY,UCB-VAE without VAE uncertainty,57,39,train,0.1,0.05,1.0,87633,689.6578099999997,68.96578099999996,6.005478226633487,11.229794783758447,0.4018281395706375,19.807842469398956,3,0.03204272363150868,False,False,False,2139,0,0.0,91.51219000000005,0.25196227732701776,0.24611155748778468,0.0,0.0
FPT,BAD,UCB_WITHOUT_VAE_UNCERTAINTY,UCB-VAE without VAE uncertainty,57,39,test,0.1,0.05,1.0,87633,224.35466000000042,22.435466000000044,10.68902420945057,17.668276350483314,0.5552104572627221,16.27879916741979,1,0.19879518072289157,False,False,False,311,0,0.0,27.365339999999996,0.528715701208507,0.34807903639762755,0.0,0.0
FPT,BAD,UCB_WITHOUT_VAE_UNCERTAINTY,UCB-VAE without VAE uncertainty,57,40,train,0.1,0.05,1.0,89880,631.2207200000014,63.12207200000014,5.59143655742762,11.280378153137145,0.36554487873689046,19.691472617822576,3,0.032487761459724075,False,False,False,2141,0,0.0,92.05927999999996,0.25792429738527495,0.24392435496774947,0.0,0.0
FPT,BAD,UCB_WITHOUT_VAE_UNCERTAINTY,UCB-VAE without VAE uncertainty,57,40,test,0.1,0.05,1.0,89880,222.09321000000045,22.209321000000045,10.586401577922766,17.689871469597882,0.5494578682067813,16.27879916741979,1,0.19879518072289157,False,False,False,306,0,0.0,26.816789999999994,0.5301161972540743,0.3462312930977967,0.0,0.0
FPT,BAD,UCB_WITHOUT_VAE_UNCERTAINTY,UCB-VAE without VAE uncertainty,57,41,train,0.1,0.05,1.0,92127,626.0757500000016,62.60757500000016,5.554354553603491,11.147577787730183,0.36539942006275067,19.703422312880374,3,0.02892745883400089,False,False,False,2143,0,0.0,92.37424999999999,0.2552687595458023,0.24324192184644855,0.0,0.0
FPT,BAD,UCB_WITHOUT_VAE_UNCERTAINTY,UCB-VAE without VAE uncertainty,57,41,test,0.1,0.05,1.0,92127,223.3053700000005,22.33053700000005,10.641420098464028,17.709334429031685,0.5518614625551848,16.16472292363976,1,0.21084337349397592,False,False,False,303,0,0.0,26.504629999999995,0.530714142426005,0.3451735851874792,0.0,0.0
FPT,BAD,UCB_WITHOUT_VAE_UNCERTAINTY,UCB-VAE without VAE uncertainty,57,42,train,0.1,0.05,1.0,94374,655.1002399999995,65.51002399999996,5.762197182133422,11.211640059657597,0.3816872158279648,19.354676715501657,3,0.030707610146862484,False,False,False,2143,0,0.0,92.87976000000005,0.25849751657028586,0.24232605117583306,0.0,0.0
FPT,BAD,UCB_WITHOUT_VAE_UNCERTAINTY,UCB-VAE without VAE uncertainty,57,42,test,0.1,0.05,1.0,94374,202.8457100000005,20.28457100000005,9.70910822352058,17.613768915934237,0.5054480206672844,16.16472292363976,1,0.2289156626506024,False,False,False,305,0,0.0,27.084289999999992,0.526125371611082,0.34321794075420103,0.0,0.0
FPT,BAD,UCB_WITHOUT_VAE_UNCERTAINTY,UCB-VAE without VAE uncertainty,57,43,train,0.1,0.05,1.0,96621,658.0199799999996,65.80199799999995,5.7829255431206095,11.151244917494104,0.3849020626240573,19.214237206866848,3,0.018691588785046728,False,False,False,2146,0,0.0,93.40002000000008,0.2611528662449456,0.24039776020438394,0.0,0.0
FPT,BAD,UCB_WITHOUT_VAE_UNCERTAINTY,UCB-VAE without VAE uncertainty,57,43,test,0.1,0.05,1.0,96621,200.7503200000001,20.07503200000001,9.61318029078817,17.412526328869017,0.5041961857668901,16.16472292363976,1,0.19678714859437751,False,False,False,307,0,0.0,27.109680000000004,0.5295503695347671,0.34045467774073285,0.0,0.0
FPT,BAD,UCB_WITHOUT_VAE_UNCERTAINTY,UCB-VAE without VAE uncertainty,57,44,train,0.1,0.05,1.0,98868,658.1025000000009,65.8102500000001,5.783510912874212,11.322346944818886,0.3808324220386271,19.11343118519275,3,0.01913662661326213,False,False,False,2146,0,0.0,93.05750000000005,0.26434511824115764,0.23907334360484286,0.0,0.0
FPT,BAD,UCB_WITHOUT_VAE_UNCERTAINTY,UCB-VAE without VAE uncertainty,57,44,test,0.1,0.05,1.0,98868,244.4780900000003,24.447809000000028,11.598080232448282,17.595957039251754,0.603658475690547,16.16472292363976,1,0.19678714859437751,False,False,False,309,0,0.0,26.851910000000007,0.5341601404914994,0.33890278472838153,0.0,0.0
FPT,BAD,UCB_WITHOUT_VAE_UNCERTAINTY,UCB-VAE without VAE uncertainty,57,45,train,0.1,0.05,1.0,101115,701.5332400000025,70.15332400000025,6.088059414717306,11.031210372480583,0.414180461946439,18.581094591639793,3,0.01824655095683133,False,False,False,2150,0,0.0,93.02676000000005,0.2600871009035566,0.23849417317972005,0.0,0.0
FPT,BAD,UCB_WITHOUT_VAE_UNCERTAINTY,UCB-VAE without VAE uncertainty,57,45,test,0.1,0.05,1.0,101115,244.4780900000003,24.447809000000028,11.598080232448282,17.595957039251754,0.603658475690547,16.16472292363976,1,0.19678714859437751,False,False,False,309,0,0.0,26.851910000000007,0.5341601404914994,0.3372985934277615,0.0,0.0
FPT,BAD,UCB_WITHOUT_VAE_UNCERTAINTY,UCB-VAE without VAE uncertainty,58,1,train,1.0,1.0,1.0,2247,2065.183589999999,206.51835899999992,13.262916999394747,14.828350877769807,0.7865361425460141,19.648114108133026,7,0.11214953271028037,False,False,False,1311,0,0.0,70.20641000000003,0.382110380833811,0.20915545912772007,0.0,0.0
FPT,BAD,UCB_WITHOUT_VAE_UNCERTAINTY,UCB-VAE without VAE uncertainty,58,1,test,1.0,1.0,1.0,2247,243.6479900000004,24.36479900000004,11.560726765338035,21.42426697492898,0.5289692712054628,25.681314876866125,2,0.004016064257028112,False,False,False,472,0,0.0,64.92201000000003,0.8172641467497711,0.4862949010358757,0.0,0.0
FPT,BAD,UCB_WITHOUT_VAE_UNCERTAINTY,UCB-VAE without VAE uncertainty,58,2,train,0.9045834549972122,0.8,1.0,4494,2102.3544999999995,210.23544999999996,13.414817869437456,14.677029464268257,0.802309953634264,17.351595115720585,6,0.10725411659991099,False,False,False,1337,0,0.0,71.4455,0.3784397375606069,0.20576003369592166,0.0,0.0
FPT,BAD,UCB_WITHOUT_VAE_UNCERTAINTY,UCB-VAE without VAE uncertainty,58,2,test,0.9045834549972122,0.8,1.0,4494,248.83818000000042,24.88381800000004,11.794075316374975,21.71894637303912,0.5344818111367203,25.911038865915664,2,0.002008032128514056,False,False,False,476,0,0.0,65.88182000000003,0.8144998597501493,0.4828610392698801,0.0,0.0
FPT,BAD,UCB_WITHOUT_VAE_UNCERTAINTY,UCB-VAE without VAE uncertainty,58,3,train,0.8182712270546932,0.6400000000000001,1.0,6741,2058.861390000001,205.8861390000001,13.236918232383488,14.670508015571404,0.7918250388462543,17.589050415078407,6,0.14508233199821985,False,False,False,1340,0,0.0,71.04861,0.37753673248558905,0.20230049086203297,0.0,0.0
FPT,BAD,UCB_WITHOUT_VAE_UNCERTAINTY,UCB-VAE without VAE uncertainty,58,3,test,0.8182712270546932,0.6400000000000001,1.0,6741,256.0649800000001,25.60649800000001,12.118185530126313,21.708861854204436,0.5480920685731858,25.59501789234821,2,0.002008032128514056,False,False,False,479,0,0.0,65.45501999999999,0.8202647587651909,0.4776540152040351,0.0,0.0
FPT,BAD,UCB_WITHOUT_VAE_UNCERTAINTY,UCB-VAE without VAE uncertainty,58,4,train,0.7401946136939427,0.5120000000000001,1.0,8988,2105.4093000000007,210.54093000000006,13.427229420016573,14.499472570266784,0.81111559164642,16.901871648521215,6,0.15131286159323543,False,False,False,1358,0,0.0,72.53070000000002,0.3721675015974042,0.1993468407264645,0.0,0.0
FPT,BAD,UCB_WITHOUT_VAE_UNCERTAINTY,UCB-VAE without VAE uncertainty,58,4,test,0.7401946136939427,0.5120000000000001,1.0,8988,164.95962000000054,16.495962000000052,7.961595466349514,21.58884715256619,0.37363769322932056,32.02376512849735,4,0.0,False,False,False,487,0,0.0,66.24038000000003,0.8118258706816341,0.47371726378379575,0.0,0.0
FPT,BAD,UCB_WITHOUT_VAE_UNCERTAINTY,UCB-VAE without VAE uncertainty,58,5,train,0.6695678010255933,0.4096000000000001,1.0,11235,2102.6611600000006,210.26611600000007,13.416064309163822,14.487943277666094,0.8109446784082036,16.826766006984755,6,0.13974187805963506,False,False,False,1381,0,0.0,73.25884,0.371342906749486,0.19622020023528025,0.0,0.0
FPT,BAD,UCB_WITHOUT_VAE_UNCERTAINTY,UCB-VAE without VAE uncertainty,58,5,test,0.6695678010255933,0.4096000000000001,1.0,11235,220.54668000000015,22.054668000000017,10.516166902423386,21.20662248514851,0.4875869990771839,26.358169422025785,2,0.0,False,False,False,492,0,0.0,68.17332,0.8138430114910441,0.4697417665916274,0.0,0.0
FPT,BAD,UCB_WITHOUT_VAE_UNCERTAINTY,UCB-VAE without VAE uncertainty,58,6,train,0.6056799548066172,0.3276800000000001,1.0,13482,2100.341550000002,210.03415500000017,13.40663338215704,14.412109057780734,0.8138684636435367,16.9855962584904,6,0.1308411214953271,False,False,False,1403,0,0.0,74.82845000000006,0.36674835907256625,0.19395447992249282,0.0,0.0
FPT,BAD,UCB_WITHOUT_VAE_UNCERTAINTY,UCB-VAE without VAE uncertainty,58,6,test,0.6056799548066172,0.3276800000000001,1.0,13482,203.89734000000044,20.389734000000043,9.757220954164536,21.257021865511668,0.45422369054905626,26.352751101935933,2,0.0,False,False,False,496,0,0.0,68.90266,0.8124501735182711,0.4664272403262226,0.0,0.0
FPT,BAD,UCB_WITHOUT_VAE_UNCERTAINTY,UCB-VAE without VAE uncertainty,58,7,train,0.547888066141525,0.2621440000000001,1.0,15729,2086.1444400000014,208.61444400000013,13.348774615638836,14.387170920455938,0.8114514633161979,16.20389355777935,6,0.13707165109034267,False,False,False,1417,0,0.0,75.01555999999995,0.36871521681462005,0.1913015207596551,0.0,0.0
FPT,BAD,UCB_WITHOUT_VAE_UNCERTAINTY,UCB-VAE without VAE uncertainty,58,7,test,0.547888066141525,0.2621440000000001,1.0,15729,218.96494000000098,21.896494000000096,10.444287302505328,21.556151925245892,0.480206573208279,27.607745095623592,3,0.0,False,False,False,497,0,0.0,68.39506000000003,0.8098058464841825,0.4631662251480133,0.0,0.0
FPT,BAD,UCB_WITHOUT_VAE_UNCERTAINTY,UCB-VAE without VAE uncertainty,58,8,train,0.49561047982204176,0.20971520000000007,1.0,17976,2057.300030000001,205.7300030000001,13.230490101952563,14.148115029281024,0.8152969053722071,16.413257471017335,6,0.1299510458388963,False,False,False,1420,0,0.0,74.50997000000001,0.35988879946968466,0.18979858801359062,0.0,0.0
FPT,BAD,UCB_WITHOUT_VAE_UNCERTAINTY,UCB-VAE without VAE uncertainty,58,8,test,0.49561047982204176,0.20971520000000007,1.0,17976,145.06169000000023,14.506169000000021,7.032446773029322,21.290137695827966,0.33480882388172395,30.714207736025944,2,0.0,False,False,False,497,0,0.0,68.22830999999998,0.8096403019385278,0.46081447050753366,0.0,0.0
FPT,BAD,UCB_WITHOUT_VAE_UNCERTAINTY,UCB-VAE without VAE uncertainty,58,9,train,0.4483210401702486,0.1677721600000001,1.0,20223,2009.2266100000006,200.92266100000006,13.031129364796445,14.216100210978077,0.7996201723957268,16.580220196154475,6,0.11659991099243436,False,False,False,1460,0,0.0,76.24338999999992,0.3639372173114827,0.18784972064405958,0.0,0.0
FPT,BAD,UCB_WITHOUT_VAE_UNCERTAINTY,UCB-VAE without VAE uncertainty,58,9,test,0.4483210401702486,0.1677721600000001,1.0,20223,80.24429000000009,8.024429000000008,3.9485768998869686,21.507640812231887,0.19658665866311117,33.704890936831674,4,0.0,False,False,False,498,0,0.0,67.02571,0.8067645169786766,0.45854395173160906,0.0,0.0
FPT,BAD,UCB_WITHOUT_VAE_UNCERTAINTY,UCB-VAE without VAE uncertainty,58,10,train,0.4055437954651474,0.13421772800000006,1.0,22470,2029.2331600000011,202.92331600000014,13.114438097227366,14.135926006692607,0.8085956871872433,16.113953657971454,6,0.10191366266132622,False,False,False,1471,0,0.0,76.86683999999995,0.36062001043787273,0.1863241768282522,0.0,0.0
FPT,BAD,UCB_WITHOUT_VAE_UNCERTAINTY,UCB-VAE without VAE uncertainty,58,10,test,0.4055437954651474,0.13421772800000006,1.0,22470,77.52118999999993,7.752118999999993,3.817026547208391,21.486870604765624,0.19063318302667737,33.704890936831674,4,0.0,False,False,False,498,0,0.0,67.56880999999996,0.8025210623407382,0.4559498550781763,0.0,0.0
FPT,BAD,UCB_WITHOUT_VAE_UNCERTAINTY,UCB-VAE without VAE uncertainty,58,11,train,0.3668482076545458,0.10737418240000006,1.0,24717,1964.9238600000008,196.49238600000007,12.844883193316514,13.878751551015172,0.8036040134947402,16.11350292303418,6,0.105028927458834,False,False,False,1475,0,0.0,75.43614000000002,0.3493348560848741,0.18558936447409136,0.0,0.0
FPT,BAD,UCB_WITHOUT_VAE_UNCERTAINTY,UCB-VAE without VAE uncertainty,58,11,test,0.3668482076545458,0.10737418240000006,1.0,24717,117.49066999999991,11.749066999999991,5.73159635412912,21.47328455624393,0.27636724491433917,33.704890936831674,4,0.0,False,False,False,498,0,0.0,69.01932999999995,0.7991725625464962,0.4538597446009816,0.0,0.0
FPT,BAD,UCB_WITHOUT_VAE_UNCERTAINTY,UCB-VAE without VAE uncertainty,58,12,train,0.3318448191396838,0.08589934592000005,1.0,26964,2069.0707399999983,206.90707399999982,13.278878465058419,13.742581731306544,0.8384078503014447,13.312269909184332,6,0.12372051624388072,False,False,False,1501,0,0.0,74.72925999999995,0.3442968266862795,0.184529646014207,0.0,0.0
FPT,BAD,UCB_WITHOUT_VAE_UNCERTAINTY,UCB-VAE without VAE uncertainty,58,12,test,0.3318448191396838,0.08589934592000005,1.0,26964,92.05343000000016,9.205343000000015,4.517162244433637,21.304039117769538,0.22223250116217128,33.704890936831674,4,0.0,False,False,False,498,0,0.0,69.25656999999997,0.7993785121869461,0.4517902768400299,0.0,0.0
FPT,BAD,UCB_WITHOUT_VAE_UNCERTAINTY,UCB-VAE without VAE uncertainty,58,13,train,0.3001813330203001,0.06871947673600004,1.0,29211,2016.5970099999995,201.65970099999996,13.061877362272556,13.50639165893125,0.8363521708608599,13.328638922424426,5,0.12238540275923454,False,False,False,1537,0,0.0,77.61298999999995,0.34316614785205385,0.18317062941905812,0.0,0.0
FPT,BAD,UCB_WITHOUT_VAE_UNCERTAINTY,UCB-VAE without VAE uncertainty,58,13,test,0.3001813330203001,0.06871947673600004,1.0,29211,77.32733000000053,7.732733000000053,3.8076550433536527,21.83801854898413,0.19073615552497086,34.0392731980388,5,0.0,False,False,False,498,0,0.0,69.00267000000001,0.8110464855685372,0.4495154799945862,0.0,0.0
FPT,BAD,UCB_WITHOUT_VAE_UNCERTAINTY,UCB-VAE without VAE uncertainty,58,14,train,0.27153906734917177,0.054975581388800036,1.0,31458,2006.8536399999998,200.68536399999996,13.021215510853935,13.48493865080194,0.8347734384776581,13.320449524594302,5,0.12105028927458834,False,False,False,1563,0,0.0,77.64636,0.34102407990791084,0.18216186272445445,0.0,0.0
FPT,BAD,UCB_WITHOUT_VAE_UNCERTAINTY,UCB-VAE without VAE uncertainty,58,14,test,0.27153906734917177,0.054975581388800036,1.0,31458,149.98452000000043,14.998452000000043,7.263066166438548,22.183965480220927,0.3398376790247821,31.92515502030316,3,0.0,False,False,False,498,0,0.0,69.05548000000002,0.8121402535411933,0.44664046401719015,0.0,0.0
FPT,BAD,UCB_WITHOUT_VAE_UNCERTAINTY,UCB-VAE without VAE uncertainty,58,15,train,0.24562974770943447,0.05,1.0,33705,2046.7710000000006,204.67710000000005,13.187065668767373,13.272400874990323,0.8571316962163622,12.839664781543538,5,0.11303960836671118,False,False,False,1553,0,0.0,77.14899999999994,0.33300387948233784,0.18155026033646698,0.0,0.0
FPT,BAD,UCB_WITHOUT_VAE_UNCERTAINTY,UCB-VAE without VAE uncertainty,58,15,test,0.24562974770943447,0.05,1.0,33705,195.51334000000088,19.551334000000086,9.37306351079532,21.99410561934321,0.4302726133543607,31.09179175764829,3,0.0,False,False,False,498,0,0.0,70.32665999999999,0.805215200824476,0.44483525512448274,0.0,0.0
FPT,BAD,UCB_WITHOUT_VAE_UNCERTAINTY,UCB-VAE without VAE uncertainty,58,16,train,0.2221926058330938,0.05,1.0,35952,1990.1052099999993,199.01052099999993,12.951045082156053,13.219906366892445,0.8440893625506559,12.837920266350658,5,0.10369381397418781,False,False,False,1575,0,0.0,78.16478999999994,0.33030032955585437,0.18072376631674472,0.0,0.0
FPT,BAD,UCB_WITHOUT_VAE_UNCERTAINTY,UCB-VAE without VAE uncertainty,58,16,test,0.2221926058330938,0.05,1.0,35952,224.2495300000005,22.424953000000052,10.684255595981828,21.871723246823723,0.4862251862186252,28.603885383063687,2,0.0,False,False,False,498,0,0.0,71.12047,0.8094728129516386,0.4424481892801193,0.0,0.0
FPT,BAD,UCB_WITHOUT_VAE_UNCERTAINTY,UCB-VAE without VAE uncertainty,58,17,train,0.20099175505933367,0.05,1.0,38199,1989.9456499999997,198.99456499999997,12.950374899843698,13.165845743872296,0.8469639794533881,12.895029427351613,5,0.09746328437917223,False,False,False,1581,0,0.0,78.00434999999993,0.3291848736250352,0.1798055563694008,0.0,0.0
FPT,BAD,UCB_WITHOUT_VAE_UNCERTAINTY,UCB-VAE without VAE uncertainty,58,17,test,0.20099175505933367,0.05,1.0,38199,243.00955000000044,24.300955000000044,11.531989307078838,21.899475957672358,0.5210405753738523,28.603885383063687,2,0.0,False,False,False,498,0,0.0,72.72045000000001,0.8071239232818087,0.4405572330616564,0.0,0.0
FPT,BAD,UCB_WITHOUT_VAE_UNCERTAINTY,UCB-VAE without VAE uncertainty,58,18,train,0.18181381621752543,0.05,1.0,40446,1949.3182900000002,194.93182900000002,12.77868885416147,13.084929577621546,0.8396521186473631,12.69032788903804,4,0.09167779261237205,False,False,False,1591,0,0.0,78.53170999999999,0.32473927609970415,0.17915888194327997,0.0,0.0
FPT,BAD,UCB_WITHOUT_VAE_UNCERTAINTY,UCB-VAE without VAE uncertainty,58,18,test,0.18181381621752543,0.05,1.0,40446,247.72509000000036,24.77250900000004,11.744072068003186,21.89659982397342,0.5298335833203922,28.603885383063687,2,0.0,False,False,False,498,0,0.0,73.00491000000001,0.8043739909712119,0.4386127614173066,0.0,0.0
FPT,BAD,UCB_WITHOUT_VAE_UNCERTAINTY,UCB-VAE without VAE uncertainty,58,19,train,0.16446577004027732,0.05,1.0,42693,1917.7638100000008,191.77638100000007,12.643887188995851,13.115928141325126,0.8287789902977123,12.877386408827135,5,0.1041388518024032,False,False,False,1618,0,0.0,78.98618999999994,0.32713248147801965,0.17796645483269816,0.0,0.0
FPT,BAD,UCB_WITHOUT_VAE_UNCERTAINTY,UCB-VAE without VAE uncertainty,58,19,test,0.16446577004027732,0.05,1.0,42693,162.59564,16.259564,7.851623802099139,21.638282763297447,0.36826363892995934,30.84323057446059,3,0.0,False,False,False,498,0,0.0,73.00435999999999,0.7937920110657983,0.43740363054007414,0.0,0.0
FPT,BAD,UCB_WITHOUT_VAE_UNCERTAINTY,UCB-VAE without VAE uncertainty,58,20,train,0.14877301449181102,0.05,1.0,44940,1933.355480000001,193.3355480000001,12.710656341908798,13.034399677348285,0.8377420990059149,12.54542272700149,5,0.08544726301735647,False,False,False,1624,0,0.0,79.94451999999997,0.32341321318339794,0.1770507277954829,0.0,0.0
FPT,BAD,UCB_WITHOUT_VAE_UNCERTAINTY,UCB-VAE without VAE uncertainty,58,20,test,0.14877301449181102,0.05,1.0,44940,215.00306000000046,21.500306000000048,10.26404185338241,21.79505821405844,0.46957165376549115,30.139164107193345,2,0.0,False,False,False,498,0,0.0,73.31694000000002,0.8017469333739328,0.4353464673680953,0.0,0.0
FPT,BAD,UCB_WITHOUT_VAE_UNCERTAINTY,UCB-VAE without VAE uncertainty,58,21,train,0.13457760745935274,0.05,1.0,47187,1928.6553200000017,192.86553200000017,12.690561840748682,12.979805848457602,0.8393305762654222,12.945683021379661,4,0.09568313306631064,False,False,False,1633,0,0.0,79.96468000000003,0.32085456695453185,0.1762228786487764,0.0,0.0
FPT,BAD,UCB_WITHOUT_VAE_UNCERTAINTY,UCB-VAE without VAE uncertainty,58,21,test,0.13457760745935274,0.05,1.0,47187,192.5624300000004,19.25624300000004,9.237532686001227,21.826015225033473,0.4259819256380001,30.139164107193345,2,0.0,False,False,False,498,0,0.0,73.38757,0.8003374391256487,0.43352869431297464,0.0,0.0
FPT,BAD,UCB_WITHOUT_VAE_UNCERTAINTY,UCB-VAE without VAE uncertainty,58,22,train,0.12173667712083987,0.05,1.0,49434,1889.6524599999998,188.96524599999998,12.522698834299927,12.991112285048507,0.8271245262590328,12.898923118474844,4,0.09167779261237205,False,False,False,1633,0,0.0,80.36754000000005,0.32232379891961294,0.1751216156420625,0.0,0.0
FPT,BAD,UCB_WITHOUT_VAE_UNCERTAINTY,UCB-VAE without VAE uncertainty,58,22,test,0.12173667712083987,0.05,1.0,49434,199.63991000000033,19.963991000000032,9.562311387824218,21.397841003625533,0.44429616886454176,28.851421705615433,3,0.0,False,False,False,498,0,0.0,74.41008999999997,0.7994148734426326,0.4313887414264392,0.0,0.0
FPT,BAD,UCB_WITHOUT_VAE_UNCERTAINTY,UCB-VAE without VAE uncertainty,58,23,train,0.11012098398984942,0.05,1.0,51681,1846.4515000000006,184.64515000000006,12.334400729436478,13.004867416791182,0.8134019083691201,12.79504208486969,4,0.09746328437917223,False,False,False,1650,0,0.0,80.9685,0.32290667115495375,0.17429460868948982,0.0,0.0
FPT,BAD,UCB_WITHOUT_VAE_UNCERTAINTY,UCB-VAE without VAE uncertainty,58,23,test,0.11012098398984942,0.05,1.0,51681,210.59226999999987,21.059226999999986,10.06302841304989,21.477748164542977,0.46483834529650725,28.851421705615433,3,0.0,False,False,False,498,0,0.0,75.73773,0.7978901182660832,0.4294293058445176,0.0,0.0
FPT,BAD,UCB_WITHOUT_VAE_UNCERTAINTY,UCB-VAE without VAE uncertainty,58,24,train,0.1,0.05,1.0,53928,1796.2206000000006,179.62206000000006,12.11224094848442,12.770053976681373,0.8103310371377794,12.782503055597182,4,0.09790832220738763,False,False,False,1640,0,0.0,79.75940000000003,0.31864937220038997,0.17354491020461216,0.0,0.0
FPT,BAD,UCB_WITHOUT_VAE_UNCERTAINTY,UCB-VAE without VAE uncertainty,58,24,test,0.1,0.05,1.0,53928,158.56912000000057,15.856912000000056,7.664054426416,21.400288619372947,0.36183584767772076,29.342601089264626,2,0.0,False,False,False,498,0,0.0,75.93087999999999,0.7907917296560434,0.4276008800450099,0.0,0.0
FPT,BAD,UCB_WITHOUT_VAE_UNCERTAINTY,UCB-VAE without VAE uncertainty,58,25,train,0.1,0.05,1.0,56175,1728.1204199999997,172.81204199999996,11.80531577814734,12.670026135951359,0.7939076271999375,13.33777990921603,4,0.10903426791277258,False,False,False,1633,0,0.0,80.05958000000003,0.3131020420970631,0.17290511965075225,0.0,0.0
FPT,BAD,UCB_WITHOUT_VAE_UNCERTAINTY,UCB-VAE without VAE uncertainty,58,25,test,0.1,0.05,1.0,56175,126.0466700000004,12.604667000000042,6.136978334106513,21.34678102208632,0.29483073970905094,29.746041037337704,3,0.0,False,False,False,498,0,0.0,75.66332999999997,0.7856797663242098,0.42632320639957866,0.0,0.0
FPT,BAD,UCB_WITHOUT_VAE_UNCERTAINTY,UCB-VAE without VAE uncertainty,58,26,train,0.1,0.05,1.0,58422,1798.2402400000005,179.82402400000007,12.121241540092065,12.695202463688782,0.8150024141442983,12.727463120163856,4,0.10235870048954161,False,False,False,1645,0,0.0,80.47976000000007,0.312901653822333,0.1717791601644127,0.0,0.0
FPT,BAD,UCB_WITHOUT_VAE_UNCERTAINTY,UCB-VAE without VAE uncertainty,58,26,test,0.1,0.05,1.0,58422,35.97029999999995,3.5970299999999957,1.7888023039259737,21.55626718773562,0.09847798333269679,34.86333671852866,3,0.0,False,False,False,498,0,0.0,76.0297,0.7810740549596709,0.425098883638899,0.0,0.0
FPT,BAD,UCB_WITHOUT_VAE_UNCERTAINTY,UCB-VAE without VAE uncertainty,58,27,train,0.1,0.05,1.0,60669,1866.7797200000005,186.67797200000004,12.423318553970631,12.575639864183502,0.8431178196457181,13.138832149357837,4,0.09701824655095684,False,False,False,1640,0,0.0,80.44028000000004,0.3062170509836156,0.17111081934712652,0.0,0.0
FPT,BAD,UCB_WITHOUT_VAE_UNCERTAINTY,UCB-VAE without VAE uncertainty,58,27,test,0.1,0.05,1.0,60669,110.8249600000006,11.08249600000006,5.414703097495521,21.446249234374957,0.262478320875276,30.781503805020545,3,0.0,False,False,False,498,0,0.0,76.29504,0.786573154198964,0.4225780180838692,0.0,0.0
FPT,BAD,UCB_WITHOUT_VAE_UNCERTAINTY,UCB-VAE without VAE uncertainty,58,28,train,0.1,0.05,1.0,62916,1798.967760000001,179.8967760000001,12.124482342210596,12.648588967984056,0.8177707935662256,13.32585369907176,4,0.09078771695594126,False,False,False,1649,0,0.0,80.21224000000011,0.31248488075030456,0.169711872083137,0.0,0.0
FPT,BAD,UCB_WITHOUT_VAE_UNCERTAINTY,UCB-VAE without VAE uncertainty,58,28,test,0.1,0.05,1.0,62916,112.43767000000025,11.243767000000025,5.491459335802706,21.55256410086425,0.2655984439304043,32.203475137185286,3,0.0,False,False,False,498,0,0.0,76.07233000000002,0.7849834348983696,0.421027927094674,0.0,0.0
FPT,BAD,UCB_WITHOUT_VAE_UNCERTAINTY,UCB-VAE without VAE uncertainty,58,29,train,0.1,0.05,1.0,65163,1829.4155600000013,182.94155600000013,12.259447925697886,12.44319435009257,0.8389433543124856,12.381886016991086,4,0.08366711170449488,False,False,False,1631,0,0.0,79.60444000000004,0.3049097335055774,0.16930859704540474,0.0,0.0
FPT,BAD,UCB_WITHOUT_VAE_UNCERTAINTY,UCB-VAE without VAE uncertainty,58,29,test,0.1,0.05,1.0,65163,126.93052000000057,12.693052000000057,6.178767416686326,21.576634530725286,0.2959468675028094,32.01519656673903,4,0.0,False,False,False,498,0,0.0,76.58948000000005,0.7877997831805089,0.41954944279777956,0.0,0.0
FPT,BAD,UCB_WITHOUT_VAE_UNCERTAINTY,UCB-VAE without VAE uncertainty,58,30,train,0.1,0.05,1.0,67410,1854.0747100000003,185.40747100000004,12.367811415311337,12.403048792754614,0.849078774756458,12.801216717782445,4,0.08678237650200267,False,False,False,1633,0,0.0,80.15529000000002,0.30243682097750346,0.1685507914468374,0.0,0.0
FPT,BAD,UCB_WITHOUT_VAE_UNCERTAINTY,UCB-VAE without VAE uncertainty,58,30,test,0.1,0.05,1.0,67410,102.11014000000114,10.211014000000114,4.99896080346085,21.367355057992366,0.24399056564076732,30.71117311523372,4,0.0,False,False,False,498,0,0.0,77.06986000000003,0.7823468277720487,0.41759638987990266,0.0,0.0
FPT,BAD,UCB_WITHOUT_VAE_UNCERTAINTY,UCB-VAE without VAE uncertainty,58,31,train,0.1,0.05,1.0,69657,1816.4428400000006,181.64428400000006,12.202102520365887,12.398869688987126,0.837321373666502,13.011708134251565,4,0.0778816199376947,False,False,False,1635,0,0.0,79.99716000000002,0.3031534120876465,0.16727035225903292,0.0,0.0
FPT,BAD,UCB_WITHOUT_VAE_UNCERTAINTY,UCB-VAE without VAE uncertainty,58,31,test,0.1,0.05,1.0,69657,131.73180000000025,13.173180000000025,6.405490721613516,21.33430270227249,0.30680526031990996,30.409930993012363,3,0.0,False,False,False,498,0,0.0,78.88820000000001,0.7858038594210798,0.4152009413543954,0.0,0.0
FPT,BAD,UCB_WITHOUT_VAE_UNCERTAINTY,UCB-VAE without VAE uncertainty,58,32,train,0.1,0.05,1.0,71904,1722.5396600000013,172.25396600000013,11.779862585870028,12.372870403226944,0.8081052615740306,12.950658111775143,4,0.07343124165554073,False,False,False,1624,0,0.0,79.24034000000002,0.3012829128671091,0.1664967340100963,0.0,0.0
FPT,BAD,UCB_WITHOUT_VAE_UNCERTAINTY,UCB-VAE without VAE uncertainty,58,32,test,0.1,0.05,1.0,71904,87.508250000001,8.7508250000001,4.298685761508669,20.984672744554086,0.2122340598536469,31.012098147136726,4,0.0,False,False,False,498,0,0.0,78.94174999999997,0.775599601376154,0.4135556982822686,0.0,0.0
FPT,BAD,UCB_WITHOUT_VAE_UNCERTAINTY,UCB-VAE without VAE uncertainty,58,33,train,0.1,0.05,1.0,74151,1818.02263,181.802263,12.209098459632584,12.199527837145604,0.8495104642715571,12.395925557413253,4,0.08722741433021806,False,False,False,1616,0,0.0,78.92737000000007,0.2940042311113786,0.16588309913555357,0.0,0.0
FPT,BAD,UCB_WITHOUT_VAE_UNCERTAINTY,UCB-VAE without VAE uncertainty,58,33,test,0.1,0.05,1.0,74151,140.33213000000092,14.033213000000092,6.810415699314865,21.56356494499072,0.32361234160340313,30.77159203552241,4,0.0,False,False,False,498,0,0.0,79.03787000000001,0.7805083951595763,0.4112918524138899,0.0,0.0
FPT,BAD,UCB_WITHOUT_VAE_UNCERTAINTY,UCB-VAE without VAE uncertainty,58,34,train,0.1,0.05,1.0,76398,1767.6277900000005,176.76277900000002,11.984192263743566,12.304263380987711,0.8268768566995486,12.778132375773332,4,0.08900756564307966,False,False,False,1606,0,0.0,78.98221000000007,0.29532945339904876,0.16506694432001512,0.0,0.0
FPT,BAD,UCB_WITHOUT_VAE_UNCERTAINTY,UCB-VAE without VAE uncertainty,58,34,test,0.1,0.05,1.0,76398,130.21162000000027,13.021162000000027,6.333757589871669,21.019010976838935,0.30502399895256116,29.159057714167307,4,0.0,False,False,False,498,0,0.0,80.08838000000009,0.7729588207735565,0.40986925605908936,0.0,0.0
FPT,BAD,UCB_WITHOUT_VAE_UNCERTAINTY,UCB-VAE without VAE uncertainty,58,35,train,0.1,0.05,1.0,78645,1792.5558299999993,179.25558299999992,12.095894016140196,12.11968405347118,0.8459006488342141,12.355837102141745,4,0.1054739652870494,False,False,False,1607,0,0.0,78.51417000000009,0.2865757435004666,0.16461031764586553,0.0,0.0
FPT,BAD,UCB_WITHOUT_VAE_UNCERTAINTY,UCB-VAE without VAE uncertainty,58,35,test,0.1,0.05,1.0,78645,123.30995000000075,12.330995000000074,6.0074804272289395,21.35063466262385,0.2891178433426561,31.654908205024363,4,0.0,False,False,False,498,0,0.0,79.46005000000001,0.7806110941214783,0.40775145955353853,0.0,0.0
FPT,BAD,UCB_WITHOUT_VAE_UNCERTAINTY,UCB-VAE without VAE uncertainty,58,36,train,0.1,0.05,1.0,80892,1670.0473900000002,167.004739,11.538154960278458,12.831433266299735,0.7667149943328867,15.430855682721479,4,0.07209612817089453,False,False,False,1690,0,0.0,82.56261000000002,0.31907681689272116,0.1616556834865529,0.0,0.0
FPT,BAD,UCB_WITHOUT_VAE_UNCERTAINTY,UCB-VAE without VAE uncertainty,58,36,test,0.1,0.05,1.0,80892,120.87474000000043,12.087474000000043,5.8921173244077085,21.343651962896608,0.2840351340825636,31.645119091274832,4,0.0,False,False,False,498,0,0.0,78.36525999999999,0.7841249175372522,0.4062234870939848,0.0,0.0
FPT,BAD,UCB_WITHOUT_VAE_UNCERTAINTY,UCB-VAE without VAE uncertainty,58,37,train,0.1,0.05,1.0,83139,1717.2667900000006,171.72667900000005,11.755771001339156,12.803702027542792,0.7834472389286251,15.430855682721479,4,0.0814419225634179,False,False,False,1665,0,0.0,80.98320999999994,0.31383674577262005,0.16138677244975294,0.0,0.0
FPT,BAD,UCB_WITHOUT_VAE_UNCERTAINTY,UCB-VAE without VAE uncertainty,58,37,test,0.1,0.05,1.0,83139,121.00441000000046,12.100441000000046,5.898263322051878,21.395027169581144,0.28412162694158233,31.661432164471204,4,0.0,False,False,False,498,0,0.0,78.54559,0.7838042929716678,0.40458040400202494,0.0,0.0
FPT,BAD,UCB_WITHOUT_VAE_UNCERTAINTY,UCB-VAE without VAE uncertainty,58,38,train,0.1,0.05,1.0,85386,1685.3705199999995,168.53705199999996,11.609145712560863,12.763695434144681,0.7751449861411138,15.952511151105654,4,0.07387627948375612,False,False,False,1678,0,0.0,81.58948,0.31111532474554227,0.16064555209062076,0.0,0.0
FPT,BAD,UCB_WITHOUT_VAE_UNCERTAINTY,UCB-VAE without VAE uncertainty,58,38,test,0.1,0.05,1.0,85386,189.1156300000007,18.91156300000007,9.07901462375429,21.47940630546367,0.4227290881698009,30.239647760179288,3,0.0,False,False,False,498,0,0.0,80.05437000000003,0.7842073969297267,0.40255894078068943,0.0,0.0
FPT,BAD,UCB_WITHOUT_VAE_UNCERTAINTY,UCB-VAE without VAE uncertainty,58,39,train,0.1,0.05,1.0,87633,1723.1911600000008,172.31911600000007,11.78283639058899,12.647948535552436,0.7934541036759675,15.115780947571094,4,0.07209612817089453,False,False,False,1662,0,0.0,80.78883999999995,0.3063825748090594,0.1600409911429028,0.0,0.0
FPT,BAD,UCB_WITHOUT_VAE_UNCERTAINTY,UCB-VAE without VAE uncertainty,58,39,test,0.1,0.05,1.0,87633,92.39642000000185,9.239642000000185,4.5336305928399545,21.34972753366226,0.22294679042520463,33.25928615507292,3,0.0,False,False,False,498,0,0.0,79.88358000000012,0.7712828719233741,0.4014661961710118,0.0,0.0
FPT,BAD,UCB_WITHOUT_VAE_UNCERTAINTY,UCB-VAE without VAE uncertainty,58,40,train,0.1,0.05,1.0,89880,1633.0091100000009,163.30091100000007,11.365052715497992,12.819939251593707,0.7550673074400652,16.188502627671333,4,0.0778816199376947,False,False,False,1716,0,0.0,82.76088999999996,0.3187422496878846,0.15832532099421204,0.0,0.0
FPT,BAD,UCB_WITHOUT_VAE_UNCERTAINTY,UCB-VAE without VAE uncertainty,58,40,test,0.1,0.05,1.0,89880,108.31433000000129,10.831433000000128,5.29510015157777,20.749116785908654,0.258456768203486,31.65428501360123,3,0.0,False,False,False,498,0,0.0,79.73567000000004,0.764962810788751,0.39982781556236696,0.0,0.0
FPT,BAD,UCB_WITHOUT_VAE_UNCERTAINTY,UCB-VAE without VAE uncertainty,58,41,train,0.1,0.05,1.0,92127,1620.905440000001,162.09054400000008,11.308015623872492,12.611811652070179,0.7613298222657612,16.18235392543318,4,0.08277703604806408,False,False,False,1676,0,0.0,81.17456,0.30270647558803393,0.15865009743264372,0.0,0.0
FPT,BAD,UCB_WITHOUT_VAE_UNCERTAINTY,UCB-VAE without VAE uncertainty,58,41,test,0.1,0.05,1.0,92127,120.63337000000092,12.063337000000091,5.880676113597616,21.022581294694763,0.2844046870167145,31.65428501360123,3,0.0,False,False,False,498,0,0.0,79.17663000000003,0.767657738126773,0.39804412331806127,0.0,0.0
FPT,BAD,UCB_WITHOUT_VAE_UNCERTAINTY,UCB-VAE without VAE uncertainty,58,42,train,0.1,0.05,1.0,94374,1620.851090000001,162.0851090000001,11.30775897846954,12.631867550195983,0.7602979916943531,16.725408876929727,4,0.07031597685803294,False,False,False,1679,0,0.0,80.97890999999998,0.3033603586778741,0.15790618502986287,0.0,0.0
FPT,BAD,UCB_WITHOUT_VAE_UNCERTAINTY,UCB-VAE without VAE uncertainty,58,42,test,0.1,0.05,1.0,94374,122.79303000000118,12.279303000000118,5.9830028241846245,21.238755588860837,0.28842937282918213,32.53479918184246,3,0.0,False,False,False,498,0,0.0,80.55697000000008,0.7652429705685877,0.3959938026216614,0.0,0.0
FPT,BAD,UCB_WITHOUT_VAE_UNCERTAINTY,UCB-VAE without VAE uncertainty,58,43,train,0.1,0.05,1.0,96621,1640.2793000000006,164.02793000000005,11.399200683066901,12.671309663902255,0.7648608810133445,16.715386479406988,4,0.07521139296840232,False,False,False,1668,0,0.0,80.12069999999999,0.3023327760675172,0.15717143789232174,0.0,0.0
FPT,BAD,UCB_WITHOUT_VAE_UNCERTAINTY,UCB-VAE without VAE uncertainty,58,43,test,0.1,0.05,1.0,96621,142.70424000000094,14.270424000000093,6.921832583913257,21.353523956800476,0.3297828093238399,31.54153226197338,4,0.0,False,False,False,498,0,0.0,81.71576000000002,0.7723652438495209,0.3943944427981434,0.0,0.0
FPT,BAD,UCB_WITHOUT_VAE_UNCERTAINTY,UCB-VAE without VAE uncertainty,58,44,train,0.1,0.05,1.0,98868,1572.5034400000004,157.25034400000004,11.077561396797119,12.597198879217988,0.7454852001491656,16.739792030161052,4,0.07298620382732532,False,False,False,1645,0,0.0,79.53655999999994,0.29540255515747565,0.15724525616255983,0.0,0.0
FPT,BAD,UCB_WITHOUT_VAE_UNCERTAINTY,UCB-VAE without VAE uncertainty,58,44,test,0.1,0.05,1.0,98868,113.75503000000094,11.375503000000094,5.554117383021517,21.233986350352318,0.26916842134986735,31.82664110452237,3,0.0,False,False,False,498,0,0.0,81.67497000000004,0.7660161030205183,0.3933065020176302,0.0,0.0
FPT,BAD,UCB_WITHOUT_VAE_UNCERTAINTY,UCB-VAE without VAE uncertainty,58,45,train,0.1,0.05,1.0,101115,1473.0272300000001,147.30272300000001,10.591570609619193,12.424938627768222,0.7184574165523778,17.24421042884296,4,0.07120605251446373,False,False,False,1654,0,0.0,79.62276999999997,0.28513367878349893,0.15678201334465594,0.0,0.0
FPT,BAD,UCB_WITHOUT_VAE_UNCERTAINTY,UCB-VAE without VAE uncertainty,58,45,test,0.1,0.05,1.0,101115,114.54481000000123,11.454481000000124,5.591664255773088,21.33334271201421,0.27061055984418797,31.90330121080484,3,0.0,False,False,False,498,0,0.0,82.4451900000001,0.7619556055549634,0.3918876381344106,0.0,0.0
FPT,BAD,UCB_WITHOUT_VAE_UNCERTAINTY,UCB-VAE without VAE uncertainty,59,1,train,1.0,1.0,1.0,2247,367.9625399999993,36.79625399999993,3.545138136870274,6.533609091221687,0.26430629066487626,8.272815649729887,1,0.6381842456608812,False,False,False,239,0,0.0,23.19746000000001,0.0919516793444206,0.2856985655396474,0.0,0.0
FPT,BAD,UCB_WITHOUT_VAE_UNCERTAINTY,UCB-VAE without VAE uncertainty,59,1,test,1.0,1.0,1.0,2247,543.0471400000006,54.304714000000054,24.311999019625,21.268862017085727,1.044662714107097,21.381278999464843,2,0.010040160642570281,False,False,False,385,0,0.0,40.23286000000004,0.7323873767424227,0.37724854910828504,0.0,0.0
FPT,BAD,UCB_WITHOUT_VAE_UNCERTAINTY,UCB-VAE without VAE uncertainty,59,2,train,0.9045834549972122,0.8,1.0,4494,380.1196499999992,38.01196499999992,3.6470516230788563,6.618816196973844,0.27674374056981527,7.903508167079478,1,0.6243880729862038,False,False,False,240,0,0.0,23.350350000000006,0.09520609094043345,0.2786723136119329,0.0,0.0
FPT,BAD,UCB_WITHOUT_VAE_UNCERTAINTY,UCB-VAE without VAE uncertainty,59,2,test,0.9045834549972122,0.8,1.0,4494,578.4593200000008,57.84593200000009,25.73525593776269,20.80157121647398,1.1185326358354317,20.721815172354997,2,0.010040160642570281,False,False,False,395,0,0.0,41.340680000000006,0.7243012203428462,0.37134707913580667,0.0,0.0
FPT,BAD,UCB_WITHOUT_VAE_UNCERTAINTY,UCB-VAE without VAE uncertainty,59,3,train,0.8182712270546932,0.6400000000000001,1.0,6741,389.53832999999895,38.9538329999999,3.725461648592332,6.674894055607718,0.2863564635593836,8.02016060382126,1,0.5411659991099244,False,False,False,261,0,0.0,24.951670000000007,0.09426705882821754,0.273332271952071,0.0,0.0
FPT,BAD,UCB_WITHOUT_VAE_UNCERTAINTY,UCB-VAE without VAE uncertainty,59,3,test,0.8182712270546932,0.6400000000000001,1.0,6741,464.3156800000006,46.43156800000006,21.088181409152472,20.396351125073522,0.9504915827271405,20.33566721743049,2,0.010040160642570281,False,False,False,402,0,0.0,40.30432000000005,0.6900297505377248,0.36745308513143454,0.0,0.0
FPT,BAD,UCB_WITHOUT_VAE_UNCERTAINTY,UCB-VAE without VAE uncertainty,59,4,train,0.7401946136939427,0.5120000000000001,1.0,8988,274.9128900000003,27.49128900000003,2.737284936665718,6.469146591977585,0.14414940317856226,8.938822378101355,1,0.6248331108144193,False,False,False,265,0,0.0,24.39711,0.08562330554730553,0.26920454883819483,0.0,0.0
FPT,BAD,UCB_WITHOUT_VAE_UNCERTAINTY,UCB-VAE without VAE uncertainty,59,4,test,0.7401946136939427,0.5120000000000001,1.0,8988,487.8271800000007,48.78271800000007,22.059763019527946,20.580850274546584,0.9830162568110005,20.60164439953879,2,0.010040160642570281,False,False,False,410,0,0.0,41.85282000000002,0.693480632032362,0.36238094036239216,0.0,0.0
FPT,BAD,UCB_WITHOUT_VAE_UNCERTAINTY,UCB-VAE without VAE uncertainty,59,5,train,0.6695678010255933,0.4096000000000001,1.0,11235,367.41412000000037,36.74141200000003,3.5405217624039587,6.564922873744945,0.2626478238426806,7.623404403195688,1,0.5945705384957721,False,False,False,276,0,0.0,24.18588,0.09002669334462429,0.2632022571924479,0.0,0.0
FPT,BAD,UCB_WITHOUT_VAE_UNCERTAINTY,UCB-VAE without VAE uncertainty,59,5,test,0.6695678010255933,0.4096000000000001,1.0,11235,514.6983000000009,51.469830000000094,23.16085492747959,20.58983953612126,1.0265779499346896,20.37162684286732,3,0.008032128514056224,False,False,False,419,0,0.0,43.64170000000001,0.6799871667703022,0.3577447909427934,0.0,0.0
FPT,BAD,UCB_WITHOUT_VAE_UNCERTAINTY,UCB-VAE without VAE uncertainty,59,6,train,0.6056799548066172,0.3276800000000001,1.0,13482,396.5629000000001,39.65629000000001,3.783633883561821,6.681305892912929,0.29462080079801556,7.734942797879783,1,0.14997774810858924,False,False,False,291,0,0.0,26.077099999999998,0.10025701164005466,0.2563096385069513,0.0,0.0
FPT,BAD,UCB_WITHOUT_VAE_UNCERTAINTY,UCB-VAE without VAE uncertainty,59,6,test,0.6056799548066172,0.3276800000000001,1.0,13482,520.8155800000006,52.08155800000006,23.410157890794636,20.57073870686595,1.0372783657040723,19.913238024793262,2,0.006024096385542169,False,False,False,425,0,0.0,44.80442000000001,0.6791651827491231,0.3539806736640662,0.0,0.0
FPT,BAD,UCB_WITHOUT_VAE_UNCERTAINTY,UCB-VAE without VAE uncertainty,59,7,train,0.547888066141525,0.2621440000000001,1.0,15729,410.4283499999992,41.042834999999926,3.8976979130539657,6.66102870658741,0.31193571204311676,7.572277922169343,1,0.24566088117489987,False,False,False,297,0,0.0,25.88165,0.09902689262630442,0.25264574069418694,0.0,0.0
FPT,BAD,UCB_WITHOUT_VAE_UNCERTAINTY,UCB-VAE without VAE uncertainty,59,7,test,0.547888066141525,0.2621440000000001,1.0,15729,507.7176500000005,50.771765000000045,22.87575258577923,21.077557822337976,0.9965952997423589,19.90968229687722,2,0.006024096385542169,False,False,False,429,0,0.0,44.772350000000024,0.6801385786521125,0.3507267628388711,0.0,0.0
FPT,BAD,UCB_WITHOUT_VAE_UNCERTAINTY,UCB-VAE without VAE uncertainty,59,8,train,0.49561047982204176,0.20971520000000007,1.0,17976,555.0156300000008,55.501563000000075,5.031230557401756,7.612810753823333,0.42558280403683724,8.178213193828793,1,0.2906097018246551,False,False,False,323,0,0.0,26.674370000000003,0.10268862839796059,0.2498468088013467,0.0,0.0
FPT,BAD,UCB_WITHOUT_VAE_UNCERTAINTY,UCB-VAE without VAE uncertainty,59,8,test,0.49561047982204176,0.20971520000000007,1.0,17976,518.1203400000009,51.81203400000008,23.30037806731231,20.922934106344073,1.0190713121300434,19.90968229687722,2,0.006024096385542169,False,False,False,436,0,0.0,45.83966000000002,0.6707228179694267,0.34855812416976717,0.0,0.0
FPT,BAD,UCB_WITHOUT_VAE_UNCERTAINTY,UCB-VAE without VAE uncertainty,59,9,train,0.4483210401702486,0.1677721600000001,1.0,20223,502.4606800000008,50.24606800000008,4.630486800681544,7.290862750346026,0.3882287222719397,8.179097472451621,1,0.5527369826435247,False,False,False,337,0,0.0,27.239319999999992,0.09373045254229288,0.24817663471288665,0.0,0.0
FPT,BAD,UCB_WITHOUT_VAE_UNCERTAINTY,UCB-VAE without VAE uncertainty,59,9,test,0.4483210401702486,0.1677721600000001,1.0,20223,448.9813400000005,44.89813400000005,20.450316763000977,20.887702350659747,0.9074823273076223,21.77943907459711,2,0.006024096385542169,False,False,False,437,0,0.0,46.91866000000002,0.654247957090248,0.3460850160883134,0.0,0.0
FPT,BAD,UCB_WITHOUT_VAE_UNCERTAINTY,UCB-VAE without VAE uncertainty,59,10,train,0.4055437954651474,0.13421772800000006,1.0,22470,539.1363800000006,53.91363800000006,4.911433083726169,7.427390002717718,0.4188545910113673,8.030720613791466,1,0.4437027147307521,False,False,False,348,0,0.0,28.54361999999999,0.10385988159932599,0.24412985008108812,0.0,0.0
FPT,BAD,UCB_WITHOUT_VAE_UNCERTAINTY,UCB-VAE without VAE uncertainty,59,10,test,0.4055437954651474,0.13421772800000006,1.0,22470,477.83921000000055,47.783921000000056,21.647964947735797,20.71606018099835,0.9613128904778664,20.000870193785904,2,0.006024096385542169,False,False,False,438,0,0.0,46.79079000000002,0.655933556122858,0.3435445472179168,0.0,0.0
FPT,BAD,UCB_WITHOUT_VAE_UNCERTAINTY,UCB-VAE without VAE uncertainty,59,11,train,0.3668482076545458,0.10737418240000006,1.0,24717,671.6866200000002,67.16866200000001,5.879521035101676,7.778114027222294,0.5225086079463994,8.22625536594577,1,0.4129951045838896,False,False,False,368,0,0.0,29.073379999999993,0.10930056288880055,0.24080187344901233,0.0,0.0
FPT,BAD,UCB_WITHOUT_VAE_UNCERTAINTY,UCB-VAE without VAE uncertainty,59,11,test,0.3668482076545458,0.10737418240000006,1.0,24717,440.33535000000074,44.03353500000007,20.089184902931745,20.882926597699786,0.8930390624798562,21.080057513249674,2,0.006024096385542169,False,False,False,438,0,0.0,47.81465000000003,0.6539467503679683,0.3416814287324028,0.0,0.0
FPT,BAD,UCB_WITHOUT_VAE_UNCERTAINTY,UCB-VAE without VAE uncertainty,59,12,train,0.3318448191396838,0.08589934592000005,1.0,26964,596.1532300000006,59.61532300000005,5.336600173173611,7.604165381160745,0.46450045123483796,8.07727268724769,1,0.3190921228304406,False,False,False,388,0,0.0,30.636769999999988,0.10624506659776949,0.2387526743329521,0.0,0.0
FPT,BAD,UCB_WITHOUT_VAE_UNCERTAINTY,UCB-VAE without VAE uncertainty,59,12,test,0.3318448191396838,0.08589934592000005,1.0,26964,478.799950000001,47.8799950000001,21.6876358480784,20.20330691195316,0.9821762444490351,19.86406046299146,3,0.006024096385542169,False,False,False,444,0,0.0,48.17005000000002,0.6339061883456795,0.33969139744598703,0.0,0.0
FPT,BAD,UCB_WITHOUT_VAE_UNCERTAINTY,UCB-VAE without VAE uncertainty,59,13,train,0.3001813330203001,0.06871947673600004,1.0,29211,568.2093600000001,56.82093600000001,5.129943525300051,7.43798638091213,0.44660130882849175,8.22144691349399,1,0.31553182020471743,False,False,False,402,0,0.0,30.23063999999998,0.10582161217363095,0.23643942791048453,0.0,0.0
FPT,BAD,UCB_WITHOUT_VAE_UNCERTAINTY,UCB-VAE without VAE uncertainty,59,13,test,0.3001813330203001,0.06871947673600004,1.0,29211,455.6036300000005,45.56036300000005,20.726195690273073,19.501807982828762,0.9694030139474314,18.712881829081137,2,0.006024096385542169,False,False,False,442,0,0.0,47.24637000000002,0.6227654463467789,0.33775291244787387,0.0,0.0
FPT,BAD,UCB_WITHOUT_VAE_UNCERTAINTY,UCB-VAE without VAE uncertainty,59,14,train,0.27153906734917177,0.054975581388800036,1.0,31458,588.268350000001,58.8268350000001,5.278615928915031,7.6576832362888245,0.45457073407975057,8.11992235413653,1,0.4272363150867824,False,False,False,416,0,0.0,31.701649999999987,0.10976828179055825,0.23428207463458425,0.0,0.0
FPT,BAD,UCB_WITHOUT_VAE_UNCERTAINTY,UCB-VAE without VAE uncertainty,59,14,test,0.27153906734917177,0.054975581388800036,1.0,31458,448.90732000000094,44.89073200000009,20.44722960677694,19.235497053882217,0.9679885592757097,19.14655223407458,2,0.006024096385542169,False,False,False,448,0,0.0,48.67268,0.6023135936345506,0.3362608606437124,0.0,0.0
FPT,BAD,UCB_WITHOUT_VAE_UNCERTAINTY,UCB-VAE without VAE uncertainty,59,15,train,0.24562974770943447,0.05,1.0,33705,509.0304999999996,50.90304999999996,4.681258418862266,7.574831953049559,0.38293154044357197,8.22565451506363,1,0.413440142412105,False,False,False,418,0,0.0,30.76949999999998,0.10441407953218546,0.2330106363051936,0.0,0.0
FPT,BAD,UCB_WITHOUT_VAE_UNCERTAINTY,UCB-VAE without VAE uncertainty,59,15,test,0.24562974770943447,0.05,1.0,33705,472.5536900000004,47.255369000000044,21.429484925818798,19.406457847445402,1.0033902131771517,19.33605814869919,2,0.006024096385542169,False,False,False,453,0,0.0,49.19631000000003,0.6142599768897337,0.33565806343134147,0.0,0.0
FPT,BAD,UCB_WITHOUT_VAE_UNCERTAINTY,UCB-VAE without VAE uncertainty,59,16,train,0.2221926058330938,0.05,1.0,35952,511.53153000000043,51.15315300000004,4.700534777864029,7.572355602431975,0.38548386079788655,8.139343163613221,1,0.41032487761459724,False,False,False,437,0,0.0,32.91846999999999,0.10444727394467135,0.23138029166113072,0.0,0.0
FPT,BAD,UCB_WITHOUT_VAE_UNCERTAINTY,UCB-VAE without VAE uncertainty,59,16,test,0.2221926058330938,0.05,1.0,35952,440.33380000000056,44.03338000000006,20.0891200647336,19.431858503144696,0.9446642589823504,19.460836071672986,2,0.006024096385542169,False,False,False,450,0,0.0,49.34620000000001,0.6078427255103382,0.333898302062927,0.0,0.0
FPT,BAD,UCB_WITHOUT_VAE_UNCERTAINTY,UCB-VAE without VAE uncertainty,59,17,train,0.20099175505933367,0.05,1.0,38199,501.5597200000009,50.15597200000009,4.623508796018183,7.490286278337228,0.3789676303942341,7.95275233282836,1,0.4227859368046284,False,False,False,456,0,0.0,33.420280000000005,0.10463786477259136,0.22953574880659183,0.0,0.0
FPT,BAD,UCB_WITHOUT_VAE_UNCERTAINTY,UCB-VAE without VAE uncertainty,59,17,test,0.20099175505933367,0.05,1.0,38199,378.5128000000009,37.85128000000009,17.47481627164651,18.730209993612355,0.8544771954776113,20.022152721875266,2,0.004016064257028112,False,False,False,456,0,0.0,49.90720000000003,0.5915326659864817,0.3329421789591092,0.0,0.0
FPT,BAD,UCB_WITHOUT_VAE_UNCERTAINTY,UCB-VAE without VAE uncertainty,59,18,train,0.18181381621752543,0.05,1.0,40446,509.7071000000003,50.97071000000003,4.686476024380526,7.518701223059009,0.3858747563884159,7.758002010499558,1,0.5353805073431241,False,False,False,462,0,0.0,33.27289999999999,0.10059176294452626,0.22893384714748893,0.0,0.0
FPT,BAD,UCB_WITHOUT_VAE_UNCERTAINTY,UCB-VAE without VAE uncertainty,59,18,test,0.18181381621752543,0.05,1.0,40446,378.15804000000094,37.81580400000009,17.459647328937212,18.70854657788318,0.8545509664029115,20.022152721875266,2,0.004016064257028112,False,False,False,456,0,0.0,50.32196000000003,0.5902320555428827,0.3313533589543109,0.0,0.0
FPT,BAD,UCB_WITHOUT_VAE_UNCERTAINTY,UCB-VAE without VAE uncertainty,59,19,train,0.16446577004027732,0.05,1.0,42693,671.2727600000005,67.12727600000005,5.876606205358725,7.863528063541516,0.5173347424023063,8.077177276089099,1,0.42679127725856697,False,False,False,500,0,0.0,36.00724,0.11093510731886369,0.2260106531186108,0.0,0.0
FPT,BAD,UCB_WITHOUT_VAE_UNCERTAINTY,UCB-VAE without VAE uncertainty,59,19,test,0.16446577004027732,0.05,1.0,42693,333.41939000000093,33.341939000000096,15.53084641609821,18.266230700475965,0.7795380269770741,22.005235603606348,3,0.004016064257028112,False,False,False,456,0,0.0,50.470610000000036,0.576782624490916,0.3311848249061998,0.0,0.0
FPT,BAD,UCB_WITHOUT_VAE_UNCERTAINTY,UCB-VAE without VAE uncertainty,59,20,train,0.14877301449181102,0.05,1.0,44940,686.0005100000001,68.60005100000001,5.979941624230145,7.983533571047334,0.5230658229485706,8.034942712825824,1,0.5393858477970628,False,False,False,517,0,0.0,36.76949,0.11193167442589909,0.22473065702979916,0.0,0.0
FPT,BAD,UCB_WITHOUT_VAE_UNCERTAINTY,UCB-VAE without VAE uncertainty,59,20,test,0.14877301449181102,0.05,1.0,44940,346.1185000000007,34.611850000000075,16.081573589132624,18.208348707539308,0.80781366964419,22.005235603606348,3,0.004016064257028112,False,False,False,457,0,0.0,50.361500000000056,0.5807922828077139,0.3292445517088993,0.0,0.0
FPT,BAD,UCB_WITHOUT_VAE_UNCERTAINTY,UCB-VAE without VAE uncertainty,59,21,train,0.13457760745935274,0.05,1.0,47187,632.7586400000007,63.27586400000007,5.602500825012102,7.764704475294061,0.489250384111747,7.833324757085523,1,0.595460614152203,False,False,False,512,0,0.0,36.56136,0.10587867318617956,0.22421619136252827,0.0,0.0
FPT,BAD,UCB_WITHOUT_VAE_UNCERTAINTY,UCB-VAE without VAE uncertainty,59,21,test,0.13457760745935274,0.05,1.0,47187,336.3321399999995,33.63321399999995,15.657394939599723,18.34758419719241,0.7827866468166366,21.770105888285173,2,0.004016064257028112,False,False,False,457,0,0.0,50.44786000000001,0.5770463290337436,0.32794474005459784,0.0,0.0
FPT,BAD,UCB_WITHOUT_VAE_UNCERTAINTY,UCB-VAE without VAE uncertainty,59,22,train,0.12173667712083987,0.05,1.0,49434,586.4511600000001,58.64511600000001,5.26521631150616,7.633630175606125,0.4540586468950483,8.17181097079051,1,0.43969737427681355,False,False,False,539,0,0.0,38.468839999999986,0.11234993344735793,0.2210910289909344,0.0,0.0
FPT,BAD,UCB_WITHOUT_VAE_UNCERTAINTY,UCB-VAE without VAE uncertainty,59,22,test,0.12173667712083987,0.05,1.0,49434,374.9126799999999,37.49126799999999,17.320790764447192,18.53301885237645,0.8545423049128505,21.770105888285173,2,0.004016064257028112,False,False,False,458,0,0.0,50.46732000000002,0.5852806575789797,0.32622598225333127,0.0,0.0
FPT,BAD,UCB_WITHOUT_VAE_UNCERTAINTY,UCB-VAE without VAE uncertainty,59,23,train,0.11012098398984942,0.05,1.0,51681,583.4605000000008,58.34605000000008,5.243134017462037,7.6351875475272335,0.4512209613057406,8.141637572442743,1,0.4788607031597686,False,False,False,561,0,0.0,39.839500000000015,0.10997559344307953,0.2199968257458888,0.0,0.0
FPT,BAD,UCB_WITHOUT_VAE_UNCERTAINTY,UCB-VAE without VAE uncertainty,59,23,test,0.11012098398984942,0.05,1.0,51681,378.61428999999976,37.86142899999997,17.479155456015437,18.35229662607432,0.8685501150399514,20.432838247311633,3,0.004016064257028112,False,False,False,457,0,0.0,50.79570999999999,0.5831374313261145,0.3237507118577938,0.0,0.0
FPT,BAD,UCB_WITHOUT_VAE_UNCERTAINTY,UCB-VAE without VAE uncertainty,59,24,train,0.1,0.05,1.0,53928,659.7643200000011,65.97643200000012,5.795293809783009,7.809604898801803,0.5104103880797581,7.821860904010353,1,0.42456608811748997,False,False,False,557,0,0.0,40.31568000000001,0.1116115826534966,0.21861122474306469,0.0,0.0
FPT,BAD,UCB_WITHOUT_VAE_UNCERTAINTY,UCB-VAE without VAE uncertainty,59,24,test,0.1,0.05,1.0,53928,404.90553000000045,40.49055300000005,18.597920992760297,18.07859781625342,0.931715650014428,18.949857803615327,2,0.0,False,False,False,469,0,0.0,51.82447000000001,0.5749527245199794,0.3227199158036565,0.0,0.0
FPT,BAD,UCB_WITHOUT_VAE_UNCERTAINTY,UCB-VAE without VAE uncertainty,59,25,train,0.1,0.05,1.0,56175,640.2489300000007,64.02489300000006,5.656256205782495,7.984866548593638,0.4843458554072175,8.402615499126618,1,0.4325767690253672,False,False,False,583,0,0.0,40.58107,0.11419094132070091,0.21641089329864907,0.0,0.0
FPT,BAD,UCB_WITHOUT_VAE_UNCERTAINTY,UCB-VAE without VAE uncertainty,59,25,test,0.1,0.05,1.0,56175,424.34226999999987,42.434226999999986,19.418315947630816,17.822021467420306,0.9815693718231943,18.43797064855106,2,0.0,False,False,False,473,0,0.0,52.16772999999999,0.5657241822019841,0.3217853276605108,0.0,0.0
FPT,BAD,UCB_WITHOUT_VAE_UNCERTAINTY,UCB-VAE without VAE uncertainty,59,26,train,0.1,0.05,1.0,58422,627.5582200000006,62.75582200000006,5.565050032929375,7.937488474214224,0.475786042646737,8.40913041017136,1,0.4325767690253672,False,False,False,581,0,0.0,40.62178,0.11199730033509804,0.21497751654361585,0.0,0.0
FPT,BAD,UCB_WITHOUT_VAE_UNCERTAINTY,UCB-VAE without VAE uncertainty,59,26,test,0.1,0.05,1.0,58422,383.5039700000011,38.350397000000115,17.688024493396327,18.039161385499376,0.8902436656624831,19.109764702577372,2,0.0,False,False,False,471,0,0.0,52.366030000000016,0.5650513028628956,0.32036737436391266,0.0,0.0
FPT,BAD,UCB_WITHOUT_VAE_UNCERTAINTY,UCB-VAE without VAE uncertainty,59,27,train,0.1,0.05,1.0,60669,566.0871600000003,56.60871600000002,5.114115567683242,7.699240047038837,0.43202695641140676,8.067306928802152,1,0.43391188251001334,False,False,False,592,0,0.0,40.692840000000004,0.10962602710778296,0.21372722985217132,0.0,0.0
FPT,BAD,UCB_WITHOUT_VAE_UNCERTAINTY,UCB-VAE without VAE uncertainty,59,27,test,0.1,0.05,1.0,60669,370.53666000000135,37.053666000000135,17.133298740713766,18.009207478589566,0.8649924069639187,19.109764702577372,2,0.0,False,False,False,472,0,0.0,52.743340000000025,0.5704374657498886,0.31843814600902387,0.0,0.0
FPT,BAD,UCB_WITHOUT_VAE_UNCERTAINTY,UCB-VAE without VAE uncertainty,59,28,train,0.1,0.05,1.0,62916,824.9243000000001,82.49243000000001,6.917079601513487,8.830941344228547,0.5815905901586425,11.879542578236768,3,0.3943035157988429,False,False,False,622,0,0.0,42.89570000000001,0.12402130858789963,0.21098418614375736,0.0,0.0
FPT,BAD,UCB_WITHOUT_VAE_UNCERTAINTY,UCB-VAE without VAE uncertainty,59,28,test,0.1,0.05,1.0,62916,398.5434300000006,39.854343000000064,18.32815940426016,17.984165105860622,0.9229334680353347,19.02667276984678,2,0.0,False,False,False,474,0,0.0,52.80657,0.5680776553419369,0.31699586121073686,0.0,0.0
FPT,BAD,UCB_WITHOUT_VAE_UNCERTAINTY,UCB-VAE without VAE uncertainty,59,29,train,0.1,0.05,1.0,65163,868.6902400000001,86.86902400000001,7.19918361873173,8.886812126449826,0.6083475882959829,11.363562007243766,3,0.3956386292834891,False,False,False,653,0,0.0,45.449760000000026,0.12873408820122717,0.20900183006902243,0.0,0.0
FPT,BAD,UCB_WITHOUT_VAE_UNCERTAINTY,UCB-VAE without VAE uncertainty,59,29,test,0.1,0.05,1.0,65163,419.6532300000001,41.96532300000001,19.220911920800177,17.86579817812583,0.9702885593688398,19.02667276984678,2,0.0,False,False,False,474,0,0.0,53.216770000000004,0.5658312081653247,0.31629996651028053,0.0,0.0
FPT,BAD,UCB_WITHOUT_VAE_UNCERTAINTY,UCB-VAE without VAE uncertainty,59,30,train,0.1,0.05,1.0,67410,747.1206500000012,74.71206500000011,6.4003870880381175,8.74868547358975,0.5303593876962245,11.562723727439014,3,0.4468179795282599,False,False,False,672,0,0.0,45.90935000000002,0.12248042366113969,0.20764668633341524,0.0,0.0
FPT,BAD,UCB_WITHOUT_VAE_UNCERTAINTY,UCB-VAE without VAE uncertainty,59,30,test,0.1,0.05,1.0,67410,392.31988000000047,39.231988000000044,18.06368022950471,17.65131457836745,0.9241339581330271,19.02667276984678,2,0.0,False,False,False,475,0,0.0,52.44012,0.5517848872048013,0.31462513149742144,0.0,0.0
FPT,BAD,UCB_WITHOUT_VAE_UNCERTAINTY,UCB-VAE without VAE uncertainty,59,31,train,0.1,0.05,1.0,69657,740.9007800000006,74.09007800000006,6.358203397434026,8.82440291017897,0.5220345640894817,11.437706838136,3,0.4459279038718291,False,False,False,684,0,0.0,46.63922000000001,0.12361462764486163,0.20623731025601155,0.0,0.0
FPT,BAD,UCB_WITHOUT_VAE_UNCERTAINTY,UCB-VAE without VAE uncertainty,59,31,test,0.1,0.05,1.0,69657,363.180350000001,36.3180350000001,16.81744172980839,18.217171135410638,0.8421632207325984,20.285343244818076,2,0.0,False,False,False,473,0,0.0,52.52965000000002,0.5662256201890027,0.31313732056972016,0.0,0.0
FPT,BAD,UCB_WITHOUT_VAE_UNCERTAINTY,UCB-VAE without VAE uncertainty,59,32,train,0.1,0.05,1.0,71904,807.8521200000009,80.7852120000001,6.805403940509236,8.96497443855372,0.5624507365100346,11.97077980991013,3,0.4490431686693369,False,False,False,683,0,0.0,46.627880000000005,0.12584518800907651,0.2046621207315284,0.0,0.0
FPT,BAD,UCB_WITHOUT_VAE_UNCERTAINTY,UCB-VAE without VAE uncertainty,59,32,test,0.1,0.05,1.0,71904,353.47265000000107,35.34726500000011,16.399320549363505,18.016760497505704,0.8295712474693903,20.47545866500172,2,0.0,False,False,False,478,0,0.0,52.07735000000001,0.5592461698181161,0.31271796158877724,0.0,0.0
FPT,BAD,UCB_WITHOUT_VAE_UNCERTAINTY,UCB-VAE without VAE uncertainty,59,33,train,0.1,0.05,1.0,74151,762.9572600000024,76.29572600000024,6.507192768170755,8.980972804781565,0.5301648395426454,11.599999199309798,3,0.45794392523364486,False,False,False,708,0,0.0,47.582740000000015,0.12353984853662103,0.20320032761794066,0.0,0.0
FPT,BAD,UCB_WITHOUT_VAE_UNCERTAINTY,UCB-VAE without VAE uncertainty,59,33,test,0.1,0.05,1.0,74151,383.3379700000012,38.33379700000012,17.680939625129376,17.252778880646556,0.922687260248361,20.642481322737684,2,0.0,False,False,False,478,0,0.0,53.43203000000004,0.5556712063336613,0.3113966688932664,0.0,0.0
FPT,BAD,UCB_WITHOUT_VAE_UNCERTAINTY,UCB-VAE without VAE uncertainty,59,34,train,0.1,0.05,1.0,76398,830.0078500000009,83.00078500000009,6.95015363476672,9.046320130006624,0.5733071775974025,11.941005652666375,3,0.42857142857142855,False,False,False,712,0,0.0,48.12215000000002,0.13020267574072156,0.20101457428722633,0.0,0.0
FPT,BAD,UCB_WITHOUT_VAE_UNCERTAINTY,UCB-VAE without VAE uncertainty,59,34,test,0.1,0.05,1.0,76398,406.8606300000008,40.68606300000008,18.680697534564583,16.895096876563578,0.9891023640445558,20.420299753843445,2,0.0,False,False,False,480,0,0.0,53.529369999999986,0.5525226091400555,0.3101362048921336,0.0,0.0
FPT,BAD,UCB_WITHOUT_VAE_UNCERTAINTY,UCB-VAE without VAE uncertainty,59,35,train,0.1,0.05,1.0,78645,779.9587500000005,77.99587500000004,6.620909662110597,8.932926402814847,0.544613835763236,11.963377618505593,3,0.43168669336893634,False,False,False,715,0,0.0,48.051250000000024,0.12632169663725934,0.19941715076466268,0.0,0.0
FPT,BAD,UCB_WITHOUT_VAE_UNCERTAINTY,UCB-VAE without VAE uncertainty,59,35,test,0.1,0.05,1.0,78645,376.69474000000037,37.66947400000004,17.39705850105322,16.84265808588743,0.9265130425537599,20.420299753843445,2,0.0,False,False,False,480,0,0.0,53.82525999999999,0.547166069804649,0.3089067031102008,0.0,0.0
FPT,BAD,UCB_WITHOUT_VAE_UNCERTAINTY,UCB-VAE without VAE uncertainty,59,36,train,0.1,0.05,1.0,80892,796.7261600000008,79.67261600000009,6.732119218186328,9.009050395863076,0.5524235228369173,11.27306373154605,3,0.45883400089007564,False,False,False,725,0,0.0,49.09384000000004,0.12906794453776604,0.19746263428003882,0.0,0.0
FPT,BAD,UCB_WITHOUT_VAE_UNCERTAINTY,UCB-VAE without VAE uncertainty,59,36,test,0.1,0.05,1.0,80892,337.94963000000075,33.79496300000008,15.727609718993563,16.71820546549175,0.8456871680858356,20.420299753843445,2,0.0,False,False,False,481,0,0.0,54.120369999999994,0.5331193942262965,0.3071616864407876,0.0,0.0
FPT,BAD,UCB_WITHOUT_VAE_UNCERTAINTY,UCB-VAE without VAE uncertainty,59,37,train,0.1,0.05,1.0,83139,841.3530100000005,84.13530100000006,7.0236727751632255,9.05960304311353,0.5802603014221431,11.956117037101215,3,0.46105919003115264,False,False,False,729,0,0.0,49.27699000000002,0.13110073289027008,0.19582073689899712,0.0,0.0
FPT,BAD,UCB_WITHOUT_VAE_UNCERTAINTY,UCB-VAE without VAE uncertainty,59,37,test,0.1,0.05,1.0,83139,350.6506600000009,35.065066000000094,16.277494250093504,16.672930249643468,0.8762342624106662,20.200642975504834,2,0.0,False,False,False,478,0,0.0,53.129340000000006,0.5325950346636884,0.3051144117751275,0.0,0.0
FPT,BAD,UCB_WITHOUT_VAE_UNCERTAINTY,UCB-VAE without VAE uncertainty,59,38,train,0.1,0.05,1.0,85386,889.0871400000008,88.90871400000007,7.328655613870683,9.114646261546943,0.6088027757051627,11.982559733779778,3,0.4281263907432132,False,False,False,768,0,0.0,51.33286000000002,0.13557697553264428,0.19371963836813058,0.0,0.0
FPT,BAD,UCB_WITHOUT_VAE_UNCERTAINTY,UCB-VAE without VAE uncertainty,59,38,test,0.1,0.05,1.0,85386,373.4907100000014,37.34907100000014,17.259898644946816,16.222922042375075,0.9482687707716801,20.034847664709677,2,0.0,False,False,False,478,0,0.0,53.85929000000001,0.5207135763043621,0.30425798901951456,0.0,0.0
FPT,BAD,UCB_WITHOUT_VAE_UNCERTAINTY,UCB-VAE without VAE uncertainty,59,39,train,0.1,0.05,1.0,87633,928.50144,92.850144,7.575361391309587,9.166728139738254,0.6310947253127362,11.786509056841894,3,0.4121050289274588,False,False,False,781,0,0.0,51.878560000000014,0.13737451797574127,0.19167919865464125,0.0,0.0
FPT,BAD,UCB_WITHOUT_VAE_UNCERTAINTY,UCB-VAE without VAE uncertainty,59,39,test,0.1,0.05,1.0,87633,370.3235300000008,37.03235300000008,17.12415950297612,16.246407068228763,0.9399002958288099,20.79454204130634,2,0.0,False,False,False,480,0,0.0,54.92647000000001,0.5183045196940944,0.3033072154026434,0.0,0.0
FPT,BAD,UCB_WITHOUT_VAE_UNCERTAINTY,UCB-VAE without VAE uncertainty,59,40,train,0.1,0.05,1.0,89880,860.4450700000007,86.04450700000007,7.1464895488075,8.969523144814245,0.5980418498585488,10.676637178022014,3,0.3943035157988429,False,False,False,802,0,0.0,52.68493,0.1381286075830936,0.1899864502586043,0.0,0.0
FPT,BAD,UCB_WITHOUT_VAE_UNCERTAINTY,UCB-VAE without VAE uncertainty,59,40,test,0.1,0.05,1.0,89880,342.8545900000013,34.28545900000013,15.940274420918454,16.129856763174626,0.881914583592783,20.543353285625383,1,0.0,False,False,False,480,0,0.0,53.67541000000003,0.5029848388792039,0.3016682288433653,0.0,0.0
FPT,BAD,UCB_WITHOUT_VAE_UNCERTAINTY,UCB-VAE without VAE uncertainty,59,41,train,0.1,0.05,1.0,92127,859.0373600000012,85.90373600000012,7.137472275715173,8.993116911575603,0.5957648712504557,10.688187312864985,3,0.35425011125945705,False,False,False,831,0,0.0,54.08264,0.14032458030131187,0.18800543802390376,0.0,0.0
FPT,BAD,UCB_WITHOUT_VAE_UNCERTAINTY,UCB-VAE without VAE uncertainty,59,41,test,0.1,0.05,1.0,92127,309.1418600000011,30.91418600000011,14.470670033897836,15.78619072112076,0.8161497292275357,20.543353285625383,1,0.0,False,False,False,481,0,0.0,53.65813999999999,0.4898314578008926,0.30014165170700197,0.0,0.0
FPT,BAD,UCB_WITHOUT_VAE_UNCERTAINTY,UCB-VAE without VAE uncertainty,59,42,train,0.1,0.05,1.0,94374,844.8840900000012,84.48840900000012,7.046472803018755,8.934515428723277,0.5894745857170013,10.52525000247353,3,0.36404094348019583,False,False,False,842,0,0.0,55.18591000000002,0.14162459183940856,0.18593638956971204,0.0,0.0
FPT,BAD,UCB_WITHOUT_VAE_UNCERTAINTY,UCB-VAE without VAE uncertainty,59,42,test,0.1,0.05,1.0,94374,383.22630000000026,38.322630000000025,17.67617331907434,15.856169174977294,0.9889330618713261,19.374814947938503,1,0.0,False,False,False,481,0,0.0,52.55369999999997,0.49631616713179794,0.2981424761045889,0.0,0.0
FPT,BAD,UCB_WITHOUT_VAE_UNCERTAINTY,UCB-VAE without VAE uncertainty,59,43,train,0.1,0.05,1.0,96621,820.5446700000009,82.05446700000009,6.888519605162968,9.011018262896144,0.568706455586506,10.599451668183216,3,0.36404094348019583,False,False,False,880,0,0.0,56.565330000000024,0.14373160523947695,0.18411538928985913,0.0,0.0
FPT,BAD,UCB_WITHOUT_VAE_UNCERTAINTY,UCB-VAE without VAE uncertainty,59,43,test,0.1,0.05,1.0,96621,320.05640000000017,32.00564000000002,14.948499046152852,15.77312651242333,0.8433135190771023,19.2808533269612,1,0.0,False,False,False,480,0,0.0,52.80359999999998,0.48597713692510447,0.2968532561537731,0.0,0.0
FPT,BAD,UCB_WITHOUT_VAE_UNCERTAINTY,UCB-VAE without VAE uncertainty,59,44,train,0.1,0.05,1.0,98868,775.9337000000028,77.59337000000028,6.594075043941117,9.21269406908697,0.528039285888241,11.768497012751308,3,0.3342234089897641,False,False,False,901,0,0.0,57.44630000000003,0.1496428305833049,0.18210090332074752,0.0,0.0
FPT,BAD,UCB_WITHOUT_VAE_UNCERTAINTY,UCB-VAE without VAE uncertainty,59,44,test,0.1,0.05,1.0,98868,402.931520000001,40.2931520000001,18.514285569527765,16.299458279444398,1.010341500523292,19.806527162135616,2,0.0,False,False,False,481,0,0.0,54.56848000000003,0.5071562885066137,0.29472040552571116,0.0,0.0
FPT,BAD,UCB_WITHOUT_VAE_UNCERTAINTY,UCB-VAE without VAE uncertainty,59,45,train,0.1,0.05,1.0,101115,870.2822900000015,87.02822900000015,7.2093344437264895,9.253264153060437,0.5888707360523615,11.698646144146387,3,0.2977303070761015,False,False,False,968,0,0.0,59.307710000000014,0.1546772793365551,0.1792077114602487,0.0,0.0
FPT,BAD,UCB_WITHOUT_VAE_UNCERTAINTY,UCB-VAE without VAE uncertainty,59,45,test,0.1,0.05,1.0,101115,365.3754500000002,36.53754500000002,16.911781192984975,16.11987731720899,0.9346099368120868,19.806527162135616,2,0.0,False,False,False,482,0,0.0,55.01455000000004,0.5048452297461443,0.2935886494366519,0.0,0.0
FPT,BAD,UCB_WITHOUT_VAE_UNCERTAINTY,UCB-VAE without VAE uncertainty,60,1,train,1.0,1.0,1.0,2247,2063.521460000001,206.3521460000001,13.256086447884874,13.064076240417775,0.8734374621707316,19.494640048046946,4,0.04005340453938585,False,False,False,1416,0,0.0,82.65853999999997,0.41464260603868036,0.25541878261855827,0.0,0.0
FPT,BAD,UCB_WITHOUT_VAE_UNCERTAINTY,UCB-VAE without VAE uncertainty,60,1,test,1.0,1.0,1.0,2247,265.3081999999997,26.53081999999997,12.531377659727916,22.9345578183516,0.5467253082703484,28.079981050078274,3,0.028112449799196786,False,False,False,314,0,0.0,76.1918,0.8190972933281612,0.5572089580407583,0.0,0.0
FPT,BAD,UCB_WITHOUT_VAE_UNCERTAINTY,UCB-VAE without VAE uncertainty,60,2,train,0.9045834549972122,0.8,1.0,4494,2603.694410000001,260.3694410000001,15.319633765999875,15.554427679093086,0.873726333669883,22.985404696830177,6,0.032932799287939477,False,False,False,1445,0,0.0,81.39558999999991,0.5242783782130265,0.2534669423314217,0.0,0.0
FPT,BAD,UCB_WITHOUT_VAE_UNCERTAINTY,UCB-VAE without VAE uncertainty,60,2,test,0.9045834549972122,0.8,1.0,4494,235.9795099999999,23.597950999999988,11.215065493796473,22.304268146138,0.5025721942909397,30.076552938503333,2,0.028112449799196786,False,False,False,317,0,0.0,76.87049000000002,0.8160792223593621,0.5510392480466261,0.0,0.0
FPT,BAD,UCB_WITHOUT_VAE_UNCERTAINTY,UCB-VAE without VAE uncertainty,60,3,train,0.8182712270546932,0.6400000000000001,1.0,6741,2618.3422499999997,261.83422499999995,15.37165738224726,15.482924782157987,0.879988465527405,23.257724368164812,6,0.03204272363150868,False,False,False,1461,0,0.0,81.4677499999999,0.5206646238224764,0.24942562281488576,0.0,0.0
FPT,BAD,UCB_WITHOUT_VAE_UNCERTAINTY,UCB-VAE without VAE uncertainty,60,3,test,0.8182712270546932,0.6400000000000001,1.0,6741,162.06475,16.206475,7.826911636478062,22.16604911928873,0.3636392599001868,30.076552938503333,2,0.028112449799196786,False,False,False,319,0,0.0,76.82524999999998,0.8032799249658801,0.5438314232840595,0.0,0.0
FPT,BAD,UCB_WITHOUT_VAE_UNCERTAINTY,UCB-VAE without VAE uncertainty,60,4,train,0.7401946136939427,0.5120000000000001,1.0,8988,2791.3609100000012,279.13609100000014,15.972392876701313,15.217126673075654,0.9270806790883218,22.741479811285657,6,0.032932799287939477,False,False,False,1485,0,0.0,83.34908999999993,0.5024770991354665,0.2459220796405712,0.0,0.0
FPT,BAD,UCB_WITHOUT_VAE_UNCERTAINTY,UCB-VAE without VAE uncertainty,60,4,test,0.7401946136939427,0.5120000000000001,1.0,8988,241.83740000000034,24.183740000000036,11.479209343158093,22.226903838157455,0.5143391917207307,29.296790651381233,2,0.028112449799196786,False,False,False,322,0,0.0,77.70260000000002,0.8114128997682054,0.5375225983230943,0.0,0.0
FPT,BAD,UCB_WITHOUT_VAE_UNCERTAINTY,UCB-VAE without VAE uncertainty,60,5,train,0.6695678010255933,0.4096000000000001,1.0,11235,1971.95037,197.195037,12.874586574760638,13.163581049371276,0.8419502669167019,21.913511748235376,4,0.02848242100578549,False,False,False,1477,0,0.0,84.17962999999996,0.4286820959263022,0.242062846594086,0.0,0.0
FPT,BAD,UCB_WITHOUT_VAE_UNCERTAINTY,UCB-VAE without VAE uncertainty,60,5,test,0.6695678010255933,0.4096000000000001,1.0,11235,240.78100000000018,24.07810000000002,11.431620137526611,22.79140481060341,0.5051701989614583,29.926677373160743,2,0.02610441767068273,False,False,False,328,0,0.0,78.27900000000002,0.8118852062180643,0.5324763734058204,0.0,0.0
FPT,BAD,UCB_WITHOUT_VAE_UNCERTAINTY,UCB-VAE without VAE uncertainty,60,6,train,0.6056799548066172,0.3276800000000001,1.0,13482,2436.1080399999983,243.61080399999983,14.710659207105504,15.94407174589235,0.8227593779693021,26.624569822604567,7,0.0258121940364931,False,False,False,1515,0,0.0,84.27195999999998,0.5292538939087068,0.24101209180934408,0.0,0.0
FPT,BAD,UCB_WITHOUT_VAE_UNCERTAINTY,UCB-VAE without VAE uncertainty,60,6,test,0.6056799548066172,0.3276800000000001,1.0,13482,246.55537000000027,24.655537000000027,11.691500876762383,22.774310973713565,0.5157040466930347,29.90576001148908,2,0.02610441767068273,False,False,False,331,0,0.0,78.71463000000001,0.8148249074272857,0.5279934024475664,0.0,0.0
FPT,BAD,UCB_WITHOUT_VAE_UNCERTAINTY,UCB-VAE without VAE uncertainty,60,7,train,0.547888066141525,0.2621440000000001,1.0,15729,2440.0514600000006,244.00514600000008,14.725289177768342,15.884585687123145,0.8260592754740432,26.17370415971021,7,0.027592345349354695,False,False,False,1531,0,0.0,84.82853999999996,0.5248079020165785,0.239048150579002,0.0,0.0
FPT,BAD,UCB_WITHOUT_VAE_UNCERTAINTY,UCB-VAE without VAE uncertainty,60,7,test,0.547888066141525,0.2621440000000001,1.0,15729,281.2909000000002,28.12909000000002,13.242306279693183,23.34952174024489,0.5683392431081641,31.335946376020924,3,0.02610441767068273,False,False,False,329,0,0.0,77.92910000000002,0.827161802025123,0.5241996687219803,0.0,0.0
FPT,BAD,UCB_WITHOUT_VAE_UNCERTAINTY,UCB-VAE without VAE uncertainty,60,8,train,0.49561047982204176,0.20971520000000007,1.0,17976,2439.4556700000003,243.945567,14.723079770842485,15.784316927086808,0.8301849530419082,26.241017842503744,7,0.02358700489541611,False,False,False,1554,0,0.0,85.93432999999995,0.5207857566072303,0.23684909338613166,0.0,0.0
FPT,BAD,UCB_WITHOUT_VAE_UNCERTAINTY,UCB-VAE without VAE uncertainty,60,8,test,0.49561047982204176,0.20971520000000007,1.0,17976,232.14261000000056,23.214261000000054,11.041713851646339,23.15932236971385,0.4856768602283963,30.134971805894565,3,0.02208835341365462,False,False,False,340,0,0.0,79.42739,0.8177929177967739,0.5201092498249797,0.0,0.0
FPT,BAD,UCB_WITHOUT_VAE_UNCERTAINTY,UCB-VAE without VAE uncertainty,60,9,train,0.4483210401702486,0.1677721600000001,1.0,20223,1986.104550000001,198.6104550000001,12.934231949045794,13.027052084999244,0.8534962089310039,21.57839518877614,4,0.024922118380062305,False,False,False,1523,0,0.0,86.24544999999993,0.41319123112060535,0.2332277638505287,0.0,0.0
FPT,BAD,UCB_WITHOUT_VAE_UNCERTAINTY,UCB-VAE without VAE uncertainty,60,9,test,0.4483210401702486,0.1677721600000001,1.0,20223,240.05457000000047,24.005457000000046,11.398883860416987,23.306773861832415,0.49801951478311135,30.375716317319306,4,0.02208835341365462,False,False,False,341,0,0.0,79.65543000000001,0.8228551698980392,0.5177609794829265,0.0,0.0
FPT,BAD,UCB_WITHOUT_VAE_UNCERTAINTY,UCB-VAE without VAE uncertainty,60,10,train,0.4055437954651474,0.13421772800000006,1.0,22470,2434.8320299999996,243.48320299999995,14.705922052306185,15.783432454191104,0.8292561610918004,27.041696793689535,6,0.020471740097908322,False,False,False,1578,0,0.0,86.63796999999997,0.5229408066806946,0.2338644087705869,0.0,0.0
FPT,BAD,UCB_WITHOUT_VAE_UNCERTAINTY,UCB-VAE without VAE uncertainty,60,10,test,0.4055437954651474,0.13421772800000006,1.0,22470,238.93308000000047,23.893308000000047,11.348325593112541,22.965298232604592,0.499927640916209,30.107349718257986,3,0.02208835341365462,False,False,False,343,0,0.0,80.32692000000002,0.8133612727715298,0.5144811929708504,0.0,0.0
FPT,BAD,UCB_WITHOUT_VAE_UNCERTAINTY,UCB-VAE without VAE uncertainty,60,11,train,0.3668482076545458,0.10737418240000006,1.0,24717,2437.1627100000005,243.71627100000003,14.714573462652991,15.68861445525595,0.8338029755341982,26.756230295337563,6,0.021806853582554516,False,False,False,1593,0,0.0,87.62728999999993,0.5111797677297141,0.23236813498673356,0.0,0.0
FPT,BAD,UCB_WITHOUT_VAE_UNCERTAINTY,UCB-VAE without VAE uncertainty,60,11,test,0.3668482076545458,0.10737418240000006,1.0,24717,234.6388500000005,23.46388500000005,11.154524818551327,22.736704984338658,0.49487471402151173,30.107349718257986,3,0.02208835341365462,False,False,False,349,0,0.0,82.27115000000002,0.8088637850022382,0.5115923003618976,0.0,0.0
FPT,BAD,UCB_WITHOUT_VAE_UNCERTAINTY,UCB-VAE without VAE uncertainty,60,12,train,0.3318448191396838,0.08589934592000005,1.0,26964,2389.7119700000017,238.9711970000002,14.53740113040718,15.678750465920194,0.8242843865347745,27.3022473108854,6,0.02091677792612372,False,False,False,1606,0,0.0,87.67802999999988,0.5131632922996348,0.23142729962222247,0.0,0.0
FPT,BAD,UCB_WITHOUT_VAE_UNCERTAINTY,UCB-VAE without VAE uncertainty,60,12,test,0.3318448191396838,0.08589934592000005,1.0,26964,212.6165300000007,21.26165300000007,10.155325477604737,22.721938340010585,0.45495655956558695,30.107349718257986,3,0.020080321285140562,False,False,False,352,0,0.0,83.03347000000004,0.810396799217118,0.5097859953062601,0.0,0.0
FPT,BAD,UCB_WITHOUT_VAE_UNCERTAINTY,UCB-VAE without VAE uncertainty,60,13,train,0.3001813330203001,0.06871947673600004,1.0,29211,2377.182420000002,237.71824200000017,14.490250301119545,15.771658221821259,0.8177034884675364,26.972987627501755,6,0.020471740097908322,False,False,False,1630,0,0.0,88.85757999999979,0.5161217835980799,0.23092995438447889,0.0,0.0
FPT,BAD,UCB_WITHOUT_VAE_UNCERTAINTY,UCB-VAE without VAE uncertainty,60,13,test,0.3001813330203001,0.06871947673600004,1.0,29211,196.4737,19.64737,9.417135430345635,22.06931972477058,0.4310186783991009,30.92083015306053,2,0.020080321285140562,False,False,False,356,0,0.0,84.72630000000002,0.7873364517827055,0.5071249805899509,0.0,0.0
FPT,BAD,UCB_WITHOUT_VAE_UNCERTAINTY,UCB-VAE without VAE uncertainty,60,14,train,0.27153906734917177,0.054975581388800036,1.0,31458,2356.52965,235.65296500000002,14.412189970824762,15.667621070477905,0.8176947947578534,27.282581284755725,6,0.022251891410769914,False,False,False,1623,0,0.0,89.10034999999988,0.5104041001453972,0.2298253211323346,0.0,0.0
FPT,BAD,UCB_WITHOUT_VAE_UNCERTAINTY,UCB-VAE without VAE uncertainty,60,14,test,0.27153906734917177,0.054975581388800036,1.0,31458,198.40801999999962,19.840801999999965,9.505849914359231,22.699102016969377,0.4289055706087202,31.33237723482208,2,0.020080321285140562,False,False,False,361,0,0.0,85.51198000000001,0.7951173968113702,0.5062573683190058,0.0,0.0
FPT,BAD,UCB_WITHOUT_VAE_UNCERTAINTY,UCB-VAE without VAE uncertainty,60,15,train,0.24562974770943447,0.05,1.0,33705,2241.5913600000003,224.15913600000002,13.969800734306425,15.52872136570365,0.7984735371487357,27.823100627368063,6,0.022696929238985315,False,False,False,1636,0,0.0,89.44863999999974,0.5048067753989006,0.22871098869977977,0.0,0.0
FPT,BAD,UCB_WITHOUT_VAE_UNCERTAINTY,UCB-VAE without VAE uncertainty,60,15,test,0.24562974770943447,0.05,1.0,33705,200.79465000000005,20.079465000000006,9.615210602170766,22.579240866235278,0.43446001597229583,31.33237723482208,2,0.020080321285140562,False,False,False,359,0,0.0,84.91535000000002,0.7918451481385553,0.5046686901146149,0.0,0.0
FPT,BAD,UCB_WITHOUT_VAE_UNCERTAINTY,UCB-VAE without VAE uncertainty,60,16,train,0.2221926058330938,0.05,1.0,35952,2193.433500000001,219.3433500000001,13.780288014676367,15.74485647676502,0.7790180346228063,27.629338561054755,8,0.023141967067200713,False,False,False,1655,0,0.0,90.26649999999977,0.5075242998948465,0.22835284577617126,0.0,0.0
FPT,BAD,UCB_WITHOUT_VAE_UNCERTAINTY,UCB-VAE without VAE uncertainty,60,16,test,0.2221926058330938,0.05,1.0,35952,220.23750000000064,22.023750000000064,10.50212037183542,22.739951660155292,0.46891660335836016,30.774366915864782,3,0.018072289156626505,False,False,False,365,0,0.0,86.34249999999999,0.7932371176887735,0.5029961700180927,0.0,0.0
FPT,BAD,UCB_WITHOUT_VAE_UNCERTAINTY,UCB-VAE without VAE uncertainty,60,17,train,0.20099175505933367,0.05,1.0,38199,2197.7878200000023,219.77878200000026,13.79752738212865,15.612005713562793,0.7852904817852644,26.752593889725894,8,0.018691588785046728,False,False,False,1662,0,0.0,90.47217999999981,0.513917049036652,0.22693760692741693,0.0,0.0
FPT,BAD,UCB_WITHOUT_VAE_UNCERTAINTY,UCB-VAE without VAE uncertainty,60,17,test,0.20099175505933367,0.05,1.0,38199,191.64112000000023,19.16411200000002,9.195184091262787,22.46799110236283,0.4182111871255619,31.595141419458084,2,0.020080321285140562,False,False,False,366,0,0.0,86.55887999999995,0.7845195765759795,0.5009855151056765,0.0,0.0
FPT,BAD,UCB_WITHOUT_VAE_UNCERTAINTY,UCB-VAE without VAE uncertainty,60,18,train,0.18181381621752543,0.05,1.0,40446,2363.9093400000015,236.39093400000016,14.44013154188406,14.904706206999997,0.8533549875127349,26.129499812519274,6,0.021806853582554516,False,False,False,1656,0,0.0,91.2706599999998,0.48205263173574175,0.2249123443019194,0.0,0.0
FPT,BAD,UCB_WITHOUT_VAE_UNCERTAINTY,UCB-VAE without VAE uncertainty,60,18,test,0.18181381621752543,0.05,1.0,40446,114.32596000000035,11.432596000000036,5.581261252263592,21.976760690857578,0.26818940468075897,31.595141419458084,2,0.020080321285140562,False,False,False,368,0,0.0,87.17403999999996,0.7671198297436467,0.4988023978040879,0.0,0.0
FPT,BAD,UCB_WITHOUT_VAE_UNCERTAINTY,UCB-VAE without VAE uncertainty,60,19,train,0.16446577004027732,0.05,1.0,42693,2160.140880000002,216.01408800000024,13.64778288258548,15.328465518294424,0.7882594313291881,27.551349336456145,6,0.017356475300400534,False,False,False,1668,0,0.0,90.79911999999977,0.49813554162160467,0.22472996657285682,0.0,0.0
FPT,BAD,UCB_WITHOUT_VAE_UNCERTAINTY,UCB-VAE without VAE uncertainty,60,19,test,0.16446577004027732,0.05,1.0,42693,161.1954000000003,16.11954000000003,7.786432493302642,22.367033788957215,0.3605651513692013,31.470783777782106,2,0.020080321285140562,False,False,False,371,0,0.0,87.78459999999993,0.7816114341258306,0.497867338508966,0.0,0.0
FPT,BAD,UCB_WITHOUT_VAE_UNCERTAINTY,UCB-VAE without VAE uncertainty,60,20,train,0.14877301449181102,0.05,1.0,44940,2146.2198499999995,214.62198499999997,13.592008792981014,15.300556271485851,0.7862032988695209,27.571028672780557,7,0.017356475300400534,False,False,False,1672,0,0.0,92.15014999999973,0.4827401970192225,0.22384998713618764,0.0,0.0
FPT,BAD,UCB_WITHOUT_VAE_UNCERTAINTY,UCB-VAE without VAE uncertainty,60,20,test,0.14877301449181102,0.05,1.0,44940,115.88867000000073,11.588867000000073,5.655522146564085,22.264041217435004,0.2707842867401482,31.470783777782106,2,0.020080321285140562,False,False,False,375,0,0.0,88.44132999999991,0.7851457606494545,0.4965806586675376,0.0,0.0
FPT,BAD,UCB_WITHOUT_VAE_UNCERTAINTY,UCB-VAE without VAE uncertainty,60,21,train,0.13457760745935274,0.05,1.0,47187,2142.5429999999997,214.2543,13.577241015544427,15.059584395874422,0.7954425373088571,26.890985594408683,5,0.020471740097908322,False,False,False,1688,0,0.0,93.73699999999978,0.4865347045523067,0.22317442348998656,0.0,0.0
FPT,BAD,UCB_WITHOUT_VAE_UNCERTAINTY,UCB-VAE without VAE uncertainty,60,21,test,0.13457760745935274,0.05,1.0,47187,115.88867000000073,11.588867000000073,5.655522146564085,22.264041217435004,0.2707842867401482,31.470783777782106,2,0.020080321285140562,False,False,False,375,0,0.0,88.44132999999991,0.7851457606494545,0.49525996587841387,0.0,0.0
FPT,BAD,UCB_WITHOUT_VAE_UNCERTAINTY,UCB-VAE without VAE uncertainty,60,22,train,0.12173667712083987,0.05,1.0,49434,2184.0412200000014,218.40412200000014,13.74303140246964,14.932488118452303,0.8107754127573087,26.145395788872715,6,0.017356475300400534,False,False,False,1693,0,0.0,93.51877999999984,0.4771508584433797,0.22157955157409312,0.0,0.0
FPT,BAD,UCB_WITHOUT_VAE_UNCERTAINTY,UCB-VAE without VAE uncertainty,60,22,test,0.12173667712083987,0.05,1.0,49434,168.01193000000035,16.801193000000033,8.103423697989708,22.019101441414616,0.37623199019815784,30.806459527111983,4,0.018072289156626505,False,False,False,382,0,0.0,90.11806999999992,0.7810549351642153,0.4931320983722028,0.0,0.0
FPT,BAD,UCB_WITHOUT_VAE_UNCERTAINTY,UCB-VAE without VAE uncertainty,60,23,train,0.11012098398984942,0.05,1.0,51681,2137.761070000001,213.77610700000008,13.558011779904078,14.881618925681735,0.8020162266616774,26.40534544838745,6,0.02091677792612372,False,False,False,1693,0,0.0,94.1489299999998,0.46642197558352866,0.22058775493461502,0.0,0.0
FPT,BAD,UCB_WITHOUT_VAE_UNCERTAINTY,UCB-VAE without VAE uncertainty,60,23,test,0.11012098398984942,0.05,1.0,51681,157.69744000000037,15.769744000000038,7.623405775238434,22.053608049619367,0.3556113687391693,31.0289761738249,2,0.01606425702811245,False,False,False,384,0,0.0,90.08255999999993,0.7885180158123678,0.4920025419398963,0.0,0.0
FPT,BAD,UCB_WITHOUT_VAE_UNCERTAINTY,UCB-VAE without VAE uncertainty,60,24,train,0.1,0.05,1.0,53928,2167.0826100000004,216.70826100000005,13.675513115027083,14.886926263913422,0.8087648165279071,25.013838333695894,7,0.01824655095683133,False,False,False,1698,0,0.0,94.84738999999978,0.46205060704201584,0.2196196632440694,0.0,0.0
FPT,BAD,UCB_WITHOUT_VAE_UNCERTAINTY,UCB-VAE without VAE uncertainty,60,24,test,0.1,0.05,1.0,53928,133.34448000000043,13.334448000000043,6.481536212018613,21.658053227176634,0.30843831117318177,31.0289761738249,2,0.01606425702811245,False,False,False,384,0,0.0,90.01551999999995,0.7740963216329433,0.4895075542261323,0.0,0.0
FPT,BAD,UCB_WITHOUT_VAE_UNCERTAINTY,UCB-VAE without VAE uncertainty,60,25,train,0.1,0.05,1.0,56175,2004.4505799999993,200.44505799999993,13.011168856822252,15.036858554210946,0.7629123305604602,26.737232630783737,6,0.017356475300400534,False,False,False,1731,0,0.0,96.0094199999998,0.47434588279742107,0.21936445808909338,0.0,0.0
FPT,BAD,UCB_WITHOUT_VAE_UNCERTAINTY,UCB-VAE without VAE uncertainty,60,25,test,0.1,0.05,1.0,56175,160.95025000000032,16.09502500000003,7.775014957580351,21.8474093473881,0.3634044600394814,30.03706578988623,2,0.01606425702811245,False,False,False,386,0,0.0,90.59974999999993,0.7832425743700594,0.4882597769479675,0.0,0.0
FPT,BAD,UCB_WITHOUT_VAE_UNCERTAINTY,UCB-VAE without VAE uncertainty,60,26,train,0.1,0.05,1.0,58422,2001.4836400000004,200.14836400000004,12.998754889815034,15.137702484615199,0.7580985668663235,26.914914623982373,6,0.016911437472185136,False,False,False,1738,0,0.0,96.29635999999982,0.474428475056321,0.218826683723083,0.0,0.0
FPT,BAD,UCB_WITHOUT_VAE_UNCERTAINTY,UCB-VAE without VAE uncertainty,60,26,test,0.1,0.05,1.0,58422,89.58171999999945,8.958171999999944,4.398409080958743,21.43200154880251,0.21654888627693655,28.677413688720748,4,0.01606425702811245,False,False,False,390,0,0.0,91.79827999999995,0.7704276680710841,0.48583684831737994,0.0,0.0
FPT,BAD,UCB_WITHOUT_VAE_UNCERTAINTY,UCB-VAE without VAE uncertainty,60,27,train,0.1,0.05,1.0,60669,1977.48229,197.748229,12.897927946855404,14.89457837550962,0.7619806123186215,26.681640224549003,7,0.01824655095683133,False,False,False,1740,0,0.0,96.98770999999985,0.46432252590723927,0.21708428736031718,0.0,0.0
FPT,BAD,UCB_WITHOUT_VAE_UNCERTAINTY,UCB-VAE without VAE uncertainty,60,27,test,0.1,0.05,1.0,60669,64.6668600000005,6.466686000000049,3.193797548501709,20.923332403659987,0.16085224319372768,30.825441654095016,2,0.01606425702811245,False,False,False,393,0,0.0,91.69313999999994,0.7493532313983743,0.483448871587175,0.0,0.0
FPT,BAD,UCB_WITHOUT_VAE_UNCERTAINTY,UCB-VAE without VAE uncertainty,60,28,train,0.1,0.05,1.0,62916,2054.30014,205.43001399999997,13.218131340138694,14.62948922015105,0.792619313399106,24.317245282572486,7,0.019581664441477527,False,False,False,1722,0,0.0,97.19985999999986,0.4499031867366025,0.21586411568022432,0.0,0.0
FPT,BAD,UCB_WITHOUT_VAE_UNCERTAINTY,UCB-VAE without VAE uncertainty,60,28,test,0.1,0.05,1.0,62916,119.55050000000028,11.955050000000028,5.8293317334629835,21.31125266670792,0.2808259439337397,28.18968221795273,4,0.01606425702811245,False,False,False,392,0,0.0,92.26949999999995,0.7650451231776231,0.48216429777652864,0.0,0.0
FPT,BAD,UCB_WITHOUT_VAE_UNCERTAINTY,UCB-VAE without VAE uncertainty,60,29,train,0.1,0.05,1.0,65163,1772.5334099999986,177.25334099999986,12.006244667841969,15.186759468592093,0.6975908674021724,27.403744863306066,8,0.020026702269692925,False,False,False,1763,0,0.0,98.55658999999987,0.46806940194913604,0.21677642973810501,0.0,0.0
FPT,BAD,UCB_WITHOUT_VAE_UNCERTAINTY,UCB-VAE without VAE uncertainty,60,29,test,0.1,0.05,1.0,65163,166.24703,16.624703,8.021438640513212,21.32896763355169,0.37763676170121113,24.89235988016102,4,0.01606425702811245,False,False,False,398,0,0.0,93.16296999999999,0.766370883265225,0.48061095800505105,0.0,0.0
FPT,BAD,UCB_WITHOUT_VAE_UNCERTAINTY,UCB-VAE without VAE uncertainty,60,30,train,0.1,0.05,1.0,67410,1991.78233,199.178233,12.958087382509898,14.794674413944572,0.7697362511495707,26.169352991705175,6,0.016911437472185136,False,False,False,1753,0,0.0,98.16766999999983,0.45858785961269294,0.21440269659771938,0.0,0.0
FPT,BAD,UCB_WITHOUT_VAE_UNCERTAINTY,UCB-VAE without VAE uncertainty,60,30,test,0.1,0.05,1.0,67410,115.38763000000017,11.538763000000017,5.631718079373194,21.097910228065956,0.2726078204088379,29.639862486559693,3,0.014056224899598393,False,False,False,402,0,0.0,94.20236999999993,0.7489046452434783,0.47811248120533895,0.0,0.0
FPT,BAD,UCB_WITHOUT_VAE_UNCERTAINTY,UCB-VAE without VAE uncertainty,60,31,train,0.1,0.05,1.0,69657,1727.2448700000004,172.72448700000004,11.801325559728614,14.969540479740484,0.6931690872026626,28.441151902620415,7,0.017801513128615932,False,False,False,1782,0,0.0,100.16512999999988,0.4594794934826566,0.21413915407726591,0.0,0.0
FPT,BAD,UCB_WITHOUT_VAE_UNCERTAINTY,UCB-VAE without VAE uncertainty,60,31,test,0.1,0.05,1.0,69657,111.1890400000002,11.118904000000022,5.432036178587785,21.237355402653137,0.26317860768278367,29.416838600212536,3,0.008032128514056224,False,False,False,410,0,0.0,95.27095999999996,0.7508616208943781,0.47642632558882,0.0,0.0
FPT,BAD,UCB_WITHOUT_VAE_UNCERTAINTY,UCB-VAE without VAE uncertainty,60,32,train,0.1,0.05,1.0,71904,1775.6826800000003,177.56826800000002,12.020383419541215,14.774432966587458,0.7137024051808476,27.360974409708994,7,0.016911437472185136,False,False,False,1768,0,0.0,100.11731999999981,0.4514479119804482,0.2128699911658001,0.0,0.0
FPT,BAD,UCB_WITHOUT_VAE_UNCERTAINTY,UCB-VAE without VAE uncertainty,60,32,test,0.1,0.05,1.0,71904,159.76547000000028,15.976547000000027,7.719818461907013,21.44269501492001,0.36363136041972693,29.416838600212536,3,0.012048192771084338,False,False,False,410,0,0.0,95.12452999999996,0.763514584077296,0.4747177335512207,0.0,0.0
FPT,BAD,UCB_WITHOUT_VAE_UNCERTAINTY,UCB-VAE without VAE uncertainty,60,33,train,0.1,0.05,1.0,74151,1800.9014200000001,180.09014200000001,12.133092363410336,14.66709062922794,0.724753001177756,27.10893608680736,6,0.016911437472185136,False,False,False,1777,0,0.0,100.33857999999987,0.44953368491704365,0.2117507154470982,0.0,0.0
FPT,BAD,UCB_WITHOUT_VAE_UNCERTAINTY,UCB-VAE without VAE uncertainty,60,33,test,0.1,0.05,1.0,74151,140.60181999999986,14.060181999999985,6.823088725883597,21.062154886744516,0.32638642290484315,29.616042141354228,3,0.014056224899598393,False,False,False,410,0,0.0,95.29817999999999,0.7477197971425095,0.47207905013996915,0.0,0.0
FPT,BAD,UCB_WITHOUT_VAE_UNCERTAINTY,UCB-VAE without VAE uncertainty,60,34,train,0.1,0.05,1.0,76398,1770.436650000002,177.0436650000002,11.996823276845081,15.057641094733102,0.7016879392014886,26.625589926865413,8,0.016911437472185136,False,False,False,1796,0,0.0,100.99334999999985,0.4535679878690174,0.21148285195795122,0.0,0.0
FPT,BAD,UCB_WITHOUT_VAE_UNCERTAINTY,UCB-VAE without VAE uncertainty,60,34,test,0.1,0.05,1.0,76398,170.06209999999965,17.006209999999964,8.198582966126523,21.250211628261567,0.3860660044895241,29.68603618615053,2,0.012048192771084338,False,False,False,413,0,0.0,95.89789999999996,0.7478879079440537,0.47014251171824445,0.0,0.0
FPT,BAD,UCB_WITHOUT_VAE_UNCERTAINTY,UCB-VAE without VAE uncertainty,60,35,train,0.1,0.05,1.0,78645,1723.2308900000003,172.323089,11.783017719726828,14.70199402160192,0.7019314015338444,27.420604890841116,7,0.016911437472185136,False,False,False,1796,0,0.0,101.8391099999998,0.44960857854616754,0.21037722875342987,0.0,0.0
FPT,BAD,UCB_WITHOUT_VAE_UNCERTAINTY,UCB-VAE without VAE uncertainty,60,35,test,0.1,0.05,1.0,78645,211.2180099999996,21.12180099999996,10.09156752192153,21.085800652725347,0.4704125751028287,27.606987769945857,2,0.010040160642570281,False,False,False,415,0,0.0,96.45198999999995,0.7492135148816588,0.4685334603350804,0.0,0.0
FPT,BAD,UCB_WITHOUT_VAE_UNCERTAINTY,UCB-VAE without VAE uncertainty,60,36,train,0.1,0.05,1.0,80892,1643.8527800000006,164.38527800000006,11.41595463767555,14.751397032049676,0.6776131704911207,28.354154416910138,7,0.017356475300400534,False,False,False,1802,0,0.0,102.12721999999974,0.4449755146880887,0.20980386902517248,0.0,0.0
FPT,BAD,UCB_WITHOUT_VAE_UNCERTAINTY,UCB-VAE without VAE uncertainty,60,36,test,0.1,0.05,1.0,80892,100.23050999999987,10.023050999999986,4.909078153378821,20.748028420385268,0.24064386275345992,31.78488086021173,4,0.012048192771084338,False,False,False,416,0,0.0,97.15948999999996,0.7383892058609095,0.46703536964085207,0.0,0.0
FPT,BAD,UCB_WITHOUT_VAE_UNCERTAINTY,UCB-VAE without VAE uncertainty,60,37,train,0.1,0.05,1.0,83139,1683.764560000001,168.3764560000001,11.60172235134418,14.757900961433782,0.6887428406918703,26.58717671413431,7,0.016911437472185136,False,False,False,1813,0,0.0,103.65543999999977,0.4457477882409324,0.20854554059415803,0.0,0.0
FPT,BAD,UCB_WITHOUT_VAE_UNCERTAINTY,UCB-VAE without VAE uncertainty,60,37,test,0.1,0.05,1.0,83139,133.02293999999983,13.302293999999984,6.4663783856523604,20.789962677523366,0.3120546189210494,31.78488086021173,4,0.008032128514056224,False,False,False,421,0,0.0,98.19705999999998,0.7384817989826687,0.46554655237609605,0.0,0.0
FPT,BAD,UCB_WITHOUT_VAE_UNCERTAINTY,UCB-VAE without VAE uncertainty,60,38,train,0.1,0.05,1.0,85386,1709.5686,170.95686,11.720523480393963,14.599628549295248,0.7019649307444564,25.849308826647295,7,0.016911437472185136,False,False,False,1824,0,0.0,104.09139999999977,0.4392573422218084,0.20750357102872957,0.0,0.0
FPT,BAD,UCB_WITHOUT_VAE_UNCERTAINTY,UCB-VAE without VAE uncertainty,60,38,test,0.1,0.05,1.0,85386,198.60527999999977,19.860527999999977,9.514892917436836,21.03392880031249,0.4460225416535729,31.051774936853498,4,0.008032128514056224,False,False,False,424,0,0.0,98.75471999999999,0.7357114911002309,0.4631012147030677,0.0,0.0
FPT,BAD,UCB_WITHOUT_VAE_UNCERTAINTY,UCB-VAE without VAE uncertainty,60,39,train,0.1,0.05,1.0,87633,1675.4330800000007,167.54330800000008,11.563147575693812,14.55017590698485,0.6940625732102811,25.921300337914698,7,0.016911437472185136,False,False,False,1826,0,0.0,104.44691999999972,0.4341035690174835,0.20667340279182542,0.0,0.0
FPT,BAD,UCB_WITHOUT_VAE_UNCERTAINTY,UCB-VAE without VAE uncertainty,60,39,test,0.1,0.05,1.0,87633,147.4816600000006,14.74816600000006,7.145876505006643,20.309956788567852,0.34608810030532067,29.550178175627718,4,0.010040160642570281,False,False,False,425,0,0.0,99.41834000000001,0.7224265790007118,0.4604369815453947,0.0,0.0
FPT,BAD,UCB_WITHOUT_VAE_UNCERTAINTY,UCB-VAE without VAE uncertainty,60,40,train,0.1,0.05,1.0,89880,1730.918830000002,173.09188300000017,11.818061581619133,14.455599978285807,0.7135754055668051,26.368021894609655,7,0.020471740097908322,False,False,False,1808,0,0.0,104.41116999999976,0.425545205762695,0.20551867745601182,0.0,0.0
FPT,BAD,UCB_WITHOUT_VAE_UNCERTAINTY,UCB-VAE without VAE uncertainty,60,40,test,0.1,0.05,1.0,89880,87.11605999999983,8.711605999999982,4.279812773547276,20.14148457351492,0.211441996145327,28.714209720855937,4,0.008032128514056224,False,False,False,432,0,0.0,101.50394000000001,0.7087185942476836,0.45895621868740605,0.0,0.0
FPT,BAD,UCB_WITHOUT_VAE_UNCERTAINTY,UCB-VAE without VAE uncertainty,60,41,train,0.1,0.05,1.0,92127,1688.802880000001,168.8802880000001,11.624998173337154,14.376992702253197,0.7045819971333911,26.32606089104106,7,0.019581664441477527,False,False,False,1808,0,0.0,105.33711999999974,0.4239752945267948,0.20459793539552834,0.0,0.0
FPT,BAD,UCB_WITHOUT_VAE_UNCERTAINTY,UCB-VAE without VAE uncertainty,60,41,test,0.1,0.05,1.0,92127,75.34500000000003,7.534500000000002,3.711777756935719,19.920355940395794,0.18396817792399994,28.85290338112484,4,0.008032128514056224,False,False,False,434,0,0.0,102.135,0.6991963375672762,0.4571558498294957,0.0,0.0
FPT,BAD,UCB_WITHOUT_VAE_UNCERTAINTY,UCB-VAE without VAE uncertainty,60,42,train,0.1,0.05,1.0,94374,1640.9348400000003,164.09348400000005,11.402275635036396,14.464411259779139,0.6872384685147218,26.710701802497113,7,0.020471740097908322,False,False,False,1792,0,0.0,104.52515999999983,0.42103710554626905,0.20381667094597777,0.0,0.0
FPT,BAD,UCB_WITHOUT_VAE_UNCERTAINTY,UCB-VAE without VAE uncertainty,60,42,test,0.1,0.05,1.0,94374,72.93098000000009,7.293098000000009,3.5949023677326553,19.9647737119726,0.1783047943902544,29.533294414954277,4,0.008032128514056224,False,False,False,434,0,0.0,101.82902000000003,0.7031684242283532,0.45589424391467886,0.0,0.0
FPT,BAD,UCB_WITHOUT_VAE_UNCERTAINTY,UCB-VAE without VAE uncertainty,60,43,train,0.1,0.05,1.0,96621,1626.775270000001,162.6775270000001,11.335705665103424,14.199248540296333,0.6931421934260572,25.224349891437882,7,0.02091677792612372,False,False,False,1813,0,0.0,106.29472999999986,0.4155092335406489,0.2028133925605892,0.0,0.0
FPT,BAD,UCB_WITHOUT_VAE_UNCERTAINTY,UCB-VAE without VAE uncertainty,60,43,test,0.1,0.05,1.0,96621,144.5062700000001,14.450627000000008,7.006396071613286,19.420107589515812,0.3459048087030893,29.919666384938115,1,0.008032128514056224,False,False,False,437,0,0.0,102.18373,0.71321382772416,0.4555708497283928,0.0,0.0
FPT,BAD,UCB_WITHOUT_VAE_UNCERTAINTY,UCB-VAE without VAE uncertainty,60,44,train,0.1,0.05,1.0,98868,1585.40776,158.540776,11.139376438630876,14.182172105684582,0.6812258857873305,24.820119321003258,7,0.018691588785046728,False,False,False,1816,0,0.0,106.0722399999999,0.4094947220064084,0.20183569625596975,0.0,0.0
FPT,BAD,UCB_WITHOUT_VAE_UNCERTAINTY,UCB-VAE without VAE uncertainty,60,44,test,0.1,0.05,1.0,98868,140.29718000000003,14.029718000000003,6.808773251476952,18.830121248605234,0.3407911075207998,27.858643962108804,1,0.008032128514056224,False,False,False,440,0,0.0,103.36282000000004,0.6896028267263707,0.45217764341687583,0.0,0.0
FPT,BAD,UCB_WITHOUT_VAE_UNCERTAINTY,UCB-VAE without VAE uncertainty,60,45,train,0.1,0.05,1.0,101115,1632.523180000001,163.25231800000012,11.362767323249434,14.521790628494054,0.682642761076664,23.97529864068574,7,0.019581664441477527,False,False,False,1838,0,0.0,107.63681999999984,0.420446056411499,0.2013961839301882,0.0,0.0
FPT,BAD,UCB_WITHOUT_VAE_UNCERTAINTY,UCB-VAE without VAE uncertainty,60,45,test,0.1,0.05,1.0,101115,132.35407000000032,13.235407000000032,6.434840089248262,18.944733743104784,0.32124258580320286,28.9535817810899,1,0.008032128514056224,False,False,False,440,0,0.0,103.55593,0.695414254356997,0.4505812260939414,0.0,0.0
