ticker,period,model_key,model,seed,episode,split,control,epsilon_ucb,action_coverage,ucb_total_transitions,profit,roi,arr,volatility,sharpe,max_drawdown,violations,flat_step_ratio,no_trade,near_zero_vol,collapse,trade_count,invalid_action_count,invalid_action_rate,turnover,exposure_ratio,q_scale_mean,exploration_bonus_mean,exploration_bonus_max
SSI,BAD,UCB_WITHOUT_COST_NETWORK,UCB-VAE without Cost Network,41,1,train,1.0,1.0,1.0,2247,3630.1203399999986,363.01203399999986,18.578335975741943,24.28410419731217,0.7466317430453563,54.0310745316312,18,0.0,False,False,False,2247,0,0.0,32.799659999999996,0.6308526709235968,0.29898032567264454,0.9609533580379607,1.0
SSI,BAD,UCB_WITHOUT_COST_NETWORK,UCB-VAE without Cost Network,41,1,test,1.0,1.0,1.0,2247,-157.78704000000016,-15.778704000000015,-8.254893950058328,44.057554679918944,-0.02165678956520692,62.110073709126986,30,0.0,False,False,False,498,0,0.0,12.697039999999998,0.9107137911560026,0.38032796637839583,0.9832549316685493,1.0
SSI,BAD,UCB_WITHOUT_COST_NETWORK,UCB-VAE without Cost Network,41,2,train,0.9045834549972122,0.8,1.0,4494,3624.0165899999993,362.40165899999994,18.560945189061528,24.189687938976697,0.7479872796831234,54.309799403490054,18,0.0,False,False,False,2247,0,0.0,32.59340999999998,0.6268319454499758,0.2928434013557742,0.8690060229972231,0.9045834541320801
SSI,BAD,UCB_WITHOUT_COST_NETWORK,UCB-VAE without Cost Network,41,2,test,0.9045834549972122,0.8,1.0,4494,-157.78704000000016,-15.778704000000015,-8.254893950058328,44.057554679918944,-0.02165678956520692,62.110073709126986,30,0.0,False,False,False,498,0,0.0,12.697039999999998,0.9107137911560026,0.3762489634165802,0.8894890483364044,0.9045834541320801
SSI,BAD,UCB_WITHOUT_COST_NETWORK,UCB-VAE without Cost Network,41,3,train,0.8182712270546932,0.6400000000000001,1.0,6741,3501.470669999999,350.1470669999999,18.20739826303248,24.20894908808974,0.7351634621619291,54.588012773644536,18,0.0,False,False,False,2247,0,0.0,33.09932999999998,0.6266124662759093,0.2875085988400722,0.7859781151253481,0.8182712197303772
SSI,BAD,UCB_WITHOUT_COST_NETWORK,UCB-VAE without Cost Network,41,3,test,0.8182712270546932,0.6400000000000001,1.0,6741,-96.47441000000015,-9.647441000000015,-4.962593335858257,44.51422515332831,0.06282922281893769,60.536340853707,30,0.0,False,False,False,498,0,0.0,12.634409999999999,0.91682285620383,0.3708167340322192,0.8046616682739927,0.8182712197303772
SSI,BAD,UCB_WITHOUT_COST_NETWORK,UCB-VAE without Cost Network,41,4,train,0.7401946136939427,0.5120000000000001,1.0,8988,3577.23732,357.723732,18.426980237794808,23.797970344643726,0.7515779199455073,53.751062906432736,16,0.0,False,False,False,2247,0,0.0,32.70267999999998,0.6145517655963084,0.27841279291952775,0.7103971857615995,0.7401946187019348
SSI,BAD,UCB_WITHOUT_COST_NETWORK,UCB-VAE without Cost Network,41,4,test,0.7401946136939427,0.5120000000000001,1.0,8988,-110.9292700000002,-11.09292700000002,-5.728486786517239,43.6135213457929,0.03638767840088939,59.884427191865456,28,0.0,False,False,False,498,0,0.0,12.659270000000006,0.9055189822040582,0.3655594515812445,0.7278674864755925,0.7401946187019348
SSI,BAD,UCB_WITHOUT_COST_NETWORK,UCB-VAE without Cost Network,41,5,train,0.6695678010255933,0.4096000000000001,1.0,11235,3341.0928699999995,334.10928699999994,17.731550981323597,25.605709033497742,0.6927686315224162,63.610148807715305,21,0.0,False,False,False,2247,0,0.0,33.297129999999974,0.6454137942056976,0.280920127918177,0.6437993773042603,0.6695678234100342
SSI,BAD,UCB_WITHOUT_COST_NETWORK,UCB-VAE without Cost Network,41,5,test,0.6695678010255933,0.4096000000000001,1.0,11235,-99.45772000000022,-9.945772000000023,-5.120161710440419,43.61553077549914,0.05125760747008142,59.884427191865456,28,0.0,False,False,False,498,0,0.0,12.657720000000001,0.9061062135879735,0.36039515210682127,0.6584572939160707,0.6695678234100342
SSI,BAD,UCB_WITHOUT_COST_NETWORK,UCB-VAE without Cost Network,41,6,train,0.6056799548066172,0.3276800000000001,1.0,13482,3184.0053799999996,318.4005379999999,17.250069591927677,23.74138100386768,0.7103240256875337,58.389066968164315,18,0.0,False,False,False,2247,0,0.0,32.454620000000006,0.5801718510742359,0.25675959055841263,0.5789749734358393,0.6056799292564392
SSI,BAD,UCB_WITHOUT_COST_NETWORK,UCB-VAE without Cost Network,41,6,test,0.6056799548066172,0.3276800000000001,1.0,13482,-99.45772000000022,-9.945772000000023,-5.120161710440419,43.61553077549914,0.05125760747008142,59.884427191865456,28,0.0,False,False,False,498,0,0.0,12.657720000000001,0.9061062135879735,0.3566948873211581,0.5956615014923189,0.6056799292564392
SSI,BAD,UCB_WITHOUT_COST_NETWORK,UCB-VAE without Cost Network,41,7,train,0.547888066141525,0.2621440000000001,1.0,15729,3176.5120499999994,317.65120499999995,17.226702939665685,23.66462631542501,0.711008076911007,59.015054141759634,18,0.0,False,False,False,2247,0,0.0,32.41794999999998,0.5713058015547091,0.25134752256423565,0.5232352357013049,0.5478880405426025
SSI,BAD,UCB_WITHOUT_COST_NETWORK,UCB-VAE without Cost Network,41,7,test,0.547888066141525,0.2621440000000001,1.0,15729,-110.9292700000002,-11.09292700000002,-5.728486786517239,43.6135213457929,0.03638767840088939,59.884427191865456,28,0.0,False,False,False,498,0,0.0,12.659270000000006,0.9055189822040582,0.3543313387108136,0.5388509034022401,0.5478880405426025
SSI,BAD,UCB_WITHOUT_COST_NETWORK,UCB-VAE without Cost Network,41,8,train,0.49561047982204176,0.20971520000000007,1.0,17976,3502.637210000001,350.2637210000001,18.21080387143632,22.99642967929473,0.7615912249211392,56.9682292291838,18,0.0,False,False,False,2247,0,0.0,32.49279,0.5465487442903465,0.24087128214269518,0.4721827440220942,0.49561047554016113
SSI,BAD,UCB_WITHOUT_COST_NETWORK,UCB-VAE without Cost Network,41,8,test,0.49561047982204176,0.20971520000000007,1.0,17976,-96.62432000000024,-9.662432000000024,-4.970504884864058,43.946898109875185,0.05777549252360003,59.795932124647145,28,0.0,False,False,False,498,0,0.0,12.634319999999999,0.9099495975727775,0.35197226450325975,0.4874772383277544,0.49561047554016113
SSI,BAD,UCB_WITHOUT_COST_NETWORK,UCB-VAE without Cost Network,41,9,train,0.4483210401702486,0.1677721600000001,1.0,20223,3566.1936700000006,356.61936700000007,18.395176304508844,22.38976994254149,0.7831193760445885,54.428881687279265,14,0.0,False,False,False,2247,0,0.0,32.49633,0.5311729409803567,0.23310966463780264,0.426492051307151,0.44832104444503784
SSI,BAD,UCB_WITHOUT_COST_NETWORK,UCB-VAE without Cost Network,41,9,test,0.4483210401702486,0.1677721600000001,1.0,20223,-98.73895000000027,-9.873895000000028,-5.08217494798846,43.95685042145431,0.05516313316761147,59.795932124647145,28,0.0,False,False,False,498,0,0.0,12.67895,0.9093438585659374,0.3494700880863341,0.44098474828484896,0.44832104444503784
SSI,BAD,UCB_WITHOUT_COST_NETWORK,UCB-VAE without Cost Network,41,10,train,0.4055437954651474,0.13421772800000006,1.0,22470,3388.5139800000006,338.8513980000001,17.87385637262162,22.46411411775448,0.7614438264731362,55.69501596533054,18,0.0,False,False,False,2247,0,0.0,32.26601999999998,0.5315916762388333,0.23206900291950586,0.38581277278314907,0.40554380416870117
SSI,BAD,UCB_WITHOUT_COST_NETWORK,UCB-VAE without Cost Network,41,10,test,0.4055437954651474,0.13421772800000006,1.0,22470,-104.04727000000014,-10.404727000000014,-5.36307499881744,43.93743481576436,0.04820908731389267,59.751684591038,28,0.0,False,False,False,498,0,0.0,12.657270000000002,0.9078374414415417,0.3469801279884505,0.39892378144235496,0.40554380416870117
SSI,BAD,UCB_WITHOUT_COST_NETWORK,UCB-VAE without Cost Network,41,11,train,0.3668482076545458,0.10737418240000006,1.0,24717,2773.33268,277.333268,15.910947818509058,27.979086245609274,0.6006183524992231,70.64740355452376,32,0.0,False,False,False,2246,0,0.0,33.187319999999964,0.6802633988886675,0.2815022678854309,0.354427585914769,0.3668482005596161
SSI,BAD,UCB_WITHOUT_COST_NETWORK,UCB-VAE without Cost Network,41,11,test,0.3668482076545458,0.10737418240000006,1.0,24717,-100.34539000000018,-10.034539000000017,-5.167095639193475,43.88906685795963,0.05251657582953903,59.795932124647145,28,0.0,False,False,False,498,0,0.0,12.655390000000004,0.9071244234131343,0.3452282341937703,0.36087582533748624,0.3668482005596161
SSI,BAD,UCB_WITHOUT_COST_NETWORK,UCB-VAE without Cost Network,41,12,train,0.3318448191396838,0.08589934592000005,1.0,26964,2660.2127299999993,266.0212729999999,15.519339990750748,27.652186477873947,0.5920864641801342,70.97058803489504,32,0.0,False,False,False,2246,0,0.0,32.69726999999996,0.6606932115347418,0.2759837654527421,0.32020599344606543,0.3318448066711426
SSI,BAD,UCB_WITHOUT_COST_NETWORK,UCB-VAE without Cost Network,41,12,test,0.3318448191396838,0.08589934592000005,1.0,26964,-104.09652000000017,-10.409652000000017,-5.365685035140755,43.872317922126435,0.047571647063451614,59.795932124647145,28,0.0,False,False,False,498,0,0.0,12.656520000000002,0.9057297200422074,0.3441204260959922,0.3264524334101139,0.3318448066711426
SSI,BAD,UCB_WITHOUT_COST_NETWORK,UCB-VAE without Cost Network,41,13,train,0.3001813330203001,0.06871947673600004,1.0,29211,2591.392689999999,259.1392689999999,15.275797278414792,27.647043360029954,0.5844431888511968,71.04393986269059,33,0.0,False,False,False,2246,0,0.0,32.71730999999996,0.6623684177364074,0.2754930667081806,0.28968365633799265,0.3001813292503357
SSI,BAD,UCB_WITHOUT_COST_NETWORK,UCB-VAE without Cost Network,41,13,test,0.3001813330203001,0.06871947673600004,1.0,29211,-102.24575000000027,-10.224575000000028,-5.267651341518487,43.78570547731297,0.04916685335506727,59.795932124647145,28,0.0,False,False,False,498,0,0.0,12.685750000000002,0.9034559445199459,0.3429402848892662,0.2953093137596158,0.3001813292503357
SSI,BAD,UCB_WITHOUT_COST_NETWORK,UCB-VAE without Cost Network,41,14,train,0.27153906734917177,0.054975581388800036,1.0,31458,2654.7431899999992,265.4743189999999,15.500133739309163,27.500091665982456,0.5932313478424045,70.36231633987936,32,0.0,False,False,False,2245,0,0.0,32.82680999999997,0.6535545211319449,0.27210167835540755,0.261934814612717,0.2715390622615814
SSI,BAD,UCB_WITHOUT_COST_NETWORK,UCB-VAE without Cost Network,41,14,test,0.27153906734917177,0.054975581388800036,1.0,31458,-255.4707000000002,-25.547070000000023,-13.75758415552487,41.32872076914962,-0.2017751723029552,64.87056935384862,28,0.0,False,False,False,498,0,0.0,12.550700000000004,0.84007737760774,0.3376803408006588,0.2670383091911255,0.2715390622615814
SSI,BAD,UCB_WITHOUT_COST_NETWORK,UCB-VAE without Cost Network,41,15,train,0.24562974770943447,0.05,1.0,33705,2596.015389999999,259.6015389999999,15.292285640074986,27.344392259184584,0.588411862995984,70.30726469445537,32,0.0,False,False,False,2245,0,0.0,32.73460999999998,0.6468570451984963,0.2694591827438601,0.23684335227232947,0.24562974274158478
SSI,BAD,UCB_WITHOUT_COST_NETWORK,UCB-VAE without Cost Network,41,15,test,0.24562974770943447,0.05,1.0,33705,-252.71515000000022,-25.271515000000022,-13.597589175070613,41.13315415487822,-0.20017674635870616,64.87056935384862,28,0.0,False,False,False,498,0,0.0,12.575149999999997,0.8372623448521497,0.3361587966362157,0.24156262917636562,0.24562974274158478
SSI,BAD,UCB_WITHOUT_COST_NETWORK,UCB-VAE without Cost Network,41,16,train,0.2221926058330938,0.05,1.0,35952,3119.9325999999983,311.9932599999998,17.049056889037463,22.225958112262383,0.7353142668104965,53.15022867732757,16,0.0,False,False,False,2245,0,0.0,30.22739999999998,0.5083954383882882,0.23076541448765509,0.2120324856349844,0.22219260036945343
SSI,BAD,UCB_WITHOUT_COST_NETWORK,UCB-VAE without Cost Network,41,16,test,0.2221926058330938,0.05,1.0,35952,-252.17497000000026,-25.217497000000026,-13.566259287523163,41.12983709805928,-0.19933726867777304,64.87056935384862,28,0.0,False,False,False,498,0,0.0,12.574969999999995,0.8371925164547865,0.33490848623545294,0.2185235825979653,0.22219260036945343
SSI,BAD,UCB_WITHOUT_COST_NETWORK,UCB-VAE without Cost Network,41,17,train,0.20099175505933367,0.05,1.0,38199,3320.1749899999977,332.01749899999976,17.668339184155823,21.691999672930038,0.7725842010585446,50.77016027584954,13,0.0,False,False,False,2245,0,0.0,30.57500999999999,0.49103248136452243,0.2245932818221738,0.19153658061208,0.20099174976348877
SSI,BAD,UCB_WITHOUT_COST_NETWORK,UCB-VAE without Cost Network,41,17,test,0.20099175505933367,0.05,1.0,38199,-245.57293000000016,-24.557293000000016,-13.18425501259729,41.11266677562565,-0.18882099505548108,64.87056935384862,28,0.0,False,False,False,498,0,0.0,12.572930000000001,0.8334465233014687,0.3338799557712183,0.19767454378891705,0.20099174976348877
SSI,BAD,UCB_WITHOUT_COST_NETWORK,UCB-VAE without Cost Network,41,18,train,0.18181381621752543,0.05,1.0,40446,2004.1533699999986,200.41533699999988,13.00992579232254,26.107838139569257,0.5263748199967455,69.80631170720035,29,0.0013351134846461949,False,False,False,2238,0,0.0,31.47662999999995,0.6140545815667843,0.2570825168986452,0.1748058353566369,0.1818138211965561
SSI,BAD,UCB_WITHOUT_COST_NETWORK,UCB-VAE without Cost Network,41,18,test,0.18181381621752543,0.05,1.0,40446,-232.36048000000005,-23.236048000000007,-12.424732219241774,41.041748961949345,-0.16855914368568214,64.59420190306368,28,0.0,False,False,False,498,0,0.0,12.530480000000003,0.8286327558004073,0.33238450065255165,0.17881084150556842,0.1818138211965561
SSI,BAD,UCB_WITHOUT_COST_NETWORK,UCB-VAE without Cost Network,41,19,train,0.16446577004027732,0.05,1.0,42693,2056.3677999999995,205.63677999999993,13.226650713009992,25.925604619866238,0.5357016331278291,70.2116988957868,29,0.0008900756564307966,False,False,False,2239,0,0.0,31.472199999999948,0.6043584483417025,0.25282720874283754,0.1579662994926052,0.1644657701253891
SSI,BAD,UCB_WITHOUT_COST_NETWORK,UCB-VAE without Cost Network,41,19,test,0.16446577004027732,0.05,1.0,42693,-221.1166300000001,-22.11166300000001,-11.783490426969534,40.91114443478635,-0.1524371667706609,64.65024877896862,28,0.0,False,False,False,498,0,0.0,12.576630000000003,0.8254635032534368,0.33076646481173105,0.1617453904885713,0.1644657701253891
SSI,BAD,UCB_WITHOUT_COST_NETWORK,UCB-VAE without Cost Network,41,20,train,0.14877301449181102,0.05,1.0,44940,1915.194219999999,191.5194219999999,12.632852852767652,25.684083365536765,0.517653214458158,69.61929944971779,29,0.0008900756564307966,False,False,False,2239,0,0.0,31.185779999999955,0.5965792169252799,0.25059205035852705,0.14281343361657092,0.14877301454544067
SSI,BAD,UCB_WITHOUT_COST_NETWORK,UCB-VAE without Cost Network,41,20,test,0.14877301449181102,0.05,1.0,44940,-229.29609000000005,-22.929609000000003,-12.2495073511519,40.68563927239033,-0.1686001745981805,64.66626323916105,28,0.0,False,False,False,498,0,0.0,12.576089999999999,0.8219468012367662,0.3293927220784756,0.14631992605436278,0.14877301454544067
SSI,BAD,UCB_WITHOUT_COST_NETWORK,UCB-VAE without Cost Network,41,21,train,0.13457760745935274,0.05,1.0,47187,1835.3202099999985,183.53202099999984,12.285471847332241,25.498860812807838,0.5073621788302121,69.66185095403527,29,0.0008900756564307966,False,False,False,2238,0,0.0,31.04978999999997,0.5861762469465961,0.24761461443671876,0.1291072802613549,0.13457760214805603
SSI,BAD,UCB_WITHOUT_COST_NETWORK,UCB-VAE without Cost Network,41,21,test,0.13457760745935274,0.05,1.0,47187,-215.42978000000028,-21.542978000000026,-11.460923225676334,40.16836502276303,-0.15358014408755957,64.82356717409245,27,0.0,False,False,False,498,0,0.0,12.53978,0.8022926007962929,0.3262253434333696,0.132334836666527,0.13457760214805603
SSI,BAD,UCB_WITHOUT_COST_NETWORK,UCB-VAE without Cost Network,41,22,train,0.12173667712083987,0.05,1.0,49434,1877.5453399999988,187.7545339999999,12.470181792255897,25.463423825480515,0.5142093435406905,69.73291845283667,29,0.0008900756564307966,False,False,False,2237,0,0.0,30.854659999999956,0.5822515528052925,0.24605561449500418,0.11676694819549288,0.12173667550086975
SSI,BAD,UCB_WITHOUT_COST_NETWORK,UCB-VAE without Cost Network,41,22,test,0.12173667712083987,0.05,1.0,49434,-253.91629000000046,-25.391629000000044,-13.667294535660645,39.61705549450751,-0.22542562371340097,65.50804466994708,27,0.0,False,False,False,498,0,0.0,12.496289999999997,0.7840313501813484,0.3239549039208506,0.11969742592248703,0.12173667550086975
SSI,BAD,UCB_WITHOUT_COST_NETWORK,UCB-VAE without Cost Network,41,23,train,0.11012098398984942,0.05,1.0,51681,1412.351529999999,141.23515299999988,10.286538093641063,24.185165386020014,0.4464925674964011,69.15289994386855,29,0.0035603026257231864,False,False,False,2206,0,0.0,26.498469999999937,0.45514801151698697,0.23336428679562327,0.10552613354069991,0.1101209819316864
SSI,BAD,UCB_WITHOUT_COST_NETWORK,UCB-VAE without Cost Network,41,23,test,0.11012098398984942,0.05,1.0,51681,-316.53803000000016,-31.653803000000014,-17.382247558643282,39.052159711849036,-0.3478712859920174,66.40394548605364,27,0.0,False,False,False,498,0,0.0,12.398029999999991,0.7464673975680651,0.3207915270154974,0.10824787915677822,0.1101209819316864
SSI,BAD,UCB_WITHOUT_COST_NETWORK,UCB-VAE without Cost Network,41,24,train,0.1,0.05,1.0,53928,1414.3745200000003,141.43745200000004,10.2968175157627,24.065844921713275,0.44788345759273945,69.32317967190977,28,0.004895416110369382,False,False,False,2207,0,0.0,26.425479999999943,0.4537623721606245,0.2323440375112405,0.09583543016876599,0.10000000149011612
SSI,BAD,UCB_WITHOUT_COST_NETWORK,UCB-VAE without Cost Network,41,24,test,0.1,0.05,1.0,53928,-296.8067800000001,-29.68067800000001,-16.19406812718348,39.00032590290019,-0.31201767016727083,66.40394548605364,27,0.0,False,False,False,498,0,0.0,12.366779999999999,0.7434358517284448,0.3194769218294735,0.09829906433516064,0.10000000149011612
SSI,BAD,UCB_WITHOUT_COST_NETWORK,UCB-VAE without Cost Network,41,25,train,0.1,0.05,1.0,56175,1376.9427899999996,137.69427899999997,10.105363521548671,23.999969427333774,0.4411540901239396,69.65155726718113,27,0.004895416110369382,False,False,False,2201,0,0.0,26.40720999999997,0.45231407310908806,0.2314307875599684,0.09583750733077133,0.10000000149011612
SSI,BAD,UCB_WITHOUT_COST_NETWORK,UCB-VAE without Cost Network,41,25,test,0.1,0.05,1.0,56175,-314.08153000000016,-31.408153000000016,-17.23339844139974,38.70557762227031,-0.34985101213741715,66.79203588387504,27,0.0,False,False,False,498,0,0.0,12.321530000000003,0.7342754812093744,0.3184341953012599,0.09830529562103439,0.10000000149011612
SSI,BAD,UCB_WITHOUT_COST_NETWORK,UCB-VAE without Cost Network,41,26,train,0.1,0.05,1.0,58422,1396.8725400000003,139.68725400000005,10.207630091656483,23.930180282429653,0.4456512711903217,69.2734246717251,27,0.006230529595015576,False,False,False,2199,0,0.0,26.447459999999964,0.4511606487630565,0.23019377046364597,0.09584680166887216,0.10000000149011612
SSI,BAD,UCB_WITHOUT_COST_NETWORK,UCB-VAE without Cost Network,41,26,test,0.1,0.05,1.0,58422,-287.66665000000046,-28.766665000000046,-15.649299976665931,38.72970982762022,-0.30009477454918476,66.05971235417975,26,0.0,False,False,False,498,0,0.0,12.376650000000005,0.7288530419567466,0.31541140443349935,0.0983002799698779,0.10000000149011612
SSI,BAD,UCB_WITHOUT_COST_NETWORK,UCB-VAE without Cost Network,41,27,train,0.1,0.05,1.0,60669,1393.0366399999994,139.30366399999994,10.1880056219257,23.884514213682237,0.44527889027396056,68.8914443318307,27,0.007120605251446373,False,False,False,2194,0,0.0,26.543359999999968,0.44975876111319635,0.2290106578703106,0.09584884263450584,0.10000000149011612
SSI,BAD,UCB_WITHOUT_COST_NETWORK,UCB-VAE without Cost Network,41,27,test,0.1,0.05,1.0,60669,-287.66665000000046,-28.766665000000046,-15.649299976665931,38.72970982762022,-0.30009477454918476,66.05971235417975,26,0.0,False,False,False,498,0,0.0,12.376650000000005,0.7288530419567466,0.313861829299764,0.09830276133827852,0.10000000149011612
SSI,BAD,UCB_WITHOUT_COST_NETWORK,UCB-VAE without Cost Network,41,28,train,0.1,0.05,1.0,62916,1408.1119899999994,140.81119899999993,10.264970835757303,23.84919025197309,0.44853379276531713,68.82323666397967,26,0.008900756564307966,False,False,False,2189,0,0.0,26.518009999999965,0.44811658530137,0.2280330051318587,0.09586261089870246,0.10000000149011612
SSI,BAD,UCB_WITHOUT_COST_NETWORK,UCB-VAE without Cost Network,41,28,test,0.1,0.05,1.0,62916,-290.01740000000007,-29.00174000000001,-15.789074563203464,38.13437011613492,-0.3151479964734009,65.72034781874643,27,0.0,False,False,False,498,0,0.0,12.317400000000003,0.7155995313438261,0.31176063187988884,0.09829569765879709,0.10000000149011612
SSI,BAD,UCB_WITHOUT_COST_NETWORK,UCB-VAE without Cost Network,41,29,train,0.1,0.05,1.0,65163,1380.0154799999991,138.0015479999999,10.12118015239929,23.839372672829988,0.44311113609187364,68.90306946177891,26,0.010235870048954161,False,False,False,2183,0,0.0,26.48451999999998,0.44798413806160686,0.2270709592393095,0.09586422052373825,0.10000000149011612
SSI,BAD,UCB_WITHOUT_COST_NETWORK,UCB-VAE without Cost Network,41,29,test,0.1,0.05,1.0,65163,-284.91584000000023,-28.491584000000024,-15.486029515630651,38.38836410709129,-0.30114220921136436,65.22555674225876,26,0.0,False,False,False,498,0,0.0,12.315840000000001,0.7213327725812425,0.31046070005879345,0.09829789689392145,0.10000000149011612
SSI,BAD,UCB_WITHOUT_COST_NETWORK,UCB-VAE without Cost Network,41,30,train,0.1,0.05,1.0,67410,1375.8452499999994,137.58452499999993,10.099709543878577,23.767973641083202,0.4428885032072595,68.6261635674421,25,0.012016021361815754,False,False,False,2177,0,0.0,26.444749999999978,0.4465693685224297,0.22618702566644908,0.09586596510264124,0.10000000149011612
SSI,BAD,UCB_WITHOUT_COST_NETWORK,UCB-VAE without Cost Network,41,30,test,0.1,0.05,1.0,67410,-338.3398000000003,-33.83398000000003,-18.715164655339713,37.23541799208229,-0.4275020204801604,66.41999008509293,24,0.0,False,False,False,498,0,0.0,12.339799999999993,0.6954817167598338,0.308074273976935,0.09828641822452135,0.10000000149011612
SSI,BAD,UCB_WITHOUT_COST_NETWORK,UCB-VAE without Cost Network,41,31,train,0.1,0.05,1.0,69657,1413.7093499999992,141.37093499999992,10.293438431466328,23.76269338328905,0.45039361056347854,68.51858151857584,25,0.012461059190031152,False,False,False,2175,0,0.0,26.460649999999976,0.44539224953429174,0.2255164473821149,0.09588113441028202,0.10000000149011612
SSI,BAD,UCB_WITHOUT_COST_NETWORK,UCB-VAE without Cost Network,41,31,test,0.1,0.05,1.0,69657,-430.4059500000004,-43.040595000000046,-24.601445514764663,34.41441476349139,-0.7120060514488489,65.67444950502012,23,0.0,False,False,False,498,0,0.0,12.245949999999999,0.5750048990165538,0.2991900758211871,0.09816786770611273,0.10000000149011612
SSI,BAD,UCB_WITHOUT_COST_NETWORK,UCB-VAE without Cost Network,41,32,train,0.1,0.05,1.0,71904,1401.3350699999992,140.13350699999992,10.230425304893265,23.14457581049059,0.4536528649617407,67.81400837751542,23,0.012461059190031152,False,False,False,2175,0,0.0,26.614929999999987,0.43596042151341896,0.22283626453388145,0.0958499739953879,0.10000000149011612
SSI,BAD,UCB_WITHOUT_COST_NETWORK,UCB-VAE without Cost Network,41,32,test,0.1,0.05,1.0,71904,-431.2046800000004,-43.12046800000004,-24.654510521698313,34.28460011634331,-0.7181075531267278,65.34758752115854,23,0.0,False,False,False,498,0,0.0,12.21468,0.5715128325199199,0.29775936087690685,0.09816620052649662,0.10000000149011612
SSI,BAD,UCB_WITHOUT_COST_NETWORK,UCB-VAE without Cost Network,41,33,train,0.1,0.05,1.0,74151,1382.750509999999,138.2750509999999,10.135243422940675,22.946589615959244,0.45177847771791924,67.29388877962681,22,0.01557632398753894,False,False,False,2166,0,0.0,26.339489999999984,0.433383998438915,0.22163122210487504,0.09585007331536205,0.10000000149011612
SSI,BAD,UCB_WITHOUT_COST_NETWORK,UCB-VAE without Cost Network,41,33,test,0.1,0.05,1.0,74151,-460.1978100000006,-46.01978100000006,-26.60650671785175,33.95900009346619,-0.806115713126009,65.7288423992221,21,0.0,False,False,False,498,0,0.0,12.15781,0.5541056667843991,0.29570209116760987,0.09816004061413838,0.10000000149011612
SSI,BAD,UCB_WITHOUT_COST_NETWORK,UCB-VAE without Cost Network,41,34,train,0.1,0.05,1.0,76398,1389.8364299999994,138.98364299999994,10.171611938392555,22.920902390621734,0.45347532849399996,67.13830976820637,22,0.01824655095683133,False,False,False,2154,0,0.0,26.313569999999974,0.42999955116147565,0.2201904711003934,0.09584457633384837,0.10000000149011612
SSI,BAD,UCB_WITHOUT_COST_NETWORK,UCB-VAE without Cost Network,41,34,test,0.1,0.05,1.0,76398,-464.92854000000057,-46.49285400000006,-26.92992257296818,33.89062544851216,-0.8215054850421284,65.7288423992221,21,0.0,False,False,False,498,0,0.0,12.158539999999999,0.5528917395584828,0.29429602268410016,0.09816070882431474,0.10000000149011612
SSI,BAD,UCB_WITHOUT_COST_NETWORK,UCB-VAE without Cost Network,41,35,train,0.1,0.05,1.0,78645,1280.8833999999993,128.08833999999993,9.601496615146775,22.775859617314186,0.43195120455982744,67.30423027117858,22,0.01557632398753894,False,False,False,2152,0,0.0,26.276599999999974,0.4276373002211942,0.21902903570438365,0.09584068843569093,0.10000000149011612
SSI,BAD,UCB_WITHOUT_COST_NETWORK,UCB-VAE without Cost Network,41,35,test,0.1,0.05,1.0,78645,-466.88724000000036,-46.688724000000036,-27.064245818627132,34.052814059618456,-0.8214079029909118,66.05601215049768,22,0.0,False,False,False,498,0,0.0,12.197239999999997,0.5490983636223702,0.29293633695228033,0.0981622931920468,0.10000000149011612
SSI,BAD,UCB_WITHOUT_COST_NETWORK,UCB-VAE without Cost Network,41,36,train,0.1,0.05,1.0,80892,1120.32154,112.03215399999999,8.71555784870084,22.478567549765373,0.3983051021980372,67.10695225917438,22,0.019581664441477527,False,False,False,2144,0,0.0,26.058459999999986,0.42267012258934467,0.2173803191355164,0.09583657855894369,0.10000000149011612
SSI,BAD,UCB_WITHOUT_COST_NETWORK,UCB-VAE without Cost Network,41,36,test,0.1,0.05,1.0,80892,-449.8717800000006,-44.987178000000064,-25.905438906294652,34.080222911552234,-0.7738915587731411,65.0280260201761,23,0.0,False,False,False,498,0,0.0,12.21178,0.552994045445418,0.2912217242770406,0.09815611063688721,0.10000000149011612
SSI,BAD,UCB_WITHOUT_COST_NETWORK,UCB-VAE without Cost Network,41,37,train,0.1,0.05,1.0,83139,1200.0928299999987,120.00928299999987,9.16289926076761,17.24697843051402,0.48281918954105435,32.477668786047175,11,0.028037383177570093,False,False,False,2062,0,0.0,22.55717000000001,0.2374228505352317,0.18771224724593882,0.0952697351204735,0.10000000149011612
SSI,BAD,UCB_WITHOUT_COST_NETWORK,UCB-VAE without Cost Network,41,37,test,0.1,0.05,1.0,83139,-444.1155000000007,-44.41155000000007,-25.517471343920526,33.95342575205046,-0.7627144422088002,64.73488755078017,22,0.0,False,False,False,498,0,0.0,12.175499999999998,0.5509968994175314,0.2893778802041548,0.09815287999958398,0.10000000149011612
SSI,BAD,UCB_WITHOUT_COST_NETWORK,UCB-VAE without Cost Network,41,38,train,0.1,0.05,1.0,85386,755.1790899999992,75.51790899999992,6.454842067208522,21.93983487695263,0.3060734264051735,67.27037503455485,20,0.01913662661326213,False,False,False,2139,0,0.0,25.990909999999968,0.41496711364839295,0.21525255193611384,0.0958271767057425,0.10000000149011612
SSI,BAD,UCB_WITHOUT_COST_NETWORK,UCB-VAE without Cost Network,41,38,test,0.1,0.05,1.0,85386,-444.65550000000053,-44.46555000000005,-25.553781456892246,33.96302478991201,-0.7638495789428598,64.73488755078017,22,0.0,False,False,False,498,0,0.0,12.175499999999998,0.5507455490521521,0.2879758125178546,0.09815326613088775,0.10000000149011612
SSI,BAD,UCB_WITHOUT_COST_NETWORK,UCB-VAE without Cost Network,41,39,train,0.1,0.05,1.0,87633,1435.1843999999992,143.5184399999999,10.40211671171527,15.464417041665826,0.5930670424381299,28.025109226217072,6,0.0262572318647085,False,False,False,2043,0,0.0,21.41560000000001,0.20799804070587716,0.17975104625225333,0.09513212871937592,0.10000000149011612
SSI,BAD,UCB_WITHOUT_COST_NETWORK,UCB-VAE without Cost Network,41,39,test,0.1,0.05,1.0,87633,-449.0460500000006,-44.90460500000006,-25.849661669006995,33.9162363991187,-0.7771512678828174,64.73488755078017,23,0.0,False,False,False,498,0,0.0,12.17605,0.550656749513021,0.28678648675002727,0.09815342005650986,0.10000000149011612
SSI,BAD,UCB_WITHOUT_COST_NETWORK,UCB-VAE without Cost Network,41,40,train,0.1,0.05,1.0,89880,1356.8403399999988,135.68403399999988,10.001435772625289,15.321862454947224,0.5732324026462486,28.471802267887426,6,0.03159768580329328,False,False,False,2034,0,0.0,21.37966000000002,0.20622173380352352,0.17834382036864146,0.0951243921835243,0.10000000149011612
SSI,BAD,UCB_WITHOUT_COST_NETWORK,UCB-VAE without Cost Network,41,40,test,0.1,0.05,1.0,89880,-450.3357200000005,-45.03357200000005,-25.936795894854146,34.122836674102444,-0.7738412713266429,64.68560579398942,23,0.0,False,False,False,498,0,0.0,12.185720000000002,0.5516896357576688,0.285238314853854,0.09815497090342969,0.10000000149011612
SSI,BAD,UCB_WITHOUT_COST_NETWORK,UCB-VAE without Cost Network,41,41,train,0.1,0.05,1.0,92127,1196.4244299999991,119.64244299999991,9.142646342001726,15.019255724721049,0.5291399993236557,28.70987754850414,6,0.024922118380062305,False,False,False,2024,0,0.0,21.36557000000002,0.20291884883081832,0.1768703845822392,0.09511861965592569,0.10000000149011612
SSI,BAD,UCB_WITHOUT_COST_NETWORK,UCB-VAE without Cost Network,41,41,test,0.1,0.05,1.0,92127,-426.48378000000014,-42.648378000000015,-24.341405794405947,34.014206421656176,-0.7142151731749664,63.95199319969913,21,0.0,False,False,False,498,0,0.0,12.323780000000005,0.5518732955055287,0.2831299689609602,0.09814383445206286,0.10000000149011612
SSI,BAD,UCB_WITHOUT_COST_NETWORK,UCB-VAE without Cost Network,41,42,train,0.1,0.05,1.0,94374,1204.090369999999,120.4090369999999,9.184935186479827,14.885021117885444,0.5352086063984651,27.208748240869205,6,0.03382287494437027,False,False,False,2012,0,0.0,21.19963000000002,0.19958822206742866,0.17577616012276784,0.09512793810132851,0.10000000149011612
SSI,BAD,UCB_WITHOUT_COST_NETWORK,UCB-VAE without Cost Network,41,42,test,0.1,0.05,1.0,94374,-475.55389000000025,-47.55538900000003,-27.661557911847233,34.07124529433563,-0.845064365424356,66.04745861457582,21,0.0,False,False,False,498,0,0.0,12.263890000000005,0.5411032104622806,0.2831764208773772,0.0981662192195926,0.10000000149011612
SSI,BAD,UCB_WITHOUT_COST_NETWORK,UCB-VAE without Cost Network,41,43,train,0.1,0.05,1.0,96621,1221.5692099999983,122.15692099999981,9.280869760594257,14.660416929535113,0.5471778032324741,27.29058251343005,6,0.03382287494437027,False,False,False,1985,0,0.0,20.84079000000002,0.195491694140007,0.17456017003710078,0.09513278920127335,0.10000000149011612
SSI,BAD,UCB_WITHOUT_COST_NETWORK,UCB-VAE without Cost Network,41,43,test,0.1,0.05,1.0,96621,-443.6987800000003,-44.36987800000003,-25.48946270870366,33.55243557361444,-0.77483152846306,64.08673337385474,22,0.0,False,False,False,498,0,0.0,12.258780000000005,0.539782352495564,0.27985647599022073,0.09814264299705021,0.10000000149011612
SSI,BAD,UCB_WITHOUT_COST_NETWORK,UCB-VAE without Cost Network,41,44,train,0.1,0.05,1.0,98868,1122.4566099999988,112.24566099999988,8.727724265102776,14.80698395695563,0.5086988793383563,27.35136762278171,7,0.03382287494437027,False,False,False,1984,0,0.0,21.073390000000007,0.19744586012733875,0.17370187791257527,0.09512996994371616,0.10000000149011612
SSI,BAD,UCB_WITHOUT_COST_NETWORK,UCB-VAE without Cost Network,41,44,test,0.1,0.05,1.0,98868,-468.7671200000003,-46.87671200000003,-27.19339522665438,33.591356104069305,-0.8427327400549126,65.01946548954027,22,0.0,False,False,False,498,0,0.0,12.317120000000001,0.5357608581200107,0.2798486877397361,0.09815622256560759,0.10000000149011612
SSI,BAD,UCB_WITHOUT_COST_NETWORK,UCB-VAE without Cost Network,41,45,train,0.1,0.05,1.0,101115,1128.4114899999986,112.84114899999986,8.761599979280788,14.518778967628787,0.5180661416064739,27.35734418610794,7,0.03693813974187806,False,False,False,1964,0,0.0,20.77851000000001,0.1937377077985286,0.17217310915589598,0.095134397890352,0.10000000149011612
SSI,BAD,UCB_WITHOUT_COST_NETWORK,UCB-VAE without Cost Network,41,45,test,0.1,0.05,1.0,101115,-483.6855900000003,-48.368559000000026,-28.22648968188528,33.18696023186588,-0.9004024476094462,65.01946548954027,21,0.0,False,False,False,498,0,0.0,12.295589999999997,0.5295247972027554,0.27848608024328586,0.09815666336442441,0.10000000149011612
SSI,BAD,UCB_WITHOUT_COST_NETWORK,UCB-VAE without Cost Network,42,1,train,1.0,1.0,1.0,2247,384.57220999999754,38.457220999999755,3.684178036087049,9.548934595809236,0.2202546519492022,20.14017225235902,2,0.19448153093012907,False,False,False,1168,0,0.0,26.957790000000028,0.1164299980617945,0.19114578049920058,0.9738397567062002,1.0
SSI,BAD,UCB_WITHOUT_COST_NETWORK,UCB-VAE without Cost Network,42,1,test,1.0,1.0,1.0,2247,-321.0725299999997,-32.10725299999997,-17.65771288134048,41.57583904559116,-0.31062931324568377,66.46144531529532,30,0.024096385542168676,False,False,False,287,0,0.0,12.152529999999999,0.7435591571606173,0.2904416229201847,0.9886663911354807,1.0
SSI,BAD,UCB_WITHOUT_COST_NETWORK,UCB-VAE without Cost Network,42,2,train,0.9045834549972122,0.8,1.0,4494,436.5353699999987,43.65353699999987,4.109788409643134,9.922105153018341,0.25730312690722856,22.255967822350183,2,0.16599910992434358,False,False,False,1183,0,0.0,27.194630000000018,0.12767007694284951,0.1877061359594279,0.8806381690447668,0.9045834541320801
SSI,BAD,UCB_WITHOUT_COST_NETWORK,UCB-VAE without Cost Network,42,2,test,0.9045834549972122,0.8,1.0,4494,-310.81772999999987,-31.081772999999984,-17.036042105155268,41.207905995504355,-0.2987679808951119,65.68442718778977,30,0.020080321285140562,False,False,False,299,0,0.0,12.537730000000005,0.73388018805003,0.2865861774568098,0.8942803331494723,0.9045834541320801
SSI,BAD,UCB_WITHOUT_COST_NETWORK,UCB-VAE without Cost Network,42,3,train,0.8182712270546932,0.6400000000000001,1.0,6741,406.26011999999764,40.62601199999976,3.8635131565331493,10.220962983248139,0.22938540716411412,24.517878909071694,2,0.159768580329328,False,False,False,1183,0,0.0,27.519880000000004,0.13192186993401658,0.18512213987127962,0.7964783216360033,0.8182712197303772
SSI,BAD,UCB_WITHOUT_COST_NETWORK,UCB-VAE without Cost Network,42,3,test,0.8182712270546932,0.6400000000000001,1.0,6741,-348.2038499999999,-34.82038499999999,-19.32541885782898,40.899296547749515,-0.37303729626945265,65.68100592896329,30,0.020080321285140562,False,False,False,299,0,0.0,12.443850000000003,0.7120411077832655,0.28157430062870903,0.8088666468521416,0.8182712197303772
SSI,BAD,UCB_WITHOUT_COST_NETWORK,UCB-VAE without Cost Network,42,4,train,0.7401946136939427,0.5120000000000001,1.0,8988,384.86126999999783,38.48612699999978,3.6865846112893452,10.171634167634224,0.21305726105645043,24.72424933855846,2,0.16866933689363595,False,False,False,1176,0,0.0,27.32873000000003,0.1283022399715606,0.18251040683993774,0.7204232523924287,0.7401946187019348
SSI,BAD,UCB_WITHOUT_COST_NETWORK,UCB-VAE without Cost Network,42,4,test,0.7401946136939427,0.5120000000000001,1.0,8988,-310.3750899999998,-31.03750899999998,-17.009312324712134,40.73915391249049,-0.30608805524898375,65.61385493107582,30,0.020080321285140562,False,False,False,303,0,0.0,12.625090000000005,0.7253772636910458,0.280252668797132,0.7316949163291872,0.7401946187019348
SSI,BAD,UCB_WITHOUT_COST_NETWORK,UCB-VAE without Cost Network,42,5,train,0.6695678010255933,0.4096000000000001,1.0,11235,423.7657999999974,42.37657999999974,4.006481767935699,12.436187515847967,0.21985128408235494,38.220235757162456,3,0.17000445037828216,False,False,False,1232,0,0.0,28.3942,0.15860612983008543,0.18020071063238777,0.6516292145897831,0.6695678234100342
SSI,BAD,UCB_WITHOUT_COST_NETWORK,UCB-VAE without Cost Network,42,5,test,0.6695678010255933,0.4096000000000001,1.0,11235,-296.4717899999997,-29.647178999999973,-16.174040050893844,40.825268710849315,-0.2798834542626578,65.6962465322847,30,0.018072289156626505,False,False,False,311,0,0.0,12.861790000000004,0.7276077126617229,0.27725924454240436,0.6619008390213199,0.6695678234100342
SSI,BAD,UCB_WITHOUT_COST_NETWORK,UCB-VAE without Cost Network,42,6,train,0.6056799548066172,0.3276800000000001,1.0,13482,416.40247999999747,41.640247999999744,3.9465370883600803,12.899050929228434,0.21200059350585077,39.90608470201224,3,0.1846906987093903,False,False,False,1221,0,0.0,28.337519999999987,0.16340639462099635,0.17901000165487058,0.589468208313104,0.6056799292564392
SSI,BAD,UCB_WITHOUT_COST_NETWORK,UCB-VAE without Cost Network,42,6,test,0.6056799548066172,0.3276800000000001,1.0,13482,-314.54894999999976,-31.454894999999976,-17.26170079251904,40.8229410353031,-0.3120965319563808,65.6962465322847,30,0.018072289156626505,False,False,False,306,0,0.0,12.458950000000005,0.7181762930838652,0.2745756565267781,0.5986900449604308,0.6056799292564392
SSI,BAD,UCB_WITHOUT_COST_NETWORK,UCB-VAE without Cost Network,42,7,train,0.547888066141525,0.2621440000000001,1.0,15729,418.4990399999974,41.849903999999746,3.9636333038059135,13.18062246716055,0.21152741114760903,41.081962550003894,2,0.15131286159323543,False,False,False,1227,0,0.0,28.540959999999995,0.16669445276709546,0.17765536482566507,0.5330784337856375,0.5478880405426025
SSI,BAD,UCB_WITHOUT_COST_NETWORK,UCB-VAE without Cost Network,42,7,test,0.547888066141525,0.2621440000000001,1.0,15729,-292.44123,-29.244123,-15.93343613429833,40.40125801333354,-0.27998522157586075,65.68251393821146,29,0.01606425702811245,False,False,False,317,0,0.0,12.87123,0.7076312199993428,0.2719870278514533,0.5415504756048676,0.5478880405426025
SSI,BAD,UCB_WITHOUT_COST_NETWORK,UCB-VAE without Cost Network,42,8,train,0.49561047982204176,0.20971520000000007,1.0,17976,425.44865999999683,42.54486599999968,4.020143213996841,12.814218288269352,0.21814356431617268,40.162178228417226,3,0.15042278593680464,False,False,False,1227,0,0.0,28.391339999999992,0.16165650342325372,0.17566740234155734,0.48215399186419317,0.49561047554016113
SSI,BAD,UCB_WITHOUT_COST_NETWORK,UCB-VAE without Cost Network,42,8,test,0.49561047982204176,0.20971520000000007,1.0,17976,-292.03341999999986,-29.20334199999999,-15.909130041867714,40.444415942019056,-0.27849410036462596,65.56954503406125,29,0.01606425702811245,False,False,False,318,0,0.0,12.93342,0.707659737527011,0.26971223918967935,0.48988193118493895,0.49561047554016113
SSI,BAD,UCB_WITHOUT_COST_NETWORK,UCB-VAE without Cost Network,42,9,train,0.4483210401702486,0.1677721600000001,1.0,20223,384.4410199999975,38.444101999999745,3.6830856636098863,13.11467818088376,0.1911743599623328,41.61109185243616,2,0.16154873164218958,False,False,False,1222,0,0.0,28.278979999999997,0.158769967426993,0.17499068643007482,0.4362950575456856,0.44832104444503784
SSI,BAD,UCB_WITHOUT_COST_NETWORK,UCB-VAE without Cost Network,42,9,test,0.4483210401702486,0.1677721600000001,1.0,20223,-294.3906599999998,-29.43906599999998,-16.049721666877147,40.44559288317945,-0.28264297074703204,65.56954503406125,29,0.01606425702811245,False,False,False,323,0,0.0,13.090660000000002,0.7071718939017226,0.26767229294800854,0.44314724437595937,0.44832104444503784
SSI,BAD,UCB_WITHOUT_COST_NETWORK,UCB-VAE without Cost Network,42,10,train,0.4055437954651474,0.13421772800000006,1.0,22470,328.18944999999894,32.81894499999989,3.2059982784486296,11.49732994148211,0.16025450350739245,30.22893676001896,2,0.17267467734757455,False,False,False,1210,0,0.0,28.08055000000001,0.1358358426928364,0.1737052053030751,0.39462760075153297,0.40554380416870117
SSI,BAD,UCB_WITHOUT_COST_NETWORK,UCB-VAE without Cost Network,42,10,test,0.4055437954651474,0.13421772800000006,1.0,22470,-338.8488399999999,-33.884883999999985,-18.746545782660164,40.460494192282596,-0.3636416131842932,65.59638014796914,28,0.01606425702811245,False,False,False,318,0,0.0,12.85884,0.7039494334654998,0.26538409561996,0.40088769597113244,0.40554380416870117
SSI,BAD,UCB_WITHOUT_COST_NETWORK,UCB-VAE without Cost Network,42,11,train,0.3668482076545458,0.10737418240000006,1.0,24717,329.56961999999885,32.95696199999988,3.217917060403508,11.555024278229306,0.16104577225756717,30.86267613893955,2,0.17668001780151313,False,False,False,1212,0,0.0,28.17038000000002,0.13516362781159527,0.1728459745728418,0.35697677609734046,0.3668482005596161
SSI,BAD,UCB_WITHOUT_COST_NETWORK,UCB-VAE without Cost Network,42,11,test,0.3668482076545458,0.10737418240000006,1.0,24717,-338.8488399999999,-33.884883999999985,-18.746545782660164,40.460494192282596,-0.3636416131842932,65.59638014796914,28,0.01606425702811245,False,False,False,318,0,0.0,12.85884,0.7039494334654998,0.2643471022087886,0.36263890654207714,0.3668482005596161
SSI,BAD,UCB_WITHOUT_COST_NETWORK,UCB-VAE without Cost Network,42,12,train,0.3318448191396838,0.08589934592000005,1.0,26964,435.1610699999974,43.516106999999735,4.098709517070698,13.18045325560072,0.2215155077695215,42.191654006135145,3,0.17623497997329773,False,False,False,1229,0,0.0,28.628929999999993,0.16515801858007995,0.17186620768986918,0.32276775832772714,0.3318448066711426
SSI,BAD,UCB_WITHOUT_COST_NETWORK,UCB-VAE without Cost Network,42,12,test,0.3318448191396838,0.08589934592000005,1.0,26964,-338.8488399999999,-33.884883999999985,-18.746545782660164,40.460494192282596,-0.3636416131842932,65.59638014796914,28,0.01606425702811245,False,False,False,318,0,0.0,12.85884,0.7039494334654998,0.26341763506811783,0.328036600550451,0.3318448066711426
SSI,BAD,UCB_WITHOUT_COST_NETWORK,UCB-VAE without Cost Network,42,13,train,0.3001813330203001,0.06871947673600004,1.0,29211,325.56185999999843,32.55618599999984,3.1832766478461005,13.457264471320904,0.15345478295549841,44.01414497713521,4,0.21806853582554517,False,False,False,1209,0,0.0,28.298140000000004,0.16184808498447417,0.17167820384735047,0.2920321153052036,0.3001813292503357
SSI,BAD,UCB_WITHOUT_COST_NETWORK,UCB-VAE without Cost Network,42,13,test,0.3001813330203001,0.06871947673600004,1.0,29211,-343.6463399999998,-34.364633999999974,-19.04289390286358,40.49003076601373,-0.37220006999462923,65.59638014796914,28,0.018072289156626505,False,False,False,319,0,0.0,12.85634,0.7063407343743408,0.26281817164646093,0.2967401529618448,0.3001813292503357
SSI,BAD,UCB_WITHOUT_COST_NETWORK,UCB-VAE without Cost Network,42,14,train,0.27153906734917177,0.054975581388800036,1.0,31458,363.48414999999636,36.34841499999963,3.507392656145214,11.716365981316839,0.18455573929512709,31.29682780465905,3,0.21984868713840677,False,False,False,1205,0,0.0,28.065850000000022,0.13168468851409323,0.17100230306154843,0.26428556706619655,0.2715390622615814
SSI,BAD,UCB_WITHOUT_COST_NETWORK,UCB-VAE without Cost Network,42,14,test,0.27153906734917177,0.054975581388800036,1.0,31458,-340.93021999999996,-34.093022,-18.874983424133983,40.51485447556226,-0.36656711427337224,65.58232068103105,28,0.018072289156626505,False,False,False,323,0,0.0,12.96022,0.7060854772508588,0.26193363255406,0.2684172999634713,0.2715390622615814
SSI,BAD,UCB_WITHOUT_COST_NETWORK,UCB-VAE without Cost Network,42,15,train,0.24562974770943447,0.05,1.0,33705,328.35852999999724,32.83585299999972,3.2074589999915526,11.720258612530685,0.15954905885611484,31.56480724160443,3,0.1806853582554517,False,False,False,1217,0,0.0,28.391470000000023,0.1313818108407461,0.1705373280101821,0.23900953376098336,0.24562974274158478
SSI,BAD,UCB_WITHOUT_COST_NETWORK,UCB-VAE without Cost Network,42,15,test,0.24562974770943447,0.05,1.0,33705,-348.05034,-34.805034,-19.315886617917,40.76984187605252,-0.3751227550569534,65.58232068103105,28,0.018072289156626505,False,False,False,320,0,0.0,12.84034,0.7118069811777897,0.26113875769826783,0.24280623152618122,0.24562974274158478
SSI,BAD,UCB_WITHOUT_COST_NETWORK,UCB-VAE without Cost Network,42,16,train,0.2221926058330938,0.05,1.0,35952,367.91944999999896,36.7919449999999,3.5447754824867506,11.810362191735033,0.18706817909912699,31.150815978305552,3,0.17668001780151313,False,False,False,1243,0,0.0,28.910550000000033,0.13738466739749883,0.16959367106073053,0.21608785979629705,0.22219260036945343
SSI,BAD,UCB_WITHOUT_COST_NETWORK,UCB-VAE without Cost Network,42,16,test,0.2221926058330938,0.05,1.0,35952,-343.16318999999976,-34.31631899999998,-19.013000299538863,40.91859180183169,-0.3629236309204416,66.41504821285112,28,0.018072289156626505,False,False,False,323,0,0.0,12.913190000000002,0.7250683155777542,0.26151412478592023,0.21964207597079613,0.22219260036945343
SSI,BAD,UCB_WITHOUT_COST_NETWORK,UCB-VAE without Cost Network,42,17,train,0.20099175505933367,0.05,1.0,38199,365.6438399999988,36.56438399999988,3.5256090342844715,11.716624907875199,0.18602492909318982,30.54292095978546,3,0.1824655095683133,False,False,False,1248,0,0.0,28.73616000000002,0.13088792497093651,0.1691407695110899,0.1955051812013868,0.20099174976348877
SSI,BAD,UCB_WITHOUT_COST_NETWORK,UCB-VAE without Cost Network,42,17,test,0.20099175505933367,0.05,1.0,38199,-341.04597,-34.104597000000005,-18.882132044746935,40.2395548010264,-0.37203938739480263,65.76248623348509,28,0.01606425702811245,False,False,False,329,0,0.0,13.015970000000006,0.70279008692966,0.2589926684207945,0.19864870868174425,0.20099174976348877
SSI,BAD,UCB_WITHOUT_COST_NETWORK,UCB-VAE without Cost Network,42,18,train,0.18181381621752543,0.05,1.0,40446,360.2305999999994,36.02305999999994,3.479901398731733,11.580120697057154,0.18305010662332072,29.768653531649054,3,0.19759679572763686,False,False,False,1253,0,0.0,29.12940000000002,0.13094001221742246,0.16851677342214794,0.17679307141094505,0.1818138211965561
SSI,BAD,UCB_WITHOUT_COST_NETWORK,UCB-VAE without Cost Network,42,18,test,0.18181381621752543,0.05,1.0,40446,-341.4574899999998,-34.145748999999974,-18.907552234554213,40.49294028878953,-0.3679156130381145,65.83598942783337,28,0.014056224899598393,False,False,False,332,0,0.0,13.167489999999997,0.7048033375553058,0.25844274655762445,0.1796839100632758,0.1818138211965561
SSI,BAD,UCB_WITHOUT_COST_NETWORK,UCB-VAE without Cost Network,42,19,train,0.16446577004027732,0.05,1.0,42693,416.28340999999887,41.628340999999885,3.945565467619394,11.851658536407758,0.21972476265874694,30.985457606783225,3,0.20115709835336004,False,False,False,1275,0,0.0,29.706590000000002,0.1391314471069557,0.16801220961130614,0.1598626664136323,0.1644657701253891
SSI,BAD,UCB_WITHOUT_COST_NETWORK,UCB-VAE without Cost Network,42,19,test,0.16446577004027732,0.05,1.0,42693,-341.4241099999999,-34.142410999999996,-18.90549000840994,40.62193793078508,-0.3652973197884546,66.78797548677149,28,0.01606425702811245,False,False,False,334,0,0.0,13.19410999999999,0.715376894753687,0.25886489102340127,0.1625344836911001,0.1644657701253891
SSI,BAD,UCB_WITHOUT_COST_NETWORK,UCB-VAE without Cost Network,42,20,train,0.14877301449181102,0.05,1.0,44940,394.64796999999953,39.464796999999955,3.767801696413753,11.682091672553709,0.20644775482394837,29.739298722821083,3,0.22607921673342235,False,False,False,1288,0,0.0,30.142030000000034,0.1323873557355041,0.1671747427266282,0.14463664156642456,0.14877301454544067
SSI,BAD,UCB_WITHOUT_COST_NETWORK,UCB-VAE without Cost Network,42,20,test,0.14877301449181102,0.05,1.0,44940,-336.23050999999987,-33.62305099999999,-18.58525987335222,40.63149916563722,-0.3553170238566276,66.78797548677149,28,0.01606425702811245,False,False,False,333,0,0.0,13.200509999999989,0.7155624792583004,0.2581261299460767,0.14701629834274776,0.14877301454544067
SSI,BAD,UCB_WITHOUT_COST_NETWORK,UCB-VAE without Cost Network,42,21,train,0.13457760745935274,0.05,1.0,47187,380.5628900000006,38.056289000000056,3.650752222130249,11.772938510532832,0.19609526110556924,30.73772356437761,3,0.24655095683133066,False,False,False,1279,0,0.0,30.00711000000002,0.1331215636245589,0.16671908860193074,0.13077734717955677,0.13457760214805603
SSI,BAD,UCB_WITHOUT_COST_NETWORK,UCB-VAE without Cost Network,42,21,test,0.13457760745935274,0.05,1.0,47187,-320.61915,-32.061915,-17.630129436016993,40.59994831277302,-0.32707095624730737,66.07053890975311,28,0.01606425702811245,False,False,False,335,0,0.0,13.319149999999995,0.7160519542559339,0.25754084213670475,0.13297481333830793,0.13457760214805603
SSI,BAD,UCB_WITHOUT_COST_NETWORK,UCB-VAE without Cost Network,42,22,train,0.12173667712083987,0.05,1.0,49434,404.6595899999993,40.46595899999993,3.850362852763567,11.822760861556986,0.2121385246064928,30.11825947473313,4,0.22474410324877614,False,False,False,1313,0,0.0,30.950410000000016,0.13906177085905538,0.16582441100503373,0.11825746341333443,0.12173667550086975
SSI,BAD,UCB_WITHOUT_COST_NETWORK,UCB-VAE without Cost Network,42,22,test,0.12173667712083987,0.05,1.0,49434,-341.8875899999998,-34.188758999999976,-18.934128598783794,40.42111696963935,-0.3700207124241945,66.02733273781325,28,0.014056224899598393,False,False,False,333,0,0.0,13.11759,0.7013736965554852,0.2556483108535349,0.120274497251162,0.12173667550086975
SSI,BAD,UCB_WITHOUT_COST_NETWORK,UCB-VAE without Cost Network,42,23,train,0.11012098398984942,0.05,1.0,51681,168.81794999999693,16.88179499999969,1.749570824327673,8.109450914118986,0.00965313974093731,28.92365992181631,1,0.2607921673342234,False,False,False,1340,0,0.0,30.412050000000008,0.06926449139196512,0.1663956265543427,0.10715230758655234,0.1101209819316864
SSI,BAD,UCB_WITHOUT_COST_NETWORK,UCB-VAE without Cost Network,42,23,test,0.11012098398984942,0.05,1.0,51681,-317.2048699999999,-31.72048699999999,-17.422700035503567,40.70007446504126,-0.31907079719776815,66.03379691042409,28,0.01606425702811245,False,False,False,333,0,0.0,13.304869999999998,0.7220042622074123,0.25709902140569973,0.1088034523193333,0.1101209819316864
SSI,BAD,UCB_WITHOUT_COST_NETWORK,UCB-VAE without Cost Network,42,24,train,0.1,0.05,1.0,53928,123.20510000000058,12.320510000000057,1.3002233907488003,11.213884169078657,-0.006066194244015093,32.36143854832669,4,0.21717846016911438,False,False,False,1319,0,0.0,31.234900000000017,0.1266136466154743,0.16463541755602792,0.09709077270206194,0.10000000149011612
SSI,BAD,UCB_WITHOUT_COST_NETWORK,UCB-VAE without Cost Network,42,24,test,0.1,0.05,1.0,53928,-336.2109499999997,-33.62109499999997,-18.584056195520958,40.34410537760397,-0.36076451509041085,66.58533665487437,27,0.014056224899598393,False,False,False,337,0,0.0,13.500949999999998,0.7067929287704018,0.2560022908251688,0.0987922744924089,0.10000000149011612
SSI,BAD,UCB_WITHOUT_COST_NETWORK,UCB-VAE without Cost Network,42,25,train,0.1,0.05,1.0,56175,114.23593999999912,11.423593999999913,1.2099615491457216,11.343081065404071,-0.012614128108328602,33.68876623059888,4,0.19270137961726747,False,False,False,1320,0,0.0,31.504060000000013,0.1338801637853084,0.16424993608307722,0.09700096347498682,0.10000000149011612
SSI,BAD,UCB_WITHOUT_COST_NETWORK,UCB-VAE without Cost Network,42,25,test,0.1,0.05,1.0,56175,-320.66286999999966,-32.06628699999997,-17.632788942444254,40.45569350594464,-0.3297573436870242,66.58533665487437,27,0.01606425702811245,False,False,False,335,0,0.0,13.56287,0.7126855776498847,0.25571398646477234,0.0987919531272967,0.10000000149011612
SSI,BAD,UCB_WITHOUT_COST_NETWORK,UCB-VAE without Cost Network,42,26,train,0.1,0.05,1.0,58422,58.77863999999863,5.877863999999863,0.6370778512118536,11.383986022469646,-0.06246512184576284,33.58030071211834,4,0.20694259012016022,False,False,False,1323,0,0.0,31.561360000000022,0.13496564644125025,0.16360056111825325,0.0969590648849593,0.10000000149011612
SSI,BAD,UCB_WITHOUT_COST_NETWORK,UCB-VAE without Cost Network,42,26,test,0.1,0.05,1.0,58422,-333.1617799999999,-33.316177999999994,-18.396632850003503,40.76462795259799,-0.3471029363213224,66.46973998340123,28,0.014056224899598393,False,False,False,336,0,0.0,13.321779999999997,0.7275728986456246,0.25521710136508846,0.09879181874618778,0.10000000149011612
SSI,BAD,UCB_WITHOUT_COST_NETWORK,UCB-VAE without Cost Network,42,27,train,0.1,0.05,1.0,60669,387.9323899999947,38.79323899999947,3.71212575328681,8.27846133114351,0.24390468661538622,28.441412575132414,0,0.24566088117489987,False,False,False,1383,0,0.0,33.01760999999999,0.08597096033826278,0.16358687495211788,0.09712267417104835,0.10000000149011612
SSI,BAD,UCB_WITHOUT_COST_NETWORK,UCB-VAE without Cost Network,42,27,test,0.1,0.05,1.0,60669,-332.9227199999998,-33.292271999999976,-18.381956617898187,40.75032759130396,-0.34692282727282503,66.44604808988595,28,0.014056224899598393,False,False,False,338,0,0.0,13.382719999999997,0.7272143196864806,0.254469572854449,0.09878578144334754,0.10000000149011612
SSI,BAD,UCB_WITHOUT_COST_NETWORK,UCB-VAE without Cost Network,42,28,train,0.1,0.05,1.0,62916,344.3226299999951,34.432262999999516,3.3446377518407733,8.346263817162333,0.1996986602094827,28.842958998871378,1,0.2398753894080997,False,False,False,1391,0,0.0,33.12736999999999,0.08689409864495182,0.16277970555335827,0.09705261924311717,0.10000000149011612
SSI,BAD,UCB_WITHOUT_COST_NETWORK,UCB-VAE without Cost Network,42,28,test,0.1,0.05,1.0,62916,-332.9227199999998,-33.292271999999976,-18.381956617898187,40.75032759130396,-0.34692282727282503,66.44604808988595,28,0.014056224899598393,False,False,False,338,0,0.0,13.382719999999997,0.7272143196864806,0.2542127345550252,0.09877982901020962,0.10000000149011612
SSI,BAD,UCB_WITHOUT_COST_NETWORK,UCB-VAE without Cost Network,42,29,train,0.1,0.05,1.0,65163,334.6408499999957,33.464084999999564,3.2616166297138927,8.364710321089065,0.18975163853340007,28.85043774196071,1,0.25322652425456166,False,False,False,1396,0,0.0,33.54914999999999,0.0889880131311572,0.16206846357844223,0.09698394122932337,0.10000000149011612
SSI,BAD,UCB_WITHOUT_COST_NETWORK,UCB-VAE without Cost Network,42,29,test,0.1,0.05,1.0,65163,-332.9227199999998,-33.292271999999976,-18.381956617898187,40.75032759130396,-0.34692282727282503,66.44604808988595,28,0.014056224899598393,False,False,False,338,0,0.0,13.382719999999997,0.7272143196864806,0.2540586336130598,0.09877375378394136,0.10000000149011612
SSI,BAD,UCB_WITHOUT_COST_NETWORK,UCB-VAE without Cost Network,42,30,train,0.1,0.05,1.0,67410,311.9095799999968,31.19095799999968,3.0645725993150963,8.299653506920622,0.16736891324053046,28.445881258335493,0,0.2416555407209613,False,False,False,1403,0,0.0,33.81041999999998,0.09019089488728209,0.16141357859095096,0.09691817356115956,0.10000000149011612
SSI,BAD,UCB_WITHOUT_COST_NETWORK,UCB-VAE without Cost Network,42,30,test,0.1,0.05,1.0,67410,-314.22303999999986,-31.422303999999983,-17.241965878533804,40.6347051186336,-0.3148558765518318,66.19988954721507,28,0.01606425702811245,False,False,False,341,0,0.0,13.75304,0.7258776763603292,0.25386535847582015,0.09876323322819593,0.10000000149011612
SSI,BAD,UCB_WITHOUT_COST_NETWORK,UCB-VAE without Cost Network,42,31,train,0.1,0.05,1.0,69657,409.99780999999575,40.99978099999957,3.894171102142563,8.459906020912875,0.26136376930082433,28.223723803997736,0,0.23809523809523808,False,False,False,1426,0,0.0,34.51218999999998,0.09434561462388012,0.16064509495588797,0.09690680765479148,0.10000000149011612
SSI,BAD,UCB_WITHOUT_COST_NETWORK,UCB-VAE without Cost Network,42,31,test,0.1,0.05,1.0,69657,-322.3927399999998,-32.23927399999998,-17.738086211596627,40.91469885395321,-0.32454172535959763,66.70002741464845,28,0.01606425702811245,False,False,False,335,0,0.0,13.522739999999994,0.7328338647069413,0.25397672091262885,0.09876368428482196,0.10000000149011612
SSI,BAD,UCB_WITHOUT_COST_NETWORK,UCB-VAE without Cost Network,42,32,train,0.1,0.05,1.0,71904,416.79433999999605,41.6794339999996,3.94973418483775,8.508393204540127,0.2666939452463197,28.329089081826492,0,0.19626168224299065,False,False,False,1448,0,0.0,35.08565999999999,0.09599931405068356,0.16015902987727335,0.09685780245459726,0.10000000149011612
SSI,BAD,UCB_WITHOUT_COST_NETWORK,UCB-VAE without Cost Network,42,32,test,0.1,0.05,1.0,71904,-336.05656999999985,-33.60565699999999,-18.574556622241488,40.826660268264476,-0.3513181773195398,66.71315763540686,28,0.014056224899598393,False,False,False,335,0,0.0,13.506569999999995,0.7275813159293308,0.253345093229808,0.09875618411121294,0.10000000149011612
SSI,BAD,UCB_WITHOUT_COST_NETWORK,UCB-VAE without Cost Network,42,33,train,0.1,0.05,1.0,74151,422.2321699999959,42.22321699999959,3.994019264738813,8.526869789078146,0.2713390040004222,28.329089081826492,0,0.19670672007120604,False,False,False,1460,0,0.0,35.41782999999998,0.09663924444463252,0.15944841642697016,0.09681665814926783,0.10000000149011612
SSI,BAD,UCB_WITHOUT_COST_NETWORK,UCB-VAE without Cost Network,42,33,test,0.1,0.05,1.0,74151,-322.7190399999996,-32.271903999999964,-17.7579631179125,40.84404541673115,-0.3263677835458892,66.71315763540686,28,0.01606425702811245,False,False,False,332,0,0.0,13.509039999999999,0.7244769915459196,0.25319737970948697,0.09874980366003691,0.10000000149011612
SSI,BAD,UCB_WITHOUT_COST_NETWORK,UCB-VAE without Cost Network,42,34,train,0.1,0.05,1.0,76398,415.8752399999944,41.58752399999944,3.942234216594165,8.653364705147645,0.2628278918113008,28.82047268699114,0,0.19982198486871383,False,False,False,1473,0,0.0,35.76475999999998,0.09899653115840332,0.15880649129171662,0.09677531503458338,0.10000000149011612
SSI,BAD,UCB_WITHOUT_COST_NETWORK,UCB-VAE without Cost Network,42,34,test,0.1,0.05,1.0,76398,-322.7190399999996,-32.271903999999964,-17.7579631179125,40.84404541673115,-0.3263677835458892,66.71315763540686,28,0.01606425702811245,False,False,False,332,0,0.0,13.509039999999999,0.7244769915459196,0.25281326384489317,0.09874556322560644,0.10000000149011612
SSI,BAD,UCB_WITHOUT_COST_NETWORK,UCB-VAE without Cost Network,42,35,train,0.1,0.05,1.0,78645,441.89606999999705,44.189606999999704,4.152913742431585,8.725579634612712,0.2847752507111997,28.82047268699114,0,0.19003115264797507,False,False,False,1483,0,0.0,35.83393,0.1018105912258426,0.15839195634935982,0.09671948764426629,0.10000000149011612
SSI,BAD,UCB_WITHOUT_COST_NETWORK,UCB-VAE without Cost Network,42,35,test,0.1,0.05,1.0,78645,-325.7766399999997,-32.57766399999997,-17.944452371077347,41.04434355250321,-0.3282978069886378,66.71315763540686,28,0.01606425702811245,False,False,False,331,0,0.0,13.32664,0.7294586682446303,0.2525160799782918,0.09874292631987544,0.10000000149011612
SSI,BAD,UCB_WITHOUT_COST_NETWORK,UCB-VAE without Cost Network,42,36,train,0.1,0.05,1.0,80892,438.0470599999953,43.804705999999534,4.12196399410345,8.715966935213682,0.28155445824847947,28.82047268699114,0,0.18914107699154428,False,False,False,1490,0,0.0,36.25293999999998,0.10236806284006954,0.157459238014409,0.09672380250859001,0.10000000149011612
SSI,BAD,UCB_WITHOUT_COST_NETWORK,UCB-VAE without Cost Network,42,36,test,0.1,0.05,1.0,80892,-315.16130999999973,-31.516130999999977,-17.298793838534998,40.912673004199675,-0.311517316075607,66.91165650052221,28,0.01606425702811245,False,False,False,334,0,0.0,13.521309999999994,0.7360857546278595,0.2524039392999138,0.09874368898295799,0.10000000149011612
SSI,BAD,UCB_WITHOUT_COST_NETWORK,UCB-VAE without Cost Network,42,37,train,0.1,0.05,1.0,83139,488.3192999999965,48.831929999999645,4.520529175006094,8.902319618240037,0.32079309566943276,28.144291646658814,0,0.18914107699154428,False,False,False,1523,0,0.0,37.14069999999998,0.12297952354504707,0.15560709096700232,0.09664646605381703,0.10000000149011612
SSI,BAD,UCB_WITHOUT_COST_NETWORK,UCB-VAE without Cost Network,42,37,test,0.1,0.05,1.0,83139,-315.16130999999973,-31.516130999999977,-17.298793838534998,40.912673004199675,-0.311517316075607,66.91165650052221,28,0.01606425702811245,False,False,False,334,0,0.0,13.521309999999994,0.7360857546278595,0.2517666851570568,0.09873988109158965,0.10000000149011612
SSI,BAD,UCB_WITHOUT_COST_NETWORK,UCB-VAE without Cost Network,42,38,train,0.1,0.05,1.0,85386,504.1128699999972,50.41128699999972,4.6432734816203025,8.956042588731078,0.3326222919705448,28.148689986639674,0,0.1780151312861593,False,False,False,1521,0,0.0,37.09712999999998,0.124910544913379,0.15482536386690196,0.09657689302082986,0.10000000149011612
SSI,BAD,UCB_WITHOUT_COST_NETWORK,UCB-VAE without Cost Network,42,38,test,0.1,0.05,1.0,85386,-324.6178699999997,-32.46178699999997,-17.87372713612919,40.957434740295504,-0.3277837038625968,66.49136080366121,28,0.01606425702811245,False,False,False,332,0,0.0,13.41787,0.7308971068060696,0.250869554463759,0.09873162527568978,0.10000000149011612
SSI,BAD,UCB_WITHOUT_COST_NETWORK,UCB-VAE without Cost Network,42,39,train,0.1,0.05,1.0,87633,500.05159999999773,50.00515999999977,4.6118199578103924,8.966316749590963,0.3289622564084669,28.148689986639674,0,0.1806853582554517,False,False,False,1534,0,0.0,37.00839999999999,0.12606347466707885,0.15425646712097477,0.09653849429589778,0.10000000149011612
SSI,BAD,UCB_WITHOUT_COST_NETWORK,UCB-VAE without Cost Network,42,39,test,0.1,0.05,1.0,87633,-327.13185999999985,-32.713185999999986,-18.027244767386787,41.12026976888685,-0.3294946372688368,66.89798279775697,28,0.01606425702811245,False,False,False,332,0,0.0,13.401859999999994,0.7375641011803784,0.25060783022917416,0.09873260118205994,0.10000000149011612
SSI,BAD,UCB_WITHOUT_COST_NETWORK,UCB-VAE without Cost Network,42,40,train,0.1,0.05,1.0,89880,599.0009099999963,59.900090999999634,5.357479027621537,9.060978904288422,0.4055354888907251,28.033344586706406,0,0.17000445037828216,False,False,False,1548,0,0.0,38.04908999999996,0.12972860509257017,0.15386493812747462,0.0965262857164149,0.10000000149011612
SSI,BAD,UCB_WITHOUT_COST_NETWORK,UCB-VAE without Cost Network,42,40,test,0.1,0.05,1.0,89880,-243.08975999999973,-24.308975999999973,-13.041006265925859,41.81598549977832,-0.17481787893383058,66.89798279775697,29,0.01606425702811245,False,False,False,328,0,0.0,13.589760000000002,0.7838339845125472,0.2535825970780897,0.09874930545992336,0.10000000149011612
SSI,BAD,UCB_WITHOUT_COST_NETWORK,UCB-VAE without Cost Network,42,41,train,0.1,0.05,1.0,92127,591.4727599999965,59.14727599999965,5.302211480832675,9.131158480211315,0.39731239558972264,28.033344586706406,0,0.1570983533600356,False,False,False,1559,0,0.0,38.08723999999997,0.13198581239481297,0.1528470571097741,0.09649021814844391,0.10000000149011612
SSI,BAD,UCB_WITHOUT_COST_NETWORK,UCB-VAE without Cost Network,42,41,test,0.1,0.05,1.0,92127,-242.05727999999988,-24.205727999999986,-12.98151364532034,41.79119614908928,-0.173517464652337,66.89798279775697,29,0.01606425702811245,False,False,False,329,0,0.0,13.737280000000002,0.782293736476188,0.2525055693784153,0.09874622082570993,0.10000000149011612
SSI,BAD,UCB_WITHOUT_COST_NETWORK,UCB-VAE without Cost Network,42,42,train,0.1,0.05,1.0,94374,482.52635999999734,48.25263599999973,4.4752173262612605,8.819200486313203,0.3180150196105736,28.05159019625571,0,0.16421895861148197,False,False,False,1566,0,0.0,38.15363999999998,0.11133203147488892,0.15229727973076412,0.09647801774569968,0.10000000149011612
SSI,BAD,UCB_WITHOUT_COST_NETWORK,UCB-VAE without Cost Network,42,42,test,0.1,0.05,1.0,94374,-248.9033499999997,-24.890334999999972,-13.376749159833224,41.843194363730426,-0.1837008853262509,66.71086393075558,29,0.014056224899598393,False,False,False,337,0,0.0,13.843350000000003,0.7846043371998883,0.2520647418487024,0.09874643886739992,0.10000000149011612
SSI,BAD,UCB_WITHOUT_COST_NETWORK,UCB-VAE without Cost Network,42,43,train,0.1,0.05,1.0,96621,472.2940799999965,47.22940799999965,4.394795490963088,8.852307044778978,0.3083776691219853,28.064649830456247,0,0.14107699154428127,False,False,False,1561,0,0.0,38.145919999999975,0.11382442676962569,0.15150309829385375,0.0964155002392124,0.10000000149011612
SSI,BAD,UCB_WITHOUT_COST_NETWORK,UCB-VAE without Cost Network,42,43,test,0.1,0.05,1.0,96621,-249.53719999999987,-24.953719999999986,-13.413433045615452,41.63033858092122,-0.1878375186679163,66.21357843519856,29,0.01606425702811245,False,False,False,330,0,0.0,13.467200000000002,0.7846695797478804,0.25129620427168514,0.09874650643265957,0.10000000149011612
SSI,BAD,UCB_WITHOUT_COST_NETWORK,UCB-VAE without Cost Network,42,44,train,0.1,0.05,1.0,98868,650.3892999999948,65.03892999999948,5.728683775726129,9.299931523035282,0.4356076636480584,28.28260923201686,0,0.12238540275923454,False,False,False,1577,0,0.0,39.11070000000001,0.1353732166011071,0.15091653335483063,0.096418961722529,0.10000000149011612
SSI,BAD,UCB_WITHOUT_COST_NETWORK,UCB-VAE without Cost Network,42,44,test,0.1,0.05,1.0,98868,-242.38463000000024,-24.238463000000024,-13.000371534011856,41.14065269516707,-0.18345000447181242,66.08150001437785,29,0.01606425702811245,False,False,False,328,0,0.0,13.514629999999999,0.7725362871057571,0.2511222395282912,0.09874287690367521,0.10000000149011612
SSI,BAD,UCB_WITHOUT_COST_NETWORK,UCB-VAE without Cost Network,42,45,train,0.1,0.05,1.0,101115,730.5211299999974,73.05211299999974,6.287508500191019,9.31940728833469,0.49196021819674296,28.186830206779163,0,0.11481975967957277,False,False,False,1612,0,0.0,39.388870000000004,0.13171525266741865,0.15042379971810801,0.09644534182146046,0.10000000149011612
SSI,BAD,UCB_WITHOUT_COST_NETWORK,UCB-VAE without Cost Network,42,45,test,0.1,0.05,1.0,101115,-243.75958000000014,-24.375958000000015,-13.079623651110438,41.41339196417214,-0.18170617894676777,65.79434612222084,29,0.01606425702811245,False,False,False,325,0,0.0,13.45958,0.7759926077664415,0.2508314980949503,0.09874990414222821,0.10000000149011612
SSI,BAD,UCB_WITHOUT_COST_NETWORK,UCB-VAE without Cost Network,43,1,train,1.0,1.0,1.0,2247,1923.04248,192.304248,12.666527789647075,15.513955629347013,0.7240504041906279,25.866733554314532,5,0.12283044058744993,False,False,False,1675,0,0.0,33.49752000000001,0.24452490692095713,0.23020590841438593,0.972320068100536,1.0
SSI,BAD,UCB_WITHOUT_COST_NETWORK,UCB-VAE without Cost Network,43,1,test,1.0,1.0,1.0,2247,-57.73200000000031,-5.773200000000031,-2.939420956907124,34.48378137720462,0.028020798526486694,60.015701125820286,18,0.02610441767068273,False,False,False,227,0,0.0,9.861999999999995,0.5852283727103833,0.31191210454726315,0.9861947444286953,1.0
SSI,BAD,UCB_WITHOUT_COST_NETWORK,UCB-VAE without Cost Network,43,2,train,0.9045834549972122,0.8,1.0,4494,2129.6995899999984,212.96995899999982,13.525535676049305,16.116348855403388,0.7504175168814085,24.918390887442026,5,0.09256786826880285,False,False,False,1700,0,0.0,34.71041,0.2629475159711778,0.22679051275737666,0.8795453233327633,0.9045834541320801
SSI,BAD,UCB_WITHOUT_COST_NETWORK,UCB-VAE without Cost Network,43,2,test,0.9045834549972122,0.8,1.0,4494,-51.59687000000031,-5.159687000000031,-2.622866621553055,34.2914263027871,0.035814947650000435,60.015701125820286,18,0.024096385542168676,False,False,False,225,0,0.0,9.786869999999995,0.5806854944300182,0.3089636256357273,0.8921206260671926,0.9045834541320801
SSI,BAD,UCB_WITHOUT_COST_NETWORK,UCB-VAE without Cost Network,43,3,train,0.8182712270546932,0.6400000000000001,1.0,6741,2162.37231,216.23723100000004,13.656702708904312,16.28630558900301,0.7514530130507814,26.26452626041933,6,0.09345794392523364,False,False,False,1703,0,0.0,35.21769000000002,0.26769917480659455,0.22300537180903227,0.7954311440806754,0.8182712197303772
SSI,BAD,UCB_WITHOUT_COST_NETWORK,UCB-VAE without Cost Network,43,3,test,0.8182712270546932,0.6400000000000001,1.0,6741,-68.04423000000008,-6.804423000000008,-3.4738239896143885,34.52486189979082,0.012296827976606875,60.36964333920297,17,0.19477911646586346,False,False,False,223,0,0.0,9.764229999999996,0.5733041668875698,0.3059492505578152,0.807011390731212,0.8182712197303772
SSI,BAD,UCB_WITHOUT_COST_NETWORK,UCB-VAE without Cost Network,43,4,train,0.7401946136939427,0.5120000000000001,1.0,8988,2269.96202,226.99620199999998,14.080277925788032,16.493719814592236,0.7668322707195606,26.651447552769366,6,0.07120605251446373,False,False,False,1770,0,0.0,36.23798,0.27664876212650025,0.21956793018245782,0.7194588120259451,0.7401946187019348
SSI,BAD,UCB_WITHOUT_COST_NETWORK,UCB-VAE without Cost Network,43,4,test,0.7401946136939427,0.5120000000000001,1.0,8988,-80.01224000000002,-8.001224000000002,-4.097740991789345,34.34506742755457,-0.00847599072798477,60.39000441743596,17,0.19678714859437751,False,False,False,217,0,0.0,9.592239999999997,0.5705069120179815,0.3029414154140346,0.7300283709944231,0.7401946187019348
SSI,BAD,UCB_WITHOUT_COST_NETWORK,UCB-VAE without Cost Network,43,5,train,0.6695678010255933,0.4096000000000001,1.0,11235,2269.756230000001,226.9756230000001,14.079479638659809,16.269696400328744,0.7750920446860924,26.215781631166816,6,0.06853582554517133,False,False,False,1748,0,0.0,35.81377000000002,0.2708749568498164,0.21701186329033517,0.6507921603021438,0.6695678234100342
SSI,BAD,UCB_WITHOUT_COST_NETWORK,UCB-VAE without Cost Network,43,5,test,0.6695678010255933,0.4096000000000001,1.0,11235,-83.2160600000002,-8.32160600000002,-4.265447933409505,34.00007734246482,-0.017210009232584093,59.9990702396567,17,0.04417670682730924,False,False,False,218,0,0.0,9.686059999999994,0.5720209107115748,0.3000516766405489,0.6603891355967861,0.6695678234100342
SSI,BAD,UCB_WITHOUT_COST_NETWORK,UCB-VAE without Cost Network,43,6,train,0.6056799548066172,0.3276800000000001,1.0,13482,2354.047580000002,235.40475800000021,14.402779887893601,16.622512028522454,0.7793461469835765,26.61116725455941,6,0.0520694259012016,False,False,False,1888,0,0.0,37.97242000000004,0.28915428629283696,0.21423725679377528,0.5888289927618786,0.6056799292564392
SSI,BAD,UCB_WITHOUT_COST_NETWORK,UCB-VAE without Cost Network,43,6,test,0.6056799548066172,0.3276800000000001,1.0,13482,-74.17143000000033,-7.417143000000033,-3.7927455159741275,34.16629223682404,-0.0009552578830977905,60.253727590742756,18,0.10040160642570281,False,False,False,223,0,0.0,9.861429999999997,0.5735680499066722,0.29752386657588453,0.5973761017716858,0.6056799292564392
SSI,BAD,UCB_WITHOUT_COST_NETWORK,UCB-VAE without Cost Network,43,7,train,0.547888066141525,0.2621440000000001,1.0,15729,2452.6262400000014,245.26262400000016,14.771841892453864,16.703619214374623,0.7958226125696075,26.052339935221337,6,0.08945260347129506,False,False,False,1900,0,0.0,38.07376000000003,0.2911093229537164,0.21235865666222242,0.5328697312990863,0.5478880405426025
SSI,BAD,UCB_WITHOUT_COST_NETWORK,UCB-VAE without Cost Network,43,7,test,0.547888066141525,0.2621440000000001,1.0,15729,-78.47914000000037,-7.847914000000037,-4.017592395640934,34.07343516915555,-0.00878796145065123,60.253727590742756,18,0.10240963855421686,False,False,False,223,0,0.0,9.909139999999994,0.5679936891264572,0.29567130499455824,0.5403784779724999,0.5478880405426025
SSI,BAD,UCB_WITHOUT_COST_NETWORK,UCB-VAE without Cost Network,43,8,train,0.49561047982204176,0.20971520000000007,1.0,17976,2280.926669999999,228.0926669999999,14.122746844228118,16.311992652503776,0.775872655510461,26.050153523056263,6,0.11481975967957277,False,False,False,1777,0,0.0,36.62333,0.27088905031184674,0.21022980653236958,0.4819435186733266,0.49561047554016113
SSI,BAD,UCB_WITHOUT_COST_NETWORK,UCB-VAE without Cost Network,43,8,test,0.49561047982204176,0.20971520000000007,1.0,17976,-61.10075000000052,-6.110075000000052,-3.1136752219848574,34.38169781136548,0.021840771023123616,60.3446140723391,18,0.10240963855421686,False,False,False,222,0,0.0,9.980749999999997,0.5754963141997783,0.2940410020720049,0.4888187382844905,0.49561047554016113
SSI,BAD,UCB_WITHOUT_COST_NETWORK,UCB-VAE without Cost Network,43,9,train,0.4483210401702486,0.1677721600000001,1.0,20223,2463.2059800000006,246.32059800000005,14.810892244661122,16.59703865785776,0.8019307869675912,26.161841519324614,6,0.05518469069870939,False,False,False,1914,0,0.0,38.37402000000001,0.29296400057043354,0.20867467966406517,0.43603441878570276,0.44832104444503784
SSI,BAD,UCB_WITHOUT_COST_NETWORK,UCB-VAE without Cost Network,43,9,test,0.4483210401702486,0.1677721600000001,1.0,20223,-72.98050000000035,-7.2980500000000355,-3.730675307002773,34.10172490157495,0.00033391062158759106,60.3446140723391,18,0.10240963855421686,False,False,False,222,0,0.0,9.880499999999996,0.5709666939251096,0.29262771675864374,0.4421719590561718,0.44832104444503784
SSI,BAD,UCB_WITHOUT_COST_NETWORK,UCB-VAE without Cost Network,43,10,train,0.4055437954651474,0.13421772800000006,1.0,22470,2476.6674900000007,247.66674900000004,14.860426356262835,16.665981439850984,0.801913576542286,26.69593994872532,6,0.07699154428126391,False,False,False,1908,0,0.0,38.68251,0.2934504922365699,0.20740148363428537,0.3944218531513203,0.40554380416870117
SSI,BAD,UCB_WITHOUT_COST_NETWORK,UCB-VAE without Cost Network,43,10,test,0.4055437954651474,0.13421772800000006,1.0,22470,-47.956830000000195,-4.795683000000019,-2.435533606894291,34.48931433355693,0.04326365779311833,60.3446140723391,18,0.10642570281124498,False,False,False,218,0,0.0,9.786829999999997,0.5779779426237911,0.2914428807884814,0.3999941561802237,0.40554380416870117
SSI,BAD,UCB_WITHOUT_COST_NETWORK,UCB-VAE without Cost Network,43,11,train,0.3668482076545458,0.10737418240000006,1.0,24717,2524.123240000001,252.41232400000007,15.033699414459711,16.609067772427284,0.8132546586773441,26.67389681075814,6,0.036048064085447265,False,False,False,1923,0,0.0,38.676759999999994,0.2933500323815493,0.20545235571327558,0.35683056782083605,0.3668482005596161
SSI,BAD,UCB_WITHOUT_COST_NETWORK,UCB-VAE without Cost Network,43,11,test,0.3668482076545458,0.10737418240000006,1.0,24717,-43.35973000000013,-4.3359730000000125,-2.1994551782650418,34.23231059647559,0.04807788594405172,60.3446140723391,17,0.0642570281124498,False,False,False,219,0,0.0,9.889729999999997,0.5754750021660554,0.2900872741597723,0.3618121466614026,0.3668482005596161
SSI,BAD,UCB_WITHOUT_COST_NETWORK,UCB-VAE without Cost Network,43,12,train,0.3318448191396838,0.08589934592000005,1.0,26964,2542.8573700000006,254.28573700000007,15.101532035007704,16.65227509466041,0.815151118315415,26.597347725292714,6,0.05696484201157098,False,False,False,1936,0,0.0,38.73263000000005,0.29550614842368406,0.20461892961633432,0.3228011705894978,0.3318448066711426
SSI,BAD,UCB_WITHOUT_COST_NETWORK,UCB-VAE without Cost Network,43,12,test,0.3318448191396838,0.08589934592000005,1.0,26964,-6.613100000000486,-0.6613100000000486,-0.3323389612420957,33.69807330889625,0.09996637649316632,59.354818028977974,17,0.16666666666666666,False,False,False,219,0,0.0,9.903099999999993,0.5682861497368074,0.2892371174621295,0.3272604274680119,0.3318448066711426
SSI,BAD,UCB_WITHOUT_COST_NETWORK,UCB-VAE without Cost Network,43,13,train,0.3001813330203001,0.06871947673600004,1.0,29211,2508.6935600000006,250.86935600000007,14.977590443079446,16.611405940647874,0.8102002992730782,26.20530427434733,6,0.06542056074766354,False,False,False,1948,0,0.0,39.10644000000003,0.2960227318225384,0.20335006651530332,0.29200382420484433,0.3001813292503357
SSI,BAD,UCB_WITHOUT_COST_NETWORK,UCB-VAE without Cost Network,43,13,test,0.3001813330203001,0.06871947673600004,1.0,29211,-26.670690000000377,-2.667069000000038,-1.3471258573267697,34.12577499046141,0.07269387442589077,59.354818028977974,18,0.10441767068273092,False,False,False,217,0,0.0,9.820689999999995,0.576211972428619,0.2883716491331537,0.29603846731326056,0.3001813292503357
SSI,BAD,UCB_WITHOUT_COST_NETWORK,UCB-VAE without Cost Network,43,14,train,0.27153906734917177,0.054975581388800036,1.0,31458,2574.866610000001,257.4866610000001,15.21669697220398,16.66567651158569,0.8206790747408865,26.335752794023996,6,0.0529595015576324,False,False,False,1955,0,0.0,39.36339,0.2989329235048631,0.20226705560736727,0.26412124189798725,0.2715390622615814
SSI,BAD,UCB_WITHOUT_COST_NETWORK,UCB-VAE without Cost Network,43,14,test,0.27153906734917177,0.054975581388800036,1.0,31458,-40.5276300000005,-4.05276300000005,-2.054297479324352,34.60710831888526,0.05568799575162888,60.87238426802924,17,0.028112449799196786,False,False,False,220,0,0.0,9.997629999999997,0.5839186744569163,0.2875858979471716,0.26779775149024027,0.2715390622615814
SSI,BAD,UCB_WITHOUT_COST_NETWORK,UCB-VAE without Cost Network,43,15,train,0.24562974770943447,0.05,1.0,33705,2487.3165199999994,248.73165199999994,14.899490808254455,16.56901253469369,0.8077153466629275,26.217477160116065,6,0.03960836671117045,False,False,False,1950,0,0.0,39.283480000000004,0.2974428891750931,0.20147947189831236,0.23890632563577904,0.24562974274158478
SSI,BAD,UCB_WITHOUT_COST_NETWORK,UCB-VAE without Cost Network,43,15,test,0.24562974770943447,0.05,1.0,33705,-40.92755000000034,-4.092755000000034,-2.074782197257319,34.6119439352564,0.05511898607159649,60.87238426802924,17,0.028112449799196786,False,False,False,220,0,0.0,9.997549999999995,0.5837474481949824,0.2870846681266903,0.24223585909367826,0.24562974274158478
SSI,BAD,UCB_WITHOUT_COST_NETWORK,UCB-VAE without Cost Network,43,16,train,0.2221926058330938,0.05,1.0,35952,2437.0585300000016,243.70585300000016,14.714186861133193,16.637280859771604,0.7952815363329667,26.217477160116065,6,0.037828215398308856,False,False,False,1921,0,0.0,39.55147000000002,0.30266438896253794,0.20047518909043824,0.21606514145953518,0.22219260036945343
SSI,BAD,UCB_WITHOUT_COST_NETWORK,UCB-VAE without Cost Network,43,16,test,0.2221926058330938,0.05,1.0,35952,-48.9195500000003,-4.89195500000003,-2.4850447925981456,34.92135667264122,0.04558031020849922,60.87238426802924,18,0.028112449799196786,False,False,False,218,0,0.0,9.949549999999997,0.5863765242085424,0.28615163446190844,0.21911456032243684,0.22219260036945343
SSI,BAD,UCB_WITHOUT_COST_NETWORK,UCB-VAE without Cost Network,43,17,train,0.20099175505933367,0.05,1.0,38199,2429.5824099999995,242.95824099999996,14.686416501680943,16.650150951692524,0.7933350980079251,26.24000390121394,6,0.0529595015576324,False,False,False,1923,0,0.0,39.827590000000015,0.30375662213365356,0.19926330363639047,0.19540587887448266,0.20099174976348877
SSI,BAD,UCB_WITHOUT_COST_NETWORK,UCB-VAE without Cost Network,43,17,test,0.20099175505933367,0.05,1.0,38199,-48.90448000000026,-4.890448000000027,-2.4842695736949194,34.9215591742628,0.04560503473358847,60.87238426802924,18,0.028112449799196786,False,False,False,219,0,0.0,9.974479999999998,0.5865344281380264,0.2856897068729841,0.1981976470614533,0.20099174976348877
SSI,BAD,UCB_WITHOUT_COST_NETWORK,UCB-VAE without Cost Network,43,18,train,0.18181381621752543,0.05,1.0,40446,2469.422150000002,246.9422150000002,14.833787017097633,16.580972955634717,0.8037538475503255,26.1719017417365,6,0.047619047619047616,False,False,False,1941,0,0.0,39.70785000000002,0.30509640231146873,0.19848217774044952,0.17675936747779883,0.1818138211965561
SSI,BAD,UCB_WITHOUT_COST_NETWORK,UCB-VAE without Cost Network,43,18,test,0.18181381621752543,0.05,1.0,40446,-48.90448000000026,-4.890448000000027,-2.4842695736949194,34.9215591742628,0.04560503473358847,60.87238426802924,18,0.028112449799196786,False,False,False,219,0,0.0,9.974479999999998,0.5865344281380264,0.28513044050060604,0.17927530447892265,0.1818138211965561
SSI,BAD,UCB_WITHOUT_COST_NETWORK,UCB-VAE without Cost Network,43,19,train,0.16446577004027732,0.05,1.0,42693,2456.601490000001,245.6601490000001,14.78652719734177,16.64712596974249,0.7987347298552869,26.18997504065283,6,0.0529595015576324,False,False,False,1938,0,0.0,39.92851,0.3046533284605136,0.19753564002914964,0.15987470630138403,0.1644657701253891
SSI,BAD,UCB_WITHOUT_COST_NETWORK,UCB-VAE without Cost Network,43,19,test,0.16446577004027732,0.05,1.0,42693,-60.48532000000023,-6.048532000000023,-3.081817839350942,34.79384136282435,0.026727837135471163,60.87238426802924,19,0.028112449799196786,False,False,False,216,0,0.0,9.875319999999997,0.5809764527489694,0.28458447927930747,0.16215397460796224,0.1644657701253891
SSI,BAD,UCB_WITHOUT_COST_NETWORK,UCB-VAE without Cost Network,43,20,train,0.14877301449181102,0.05,1.0,44940,2538.054110000001,253.8054110000001,15.084170816929454,16.797514319766112,0.8086338836349461,26.223455914237544,6,0.0534045393858478,False,False,False,1938,0,0.0,40.03588999999998,0.3070391634908544,0.19676328607941396,0.1446104010592465,0.14877301454544067
SSI,BAD,UCB_WITHOUT_COST_NETWORK,UCB-VAE without Cost Network,43,20,test,0.14877301449181102,0.05,1.0,44940,-20.4823200000003,-2.04823200000003,-1.0329312273903102,34.42925881608185,0.08436426147460968,59.267922244468465,19,0.028112449799196786,False,False,False,220,0,0.0,10.02232,0.5836825613798383,0.2836716118825966,0.14666209123449284,0.14877301454544067
SSI,BAD,UCB_WITHOUT_COST_NETWORK,UCB-VAE without Cost Network,43,21,train,0.13457760745935274,0.05,1.0,47187,2491.20236,249.12023600000003,14.913719059991394,16.718708437629033,0.8027150118399676,26.39644664635035,6,0.06942590120160214,False,False,False,1941,0,0.0,40.07763999999996,0.306936536683022,0.19594036586148292,0.1307984645837776,0.13457760214805603
SSI,BAD,UCB_WITHOUT_COST_NETWORK,UCB-VAE without Cost Network,43,21,test,0.13457760745935274,0.05,1.0,47187,-11.812450000000467,-1.1812450000000467,-0.5944052568472968,34.601786655363924,0.098511038789169,59.267922244468465,19,0.13453815261044177,False,False,False,222,0,0.0,10.302449999999999,0.5846339786182656,0.28333764210582735,0.13266144357499263,0.13457760214805603
SSI,BAD,UCB_WITHOUT_COST_NETWORK,UCB-VAE without Cost Network,43,22,train,0.12173667712083987,0.05,1.0,49434,2496.8975199999995,249.68975199999997,14.934546841025597,16.660735214312968,0.8060288705691914,26.339541167105885,6,0.06230529595015576,False,False,False,1947,0,0.0,40.222479999999976,0.30893177287810514,0.1946452582345361,0.11828582489616389,0.12173667550086975
SSI,BAD,UCB_WITHOUT_COST_NETWORK,UCB-VAE without Cost Network,43,22,test,0.12173667712083987,0.05,1.0,49434,-28.09943000000044,-2.809943000000044,-1.4198068590260293,34.373563157444465,0.07247456482645187,59.216034083517535,18,0.13453815261044177,False,False,False,220,0,0.0,10.099429999999998,0.5820266582636694,0.28300658155636615,0.11999056875901572,0.12173667550086975
SSI,BAD,UCB_WITHOUT_COST_NETWORK,UCB-VAE without Cost Network,43,23,train,0.11012098398984942,0.05,1.0,51681,2515.0099499999988,251.50099499999988,15.000586022616691,16.74245849650677,0.8063614177497893,26.339541167105885,6,0.06275033377837116,False,False,False,1943,0,0.0,40.22004999999998,0.30877001055288295,0.1936276274877068,0.10699794476669226,0.1101209819316864
SSI,BAD,UCB_WITHOUT_COST_NETWORK,UCB-VAE without Cost Network,43,23,test,0.11012098398984942,0.05,1.0,51681,-21.971350000000484,-2.1971350000000482,-1.1084413713344232,34.56903834942201,0.08317483608025868,59.216034083517535,19,0.13453815261044177,False,False,False,220,0,0.0,10.121349999999998,0.5829940641772735,0.28218285395318726,0.10853201559465617,0.1101209819316864
SSI,BAD,UCB_WITHOUT_COST_NETWORK,UCB-VAE without Cost Network,43,24,train,0.1,0.05,1.0,53928,2623.6861100000006,262.36861100000004,15.390590168830375,16.719248682431683,0.8276743363628003,25.387858322774015,6,0.07565643079661771,False,False,False,1976,0,0.0,40.32388999999996,0.3134754196481876,0.19332798838641943,0.09716534301823684,0.10000000149011612
SSI,BAD,UCB_WITHOUT_COST_NETWORK,UCB-VAE without Cost Network,43,24,test,0.1,0.05,1.0,53928,-13.922910000000456,-1.3922910000000457,-0.7009761704576123,34.523724718153176,0.09482656480292465,59.216034083517535,18,0.13453815261044177,False,False,False,220,0,0.0,10.212909999999995,0.581352260663773,0.281485117612833,0.09854766225980206,0.10000000149011612
SSI,BAD,UCB_WITHOUT_COST_NETWORK,UCB-VAE without Cost Network,43,25,train,0.1,0.05,1.0,56175,2559.0105000000012,255.9010500000001,15.159763891381983,16.757931155241117,0.8141042342094187,26.05633913655248,6,0.06809078771695594,False,False,False,1978,0,0.0,40.66949999999997,0.31786618894901536,0.19215729617786026,0.09711397727082142,0.10000000149011612
SSI,BAD,UCB_WITHOUT_COST_NETWORK,UCB-VAE without Cost Network,43,25,test,0.1,0.05,1.0,56175,-12.377140000000395,-1.2377140000000395,-0.6229090223068057,34.485710602674466,0.09685392848052206,59.216034083517535,18,0.13453815261044177,False,False,False,220,0,0.0,10.257139999999998,0.580364299685445,0.28104506934203777,0.09853683585078667,0.10000000149011612
SSI,BAD,UCB_WITHOUT_COST_NETWORK,UCB-VAE without Cost Network,43,26,train,0.1,0.05,1.0,58422,2502.2723,250.22723,14.954175325232,16.61461531442747,0.8088348794893024,26.241543732505484,6,0.056074766355140186,False,False,False,1975,0,0.0,40.82769999999998,0.3150148372892837,0.19082120892852478,0.09709241856898614,0.10000000149011612
SSI,BAD,UCB_WITHOUT_COST_NETWORK,UCB-VAE without Cost Network,43,26,test,0.1,0.05,1.0,58422,-12.377140000000395,-1.2377140000000395,-0.6229090223068057,34.485710602674466,0.09685392848052206,59.216034083517535,18,0.13453815261044177,False,False,False,220,0,0.0,10.257139999999998,0.580364299685445,0.2804797039213908,0.0985259311943539,0.10000000149011612
SSI,BAD,UCB_WITHOUT_COST_NETWORK,UCB-VAE without Cost Network,43,27,train,0.1,0.05,1.0,60669,2623.5944499999996,262.359445,15.390265635423495,16.75583045912511,0.8262150328044757,26.18903941541489,6,0.05518469069870939,False,False,False,1987,0,0.0,40.87554999999996,0.3207283198140779,0.18965546131584982,0.09706874750260662,0.10000000149011612
SSI,BAD,UCB_WITHOUT_COST_NETWORK,UCB-VAE without Cost Network,43,27,test,0.1,0.05,1.0,60669,-24.243000000000393,-2.424300000000039,-1.223749372647176,34.413372330237294,0.07858213028952006,59.216034083517535,18,0.10240963855421686,False,False,False,222,0,0.0,10.262999999999996,0.5823327104895976,0.2795652379861558,0.0985132872952232,0.10000000149011612
SSI,BAD,UCB_WITHOUT_COST_NETWORK,UCB-VAE without Cost Network,43,28,train,0.1,0.05,1.0,62916,2650.1076600000006,265.01076600000005,15.483836096602799,16.80268633368743,0.8292513701474203,26.04575783533432,6,0.056074766355140186,False,False,False,1984,0,0.0,40.95233999999994,0.3260115091578158,0.18853193049662686,0.09702784180184199,0.10000000149011612
SSI,BAD,UCB_WITHOUT_COST_NETWORK,UCB-VAE without Cost Network,43,28,test,0.1,0.05,1.0,62916,-48.51777000000038,-4.851777000000038,-2.464378839995496,34.89506737107851,0.04590103951992443,60.256414211916244,18,0.13654618473895583,False,False,False,223,0,0.0,10.277769999999999,0.5810125383066282,0.2792567786083643,0.0985047146351549,0.10000000149011612
SSI,BAD,UCB_WITHOUT_COST_NETWORK,UCB-VAE without Cost Network,43,29,train,0.1,0.05,1.0,65163,2584.4137199999986,258.4413719999999,15.250868742473411,16.8428192431021,0.8155794938856843,25.778448783045693,6,0.04361370716510903,False,False,False,1985,0,0.0,41.32627999999995,0.32722651482054677,0.18716076280362987,0.0969997599842132,0.10000000149011612
SSI,BAD,UCB_WITHOUT_COST_NETWORK,UCB-VAE without Cost Network,43,29,test,0.1,0.05,1.0,65163,-37.07001000000025,-3.707001000000025,-1.8773682337486108,34.81068662981888,0.06253065535673179,60.256414211916244,18,0.030120481927710843,False,False,False,223,0,0.0,10.310009999999998,0.5845999213273092,0.2785514391001209,0.098491580875991,0.10000000149011612
SSI,BAD,UCB_WITHOUT_COST_NETWORK,UCB-VAE without Cost Network,43,30,train,0.1,0.05,1.0,67410,2620.845870000001,262.0845870000001,15.380530561297313,16.890293722633167,0.8204765334201245,26.156257331636603,6,0.03115264797507788,False,False,False,1985,0,0.0,41.564129999999906,0.32970508108204705,0.18658018973293333,0.09697007250482222,0.10000000149011612
SSI,BAD,UCB_WITHOUT_COST_NETWORK,UCB-VAE without Cost Network,43,30,test,0.1,0.05,1.0,67410,-24.78506000000027,-2.478506000000027,-1.2512838722731345,34.430853981404155,0.077915553120935,59.216034083517535,18,0.028112449799196786,False,False,False,226,0,0.0,10.425059999999998,0.5888277920988058,0.277567001366352,0.09847600763380071,0.10000000149011612
SSI,BAD,UCB_WITHOUT_COST_NETWORK,UCB-VAE without Cost Network,43,31,train,0.1,0.05,1.0,69657,2557.911399999998,255.7911399999998,15.155809103760088,16.89163149491287,0.8087769696051983,26.02468527435149,6,0.03159768580329328,False,False,False,1982,0,0.0,42.26859999999993,0.3322642464385524,0.1851899930515128,0.0969160707789476,0.10000000149011612
SSI,BAD,UCB_WITHOUT_COST_NETWORK,UCB-VAE without Cost Network,43,31,test,0.1,0.05,1.0,69657,-34.26902000000018,-3.4269020000000183,-1.7342712482797618,34.81619338490397,0.06679382582283257,60.256414211916244,18,0.030120481927710843,False,False,False,226,0,0.0,10.359019999999997,0.5888883348391365,0.2771500556254722,0.09846670599875332,0.10000000149011612
SSI,BAD,UCB_WITHOUT_COST_NETWORK,UCB-VAE without Cost Network,43,32,train,0.1,0.05,1.0,71904,2647.029279999998,264.70292799999976,15.473002929667977,17.092853523067568,0.8174991721209965,26.14024939256988,6,0.035603026257231864,False,False,False,1998,0,0.0,43.05071999999995,0.3427025937694663,0.1846985590221832,0.09688631203478486,0.10000000149011612
SSI,BAD,UCB_WITHOUT_COST_NETWORK,UCB-VAE without Cost Network,43,32,test,0.1,0.05,1.0,71904,-33.72432000000015,-3.372432000000015,-1.706467642578413,34.49412403584409,0.06505323152994132,60.23690936468693,18,0.10441767068273092,False,False,False,228,0,0.0,10.454319999999997,0.5805162544460686,0.27683077015012625,0.09845424500199164,0.10000000149011612
SSI,BAD,UCB_WITHOUT_COST_NETWORK,UCB-VAE without Cost Network,43,33,train,0.1,0.05,1.0,74151,2663.6837400000004,266.368374,15.53151519152034,16.9924665016851,0.82432185977682,27.05635371666381,6,0.022251891410769914,False,False,False,1993,0,0.0,42.676259999999914,0.3428742787662685,0.1837655815035171,0.09687698129021187,0.10000000149011612
SSI,BAD,UCB_WITHOUT_COST_NETWORK,UCB-VAE without Cost Network,43,33,test,0.1,0.05,1.0,74151,-19.23888000000011,-1.9238880000000107,-0.9699190019322734,34.500769374997176,0.0869150799569989,60.23690936468693,17,0.10441767068273092,False,False,False,228,0,0.0,10.548879999999997,0.5808978255956162,0.2765005634551546,0.09844261774124782,0.10000000149011612
SSI,BAD,UCB_WITHOUT_COST_NETWORK,UCB-VAE without Cost Network,43,34,train,0.1,0.05,1.0,76398,2636.034910000001,263.60349100000013,15.43424603662662,16.949054832345432,0.8209822393183873,27.261408322708412,5,0.018691588785046728,False,False,False,1990,0,0.0,42.67508999999991,0.34389777725867976,0.1828786903253703,0.09685039601078523,0.10000000149011612
SSI,BAD,UCB_WITHOUT_COST_NETWORK,UCB-VAE without Cost Network,43,34,test,0.1,0.05,1.0,76398,-16.034130000000232,-1.6034130000000233,-0.8076992366635505,34.266805186441104,0.08999371339560935,60.23690936468693,18,0.10642570281124498,False,False,False,227,0,0.0,10.804129999999997,0.5779712790231297,0.2762447673842371,0.09843152690190562,0.10000000149011612
SSI,BAD,UCB_WITHOUT_COST_NETWORK,UCB-VAE without Cost Network,43,35,train,0.1,0.05,1.0,78645,2730.0000400000026,273.0000040000003,15.76218437123913,17.209912243649754,0.8277528002140383,26.19834833702981,4,0.017356475300400534,False,False,False,1999,0,0.0,43.11995999999993,0.3497299218123488,0.18214360162330617,0.09683826329959665,0.10000000149011612
SSI,BAD,UCB_WITHOUT_COST_NETWORK,UCB-VAE without Cost Network,43,35,test,0.1,0.05,1.0,78645,-45.58107000000007,-4.558107000000007,-2.313458619648201,34.13493614016005,0.043856323724755036,60.23690936468693,17,0.10441767068273092,False,False,False,225,0,0.0,10.471069999999996,0.5696356402367989,0.27580594225042315,0.09841535310592474,0.10000000149011612
SSI,BAD,UCB_WITHOUT_COST_NETWORK,UCB-VAE without Cost Network,43,36,train,0.1,0.05,1.0,80892,2739.065990000002,273.9065990000002,15.79343490264331,17.074063357180076,0.8345587769684532,26.411318761037062,3,0.029372496662216287,False,False,False,2003,0,0.0,42.944009999999935,0.34854036064996335,0.18111545835593884,0.0968001013585591,0.10000000149011612
SSI,BAD,UCB_WITHOUT_COST_NETWORK,UCB-VAE without Cost Network,43,36,test,0.1,0.05,1.0,80892,-45.88085000000001,-4.588085,-2.3288540268067814,34.139581761067916,0.04343087233714963,60.23690936468693,17,0.10441767068273092,False,False,False,225,0,0.0,10.470849999999997,0.5693371620767297,0.2753738789523701,0.09840316876127103,0.10000000149011612
SSI,BAD,UCB_WITHOUT_COST_NETWORK,UCB-VAE without Cost Network,43,37,train,0.1,0.05,1.0,83139,2676.6123700000016,267.6612370000002,15.576774690816574,17.054743972373963,0.8242338939401374,27.087930735649053,3,0.032487761459724075,False,False,False,1998,0,0.0,43.41762999999992,0.3503300223404616,0.17967846985321126,0.09675524885462398,0.10000000149011612
SSI,BAD,UCB_WITHOUT_COST_NETWORK,UCB-VAE without Cost Network,43,37,test,0.1,0.05,1.0,83139,-35.91682000000003,-3.591682000000003,-1.8184289753919392,33.813103316597434,0.056097060648798706,60.23690936468693,18,0.10441767068273092,False,False,False,227,0,0.0,10.746819999999998,0.5681930530432964,0.2748837199017226,0.0983918035833363,0.10000000149011612
SSI,BAD,UCB_WITHOUT_COST_NETWORK,UCB-VAE without Cost Network,43,38,train,0.1,0.05,1.0,85386,2807.9589700000015,280.79589700000014,16.028734354261843,17.219656506723936,0.8408568934189142,26.426887802832027,3,0.02358700489541611,False,False,False,2002,0,0.0,44.171029999999924,0.3629113790729534,0.1791824985993508,0.09672214300291637,0.10000000149011612
SSI,BAD,UCB_WITHOUT_COST_NETWORK,UCB-VAE without Cost Network,43,38,test,0.1,0.05,1.0,85386,-35.91682000000003,-3.591682000000003,-1.8184289753919392,33.813103316597434,0.056097060648798706,60.23690936468693,18,0.10441767068273092,False,False,False,227,0,0.0,10.746819999999998,0.5681930530432964,0.27419729025129336,0.09837945877102093,0.10000000149011612
SSI,BAD,UCB_WITHOUT_COST_NETWORK,UCB-VAE without Cost Network,43,39,train,0.1,0.05,1.0,87633,2797.9769600000013,279.79769600000014,15.994877031238254,17.205403442509496,0.8397053914937269,26.728284455679812,4,0.0534045393858478,False,False,False,2000,0,0.0,44.06303999999995,0.3627869929656345,0.1786494153105369,0.09669570825252785,0.10000000149011612
SSI,BAD,UCB_WITHOUT_COST_NETWORK,UCB-VAE without Cost Network,43,39,test,0.1,0.05,1.0,87633,-35.401490000000194,-3.5401490000000195,-1.792101942423685,33.79322688392602,0.056733689409142474,60.23690936468693,18,0.10441767068273092,False,False,False,228,0,0.0,10.771489999999998,0.5673662186015287,0.2737368386852215,0.09836702227494541,0.10000000149011612
SSI,BAD,UCB_WITHOUT_COST_NETWORK,UCB-VAE without Cost Network,43,40,train,0.1,0.05,1.0,89880,2718.693890000001,271.86938900000007,15.723117087765193,17.185916557209453,0.8266812343767568,28.436256348338784,3,0.03649310191366266,False,False,False,2006,0,0.0,44.17610999999992,0.35539495981420394,0.17714491533965177,0.09666412985997182,0.10000000149011612
SSI,BAD,UCB_WITHOUT_COST_NETWORK,UCB-VAE without Cost Network,43,40,test,0.1,0.05,1.0,89880,-45.731080000000134,-4.573108000000013,-2.3211621846723207,33.869176577415026,0.04131749616032809,60.23690936468693,18,0.10441767068273092,False,False,False,229,0,0.0,10.711080000000003,0.5657228537673242,0.27337924646864453,0.09835438980738279,0.10000000149011612
SSI,BAD,UCB_WITHOUT_COST_NETWORK,UCB-VAE without Cost Network,43,41,train,0.1,0.05,1.0,92127,2852.8787900000016,285.28787900000015,16.180125436894556,17.278513789716087,0.8461876755643811,27.17828996168607,3,0.052514463729417,False,False,False,1998,0,0.0,43.87120999999997,0.3652178255519697,0.1769712520842028,0.09664973060361158,0.10000000149011612
SSI,BAD,UCB_WITHOUT_COST_NETWORK,UCB-VAE without Cost Network,43,41,test,0.1,0.05,1.0,92127,-45.015790000000266,-4.501579000000026,-2.2844348322725416,33.84677943824833,0.04224322357102342,60.23690936468693,18,0.10441767068273092,False,False,False,230,0,0.0,10.735790000000001,0.5645840373599138,0.2729959447669935,0.09834348382486092,0.10000000149011612
SSI,BAD,UCB_WITHOUT_COST_NETWORK,UCB-VAE without Cost Network,43,42,train,0.1,0.05,1.0,94374,2827.048270000001,282.7048270000001,16.093263006347303,17.290616701419438,0.8413635181391526,26.468123353879246,4,0.049399198931909215,False,False,False,2006,0,0.0,44.62172999999994,0.36755906284053486,0.17582276979777142,0.09661561509318281,0.10000000149011612
SSI,BAD,UCB_WITHOUT_COST_NETWORK,UCB-VAE without Cost Network,43,42,test,0.1,0.05,1.0,94374,-35.8545400000005,-3.5854540000000497,-1.8152468599531013,33.977153807987634,0.057554120962792506,60.23690936468693,18,0.05622489959839357,False,False,False,229,0,0.0,10.834539999999999,0.5724884655208943,0.2725308655525546,0.09833488520064812,0.10000000149011612
SSI,BAD,UCB_WITHOUT_COST_NETWORK,UCB-VAE without Cost Network,43,43,train,0.1,0.05,1.0,96621,3083.042580000003,308.3042580000003,16.932059533838473,17.42333807482072,0.8779655510317664,32.9578369930535,3,0.012016021361815754,False,False,False,2061,0,0.0,41.717420000000004,0.36389235673379045,0.17692989997920536,0.09672305815438215,0.10000000149011612
SSI,BAD,UCB_WITHOUT_COST_NETWORK,UCB-VAE without Cost Network,43,43,test,0.1,0.05,1.0,96621,-41.869490000000496,-4.186949000000049,-2.1230471096917225,33.97096127103057,0.04818546820237431,60.23690936468693,18,0.05622489959839357,False,False,False,229,0,0.0,10.809489999999998,0.5710862312251453,0.27216164066071014,0.09832451091593049,0.10000000149011612
SSI,BAD,UCB_WITHOUT_COST_NETWORK,UCB-VAE without Cost Network,43,44,train,0.1,0.05,1.0,98868,3090.629340000003,309.0629340000003,16.956197603460566,17.396564961196816,0.88024883316904,32.45785249279873,2,0.01557632398753894,False,False,False,2061,0,0.0,42.09066,0.3648217402303285,0.17529084846132004,0.0966979478528347,0.10000000149011612
SSI,BAD,UCB_WITHOUT_COST_NETWORK,UCB-VAE without Cost Network,43,44,test,0.1,0.05,1.0,98868,-45.12738000000047,-4.512738000000048,-2.290163641022691,33.99164473770585,0.0432937973625568,60.23690936468693,18,0.05622489959839357,False,False,False,229,0,0.0,10.757380000000001,0.5742006959101307,0.2718050264899271,0.09831638651886053,0.10000000149011612
SSI,BAD,UCB_WITHOUT_COST_NETWORK,UCB-VAE without Cost Network,43,45,train,0.1,0.05,1.0,101115,3145.4668900000024,314.54668900000024,17.129495260465433,17.43893986457648,0.8871007973322215,32.981747404992404,2,0.01290609701824655,False,False,False,2061,0,0.0,41.96310999999999,0.3680112707048018,0.17460393324381626,0.09668436607742101,0.10000000149011612
SSI,BAD,UCB_WITHOUT_COST_NETWORK,UCB-VAE without Cost Network,43,45,test,0.1,0.05,1.0,101115,-42.00345000000004,-4.200345000000005,-2.129913126837435,34.000121339715896,0.04822030050832113,60.23690936468693,18,0.10642570281124498,False,False,False,227,0,0.0,10.763449999999999,0.5740214924296937,0.27138655358947905,0.09830903197975653,0.10000000149011612
SSI,BAD,UCB_WITHOUT_COST_NETWORK,UCB-VAE without Cost Network,44,1,train,1.0,1.0,1.0,2247,2709.9860799999988,270.9986079999999,15.692956079042641,24.446981649831223,0.6417004353657029,59.93956076405445,18,0.0,False,False,False,2244,0,0.0,38.79392,0.6299746596926228,0.28928932838364074,0.9587361949539717,1.0
SSI,BAD,UCB_WITHOUT_COST_NETWORK,UCB-VAE without Cost Network,44,1,test,1.0,1.0,1.0,2247,-66.30468000000019,-6.630468000000018,-3.3834707477596315,39.63946491750123,0.0606054017254303,62.08732573239504,25,0.0,False,False,False,498,0,0.0,20.194680000000012,0.7928353609587319,0.38003929156854926,0.9824053714226615,1.0
SSI,BAD,UCB_WITHOUT_COST_NETWORK,UCB-VAE without Cost Network,44,2,train,0.9045834549972122,0.8,1.0,4494,3182.4963899999993,318.24963899999995,17.24536706051314,24.958175756500147,0.6875001418700937,60.238283344306886,19,0.0,False,False,False,2244,0,0.0,38.85361000000002,0.635873203229751,0.2861828355621803,0.8674869075674945,0.9045834541320801
SSI,BAD,UCB_WITHOUT_COST_NETWORK,UCB-VAE without Cost Network,44,2,test,0.9045834549972122,0.8,1.0,4494,-85.43059000000005,-8.543059000000005,-4.381540316570276,39.35116279167915,0.031606625493175305,62.08732573239504,24,0.0,False,False,False,498,0,0.0,20.370590000000007,0.7875344462060736,0.37448983244508144,0.8886527296682046,0.9045834541320801
SSI,BAD,UCB_WITHOUT_COST_NETWORK,UCB-VAE without Cost Network,44,3,train,0.8182712270546932,0.6400000000000001,1.0,6741,3053.524699999998,305.3524699999998,16.837764433889713,24.615410561452013,0.6793727662734905,59.7522443831498,19,0.0,False,False,False,2245,0,0.0,38.85530000000003,0.6364048946449672,0.2808010489027077,0.7848372579165906,0.8182712197303772
SSI,BAD,UCB_WITHOUT_COST_NETWORK,UCB-VAE without Cost Network,44,3,test,0.8182712270546932,0.6400000000000001,1.0,6741,-63.8617999999999,-6.38617999999999,-3.256727621586053,39.63850480329872,0.06398292567467574,61.705871277915705,25,0.0,False,False,False,498,0,0.0,20.121800000000004,0.7831394385399737,0.36982616099966575,0.8038425294967323,0.8182712197303772
SSI,BAD,UCB_WITHOUT_COST_NETWORK,UCB-VAE without Cost Network,44,4,train,0.7401946136939427,0.5120000000000001,1.0,8988,2560.423109999998,256.0423109999998,15.164845158556517,23.592905865389017,0.63665337461034,57.79018747634985,17,0.0,False,False,False,2243,0,0.0,38.626889999999975,0.6035906562071598,0.2691312205555389,0.7086742907110221,0.7401946187019348
SSI,BAD,UCB_WITHOUT_COST_NETWORK,UCB-VAE without Cost Network,44,4,test,0.7401946136939427,0.5120000000000001,1.0,8988,-74.84037999999998,-7.484037999999998,-3.827628043596587,39.516364549263535,0.04787125531885982,61.705871277915705,25,0.0,False,False,False,498,0,0.0,20.26038,0.7823874685856962,0.3653588191751974,0.7271428773572036,0.7401946187019348
SSI,BAD,UCB_WITHOUT_COST_NETWORK,UCB-VAE without Cost Network,44,5,train,0.6695678010255933,0.4096000000000001,1.0,11235,2470.639339999999,247.06393399999988,14.838265779920023,23.622193629398332,0.6240328792553228,58.03714735305052,17,0.0,False,False,False,2244,0,0.0,38.72066,0.6041294328928909,0.2650707547379219,0.6411624476232204,0.6695678234100342
SSI,BAD,UCB_WITHOUT_COST_NETWORK,UCB-VAE without Cost Network,44,5,test,0.6695678010255933,0.4096000000000001,1.0,11235,-108.35933000000023,-10.835933000000022,-5.591867010451191,39.479313644023726,0.00027058216291235733,61.967806378726955,25,0.0,False,False,False,498,0,0.0,19.989329999999995,0.7650556838734902,0.359817233699632,0.6577351369009962,0.6695678234100342
SSI,BAD,UCB_WITHOUT_COST_NETWORK,UCB-VAE without Cost Network,44,6,train,0.6056799548066172,0.3276800000000001,1.0,13482,2525.586769999998,252.55867699999982,15.039010096992689,23.804773698658835,0.6284747209068096,58.14747849565871,18,0.0,False,False,False,2239,0,0.0,38.68323000000001,0.6105183769913998,0.26258960722696534,0.5802758773281268,0.6056799292564392
SSI,BAD,UCB_WITHOUT_COST_NETWORK,UCB-VAE without Cost Network,44,6,test,0.6056799548066172,0.3276800000000001,1.0,13482,-142.00872000000027,-14.200872000000025,-7.396537630230848,39.064637250619995,-0.05364660372454728,61.967806378726955,25,0.0,False,False,False,498,0,0.0,20.168720000000008,0.7580474953185025,0.35573315315217857,0.5949611541518942,0.6056799292564392
SSI,BAD,UCB_WITHOUT_COST_NETWORK,UCB-VAE without Cost Network,44,7,train,0.547888066141525,0.2621440000000001,1.0,15729,2421.7490099999986,242.17490099999986,14.657261226986208,23.647651052066394,0.6168729937203262,58.24438714778972,17,0.0,False,False,False,2241,0,0.0,38.94099000000002,0.6068892126426239,0.258694704799425,0.5247318750856937,0.5478880405426025
SSI,BAD,UCB_WITHOUT_COST_NETWORK,UCB-VAE without Cost Network,44,7,test,0.547888066141525,0.2621440000000001,1.0,15729,-130.22562000000028,-13.022562000000026,-6.760644121283688,39.03190263789019,-0.03639304937980727,61.967806378726955,25,0.0,False,False,False,498,0,0.0,20.195620000000012,0.7582152814991475,0.3525856591192594,0.538205468793906,0.5478880405426025
SSI,BAD,UCB_WITHOUT_COST_NETWORK,UCB-VAE without Cost Network,44,8,train,0.49561047982204176,0.20971520000000007,1.0,17976,2412.2011399999988,241.22011399999988,14.621644507094512,23.594638071781766,0.6164130269925021,58.663238662368,17,0.0,False,False,False,2240,0,0.0,39.33885999999997,0.6057710205520799,0.2530732968242687,0.4744262254939388,0.49561047554016113
SSI,BAD,UCB_WITHOUT_COST_NETWORK,UCB-VAE without Cost Network,44,8,test,0.49561047982204176,0.20971520000000007,1.0,17976,-174.5148099999999,-17.45148099999999,-9.173698441845701,37.91631287075105,-0.11844593571128144,63.21515808146933,22,0.0,False,False,False,498,0,0.0,20.294809999999995,0.7379559341051568,0.34848008379639395,0.48686580808765917,0.49561047554016113
SSI,BAD,UCB_WITHOUT_COST_NETWORK,UCB-VAE without Cost Network,44,9,train,0.4483210401702486,0.1677721600000001,1.0,20223,2425.2002899999993,242.52002899999994,14.670113912168393,23.2835671726612,0.6233100675789846,58.19237851871058,17,0.0,False,False,False,2240,0,0.0,39.78970999999998,0.6023196993705023,0.2518657592664467,0.4293209207927534,0.44832104444503784
SSI,BAD,UCB_WITHOUT_COST_NETWORK,UCB-VAE without Cost Network,44,9,test,0.4483210401702486,0.1677721600000001,1.0,20223,-216.76601000000028,-21.67660100000003,-11.536611330555758,37.536024104313974,-0.19424626371316103,63.36739498452461,23,0.0,False,False,False,498,0,0.0,20.22601,0.7264778364720526,0.345676096178681,0.4404009986082626,0.44832104444503784
SSI,BAD,UCB_WITHOUT_COST_NETWORK,UCB-VAE without Cost Network,44,10,train,0.4055437954651474,0.13421772800000006,1.0,22470,2362.707409999999,236.27074099999993,14.435584415115766,23.46905587397886,0.6114420301523033,57.80526941819167,17,0.0,False,False,False,2240,0,0.0,39.46258999999998,0.600677035920368,0.25003672990007936,0.38837550479279526,0.40554380416870117
SSI,BAD,UCB_WITHOUT_COST_NETWORK,UCB-VAE without Cost Network,44,10,test,0.4055437954651474,0.13421772800000006,1.0,22470,-119.67880000000014,-11.967880000000013,-6.1950994399128545,37.62537886919024,-0.0360749545117334,60.54548113798881,20,0.0,False,False,False,498,0,0.0,20.2888,0.7325520863899811,0.34427849676115924,0.39837548397848666,0.40554380416870117
SSI,BAD,UCB_WITHOUT_COST_NETWORK,UCB-VAE without Cost Network,44,11,train,0.3668482076545458,0.10737418240000006,1.0,24717,2276.0276699999986,227.60276699999986,14.10378736754716,23.32923644215426,0.6012076921141507,60.12138801762181,18,0.0,False,False,False,2240,0,0.0,39.66232999999999,0.6031782990436318,0.24655331017364115,0.3512042963920049,0.3668482005596161
SSI,BAD,UCB_WITHOUT_COST_NETWORK,UCB-VAE without Cost Network,44,11,test,0.3668482076545458,0.10737418240000006,1.0,24717,-111.56597000000022,-11.156597000000023,-5.762364599686487,37.170635513022965,-0.028666632219716697,59.94257339686505,19,0.0,False,False,False,498,0,0.0,20.215970000000002,0.7281857740800313,0.34213890263952884,0.3603450662248019,0.3668482005596161
SSI,BAD,UCB_WITHOUT_COST_NETWORK,UCB-VAE without Cost Network,44,12,train,0.3318448191396838,0.08589934592000005,1.0,26964,2330.356239999999,233.0356239999999,14.312647878362705,23.180016162883273,0.6115219189922044,59.34871504879722,18,0.0,False,False,False,2242,0,0.0,39.88376000000001,0.5956402318103408,0.24309514025926696,0.31760170286651007,0.3318448066711426
SSI,BAD,UCB_WITHOUT_COST_NETWORK,UCB-VAE without Cost Network,44,12,test,0.3318448191396838,0.08589934592000005,1.0,26964,-62.653000000000134,-6.265300000000014,-3.194072806194448,37.22382681617948,0.04465092005264163,57.25296258223472,18,0.0,False,False,False,498,0,0.0,20.323000000000004,0.7346150103942855,0.34104261385748186,0.3259675037571443,0.3318448066711426
SSI,BAD,UCB_WITHOUT_COST_NETWORK,UCB-VAE without Cost Network,44,13,train,0.3001813330203001,0.06871947673600004,1.0,29211,2468.27356,246.827356,14.829559393372227,23.081656297607893,0.6328219197569377,58.04588456912106,18,0.0,False,False,False,2240,0,0.0,40.04643999999999,0.5924745547123724,0.24118281084535173,0.2872838941323418,0.3001813292503357
SSI,BAD,UCB_WITHOUT_COST_NETWORK,UCB-VAE without Cost Network,44,13,test,0.3001813330203001,0.06871947673600004,1.0,29211,-12.195140000000038,-1.2195140000000038,-0.6137213511793194,37.35072892871763,0.11681043757099459,55.68631048288376,18,0.0,False,False,False,498,0,0.0,20.305140000000005,0.7370643344149503,0.3395932511572378,0.29486053560218833,0.3001813292503357
SSI,BAD,UCB_WITHOUT_COST_NETWORK,UCB-VAE without Cost Network,44,14,train,0.27153906734917177,0.054975581388800036,1.0,31458,2477.76165,247.77616499999996,14.864445025097073,23.08442939919937,0.6340772711800199,58.0685270478353,18,0.0,False,False,False,2239,0,0.0,40.088350000000005,0.5920238093617437,0.24027902690646485,0.25991653550410054,0.2715390622615814
SSI,BAD,UCB_WITHOUT_COST_NETWORK,UCB-VAE without Cost Network,44,14,test,0.27153906734917177,0.054975581388800036,1.0,31458,-34.64507000000003,-3.4645070000000033,-1.7534708620808748,36.92845855273628,0.08244593770949392,55.72821914046233,17,0.0,False,False,False,498,0,0.0,20.35507000000001,0.7312618213117653,0.33794936827986116,0.26672771556745617,0.2715390622615814
SSI,BAD,UCB_WITHOUT_COST_NETWORK,UCB-VAE without Cost Network,44,15,train,0.24562974770943447,0.05,1.0,33705,2344.13761,234.41376100000002,14.365147178245952,22.673799912102655,0.6221025978502416,55.740562737811175,19,0.0,False,False,False,2240,0,0.0,40.792390000000026,0.5855295195528512,0.23820792170408095,0.23509461445988694,0.24562974274158478
SSI,BAD,UCB_WITHOUT_COST_NETWORK,UCB-VAE without Cost Network,44,15,test,0.24562974770943447,0.05,1.0,33705,-38.66552000000013,-3.866552000000013,-1.9589723834374295,37.52905034426463,0.0814630500925084,56.858635583833184,18,0.0,False,False,False,498,0,0.0,20.43552000000001,0.7312530661842911,0.3368655932715619,0.24129071944046734,0.24562974274158478
SSI,BAD,UCB_WITHOUT_COST_NETWORK,UCB-VAE without Cost Network,44,16,train,0.2221926058330938,0.05,1.0,35952,2278.7712400000005,227.87712400000007,14.114408279674361,22.391771074340074,0.6171642921792164,55.86018451956763,17,0.0,False,False,False,2242,0,0.0,40.52875999999998,0.5774338189377451,0.23424878004237074,0.2125084405367721,0.22219260036945343
SSI,BAD,UCB_WITHOUT_COST_NETWORK,UCB-VAE without Cost Network,44,16,test,0.2221926058330938,0.05,1.0,35952,25.155869999999823,2.5155869999999823,1.2543005614177316,35.59205187198437,0.15696880119078316,54.39016353123236,15,0.0,False,False,False,498,0,0.0,20.694130000000005,0.7150889124716617,0.3337327465115781,0.2182517354969954,0.22219260036945343
SSI,BAD,UCB_WITHOUT_COST_NETWORK,UCB-VAE without Cost Network,44,17,train,0.20099175505933367,0.05,1.0,38199,2195.6423800000002,219.56423800000002,13.789035891594725,23.128837328078383,0.5923211967631388,58.52261118514113,18,0.0,False,False,False,2241,0,0.0,40.79762,0.590039454194331,0.2365376247258042,0.1924029411503512,0.20099174976348877
SSI,BAD,UCB_WITHOUT_COST_NETWORK,UCB-VAE without Cost Network,44,17,test,0.20099175505933367,0.05,1.0,38199,62.09930999999983,6.209930999999983,3.068864082968803,34.7239214719618,0.20371859233171283,50.822145376592,12,0.0,False,False,False,498,0,0.0,20.710689999999992,0.7073395621441186,0.33170251670970496,0.197405176928832,0.20099174976348877
SSI,BAD,UCB_WITHOUT_COST_NETWORK,UCB-VAE without Cost Network,44,18,train,0.18181381621752543,0.05,1.0,40446,2313.8799400000007,231.38799400000005,14.249628384374692,22.47537388384096,0.6210290003021831,55.47850592074055,17,0.0,False,False,False,2242,0,0.0,40.780060000000006,0.5743518454380508,0.23185981600203406,0.17388682227878502,0.1818138211965561
SSI,BAD,UCB_WITHOUT_COST_NETWORK,UCB-VAE without Cost Network,44,18,test,0.18181381621752543,0.05,1.0,40446,44.55345000000011,4.455345000000011,2.211047347937356,34.55496631458914,0.17864684950160936,50.90792971870594,10,0.0,False,False,False,498,0,0.0,20.56654999999999,0.7039422093918625,0.3305575146852248,0.17857646815378156,0.1818138211965561
SSI,BAD,UCB_WITHOUT_COST_NETWORK,UCB-VAE without Cost Network,44,19,train,0.16446577004027732,0.05,1.0,42693,2276.63812,227.66381199999998,14.106151226101638,22.544337034003146,0.614187884432376,55.63307091030036,19,0.0,False,False,False,2242,0,0.0,40.76188000000001,0.5760220869564914,0.2306804020715439,0.15733705467536244,0.1644657701253891
SSI,BAD,UCB_WITHOUT_COST_NETWORK,UCB-VAE without Cost Network,44,19,test,0.16446577004027732,0.05,1.0,42693,-12.232640000000174,-1.2232640000000174,-0.6156143462872854,36.31987146054516,0.10969479871727586,54.25629187021567,18,0.0,False,False,False,498,0,0.0,20.472640000000002,0.7127665826883897,0.33160078881615135,0.1615534719023969,0.1644657701253891
SSI,BAD,UCB_WITHOUT_COST_NETWORK,UCB-VAE without Cost Network,44,20,train,0.14877301449181102,0.05,1.0,44940,2318.5260300000004,231.85260300000004,14.267427157084288,22.76942369365519,0.6166127612849038,57.06577168951542,17,0.0,False,False,False,2239,0,0.0,40.983969999999985,0.579356553471824,0.23095688912196854,0.1423491650838347,0.14877301454544067
SSI,BAD,UCB_WITHOUT_COST_NETWORK,UCB-VAE without Cost Network,44,20,test,0.14877301449181102,0.05,1.0,44940,-9.877480000000332,-0.9877480000000333,-0.49679559262202355,36.34480024221177,0.11306143395404653,53.424304369403906,18,0.0,False,False,False,498,0,0.0,20.58748,0.7145482054868839,0.3305025706329499,0.14614484090849011,0.14877301454544067
SSI,BAD,UCB_WITHOUT_COST_NETWORK,UCB-VAE without Cost Network,44,21,train,0.13457760745935274,0.05,1.0,47187,2330.223240000001,233.02232400000014,14.312140282828256,22.564705578562613,0.621902079608853,56.03311657103999,19,0.0,False,False,False,2240,0,0.0,41.19676000000001,0.5718565291628182,0.22765349030733426,0.12872537263103995,0.13457760214805603
SSI,BAD,UCB_WITHOUT_COST_NETWORK,UCB-VAE without Cost Network,44,21,test,0.13457760745935274,0.05,1.0,47187,60.50243999999998,6.0502439999999975,2.9910866612675946,35.390745242204744,0.2044662605628084,49.86681230520941,15,0.0,False,False,False,498,0,0.0,20.50756,0.7080092812188724,0.3284339663015312,0.13218842265639874,0.13457760214805603
SSI,BAD,UCB_WITHOUT_COST_NETWORK,UCB-VAE without Cost Network,44,22,train,0.12173667712083987,0.05,1.0,49434,2433.5279000000014,243.35279000000014,14.701078886216635,21.191255986905315,0.6641886862867504,49.760483734694894,10,0.0,False,False,False,2241,0,0.0,41.552100000000046,0.5296109074598633,0.2171355758374619,0.11598054600678567,0.12173667550086975
SSI,BAD,UCB_WITHOUT_COST_NETWORK,UCB-VAE without Cost Network,44,22,test,0.12173667712083987,0.05,1.0,49434,55.15778999999975,5.5157789999999745,2.730343804153468,35.29040280096004,0.19680624108887532,49.86681230520941,14,0.0,False,False,False,498,0,0.0,20.572209999999995,0.7063823394302977,0.32732439148856934,0.11957838122711516,0.12173667550086975
SSI,BAD,UCB_WITHOUT_COST_NETWORK,UCB-VAE without Cost Network,44,23,train,0.11012098398984942,0.05,1.0,51681,2188.2379600000017,218.82379600000016,13.75969078037187,22.009878027943923,0.6097893566834044,55.61438975838415,16,0.0,False,False,False,2241,0,0.0,41.72204000000001,0.5599888409738459,0.2224588388412143,0.10521211156486457,0.1101209819316864
SSI,BAD,UCB_WITHOUT_COST_NETWORK,UCB-VAE without Cost Network,44,23,test,0.11012098398984942,0.05,1.0,51681,125.20915999999988,12.520915999999987,6.097365157213974,33.36040002696033,0.28567678627910276,45.64078069842118,10,0.0,False,False,False,498,0,0.0,20.760839999999977,0.680860161884037,0.32350638885814026,0.10815187576544812,0.1101209819316864
SSI,BAD,UCB_WITHOUT_COST_NETWORK,UCB-VAE without Cost Network,44,24,train,0.1,0.05,1.0,53928,2455.00533,245.50053300000002,14.78063249312649,21.026257383854023,0.6710636867838744,48.873152614529076,10,0.0,False,False,False,2242,0,0.0,41.80467000000003,0.5218552345969852,0.21450311357829377,0.09523895007925579,0.10000000149011612
SSI,BAD,UCB_WITHOUT_COST_NETWORK,UCB-VAE without Cost Network,44,24,test,0.1,0.05,1.0,53928,115.24627999999984,11.524627999999984,5.625001674151475,33.24093596296212,0.27195879070225915,45.159903515430635,10,0.0,False,False,False,498,0,0.0,20.85371999999998,0.6794154860196818,0.3223120515425521,0.09821131562813436,0.10000000149011612
SSI,BAD,UCB_WITHOUT_COST_NETWORK,UCB-VAE without Cost Network,44,25,train,0.1,0.05,1.0,56175,2526.0293500000007,252.6029350000001,15.040615692470126,20.967678223619235,0.6832731298745304,47.59613420169729,10,0.0,False,False,False,2241,0,0.0,42.22065000000001,0.5229619494027007,0.21377278016536141,0.0952522318386557,0.10000000149011612
SSI,BAD,UCB_WITHOUT_COST_NETWORK,UCB-VAE without Cost Network,44,25,test,0.1,0.05,1.0,56175,111.68417,11.168417,5.455603733439984,33.32170425726274,0.26726998834230886,45.159903515430635,10,0.0,False,False,False,498,0,0.0,20.86582999999998,0.6789813306583493,0.32137529893093797,0.09821611428215105,0.10000000149011612
SSI,BAD,UCB_WITHOUT_COST_NETWORK,UCB-VAE without Cost Network,44,26,train,0.1,0.05,1.0,58422,2386.472220000002,238.64722200000023,14.525224267585045,20.855913857782554,0.6640847442973472,47.816770747094075,9,0.0,False,False,False,2242,0,0.0,42.22778000000001,0.5228408288605756,0.21248879075434984,0.09524901486201044,0.10000000149011612
SSI,BAD,UCB_WITHOUT_COST_NETWORK,UCB-VAE without Cost Network,44,26,test,0.1,0.05,1.0,58422,110.38389999999981,11.038389999999982,5.393701368657666,33.24309565455517,0.26530768147350814,44.98009428629193,10,0.0,False,False,False,498,0,0.0,20.956099999999985,0.6762690485125563,0.32010929840037144,0.098217189487433,0.10000000149011612
SSI,BAD,UCB_WITHOUT_COST_NETWORK,UCB-VAE without Cost Network,44,27,train,0.1,0.05,1.0,60669,2430.6679100000015,243.06679100000014,14.690451973684194,21.061970211768998,0.6665368277665167,48.32942661566988,11,0.0,False,False,False,2240,0,0.0,42.38208999999999,0.5255601912377744,0.2114822023299916,0.09526159952836606,0.10000000149011612
SSI,BAD,UCB_WITHOUT_COST_NETWORK,UCB-VAE without Cost Network,44,27,test,0.1,0.05,1.0,60669,93.66254999999978,9.36625499999998,4.594400357728401,33.18355192268893,0.24199627176631394,44.88224118538274,10,0.0,False,False,False,498,0,0.0,21.077450000000002,0.6742763111834756,0.3190604346733256,0.09822103263373008,0.10000000149011612
SSI,BAD,UCB_WITHOUT_COST_NETWORK,UCB-VAE without Cost Network,44,28,train,0.1,0.05,1.0,62916,2057.4380499999997,205.74380499999995,13.231058448842003,22.863407159824686,0.5748080770066205,58.51868703982682,16,0.0,False,False,False,2240,0,0.0,42.891949999999994,0.5790449272158221,0.22138917467689112,0.09573153730907037,0.10000000149011612
SSI,BAD,UCB_WITHOUT_COST_NETWORK,UCB-VAE without Cost Network,44,28,test,0.1,0.05,1.0,62916,46.07881999999972,4.6078819999999725,2.2859062230224936,32.34850576316672,0.17036746738256853,45.21111611066569,9,0.0,False,False,False,498,0,0.0,20.971179999999997,0.6628403258166815,0.3171704387569044,0.09821869293108784,0.10000000149011612
SSI,BAD,UCB_WITHOUT_COST_NETWORK,UCB-VAE without Cost Network,44,29,train,0.1,0.05,1.0,65163,2068.75308,206.875308,13.277574759847276,22.467215199392026,0.5828236189976851,57.26634538069169,16,0.0,False,False,False,2240,0,0.0,43.30691999999999,0.5752302210060461,0.21890476971208173,0.09572480168820112,0.10000000149011612
SSI,BAD,UCB_WITHOUT_COST_NETWORK,UCB-VAE without Cost Network,44,29,test,0.1,0.05,1.0,65163,-11.551920000000678,-1.1551920000000677,-0.58125726242656,31.573864497103415,0.07596453162373809,47.23336160793135,9,0.0,False,False,False,498,0,0.0,21.14192,0.64037640002023,0.3147990448348015,0.0982156528398672,0.10000000149011612
SSI,BAD,UCB_WITHOUT_COST_NETWORK,UCB-VAE without Cost Network,44,30,train,0.1,0.05,1.0,67410,2171.2335299999995,217.12335299999995,13.692069058006261,21.485396339740863,0.616507706724931,52.28545010196888,9,0.0,False,False,False,2240,0,0.0,43.156470000000006,0.5512734361060406,0.2129183626461411,0.09551107203113506,0.10000000149011612
SSI,BAD,UCB_WITHOUT_COST_NETWORK,UCB-VAE without Cost Network,44,30,test,0.1,0.05,1.0,67410,0.09597999999937201,0.009597999999937202,0.004815364937260647,31.300759045121396,0.09281086787297997,45.913430604447235,8,0.0,False,False,False,498,0,0.0,21.104020000000006,0.6396849564113029,0.31334872620112925,0.09821327800606454,0.10000000149011612
SSI,BAD,UCB_WITHOUT_COST_NETWORK,UCB-VAE without Cost Network,44,31,train,0.1,0.05,1.0,69657,2320.1382300000014,232.01382300000012,14.27359818117746,20.784259399044295,0.6549660643604513,47.854877164142515,10,0.0,False,False,False,2241,0,0.0,42.97177000000002,0.5174552976936718,0.204756549466277,0.09522901699185086,0.10000000149011612
SSI,BAD,UCB_WITHOUT_COST_NETWORK,UCB-VAE without Cost Network,44,31,test,0.1,0.05,1.0,69657,0.09597999999937201,0.009597999999937202,0.004815364937260647,31.300759045121396,0.09281086787297997,45.913430604447235,8,0.0,False,False,False,498,0,0.0,21.104020000000006,0.6396849564113029,0.3123811833620311,0.09821762981157792,0.10000000149011612
SSI,BAD,UCB_WITHOUT_COST_NETWORK,UCB-VAE without Cost Network,44,32,train,0.1,0.05,1.0,71904,2294.45517,229.445517,14.174972715920099,20.575671663546547,0.6552921643010357,49.21502485210843,12,0.0004450378282153983,False,False,False,2240,0,0.0,42.85483000000002,0.5093813564011749,0.203024163656517,0.09518346834258459,0.10000000149011612
SSI,BAD,UCB_WITHOUT_COST_NETWORK,UCB-VAE without Cost Network,44,32,test,0.1,0.05,1.0,71904,-18.41774000000032,-1.841774000000032,-0.9283289574806175,29.696661908706346,0.04965732775391596,44.67173834779161,6,0.0,False,False,False,498,0,0.0,21.107740000000007,0.6158409896214173,0.31001769742333746,0.09819908766671008,0.10000000149011612
SSI,BAD,UCB_WITHOUT_COST_NETWORK,UCB-VAE without Cost Network,44,33,train,0.1,0.05,1.0,74151,2258.7034700000004,225.87034700000004,14.036538747276195,20.36981676425968,0.6538533402705771,49.126654451838334,11,0.0004450378282153983,False,False,False,2240,0,0.0,43.22652999999998,0.506187078577303,0.20117247881037054,0.0951787225711272,0.10000000149011612
SSI,BAD,UCB_WITHOUT_COST_NETWORK,UCB-VAE without Cost Network,44,33,test,0.1,0.05,1.0,74151,48.99099999999953,4.899099999999953,2.428673127163683,29.910992213849987,0.16348406637759572,43.05657856489388,6,0.0,False,False,False,498,0,0.0,21.248999999999995,0.6116431514675345,0.30870014973673,0.09817816131837005,0.10000000149011612
SSI,BAD,UCB_WITHOUT_COST_NETWORK,UCB-VAE without Cost Network,44,34,train,0.1,0.05,1.0,76398,2229.3897200000015,222.93897200000018,13.92202227084567,20.495774405731527,0.6461392482047071,49.15910708037268,12,0.0004450378282153983,False,False,False,2239,0,0.0,43.13027999999996,0.5077899836876921,0.20065997753990297,0.09520283558953757,0.10000000149011612
SSI,BAD,UCB_WITHOUT_COST_NETWORK,UCB-VAE without Cost Network,44,34,test,0.1,0.05,1.0,76398,23.21868999999981,2.321868999999981,1.1582594885039432,28.75412014024012,0.11468181344687925,42.58313015376039,5,0.0,False,False,False,498,0,0.0,21.28130999999999,0.5950360152897328,0.30703426599801786,0.09816150766038773,0.10000000149011612
SSI,BAD,UCB_WITHOUT_COST_NETWORK,UCB-VAE without Cost Network,44,35,train,0.1,0.05,1.0,78645,2198.209720000001,219.82097200000013,13.79919663485909,20.574299771455156,0.6391667159378079,49.062688811331924,11,0.0004450378282153983,False,False,False,2241,0,0.0,43.51027999999999,0.5140092299625423,0.20038847303458146,0.09523100599181755,0.10000000149011612
SSI,BAD,UCB_WITHOUT_COST_NETWORK,UCB-VAE without Cost Network,44,35,test,0.1,0.05,1.0,78645,-47.01589000000058,-4.701589000000058,-2.387166633824267,28.513483944577395,-0.012798420394263264,43.70780028234128,5,0.0,False,False,False,498,0,0.0,21.02589,0.5928167530900009,0.306955196711433,0.09819696384185246,0.10000000149011612
SSI,BAD,UCB_WITHOUT_COST_NETWORK,UCB-VAE without Cost Network,44,36,train,0.1,0.05,1.0,80892,2191.5051800000006,219.15051800000006,13.77264684787949,20.487455902463402,0.6398437925003255,48.08679373631271,12,0.0004450378282153983,False,False,False,2241,0,0.0,44.21481999999999,0.5086823243285019,0.19854536266938602,0.09521601450005825,0.10000000149011612
SSI,BAD,UCB_WITHOUT_COST_NETWORK,UCB-VAE without Cost Network,44,36,test,0.1,0.05,1.0,80892,-31.315630000000624,-3.131563000000062,-1.5836122619139914,27.669681174907684,0.008001719110001835,42.660892620457766,5,0.0,False,False,False,498,0,0.0,21.045629999999996,0.5706348433978721,0.30457035221727974,0.09816183478820711,0.10000000149011612
SSI,BAD,UCB_WITHOUT_COST_NETWORK,UCB-VAE without Cost Network,44,37,train,0.1,0.05,1.0,83139,2340.4432600000014,234.04432600000015,14.351092666819909,20.474697859023593,0.6650972084292239,48.05413637264107,12,0.0004450378282153983,False,False,False,2239,0,0.0,44.61673999999999,0.5030862959981405,0.19798915146203055,0.09518583398466816,0.10000000149011612
SSI,BAD,UCB_WITHOUT_COST_NETWORK,UCB-VAE without Cost Network,44,37,test,0.1,0.05,1.0,83139,37.49802999999952,3.7498029999999516,1.8640856090907487,28.002368073900506,0.13512223938847617,39.81166305998464,3,0.0,False,False,False,498,0,0.0,21.04197,0.5820715759144727,0.30343635769254235,0.09815641118988107,0.10000000149011612
SSI,BAD,UCB_WITHOUT_COST_NETWORK,UCB-VAE without Cost Network,44,38,train,0.1,0.05,1.0,85386,2292.1082,229.21081999999998,14.16592607737137,20.152127329234713,0.6644067056810972,48.55038594261896,12,0.0004450378282153983,False,False,False,2241,0,0.0,44.77179999999997,0.4920034335897651,0.19509989992414095,0.0951649510993557,0.10000000149011612
SSI,BAD,UCB_WITHOUT_COST_NETWORK,UCB-VAE without Cost Network,44,38,test,0.1,0.05,1.0,85386,29.228259999999864,2.9228259999999864,1.455906164663734,27.497782904358992,0.11768385668526359,39.924981785530086,3,0.0,False,False,False,498,0,0.0,21.221739999999993,0.5724504916047451,0.302222998401367,0.09815806607291097,0.10000000149011612
SSI,BAD,UCB_WITHOUT_COST_NETWORK,UCB-VAE without Cost Network,44,39,train,0.1,0.05,1.0,87633,2438.1698599999995,243.81698599999996,14.718310358248331,20.028681268359406,0.6915691479168498,47.40632668034772,12,0.0004450378282153983,False,False,False,2238,0,0.0,45.53013999999999,0.48603014604236977,0.1946507554499637,0.09517721451658277,0.10000000149011612
SSI,BAD,UCB_WITHOUT_COST_NETWORK,UCB-VAE without Cost Network,44,39,test,0.1,0.05,1.0,87633,18.3291999999999,1.83291999999999,0.9154457465975652,27.34018620414775,0.09712375052880276,40.57824841221983,3,0.0,False,False,False,498,0,0.0,21.090799999999994,0.5689576735942101,0.3009105449968792,0.09816031430124714,0.10000000149011612
SSI,BAD,UCB_WITHOUT_COST_NETWORK,UCB-VAE without Cost Network,44,40,train,0.1,0.05,1.0,89880,2376.1558100000007,237.61558100000008,14.486380104732334,20.097226822093923,0.6797215698705512,47.86225077152472,12,0.0004450378282153983,False,False,False,2237,0,0.0,45.83418999999994,0.49119628075737737,0.1944199183207249,0.09520439487635649,0.10000000149011612
SSI,BAD,UCB_WITHOUT_COST_NETWORK,UCB-VAE without Cost Network,44,40,test,0.1,0.05,1.0,89880,18.577219999999897,1.8577219999999899,0.9277764724909154,27.090627949097545,0.09596637008988494,40.52203637334388,1,0.0,False,False,False,498,0,0.0,21.062779999999993,0.5618080066903258,0.29978162964364613,0.09815721982269228,0.10000000149011612
SSI,BAD,UCB_WITHOUT_COST_NETWORK,UCB-VAE without Cost Network,44,41,train,0.1,0.05,1.0,92127,2409.0414100000003,240.90414100000004,14.609838157850996,20.122133216178234,0.6845184215622683,46.964726622751456,12,0.0004450378282153983,False,False,False,2238,0,0.0,46.228589999999954,0.49328989539725204,0.19284948144766242,0.09520435409002688,0.10000000149011612
SSI,BAD,UCB_WITHOUT_COST_NETWORK,UCB-VAE without Cost Network,44,41,test,0.1,0.05,1.0,92127,-33.50888000000043,-3.350888000000043,-1.6954729027530258,26.12161715800433,-0.012018930979526221,40.7862110891115,2,0.0,False,False,False,498,0,0.0,20.94888,0.5448080531785302,0.29860196027710256,0.09815737618831832,0.10000000149011612
SSI,BAD,UCB_WITHOUT_COST_NETWORK,UCB-VAE without Cost Network,44,42,train,0.1,0.05,1.0,94374,2402.4309100000014,240.24309100000013,14.585106494113354,20.046517801319453,0.68526698868669,46.507448616778134,10,0.0004450378282153983,False,False,False,2237,0,0.0,46.11908999999995,0.4904061589997657,0.19136826894948575,0.09519367018985764,0.10000000149011612
SSI,BAD,UCB_WITHOUT_COST_NETWORK,UCB-VAE without Cost Network,44,42,test,0.1,0.05,1.0,94374,-8.058830000000171,-0.8058830000000171,-0.40514031123944916,25.818941508475962,0.03568649526290631,38.78693587364315,2,0.0,False,False,False,498,0,0.0,21.19882999999999,0.5334660499571747,0.2970711904087938,0.09814253596465881,0.10000000149011612
SSI,BAD,UCB_WITHOUT_COST_NETWORK,UCB-VAE without Cost Network,44,43,train,0.1,0.05,1.0,96621,2407.0603399999995,240.70603399999996,14.602430916770338,20.025594931590792,0.6865481185365252,47.07161357551614,12,0.0004450378282153983,False,False,False,2237,0,0.0,46.319659999999956,0.48640474458491667,0.18993060111263407,0.09519852880458883,0.10000000149011612
SSI,BAD,UCB_WITHOUT_COST_NETWORK,UCB-VAE without Cost Network,44,43,test,0.1,0.05,1.0,96621,-0.9068500000003041,-0.09068500000003042,-0.04550849338326168,25.376433582170865,0.04627000808569714,37.65323139993292,1,0.0,False,False,False,498,0,0.0,21.256849999999993,0.5227402917963145,0.2955260934330613,0.0981260375747088,0.10000000149011612
SSI,BAD,UCB_WITHOUT_COST_NETWORK,UCB-VAE without Cost Network,44,44,train,0.1,0.05,1.0,98868,2338.686690000001,233.86866900000007,14.344405255379034,19.8043780040135,0.6805391525363882,45.95195587319928,10,0.0004450378282153983,False,False,False,2239,0,0.0,46.68330999999996,0.4846497118739685,0.18927484379710757,0.09520439691978755,0.10000000149011612
SSI,BAD,UCB_WITHOUT_COST_NETWORK,UCB-VAE without Cost Network,44,44,test,0.1,0.05,1.0,98868,68.4479200000003,6.84479200000003,3.3775057389664687,24.72444897251488,0.17817153775506178,33.69710285086705,1,0.0,False,False,False,498,0,0.0,21.17207999999999,0.5081730535593316,0.29370214987591087,0.09809791949836387,0.10000000149011612
SSI,BAD,UCB_WITHOUT_COST_NETWORK,UCB-VAE without Cost Network,44,45,train,0.1,0.05,1.0,101115,2340.8599000000004,234.08599000000004,14.352678392142204,19.737455050942224,0.6825364929087718,45.748029273237734,9,0.0004450378282153983,False,False,False,2238,0,0.0,46.58009999999996,0.4830906561516726,0.18758403979371163,0.09520788197987971,0.10000000149011612
SSI,BAD,UCB_WITHOUT_COST_NETWORK,UCB-VAE without Cost Network,44,45,test,0.1,0.05,1.0,101115,66.23971000000029,6.6239710000000285,3.2702561328254776,24.33633906010348,0.1728042620930457,32.58899968232011,3,0.0,False,False,False,498,0,0.0,20.930289999999992,0.49802672008415066,0.291900637608216,0.09808850050783148,0.10000000149011612
SSI,BAD,UCB_WITHOUT_COST_NETWORK,UCB-VAE without Cost Network,45,1,train,1.0,1.0,1.0,2247,4819.791440000001,481.97914400000013,21.6320217610247,32.124866938578194,0.7130845507992899,71.67188063433699,40,0.04850912327547842,False,False,False,1192,0,0.0,46.74856,0.863508159564901,0.28249335319506735,0.985405715802401,1.0
SSI,BAD,UCB_WITHOUT_COST_NETWORK,UCB-VAE without Cost Network,45,1,test,1.0,1.0,1.0,2247,-274.53686000000016,-27.453686000000015,-14.872800239107987,44.465673075758176,-0.18698985086575973,68.47609597898703,36,0.002008032128514056,False,False,False,448,0,0.0,34.39685999999997,0.8803850313758042,0.42797506576680755,0.9862723612750521,1.0
SSI,BAD,UCB_WITHOUT_COST_NETWORK,UCB-VAE without Cost Network,45,2,train,0.9045834549972122,0.8,1.0,4494,4820.27454,482.0274540000001,21.63314433862409,32.1629322779078,0.7126497803759512,71.74163502534758,41,0.04984423676012461,False,False,False,1163,0,0.0,45.80545999999997,0.865244998899131,0.27940985918522515,0.8913497594793132,0.9045834541320801
SSI,BAD,UCB_WITHOUT_COST_NETWORK,UCB-VAE without Cost Network,45,2,test,0.9045834549972122,0.8,1.0,4494,-295.0375700000001,-29.503757000000007,-16.088345890520582,44.29548222100813,-0.22204380127687723,68.9910812403402,34,0.002008032128514056,False,False,False,451,0,0.0,34.377569999999984,0.8807682689607786,0.4233981436155886,0.8921736523525347,0.9045834541320801
SSI,BAD,UCB_WITHOUT_COST_NETWORK,UCB-VAE without Cost Network,45,3,train,0.8182712270546932,0.6400000000000001,1.0,6741,4888.640290000001,488.86402900000013,21.791176553759062,32.18155033027144,0.716485461251482,71.60522645129585,41,0.04895416110369381,False,False,False,1161,0,0.0,45.629709999999974,0.8660485855071314,0.27519367033765746,0.8063218219479817,0.8182712197303772
SSI,BAD,UCB_WITHOUT_COST_NETWORK,UCB-VAE without Cost Network,45,3,test,0.8182712270546932,0.6400000000000001,1.0,6741,-275.61089000000004,-27.561089000000006,-14.936054317348745,45.24846702745874,-0.17753300340267184,67.89907524342814,38,0.002008032128514056,False,False,False,453,0,0.0,34.530889999999985,0.896599553772257,0.41926192830365344,0.8070289400447325,0.8182712197303772
SSI,BAD,UCB_WITHOUT_COST_NETWORK,UCB-VAE without Cost Network,45,4,train,0.7401946136939427,0.5120000000000001,1.0,8988,4766.743090000001,476.6743090000001,21.508246725464918,32.13906656044146,0.7097201130256076,71.74692025170646,41,0.049399198931909215,False,False,False,1154,0,0.0,45.366909999999976,0.8651434637593932,0.27114476452523145,0.7293320380402367,0.7401946187019348
SSI,BAD,UCB_WITHOUT_COST_NETWORK,UCB-VAE without Cost Network,45,4,test,0.7401946136939427,0.5120000000000001,1.0,8988,-299.4213900000001,-29.942139000000008,-16.35055168854049,44.9714286369685,-0.21911420960153474,68.27659105842133,36,0.002008032128514056,False,False,False,453,0,0.0,34.61138999999998,0.8956430976670261,0.4154296868058094,0.7300404745020453,0.7401946187019348
SSI,BAD,UCB_WITHOUT_COST_NETWORK,UCB-VAE without Cost Network,45,5,train,0.6695678010255933,0.4096000000000001,1.0,11235,4804.220450000002,480.42204500000014,21.59579508149514,32.121838703036524,0.7121892036740797,71.59891864019447,41,0.049399198931909215,False,False,False,1155,0,0.0,45.36954999999998,0.864795929596288,0.26745390919881445,0.6597196421355266,0.6695678234100342
SSI,BAD,UCB_WITHOUT_COST_NETWORK,UCB-VAE without Cost Network,45,5,test,0.6695678010255933,0.4096000000000001,1.0,11235,-275.0784400000001,-27.50784400000001,-14.904690293300272,45.30557117312715,-0.17611380705445165,67.43907776061899,36,0.002008032128514056,False,False,False,453,0,0.0,34.56843999999998,0.9019620707139177,0.41079483989132454,0.6603983489755036,0.6695678234100342
SSI,BAD,UCB_WITHOUT_COST_NETWORK,UCB-VAE without Cost Network,45,6,train,0.6056799548066172,0.3276800000000001,1.0,13482,4772.294950000001,477.2294950000001,21.52124790539083,32.1602390645199,0.7098025698448587,71.74336437864099,40,0.04895416110369381,False,False,False,1173,0,0.0,45.95504999999998,0.8644190622377045,0.26414316441676433,0.5967421274154893,0.6056799292564392
SSI,BAD,UCB_WITHOUT_COST_NETWORK,UCB-VAE without Cost Network,45,6,test,0.6056799548066172,0.3276800000000001,1.0,13482,-299.65479000000016,-29.965479000000016,-16.364534740022673,44.77394134497146,-0.22239590576760884,67.82261936038788,36,0.002008032128514056,False,False,False,452,0,0.0,34.66478999999999,0.8912261733436796,0.40722732413485346,0.5973512120667319,0.6056799292564392
SSI,BAD,UCB_WITHOUT_COST_NETWORK,UCB-VAE without Cost Network,45,7,train,0.547888066141525,0.2621440000000001,1.0,15729,4800.41952,480.04195200000004,21.586938914379104,32.112015279108896,0.7120784083167819,71.44663008211613,42,0.04806408544726302,False,False,False,1209,0,0.0,47.160479999999986,0.8626039332763948,0.2612369312649045,0.5397820653699144,0.5478880405426025
SSI,BAD,UCB_WITHOUT_COST_NETWORK,UCB-VAE without Cost Network,45,7,test,0.547888066141525,0.2621440000000001,1.0,15729,-321.1157200000001,-32.11157200000001,-17.660341021226845,44.059829760787075,-0.26873076905440896,68.40743154333629,35,0.002008032128514056,False,False,False,452,0,0.0,34.61572,0.8725163403311543,0.40260314719983376,0.540268188967414,0.5478880405426025
SSI,BAD,UCB_WITHOUT_COST_NETWORK,UCB-VAE without Cost Network,45,8,train,0.49561047982204176,0.20971520000000007,1.0,17976,4834.1896000000015,483.4189600000001,21.665443215103153,32.162935033528356,0.7134842381168558,71.50920140512783,41,0.04717400979083222,False,False,False,1246,0,0.0,48.43039999999998,0.8638998892812296,0.25907913201853705,0.4882618956698585,0.49561047554016113
SSI,BAD,UCB_WITHOUT_COST_NETWORK,UCB-VAE without Cost Network,45,8,test,0.49561047982204176,0.20971520000000007,1.0,17976,-324.8945900000001,-32.48945900000001,-17.89061117260802,44.8177263202666,-0.2629814977860814,69.01524220464442,37,0.002008032128514056,False,False,False,455,0,0.0,34.65458999999999,0.8900036215169298,0.401337731465039,0.48881193801798756,0.49561047554016113
SSI,BAD,UCB_WITHOUT_COST_NETWORK,UCB-VAE without Cost Network,45,9,train,0.4483210401702486,0.1677721600000001,1.0,20223,4785.817130000001,478.58171300000015,21.55286730149939,32.125839867339565,0.7110352935916615,71.6017853003068,40,0.04361370716510903,False,False,False,1279,0,0.0,49.51286999999997,0.8626879704786472,0.2571336378057002,0.4416535327509971,0.44832104444503784
SSI,BAD,UCB_WITHOUT_COST_NETWORK,UCB-VAE without Cost Network,45,9,test,0.4483210401702486,0.1677721600000001,1.0,20223,-274.16551000000004,-27.416551000000005,-14.850940755681485,45.02929205730454,-0.17848050988800754,68.03915679371143,37,0.002008032128514056,False,False,False,456,0,0.0,34.825509999999994,0.8975492312776607,0.39861247859087334,0.44218697512332605,0.44832104444503784
SSI,BAD,UCB_WITHOUT_COST_NETWORK,UCB-VAE without Cost Network,45,10,train,0.4055437954651474,0.13421772800000006,1.0,22470,4800.370120000001,480.0370120000001,21.5868237784254,32.14752384513508,0.7116545071790378,71.57451306333876,41,0.04227859368046284,False,False,False,1323,0,0.0,50.76987999999999,0.8629660520460977,0.25557643686419973,0.3995227307224706,0.40554380416870117
SSI,BAD,UCB_WITHOUT_COST_NETWORK,UCB-VAE without Cost Network,45,10,test,0.4055437954651474,0.13421772800000006,1.0,22470,-275.0907800000002,-27.50907800000002,-14.90541705235896,44.860064048676406,-0.1823015899428715,67.26123834782314,37,0.002008032128514056,False,False,False,461,0,0.0,35.020779999999974,0.8977700112171614,0.39662516679629745,0.3999885368647476,0.40554380416870117
SSI,BAD,UCB_WITHOUT_COST_NETWORK,UCB-VAE without Cost Network,45,11,train,0.3668482076545458,0.10737418240000006,1.0,24717,4574.94836,457.4948360000001,21.05213163073312,32.05276275083232,0.69892436211432,71.81026280634764,40,0.03960836671117045,False,False,False,1367,0,0.0,51.99164,0.8601895508066828,0.2538503307035142,0.36129161857061604,0.3668482005596161
SSI,BAD,UCB_WITHOUT_COST_NETWORK,UCB-VAE without Cost Network,45,11,test,0.3668482076545458,0.10737418240000006,1.0,24717,-273.9829000000002,-27.39829000000002,-14.840193478853669,44.90743706466877,-0.17988373353385662,67.70263605552049,37,0.002008032128514056,False,False,False,462,0,0.0,35.11289999999998,0.8939611934345643,0.3947656636975376,0.36183418458658834,0.3668482005596161
SSI,BAD,UCB_WITHOUT_COST_NETWORK,UCB-VAE without Cost Network,45,12,train,0.3318448191396838,0.08589934592000005,1.0,26964,4580.35529,458.0355290000001,21.06517981489544,32.055885368164674,0.6992321665644419,71.75456254470406,40,0.037828215398308856,False,False,False,1416,0,0.0,53.47470999999997,0.8585823572315749,0.25229056166260305,0.3268028205821983,0.3318448066711426
SSI,BAD,UCB_WITHOUT_COST_NETWORK,UCB-VAE without Cost Network,45,12,test,0.3318448191396838,0.08589934592000005,1.0,26964,-299.3412800000001,-29.93412800000001,-16.34575281381685,45.01557949882079,-0.21825868088409983,68.7562889891405,38,0.002008032128514056,False,False,False,467,0,0.0,35.021279999999976,0.8955231820207269,0.3933435770941068,0.32731703708819465,0.3318448066711426
SSI,BAD,UCB_WITHOUT_COST_NETWORK,UCB-VAE without Cost Network,45,13,train,0.3001813330203001,0.06871947673600004,1.0,29211,4614.594890000001,461.45948900000013,21.147548032112894,32.06313592638375,0.7012815283745418,71.70474393645453,40,0.03649310191366266,False,False,False,1437,0,0.0,54.235109999999985,0.8599808513874111,0.25140640867064146,0.2956483901685248,0.3001813292503357
SSI,BAD,UCB_WITHOUT_COST_NETWORK,UCB-VAE without Cost Network,45,13,test,0.3001813330203001,0.06871947673600004,1.0,29211,-300.66717000000017,-30.066717000000015,-16.42521357175275,45.06781732882029,-0.21958425818121274,68.7562889891405,39,0.002008032128514056,False,False,False,468,0,0.0,35.137169999999976,0.8978802601742831,0.39195056786259497,0.29609999536662784,0.3001813292503357
SSI,BAD,UCB_WITHOUT_COST_NETWORK,UCB-VAE without Cost Network,45,14,train,0.27153906734917177,0.054975581388800036,1.0,31458,4625.231430000002,462.5231430000001,21.173044855685674,32.037554637038276,0.7022623427803435,71.76766145477167,40,0.03426791277258567,False,False,False,1483,0,0.0,55.538570000000014,0.8586799016640438,0.2503623275237981,0.2674367777882943,0.2715390622615814
SSI,BAD,UCB_WITHOUT_COST_NETWORK,UCB-VAE without Cost Network,45,14,test,0.27153906734917177,0.054975581388800036,1.0,31458,-324.73833000000025,-32.47383300000003,-17.881076564342237,44.57160631247397,-0.26665820300728815,68.76843926032873,38,0.002008032128514056,False,False,False,470,0,0.0,35.238329999999976,0.8857913614885229,0.39006200717036504,0.2678153089588687,0.2715390622615814
SSI,BAD,UCB_WITHOUT_COST_NETWORK,UCB-VAE without Cost Network,45,15,train,0.24562974770943447,0.05,1.0,33705,4612.372590000001,461.23725900000005,21.142215540954233,32.00636639625491,0.7018292940459759,71.74179590927453,40,0.032932799287939477,False,False,False,1516,0,0.0,56.61741,0.8569706515765687,0.2495881924310365,0.24190622404631892,0.24562974274158478
SSI,BAD,UCB_WITHOUT_COST_NETWORK,UCB-VAE without Cost Network,45,15,test,0.24562974770943447,0.05,1.0,33705,-324.6898100000003,-32.46898100000003,-17.878116214673533,44.43777032249123,-0.2687069346995985,68.76360188313949,38,0.002008032128514056,False,False,False,471,0,0.0,35.42980999999998,0.8842825144685424,0.3888762933183387,0.24227009407629188,0.24562974274158478
SSI,BAD,UCB_WITHOUT_COST_NETWORK,UCB-VAE without Cost Network,45,16,train,0.2221926058330938,0.05,1.0,35952,4529.397250000001,452.93972500000007,20.941757410129203,32.02081760754154,0.6964378225998155,71.59166031512414,40,0.032487761459724075,False,False,False,1527,0,0.0,56.892750000000014,0.855929267198096,0.24871837057282672,0.2187994655256215,0.22219260036945343
SSI,BAD,UCB_WITHOUT_COST_NETWORK,UCB-VAE without Cost Network,45,16,test,0.2221926058330938,0.05,1.0,35952,-350.60018,-35.06001800000001,-19.47436482477577,44.11284536502301,-0.31879017714869684,68.76360188313949,36,0.002008032128514056,False,False,False,471,0,0.0,35.38017999999999,0.8769623139499354,0.38723171651961813,0.21915699706411831,0.22219260036945343
SSI,BAD,UCB_WITHOUT_COST_NETWORK,UCB-VAE without Cost Network,45,17,train,0.20099175505933367,0.05,1.0,38199,3002.254330000002,300.22543300000024,16.67252048592447,27.44504355340463,0.6308232186037692,55.289695240248015,30,0.018691588785046728,False,False,False,1827,0,0.0,55.655670000000015,0.6031160414371365,0.29033377802751303,0.19616500996530994,0.20099174976348877
SSI,BAD,UCB_WITHOUT_COST_NETWORK,UCB-VAE without Cost Network,45,17,test,0.20099175505933367,0.05,1.0,38199,-325.9226100000001,-32.59226100000001,-17.95336590729545,44.409884602101215,-0.27133571372453286,67.64181391355699,36,0.002008032128514056,False,False,False,470,0,0.0,35.282609999999984,0.880584281788964,0.38565114903521824,0.19825980918942337,0.20099174976348877
SSI,BAD,UCB_WITHOUT_COST_NETWORK,UCB-VAE without Cost Network,45,18,train,0.18181381621752543,0.05,1.0,40446,2915.6167800000026,291.56167800000026,16.388963591028972,26.598763700526135,0.6330450821743441,49.899278889921796,30,0.016466399643969738,False,False,False,1893,0,0.0,54.663219999999995,0.5208282041463583,0.3023253331382804,0.17687323500762148,0.1818138211965561
SSI,BAD,UCB_WITHOUT_COST_NETWORK,UCB-VAE without Cost Network,45,18,test,0.18181381621752543,0.05,1.0,40446,-267.20599000000016,-26.720599000000018,-14.442295338229695,44.78029813882192,-0.17115087839000526,67.71425792400667,37,0.002008032128514056,False,False,False,470,0,0.0,35.41598999999999,0.888256367239913,0.3846697833643381,0.1793511047219438,0.1818138211965561
SSI,BAD,UCB_WITHOUT_COST_NETWORK,UCB-VAE without Cost Network,45,19,train,0.16446577004027732,0.05,1.0,42693,3841.5288000000037,384.1528800000004,19.16845214375067,27.42249015129265,0.7091071942826059,41.45983388842953,29,0.024922118380062305,False,False,False,1770,0,0.0,53.45120000000004,0.6267578334044276,0.3187698930548359,0.16155714022571632,0.1644657701253891
SSI,BAD,UCB_WITHOUT_COST_NETWORK,UCB-VAE without Cost Network,45,19,test,0.16446577004027732,0.05,1.0,42693,-265.2218600000001,-26.52218600000001,-14.32614686292748,45.13311520066267,-0.16332805495280342,67.36354309285547,38,0.002008032128514056,False,False,False,469,0,0.0,35.38185999999999,0.8935533710563898,0.38353641699236557,0.16224427502731548,0.1644657701253891
SSI,BAD,UCB_WITHOUT_COST_NETWORK,UCB-VAE without Cost Network,45,20,train,0.14877301449181102,0.05,1.0,44940,2693.001010000003,269.3001010000003,15.633943840381392,27.574348291978275,0.5963152893472943,49.4683577220192,30,0.02358700489541611,False,False,False,1738,0,0.0,54.48899000000003,0.6170376927039385,0.27350253788534673,0.14507984958907694,0.14877301454544067
SSI,BAD,UCB_WITHOUT_COST_NETWORK,UCB-VAE without Cost Network,45,20,test,0.14877301449181102,0.05,1.0,44940,-267.0369700000002,-26.70369700000002,-14.432395018910427,45.13241197592684,-0.16605175358864574,68.14984519595406,37,0.002008032128514056,False,False,False,464,0,0.0,35.42696999999999,0.892321065104385,0.38211605243055696,0.14676567535356433,0.14877301454544067
SSI,BAD,UCB_WITHOUT_COST_NETWORK,UCB-VAE without Cost Network,45,21,train,0.13457760745935274,0.05,1.0,47187,3706.994990000002,370.6994990000002,18.795640153346472,27.37423475397693,0.6983312101531783,41.107062133648206,30,0.023141967067200713,False,False,False,1788,0,0.0,54.035010000000035,0.6225454940416961,0.31207621109501543,0.1321379617076623,0.13457760214805603
SSI,BAD,UCB_WITHOUT_COST_NETWORK,UCB-VAE without Cost Network,45,21,test,0.13457760745935274,0.05,1.0,47187,-264.9207700000002,-26.49207700000002,-14.308535096442277,44.65328230314446,-0.1694085948392709,68.21801911437953,37,0.002008032128514056,False,False,False,464,0,0.0,35.53076999999999,0.8872118339273681,0.3808396545998064,0.1327593190913089,0.13457760214805603
SSI,BAD,UCB_WITHOUT_COST_NETWORK,UCB-VAE without Cost Network,45,22,train,0.12173667712083987,0.05,1.0,49434,3686.2380200000025,368.62380200000024,18.7372784154515,27.245943061014394,0.6984919669968506,41.18125675679013,29,0.022696929238985315,False,False,False,1792,0,0.0,53.921980000000055,0.6163861859563304,0.31238551391765285,0.11953968998689349,0.12173667550086975
SSI,BAD,UCB_WITHOUT_COST_NETWORK,UCB-VAE without Cost Network,45,22,test,0.12173667712083987,0.05,1.0,49434,-284.79115,-28.479115,-15.478636136933366,44.26253376179595,-0.20607235831007828,67.43382962510286,35,0.002008032128514056,False,False,False,459,0,0.0,34.881149999999984,0.8804202384465477,0.3793564249114339,0.120080734975432,0.12173667550086975
SSI,BAD,UCB_WITHOUT_COST_NETWORK,UCB-VAE without Cost Network,45,23,train,0.11012098398984942,0.05,1.0,51681,3637.980800000002,363.7980800000002,18.60070198262722,27.22613535872189,0.6945414549363389,40.84764852997396,29,0.022251891410769914,False,False,False,1801,0,0.0,54.07920000000005,0.6150848972711397,0.31063225347106066,0.10813260841905943,0.1101209819316864
SSI,BAD,UCB_WITHOUT_COST_NETWORK,UCB-VAE without Cost Network,45,23,test,0.11012098398984942,0.05,1.0,51681,-290.14999,-29.014999000000003,-15.796965172842448,44.7587593497681,-0.20747368784271697,66.6961156459362,34,0.002008032128514056,False,False,False,457,0,0.0,34.76998999999998,0.8778768063671039,0.37806938678385266,0.10863093974006877,0.1101209819316864
SSI,BAD,UCB_WITHOUT_COST_NETWORK,UCB-VAE without Cost Network,45,24,train,0.1,0.05,1.0,53928,2712.4582300000025,271.24582300000026,15.701525189363297,27.58705010085149,0.5983500714981287,48.77188045044878,31,0.022251891410769914,False,False,False,1751,0,0.0,54.891770000000015,0.6089168088406766,0.26862646680131297,0.09752603864664494,0.10000000149011612
SSI,BAD,UCB_WITHOUT_COST_NETWORK,UCB-VAE without Cost Network,45,24,test,0.1,0.05,1.0,53928,-303.24182999999994,-30.324182999999994,-16.5797279833101,44.106006035809344,-0.23836820196543998,67.34339499812805,36,0.002008032128514056,False,False,False,458,0,0.0,34.77182999999998,0.8788620640302658,0.37742353906952236,0.09864403917438883,0.10000000149011612
SSI,BAD,UCB_WITHOUT_COST_NETWORK,UCB-VAE without Cost Network,45,25,train,0.1,0.05,1.0,56175,2555.8294200000023,255.58294200000026,15.148314734415935,27.449703135848065,0.5823200009822482,48.72088295118967,30,0.02358700489541611,False,False,False,1733,0,0.0,55.310580000000016,0.6109902056151764,0.26501771160428345,0.09747316144931595,0.10000000149011612
SSI,BAD,UCB_WITHOUT_COST_NETWORK,UCB-VAE without Cost Network,45,25,test,0.1,0.05,1.0,56175,-299.7176999999999,-29.971769999999992,-16.368304090884855,44.32630471931882,-0.22910834530173704,68.5225475614275,36,0.002008032128514056,False,False,False,457,0,0.0,34.73769999999998,0.8784562738998987,0.37663943296575164,0.09865029978247271,0.10000000149011612
SSI,BAD,UCB_WITHOUT_COST_NETWORK,UCB-VAE without Cost Network,45,26,train,0.1,0.05,1.0,58422,2317.039610000001,231.7039610000001,14.26173522019285,22.90431951744729,0.6139591549851732,35.30230672823997,18,0.023141967067200713,False,False,False,1854,0,0.0,50.23039000000004,0.5041930708680543,0.30225399610701276,0.09786127948475708,0.10000000149011612
SSI,BAD,UCB_WITHOUT_COST_NETWORK,UCB-VAE without Cost Network,45,26,test,0.1,0.05,1.0,58422,-299.7176999999999,-29.971769999999992,-16.368304090884855,44.32630471931882,-0.22910834530173704,68.5225475614275,36,0.002008032128514056,False,False,False,457,0,0.0,34.73769999999998,0.8784562738998987,0.37565919334988995,0.09865123025227002,0.10000000149011612
SSI,BAD,UCB_WITHOUT_COST_NETWORK,UCB-VAE without Cost Network,45,27,train,0.1,0.05,1.0,60669,2057.1414800000016,205.71414800000016,13.22983718727324,20.63318887517252,0.6133006975929844,35.24061272039225,18,0.010235870048954161,False,False,False,2047,0,0.0,48.55852000000003,0.30969952072597196,0.32151954068002775,0.09718654105222674,0.10000000149011612
SSI,BAD,UCB_WITHOUT_COST_NETWORK,UCB-VAE without Cost Network,45,27,test,0.1,0.05,1.0,60669,-299.7176999999999,-29.971769999999992,-16.368304090884855,44.32630471931882,-0.22910834530173704,68.5225475614275,36,0.002008032128514056,False,False,False,457,0,0.0,34.73769999999998,0.8784562738998987,0.37470171950667736,0.09865194096258192,0.10000000149011612
SSI,BAD,UCB_WITHOUT_COST_NETWORK,UCB-VAE without Cost Network,45,28,train,0.1,0.05,1.0,62916,1954.4714300000023,195.44714300000024,12.800581346577777,20.82732261909222,0.5910935166803616,34.95593923752111,18,0.011570983533600357,False,False,False,2039,0,0.0,49.75857000000002,0.31733392651477227,0.3137940969774073,0.09710470536976863,0.10000000149011612
SSI,BAD,UCB_WITHOUT_COST_NETWORK,UCB-VAE without Cost Network,45,28,test,0.1,0.05,1.0,62916,-326.07454000000007,-32.60745400000001,-17.96264440749492,44.48034293735983,-0.27031112753961006,68.5225475614275,38,0.002008032128514056,False,False,False,457,0,0.0,34.87453999999999,0.8826902436983947,0.3740797275939141,0.0986516599785829,0.10000000149011612
SSI,BAD,UCB_WITHOUT_COST_NETWORK,UCB-VAE without Cost Network,45,29,train,0.1,0.05,1.0,65163,2349.156850000002,234.91568500000022,14.384219908349927,26.48812303730883,0.5683914748468537,56.14928014210783,30,0.01824655095683133,False,False,False,1844,0,0.0,55.23314999999997,0.5399350634925371,0.2758475844833285,0.09742521218331245,0.10000000149011612
SSI,BAD,UCB_WITHOUT_COST_NETWORK,UCB-VAE without Cost Network,45,29,test,0.1,0.05,1.0,65163,-281.37306999999987,-28.13730699999999,-15.276213768126645,44.80045942995847,-0.19293657456692861,68.07818182572265,35,0.002008032128514056,False,False,False,454,0,0.0,34.613069999999986,0.8825859276950139,0.3723455650739402,0.09866003834551684,0.10000000149011612
SSI,BAD,UCB_WITHOUT_COST_NETWORK,UCB-VAE without Cost Network,45,30,train,0.1,0.05,1.0,67410,2385.0931000000023,238.50931000000026,14.520037591180014,26.463184203559987,0.5732192337058133,56.44264238281497,30,0.016466399643969738,False,False,False,1847,0,0.0,55.20689999999997,0.5368407303944748,0.27641033419686845,0.09743712513025618,0.10000000149011612
SSI,BAD,UCB_WITHOUT_COST_NETWORK,UCB-VAE without Cost Network,45,30,test,0.1,0.05,1.0,67410,-326.23408000000006,-32.623408000000005,-17.972388779130966,45.175608806363556,-0.25961560557490115,68.07818182572265,38,0.002008032128514056,False,False,False,454,0,0.0,34.77408,0.8917260382650251,0.3720343707196684,0.09866587618959563,0.10000000149011612
SSI,BAD,UCB_WITHOUT_COST_NETWORK,UCB-VAE without Cost Network,45,31,train,0.1,0.05,1.0,69657,3908.563930000004,390.85639300000037,19.350790796386065,21.439060677604672,0.8458141874821291,34.95593923752111,18,0.011125945705384957,False,False,False,2044,0,0.0,49.64607000000004,0.33116972621717966,0.3132239833712896,0.09729455955284055,0.10000000149011612
SSI,BAD,UCB_WITHOUT_COST_NETWORK,UCB-VAE without Cost Network,45,31,test,0.1,0.05,1.0,69657,-251.3264999999999,-25.13264999999999,-13.517071652961288,45.033758825531706,-0.1436559057932283,68.15032674030326,34,0.004016064257028112,False,False,False,449,0,0.0,34.466499999999975,0.8919233676561956,0.37017331490794336,0.09867042685951051,0.10000000149011612
SSI,BAD,UCB_WITHOUT_COST_NETWORK,UCB-VAE without Cost Network,45,32,train,0.1,0.05,1.0,71904,1939.9233800000025,193.99233800000025,12.738688072892689,26.527853010963764,0.5128508051598928,61.81097311275736,30,0.01824655095683133,False,False,False,1796,0,0.0,54.53661999999998,0.5426878658034283,0.27253207887975067,0.09746229767204946,0.10000000149011612
SSI,BAD,UCB_WITHOUT_COST_NETWORK,UCB-VAE without Cost Network,45,32,test,0.1,0.05,1.0,71904,-287.43182,-28.743182,-15.635349720853831,45.04347040901256,-0.19896919456429385,68.15032674030326,34,0.004016064257028112,False,False,False,448,0,0.0,34.441819999999986,0.8855353911906162,0.3686877917273935,0.09866187795751849,0.10000000149011612
SSI,BAD,UCB_WITHOUT_COST_NETWORK,UCB-VAE without Cost Network,45,33,train,0.1,0.05,1.0,74151,2721.193670000002,272.11936700000024,15.731763911931251,24.879249658778406,0.6362844182162919,41.18821808209962,29,0.011125945705384957,False,False,False,2005,0,0.0,53.35633000000004,0.4287643539137778,0.31082481095127173,0.0976580048463981,0.10000000149011612
SSI,BAD,UCB_WITHOUT_COST_NETWORK,UCB-VAE without Cost Network,45,33,test,0.1,0.05,1.0,74151,-301.79781000000014,-30.179781000000016,-16.493032291774767,44.7159317580951,-0.22660667737866466,67.36138461766693,37,0.002008032128514056,False,False,False,452,0,0.0,34.73780999999999,0.8894959958292119,0.3679018192681443,0.0986512750183178,0.10000000149011612
SSI,BAD,UCB_WITHOUT_COST_NETWORK,UCB-VAE without Cost Network,45,34,train,0.1,0.05,1.0,76398,2001.2902600000039,200.12902600000038,12.997945390437105,20.601738353080695,0.6039304672009151,35.21744575108222,19,0.011125945705384957,False,False,False,2053,0,0.0,49.12974000000001,0.3082355047712014,0.30728215100861256,0.09722972154724621,0.10000000149011612
SSI,BAD,UCB_WITHOUT_COST_NETWORK,UCB-VAE without Cost Network,45,34,test,0.1,0.05,1.0,76398,-301.4910000000001,-30.14910000000001,-16.474623625503426,44.78975903549486,-0.2250176922829315,67.3307960831362,37,0.002008032128514056,False,False,False,452,0,0.0,34.68099999999999,0.8894894512601413,0.3665197087100232,0.09864822361793732,0.10000000149011612
SSI,BAD,UCB_WITHOUT_COST_NETWORK,UCB-VAE without Cost Network,45,35,train,0.1,0.05,1.0,78645,3165.5235200000043,316.55235200000044,17.192369635337457,20.9934396110953,0.77166291156669,35.09670868270409,18,0.011125945705384957,False,False,False,2046,0,0.0,49.09648000000002,0.31488624974581736,0.30464026014912005,0.09728089114698184,0.10000000149011612
SSI,BAD,UCB_WITHOUT_COST_NETWORK,UCB-VAE without Cost Network,45,35,test,0.1,0.05,1.0,78645,-311.7184,-31.171839999999996,-17.09045744955249,44.96672186035225,-0.2390469287034271,67.84490798455165,34,0.004016064257028112,False,False,False,448,0,0.0,34.378399999999985,0.8847472620119108,0.36523759891709173,0.09865289375963938,0.10000000149011612
SSI,BAD,UCB_WITHOUT_COST_NETWORK,UCB-VAE without Cost Network,45,36,train,0.1,0.05,1.0,80892,3584.899580000002,358.4899580000002,18.449006261111123,21.02230122731964,0.8220442353062806,35.16410211846865,18,0.011570983533600357,False,False,False,2044,0,0.0,48.34042000000004,0.3127212020042408,0.3081510764130975,0.09738402668260547,0.10000000149011612
SSI,BAD,UCB_WITHOUT_COST_NETWORK,UCB-VAE without Cost Network,45,36,test,0.1,0.05,1.0,80892,-311.7184,-31.171839999999996,-17.09045744955249,44.96672186035225,-0.2390469287034271,67.84490798455165,34,0.004016064257028112,False,False,False,448,0,0.0,34.378399999999985,0.8847472620119108,0.36431362369213716,0.09864946261494427,0.10000000149011612
SSI,BAD,UCB_WITHOUT_COST_NETWORK,UCB-VAE without Cost Network,45,37,train,0.1,0.05,1.0,83139,2418.827400000001,241.8827400000001,14.64637204247239,26.404203800335974,0.5780881827484358,53.98081566477354,30,0.021806853582554516,False,False,False,1799,0,0.0,54.25260000000003,0.529589633174153,0.26110030160276,0.09737940583535275,0.10000000149011612
SSI,BAD,UCB_WITHOUT_COST_NETWORK,UCB-VAE without Cost Network,45,37,test,0.1,0.05,1.0,83139,-312.89184,-31.289184,-17.16140586176762,45.13531329849331,-0.23836934201583687,68.07356079454537,34,0.004016064257028112,False,False,False,448,0,0.0,34.31183999999998,0.8863407905662728,0.3633723432819049,0.09864747280805117,0.10000000149011612
SSI,BAD,UCB_WITHOUT_COST_NETWORK,UCB-VAE without Cost Network,45,38,train,0.1,0.05,1.0,85386,2220.0889000000025,222.00889000000026,13.885494780831454,26.595005150628793,0.5505791013906159,56.92576365631833,30,0.024922118380062305,False,False,False,1754,0,0.0,53.911100000000005,0.5420687508775907,0.2581319017945049,0.09739071487893312,0.10000000149011612
SSI,BAD,UCB_WITHOUT_COST_NETWORK,UCB-VAE without Cost Network,45,38,test,0.1,0.05,1.0,85386,-327.89803000000006,-32.789803000000006,-18.074087995115697,45.3178907645313,-0.2602073666841791,68.28312929411939,35,0.004016064257028112,False,False,False,447,0,0.0,34.29802999999998,0.8909582341589735,0.36261428674181784,0.09864738204915317,0.10000000149011612
SSI,BAD,UCB_WITHOUT_COST_NETWORK,UCB-VAE without Cost Network,45,39,train,0.1,0.05,1.0,87633,3118.4113100000004,311.841131,17.044250532917047,22.791508107547735,0.7224037746151306,35.014429373212224,18,0.02892745883400089,False,False,False,1821,0,0.0,51.49869000000009,0.4919488546302622,0.26048397636899007,0.09756244529787282,0.10000000149011612
SSI,BAD,UCB_WITHOUT_COST_NETWORK,UCB-VAE without Cost Network,45,39,test,0.1,0.05,1.0,87633,-299.76126,-29.976125999999997,-16.37091415515283,44.67764611713959,-0.22392650972896408,68.38932627339467,35,0.002008032128514056,False,False,False,446,0,0.0,34.28125999999998,0.8860404062889531,0.36073787785677547,0.09862993665069461,0.10000000149011612
SSI,BAD,UCB_WITHOUT_COST_NETWORK,UCB-VAE without Cost Network,45,40,train,0.1,0.05,1.0,89880,1708.3945899999999,170.839459,11.715140248382694,25.597650413018496,0.486113923942637,59.05804470614856,30,0.037383177570093455,False,False,False,1756,0,0.0,55.035409999999985,0.49762369915065247,0.2558775878829271,0.09706605143660302,0.10000000149011612
SSI,BAD,UCB_WITHOUT_COST_NETWORK,UCB-VAE without Cost Network,45,40,test,0.1,0.05,1.0,89880,-324.76858000000016,-32.476858000000014,-17.882922260551304,45.31689150658826,-0.2550111480252089,68.0588622265526,36,0.004016064257028112,False,False,False,442,0,0.0,34.158579999999986,0.8915920231881663,0.36061324786589327,0.09863676661343286,0.10000000149011612
SSI,BAD,UCB_WITHOUT_COST_NETWORK,UCB-VAE without Cost Network,45,41,train,0.1,0.05,1.0,92127,2088.152360000002,208.81523600000017,13.356972018859459,20.37871853814853,0.6239677291793265,35.18925175779298,18,0.012461059190031152,False,False,False,2041,0,0.0,48.00764000000001,0.29151288557459426,0.2936553675689642,0.09728811451637055,0.10000000149011612
SSI,BAD,UCB_WITHOUT_COST_NETWORK,UCB-VAE without Cost Network,45,41,test,0.1,0.05,1.0,92127,-324.76858000000016,-32.476858000000014,-17.882922260551304,45.31689150658826,-0.2550111480252089,68.0588622265526,36,0.004016064257028112,False,False,False,442,0,0.0,34.158579999999986,0.8915920231881663,0.35985575379975826,0.09863047196226166,0.10000000149011612
SSI,BAD,UCB_WITHOUT_COST_NETWORK,UCB-VAE without Cost Network,45,42,train,0.1,0.05,1.0,94374,2021.5186100000028,202.15186100000028,13.082372242454788,20.244951268534848,0.6146703592661934,34.973209393962556,18,0.01335113484646195,False,False,False,2033,0,0.0,47.951389999999996,0.29023721082758136,0.28989884486106116,0.09728273693194073,0.10000000149011612
SSI,BAD,UCB_WITHOUT_COST_NETWORK,UCB-VAE without Cost Network,45,42,test,0.1,0.05,1.0,94374,-275.38388999999995,-27.538388999999995,-14.92268145388117,44.48646525740961,-0.1879705704650024,67.51323758437094,35,0.002008032128514056,False,False,False,446,0,0.0,34.363889999999984,0.8821383831957216,0.35766199018701494,0.09860688931872785,0.10000000149011612
SSI,BAD,UCB_WITHOUT_COST_NETWORK,UCB-VAE without Cost Network,45,43,train,0.1,0.05,1.0,96621,2021.582120000001,202.1582120000001,13.082636521387215,20.40484078905106,0.6114711964565073,35.16579118369389,18,0.01335113484646195,False,False,False,2015,0,0.0,47.83788000000002,0.2939942118581824,0.28769967344584974,0.09730532371080745,0.10000000149011612
SSI,BAD,UCB_WITHOUT_COST_NETWORK,UCB-VAE without Cost Network,45,43,test,0.1,0.05,1.0,96621,-299.1400100000001,-29.914001000000006,-16.333697229145827,45.37485956229786,-0.21268059815085216,67.62960681415363,34,0.002008032128514056,False,False,False,444,0,0.0,34.35000999999999,0.8908518778001522,0.357578381866097,0.09861338140076423,0.10000000149011612
SSI,BAD,UCB_WITHOUT_COST_NETWORK,UCB-VAE without Cost Network,45,44,train,0.1,0.05,1.0,98868,1956.9438900000023,195.69438900000023,12.81107324815125,20.465093762892035,0.5984342103026987,35.22904921540502,19,0.01335113484646195,False,False,False,2010,0,0.0,48.30611000000003,0.29642709371684345,0.28077302861197767,0.09723674426942783,0.10000000149011612
SSI,BAD,UCB_WITHOUT_COST_NETWORK,UCB-VAE without Cost Network,45,44,test,0.1,0.05,1.0,98868,-299.53142,-29.953142000000003,-16.35714332368363,44.83988746774531,-0.22112507167198697,68.25474908408869,36,0.002008032128514056,False,False,False,442,0,0.0,34.091419999999985,0.8876043455413885,0.35657035296102124,0.0985950917840635,0.10000000149011612
SSI,BAD,UCB_WITHOUT_COST_NETWORK,UCB-VAE without Cost Network,45,45,train,0.1,0.05,1.0,101115,2010.1485600000028,201.0148560000003,13.034979236605771,20.405476538727854,0.6093682615915192,35.17681787617797,18,0.015131286159323543,False,False,False,2003,0,0.0,48.051440000000014,0.29754445284405623,0.2806170871012944,0.09728551565818273,0.10000000149011612
SSI,BAD,UCB_WITHOUT_COST_NETWORK,UCB-VAE without Cost Network,45,45,test,0.1,0.05,1.0,101115,-299.68903,-29.968903,-16.366586262151717,44.79804702196089,-0.22193331419569906,68.07904122785314,37,0.002008032128514056,False,False,False,444,0,0.0,34.21902999999998,0.8863179619759218,0.3559551446373204,0.09858833944718086,0.10000000149011612
SSI,BAD,UCB_WITHOUT_COST_NETWORK,UCB-VAE without Cost Network,46,1,train,1.0,1.0,1.0,2247,-23.897790000000896,-2.3897790000000896,-0.26857803540748515,3.312297650880345,-0.6690689153050576,13.581090475684512,0,0.06853582554517133,False,False,False,2093,0,0.0,30.627790000000022,0.048408881869510756,0.21232171456814874,0.9671573059508806,1.0
SSI,BAD,UCB_WITHOUT_COST_NETWORK,UCB-VAE without Cost Network,46,1,test,1.0,1.0,1.0,2247,-64.57167999999956,-6.457167999999956,-3.2935410838886403,6.534862475113652,-0.7901680644099888,17.63398924643137,0,0.12248995983935743,False,False,False,418,0,0.0,13.701680000000003,0.09378713532485786,0.31245010818942004,0.9821625713472516,1.0
SSI,BAD,UCB_WITHOUT_COST_NETWORK,UCB-VAE without Cost Network,46,2,train,0.9045834549972122,0.8,1.0,4494,-1.427080000001638,-0.1427080000001638,-0.01587737717381188,4.400167537199988,-0.43611712295799077,16.68833281998577,0,0.06720071206052515,False,False,False,2096,0,0.0,31.00708000000003,0.06630623403005477,0.20975929718177797,0.8749839745954184,0.9045834541320801
SSI,BAD,UCB_WITHOUT_COST_NETWORK,UCB-VAE without Cost Network,46,2,test,0.9045834549972122,0.8,1.0,4494,-94.15100999999981,-9.415100999999982,-4.84005866701197,7.522530193312433,-0.893222138401796,20.960295656100342,0,0.11847389558232932,False,False,False,421,0,0.0,13.87101,0.10762242406600701,0.3074180002971347,0.888280458783703,0.9045834541320801
SSI,BAD,UCB_WITHOUT_COST_NETWORK,UCB-VAE without Cost Network,46,3,train,0.8182712270546932,0.6400000000000001,1.0,6741,41.037949999999,4.1037949999998995,0.44817677746762374,4.541509640803657,-0.31831580467924553,17.40027965627081,0,0.06853582554517133,False,False,False,2093,0,0.0,31.51205000000002,0.07021825578570613,0.20660540512603393,0.791589529152976,0.8182712197303772
SSI,BAD,UCB_WITHOUT_COST_NETWORK,UCB-VAE without Cost Network,46,3,test,0.8182712270546932,0.6400000000000001,1.0,6741,-89.53837999999973,-8.953837999999974,-4.597254625970171,7.514576361127638,-0.8600509186269961,20.960295656100342,0,0.12449799196787148,False,False,False,418,0,0.0,13.968379999999996,0.10806086251639008,0.3029129452494732,0.8035508102311318,0.8182712197303772
SSI,BAD,UCB_WITHOUT_COST_NETWORK,UCB-VAE without Cost Network,46,4,train,0.7401946136939427,0.5120000000000001,1.0,8988,38.37080999999944,3.8370809999999436,0.4195303049316701,4.537189476745169,-0.3250057631593566,17.278792503862835,0,0.07031597685803294,False,False,False,2089,0,0.0,31.919190000000018,0.07063839676817224,0.20336505554162188,0.7160307055066192,0.7401946187019348
SSI,BAD,UCB_WITHOUT_COST_NETWORK,UCB-VAE without Cost Network,46,4,test,0.7401946136939427,0.5120000000000001,1.0,8988,-81.58931999999959,-8.15893199999996,-4.1802582822129235,7.758146754360509,-0.7739800989341787,20.733658478843118,0,0.13052208835341367,False,False,False,411,0,0.0,13.859320000000002,0.11062297833424493,0.29844928547799826,0.7269358411893744,0.7401946187019348
SSI,BAD,UCB_WITHOUT_COST_NETWORK,UCB-VAE without Cost Network,46,5,train,0.6695678010255933,0.4096000000000001,1.0,11235,80.48612999999887,8.048612999999886,0.8644267928140659,4.661772795491247,-0.21944631062554953,17.78180937805592,0,0.07165109034267912,False,False,False,2086,0,0.0,32.24387000000003,0.07434041208646774,0.2006207522175606,0.6476792085540668,0.6695678234100342
SSI,BAD,UCB_WITHOUT_COST_NETWORK,UCB-VAE without Cost Network,46,5,test,0.6695678010255933,0.4096000000000001,1.0,11235,-130.69127999999955,-13.069127999999955,-6.785692428022272,9.0598264818122,-0.9573846558026267,25.131907818878137,0,0.09839357429718876,False,False,False,418,0,0.0,14.16128,0.12966432040748732,0.29464063745545577,0.6573906122180135,0.6695678234100342
SSI,BAD,UCB_WITHOUT_COST_NETWORK,UCB-VAE without Cost Network,46,6,train,0.6056799548066172,0.3276800000000001,1.0,13482,87.96217999999772,8.79621799999977,0.9417863911891367,4.799038578441954,-0.19568847219253305,18.338778974632252,1,0.07209612817089453,False,False,False,2085,0,0.0,32.45782000000002,0.07560411448638402,0.19817937661872528,0.585891990517752,0.6056799292564392
SSI,BAD,UCB_WITHOUT_COST_NETWORK,UCB-VAE without Cost Network,46,6,test,0.6056799548066172,0.3276800000000001,1.0,13482,-90.79494999999997,-9.079494999999998,-4.663338298702979,8.842833452912897,-0.7264251778903318,23.00038299977448,0,0.14056224899598393,False,False,False,412,0,0.0,14.234949999999998,0.1300286394044618,0.29120119011785134,0.5948068713262683,0.6056799292564392
SSI,BAD,UCB_WITHOUT_COST_NETWORK,UCB-VAE without Cost Network,46,7,train,0.547888066141525,0.2621440000000001,1.0,15729,122.82124999999724,12.282124999999724,1.2963736303643891,4.90924422869668,-0.11816135999264415,18.366755545922196,1,0.06942590120160214,False,False,False,2091,0,0.0,32.86875000000002,0.07807819529511455,0.1958547084959921,0.5299131385477133,0.5478880405426025
SSI,BAD,UCB_WITHOUT_COST_NETWORK,UCB-VAE without Cost Network,46,7,test,0.547888066141525,0.2621440000000001,1.0,15729,-152.5268499999995,-15.252684999999952,-7.967850888701444,10.462167154964105,-0.9388543186578687,27.737601642959714,0,0.09236947791164658,False,False,False,420,0,0.0,14.41685,0.15085746499082825,0.28874059036433936,0.5379137682105207,0.5478880405426025
SSI,BAD,UCB_WITHOUT_COST_NETWORK,UCB-VAE without Cost Network,46,8,train,0.49561047982204176,0.20971520000000007,1.0,17976,114.21101999999769,11.421101999999768,1.2097098664815231,4.904812726053535,-0.1359107465372807,18.134018826149898,1,0.06987093902981753,False,False,False,2087,0,0.0,32.90898,0.07859418780598763,0.19398819013906152,0.47919085056582,0.49561047554016113
SSI,BAD,UCB_WITHOUT_COST_NETWORK,UCB-VAE without Cost Network,46,8,test,0.49561047982204176,0.20971520000000007,1.0,17976,-150.19536999999923,-15.019536999999922,-7.840908463393726,10.514967805334985,-0.9203985739997824,28.150437902793403,0,0.09036144578313253,False,False,False,421,0,0.0,14.575369999999998,0.1545403772086068,0.2861474372416615,0.4865788359109308,0.49561047554016113
SSI,BAD,UCB_WITHOUT_COST_NETWORK,UCB-VAE without Cost Network,46,9,train,0.4483210401702486,0.1677721600000001,1.0,20223,105.06868999999756,10.506868999999757,1.1170363963490804,4.944034401986919,-0.15313178344904835,18.278593937743175,1,0.06586559857587895,False,False,False,2094,0,0.0,33.06131000000002,0.0797578120018925,0.19234223741727985,0.433350898852051,0.44832104444503784
SSI,BAD,UCB_WITHOUT_COST_NETWORK,UCB-VAE without Cost Network,46,9,test,0.4483210401702486,0.1677721600000001,1.0,20223,-123.89006999999958,-12.389006999999959,-6.420510301357096,10.673896522805093,-0.7606836015193242,27.8400349069154,0,0.0963855421686747,False,False,False,418,0,0.0,14.63007,0.1574476128972349,0.28359044615523404,0.44018181258089656,0.44832104444503784
SSI,BAD,UCB_WITHOUT_COST_NETWORK,UCB-VAE without Cost Network,46,10,train,0.4055437954651474,0.13421772800000006,1.0,22470,127.99002999999834,12.799002999999834,1.3481151722333884,5.432104408112737,-0.09232056538082808,19.159225551911334,1,0.05651980418335559,False,False,False,2116,0,0.0,33.53997000000002,0.09521708206611544,0.19051533521654132,0.39174941024184345,0.40554380416870117
SSI,BAD,UCB_WITHOUT_COST_NETWORK,UCB-VAE without Cost Network,46,10,test,0.4055437954651474,0.13421772800000006,1.0,22470,-118.21155999999917,-11.821155999999917,-6.116690759752097,10.722701830890406,-0.7262576929940454,27.838585239189044,0,0.0963855421686747,False,False,False,418,0,0.0,14.681559999999998,0.15676549845378224,0.281265650378413,0.39819179834915625,0.40554380416870117
SSI,BAD,UCB_WITHOUT_COST_NETWORK,UCB-VAE without Cost Network,46,11,train,0.3668482076545458,0.10737418240000006,1.0,24717,122.25250999999776,12.225250999999776,1.2906673950024983,5.506224900214404,-0.10072610718097597,19.375973888236576,1,0.054294615042278595,False,False,False,2112,0,0.0,33.65749,0.09767991685747725,0.18910658841975064,0.35432458460203153,0.3668482005596161
SSI,BAD,UCB_WITHOUT_COST_NETWORK,UCB-VAE without Cost Network,46,11,test,0.3668482076545458,0.10737418240000006,1.0,24717,-117.55132999999921,-11.75513299999992,-6.0814295590722045,10.765035589232616,-0.7194626880458506,27.838585239189044,0,0.0963855421686747,False,False,False,418,0,0.0,14.711329999999998,0.1588147200447161,0.2790441106720622,0.36018267734701853,0.3668482005596161
SSI,BAD,UCB_WITHOUT_COST_NETWORK,UCB-VAE without Cost Network,46,12,train,0.3318448191396838,0.08589934592000005,1.0,26964,123.79688999999757,12.379688999999757,1.3061563606115545,5.504337532809832,-0.09797742681814607,19.37008908059992,1,0.05384957721406319,False,False,False,2112,0,0.0,33.71311000000001,0.09807803982600742,0.1878853999990116,0.32046742695996583,0.3318448066711426
SSI,BAD,UCB_WITHOUT_COST_NETWORK,UCB-VAE without Cost Network,46,12,test,0.3318448191396838,0.08589934592000005,1.0,26964,-117.48143999999922,-11.748143999999924,-6.077697681936489,10.775547966273267,-0.7182837233088576,27.836672379667398,0,0.09236947791164658,False,False,False,420,0,0.0,14.831439999999999,0.15909889019157172,0.27713733522528144,0.3258087934532406,0.3318448066711426
SSI,BAD,UCB_WITHOUT_COST_NETWORK,UCB-VAE without Cost Network,46,13,train,0.3001813330203001,0.06871947673600004,1.0,29211,113.77217999999993,11.377217999999994,1.2052769268668495,5.361815346214903,-0.12076905014273584,18.73438359118194,1,0.05562972852692479,False,False,False,2108,0,0.0,33.68782000000001,0.09518339449074685,0.18687173673774488,0.2898334567251775,0.3001813292503357
SSI,BAD,UCB_WITHOUT_COST_NETWORK,UCB-VAE without Cost Network,46,13,test,0.3001813330203001,0.06871947673600004,1.0,29211,-106.60434999999927,-10.660434999999927,-5.498683783465285,10.772498377057847,-0.6609906150668375,27.836672379667398,0,0.09437751004016064,False,False,False,419,0,0.0,14.784350000000002,0.16002050402878176,0.27572204486792345,0.2947107788669058,0.3001813292503357
SSI,BAD,UCB_WITHOUT_COST_NETWORK,UCB-VAE without Cost Network,46,14,train,0.27153906734917177,0.054975581388800036,1.0,31458,107.77733999999987,10.777733999999986,1.1445641135948925,5.377158571321472,-0.13152739370936967,18.805555852899285,1,0.05518469069870939,False,False,False,2111,0,0.0,33.80266000000002,0.09557787297929868,0.18602701553740816,0.2621211561600782,0.2715390622615814
SSI,BAD,UCB_WITHOUT_COST_NETWORK,UCB-VAE without Cost Network,46,14,test,0.27153906734917177,0.054975581388800036,1.0,31458,-104.49328999999943,-10.449328999999944,-5.386714732314757,10.856281672994568,-0.6440610950993843,27.836672379667398,0,0.07630522088353414,False,False,False,420,0,0.0,14.833290000000005,0.16206987154718094,0.27423515882956456,0.2665787700151562,0.2715390622615814
SSI,BAD,UCB_WITHOUT_COST_NETWORK,UCB-VAE without Cost Network,46,15,train,0.24562974770943447,0.05,1.0,33705,1623.4663899999991,162.3466389999999,11.320103291924898,9.87301862747474,0.9421935077573763,13.068548176552216,0,0.020471740097908322,False,False,False,2200,0,0.0,46.70360999999998,0.19592183172917713,0.20271337665302466,0.2393091211739243,0.24562974274158478
SSI,BAD,UCB_WITHOUT_COST_NETWORK,UCB-VAE without Cost Network,46,15,test,0.24562974770943447,0.05,1.0,33705,-108.74187999999958,-10.874187999999958,-5.612191189918326,10.910873052181449,-0.6623420136197452,27.935546023845653,0,0.07630522088353414,False,False,False,420,0,0.0,14.831880000000004,0.16316630848283886,0.2727447001630044,0.24113304116302445,0.24562974274158478
SSI,BAD,UCB_WITHOUT_COST_NETWORK,UCB-VAE without Cost Network,46,16,train,0.2221926058330938,0.05,1.0,35952,1853.88386,185.38838599999997,12.366975934449108,11.212487661600552,0.9264059931184887,17.670509576774435,0,0.018691588785046728,False,False,False,2204,0,0.0,46.11613999999995,0.236770954453647,0.20207632080045446,0.2161698991674462,0.22219260036945343
SSI,BAD,UCB_WITHOUT_COST_NETWORK,UCB-VAE without Cost Network,46,16,test,0.2221926058330938,0.05,1.0,35952,-108.74187999999958,-10.874187999999958,-5.612191189918326,10.910873052181449,-0.6623420136197452,27.935546023845653,0,0.07630522088353414,False,False,False,420,0,0.0,14.831880000000004,0.16316630848283886,0.27169227567183446,0.21811907097844146,0.22219260036945343
SSI,BAD,UCB_WITHOUT_COST_NETWORK,UCB-VAE without Cost Network,46,17,train,0.20099175505933367,0.05,1.0,38199,345.0717999999956,34.50717999999956,3.3510396997079583,6.9898851241007725,0.22451681115365243,21.364890664577,1,0.03827325322652426,False,False,False,2141,0,0.0,35.70819999999998,0.14551397375432745,0.18433499171447904,0.194005854806116,0.20099174976348877
SSI,BAD,UCB_WITHOUT_COST_NETWORK,UCB-VAE without Cost Network,46,17,test,0.20099175505933367,0.05,1.0,38199,-119.8862699999994,-11.988626999999939,-6.2061918015825395,11.053232489668908,-0.7099819763997963,28.178010316764585,0,0.0823293172690763,False,False,False,417,0,0.0,14.646270000000001,0.1660988845525697,0.27088884635263655,0.19729542644376866,0.20099174976348877
SSI,BAD,UCB_WITHOUT_COST_NETWORK,UCB-VAE without Cost Network,46,18,train,0.18181381621752543,0.05,1.0,40446,1907.2698299999993,190.72698299999993,12.59876940610738,12.097713324669417,0.8843433777817452,23.679708812960136,0,0.012016021361815754,False,False,False,2213,0,0.0,46.28016999999994,0.24966582169812218,0.1995650094829775,0.17671202299203448,0.1818138211965561
SSI,BAD,UCB_WITHOUT_COST_NETWORK,UCB-VAE without Cost Network,46,18,test,0.18181381621752543,0.05,1.0,40446,-117.41436999999951,-11.74143699999995,-6.074116521227091,11.094170843412678,-0.6941657110598994,28.178010316764585,0,0.08032128514056225,False,False,False,418,0,0.0,14.594370000000003,0.16779761726485726,0.269819682232108,0.1784649711454511,0.1818138211965561
SSI,BAD,UCB_WITHOUT_COST_NETWORK,UCB-VAE without Cost Network,46,19,train,0.16446577004027732,0.05,1.0,42693,1871.2036699999999,187.120367,12.442595111850752,12.332932042851615,0.8584719989164575,24.217946500951616,0,0.011570983533600357,False,False,False,2215,0,0.0,46.82632999999996,0.26028961100834785,0.19891407935617764,0.15982397628349215,0.1644657701253891
SSI,BAD,UCB_WITHOUT_COST_NETWORK,UCB-VAE without Cost Network,46,19,test,0.16446577004027732,0.05,1.0,42693,-118.90456999999947,-11.890456999999946,-6.153716810894172,11.095108488811354,-0.7018030527108922,28.178010316764585,0,0.08032128514056225,False,False,False,418,0,0.0,14.544570000000002,0.16836285236654808,0.26843223517319287,0.16143099485728896,0.1644657701253891
SSI,BAD,UCB_WITHOUT_COST_NETWORK,UCB-VAE without Cost Network,46,20,train,0.14877301449181102,0.05,1.0,44940,1875.1523299999994,187.51523299999994,12.459778395901688,12.3184435853863,0.8605847830108777,23.997052784802857,0,0.012016021361815754,False,False,False,2217,0,0.0,46.65766999999995,0.2626743953609011,0.19804321659184265,0.14459463469504769,0.14877301454544067
SSI,BAD,UCB_WITHOUT_COST_NETWORK,UCB-VAE without Cost Network,46,20,test,0.14877301449181102,0.05,1.0,44940,-118.90456999999947,-11.890456999999946,-6.153716810894172,11.095108488811354,-0.7018030527108922,28.178010316764585,0,0.08032128514056225,False,False,False,418,0,0.0,14.544570000000002,0.16836285236654808,0.26708849866586515,0.14602496961349987,0.14877301454544067
SSI,BAD,UCB_WITHOUT_COST_NETWORK,UCB-VAE without Cost Network,46,21,train,0.13457760745935274,0.05,1.0,47187,1873.1984599999982,187.3198459999998,12.451278412545474,12.385433901979408,0.8559818493355578,24.52259773821038,0,0.013796172674677348,False,False,False,2214,0,0.0,47.10153999999998,0.2637309127349901,0.19686577815942144,0.13077529518982495,0.13457760214805603
SSI,BAD,UCB_WITHOUT_COST_NETWORK,UCB-VAE without Cost Network,46,21,test,0.13457760745935274,0.05,1.0,47187,-122.17780999999968,-12.217780999999968,-6.328795524293984,11.043917351596408,-0.7225742662046561,28.003995203017563,0,0.12449799196787148,False,False,False,421,0,0.0,14.537809999999997,0.16482091710820124,0.26576296347810563,0.13208629084290618,0.13457760214805603
SSI,BAD,UCB_WITHOUT_COST_NETWORK,UCB-VAE without Cost Network,46,22,train,0.12173667712083987,0.05,1.0,49434,1859.3909699999986,185.93909699999986,12.391064384456318,12.85186863285867,0.8252782098198463,24.97905756765367,0,0.008900756564307966,False,False,False,2219,0,0.0,46.639029999999984,0.293239708082533,0.19736341666554577,0.11817750329313846,0.12173667550086975
SSI,BAD,UCB_WITHOUT_COST_NETWORK,UCB-VAE without Cost Network,46,22,test,0.12173667712083987,0.05,1.0,49434,-106.7958699999997,-10.67958699999997,-5.508848381279208,10.228740020792715,-0.7028393989670031,25.82731022676421,0,0.09839357429718876,False,False,False,418,0,0.0,14.375869999999997,0.1577182838889953,0.264798351380241,0.11948130257201917,0.12173667550086975
SSI,BAD,UCB_WITHOUT_COST_NETWORK,UCB-VAE without Cost Network,46,23,train,0.11012098398984942,0.05,1.0,51681,1813.1339499999972,181.31339499999973,12.18743812733505,12.68560642801298,0.819977125264032,26.32326080274919,0,0.009790832220738763,False,False,False,2213,0,0.0,45.456049999999976,0.2937660829578496,0.19463315083548713,0.10684136547190128,0.1101209819316864
SSI,BAD,UCB_WITHOUT_COST_NETWORK,UCB-VAE without Cost Network,46,23,test,0.11012098398984942,0.05,1.0,51681,-110.48078999999973,-11.048078999999973,-5.7046311218589825,10.254470278083808,-0.7212129474872296,25.82731022676421,0,0.09839357429718876,False,False,False,418,0,0.0,14.250789999999997,0.1611374781263638,0.2635236540173431,0.10807704182247169,0.1101209819316864
SSI,BAD,UCB_WITHOUT_COST_NETWORK,UCB-VAE without Cost Network,46,24,train,0.1,0.05,1.0,53928,1863.1980799999974,186.31980799999974,12.40769283126757,12.929376874326943,0.8222671548492605,25.291340295821257,0,0.009345794392523364,False,False,False,2218,0,0.0,46.381919999999944,0.29095843111381386,0.19426401073389124,0.09712852496606621,0.10000000149011612
SSI,BAD,UCB_WITHOUT_COST_NETWORK,UCB-VAE without Cost Network,46,24,test,0.1,0.05,1.0,53928,-110.48078999999973,-11.048078999999973,-5.7046311218589825,10.254470278083808,-0.7212129474872296,25.82731022676421,0,0.09839357429718876,False,False,False,418,0,0.0,14.250789999999997,0.1611374781263638,0.2624745601451541,0.09813990818786117,0.10000000149011612
SSI,BAD,UCB_WITHOUT_COST_NETWORK,UCB-VAE without Cost Network,46,25,train,0.1,0.05,1.0,56175,1677.7217799999999,167.772178,11.573754887597953,12.720199536090085,0.7745920269829139,26.822390163914434,0,0.008455718736092568,False,False,False,2217,0,0.0,45.09821999999998,0.30946117052354327,0.1908186299317696,0.09689061356993339,0.10000000149011612
SSI,BAD,UCB_WITHOUT_COST_NETWORK,UCB-VAE without Cost Network,46,25,test,0.1,0.05,1.0,56175,-113.48513999999977,-11.348513999999978,-5.8645538959701256,10.544717030258665,-0.7146882619092148,25.82731022676421,0,0.09839357429718876,False,False,False,418,0,0.0,14.275139999999997,0.16524647871916773,0.2613248787371509,0.09813656054325633,0.10000000149011612
SSI,BAD,UCB_WITHOUT_COST_NETWORK,UCB-VAE without Cost Network,46,26,train,0.1,0.05,1.0,58422,-34.8412100000005,-3.48412100000005,-0.3935228994536022,13.652295775940054,-0.1073090781724975,59.52796459740034,3,0.0026702269692923898,False,False,False,2201,0,0.0,38.491210000000024,0.38798444757294775,0.2001008946012538,0.0967687837408455,0.10000000149011612
SSI,BAD,UCB_WITHOUT_COST_NETWORK,UCB-VAE without Cost Network,46,26,test,0.1,0.05,1.0,58422,-134.27917999999931,-13.42791799999993,-6.978913722369651,10.820653408438806,-0.8047066728667344,27.996277680407278,0,0.10040160642570281,False,False,False,417,0,0.0,14.209179999999996,0.17042714833035716,0.26072674196767043,0.09812787699493757,0.10000000149011612
SSI,BAD,UCB_WITHOUT_COST_NETWORK,UCB-VAE without Cost Network,46,27,train,0.1,0.05,1.0,60669,1479.996549999999,147.9996549999999,10.626180091577186,12.34254068729179,0.7248345232909833,27.36649990599674,0,0.008900756564307966,False,False,False,2216,0,0.0,44.85344999999996,0.31032319825462146,0.18813288738535786,0.09682627516560277,0.10000000149011612
SSI,BAD,UCB_WITHOUT_COST_NETWORK,UCB-VAE without Cost Network,46,27,test,0.1,0.05,1.0,60669,-130.8895899999992,-13.08895899999992,-6.7963617466953,10.885371583843288,-0.7811203998027019,27.996277680407278,0,0.10642570281124498,False,False,False,414,0,0.0,14.069589999999996,0.17277251899319415,0.2595820122334852,0.09812320873560197,0.10000000149011612
SSI,BAD,UCB_WITHOUT_COST_NETWORK,UCB-VAE without Cost Network,46,28,train,0.1,0.05,1.0,62916,1316.0210399999992,131.6021039999999,9.787956780007057,11.988699171408367,0.6786729630749804,29.0633040837254,0,0.0035603026257231864,False,False,False,2211,0,0.0,44.57895999999998,0.30942899520787526,0.18696777929079814,0.09678726754101435,0.10000000149011612
SSI,BAD,UCB_WITHOUT_COST_NETWORK,UCB-VAE without Cost Network,46,28,test,0.1,0.05,1.0,62916,-131.04966999999908,-13.10496699999991,-6.804975129824953,10.885284550227741,-0.7819836084596947,27.996277680407278,0,0.10642570281124498,False,False,False,414,0,0.0,14.069669999999997,0.17254238182226694,0.25840295363501853,0.09811779930534786,0.10000000149011612
SSI,BAD,UCB_WITHOUT_COST_NETWORK,UCB-VAE without Cost Network,46,29,train,0.1,0.05,1.0,65163,1566.182829999998,156.6182829999998,11.04718341628821,12.58515159645906,0.743703814469319,29.187850346655292,0,0.004450378282153983,False,False,False,2208,0,0.0,44.48717,0.31974841592329667,0.18588272159530367,0.09675505912329968,0.10000000149011612
SSI,BAD,UCB_WITHOUT_COST_NETWORK,UCB-VAE without Cost Network,46,29,test,0.1,0.05,1.0,65163,-131.04966999999908,-13.10496699999991,-6.804975129824953,10.885284550227741,-0.7819836084596947,27.996277680407278,0,0.10642570281124498,False,False,False,414,0,0.0,14.069669999999997,0.17254238182226694,0.25735806479272116,0.09811214115926278,0.10000000149011612
SSI,BAD,UCB_WITHOUT_COST_NETWORK,UCB-VAE without Cost Network,46,30,train,0.1,0.05,1.0,67410,1409.8264499999996,140.98264499999996,10.273696645219687,12.269236282224853,0.7022096937300624,29.21345124296294,0,0.004450378282153983,False,False,False,2210,0,0.0,45.06354999999997,0.31485731999483274,0.18563344965232548,0.09677732547294236,0.10000000149011612
SSI,BAD,UCB_WITHOUT_COST_NETWORK,UCB-VAE without Cost Network,46,30,test,0.1,0.05,1.0,67410,-131.04966999999908,-13.10496699999991,-6.804975129824953,10.885284550227741,-0.7819836084596947,27.996277680407278,0,0.10642570281124498,False,False,False,414,0,0.0,14.069669999999997,0.17254238182226694,0.25633612646156523,0.09810593619387747,0.10000000149011612
SSI,BAD,UCB_WITHOUT_COST_NETWORK,UCB-VAE without Cost Network,46,31,train,0.1,0.05,1.0,69657,33.87700000000018,3.387700000000018,0.3711161876276403,14.489394647724344,-0.039730532098142694,61.27618315638055,5,0.003115264797507788,False,False,False,2198,0,0.0,38.60300000000004,0.406037646304462,0.1960168990808484,0.09675290014296523,0.10000000149011612
SSI,BAD,UCB_WITHOUT_COST_NETWORK,UCB-VAE without Cost Network,46,31,test,0.1,0.05,1.0,69657,-131.04966999999908,-13.10496699999991,-6.804975129824953,10.885284550227741,-0.7819836084596947,27.996277680407278,0,0.10642570281124498,False,False,False,414,0,0.0,14.069669999999997,0.17254238182226694,0.25550041751689223,0.09809939765655981,0.10000000149011612
SSI,BAD,UCB_WITHOUT_COST_NETWORK,UCB-VAE without Cost Network,46,32,train,0.1,0.05,1.0,71904,29.46887000000038,2.946887000000038,0.32344307996416966,14.472784965011032,-0.04325147652051973,61.23463635044376,5,0.0026702269692923898,False,False,False,2191,0,0.0,38.50113000000004,0.4061746886754572,0.19503595221093034,0.0967421182301475,0.10000000149011612
SSI,BAD,UCB_WITHOUT_COST_NETWORK,UCB-VAE without Cost Network,46,32,test,0.1,0.05,1.0,71904,-131.04966999999908,-13.10496699999991,-6.804975129824953,10.885284550227741,-0.7819836084596947,27.996277680407278,0,0.10642570281124498,False,False,False,414,0,0.0,14.069669999999997,0.17254238182226694,0.2549459069488518,0.09809241521669679,0.10000000149011612
SSI,BAD,UCB_WITHOUT_COST_NETWORK,UCB-VAE without Cost Network,46,33,train,0.1,0.05,1.0,74151,1666.9692499999983,166.69692499999982,11.523850538326762,13.185361003522411,0.7484585709400999,30.48041492713594,0,0.005785491766800178,False,False,False,2211,0,0.0,46.06074999999998,0.33080901648877153,0.1840006626800903,0.09678510010873065,0.10000000149011612
SSI,BAD,UCB_WITHOUT_COST_NETWORK,UCB-VAE without Cost Network,46,33,test,0.1,0.05,1.0,74151,-130.60966999999926,-13.060966999999927,-6.7813020632244925,10.884185186432754,-0.7797207666665613,27.996277680407278,0,0.10642570281124498,False,False,False,414,0,0.0,14.069669999999997,0.17244214399909144,0.2542610844993687,0.09808540165250255,0.10000000149011612
SSI,BAD,UCB_WITHOUT_COST_NETWORK,UCB-VAE without Cost Network,46,34,train,0.1,0.05,1.0,76398,1642.765099999997,164.2765099999997,11.410857275102337,13.15432179256961,0.7421267855217434,29.102584975930736,0,0.0026702269692923898,False,False,False,2216,0,0.0,47.83489999999999,0.3140584629025003,0.18486294357589367,0.09693344715311529,0.10000000149011612
SSI,BAD,UCB_WITHOUT_COST_NETWORK,UCB-VAE without Cost Network,46,34,test,0.1,0.05,1.0,76398,-130.60966999999926,-13.060966999999927,-6.7813020632244925,10.884185186432754,-0.7797207666665613,27.996277680407278,0,0.10642570281124498,False,False,False,414,0,0.0,14.069669999999997,0.17244214399909144,0.25337741592801716,0.09807820668476,0.10000000149011612
SSI,BAD,UCB_WITHOUT_COST_NETWORK,UCB-VAE without Cost Network,46,35,train,0.1,0.05,1.0,78645,1644.553669999998,164.4553669999998,11.419238339179882,12.912897317358723,0.7541648485019429,28.553630645630157,0,0.009345794392523364,False,False,False,2213,0,0.0,48.19632999999997,0.3087368434560973,0.18346099660105583,0.09692420826768704,0.10000000149011612
SSI,BAD,UCB_WITHOUT_COST_NETWORK,UCB-VAE without Cost Network,46,35,test,0.1,0.05,1.0,78645,-130.60966999999926,-13.060966999999927,-6.7813020632244925,10.884185186432754,-0.7797207666665613,27.996277680407278,0,0.10642570281124498,False,False,False,414,0,0.0,14.069669999999997,0.17244214399909144,0.2524039488300741,0.09807039003828748,0.10000000149011612
SSI,BAD,UCB_WITHOUT_COST_NETWORK,UCB-VAE without Cost Network,46,36,train,0.1,0.05,1.0,80892,1653.6646600000004,165.36646600000006,11.46185350859039,13.113419932061692,0.7475514905759144,28.103206230433326,0,0.004895416110369382,False,False,False,2213,0,0.0,47.795339999999975,0.30957377374897443,0.18342348048401294,0.0969455946714172,0.10000000149011612
SSI,BAD,UCB_WITHOUT_COST_NETWORK,UCB-VAE without Cost Network,46,36,test,0.1,0.05,1.0,80892,-144.67060999999933,-14.467060999999934,-7.54079213406631,10.905683236942268,-0.8536014404904053,27.996277680407278,0,0.10642570281124498,False,False,False,414,0,0.0,14.010609999999991,0.17206812427613458,0.25171444597971965,0.09806353592440654,0.10000000149011612
SSI,BAD,UCB_WITHOUT_COST_NETWORK,UCB-VAE without Cost Network,46,37,train,0.1,0.05,1.0,83139,1661.6057699999983,166.16057699999982,11.498890817334662,13.109216421523262,0.7503076259959546,29.003666033968855,0,0.0075656430796617715,False,False,False,2217,0,0.0,48.20422999999997,0.3148434994451023,0.18204976117274047,0.09690598737411227,0.10000000149011612
SSI,BAD,UCB_WITHOUT_COST_NETWORK,UCB-VAE without Cost Network,46,37,test,0.1,0.05,1.0,83139,-141.93190999999922,-14.193190999999922,-7.392378416145695,10.886064475716363,-0.8404817621164477,27.996277680407278,0,0.1144578313253012,False,False,False,410,0,0.0,13.951909999999993,0.17139073502969782,0.25098960481613997,0.09805623477024943,0.10000000149011612
SSI,BAD,UCB_WITHOUT_COST_NETWORK,UCB-VAE without Cost Network,46,38,train,0.1,0.05,1.0,85386,1651.5388999999982,165.15388999999982,11.451922257547453,13.375725041589071,0.7348171739960161,29.048025080065017,0,0.005785491766800178,False,False,False,2212,0,0.0,47.761099999999956,0.32533634537311806,0.18147697950608474,0.09688936520807806,0.10000000149011612
SSI,BAD,UCB_WITHOUT_COST_NETWORK,UCB-VAE without Cost Network,46,38,test,0.1,0.05,1.0,85386,-142.21162999999922,-14.221162999999923,-7.407525974009166,10.888235731684425,-0.8418073511689695,27.996277680407278,0,0.1144578313253012,False,False,False,410,0,0.0,13.951629999999994,0.17173607767515325,0.25028316129043876,0.09804882165064947,0.10000000149011612
SSI,BAD,UCB_WITHOUT_COST_NETWORK,UCB-VAE without Cost Network,46,39,train,0.1,0.05,1.0,87633,1657.7036299999982,165.7703629999998,11.480703541916215,13.414182812518563,0.7350380062154325,28.951219503840758,0,0.00801068090787717,False,False,False,2211,0,0.0,47.98636999999996,0.3255769283430527,0.18085123145970228,0.0968912846744169,0.10000000149011612
SSI,BAD,UCB_WITHOUT_COST_NETWORK,UCB-VAE without Cost Network,46,39,test,0.1,0.05,1.0,87633,-145.5283099999989,-14.552830999999887,-7.587320689589683,10.947496918262788,-0.8545612217236153,28.3269719478299,0,0.1144578313253012,False,False,False,410,0,0.0,13.948309999999994,0.17348772015703853,0.24956459402439585,0.09804149882751645,0.10000000149011612
SSI,BAD,UCB_WITHOUT_COST_NETWORK,UCB-VAE without Cost Network,46,40,train,0.1,0.05,1.0,89880,1492.1999499999988,149.21999499999987,10.686574220021638,15.161678078136779,0.6193102751076038,42.767846067726445,3,0.008455718736092568,False,False,False,2198,0,0.0,45.950050000000005,0.3673544799073629,0.17652974279392653,0.09650855437484804,0.10000000149011612
SSI,BAD,UCB_WITHOUT_COST_NETWORK,UCB-VAE without Cost Network,46,40,test,0.1,0.05,1.0,89880,-145.67827999999884,-14.567827999999883,-7.595458660104304,10.947876306560964,-0.8553388416754538,28.3269719478299,0,0.1144578313253012,False,False,False,410,0,0.0,13.948279999999995,0.17389763082483442,0.2487476389391355,0.09803384594692718,0.10000000149011612
SSI,BAD,UCB_WITHOUT_COST_NETWORK,UCB-VAE without Cost Network,46,41,train,0.1,0.05,1.0,92127,2461.539270000002,246.1539270000002,14.80474737656985,16.790429070075618,0.7941096026799414,39.54838386971046,5,0.0017801513128615932,False,False,False,2234,0,0.0,51.77073000000007,0.352674510742506,0.18255633845905436,0.09714507341605538,0.10000000149011612
SSI,BAD,UCB_WITHOUT_COST_NETWORK,UCB-VAE without Cost Network,46,41,test,0.1,0.05,1.0,92127,-142.866339999999,-14.286633999999902,-7.442989830639801,10.931738852563802,-0.8415575750836423,28.3269719478299,0,0.11847389558232932,False,False,False,408,0,0.0,13.916339999999995,0.17313686180655408,0.24799974026330504,0.09802646672624486,0.10000000149011612
SSI,BAD,UCB_WITHOUT_COST_NETWORK,UCB-VAE without Cost Network,46,42,train,0.1,0.05,1.0,94374,2296.483070000001,229.64830700000013,14.182784854290386,16.652766789112277,0.7663823555193884,40.50239951272941,6,0.0008900756564307966,False,False,False,2230,0,0.0,51.386930000000014,0.33389462582862117,0.1797653840524014,0.09713798437867248,0.10000000149011612
SSI,BAD,UCB_WITHOUT_COST_NETWORK,UCB-VAE without Cost Network,46,42,test,0.1,0.05,1.0,94374,-140.11909999999932,-14.011909999999933,-7.294269675447829,11.007132372410092,-0.8203409147072688,28.3269719478299,0,0.09036144578313253,False,False,False,406,0,0.0,13.869099999999998,0.17465779952274504,0.2473711890867915,0.09801739276913493,0.10000000149011612
SSI,BAD,UCB_WITHOUT_COST_NETWORK,UCB-VAE without Cost Network,46,43,train,0.1,0.05,1.0,96621,3187.336010000001,318.7336010000001,17.26044364646735,17.5073057363211,0.8906059219935024,37.59242765909509,7,0.0017801513128615932,False,False,False,2238,0,0.0,53.23399000000011,0.3419502534540791,0.1831140333830541,0.09735501204999504,0.10000000149011612
SSI,BAD,UCB_WITHOUT_COST_NETWORK,UCB-VAE without Cost Network,46,43,test,0.1,0.05,1.0,96621,-135.0485299999998,-13.504852999999981,-7.0203979048663046,10.588343593776257,-0.8290525312850408,28.3269719478299,0,0.08835341365461848,False,False,False,403,0,0.0,13.898529999999996,0.1650682354716737,0.24686584313471155,0.09800671998652154,0.10000000149011612
SSI,BAD,UCB_WITHOUT_COST_NETWORK,UCB-VAE without Cost Network,46,44,train,0.1,0.05,1.0,98868,2460.7237000000027,246.07237000000026,14.801739554407266,16.896869375064256,0.7900265678464382,39.870250220283786,5,0.0008900756564307966,False,False,False,2232,0,0.0,52.1763000000001,0.34062628827848906,0.1801114168911708,0.09720289731720685,0.10000000149011612
SSI,BAD,UCB_WITHOUT_COST_NETWORK,UCB-VAE without Cost Network,46,44,test,0.1,0.05,1.0,98868,-130.70452999999964,-13.070452999999963,-6.786405256291528,10.639689307581286,-0.8007180960565755,28.247286582185875,0,0.08835341365461848,False,False,False,403,0,0.0,13.924529999999995,0.16338997167788155,0.24648258057105016,0.09799775707543266,0.10000000149011612
SSI,BAD,UCB_WITHOUT_COST_NETWORK,UCB-VAE without Cost Network,46,45,train,0.1,0.05,1.0,101115,2703.2056800000005,270.32056800000004,15.669427386165435,17.184265760570124,0.8238809596815871,39.90963581570763,5,0.0008900756564307966,False,False,False,2229,0,0.0,52.51432000000017,0.34199088383003534,0.18038404006950315,0.09727331175547123,0.10000000149011612
SSI,BAD,UCB_WITHOUT_COST_NETWORK,UCB-VAE without Cost Network,46,45,test,0.1,0.05,1.0,101115,-130.70452999999964,-13.070452999999963,-6.786405256291528,10.639689307581286,-0.8007180960565755,28.247286582185875,0,0.08835341365461848,False,False,False,403,0,0.0,13.924529999999995,0.16338997167788155,0.2459038280578981,0.09798821597045554,0.10000000149011612
SSI,BAD,UCB_WITHOUT_COST_NETWORK,UCB-VAE without Cost Network,47,1,train,1.0,1.0,1.0,2247,651.6417300000007,65.16417300000008,5.7376017932211365,14.91185335728217,0.31779664238758965,52.275930404263185,3,0.0017801513128615932,False,False,False,2148,0,0.0,62.428269999999934,0.3467909149218221,0.29226967563059364,0.9799325797445648,1.0
SSI,BAD,UCB_WITHOUT_COST_NETWORK,UCB-VAE without Cost Network,47,1,test,1.0,1.0,1.0,2247,43.650429999999915,4.365042999999991,2.166705176638062,38.091605257976155,0.19484570879978222,53.22849433085114,19,0.01606425702811245,False,False,False,392,0,0.0,21.349569999999993,0.7511449178477337,0.3830125385139841,0.9841277926627108,1.0
SSI,BAD,UCB_WITHOUT_COST_NETWORK,UCB-VAE without Cost Network,47,2,train,0.9045834549972122,0.8,1.0,4494,425.5407800000012,42.55407800000012,4.020890629625429,13.54512005159194,0.21364389751074744,51.64879592521149,2,0.0022251891410769915,False,False,False,2132,0,0.0,60.99921999999996,0.32471722902843964,0.28769791677998713,0.8864977997319812,0.9045834541320801
SSI,BAD,UCB_WITHOUT_COST_NETWORK,UCB-VAE without Cost Network,47,2,test,0.9045834549972122,0.8,1.0,4494,93.5138199999999,9.35138199999999,4.587263661163532,37.7596896711382,0.25570839071028484,52.647257682359225,18,0.018072289156626505,False,False,False,386,0,0.0,20.826179999999994,0.736657838730293,0.37569941502498333,0.8900796617304769,0.9045834541320801
SSI,BAD,UCB_WITHOUT_COST_NETWORK,UCB-VAE without Cost Network,47,3,train,0.8182712270546932,0.6400000000000001,1.0,6741,368.5508500000001,36.85508500000001,3.550088460580536,13.403710197240343,0.18034502233209443,51.158979126046525,2,0.03471295060080107,False,False,False,2132,0,0.0,60.71914999999997,0.3238170354542654,0.28147011688936535,0.8018260359590472,0.8182712197303772
SSI,BAD,UCB_WITHOUT_COST_NETWORK,UCB-VAE without Cost Network,47,3,test,0.8182712270546932,0.6400000000000001,1.0,6741,62.33195999999998,6.233195999999998,3.080190709112629,37.38451958853487,0.2155200610710719,51.09027430571729,19,0.020080321285140562,False,False,False,379,0,0.0,19.71803999999998,0.7166977482081527,0.3727075977318258,0.8051624458912908,0.8182712197303772
SSI,BAD,UCB_WITHOUT_COST_NETWORK,UCB-VAE without Cost Network,47,4,train,0.7401946136939427,0.5120000000000001,1.0,8988,367.8967600000012,36.78967600000012,3.5445845146563792,13.293538199981322,0.18030448176788286,51.021004627257206,1,0.03515798842901647,False,False,False,2131,0,0.0,60.40323999999995,0.3207805254226139,0.27620256756829004,0.725243948913968,0.7401946187019348
SSI,BAD,UCB_WITHOUT_COST_NETWORK,UCB-VAE without Cost Network,47,4,test,0.7401946136939427,0.5120000000000001,1.0,8988,45.4245699999999,4.54245699999999,2.2538049945351357,36.84389053721244,0.1912193845332748,51.24471000926162,19,0.020080321285140562,False,False,False,379,0,0.0,19.515429999999984,0.7014294457478212,0.370101089548155,0.7283850331056636,0.7401946187019348
SSI,BAD,UCB_WITHOUT_COST_NETWORK,UCB-VAE without Cost Network,47,5,train,0.6695678010255933,0.4096000000000001,1.0,11235,301.6512999999993,30.16512999999993,2.974654132608978,12.973985523793374,0.1385872058140401,49.130487633220575,1,0.035603026257231864,False,False,False,2124,0,0.0,59.468699999999956,0.31402206298889074,0.27000787768978834,0.6559331428658862,0.6695678234100342
SSI,BAD,UCB_WITHOUT_COST_NETWORK,UCB-VAE without Cost Network,47,5,test,0.6695678010255933,0.4096000000000001,1.0,11235,39.205090000000155,3.9205090000000156,1.9481406031675919,36.839411509634886,0.18297616882267226,51.558057911534426,18,0.024096385542168676,False,False,False,372,0,0.0,19.08490999999998,0.7090526236689362,0.3671016731116188,0.6589273429234649,0.6695678234100342
SSI,BAD,UCB_WITHOUT_COST_NETWORK,UCB-VAE without Cost Network,47,6,train,0.6056799548066172,0.3276800000000001,1.0,13482,991.6271499999991,99.1627149999999,7.961300726740461,16.37600340192098,0.431479945377983,49.0790474334253,6,0.0258121940364931,False,False,False,2147,0,0.0,61.40284999999995,0.3578311292371017,0.26602845689390414,0.5933933536052491,0.6056799292564392
SSI,BAD,UCB_WITHOUT_COST_NETWORK,UCB-VAE without Cost Network,47,6,test,0.6056799548066172,0.3276800000000001,1.0,13482,1.276220000000194,0.12762200000001941,0.06400978516887257,37.01612536947981,0.1331016455162609,52.48529121228545,19,0.02208835341365462,False,False,False,368,0,0.0,18.69377999999999,0.7072237359880053,0.36425598818494614,0.5960660991158613,0.6056799292564392
SSI,BAD,UCB_WITHOUT_COST_NETWORK,UCB-VAE without Cost Network,47,7,train,0.547888066141525,0.2621440000000001,1.0,15729,329.7582699999987,32.97582699999987,3.2195453373893956,12.859059843029835,0.15730672397868295,49.044896645628036,1,0.03515798842901647,False,False,False,2125,0,0.0,59.23172999999994,0.317029368706711,0.26180183042286764,0.536632236137443,0.5478880405426025
SSI,BAD,UCB_WITHOUT_COST_NETWORK,UCB-VAE without Cost Network,47,7,test,0.547888066141525,0.2621440000000001,1.0,15729,-21.40892000000008,-2.140892000000008,-1.079913277196054,37.00143240521817,0.10178121338374692,52.48529121228545,19,0.02208835341365462,False,False,False,366,0,0.0,18.518919999999984,0.708806839473685,0.36219195599656506,0.5392044475910741,0.5478880405426025
SSI,BAD,UCB_WITHOUT_COST_NETWORK,UCB-VAE without Cost Network,47,8,train,0.49561047982204176,0.20971520000000007,1.0,17976,335.80219999999804,33.580219999999805,3.271603389354727,12.97727097844853,0.16099634945390023,49.82455612999742,1,0.0026702269692923898,False,False,False,2124,0,0.0,58.97779999999995,0.31972676843197406,0.25829048719029984,0.485377028272796,0.49561047554016113
SSI,BAD,UCB_WITHOUT_COST_NETWORK,UCB-VAE without Cost Network,47,8,test,0.49561047982204176,0.20971520000000007,1.0,17976,14.949119999999994,1.4949119999999994,0.7472500567393681,36.58043755220734,0.14908809830876993,51.24471000926162,19,0.024096385542168676,False,False,False,367,0,0.0,18.570879999999985,0.7053581873434904,0.3590007065589648,0.48773423446034286,0.49561047554016113
SSI,BAD,UCB_WITHOUT_COST_NETWORK,UCB-VAE without Cost Network,47,9,train,0.4483210401702486,0.1677721600000001,1.0,20223,346.5065199999974,34.650651999999745,3.363291096563681,12.705942863838269,0.1687119420907993,48.177292711385704,1,0.03471295060080107,False,False,False,2125,0,0.0,59.03347999999994,0.31472106059277,0.2551856244179372,0.43896156183631646,0.44832104444503784
SSI,BAD,UCB_WITHOUT_COST_NETWORK,UCB-VAE without Cost Network,47,9,test,0.4483210401702486,0.1677721600000001,1.0,20223,22.86476000000016,2.286476000000016,1.1407026410068521,37.04695096899731,0.1623749185744579,51.68380348218973,19,0.024096385542168676,False,False,False,366,0,0.0,18.515239999999984,0.7106448718226862,0.3564482005126026,0.44120199502863644,0.44832104444503784
SSI,BAD,UCB_WITHOUT_COST_NETWORK,UCB-VAE without Cost Network,47,10,train,0.4055437954651474,0.13421772800000006,1.0,22470,331.6443999999999,33.16443999999999,3.2358136353269673,12.638668669777312,0.15908037000879102,48.37383863412927,1,0.03515798842901647,False,False,False,2125,0,0.0,58.99559999999994,0.3135730862506032,0.25326647215556397,0.3970626827502572,0.40554380416870117
SSI,BAD,UCB_WITHOUT_COST_NETWORK,UCB-VAE without Cost Network,47,10,test,0.4055437954651474,0.13421772800000006,1.0,22470,1.238770000000386,0.12387700000003861,0.062132031088224515,36.46848636811065,0.12949850095164026,52.17127787200142,19,0.02208835341365462,False,False,False,362,0,0.0,18.26122999999998,0.6984852850654978,0.35413143239227163,0.39906455900665616,0.40554380416870117
SSI,BAD,UCB_WITHOUT_COST_NETWORK,UCB-VAE without Cost Network,47,11,train,0.3668482076545458,0.10737418240000006,1.0,24717,476.8755399999968,47.68755399999968,4.430865247225646,13.064772623772727,0.2469671440628384,49.59033075779491,1,0.04850912327547842,False,False,False,2137,0,0.0,60.92445999999992,0.32753758233273556,0.2519786284733307,0.3591206738305631,0.3668482005596161
SSI,BAD,UCB_WITHOUT_COST_NETWORK,UCB-VAE without Cost Network,47,11,test,0.3668482076545458,0.10737418240000006,1.0,24717,18.184690000000273,1.8184690000000274,0.908260502153424,35.998080742873206,0.1499989204844289,51.40397182854169,19,0.02610441767068273,False,False,False,362,0,0.0,18.305309999999988,0.6904617578585882,0.3519706161745102,0.3609437303207529,0.3668482005596161
SSI,BAD,UCB_WITHOUT_COST_NETWORK,UCB-VAE without Cost Network,47,12,train,0.3318448191396838,0.08589934592000005,1.0,26964,1023.0903199999971,102.3090319999997,8.149616990363672,16.38090363276807,0.4421037982784028,48.6685164031555,6,0.009345794392523364,False,False,False,2148,0,0.0,61.74967999999992,0.3684272683321343,0.24679605080569963,0.32478349256675626,0.3318448066711426
SSI,BAD,UCB_WITHOUT_COST_NETWORK,UCB-VAE without Cost Network,47,12,test,0.3318448191396838,0.08589934592000005,1.0,26964,66.85803000000033,6.685803000000033,3.300298199666729,35.94427283940952,0.21538203276187248,51.40397182854169,19,0.024096385542168676,False,False,False,361,0,0.0,18.431969999999986,0.6895868397347473,0.35032900045794174,0.3264979102253348,0.3318448066711426
SSI,BAD,UCB_WITHOUT_COST_NETWORK,UCB-VAE without Cost Network,47,13,train,0.3001813330203001,0.06871947673600004,1.0,29211,500.58325999999806,50.05832599999981,4.615941834554316,12.932415995021454,0.26197694888815004,48.61786132906011,1,0.023141967067200713,False,False,False,2140,0,0.0,60.95673999999993,0.3295808423039607,0.2477188174512103,0.29376061207105,0.3001813292503357
SSI,BAD,UCB_WITHOUT_COST_NETWORK,UCB-VAE without Cost Network,47,13,test,0.3001813330203001,0.06871947673600004,1.0,29211,66.85803000000033,6.685803000000033,3.300298199666729,35.94427283940952,0.21538203276187248,51.40397182854169,19,0.024096385542168676,False,False,False,361,0,0.0,18.431969999999986,0.6895868397347473,0.34910940136536056,0.2953377322760669,0.3001813292503357
SSI,BAD,UCB_WITHOUT_COST_NETWORK,UCB-VAE without Cost Network,47,14,train,0.27153906734917177,0.054975581388800036,1.0,31458,340.81600999999705,34.08160099999971,3.3146301027717318,12.780763619614854,0.164763917906486,48.08990334363047,1,0.030707610146862484,False,False,False,2131,0,0.0,59.953989999999926,0.3260690407789186,0.24384734688743678,0.26565134998793916,0.2715390622615814
SSI,BAD,UCB_WITHOUT_COST_NETWORK,UCB-VAE without Cost Network,47,14,test,0.27153906734917177,0.054975581388800036,1.0,31458,66.85803000000033,6.685803000000033,3.300298199666729,35.94427283940952,0.21538203276187248,51.40397182854169,19,0.024096385542168676,False,False,False,361,0,0.0,18.431969999999986,0.6895868397347473,0.34780395644376555,0.26714865175661007,0.2715390622615814
SSI,BAD,UCB_WITHOUT_COST_NETWORK,UCB-VAE without Cost Network,47,15,train,0.24562974770943447,0.05,1.0,33705,360.2122799999977,36.021227999999766,3.479746436313458,12.730145454205807,0.17756114038311532,49.01310473835849,1,0.02892745883400089,False,False,False,2132,0,0.0,59.84771999999993,0.32664615500666105,0.2430905255612979,0.24027602676290588,0.24562974274158478
SSI,BAD,UCB_WITHOUT_COST_NETWORK,UCB-VAE without Cost Network,47,15,test,0.24562974770943447,0.05,1.0,33705,60.61259000000018,6.061259000000018,2.9964535189291874,36.15021191313082,0.20801250319162828,51.40397182854169,19,0.024096385542168676,False,False,False,359,0,0.0,18.137409999999992,0.6957576770689669,0.347195301698633,0.24166264906716026,0.24562974274158478
SSI,BAD,UCB_WITHOUT_COST_NETWORK,UCB-VAE without Cost Network,47,16,train,0.2221926058330938,0.05,1.0,35952,545.2827399999987,54.528273999999875,4.957932668598342,12.96539368492337,0.28702667227835543,48.94933621184625,1,0.004895416110369382,False,False,False,2145,0,0.0,61.01725999999991,0.331028842908008,0.24172198103303957,0.2172855346980168,0.22219260036945343
SSI,BAD,UCB_WITHOUT_COST_NETWORK,UCB-VAE without Cost Network,47,16,test,0.2221926058330938,0.05,1.0,35952,33.35752000000025,3.335752000000025,1.6599217081693318,35.95730905317098,0.17057940426028642,51.40397182854169,19,0.02610441767068273,False,False,False,358,0,0.0,17.97247999999999,0.6883025843556582,0.34643979624931115,0.21857896377273003,0.22219260036945343
SSI,BAD,UCB_WITHOUT_COST_NETWORK,UCB-VAE without Cost Network,47,17,train,0.20099175505933367,0.05,1.0,38199,1071.3853499999973,107.13853499999972,8.433672904054923,16.40154946348918,0.45789874962748456,49.13681699703091,6,0.0022251891410769915,False,False,False,2157,0,0.0,62.88464999999996,0.3755478421451259,0.23757666905800606,0.19649479232094563,0.20099174976348877
SSI,BAD,UCB_WITHOUT_COST_NETWORK,UCB-VAE without Cost Network,47,17,test,0.20099175505933367,0.05,1.0,38199,33.35752000000025,3.335752000000025,1.6599217081693318,35.95730905317098,0.17057940426028642,51.40397182854169,19,0.02610441767068273,False,False,False,358,0,0.0,17.97247999999999,0.6883025843556582,0.34537828040410234,0.19771424083868142,0.20099174976348877
SSI,BAD,UCB_WITHOUT_COST_NETWORK,UCB-VAE without Cost Network,47,18,train,0.18181381621752543,0.05,1.0,40446,460.64912000000027,46.06491200000002,4.3026638905374615,13.369095421002164,0.23509105506893438,49.800925465532394,1,0.02358700489541611,False,False,False,2151,0,0.0,62.53087999999993,0.3516075501553614,0.23495605451017154,0.17761971969087373,0.1818138211965561
SSI,BAD,UCB_WITHOUT_COST_NETWORK,UCB-VAE without Cost Network,47,18,test,0.18181381621752543,0.05,1.0,40446,42.32371000000012,4.232371000000012,2.1015228187422963,36.18790205134335,0.18389068448893595,51.40397182854169,18,0.024096385542168676,False,False,False,359,0,0.0,18.09628999999999,0.6945219294445925,0.3448097392258395,0.17885957139824027,0.1818138211965561
SSI,BAD,UCB_WITHOUT_COST_NETWORK,UCB-VAE without Cost Network,47,19,train,0.16446577004027732,0.05,1.0,42693,437.58259000000066,43.758259000000066,4.1182242307852945,13.441696317499567,0.221271260649204,49.57645822762255,1,0.02358700489541611,False,False,False,2151,0,0.0,62.38740999999995,0.3535959622903876,0.2337407283368883,0.1606524274553176,0.1644657701253891
SSI,BAD,UCB_WITHOUT_COST_NETWORK,UCB-VAE without Cost Network,47,19,test,0.16446577004027732,0.05,1.0,42693,40.89785000000029,4.089785000000029,2.0314235602019615,36.257298272205965,0.18232623621798352,51.40397182854169,18,0.024096385542168676,False,False,False,361,0,0.0,18.272149999999986,0.6956614565904742,0.3439252093494178,0.1617871165172207,0.1644657701253891
SSI,BAD,UCB_WITHOUT_COST_NETWORK,UCB-VAE without Cost Network,47,20,train,0.14877301449181102,0.05,1.0,44940,523.8566999999975,52.38566999999975,4.79511730079849,13.059921076876474,0.2739010656091118,48.56606134697528,1,0.010235870048954161,False,False,False,2170,0,0.0,64.06329999999987,0.3467509748291588,0.2328809233151068,0.1452997974937159,0.14877301454544067
SSI,BAD,UCB_WITHOUT_COST_NETWORK,UCB-VAE without Cost Network,47,20,test,0.14877301449181102,0.05,1.0,44940,91.67370000000005,9.167370000000005,4.498926852352847,36.27157455609438,0.24867755503965078,49.994356857783394,17,0.02610441767068273,False,False,False,362,0,0.0,18.376299999999997,0.6996487273677706,0.3410571078698798,0.1463351247518678,0.14877301454544067
SSI,BAD,UCB_WITHOUT_COST_NETWORK,UCB-VAE without Cost Network,47,21,train,0.13457760745935274,0.05,1.0,47187,503.9255799999976,50.39255799999975,4.641824628489255,13.080501932575004,0.26239504208524966,49.152453156706564,1,0.01824655095683133,False,False,False,2164,0,0.0,63.214419999999905,0.3474444278737638,0.23245830752011878,0.1314495533596844,0.13457760214805603
SSI,BAD,UCB_WITHOUT_COST_NETWORK,UCB-VAE without Cost Network,47,21,test,0.13457760745935274,0.05,1.0,47187,-19.999180000000024,-1.9999180000000023,-1.0084430248274212,36.881565769612585,0.10277983298414542,52.278021901685676,20,0.024096385542168676,False,False,False,358,0,0.0,18.27917999999999,0.7048609698634691,0.343569927127007,0.1323889803907087,0.13457760214805603
SSI,BAD,UCB_WITHOUT_COST_NETWORK,UCB-VAE without Cost Network,47,22,train,0.12173667712083987,0.05,1.0,49434,543.5896899999998,54.35896899999998,4.9451405197988185,12.973361669716535,0.28598062621652953,48.1871612465609,1,0.009790832220738763,False,False,False,2170,0,0.0,64.00030999999993,0.3446555787512367,0.23132254442918762,0.11888323641133963,0.12173667550086975
SSI,BAD,UCB_WITHOUT_COST_NETWORK,UCB-VAE without Cost Network,47,22,test,0.12173667712083987,0.05,1.0,49434,-44.06170999999995,-4.406170999999995,-2.235467872937902,36.58861546626984,0.06628506357841385,52.278021901685676,20,0.024096385542168676,False,False,False,362,0,0.0,18.621709999999986,0.6942080425996661,0.34201831852336484,0.11973981477127062,0.12173667550086975
SSI,BAD,UCB_WITHOUT_COST_NETWORK,UCB-VAE without Cost Network,47,23,train,0.11012098398984942,0.05,1.0,51681,546.6033799999973,54.66033799999973,4.967902360187892,12.950997891703404,0.2879411294409242,48.278769901308706,1,0.008455718736092568,False,False,False,2172,0,0.0,64.05661999999991,0.34579492656154476,0.2297735075533894,0.10753181331842643,0.1101209819316864
SSI,BAD,UCB_WITHOUT_COST_NETWORK,UCB-VAE without Cost Network,47,23,test,0.11012098398984942,0.05,1.0,51681,-32.70385999999962,-3.270385999999962,-1.6544004092080455,36.793369860203526,0.08418437321288423,52.278021901685676,20,0.024096385542168676,False,False,False,359,0,0.0,18.493859999999987,0.7010509427366176,0.3411699767153426,0.1083175182470378,0.1101209819316864
SSI,BAD,UCB_WITHOUT_COST_NETWORK,UCB-VAE without Cost Network,47,24,train,0.1,0.05,1.0,53928,494.26599000000147,49.42659900000015,4.5668808817243,13.326365938332685,0.25454802342662936,48.2782339266501,1,0.009345794392523364,False,False,False,2173,0,0.0,64.80400999999995,0.3773374251373586,0.22135210131068309,0.09747870748824719,0.10000000149011612
SSI,BAD,UCB_WITHOUT_COST_NETWORK,UCB-VAE without Cost Network,47,24,test,0.1,0.05,1.0,53928,-32.70385999999962,-3.270385999999962,-1.6544004092080455,36.793369860203526,0.08418437321288423,52.278021901685676,20,0.024096385542168676,False,False,False,359,0,0.0,18.493859999999987,0.7010509427366176,0.34014362629398287,0.09835622141252646,0.10000000149011612
SSI,BAD,UCB_WITHOUT_COST_NETWORK,UCB-VAE without Cost Network,47,25,train,0.1,0.05,1.0,56175,488.1998000000001,48.81998000000001,4.519596041595819,13.335616981063195,0.25104414387642576,48.39157981613088,1,0.009345794392523364,False,False,False,2173,0,0.0,64.82019999999994,0.377852457526676,0.22011715316631872,0.0974659528891506,0.10000000149011612
SSI,BAD,UCB_WITHOUT_COST_NETWORK,UCB-VAE without Cost Network,47,25,test,0.1,0.05,1.0,56175,-27.481079999999793,-2.7481079999999793,-1.3883444324980343,36.677494312494765,0.09053951923178995,52.309102891518855,20,0.024096385542168676,False,False,False,352,0,0.0,18.10108,0.7028143474425838,0.33807495682234745,0.098342261080946,0.10000000149011612
SSI,BAD,UCB_WITHOUT_COST_NETWORK,UCB-VAE without Cost Network,47,26,train,0.1,0.05,1.0,58422,629.2913799999992,62.92913799999992,5.5775431755012095,13.123656794873723,0.33036714503438613,47.52292149858832,1,0.008900756564307966,False,False,False,2180,0,0.0,65.14861999999994,0.3547935484970154,0.22517705483599987,0.09755014561856117,0.10000000149011612
SSI,BAD,UCB_WITHOUT_COST_NETWORK,UCB-VAE without Cost Network,47,26,test,0.1,0.05,1.0,58422,47.927740000000085,4.7927740000000085,2.376570716180093,36.40236750324451,0.19220845364452918,51.69756304837061,18,0.024096385542168676,False,False,False,355,0,0.0,18.23225999999999,0.706181929354933,0.33646846152692433,0.09833335721006399,0.10000000149011612
SSI,BAD,UCB_WITHOUT_COST_NETWORK,UCB-VAE without Cost Network,47,27,train,0.1,0.05,1.0,60669,533.010789999998,53.301078999999795,4.864926132368774,12.87870961733025,0.2811519047952476,47.01468704056252,1,0.012461059190031152,False,False,False,2179,0,0.0,64.81920999999993,0.34688478149132634,0.22344440159118065,0.09754297500158604,0.10000000149011612
SSI,BAD,UCB_WITHOUT_COST_NETWORK,UCB-VAE without Cost Network,47,27,test,0.1,0.05,1.0,60669,47.927740000000085,4.7927740000000085,2.376570716180093,36.40236750324451,0.19220845364452918,51.69756304837061,18,0.024096385542168676,False,False,False,355,0,0.0,18.23225999999999,0.706181929354933,0.33535368109204206,0.09832484570378455,0.10000000149011612
SSI,BAD,UCB_WITHOUT_COST_NETWORK,UCB-VAE without Cost Network,47,28,train,0.1,0.05,1.0,62916,651.9432099999976,65.19432099999976,5.739747605565215,13.187777065722766,0.3411459767030241,47.76262396767787,1,0.006675567423230975,False,False,False,2187,0,0.0,65.64678999999991,0.35556046606595487,0.22320528302555567,0.097539590090717,0.10000000149011612
SSI,BAD,UCB_WITHOUT_COST_NETWORK,UCB-VAE without Cost Network,47,28,test,0.1,0.05,1.0,62916,0.5554700000004686,0.055547000000046864,0.027865020308781574,36.12362391319649,0.12615898739592007,51.69756304837061,18,0.024096385542168676,False,False,False,359,0,0.0,18.564529999999987,0.6980530967726357,0.33439259192191934,0.09830469242866652,0.10000000149011612
SSI,BAD,UCB_WITHOUT_COST_NETWORK,UCB-VAE without Cost Network,47,29,train,0.1,0.05,1.0,65163,534.5634399999976,53.45634399999977,4.876729829753534,12.935102446889719,0.2813859659777585,47.19866590239028,1,0.01335113484646195,False,False,False,2178,0,0.0,64.85655999999993,0.3524453480728573,0.219170011238464,0.09747247083442141,0.10000000149011612
SSI,BAD,UCB_WITHOUT_COST_NETWORK,UCB-VAE without Cost Network,47,29,test,0.1,0.05,1.0,65163,88.92750000000046,8.892750000000046,4.366954658461308,35.952872735913346,0.24412137172489629,49.05665504988768,16,0.02610441767068273,False,False,False,358,0,0.0,18.2525,0.6958370726529461,0.3310230358776797,0.09829389450540504,0.10000000149011612
SSI,BAD,UCB_WITHOUT_COST_NETWORK,UCB-VAE without Cost Network,47,30,train,0.1,0.05,1.0,67410,534.576119999997,53.4576119999997,4.8768261830992365,12.767151609344433,0.2834104793703631,46.829523178116325,1,0.01335113484646195,False,False,False,2178,0,0.0,64.8238799999999,0.34592612693580566,0.2188220698540615,0.09747594803398074,0.10000000149011612
SSI,BAD,UCB_WITHOUT_COST_NETWORK,UCB-VAE without Cost Network,47,30,test,0.1,0.05,1.0,67410,88.92750000000046,8.892750000000046,4.366954658461308,35.952872735913346,0.24412137172489629,49.05665504988768,16,0.02610441767068273,False,False,False,358,0,0.0,18.2525,0.6958370726529461,0.3300302006214498,0.09828442479570489,0.10000000149011612
SSI,BAD,UCB_WITHOUT_COST_NETWORK,UCB-VAE without Cost Network,47,31,train,0.1,0.05,1.0,69657,1235.7560099999978,123.57560099999978,9.358243623604023,16.530524426074795,0.5073903230330451,46.069309917800155,6,0.0022251891410769915,False,False,False,2192,0,0.0,67.3539899999999,0.418420780665363,0.2072857783292472,0.09726383840870875,0.10000000149011612
SSI,BAD,UCB_WITHOUT_COST_NETWORK,UCB-VAE without Cost Network,47,31,test,0.1,0.05,1.0,69657,89.70644000000038,8.97064400000004,4.40440445985415,35.96146122456783,0.24515586669199033,49.05665504988768,16,0.02610441767068273,False,False,False,358,0,0.0,18.253559999999997,0.695991292200483,0.3288613416583663,0.09827533204349213,0.10000000149011612
SSI,BAD,UCB_WITHOUT_COST_NETWORK,UCB-VAE without Cost Network,47,32,train,0.1,0.05,1.0,71904,1649.1563899999978,164.9156389999998,11.44078309278742,17.09125937626582,0.6076517391732634,47.207955608129566,6,0.0008900756564307966,False,False,False,2206,0,0.0,68.03360999999994,0.4017253889477917,0.21306093285149555,0.09739907279326682,0.10000000149011612
SSI,BAD,UCB_WITHOUT_COST_NETWORK,UCB-VAE without Cost Network,47,32,test,0.1,0.05,1.0,71904,91.84837000000039,9.184837000000039,4.507315246664834,35.9782966620193,0.247995353659557,49.05665504988768,16,0.02610441767068273,False,False,False,359,0,0.0,18.421629999999997,0.6950444121832021,0.32740247857020083,0.09827128233603641,0.10000000149011612
SSI,BAD,UCB_WITHOUT_COST_NETWORK,UCB-VAE without Cost Network,47,33,train,0.1,0.05,1.0,74151,1424.7954199999976,142.47954199999978,10.349648274008727,17.442237361046388,0.5419663792394065,47.58762280400054,6,0.0008900756564307966,False,False,False,2205,0,0.0,68.34457999999994,0.4330884126275325,0.20408198128992788,0.09724258763918567,0.10000000149011612
SSI,BAD,UCB_WITHOUT_COST_NETWORK,UCB-VAE without Cost Network,47,33,test,0.1,0.05,1.0,74151,79.06442000000015,7.906442000000015,3.891598821201292,35.96333554849283,0.2313641152930705,49.05665504988768,16,0.02610441767068273,False,False,False,352,0,0.0,17.86558,0.6990615288940834,0.32651880069310407,0.09826890871543525,0.10000000149011612
SSI,BAD,UCB_WITHOUT_COST_NETWORK,UCB-VAE without Cost Network,47,34,train,0.1,0.05,1.0,76398,1129.4675299999976,112.94675299999977,8.767598711427516,17.031362755036707,0.46530982614541383,46.20145105594484,6,0.0026702269692923898,False,False,False,2194,0,0.0,67.44246999999991,0.42582837491274217,0.2007771290052876,0.09719712055474128,0.10000000149011612
SSI,BAD,UCB_WITHOUT_COST_NETWORK,UCB-VAE without Cost Network,47,34,test,0.1,0.05,1.0,76398,68.74036000000024,6.874036000000023,3.3917008469279475,35.910355339611876,0.2176525191991853,49.05665504988768,16,0.02610441767068273,False,False,False,359,0,0.0,18.369639999999997,0.6923097917676294,0.32499121009824744,0.09825054321107572,0.10000000149011612
SSI,BAD,UCB_WITHOUT_COST_NETWORK,UCB-VAE without Cost Network,47,35,train,0.1,0.05,1.0,78645,1204.3133099999977,120.43133099999976,9.186163068527865,17.093694807513586,0.4869167702551917,45.98925257373367,6,0.0008900756564307966,False,False,False,2197,0,0.0,67.6766899999999,0.4226159372131171,0.19950596694753708,0.09717132132317288,0.10000000149011612
SSI,BAD,UCB_WITHOUT_COST_NETWORK,UCB-VAE without Cost Network,47,35,test,0.1,0.05,1.0,78645,86.26300000000015,8.626300000000015,4.238750056271212,36.038116556276805,0.24098012484685777,49.05665504988768,16,0.028112449799196786,False,False,False,354,0,0.0,18.046999999999997,0.6967058732703544,0.32353127867462167,0.0982437735085463,0.10000000149011612
SSI,BAD,UCB_WITHOUT_COST_NETWORK,UCB-VAE without Cost Network,47,36,train,0.1,0.05,1.0,80892,1153.0640599999983,115.30640599999984,8.900951604880758,16.78510617256144,0.4770343560724714,45.76753331419098,6,0.0017801513128615932,False,False,False,2193,0,0.0,67.51593999999994,0.4093089643667447,0.2002937638486392,0.09716547161060982,0.10000000149011612
SSI,BAD,UCB_WITHOUT_COST_NETWORK,UCB-VAE without Cost Network,47,36,test,0.1,0.05,1.0,80892,128.5990500000005,12.85990500000005,6.25761225932473,35.828608754477735,0.29416605781003413,47.06282802091967,14,0.02610441767068273,False,False,False,355,0,0.0,18.570949999999996,0.701764254798438,0.32112873112221796,0.09823609341524865,0.10000000149011612
SSI,BAD,UCB_WITHOUT_COST_NETWORK,UCB-VAE without Cost Network,47,37,train,0.1,0.05,1.0,83139,1186.313999999999,118.6313999999999,9.086671512233302,17.04827936740801,0.4823644262486806,46.13935413559753,6,0.0017801513128615932,False,False,False,2194,0,0.0,67.44599999999991,0.4204263007386427,0.19730019171170568,0.09712445729390247,0.10000000149011612
SSI,BAD,UCB_WITHOUT_COST_NETWORK,UCB-VAE without Cost Network,47,37,test,0.1,0.05,1.0,83139,95.50781000000075,9.550781000000075,4.6829035757539605,36.124423100731455,0.25298377397022026,46.61546827689006,14,0.030120481927710843,False,False,False,353,0,0.0,18.68219,0.7042371901775014,0.319125768769697,0.09822124275560795,0.10000000149011612
SSI,BAD,UCB_WITHOUT_COST_NETWORK,UCB-VAE without Cost Network,47,38,train,0.1,0.05,1.0,85386,1169.6807499999973,116.96807499999973,8.994081521434683,17.064015536370544,0.4770525226081309,45.939151515112115,7,0.0022251891410769915,False,False,False,2197,0,0.0,67.74924999999989,0.41546907577417075,0.19703423410229648,0.09709939021202248,0.10000000149011612
SSI,BAD,UCB_WITHOUT_COST_NETWORK,UCB-VAE without Cost Network,47,38,test,0.1,0.05,1.0,85386,110.03118000000063,11.003118000000063,5.376903089017193,36.098004636613055,0.2713357855202767,46.61546827689006,14,0.028112449799196786,False,False,False,356,0,0.0,18.908819999999984,0.7038867236854272,0.317533678977365,0.09821684533943004,0.10000000149011612
SSI,BAD,UCB_WITHOUT_COST_NETWORK,UCB-VAE without Cost Network,47,39,train,0.1,0.05,1.0,87633,1195.49172,119.549172,9.137492137204406,16.927006187897742,0.48733630999639616,45.52972983075031,6,0.0017801513128615932,False,False,False,2191,0,0.0,67.46827999999992,0.4170489104802474,0.1952280311297723,0.09704758600319899,0.10000000149011612
SSI,BAD,UCB_WITHOUT_COST_NETWORK,UCB-VAE without Cost Network,47,39,test,0.1,0.05,1.0,87633,96.66410000000019,9.666410000000019,4.738324241458169,35.70668847716031,0.2533303655176437,47.175816523852134,14,0.028112449799196786,False,False,False,354,0,0.0,18.675899999999988,0.700634355676735,0.3172672311943698,0.09819571705288198,0.10000000149011612
SSI,BAD,UCB_WITHOUT_COST_NETWORK,UCB-VAE without Cost Network,47,40,train,0.1,0.05,1.0,89880,1171.07928,117.10792799999999,9.001890771765474,16.967586045898926,0.47918698875418425,45.36935387473002,6,0.0013351134846461949,False,False,False,2187,0,0.0,67.18071999999991,0.42588780395450687,0.1923867812422471,0.096989738826406,0.10000000149011612
SSI,BAD,UCB_WITHOUT_COST_NETWORK,UCB-VAE without Cost Network,47,40,test,0.1,0.05,1.0,89880,96.66410000000019,9.666410000000019,4.738324241458169,35.70668847716031,0.2533303655176437,47.175816523852134,14,0.028112449799196786,False,False,False,354,0,0.0,18.675899999999988,0.700634355676735,0.31608123356199647,0.09818461342732068,0.10000000149011612
SSI,BAD,UCB_WITHOUT_COST_NETWORK,UCB-VAE without Cost Network,47,41,train,0.1,0.05,1.0,92127,1444.1963999999975,144.41963999999976,10.447469960192524,17.374111692537188,0.548531342848489,45.82728453942808,9,0.0013351134846461949,False,False,False,2191,0,0.0,67.3635999999999,0.42759993350208975,0.19147261024237633,0.09698642790649115,0.10000000149011612
SSI,BAD,UCB_WITHOUT_COST_NETWORK,UCB-VAE without Cost Network,47,41,test,0.1,0.05,1.0,92127,102.23859000000061,10.223859000000061,5.0051004072630745,36.2240088612248,0.26187864350359435,47.22238471098238,16,0.028112449799196786,False,False,False,354,0,0.0,18.651409999999988,0.7089666524111741,0.315260181106238,0.09818822093098518,0.10000000149011612
SSI,BAD,UCB_WITHOUT_COST_NETWORK,UCB-VAE without Cost Network,47,42,train,0.1,0.05,1.0,94374,1451.5857300000011,145.15857300000013,10.484546296409425,17.28856911617628,0.5523480946680259,45.32942090640906,9,0.0013351134846461949,False,False,False,2198,0,0.0,68.14426999999996,0.4239956691869794,0.19038936217586147,0.09695248823090993,0.10000000149011612
SSI,BAD,UCB_WITHOUT_COST_NETWORK,UCB-VAE without Cost Network,47,42,test,0.1,0.05,1.0,94374,76.7160800000006,7.67160800000006,3.778100733352585,36.06823729580101,0.22859553560494456,47.22238471098238,16,0.028112449799196786,False,False,False,354,0,0.0,18.543919999999993,0.7050808862401305,0.3138952353093998,0.09817252519624474,0.10000000149011612
SSI,BAD,UCB_WITHOUT_COST_NETWORK,UCB-VAE without Cost Network,47,43,train,0.1,0.05,1.0,96621,1450.04923,145.00492300000002,10.476845017353686,17.412169918369422,0.5492583190661883,45.44540997737626,9,0.0013351134846461949,False,False,False,2195,0,0.0,67.86076999999992,0.42765242619677296,0.18863523245176103,0.09692202998191768,0.10000000149011612
SSI,BAD,UCB_WITHOUT_COST_NETWORK,UCB-VAE without Cost Network,47,43,test,0.1,0.05,1.0,96621,72.03379000000064,7.203379000000064,3.551431293128249,35.78478327512119,0.22132278550362242,46.13653192917101,16,0.028112449799196786,False,False,False,354,0,0.0,18.716209999999986,0.701507515643648,0.31151801033551435,0.09815699136134219,0.10000000149011612
SSI,BAD,UCB_WITHOUT_COST_NETWORK,UCB-VAE without Cost Network,47,44,train,0.1,0.05,1.0,98868,1551.4377600000012,155.14377600000012,10.976056623303476,17.418157412099294,0.5752464822508221,45.01583961079496,9,0.0013351134846461949,False,False,False,2202,0,0.0,68.2822399999999,0.4242003397047536,0.18828917714188137,0.0968925928115295,0.10000000149011612
SSI,BAD,UCB_WITHOUT_COST_NETWORK,UCB-VAE without Cost Network,47,44,test,0.1,0.05,1.0,98868,103.58771000000024,10.358771000000026,5.069563603262983,35.60227418563934,0.26183165437330475,46.13653192917101,16,0.028112449799196786,False,False,False,356,0,0.0,18.86228999999999,0.6964568520845312,0.30946707480164415,0.09814302183282379,0.10000000149011612
SSI,BAD,UCB_WITHOUT_COST_NETWORK,UCB-VAE without Cost Network,47,45,train,0.1,0.05,1.0,101115,1473.6196499999983,147.36196499999983,10.594515922659298,17.403098392632472,0.555632779396032,44.911667604520254,9,0.0013351134846461949,False,False,False,2194,0,0.0,67.97034999999988,0.43043159460574837,0.18477241135884986,0.09684293482598978,0.10000000149011612
SSI,BAD,UCB_WITHOUT_COST_NETWORK,UCB-VAE without Cost Network,47,45,test,0.1,0.05,1.0,101115,109.75605000000041,10.97560500000004,5.363798184308055,36.24438476381597,0.2713929123752287,47.89385102152126,15,0.030120481927710843,False,False,False,355,0,0.0,19.133949999999984,0.7058779689917231,0.30791035647612497,0.09813939334158917,0.10000000149011612
SSI,BAD,UCB_WITHOUT_COST_NETWORK,UCB-VAE without Cost Network,48,1,train,1.0,1.0,1.0,2247,7816.40466,781.640466,27.380905151444,33.11178032272489,0.8422881442605027,71.72949317976706,42,0.01913662661326213,False,False,False,2010,0,0.0,31.335340000000002,0.941330650673489,0.34654297213794183,0.9868897724779562,1.0
SSI,BAD,UCB_WITHOUT_COST_NETWORK,UCB-VAE without Cost Network,48,1,test,1.0,1.0,1.0,2247,-234.98655999999937,-23.498655999999936,-12.575171612961267,19.001294656659702,-0.7232427681140516,44.95587089848917,6,0.23493975903614459,False,False,False,365,0,0.0,12.526559999999996,0.21009335862278156,0.35053239173319445,0.9818406545928726,1.0
SSI,BAD,UCB_WITHOUT_COST_NETWORK,UCB-VAE without Cost Network,48,2,train,0.9045834549972122,0.8,1.0,4494,7838.431769999999,783.8431769999999,27.416251411855953,33.15754941457188,0.8424243548060916,71.72820955729655,42,0.01913662661326213,False,False,False,2006,0,0.0,31.858230000000017,0.9469645569798367,0.3452029139280956,0.8930479593346814,0.9045834541320801
SSI,BAD,UCB_WITHOUT_COST_NETWORK,UCB-VAE without Cost Network,48,2,test,0.9045834549972122,0.8,1.0,4494,-239.7068199999993,-23.970681999999933,-12.846228006650684,19.000951170035727,-0.7397344659716242,44.95587089848917,6,0.23092369477911648,False,False,False,366,0,0.0,12.586819999999994,0.21030705058839538,0.34674101167294874,0.8882120061569206,0.9045834541320801
SSI,BAD,UCB_WITHOUT_COST_NETWORK,UCB-VAE without Cost Network,48,3,train,0.8182712270546932,0.6400000000000001,1.0,6741,7805.155439999999,780.5155439999999,27.36282356777977,33.12371387292913,0.8416682615556937,71.69813843019969,42,0.018691588785046728,False,False,False,2008,0,0.0,32.224560000000004,0.945867804761436,0.33721747351822773,0.8077925028898195,0.8182712197303772
SSI,BAD,UCB_WITHOUT_COST_NETWORK,UCB-VAE without Cost Network,48,3,test,0.8182712270546932,0.6400000000000001,1.0,6741,-245.02676999999926,-24.502676999999924,-13.15272808432123,19.662529091579195,-0.7263674675820828,46.365901721502034,6,0.23092369477911648,False,False,False,363,0,0.0,12.416769999999998,0.21697397093821613,0.34370459729887876,0.8035369434575175,0.8182712197303772
SSI,BAD,UCB_WITHOUT_COST_NETWORK,UCB-VAE without Cost Network,48,4,train,0.7401946136939427,0.5120000000000001,1.0,8988,7819.014650000001,781.901465,27.385097422742977,33.1256725140527,0.8421673466837901,71.6660833772471,41,0.01913662661326213,False,False,False,2007,0,0.0,32.83534999999998,0.9474876182639002,0.33052266301926264,0.7308055604213639,0.7401946187019348
SSI,BAD,UCB_WITHOUT_COST_NETWORK,UCB-VAE without Cost Network,48,4,test,0.7401946136939427,0.5120000000000001,1.0,8988,-237.63918999999942,-23.76391899999994,-12.727393433893052,19.351839816452735,-0.7157326501743755,45.3345515454122,6,0.21485943775100402,False,False,False,359,0,0.0,12.48919,0.20534201049614623,0.34243424694581204,0.7269251983872553,0.7401946187019348
SSI,BAD,UCB_WITHOUT_COST_NETWORK,UCB-VAE without Cost Network,48,5,train,0.6695678010255933,0.4096000000000001,1.0,11235,7839.36292,783.9362919999999,27.417743875553313,33.098520528883476,0.8433687790764103,71.44616805146656,42,0.01824655095683133,False,False,False,2010,0,0.0,33.91707999999997,0.9461950346090293,0.32624849439675296,0.661131460065136,0.6695678234100342
SSI,BAD,UCB_WITHOUT_COST_NETWORK,UCB-VAE without Cost Network,48,5,test,0.6695678010255933,0.4096000000000001,1.0,11235,-206.89336999999955,-20.689336999999956,-10.978903523902384,18.56437445318992,-0.646550329214957,42.726747085385256,5,0.22088353413654618,False,False,False,358,0,0.0,12.643369999999997,0.18042834937692287,0.3451000975078368,0.6577524740837838,0.6695678234100342
SSI,BAD,UCB_WITHOUT_COST_NETWORK,UCB-VAE without Cost Network,48,6,train,0.6056799548066172,0.3276800000000001,1.0,13482,7715.54638,771.5546380000001,27.218051496273233,33.078144245932336,0.8389042204198754,71.57116752423765,42,0.017801513128615932,False,False,False,2013,0,0.0,34.87361999999998,0.9465907633511014,0.3190331762174951,0.5980630799294212,0.6056799292564392
SSI,BAD,UCB_WITHOUT_COST_NETWORK,UCB-VAE without Cost Network,48,6,test,0.6056799548066172,0.3276800000000001,1.0,13482,-146.22694999999953,-14.622694999999952,-7.62523775091728,18.34608185893061,-0.453257589080306,39.07009190029819,5,0.20682730923694778,False,False,False,359,0,0.0,12.796949999999999,0.17320841599865916,0.3488667727294696,0.5952456842573423,0.6056799292564392
SSI,BAD,UCB_WITHOUT_COST_NETWORK,UCB-VAE without Cost Network,48,7,train,0.547888066141525,0.2621440000000001,1.0,15729,7685.785829999999,768.5785829999999,27.169677732174733,33.02342750064082,0.838589083458756,71.70492792806851,41,0.017801513128615932,False,False,False,2020,0,0.0,35.564169999999976,0.9440356438618774,0.31528611908263504,0.5409811363266226,0.5478880405426025
SSI,BAD,UCB_WITHOUT_COST_NETWORK,UCB-VAE without Cost Network,48,7,test,0.547888066141525,0.2621440000000001,1.0,15729,-127.45407999999952,-12.745407999999953,-6.611698315351166,17.597240191684232,-0.41773103403118406,36.74169313532749,5,0.21084337349397592,False,False,False,361,0,0.0,12.734079999999997,0.16908456003536204,0.3500779315410369,0.5385602953421804,0.5478880405426025
SSI,BAD,UCB_WITHOUT_COST_NETWORK,UCB-VAE without Cost Network,48,8,train,0.49561047982204176,0.20971520000000007,1.0,17976,7685.206459999999,768.5206459999999,27.168734544357108,33.03547264154288,0.8383812574967635,71.65701027179529,42,0.017356475300400534,False,False,False,2024,0,0.0,36.31353999999999,0.9474249714152333,0.3130062012458622,0.48949549328804826,0.49561047554016113
SSI,BAD,UCB_WITHOUT_COST_NETWORK,UCB-VAE without Cost Network,48,8,test,0.49561047982204176,0.20971520000000007,1.0,17976,-60.11923999999976,-6.0119239999999765,-3.062872849220466,5.0532754637521515,-0.9913680330119599,11.693170474418098,0,0.2791164658634538,False,False,False,334,0,0.0,12.619239999999992,0.051329901456497254,0.35851214326409453,0.4874913630835024,0.49561047554016113
SSI,BAD,UCB_WITHOUT_COST_NETWORK,UCB-VAE without Cost Network,48,9,train,0.4483210401702486,0.1677721600000001,1.0,20223,7591.792010000001,759.179201,27.01592371552195,32.92657867311931,0.8363780526701677,71.2442883284744,42,0.016911437472185136,False,False,False,2035,0,0.0,37.31798999999997,0.9428116729931477,0.3078495297410194,0.4427175180372424,0.44832104444503784
SSI,BAD,UCB_WITHOUT_COST_NETWORK,UCB-VAE without Cost Network,48,9,test,0.4483210401702486,0.1677721600000001,1.0,20223,-84.83646999999974,-8.483646999999973,-4.350381007585646,5.100583171419876,-1.246058048922281,12.350391124838223,0,0.2751004016064257,False,False,False,334,0,0.0,12.506469999999993,0.05189968451636562,0.35627936906962987,0.44098677031638717,0.44832104444503784
SSI,BAD,UCB_WITHOUT_COST_NETWORK,UCB-VAE without Cost Network,48,10,train,0.4055437954651474,0.13421772800000006,1.0,22470,7506.67114,750.6671140000001,26.875388484679007,32.85194848102401,0.8341438271644103,71.08984227842126,42,0.017356475300400534,False,False,False,2039,0,0.0,38.008859999999956,0.9405630855883836,0.30577900043502615,0.4004806183676757,0.40554380416870117
SSI,BAD,UCB_WITHOUT_COST_NETWORK,UCB-VAE without Cost Network,48,10,test,0.4055437954651474,0.13421772800000006,1.0,22470,-73.8940499999992,-7.38940499999992,-3.778285165525952,4.513922227460131,-1.2809686290458564,11.791172350462546,0,0.28112449799196787,False,False,False,331,0,0.0,12.384049999999995,0.04713633682861753,0.356590707857446,0.3989957292156526,0.40554380416870117
SSI,BAD,UCB_WITHOUT_COST_NETWORK,UCB-VAE without Cost Network,48,11,train,0.3668482076545458,0.10737418240000006,1.0,24717,7484.51463,748.451463,26.838602941223556,32.754533315821014,0.8347580886033146,70.93439982841244,42,0.016911437472185136,False,False,False,2046,0,0.0,38.67536999999999,0.9379351868423381,0.303235321142804,0.36225216025388246,0.3668482005596161
SSI,BAD,UCB_WITHOUT_COST_NETWORK,UCB-VAE without Cost Network,48,11,test,0.3668482076545458,0.10737418240000006,1.0,24717,-69.6214,-6.96214,-3.555815781870897,3.9951659342691443,-1.394534586992857,9.202421092663641,0,0.28714859437751006,False,False,False,330,0,0.0,12.321399999999993,0.043154409081426016,0.3569692032464058,0.36100208351280444,0.3668482005596161
SSI,BAD,UCB_WITHOUT_COST_NETWORK,UCB-VAE without Cost Network,48,12,train,0.3318448191396838,0.08589934592000005,1.0,26964,7224.517460000001,722.4517460000002,26.400438167100738,32.594803376479305,0.8265507836177097,70.84051072017552,41,0.01602136181575434,False,False,False,2051,0,0.0,39.142539999999954,0.9325336607197665,0.29879392513074393,0.3276043894831868,0.3318448066711426
SSI,BAD,UCB_WITHOUT_COST_NETWORK,UCB-VAE without Cost Network,48,12,test,0.3318448191396838,0.08589934592000005,1.0,26964,-73.2057400000001,-7.32057400000001,-3.7424115667240243,3.762946374584883,-1.5348799806317872,10.08031420989056,0,0.2710843373493976,False,False,False,333,0,0.0,12.36573999999999,0.04282908812404926,0.3557602245824404,0.32658339148457355,0.3318448066711426
SSI,BAD,UCB_WITHOUT_COST_NETWORK,UCB-VAE without Cost Network,48,13,train,0.3001813330203001,0.06871947673600004,1.0,29211,7087.9404700000005,708.7940470000001,26.165313894022567,32.46565213632313,0.8227628679656134,70.5487279028136,40,0.01602136181575434,False,False,False,2053,0,0.0,39.22952999999998,0.9289759257204038,0.2951962883718076,0.29632201258715735,0.3001813292503357
SSI,BAD,UCB_WITHOUT_COST_NETWORK,UCB-VAE without Cost Network,48,13,test,0.3001813330203001,0.06871947673600004,1.0,29211,-76.96604999999977,-7.696604999999977,-3.9385550176552098,3.7759057614730365,-1.5839580421225938,10.45577771932384,0,0.26104417670682734,False,False,False,332,0,0.0,12.296049999999994,0.04326469828210365,0.3548178094996506,0.2954537370978328,0.3001813292503357
SSI,BAD,UCB_WITHOUT_COST_NETWORK,UCB-VAE without Cost Network,48,14,train,0.27153906734917177,0.054975581388800036,1.0,31458,7112.05841,711.205841,26.20708945178172,32.35729590159216,0.825467177375628,70.26348116025137,41,0.016466399643969738,False,False,False,2060,0,0.0,40.15158999999998,0.9256906157415331,0.2936533133573515,0.268045549382789,0.2715390622615814
SSI,BAD,UCB_WITHOUT_COST_NETWORK,UCB-VAE without Cost Network,48,14,test,0.27153906734917177,0.054975581388800036,1.0,31458,-76.93961999999965,-7.693961999999965,-3.9371750009286055,3.703176291637828,-1.615410874828093,10.899368177505707,0,0.25502008032128515,False,False,False,331,0,0.0,12.179619999999991,0.042242847552492475,0.3542520902661913,0.2673030957911475,0.2715390622615814
SSI,BAD,UCB_WITHOUT_COST_NETWORK,UCB-VAE without Cost Network,48,15,train,0.24562974770943447,0.05,1.0,33705,7050.65523,705.065523,26.100512367481542,32.22821659395262,0.824840775602285,69.90916060731027,41,0.01602136181575434,False,False,False,2060,0,0.0,40.034769999999995,0.9218474624345647,0.29130040273620755,0.24245732607130877,0.24562974274158478
SSI,BAD,UCB_WITHOUT_COST_NETWORK,UCB-VAE without Cost Network,48,15,test,0.24562974770943447,0.05,1.0,33705,-66.85496000000012,-6.685496000000011,-3.41204353499156,3.3234034598824116,-1.6386135221816447,9.20271229780912,0,0.26305220883534136,False,False,False,327,0,0.0,12.074959999999992,0.03872189516309905,0.3554527968706855,0.24187304829214995,0.24562974274158478
SSI,BAD,UCB_WITHOUT_COST_NETWORK,UCB-VAE without Cost Network,48,16,train,0.2221926058330938,0.05,1.0,35952,7043.38904,704.338904,26.087852723740077,32.125815258616896,0.8261144209611306,69.64631004544005,41,0.015131286159323543,False,False,False,2066,0,0.0,40.11095999999998,0.9177922979890458,0.28847172408699195,0.21929691837070472,0.22219260036945343
SSI,BAD,UCB_WITHOUT_COST_NETWORK,UCB-VAE without Cost Network,48,16,test,0.2221926058330938,0.05,1.0,35952,-57.04397000000017,-5.704397000000017,-2.903869641788104,3.3203256974911803,-1.48078652888322,9.20271229780912,0,0.26104417670682734,False,False,False,328,0,0.0,12.07396999999999,0.03853398710523226,0.35505785903777465,0.21882913828266062,0.22219260036945343
SSI,BAD,UCB_WITHOUT_COST_NETWORK,UCB-VAE without Cost Network,48,17,train,0.20099175505933367,0.05,1.0,38199,6902.556639999999,690.2556639999998,25.840455242771455,32.0248450987822,0.8215399175222009,69.77613549115145,41,0.014241210502892745,False,False,False,2065,0,0.0,40.22335999999996,0.9140986094353738,0.2854512384601524,0.1983537883333304,0.20099174976348877
SSI,BAD,UCB_WITHOUT_COST_NETWORK,UCB-VAE without Cost Network,48,17,test,0.20099175505933367,0.05,1.0,38199,-53.10640000000001,-5.31064,-2.7006589770387057,3.275623783814751,-1.437078132893137,8.969843613621462,0,0.26305220883534136,False,False,False,326,0,0.0,12.076399999999994,0.037605006024897206,0.35494583261659346,0.19798680460716347,0.20099174976348877
SSI,BAD,UCB_WITHOUT_COST_NETWORK,UCB-VAE without Cost Network,48,18,train,0.18181381621752543,0.05,1.0,40446,6844.68394,684.468394,25.73765387041704,31.832208070092978,0.8219748727797765,69.2980942538942,41,0.014686248331108143,False,False,False,2070,0,0.0,39.99605999999998,0.9094250285158493,0.2817053502010249,0.1793911550699683,0.1818138211965561
SSI,BAD,UCB_WITHOUT_COST_NETWORK,UCB-VAE without Cost Network,48,18,test,0.18181381621752543,0.05,1.0,40446,-39.22410999999977,-3.922410999999977,-1.9875580432945683,3.51286328511742,-1.1281213230051994,8.917083265942766,0,0.26305220883534136,False,False,False,324,0,0.0,11.944109999999995,0.04008903919518275,0.3549855781128129,0.17911790279782397,0.1818138211965561
SSI,BAD,UCB_WITHOUT_COST_NETWORK,UCB-VAE without Cost Network,48,19,train,0.16446577004027732,0.05,1.0,42693,6833.12987,683.3129869999999,25.71704927063896,31.736698944154472,0.8229744691045476,69.02511284593159,41,0.014686248331108143,False,False,False,2072,0,0.0,39.96012999999998,0.9078161064997079,0.28039337034802675,0.16229210541248515,0.1644657701253891
SSI,BAD,UCB_WITHOUT_COST_NETWORK,UCB-VAE without Cost Network,48,19,test,0.16446577004027732,0.05,1.0,42693,-36.02812999999992,-3.6028129999999923,-1.8241164699249746,3.5337122611791525,-1.0737050915818989,8.600789495090059,0,0.26305220883534136,False,False,False,325,0,0.0,11.918129999999994,0.03982450967868049,0.354736176001499,0.16205406757211024,0.1644657701253891
SSI,BAD,UCB_WITHOUT_COST_NETWORK,UCB-VAE without Cost Network,48,20,train,0.14877301449181102,0.05,1.0,44940,6886.800840000001,688.6800840000001,25.81253410647779,31.57703947807939,0.8279624528042887,68.45358471125918,41,0.014686248331108143,False,False,False,2073,0,0.0,40.299159999999944,0.9038478776714495,0.27883279926388543,0.1468027912409757,0.14877301454544067
SSI,BAD,UCB_WITHOUT_COST_NETWORK,UCB-VAE without Cost Network,48,20,test,0.14877301449181102,0.05,1.0,44940,-30.895379999999932,-3.089537999999993,-1.562192987145583,3.4942244084077747,-1.0093361228437732,8.166850971293577,0,0.27309236947791166,False,False,False,324,0,0.0,11.915379999999994,0.039374368648001215,0.3547272985299907,0.14661668572886316,0.14877301454544067
SSI,BAD,UCB_WITHOUT_COST_NETWORK,UCB-VAE without Cost Network,48,21,train,0.13457760745935274,0.05,1.0,47187,7066.23264,706.623264,26.12761818883267,31.59308279045923,0.8357180366072995,68.81886787002868,41,0.014241210502892745,False,False,False,2080,0,0.0,40.94735999999995,0.8981067779664176,0.280037380307316,0.13281692897905234,0.13457760214805603
SSI,BAD,UCB_WITHOUT_COST_NETWORK,UCB-VAE without Cost Network,48,21,test,0.13457760745935274,0.05,1.0,47187,-30.895379999999932,-3.089537999999993,-1.562192987145583,3.4942244084077747,-1.0093361228437732,8.166850971293577,0,0.27309236947791166,False,False,False,324,0,0.0,11.915379999999994,0.039374368648001215,0.354165640581085,0.1326429352501571,0.13457760214805603
SSI,BAD,UCB_WITHOUT_COST_NETWORK,UCB-VAE without Cost Network,48,22,train,0.12173667712083987,0.05,1.0,49434,7054.13398,705.4133979999999,26.10656968457954,31.493372534101212,0.836842272153239,68.66769146073291,41,0.014241210502892745,False,False,False,2078,0,0.0,41.12601999999995,0.8946239382039854,0.27811725364030604,0.12013704249848679,0.12173667550086975
SSI,BAD,UCB_WITHOUT_COST_NETWORK,UCB-VAE without Cost Network,48,22,test,0.12173667712083987,0.05,1.0,49434,-35.26305000000025,-3.5263050000000247,-1.7850305532890354,3.5348489773583553,-1.061993887800134,8.781970095021984,0,0.27710843373493976,False,False,False,323,0,0.0,11.753049999999996,0.039046160106936484,0.35317375911885956,0.11999428777113236,0.12173667550086975
SSI,BAD,UCB_WITHOUT_COST_NETWORK,UCB-VAE without Cost Network,48,23,train,0.11012098398984942,0.05,1.0,51681,6944.54311,694.454311,25.91461933051249,31.180992683801527,0.8371386740812101,67.8312030262743,41,0.014241210502892745,False,False,False,2077,0,0.0,40.846889999999966,0.8880723360199778,0.2746123566288496,0.10864369053644246,0.1101209819316864
SSI,BAD,UCB_WITHOUT_COST_NETWORK,UCB-VAE without Cost Network,48,23,test,0.11012098398984942,0.05,1.0,51681,-32.21055000000024,-3.221055000000024,-1.6292399205446562,3.5409955224810816,-1.0149473231245272,8.781970095021984,0,0.28112449799196787,False,False,False,322,0,0.0,11.800549999999994,0.03903511051392737,0.3527793452203513,0.1085565526836782,0.1101209819316864
SSI,BAD,UCB_WITHOUT_COST_NETWORK,UCB-VAE without Cost Network,48,24,train,0.1,0.05,1.0,53928,6903.1659500000005,690.3165950000001,25.84153401793543,31.18190450158132,0.8352488140282047,67.75583569355871,41,0.015131286159323543,False,False,False,2067,0,0.0,40.78404999999997,0.8890801979245657,0.2732192424864147,0.09866732236971702,0.10000000149011612
SSI,BAD,UCB_WITHOUT_COST_NETWORK,UCB-VAE without Cost Network,48,24,test,0.1,0.05,1.0,53928,-32.21055000000024,-3.221055000000024,-1.6292399205446562,3.5409955224810816,-1.0149473231245272,8.781970095021984,0,0.28112449799196787,False,False,False,322,0,0.0,11.800549999999994,0.03903511051392737,0.3520919406809003,0.09858563063341842,0.10000000149011612
SSI,BAD,UCB_WITHOUT_COST_NETWORK,UCB-VAE without Cost Network,48,25,train,0.1,0.05,1.0,56175,6860.2029299999995,686.020293,25.765286785258734,31.012718307574982,0.8361401666010239,67.4577993099408,41,0.01335113484646195,False,False,False,2068,0,0.0,40.36707,0.8818146982127496,0.27030582665654357,0.0986328063724197,0.10000000149011612
SSI,BAD,UCB_WITHOUT_COST_NETWORK,UCB-VAE without Cost Network,48,25,test,0.1,0.05,1.0,56175,-38.329510000000255,-3.8329510000000253,-1.94178116853434,3.607219127112994,-1.0846276817944362,9.006901037517105,0,0.27309236947791166,False,False,False,322,0,0.0,11.739509999999994,0.04024973262252197,0.35069620977324173,0.09858601766102242,0.10000000149011612
SSI,BAD,UCB_WITHOUT_COST_NETWORK,UCB-VAE without Cost Network,48,26,train,0.1,0.05,1.0,58422,6856.22942,685.622942,25.758216225851662,30.821395050081712,0.8392340115006833,67.45274818518635,41,0.01290609701824655,False,False,False,2075,0,0.0,41.29057999999998,0.8770463594023135,0.26922948137887276,0.09861937345157006,0.10000000149011612
SSI,BAD,UCB_WITHOUT_COST_NETWORK,UCB-VAE without Cost Network,48,26,test,0.1,0.05,1.0,58422,-38.1405500000003,-3.81405500000003,-1.9321147592973098,3.5973137677454905,-1.084950714757081,8.988053140178293,0,0.27309236947791166,False,False,False,321,0,0.0,11.710549999999996,0.039908805534337954,0.35016378948846494,0.09858900668081161,0.10000000149011612
SSI,BAD,UCB_WITHOUT_COST_NETWORK,UCB-VAE without Cost Network,48,27,train,0.1,0.05,1.0,60669,6838.099099999999,683.80991,25.725914304407116,30.537817529474793,0.8433298942911502,66.8122802167527,37,0.013796172674677348,False,False,False,2073,0,0.0,42.44089999999997,0.8758131145148532,0.2690209168418546,0.09862105479955953,0.10000000149011612
SSI,BAD,UCB_WITHOUT_COST_NETWORK,UCB-VAE without Cost Network,48,27,test,0.1,0.05,1.0,60669,-38.23109999999997,-3.823109999999997,-1.936746803342826,3.582708110713484,-1.0908496733991857,8.877599035621206,0,0.27710843373493976,False,False,False,321,0,0.0,11.711099999999995,0.03956984468241066,0.34946699778597995,0.0985898132340431,0.10000000149011612
SSI,BAD,UCB_WITHOUT_COST_NETWORK,UCB-VAE without Cost Network,48,28,train,0.1,0.05,1.0,62916,6981.39254,698.1392539999999,25.979422959931185,30.345789514684974,0.8534286581171925,65.86462593132684,37,0.014686248331108143,False,False,False,2070,0,0.0,42.74745999999996,0.8718590143695174,0.2676672255748847,0.09860391719092317,0.10000000149011612
SSI,BAD,UCB_WITHOUT_COST_NETWORK,UCB-VAE without Cost Network,48,28,test,0.1,0.05,1.0,62916,-34.4373499999997,-3.443734999999969,-1.7428650463635509,3.573763492438411,-1.0379313066677165,8.877599035621206,0,0.2791164658634538,False,False,False,320,0,0.0,11.707349999999993,0.03950355832101717,0.34857402415759114,0.09858845963301603,0.10000000149011612
SSI,BAD,UCB_WITHOUT_COST_NETWORK,UCB-VAE without Cost Network,48,29,train,0.1,0.05,1.0,65163,6792.91141,679.2911409999999,25.645115607674597,29.40965936313959,0.8619500286973717,65.48512738185642,31,0.014686248331108143,False,False,False,2073,0,0.0,42.65858999999999,0.8521612418384119,0.2633194034105945,0.09850488287602571,0.10000000149011612
SSI,BAD,UCB_WITHOUT_COST_NETWORK,UCB-VAE without Cost Network,48,29,test,0.1,0.05,1.0,65163,-34.4373499999997,-3.443734999999969,-1.7428650463635509,3.573763492438411,-1.0379313066677165,8.877599035621206,0,0.2791164658634538,False,False,False,320,0,0.0,11.707349999999993,0.03950355832101717,0.3476553373487599,0.09858392124336625,0.10000000149011612
SSI,BAD,UCB_WITHOUT_COST_NETWORK,UCB-VAE without Cost Network,48,30,train,0.1,0.05,1.0,67410,6705.234269999998,670.5234269999999,25.487147806339117,29.062078714037153,0.864402567262813,65.1936109587344,31,0.014241210502892745,False,False,False,2064,0,0.0,43.67572999999996,0.834691436129111,0.26230582126681945,0.09842202905215082,0.10000000149011612
SSI,BAD,UCB_WITHOUT_COST_NETWORK,UCB-VAE without Cost Network,48,30,test,0.1,0.05,1.0,67410,-37.796229999999696,-3.7796229999999693,-1.914503210065055,3.5878195519751,-1.0828699380366313,9.21263198128892,0,0.2791164658634538,False,False,False,320,0,0.0,11.706229999999993,0.03968107260004191,0.3462775103059638,0.09857323892923243,0.10000000149011612
SSI,BAD,UCB_WITHOUT_COST_NETWORK,UCB-VAE without Cost Network,48,31,train,0.1,0.05,1.0,69657,6723.817969999998,672.3817969999998,25.520762983431688,29.11954867942811,0.8641931407283082,65.425994235099,31,0.014686248331108143,False,False,False,2060,0,0.0,43.63202999999997,0.8350434379486212,0.2601497865447374,0.09840171960291269,0.10000000149011612
SSI,BAD,UCB_WITHOUT_COST_NETWORK,UCB-VAE without Cost Network,48,31,test,0.1,0.05,1.0,69657,-37.86806999999976,-3.786806999999976,-1.9181774794112427,3.587801786011318,-1.0839284713866035,9.21263198128892,0,0.28313253012048195,False,False,False,318,0,0.0,11.618069999999992,0.03958949443489276,0.34527093399480646,0.09856591415436827,0.10000000149011612
SSI,BAD,UCB_WITHOUT_COST_NETWORK,UCB-VAE without Cost Network,48,32,train,0.1,0.05,1.0,71904,6763.83066,676.383066,25.592896715881007,29.270916270723202,0.8632082609111464,65.39501348090452,31,0.01557632398753894,False,False,False,2056,0,0.0,43.329339999999966,0.8532252833541639,0.2583455448820159,0.09847378766252882,0.10000000149011612
SSI,BAD,UCB_WITHOUT_COST_NETWORK,UCB-VAE without Cost Network,48,32,test,0.1,0.05,1.0,71904,-43.792669999999475,-4.379266999999948,-2.221664134565693,3.584690763069468,-1.1720866269874282,9.384216072949382,0,0.2991967871485944,False,False,False,314,0,0.0,11.492669999999997,0.039561606856483085,0.3440426816064191,0.09855440603218926,0.10000000149011612
SSI,BAD,UCB_WITHOUT_COST_NETWORK,UCB-VAE without Cost Network,48,33,train,0.1,0.05,1.0,74151,6552.284659999999,655.228466,25.207713895990413,28.66617725404923,0.8645030895231045,63.78511046460421,30,0.014686248331108143,False,False,False,2054,0,0.0,42.55533999999998,0.8318421913188968,0.2565436575132367,0.09836669413354562,0.10000000149011612
SSI,BAD,UCB_WITHOUT_COST_NETWORK,UCB-VAE without Cost Network,48,33,test,0.1,0.05,1.0,74151,-37.69796999999983,-3.769796999999983,-1.9094779065401801,3.5560009754425663,-1.0914255526321968,8.653747338729438,0,0.3092369477911647,False,False,False,312,0,0.0,11.417969999999995,0.039038796932646,0.3439247980414624,0.09855089219801833,0.10000000149011612
SSI,BAD,UCB_WITHOUT_COST_NETWORK,UCB-VAE without Cost Network,48,34,train,0.1,0.05,1.0,76398,6337.092079999999,633.709208,24.80592383342952,28.48203204689276,0.8568664355409039,64.08706287711536,28,0.015131286159323543,False,False,False,2057,0,0.0,41.12792000000003,0.8329742861406807,0.25652440663544823,0.09836528737850211,0.10000000149011612
SSI,BAD,UCB_WITHOUT_COST_NETWORK,UCB-VAE without Cost Network,48,34,test,0.1,0.05,1.0,76398,-28.557339999999954,-2.8557339999999956,-1.4431123248948685,3.2046137940645085,-1.0655628765718037,7.64614231465991,0,0.3112449799196787,False,False,False,310,0,0.0,11.287339999999993,0.03789104460844572,0.34428721507749405,0.09855156230280199,0.10000000149011612
SSI,BAD,UCB_WITHOUT_COST_NETWORK,UCB-VAE without Cost Network,48,35,train,0.1,0.05,1.0,78645,6335.12392,633.512392,24.8022009600958,28.305313618727013,0.8603243421576909,64.05178128226926,28,0.015131286159323543,False,False,False,2055,0,0.0,40.75608000000001,0.8284496738568905,0.2546006035197296,0.09831915778078665,0.10000000149011612
SSI,BAD,UCB_WITHOUT_COST_NETWORK,UCB-VAE without Cost Network,48,35,test,0.1,0.05,1.0,78645,-32.74988999999994,-3.2749889999999935,-1.656748421936649,3.2137059060694493,-1.1305556531214667,7.64614231465991,0,0.3092369477911647,False,False,False,311,0,0.0,11.289889999999993,0.0380361843090986,0.3435369082184202,0.09853878143974881,0.10000000149011612
SSI,BAD,UCB_WITHOUT_COST_NETWORK,UCB-VAE without Cost Network,48,36,train,0.1,0.05,1.0,80892,6503.218839999999,650.3218839999998,25.117006252246977,28.141712877822762,0.8727193270413314,63.63737628376837,28,0.01557632398753894,False,False,False,2057,0,0.0,42.56115999999999,0.8077938325064625,0.25576814752474963,0.09821421610409327,0.10000000149011612
SSI,BAD,UCB_WITHOUT_COST_NETWORK,UCB-VAE without Cost Network,48,36,test,0.1,0.05,1.0,80892,-28.5214000000002,-2.85214000000002,-1.44128294995991,3.6734192653942905,-0.924707370632888,7.825086850730312,0,0.2891566265060241,False,False,False,313,0,0.0,11.271399999999995,0.04266537059173449,0.3425232513123248,0.0985063503572174,0.10000000149011612
SSI,BAD,UCB_WITHOUT_COST_NETWORK,UCB-VAE without Cost Network,48,37,train,0.1,0.05,1.0,83139,6065.879689999999,606.5879689999999,24.284345271173223,28.023325992321684,0.851180281566491,63.503254174688095,27,0.014241210502892745,False,False,False,2061,0,0.0,40.610310000000005,0.8218355549870665,0.25154766452328386,0.09824337668784128,0.10000000149011612
SSI,BAD,UCB_WITHOUT_COST_NETWORK,UCB-VAE without Cost Network,48,37,test,0.1,0.05,1.0,83139,-33.64297000000056,-3.3642970000000556,-1.7023158926483761,3.6818942531022407,-0.9951372597505854,8.626751183191693,0,0.25502008032128515,False,False,False,316,0,0.0,11.372969999999997,0.04341045963217133,0.34029649248922683,0.09848700145918464,0.10000000149011612
SSI,BAD,UCB_WITHOUT_COST_NETWORK,UCB-VAE without Cost Network,48,38,train,0.1,0.05,1.0,85386,5962.660449999999,596.266045,24.081155407518338,28.43991666097181,0.837024563546606,64.38984904794027,27,0.013796172674677348,False,False,False,2084,0,0.0,42.60954999999999,0.8364919161284399,0.2492429047696952,0.09825753688778495,0.10000000149011612
SSI,BAD,UCB_WITHOUT_COST_NETWORK,UCB-VAE without Cost Network,48,38,test,0.1,0.05,1.0,85386,-32.546489999999494,-3.254648999999949,-1.6463733093500132,3.6368626439968645,-0.9921302890796815,7.7332676299733105,0,0.321285140562249,False,False,False,316,0,0.0,11.456490000000004,0.042572406890319374,0.3384178352044768,0.0984762156856195,0.10000000149011612
SSI,BAD,UCB_WITHOUT_COST_NETWORK,UCB-VAE without Cost Network,48,39,train,0.1,0.05,1.0,87633,6247.95651,624.795651,24.636422335987973,28.19299193502129,0.8578640569136593,63.903978575462006,28,0.013796172674677348,False,False,False,2084,0,0.0,45.03348999999998,0.817904075430477,0.24852638141242567,0.09815486707358499,0.10000000149011612
SSI,BAD,UCB_WITHOUT_COST_NETWORK,UCB-VAE without Cost Network,48,39,test,0.1,0.05,1.0,87633,-35.76373999999964,-3.576373999999964,-1.810607735791292,3.6314419516014897,-1.0400789279404719,7.902946171039199,0,0.3232931726907631,False,False,False,315,0,0.0,11.363740000000002,0.042455541833208384,0.337346234624405,0.09845823566380013,0.10000000149011612
SSI,BAD,UCB_WITHOUT_COST_NETWORK,UCB-VAE without Cost Network,48,40,train,0.1,0.05,1.0,89880,6269.176890000001,626.9176890000001,24.67694266898186,28.147826066818567,0.8599527862004005,63.920863402349546,27,0.01290609701824655,False,False,False,2083,0,0.0,44.13310999999998,0.8270697793372852,0.24676293905278976,0.09819231596268,0.10000000149011612
SSI,BAD,UCB_WITHOUT_COST_NETWORK,UCB-VAE without Cost Network,48,40,test,0.1,0.05,1.0,89880,-36.23205999999959,-3.6232059999999593,-1.8345373239894602,3.6466597478671785,-1.0423279336646307,7.94970749410506,0,0.3172690763052209,False,False,False,315,0,0.0,11.352060000000002,0.04259420424319711,0.33663869984298345,0.09844307067616005,0.10000000149011612
SSI,BAD,UCB_WITHOUT_COST_NETWORK,UCB-VAE without Cost Network,48,41,train,0.1,0.05,1.0,92127,5971.798679999999,597.1798679999999,24.09925189862303,27.990905975798547,0.8464648771303154,63.963991581940505,26,0.01335113484646195,False,False,False,2080,0,0.0,42.48132000000004,0.8243970691597572,0.244019216479436,0.09813057193991899,0.10000000149011612
SSI,BAD,UCB_WITHOUT_COST_NETWORK,UCB-VAE without Cost Network,48,41,test,0.1,0.05,1.0,92127,-36.23205999999959,-3.6232059999999593,-1.8345373239894602,3.6466597478671785,-1.0423279336646307,7.94970749410506,0,0.3172690763052209,False,False,False,315,0,0.0,11.352060000000002,0.04259420424319711,0.33573359095427885,0.09842787901848805,0.10000000149011612
SSI,BAD,UCB_WITHOUT_COST_NETWORK,UCB-VAE without Cost Network,48,42,train,0.1,0.05,1.0,94374,5817.205859999999,581.7205859999999,23.790231370972602,27.850747045677537,0.8402792575453241,63.87805502309292,26,0.013796172674677348,False,False,False,2072,0,0.0,41.13414000000002,0.8185307297984925,0.24031119375200763,0.09804597065602083,0.10000000149011612
SSI,BAD,UCB_WITHOUT_COST_NETWORK,UCB-VAE without Cost Network,48,42,test,0.1,0.05,1.0,94374,-35.83205999999973,-3.583205999999973,-1.8140982988052778,3.644744008375813,-1.037134262850561,7.9097678604649415,0,0.3172690763052209,False,False,False,315,0,0.0,11.352060000000002,0.042339408559862506,0.3347838801372961,0.09841360263567242,0.10000000149011612
SSI,BAD,UCB_WITHOUT_COST_NETWORK,UCB-VAE without Cost Network,48,43,train,0.1,0.05,1.0,96621,5880.6726,588.0672599999999,23.917843209705957,27.79530312516752,0.8451331981195367,63.332125856207675,25,0.013796172674677348,False,False,False,2069,0,0.0,41.08740000000005,0.8168769224313495,0.23887172634462595,0.09801601668928377,0.10000000149011612
SSI,BAD,UCB_WITHOUT_COST_NETWORK,UCB-VAE without Cost Network,48,43,test,0.1,0.05,1.0,96621,-35.83205999999973,-3.583205999999973,-1.8140982988052778,3.644744008375813,-1.037134262850561,7.9097678604649415,0,0.3172690763052209,False,False,False,315,0,0.0,11.352060000000002,0.042339408559862506,0.3339984911273282,0.09839887016389265,0.10000000149011612
SSI,BAD,UCB_WITHOUT_COST_NETWORK,UCB-VAE without Cost Network,48,44,train,0.1,0.05,1.0,98868,5819.155009999999,581.9155009999998,23.794166191266754,27.77219748945578,0.8419849154883963,63.332717670696105,26,0.015131286159323543,False,False,False,2064,0,0.0,40.77499,0.818431799067464,0.23729124413923416,0.0979921928578178,0.10000000149011612
SSI,BAD,UCB_WITHOUT_COST_NETWORK,UCB-VAE without Cost Network,48,44,test,0.1,0.05,1.0,98868,-30.832939999999553,-3.083293999999955,-1.5590109442167543,3.655337307099688,-0.962436135339441,7.775278133617684,0,0.3172690763052209,False,False,False,315,0,0.0,11.392940000000001,0.042793833259454496,0.3335048255312395,0.09838662499867247,0.10000000149011612
SSI,BAD,UCB_WITHOUT_COST_NETWORK,UCB-VAE without Cost Network,48,45,train,0.1,0.05,1.0,101115,5854.837109999999,585.4837109999999,23.866022864240154,27.754253053589167,0.8444582391438753,63.2616175029072,25,0.014686248331108143,False,False,False,2058,0,0.0,40.95289000000002,0.8170532415437479,0.2357494476262495,0.09796138108500087,0.10000000149011612
SSI,BAD,UCB_WITHOUT_COST_NETWORK,UCB-VAE without Cost Network,48,45,test,0.1,0.05,1.0,101115,-37.46769999999947,-3.7467699999999464,-1.8977022274638822,4.321954187132952,-0.8882084381697537,8.674136857835094,0,0.3112449799196787,False,False,False,314,0,0.0,11.3877,0.043573683048106666,0.33204886110791243,0.0983627923594617,0.10000000149011612
SSI,BAD,UCB_WITHOUT_COST_NETWORK,UCB-VAE without Cost Network,49,1,train,1.0,1.0,1.0,2247,606.4651900000019,60.6465190000002,5.412049810553143,12.594274267044694,0.3261402435308747,35.21420841009391,7,0.0,False,False,False,2246,0,0.0,51.56481000000004,0.1601624512688663,0.27914982480396944,0.9833135541074652,1.0
SSI,BAD,UCB_WITHOUT_COST_NETWORK,UCB-VAE without Cost Network,49,1,test,1.0,1.0,1.0,2247,77.13007999999877,7.713007999999877,3.7981187989595044,9.25770537566249,0.23634844837835975,9.502143883625893,0,0.09036144578313253,False,False,False,385,0,0.0,15.959920000000006,0.11778863617169343,0.2650047230971865,0.9845286422878688,1.0
SSI,BAD,UCB_WITHOUT_COST_NETWORK,UCB-VAE without Cost Network,49,2,train,0.9045834549972122,0.8,1.0,4494,640.5402800000047,64.05402800000047,5.658342718557829,12.819904209308907,0.3409883083013664,35.42357346004406,7,0.0,False,False,False,2247,0,0.0,51.439720000000015,0.17534518503258073,0.28404997841591406,0.8904293092987986,0.9045834541320801
SSI,BAD,UCB_WITHOUT_COST_NETWORK,UCB-VAE without Cost Network,49,2,test,0.9045834549972122,0.8,1.0,4494,71.46923999999876,7.146923999999877,3.524068156414306,8.907221970834975,0.21213369069209678,9.112137740337223,0,0.0823293172690763,False,False,False,389,0,0.0,16.200760000000002,0.11486452819324004,0.2626924185029953,0.8906096083789726,0.9045834541320801
SSI,BAD,UCB_WITHOUT_COST_NETWORK,UCB-VAE without Cost Network,49,3,train,0.8182712270546932,0.6400000000000001,1.0,6741,598.4102600000047,59.84102600000046,5.353151169429826,12.737033524330933,0.31947150268562874,35.22617358204345,7,0.0,False,False,False,2247,0,0.0,51.84974000000003,0.17487887840880012,0.2751906331799324,0.805231078147946,0.8182712197303772
SSI,BAD,UCB_WITHOUT_COST_NETWORK,UCB-VAE without Cost Network,49,3,test,0.8182712270546932,0.6400000000000001,1.0,6741,28.156459999998788,2.815645999999879,1.402884794054704,7.48489606430126,-0.042095867892745616,9.112137740337223,0,0.05622489959839357,False,False,False,386,0,0.0,15.643540000000003,0.08469099925926517,0.25568455593832523,0.8055215915892846,0.8182712197303772
SSI,BAD,UCB_WITHOUT_COST_NETWORK,UCB-VAE without Cost Network,49,4,train,0.7401946136939427,0.5120000000000001,1.0,8988,658.1799800000035,65.81799800000036,5.784060506955613,12.856407569977693,0.34973187521859306,35.239131078802394,7,0.0,False,False,False,2246,0,0.0,52.50002000000002,0.18050019834140885,0.269366775492217,0.7283484894307092,0.7401946187019348
SSI,BAD,UCB_WITHOUT_COST_NETWORK,UCB-VAE without Cost Network,49,4,test,0.7401946136939427,0.5120000000000001,1.0,8988,37.18583999999919,3.7185839999999186,1.848706038658321,9.296073858857604,0.030071060586016888,9.532597578689742,0,0.050200803212851405,False,False,False,381,0,0.0,15.694160000000004,0.12729361133786815,0.2575899035067683,0.7285872508396672,0.7401946187019348
SSI,BAD,UCB_WITHOUT_COST_NETWORK,UCB-VAE without Cost Network,49,5,train,0.6695678010255933,0.4096000000000001,1.0,11235,599.2997800000046,59.92997800000046,5.359668390560546,12.766553532532088,0.31952948609349685,35.21236165770462,7,0.0,False,False,False,2247,0,0.0,53.56022000000002,0.17896333193711844,0.26402305819269917,0.6588351003376224,0.6695678234100342
SSI,BAD,UCB_WITHOUT_COST_NETWORK,UCB-VAE without Cost Network,49,5,test,0.6695678010255933,0.4096000000000001,1.0,11235,99.33496999999988,9.933496999999988,4.866227118141886,15.851581750739644,0.2550248866971533,19.048143324449576,0,0.03614457831325301,False,False,False,385,0,0.0,15.63503,0.1488504467613373,0.24860686389916392,0.6593869044620567,0.6695678234100342
SSI,BAD,UCB_WITHOUT_COST_NETWORK,UCB-VAE without Cost Network,49,6,train,0.6056799548066172,0.3276800000000001,1.0,13482,620.5265300000026,62.052653000000255,5.514241867585001,12.730567599120688,0.33169163096737825,35.233126391769694,7,0.0,False,False,False,2244,0,0.0,53.843470000000046,0.17876714808212965,0.26134090134844973,0.5960481375649981,0.6056799292564392
SSI,BAD,UCB_WITHOUT_COST_NETWORK,UCB-VAE without Cost Network,49,6,test,0.6056799548066172,0.3276800000000001,1.0,13482,143.1694500000001,14.31694500000001,6.943669756100679,16.813788677853097,0.36746661455741314,19.048143324449576,0,0.05823293172690763,False,False,False,386,0,0.0,16.070550000000004,0.1882125290356724,0.25186290915112897,0.5964946679039217,0.6056799292564392
SSI,BAD,UCB_WITHOUT_COST_NETWORK,UCB-VAE without Cost Network,49,7,train,0.547888066141525,0.2621440000000001,1.0,15729,622.8595400000029,62.28595400000029,5.531120944490664,12.712112279940058,0.3332547985059417,35.2204580402067,6,0.0,False,False,False,2246,0,0.0,55.58046000000001,0.18118590558942013,0.258069106769339,0.5391944671360117,0.5478880405426025
SSI,BAD,UCB_WITHOUT_COST_NETWORK,UCB-VAE without Cost Network,49,7,test,0.547888066141525,0.2621440000000001,1.0,15729,134.74228000000016,13.474228000000016,6.547405484848534,16.82975115646506,0.34502301947712105,19.048143324449576,0,0.1144578313253012,False,False,False,386,0,0.0,16.127720000000004,0.18789185538023462,0.2504730001391177,0.5395922887908494,0.5478880405426025
SSI,BAD,UCB_WITHOUT_COST_NETWORK,UCB-VAE without Cost Network,49,8,train,0.49561047982204176,0.20971520000000007,1.0,17976,621.6484000000016,62.16484000000017,5.522361170545964,12.75797775165782,0.33185860878287127,35.214576819557884,7,0.0,False,False,False,2245,0,0.0,56.21159999999995,0.1825181486741218,0.2554925630622617,0.48772595313204314,0.49561047554016113
SSI,BAD,UCB_WITHOUT_COST_NETWORK,UCB-VAE without Cost Network,49,8,test,0.49561047982204176,0.20971520000000007,1.0,17976,137.20275000000015,13.720275000000015,6.663253377832357,16.86770797885087,0.35112159015110594,19.09601724391569,0,0.1144578313253012,False,False,False,385,0,0.0,16.097250000000003,0.18967565818594798,0.24946267899858904,0.4881149730507411,0.49561047554016113
SSI,BAD,UCB_WITHOUT_COST_NETWORK,UCB-VAE without Cost Network,49,9,train,0.4483210401702486,0.1677721600000001,1.0,20223,545.2856199999997,54.52856199999997,4.957954418349519,12.977064053661106,0.28675350250560583,35.26103519625064,7,0.0,False,False,False,2243,0,0.0,57.294380000000004,0.18669225129732367,0.2524053856604461,0.44112323657225005,0.44832104444503784
SSI,BAD,UCB_WITHOUT_COST_NETWORK,UCB-VAE without Cost Network,49,9,test,0.4483210401702486,0.1677721600000001,1.0,20223,145.2996599999999,14.529965999999991,7.043606283390824,16.672878394911482,0.37481286050963825,19.09601724391569,0,0.09236947791164658,False,False,False,384,0,0.0,16.050340000000006,0.18360034413673484,0.2469714222453445,0.4415412203766822,0.44832104444503784
SSI,BAD,UCB_WITHOUT_COST_NETWORK,UCB-VAE without Cost Network,49,10,train,0.4055437954651474,0.13421772800000006,1.0,22470,540.6773900000021,54.067739000000216,4.923106900275487,12.903016649271104,0.28505918659655877,35.2525436233155,6,0.0004450378282153983,False,False,False,2241,0,0.0,58.27260999999995,0.18702983756470523,0.24782163051628886,0.3988931302538716,0.40554380416870117
SSI,BAD,UCB_WITHOUT_COST_NETWORK,UCB-VAE without Cost Network,49,10,test,0.4055437954651474,0.13421772800000006,1.0,22470,131.6204599999994,13.162045999999942,6.40023852195255,16.28863024898795,0.3424279781827197,19.09601724391569,0,0.09437751004016064,False,False,False,383,0,0.0,16.029540000000008,0.17266919130242106,0.24426662399766436,0.39940464473763015,0.40554380416870117
SSI,BAD,UCB_WITHOUT_COST_NETWORK,UCB-VAE without Cost Network,49,11,train,0.3668482076545458,0.10737418240000006,1.0,24717,543.5935200000022,54.359352000000214,4.945169472134836,12.958114889989188,0.286043239270859,35.26121903761757,6,0.0,False,False,False,2241,0,0.0,60.20647999999985,0.1902782674419435,0.24602302308076215,0.36078113704050474,0.3668482005596161
SSI,BAD,UCB_WITHOUT_COST_NETWORK,UCB-VAE without Cost Network,49,11,test,0.3668482076545458,0.10737418240000006,1.0,24717,131.6204599999994,13.162045999999942,6.40023852195255,16.28863024898795,0.3424279781827197,19.09601724391569,0,0.09437751004016064,False,False,False,383,0,0.0,16.029540000000008,0.17266919130242106,0.24320004368761935,0.3612989323032124,0.3668482005596161
SSI,BAD,UCB_WITHOUT_COST_NETWORK,UCB-VAE without Cost Network,49,12,train,0.3318448191396838,0.08589934592000005,1.0,26964,523.8266800000049,52.382668000000486,4.7948877566321935,13.105363930223534,0.2732565062678932,35.25591374537512,6,0.0004450378282153983,False,False,False,2241,0,0.0,60.833319999999944,0.19595185427362433,0.2436170300869184,0.3262969936498639,0.3318448066711426
SSI,BAD,UCB_WITHOUT_COST_NETWORK,UCB-VAE without Cost Network,49,12,test,0.3318448191396838,0.08589934592000005,1.0,26964,131.6204599999994,13.162045999999942,6.40023852195255,16.28863024898795,0.3424279781827197,19.09601724391569,0,0.09437751004016064,False,False,False,383,0,0.0,16.029540000000008,0.17266919130242106,0.242255311743562,0.32682866942342853,0.3318448066711426
SSI,BAD,UCB_WITHOUT_COST_NETWORK,UCB-VAE without Cost Network,49,13,train,0.3001813330203001,0.06871947673600004,1.0,29211,521.790010000004,52.179001000000405,4.779305220604524,13.23530547663911,0.270749348229332,35.25558991084396,6,0.0,False,False,False,2241,0,0.0,61.55998999999994,0.20113744856149746,0.24208418516633667,0.2951083949055251,0.3001813292503357
SSI,BAD,UCB_WITHOUT_COST_NETWORK,UCB-VAE without Cost Network,49,13,test,0.3001813330203001,0.06871947673600004,1.0,29211,121.5513599999997,12.15513599999997,5.924183334523336,16.323044558545135,0.3143315148030823,19.225000183447026,0,0.07228915662650602,False,False,False,386,0,0.0,16.248640000000005,0.17487775660064983,0.24173913709071265,0.29563720142397404,0.3001813292503357
SSI,BAD,UCB_WITHOUT_COST_NETWORK,UCB-VAE without Cost Network,49,14,train,0.27153906734917177,0.054975581388800036,1.0,31458,591.1995300000042,59.119953000000415,5.300201209621913,12.265105704362831,0.32288285701065034,35.2544701093306,6,0.0,False,False,False,2245,0,0.0,63.31046999999988,0.17859568370748252,0.23593669829696987,0.2668816459454075,0.2715390622615814
SSI,BAD,UCB_WITHOUT_COST_NETWORK,UCB-VAE without Cost Network,49,14,test,0.27153906734917177,0.054975581388800036,1.0,31458,120.8277399999995,12.082773999999949,5.889889567543682,16.31203854536179,0.31243175226299374,19.1551206140138,0,0.09437751004016064,False,False,False,385,0,0.0,16.24226000000001,0.1736296682721657,0.24076014227536788,0.2674358035660478,0.2715390622615814
SSI,BAD,UCB_WITHOUT_COST_NETWORK,UCB-VAE without Cost Network,49,15,train,0.24562974770943447,0.05,1.0,33705,585.4849200000033,58.54849200000033,5.258085883112762,12.35759393671127,0.31813013413529034,35.250597745590184,6,0.0,False,False,False,2243,0,0.0,64.1550799999999,0.18408089977022501,0.23443081635446297,0.24135334524730892,0.24562974274158478
SSI,BAD,UCB_WITHOUT_COST_NETWORK,UCB-VAE without Cost Network,49,15,test,0.24562974770943447,0.05,1.0,33705,151.29902999999877,15.129902999999874,7.324563647122129,16.569152507088962,0.392092887768489,19.1551206140138,0,0.13052208835341367,False,False,False,385,0,0.0,16.300970000000003,0.1796754669067216,0.240947356514902,0.24193330270154234,0.24562974274158478
SSI,BAD,UCB_WITHOUT_COST_NETWORK,UCB-VAE without Cost Network,49,16,train,0.2221926058330938,0.05,1.0,35952,508.85842000000184,50.88584200000018,4.679931091109291,12.307953121594995,0.2737706883579504,35.196407281876816,6,0.0,False,False,False,2245,0,0.0,64.5415799999999,0.18794132278769984,0.23103494634482932,0.21822667398303536,0.22219260036945343
SSI,BAD,UCB_WITHOUT_COST_NETWORK,UCB-VAE without Cost Network,49,16,test,0.2221926058330938,0.05,1.0,35952,118.0668699999992,11.80668699999992,5.758945086606326,16.318116320333466,0.3047257315386948,19.1551206140138,0,0.09437751004016064,False,False,False,385,0,0.0,16.22313,0.17485783937976423,0.23966752679412623,0.21883620231168555,0.22219260036945343
SSI,BAD,UCB_WITHOUT_COST_NETWORK,UCB-VAE without Cost Network,49,17,train,0.20099175505933367,0.05,1.0,38199,475.58331000000453,47.55833100000045,4.420701623418366,12.814499872252966,0.24843223938501804,35.16806079264516,6,0.0,False,False,False,2244,0,0.0,64.0266899999999,0.19989824655517402,0.22799242194700517,0.19726322088329548,0.20099174976348877
SSI,BAD,UCB_WITHOUT_COST_NETWORK,UCB-VAE without Cost Network,49,17,test,0.20099175505933367,0.05,1.0,38199,132.71717999999942,13.271717999999941,6.451962461276151,17.9996320703288,0.3288249038877755,22.79504899831219,0,0.09036144578313253,False,False,False,387,0,0.0,16.262819999999998,0.20794306011035982,0.24175065245673838,0.19794543553993796,0.20099174976348877
SSI,BAD,UCB_WITHOUT_COST_NETWORK,UCB-VAE without Cost Network,49,18,train,0.18181381621752543,0.05,1.0,40446,474.49277000000575,47.44927700000057,4.412118170952728,13.078085381292809,0.2453974782023851,35.22744836632747,6,0.0008900756564307966,False,False,False,2224,0,0.0,63.577229999999986,0.22389505283544664,0.22329538027392423,0.17809197474532554,0.1818138211965561
SSI,BAD,UCB_WITHOUT_COST_NETWORK,UCB-VAE without Cost Network,49,18,test,0.18181381621752543,0.05,1.0,40446,136.93853999999965,13.693853999999964,6.650819397900798,18.035355731105945,0.3389677359335436,22.79504899831219,0,0.09036144578313253,False,False,False,390,0,0.0,16.42146,0.2114317068449626,0.2413158176175083,0.17904861825754625,0.1818138211965561
SSI,BAD,UCB_WITHOUT_COST_NETWORK,UCB-VAE without Cost Network,49,19,train,0.16446577004027732,0.05,1.0,42693,488.2498800000012,48.82498800000012,4.519987106783296,13.055863896656813,0.25357721467800937,35.256898086849596,6,0.0008900756564307966,False,False,False,2216,0,0.0,63.75011999999996,0.22493803089482467,0.22133598343021985,0.1610368366323108,0.1644657701253891
SSI,BAD,UCB_WITHOUT_COST_NETWORK,UCB-VAE without Cost Network,49,19,test,0.16446577004027732,0.05,1.0,42693,87.16226999999958,8.716226999999959,4.282036669916045,17.558243290800917,0.21429914393514157,23.195320809321185,0,0.10040160642570281,False,False,False,387,0,0.0,16.337730000000008,0.1940219492234324,0.238350045863524,0.16195135115325865,0.1644657701253891
SSI,BAD,UCB_WITHOUT_COST_NETWORK,UCB-VAE without Cost Network,49,20,train,0.14877301449181102,0.05,1.0,44940,565.6100900000006,56.56100900000006,5.1105548227037945,13.271411092269975,0.2944199393426259,35.151794188908745,6,0.0013351134846461949,False,False,False,2217,0,0.0,64.6199099999999,0.23480080027814565,0.21957729982637436,0.14565733736491335,0.14877301454544067
SSI,BAD,UCB_WITHOUT_COST_NETWORK,UCB-VAE without Cost Network,49,20,test,0.14877301449181102,0.05,1.0,44940,87.16226999999958,8.716226999999959,4.282036669916045,17.558243290800917,0.21429914393514157,23.195320809321185,0,0.10040160642570281,False,False,False,387,0,0.0,16.337730000000008,0.1940219492234324,0.23768520860906586,0.14649848014323022,0.14877301454544067
SSI,BAD,UCB_WITHOUT_COST_NETWORK,UCB-VAE without Cost Network,49,21,train,0.13457760745935274,0.05,1.0,47187,591.3861400000003,59.13861400000003,5.301574213263649,13.430140642479547,0.3061621675278714,34.955765924668505,7,0.0022251891410769915,False,False,False,2203,0,0.0,64.35385999999994,0.244560158097543,0.2181441141006466,0.13167688832191576,0.13457760214805603
SSI,BAD,UCB_WITHOUT_COST_NETWORK,UCB-VAE without Cost Network,49,21,test,0.13457760745935274,0.05,1.0,47187,114.26211999999964,11.426211999999964,5.578226435180245,18.08657032543166,0.2821176253521335,23.195320809321185,0,0.12449799196787148,False,False,False,387,0,0.0,16.457880000000003,0.21066048227486275,0.23902416969817805,0.1325326567844193,0.13457760214805603
SSI,BAD,UCB_WITHOUT_COST_NETWORK,UCB-VAE without Cost Network,49,22,train,0.12173667712083987,0.05,1.0,49434,580.8846900000019,58.08846900000019,5.2240851403622335,13.661440212734796,0.29784219669424206,34.90635504825732,7,0.0022251891410769915,False,False,False,2203,0,0.0,64.46530999999995,0.2528988782850841,0.21720512052828012,0.11908121051097006,0.12173667550086975
SSI,BAD,UCB_WITHOUT_COST_NETWORK,UCB-VAE without Cost Network,49,22,test,0.12173667712083987,0.05,1.0,49434,87.85487999999873,8.785487999999873,4.315363485595225,18.241517001832836,0.2147074912750208,23.195320809321185,0,0.11044176706827309,False,False,False,389,0,0.0,16.315120000000004,0.2183278533092771,0.2404093864901238,0.11986490180046074,0.12173667550086975
SSI,BAD,UCB_WITHOUT_COST_NETWORK,UCB-VAE without Cost Network,49,23,train,0.11012098398984942,0.05,1.0,51681,583.3215400000017,58.332154000000166,5.242107070221302,13.831372622702526,0.2971119445505758,34.87262895831001,7,0.003115264797507788,False,False,False,2181,0,0.0,64.05845999999997,0.2711942089997266,0.21400193410830654,0.1075995021041926,0.1101209819316864
SSI,BAD,UCB_WITHOUT_COST_NETWORK,UCB-VAE without Cost Network,49,23,test,0.11012098398984942,0.05,1.0,51681,75.93402999999921,7.59340299999992,3.7402759459482793,18.34274055311421,0.18413495323973403,23.195320809321185,0,0.12048192771084337,False,False,False,388,0,0.0,16.265970000000003,0.22004553447069422,0.23974485455986008,0.10842651120336354,0.1101209819316864
SSI,BAD,UCB_WITHOUT_COST_NETWORK,UCB-VAE without Cost Network,49,24,train,0.1,0.05,1.0,53928,682.9596200000001,68.295962,5.958671506468449,13.98912640682106,0.3442517861329659,34.9155718589225,8,0.006230529595015576,False,False,False,2149,0,0.0,64.14037999999998,0.2847656415109167,0.21253950566610444,0.0976339129483656,0.10000000149011612
SSI,BAD,UCB_WITHOUT_COST_NETWORK,UCB-VAE without Cost Network,49,24,test,0.1,0.05,1.0,53928,70.10061999999903,7.010061999999903,3.457702770512272,18.229875794980867,0.16905317193920374,23.195320809321185,0,0.08433734939759036,False,False,False,387,0,0.0,16.19938,0.2166338280543387,0.2383196212082024,0.09845713937302147,0.10000000149011612
SSI,BAD,UCB_WITHOUT_COST_NETWORK,UCB-VAE without Cost Network,49,25,train,0.1,0.05,1.0,56175,668.5135499999992,66.85135499999993,5.857156584535184,13.920615187032311,0.33830978206085877,34.94959952098165,7,0.0053404539385847796,False,False,False,2149,0,0.0,64.25644999999994,0.2882443601043492,0.21154957682782935,0.09761720552854217,0.10000000149011612
SSI,BAD,UCB_WITHOUT_COST_NETWORK,UCB-VAE without Cost Network,49,25,test,0.1,0.05,1.0,56175,70.18762999999899,7.018762999999899,3.461923207607631,18.212347778340945,0.16926770384426754,23.186634158365568,0,0.0823293172690763,False,False,False,387,0,0.0,16.202370000000002,0.21544601430184102,0.23763393580793857,0.09845741084318128,0.10000000149011612
SSI,BAD,UCB_WITHOUT_COST_NETWORK,UCB-VAE without Cost Network,49,26,train,0.1,0.05,1.0,58422,669.507070000001,66.9507070000001,5.864163180180482,14.040668786638255,0.33709391630511665,34.94959952098165,8,0.007120605251446373,False,False,False,2134,0,0.0,63.88292999999997,0.2931638562224473,0.21023745159400958,0.09755264467839675,0.10000000149011612
SSI,BAD,UCB_WITHOUT_COST_NETWORK,UCB-VAE without Cost Network,49,26,test,0.1,0.05,1.0,58422,78.54695999999944,7.854695999999945,3.8665999394088324,18.21511033213153,0.19089490103071152,22.536755660162797,0,0.09036144578313253,False,False,False,387,0,0.0,16.233040000000003,0.21642710643598706,0.23691213762305346,0.09845897315567147,0.10000000149011612
SSI,BAD,UCB_WITHOUT_COST_NETWORK,UCB-VAE without Cost Network,49,27,train,0.1,0.05,1.0,60669,709.2800700000016,70.92800700000016,6.141654856396617,13.910924347046969,0.3579117727698147,34.942223454373064,6,0.00801068090787717,False,False,False,2119,0,0.0,63.94992999999996,0.3081057955815951,0.2074196588034146,0.09750644740359453,0.10000000149011612
SSI,BAD,UCB_WITHOUT_COST_NETWORK,UCB-VAE without Cost Network,49,27,test,0.1,0.05,1.0,60669,86.65367999999967,8.665367999999967,4.257557740417828,18.754835118810277,0.21090627203569914,24.628900750295703,0,0.0321285140562249,False,False,False,386,0,0.0,16.30632,0.22303459494024916,0.2365924981104801,0.09845484307769573,0.10000000149011612
SSI,BAD,UCB_WITHOUT_COST_NETWORK,UCB-VAE without Cost Network,49,28,train,0.1,0.05,1.0,62916,687.7057800000002,68.77057800000003,5.991854561312748,14.249743837835801,0.34275856799124366,34.942223454373064,7,0.008900756564307966,False,False,False,2087,0,0.0,63.21422000000002,0.32350908425739583,0.20598371026844356,0.0974255211902421,0.10000000149011612
SSI,BAD,UCB_WITHOUT_COST_NETWORK,UCB-VAE without Cost Network,49,28,test,0.1,0.05,1.0,62916,72.86244999999917,7.2862449999999175,3.5915825588063166,20.038715741148476,0.17727773610412517,24.528255001975072,1,0.10240963855421686,False,False,False,389,0,0.0,16.407550000000004,0.22856721408447023,0.23673659965515614,0.09846915481200659,0.10000000149011612
SSI,BAD,UCB_WITHOUT_COST_NETWORK,UCB-VAE without Cost Network,49,29,train,0.1,0.05,1.0,65163,708.1229500000015,70.81229500000016,6.133663204313322,14.266399681270459,0.3519740409494264,34.93523733840892,7,0.009790832220738763,False,False,False,2066,0,0.0,62.92705000000001,0.32426783240544066,0.20580916394179907,0.09741933715499257,0.10000000149011612
SSI,BAD,UCB_WITHOUT_COST_NETWORK,UCB-VAE without Cost Network,49,29,test,0.1,0.05,1.0,65163,86.27460999999948,8.627460999999949,4.239309020629678,18.85565361997753,0.20985779936157703,24.508665212017984,0,0.1144578313253012,False,False,False,384,0,0.0,16.295390000000005,0.22887020075723047,0.23589140646548634,0.09845756852673587,0.10000000149011612
SSI,BAD,UCB_WITHOUT_COST_NETWORK,UCB-VAE without Cost Network,49,30,train,0.1,0.05,1.0,67410,723.4437700000015,72.34437700000015,6.239088798747572,14.388977789743251,0.35715561750252556,34.965509582743366,6,0.010235870048954161,False,False,False,2028,0,0.0,62.00623000000001,0.3308418947270948,0.2046545638566448,0.09738758350996232,0.10000000149011612
SSI,BAD,UCB_WITHOUT_COST_NETWORK,UCB-VAE without Cost Network,49,30,test,0.1,0.05,1.0,67410,122.21640999999954,12.221640999999954,5.955691633311644,19.83929655865544,0.2918517095493107,21.820000481366677,1,0.05220883534136546,False,False,False,388,0,0.0,16.703590000000005,0.22583598043139624,0.23420483388575206,0.09846880764188058,0.10000000149011612
SSI,BAD,UCB_WITHOUT_COST_NETWORK,UCB-VAE without Cost Network,49,31,train,0.1,0.05,1.0,69657,727.9101200000032,72.79101200000032,6.2696658201119915,14.588891029197114,0.3562444390115059,34.95639379172756,7,0.010235870048954161,False,False,False,2021,0,0.0,61.74988000000004,0.3368773225996026,0.20312359538153113,0.09732915299493972,0.10000000149011612
SSI,BAD,UCB_WITHOUT_COST_NETWORK,UCB-VAE without Cost Network,49,31,test,0.1,0.05,1.0,69657,131.49993999999924,13.149993999999923,6.394552987404101,19.856536561664278,0.3127618348668156,21.820000481366677,1,0.05823293172690763,False,False,False,390,0,0.0,17.03006000000001,0.22909619240516862,0.2340450461460165,0.09847038013329468,0.10000000149011612
SSI,BAD,UCB_WITHOUT_COST_NETWORK,UCB-VAE without Cost Network,49,32,train,0.1,0.05,1.0,71904,729.2978500000011,72.92978500000011,6.2791520367634135,14.57195211899996,0.3571066538873512,34.91780224674487,6,0.010235870048954161,False,False,False,2026,0,0.0,61.892150000000015,0.34274313243852267,0.2023108234280048,0.09732636422004477,0.10000000149011612
SSI,BAD,UCB_WITHOUT_COST_NETWORK,UCB-VAE without Cost Network,49,32,test,0.1,0.05,1.0,71904,115.20578999999907,11.520578999999907,5.623077667823861,19.96453511481353,0.27534789185444497,23.53174385483054,1,0.0783132530120482,False,False,False,388,0,0.0,16.734210000000008,0.2310148148431223,0.23352427925749955,0.0984654336604662,0.10000000149011612
SSI,BAD,UCB_WITHOUT_COST_NETWORK,UCB-VAE without Cost Network,49,33,train,0.1,0.05,1.0,74151,720.9808400000006,72.09808400000006,6.222197224949699,14.67782977875208,0.35191598316777706,34.549983050552115,7,0.012016021361815754,False,False,False,1998,0,0.0,61.11916000000003,0.34849579430412103,0.20053308260178215,0.09724220946698232,0.10000000149011612
SSI,BAD,UCB_WITHOUT_COST_NETWORK,UCB-VAE without Cost Network,49,33,test,0.1,0.05,1.0,74151,140.43967999999995,14.043967999999996,6.815469769860605,19.971420395679125,0.3320572000033336,21.04671596078919,1,0.09236947791164658,False,False,False,385,0,0.0,16.750320000000002,0.22567007960906194,0.23161101166203799,0.098478217881585,0.10000000149011612
SSI,BAD,UCB_WITHOUT_COST_NETWORK,UCB-VAE without Cost Network,49,34,train,0.1,0.05,1.0,76398,713.5739500000018,71.35739500000018,6.171268580895628,14.572846916940547,0.3500788353653206,34.03814791984644,8,0.01290609701824655,False,False,False,1987,0,0.0,60.85605000000001,0.34810021446733586,0.1986998628226449,0.0971834831506167,0.10000000149011612
SSI,BAD,UCB_WITHOUT_COST_NETWORK,UCB-VAE without Cost Network,49,34,test,0.1,0.05,1.0,76398,107.71993999999927,10.771993999999927,5.266764474605701,19.1306081661921,0.26126868842399265,23.020322852784943,0,0.0963855421686747,False,False,False,383,0,0.0,16.460060000000002,0.22655495107688303,0.23160305937909217,0.09845627940084083,0.10000000149011612
SSI,BAD,UCB_WITHOUT_COST_NETWORK,UCB-VAE without Cost Network,49,35,train,0.1,0.05,1.0,78645,867.4920400000017,86.74920400000016,7.191538889421789,14.8253469297691,0.41171939296237037,34.114363097272474,8,0.012461059190031152,False,False,False,1979,0,0.0,60.64796000000002,0.3585810915958845,0.19863773417183703,0.0971795647782372,0.10000000149011612
SSI,BAD,UCB_WITHOUT_COST_NETWORK,UCB-VAE without Cost Network,49,35,test,0.1,0.05,1.0,78645,142.5498200000004,14.254982000000041,6.914583058596757,20.053787597863153,0.3361845102290132,20.939356962164002,1,0.09036144578313253,False,False,False,385,0,0.0,16.980180000000008,0.2290611143176195,0.23013367527819062,0.0984742370532372,0.10000000149011612
SSI,BAD,UCB_WITHOUT_COST_NETWORK,UCB-VAE without Cost Network,49,36,train,0.1,0.05,1.0,80892,849.1316900000024,84.91316900000024,7.0738480339213705,14.755086393998665,0.4054586025788391,34.1217047879106,8,0.01335113484646195,False,False,False,1969,0,0.0,60.91831000000001,0.3541170961617537,0.19796283783836263,0.09718335416245895,0.10000000149011612
SSI,BAD,UCB_WITHOUT_COST_NETWORK,UCB-VAE without Cost Network,49,36,test,0.1,0.05,1.0,80892,176.2312400000003,17.62312400000003,8.484425444713617,19.91317954930098,0.41098217533886544,20.939356962164002,1,0.08634538152610442,False,False,False,387,0,0.0,17.138760000000016,0.22891319849049171,0.22906929658479,0.0984712041079367,0.10000000149011612
SSI,BAD,UCB_WITHOUT_COST_NETWORK,UCB-VAE without Cost Network,49,37,train,0.1,0.05,1.0,83139,757.914220000001,75.7914220000001,6.473274227452919,14.738041274311135,0.3672531539162278,34.02347877200092,8,0.014686248331108143,False,False,False,1962,0,0.0,60.96578000000003,0.3539791672322605,0.19669668551187913,0.09716593063052005,0.10000000149011612
SSI,BAD,UCB_WITHOUT_COST_NETWORK,UCB-VAE without Cost Network,49,37,test,0.1,0.05,1.0,83139,137.37729999999988,13.737729999999987,6.671467081236715,20.03745673921089,0.32506398723787167,23.28127034347554,2,0.08433734939759036,False,False,False,387,0,0.0,17.162700000000008,0.23906913671749497,0.2295820624324452,0.09845867986964588,0.10000000149011612
SSI,BAD,UCB_WITHOUT_COST_NETWORK,UCB-VAE without Cost Network,49,38,train,0.1,0.05,1.0,85386,798.7913700000022,79.87913700000023,6.7457528189327265,14.839361304379786,0.3831315438867344,33.83427496866823,8,0.014686248331108143,False,False,False,1966,0,0.0,60.77863000000006,0.3607478842725643,0.19596275946512506,0.09713610403473942,0.10000000149011612
SSI,BAD,UCB_WITHOUT_COST_NETWORK,UCB-VAE without Cost Network,49,38,test,0.1,0.05,1.0,85386,140.89817999999968,14.089817999999967,6.837013283019444,20.037545932822596,0.33287134295953585,23.28127034347554,2,0.08433734939759036,False,False,False,387,0,0.0,17.16182000000001,0.23961167444695078,0.22861850955878874,0.0984554813441002,0.10000000149011612
SSI,BAD,UCB_WITHOUT_COST_NETWORK,UCB-VAE without Cost Network,49,39,train,0.1,0.05,1.0,87633,907.3191300000028,90.73191300000029,7.443338123704701,14.985645123230205,0.42470325187355334,33.83427496866823,8,0.014241210502892745,False,False,False,1959,0,0.0,60.73087000000003,0.3642119622695162,0.19577170737687885,0.09713537566113319,0.10000000149011612
SSI,BAD,UCB_WITHOUT_COST_NETWORK,UCB-VAE without Cost Network,49,39,test,0.1,0.05,1.0,87633,132.46810999999957,13.246810999999955,6.440217914969515,19.809264799223882,0.31546328478527785,23.28127034347554,2,0.10642570281124498,False,False,False,386,0,0.0,17.061890000000005,0.23458959616994413,0.2267868998928003,0.09845040382510686,0.10000000149011612
SSI,BAD,UCB_WITHOUT_COST_NETWORK,UCB-VAE without Cost Network,49,40,train,0.1,0.05,1.0,89880,909.3930800000021,90.93930800000021,7.456321854102788,14.916715445959674,0.426785676023985,33.46543950820985,9,0.014686248331108143,False,False,False,1955,0,0.0,60.82692000000003,0.36321975777469195,0.19541110015467214,0.09713319851599567,0.10000000149011612
SSI,BAD,UCB_WITHOUT_COST_NETWORK,UCB-VAE without Cost Network,49,40,test,0.1,0.05,1.0,89880,127.3647399999993,12.73647399999993,6.1992916773633056,19.50507234840419,0.3056387958412315,23.66628429547232,2,0.10642570281124498,False,False,False,386,0,0.0,17.035260000000005,0.23372729391192779,0.22551485756973186,0.09844047893906388,0.10000000149011612
SSI,BAD,UCB_WITHOUT_COST_NETWORK,UCB-VAE without Cost Network,49,41,train,0.1,0.05,1.0,92127,958.761540000002,95.8761540000002,7.761745475971082,15.22517324395121,0.4400105338705924,33.470144392548626,9,0.01557632398753894,False,False,False,1941,0,0.0,60.79846000000005,0.3646595600682527,0.19507391617186184,0.09712342874030154,0.10000000149011612
SSI,BAD,UCB_WITHOUT_COST_NETWORK,UCB-VAE without Cost Network,49,41,test,0.1,0.05,1.0,92127,122.16984999999977,12.216984999999978,5.953486047385548,19.57760275549618,0.2933054277978197,23.774999380494705,2,0.04216867469879518,False,False,False,381,0,0.0,17.000150000000005,0.23508223302033437,0.22460312390303516,0.0984358571785325,0.10000000149011612
SSI,BAD,UCB_WITHOUT_COST_NETWORK,UCB-VAE without Cost Network,49,42,train,0.1,0.05,1.0,94374,843.232680000001,84.3232680000001,7.035814553997799,15.026320514659893,0.398454796353588,33.12880727484867,9,0.016911437472185136,False,False,False,1928,0,0.0,60.52732000000005,0.36247452578865214,0.19287361608155845,0.0970830842771205,0.10000000149011612
SSI,BAD,UCB_WITHOUT_COST_NETWORK,UCB-VAE without Cost Network,49,42,test,0.1,0.05,1.0,94374,66.4391699999992,6.64391699999992,3.2799481644306683,19.85136512652658,0.16207641383114188,26.454419848752657,2,0.10441767068273092,False,False,False,375,0,0.0,16.470830000000003,0.24087426911543114,0.22514830457876964,0.09843100488387176,0.10000000149011612
SSI,BAD,UCB_WITHOUT_COST_NETWORK,UCB-VAE without Cost Network,49,43,train,0.1,0.05,1.0,96621,905.3334100000013,90.53334100000014,7.430894983035219,15.173294059670003,0.42055001399605396,33.25162763133299,9,0.016911437472185136,False,False,False,1923,0,0.0,60.696590000000064,0.365793974704277,0.19305437894121083,0.09709441374717429,0.10000000149011612
SSI,BAD,UCB_WITHOUT_COST_NETWORK,UCB-VAE without Cost Network,49,43,test,0.1,0.05,1.0,96621,72.22526999999855,7.222526999999855,3.5607104938888856,20.07028766265454,0.1761149037675948,27.316354739726762,3,0.07630522088353414,False,False,False,376,0,0.0,16.604730000000004,0.24361845604802898,0.2246009817115035,0.09842928198675206,0.10000000149011612
SSI,BAD,UCB_WITHOUT_COST_NETWORK,UCB-VAE without Cost Network,49,44,train,0.1,0.05,1.0,98868,989.4764,98.94764,7.948331521359808,15.435055434721006,0.44742853987786385,33.49830382977374,9,0.01824655095683133,False,False,False,1917,0,0.0,60.44360000000009,0.374267798817639,0.19282548764863966,0.09707653765689594,0.10000000149011612
SSI,BAD,UCB_WITHOUT_COST_NETWORK,UCB-VAE without Cost Network,49,44,test,0.1,0.05,1.0,98868,72.31438999999864,7.231438999999863,3.5650290047185784,20.11865823416255,0.1764062503235942,26.857285723109065,3,0.07630522088353414,False,False,False,374,0,0.0,16.45561,0.2449224384246041,0.22374120896240793,0.09842401787546178,0.10000000149011612
SSI,BAD,UCB_WITHOUT_COST_NETWORK,UCB-VAE without Cost Network,49,45,train,0.1,0.05,1.0,101115,988.9008900000008,98.89008900000007,7.944859033745089,15.378221564213257,0.4482944530195099,32.74465110051181,9,0.018691588785046728,False,False,False,1908,0,0.0,59.869110000000084,0.374898798373021,0.19133958155492384,0.09703428540558917,0.10000000149011612
SSI,BAD,UCB_WITHOUT_COST_NETWORK,UCB-VAE without Cost Network,49,45,test,0.1,0.05,1.0,101115,130.99235999999928,13.099235999999928,6.370604573712524,19.83433184739708,0.31204637617147035,23.349071674167984,2,0.07630522088353414,False,False,False,381,0,0.0,17.22764,0.23931473660974553,0.22139043627254457,0.09841731152054863,0.10000000149011612
SSI,BAD,UCB_WITHOUT_COST_NETWORK,UCB-VAE without Cost Network,50,1,train,1.0,1.0,1.0,2247,26.226550000002362,2.622655000000236,0.28826204734080374,7.006421688790453,-0.2087640448984306,30.347179117335894,4,0.007120605251446373,False,False,False,2230,0,0.0,46.083449999999964,0.053937013773786874,0.24543033641048892,0.9763588116079944,1.0
SSI,BAD,UCB_WITHOUT_COST_NETWORK,UCB-VAE without Cost Network,50,1,test,1.0,1.0,1.0,2247,-27.64679999999987,-2.764679999999987,-1.396775496765812,2.0238363312483147,-1.679073012698197,5.1552470766791725,0,0.07429718875502007,False,False,False,461,0,0.0,18.7868,0.02635301066100837,0.3740266863421264,0.9859669557145234,1.0
SSI,BAD,UCB_WITHOUT_COST_NETWORK,UCB-VAE without Cost Network,50,2,train,0.9045834549972122,0.8,1.0,4494,22.927270000001386,2.2927270000001383,0.2523614068698832,7.216251240696361,-0.2056162349523156,31.04120697132125,4,0.006230529595015576,False,False,False,2228,0,0.0,45.98272999999997,0.0557643275523545,0.2411075486346887,0.8832101700288286,0.9045834541320801
SSI,BAD,UCB_WITHOUT_COST_NETWORK,UCB-VAE without Cost Network,50,2,test,0.9045834549972122,0.8,1.0,4494,-26.023869999999647,-2.6023869999999647,-1.3142391540395315,2.0207546279939956,-1.6399057681259641,5.243307527635139,0,0.0783132530120482,False,False,False,459,0,0.0,18.57387,0.02604979370259869,0.36810982813796844,0.8919327592449321,0.9045834541320801
SSI,BAD,UCB_WITHOUT_COST_NETWORK,UCB-VAE without Cost Network,50,3,train,0.8182712270546932,0.6400000000000001,1.0,6741,21.957330000002912,2.195733000000291,0.2417875688891069,7.215322002390066,-0.20712746870464338,31.011592973444568,4,0.009345794392523364,False,False,False,2225,0,0.0,45.83266999999996,0.05679082339647558,0.23633869920086745,0.798993705741004,0.8182712197303772
SSI,BAD,UCB_WITHOUT_COST_NETWORK,UCB-VAE without Cost Network,50,3,test,0.8182712270546932,0.6400000000000001,1.0,6741,-24.220460000000458,-2.4220460000000457,-1.222604595057275,2.0493260542356904,-1.5710824580569647,5.274842695877845,0,0.0823293172690763,False,False,False,455,0,0.0,18.340459999999997,0.02667881059434316,0.3623839391163554,0.806860097070905,0.8182712197303772
SSI,BAD,UCB_WITHOUT_COST_NETWORK,UCB-VAE without Cost Network,50,4,train,0.7401946136939427,0.5120000000000001,1.0,8988,19.508940000002553,1.9508940000002553,0.21505662257830238,7.241934258140052,-0.20981456943422738,31.030106314749307,4,0.0075656430796617715,False,False,False,2226,0,0.0,46.01106000000002,0.058434522358287486,0.23201844757683923,0.7227217788960009,0.7401946187019348
SSI,BAD,UCB_WITHOUT_COST_NETWORK,UCB-VAE without Cost Network,50,4,test,0.7401946136939427,0.5120000000000001,1.0,8988,-35.275720000001,-3.5275720000001,-1.785677704330646,2.0596031569485933,-1.843071607140354,5.80410971820375,0,0.09236947791164658,False,False,False,446,0,0.0,17.895719999999994,0.02745120756246457,0.35680131132463855,0.7298875895348201,0.7401946187019348
SSI,BAD,UCB_WITHOUT_COST_NETWORK,UCB-VAE without Cost Network,50,5,train,0.6695678010255933,0.4096000000000001,1.0,11235,18.2752000000022,1.82752000000022,0.20156531298021196,7.314733764749032,-0.20887681452309498,30.185394564084632,4,0.0075656430796617715,False,False,False,2226,0,0.0,46.18480000000004,0.06437258350958246,0.22798812991189701,0.6536071059406443,0.6695678234100342
SSI,BAD,UCB_WITHOUT_COST_NETWORK,UCB-VAE without Cost Network,50,5,test,0.6695678010255933,0.4096000000000001,1.0,11235,-34.525060000000394,-3.452506000000039,-1.747343225104947,2.0527106574369283,-1.830157389475709,5.736664687762138,0,0.09236947791164658,False,False,False,446,0,0.0,18.105059999999998,0.027789529105168194,0.35162329664790487,0.6602755584891759,0.6695678234100342
SSI,BAD,UCB_WITHOUT_COST_NETWORK,UCB-VAE without Cost Network,50,6,train,0.6056799548066172,0.3276800000000001,1.0,13482,9.803590000003283,0.9803590000003283,0.10853139365518683,7.412373176057923,-0.21779141900651564,30.236330486524647,4,0.0075656430796617715,False,False,False,2226,0,0.0,46.48641000000002,0.06731998051514017,0.2246760282985465,0.5911766603687326,0.6056799292564392
SSI,BAD,UCB_WITHOUT_COST_NETWORK,UCB-VAE without Cost Network,50,6,test,0.6056799548066172,0.3276800000000001,1.0,13482,-23.808219999999892,-2.380821999999989,-1.2016697797951115,2.1034583952281958,-1.5199595693791004,5.360312104936004,0,0.09236947791164658,False,False,False,445,0,0.0,18.50822,0.02891703358453528,0.34690863737858924,0.5973002103046154,0.6056799292564392
SSI,BAD,UCB_WITHOUT_COST_NETWORK,UCB-VAE without Cost Network,50,7,train,0.547888066141525,0.2621440000000001,1.0,15729,8.775890000002619,0.877589000000262,0.0971982108920022,7.58348475101078,-0.21269174722330977,30.307780406051588,4,0.00801068090787717,False,False,False,2223,0,0.0,46.49411000000003,0.07093731980544564,0.22171932617040757,0.5347705541143392,0.5478880405426025
SSI,BAD,UCB_WITHOUT_COST_NETWORK,UCB-VAE without Cost Network,50,7,test,0.547888066141525,0.2621440000000001,1.0,15729,-41.57332000000008,-4.157332000000008,-2.107868840916771,2.1110437129057162,-1.9546283366073678,6.373456451490448,0,0.10040160642570281,False,False,False,446,0,0.0,18.53332,0.02851369361616389,0.34244519101089266,0.5403036858836157,0.5478880405426025
SSI,BAD,UCB_WITHOUT_COST_NETWORK,UCB-VAE without Cost Network,50,8,train,0.49561047982204176,0.20971520000000007,1.0,17976,12.68645000000356,1.268645000000356,0.14026812701983804,7.8354734969114475,-0.19781910874741962,30.894940225734928,4,0.008900756564307966,False,False,False,2223,0,0.0,46.92354999999996,0.07603045273265847,0.2193317006018409,0.4837322303665906,0.49561047554016113
SSI,BAD,UCB_WITHOUT_COST_NETWORK,UCB-VAE without Cost Network,50,8,test,0.49561047982204176,0.20971520000000007,1.0,17976,-37.34190000000001,-3.7341900000000012,-1.891269587966482,2.068514745907177,-1.8874874358934652,5.30797965361617,0,0.10040160642570281,False,False,False,446,0,0.0,18.681900000000006,0.028853996107915076,0.33869279226864196,0.48877956740239886,0.49561047554016113
SSI,BAD,UCB_WITHOUT_COST_NETWORK,UCB-VAE without Cost Network,50,9,train,0.4483210401702486,0.1677721600000001,1.0,20223,15.41719000000353,1.541719000000353,0.17025623632573872,7.8093370206404344,-0.19489486478213788,30.031125273228593,4,0.009790832220738763,False,False,False,2221,0,0.0,47.11280999999992,0.08134419750960456,0.2172439035855509,0.43752992014145686,0.44832104444503784
SSI,BAD,UCB_WITHOUT_COST_NETWORK,UCB-VAE without Cost Network,50,9,test,0.4483210401702486,0.1677721600000001,1.0,20223,-52.60134000000028,-5.260134000000028,-2.67462426153946,2.14997834393117,-2.191204744598979,6.967224728927837,0,0.09236947791164658,False,False,False,445,0,0.0,18.80134,0.030603787920467366,0.3358206091276613,0.44213189606294007,0.44832104444503784
SSI,BAD,UCB_WITHOUT_COST_NETWORK,UCB-VAE without Cost Network,50,10,train,0.4055437954651474,0.13421772800000006,1.0,22470,1.6993200000006254,0.16993200000006253,0.0188800122653765,8.30447148419032,-0.19680855184142673,29.97800797692734,4,0.009345794392523364,False,False,False,2222,0,0.0,47.600679999999905,0.09465857488939036,0.2163018000440222,0.3957528386194353,0.40554380416870117
SSI,BAD,UCB_WITHOUT_COST_NETWORK,UCB-VAE without Cost Network,50,10,test,0.4055437954651474,0.13421772800000006,1.0,22470,-62.40467999999976,-6.240467999999975,-3.181206809408643,2.3861195148264285,-2.192658756706986,8.478253814027646,0,0.09236947791164658,False,False,False,444,0,0.0,19.004679999999993,0.03275423420836335,0.3334281024145314,0.399940084447039,0.40554380416870117
SSI,BAD,UCB_WITHOUT_COST_NETWORK,UCB-VAE without Cost Network,50,11,train,0.3668482076545458,0.10737418240000006,1.0,24717,16.659040000002733,1.6659040000002734,0.1838701295895362,8.459114183714817,-0.17202015461940104,30.158206908005763,4,0.008455718736092568,False,False,False,2224,0,0.0,48.000959999999964,0.09954084278384827,0.21488375102990884,0.3579414755005896,0.3668482005596161
SSI,BAD,UCB_WITHOUT_COST_NETWORK,UCB-VAE without Cost Network,50,11,test,0.3668482076545458,0.10737418240000006,1.0,24717,-73.1230599999999,-7.312305999999989,-3.738103312698149,2.410538188640106,-2.411529507596521,8.478253814027646,0,0.09236947791164658,False,False,False,444,0,0.0,19.00305999999999,0.03314766997918355,0.33113604412978914,0.36179397877832103,0.3668482005596161
SSI,BAD,UCB_WITHOUT_COST_NETWORK,UCB-VAE without Cost Network,50,12,train,0.3318448191396838,0.08589934592000005,1.0,26964,50.37936999999965,5.037936999999966,0.54799680639388,9.031474252143807,-0.11505796288620403,30.338025925807603,4,0.008455718736092568,False,False,False,2224,0,0.0,48.39062999999996,0.11095971425174077,0.21362009224729323,0.32388596517583357,0.3318448066711426
SSI,BAD,UCB_WITHOUT_COST_NETWORK,UCB-VAE without Cost Network,50,12,test,0.3318448191396838,0.08589934592000005,1.0,26964,-69.30006999999966,-6.930006999999966,-3.53910529568503,2.5630563021351955,-2.185281321825892,8.478253814027646,0,0.09437751004016064,False,False,False,443,0,0.0,18.930069999999997,0.033789792448538046,0.32890100193669997,0.32728421692432125,0.3318448066711426
SSI,BAD,UCB_WITHOUT_COST_NETWORK,UCB-VAE without Cost Network,50,13,train,0.3001813330203001,0.06871947673600004,1.0,29211,74.26399999999717,7.426399999999717,0.7996787250798443,9.525583379705834,-0.07778775671629007,31.12310888846049,4,0.007120605251446373,False,False,False,2222,0,0.0,48.45599999999995,0.1209508594949996,0.2128626550031759,0.292982076156625,0.3001813292503357
SSI,BAD,UCB_WITHOUT_COST_NETWORK,UCB-VAE without Cost Network,50,13,test,0.3001813330203001,0.06871947673600004,1.0,29211,-54.80640000000017,-5.480640000000016,-2.788341062954136,2.6100945518993233,-1.845890548795728,7.661961702302309,0,0.10240963855421686,False,False,False,444,0,0.0,19.066399999999994,0.03301871201571782,0.3269752004000557,0.29607328555474277,0.3001813292503357
SSI,BAD,UCB_WITHOUT_COST_NETWORK,UCB-VAE without Cost Network,50,14,train,0.27153906734917177,0.054975581388800036,1.0,31458,392.381699999999,39.2381699999999,3.7490397301202627,10.372668248239133,0.21715018921622783,31.12931432196695,4,0.015131286159323543,False,False,False,2212,0,0.0,48.558299999999946,0.14235229157230578,0.214243907907511,0.2652274539184237,0.2715390622615814
SSI,BAD,UCB_WITHOUT_COST_NETWORK,UCB-VAE without Cost Network,50,14,test,0.27153906734917177,0.054975581388800036,1.0,31458,-59.719949999999926,-5.971994999999993,-3.0422134016384272,2.7298886734550405,-1.8603190216813552,7.938354826490455,0,0.10441767068273092,False,False,False,443,0,0.0,19.189949999999985,0.03394622777221173,0.325366824236979,0.2678259970193886,0.2715390622615814
SSI,BAD,UCB_WITHOUT_COST_NETWORK,UCB-VAE without Cost Network,50,15,train,0.24562974770943447,0.05,1.0,33705,626.2607800000001,62.62607800000001,5.555689950677034,11.23757905002053,0.36369407766949147,32.229581534895615,7,0.010680907877169559,False,False,False,2221,0,0.0,49.05922000000002,0.15917222569264647,0.21684849081526983,0.2400999518575785,0.24562974274158478
SSI,BAD,UCB_WITHOUT_COST_NETWORK,UCB-VAE without Cost Network,50,15,test,0.24562974770943447,0.05,1.0,33705,-48.136670000000095,-4.8136670000000095,-2.4447806016543727,2.739430101743741,-1.6276072274503446,7.517870594834021,0,0.10441767068273092,False,False,False,445,0,0.0,19.14667,0.034141776895635086,0.32361689090250007,0.2422792782103245,0.24562974274158478
SSI,BAD,UCB_WITHOUT_COST_NETWORK,UCB-VAE without Cost Network,50,16,train,0.2221926058330938,0.05,1.0,35952,507.3029999999985,50.73029999999985,4.667927353054813,11.033257391951738,0.29115091612433763,31.89408909435022,7,0.010235870048954161,False,False,False,2219,0,0.0,49.13700000000001,0.15794336789518135,0.21443865429336462,0.21710894607188666,0.22219260036945343
SSI,BAD,UCB_WITHOUT_COST_NETWORK,UCB-VAE without Cost Network,50,16,test,0.2221926058330938,0.05,1.0,35952,-69.16139999999916,-6.916139999999917,-3.5318947713831927,3.0921282004489776,-1.8040761383580426,7.981246412461121,0,0.09437751004016064,False,False,False,451,0,0.0,19.521399999999986,0.0368915420419335,0.32236980141166705,0.21915734102306858,0.22219260036945343
SSI,BAD,UCB_WITHOUT_COST_NETWORK,UCB-VAE without Cost Network,50,17,train,0.20099175505933367,0.05,1.0,38199,736.9458799999977,73.69458799999977,6.331311206090828,11.55523825207315,0.4207467111469336,31.725296896995452,7,0.008455718736092568,False,False,False,2223,0,0.0,49.714119999999994,0.16788387998379986,0.2157280683471035,0.19650611050314526,0.20099174976348877
SSI,BAD,UCB_WITHOUT_COST_NETWORK,UCB-VAE without Cost Network,50,17,test,0.20099175505933367,0.05,1.0,38199,-54.42498999999964,-5.442498999999964,-2.7686619803953816,3.115692415829887,-1.5351287693368973,7.721575640163089,0,0.09236947791164658,False,False,False,452,0,0.0,19.514989999999987,0.0368862004260377,0.3203863419263238,0.19825237819686253,0.20099174976348877
SSI,BAD,UCB_WITHOUT_COST_NETWORK,UCB-VAE without Cost Network,50,18,train,0.18181381621752543,0.05,1.0,40446,880.0588400000008,88.00588400000008,7.271501337577901,11.968132662565518,0.4844818021425342,31.901887435597665,7,0.0035603026257231864,False,False,False,2232,0,0.0,50.38116,0.17585498265711583,0.21654931551676937,0.17778447263219208,0.1818138211965561
SSI,BAD,UCB_WITHOUT_COST_NETWORK,UCB-VAE without Cost Network,50,18,test,0.18181381621752543,0.05,1.0,40446,-39.634189999999535,-3.9634189999999534,-2.0085490243859305,3.229653200837416,-1.2366620372119792,6.886359858860224,0,0.0823293172690763,False,False,False,457,0,0.0,19.54419,0.0366557818409963,0.3183897298023883,0.17934055731663437,0.1818138211965561
SSI,BAD,UCB_WITHOUT_COST_NETWORK,UCB-VAE without Cost Network,50,19,train,0.16446577004027732,0.05,1.0,42693,920.4424900000006,92.04424900000005,7.525284879496108,12.26222826526215,0.4952041925235899,32.55986422678666,7,0.004895416110369382,False,False,False,2234,0,0.0,50.767510000000044,0.17982564454966637,0.2160366064092558,0.16083357882701294,0.1644657701253891
SSI,BAD,UCB_WITHOUT_COST_NETWORK,UCB-VAE without Cost Network,50,19,test,0.16446577004027732,0.05,1.0,42693,-38.25163999999927,-3.8251639999999267,-1.9377975479324738,3.2421655330617973,-1.2093196518265752,6.378084533239359,0,0.08032128514056225,False,False,False,458,0,0.0,19.491639999999997,0.03478442118130162,0.31634220412098263,0.16222838574885104,0.1644657701253891
SSI,BAD,UCB_WITHOUT_COST_NETWORK,UCB-VAE without Cost Network,50,20,train,0.14877301449181102,0.05,1.0,44940,894.3018299999999,89.43018299999999,7.361557051204559,12.225503272699365,0.483758662333542,32.34045312320782,7,0.0035603026257231864,False,False,False,2239,0,0.0,51.00817,0.18299469917088937,0.21398881080750629,0.14543008004341687,0.14877301454544067
SSI,BAD,UCB_WITHOUT_COST_NETWORK,UCB-VAE without Cost Network,50,20,test,0.14877301449181102,0.05,1.0,44940,-51.9866999999997,-5.19866999999997,-2.642950269117117,3.178691849667007,-1.4630692350276746,7.248614107532522,0,0.07630522088353414,False,False,False,460,0,0.0,19.626699999999996,0.03487508517276811,0.3145698282912553,0.1467450097089007,0.14877301454544067
SSI,BAD,UCB_WITHOUT_COST_NETWORK,UCB-VAE without Cost Network,50,21,train,0.13457760745935274,0.05,1.0,47187,1174.5163800000032,117.45163800000032,9.021064210717423,13.546697775271168,0.5633068346071809,32.67452758658036,8,0.0008900756564307966,False,False,False,2241,0,0.0,52.72362000000007,0.20298708021407644,0.2165697970368303,0.13161515674030105,0.13457760214805603
SSI,BAD,UCB_WITHOUT_COST_NETWORK,UCB-VAE without Cost Network,50,21,test,0.13457760745935274,0.05,1.0,47187,-25.193449999999302,-2.5193449999999302,-1.2720335031253804,3.268407600713858,-0.9905690174822274,6.135902457733438,0,0.06224899598393574,False,False,False,465,0,0.0,19.803449999999998,0.036762942495205224,0.31325531607291784,0.13274437329735622,0.13457760214805603
SSI,BAD,UCB_WITHOUT_COST_NETWORK,UCB-VAE without Cost Network,50,22,train,0.12173667712083987,0.05,1.0,49434,1211.200280000004,121.12002800000042,9.224040026027346,13.77461570344919,0.5698702752583001,32.67931631757817,8,0.0,False,False,False,2241,0,0.0,53.29972000000006,0.208820594953912,0.21562797636536424,0.1190289669316091,0.12173667550086975
SSI,BAD,UCB_WITHOUT_COST_NETWORK,UCB-VAE without Cost Network,50,22,test,0.12173667712083987,0.05,1.0,49434,-33.317639999999415,-3.331763999999941,-1.68571420600796,3.4246599956916537,-1.067485895761185,6.999282661008382,0,0.05823293172690763,False,False,False,467,0,0.0,19.857639999999996,0.03917005706319931,0.3118116698830003,0.12007441910411502,0.12173667550086975
SSI,BAD,UCB_WITHOUT_COST_NETWORK,UCB-VAE without Cost Network,50,23,train,0.11012098398984942,0.05,1.0,51681,1220.7191700000017,122.07191700000017,9.276219766846094,14.011419308297496,0.5660136534244374,32.58996605213543,10,0.0026702269692923898,False,False,False,2241,0,0.0,53.230830000000054,0.21536198671359638,0.21513477580238036,0.10766653871773303,0.1101209819316864
SSI,BAD,UCB_WITHOUT_COST_NETWORK,UCB-VAE without Cost Network,50,23,test,0.11012098398984942,0.05,1.0,51681,-38.3856999999997,-3.8385699999999705,-1.9446557982490953,3.4063223836757284,-1.1514974142232755,6.542017778822472,0,0.05622489959839357,False,False,False,468,0,0.0,19.865699999999997,0.03892849707728208,0.30995972717861575,0.10861595588123855,0.1101209819316864
SSI,BAD,UCB_WITHOUT_COST_NETWORK,UCB-VAE without Cost Network,50,24,train,0.1,0.05,1.0,53928,1225.6391800000024,122.56391800000024,9.303111924194951,14.010886220306231,0.5678061236253956,32.71275039788703,9,0.0022251891410769915,False,False,False,2242,0,0.0,53.46082000000005,0.21633528558504816,0.2138435766863515,0.09774769325723115,0.10000000149011612
SSI,BAD,UCB_WITHOUT_COST_NETWORK,UCB-VAE without Cost Network,50,24,test,0.1,0.05,1.0,53928,-45.843919999999684,-4.584391999999968,-2.3269573312111436,3.401733453181387,-1.2689076260561138,6.948139038557861,0,0.05421686746987952,False,False,False,469,0,0.0,19.843919999999997,0.03827596762504522,0.30837987494995317,0.09863104982836789,0.10000000149011612
SSI,BAD,UCB_WITHOUT_COST_NETWORK,UCB-VAE without Cost Network,50,25,train,0.1,0.05,1.0,56175,1226.587130000003,122.6587130000003,9.30828722813084,14.0373480776911,0.5673106141433228,32.03557907148012,10,0.0017801513128615932,False,False,False,2243,0,0.0,53.50287000000003,0.21996314809865444,0.2119278309408378,0.09771882348184896,0.10000000149011612
SSI,BAD,UCB_WITHOUT_COST_NETWORK,UCB-VAE without Cost Network,50,25,test,0.1,0.05,1.0,56175,-41.878850000000284,-4.187885000000029,-2.1235268337751023,3.3847442337614995,-1.213455154983271,6.593260378712432,0,0.05421686746987952,False,False,False,469,0,0.0,19.928849999999994,0.03824936494598462,0.3067590204407891,0.0986301023547081,0.10000000149011612
SSI,BAD,UCB_WITHOUT_COST_NETWORK,UCB-VAE without Cost Network,50,26,train,0.1,0.05,1.0,58422,1359.9557100000025,135.99557100000024,10.01759340387618,14.380452002668385,0.6025355529120822,32.02140834310024,11,0.0017801513128615932,False,False,False,2243,0,0.0,54.11429000000001,0.23077724618450873,0.21349308945812223,0.09772969739307462,0.10000000149011612
SSI,BAD,UCB_WITHOUT_COST_NETWORK,UCB-VAE without Cost Network,50,26,test,0.1,0.05,1.0,58422,-36.323410000000194,-3.6323410000000194,-1.8392056792212563,3.303039684040328,-1.1557406187574715,6.043397153161397,0,0.05421686746987952,False,False,False,469,0,0.0,19.793409999999987,0.03776222214590646,0.3050824103345833,0.09862977236933672,0.10000000149011612
SSI,BAD,UCB_WITHOUT_COST_NETWORK,UCB-VAE without Cost Network,50,27,train,0.1,0.05,1.0,60669,1412.8145600000025,141.28145600000025,10.288891564629,14.500613469485229,0.6158636958177431,31.983726577331606,11,0.0017801513128615932,False,False,False,2243,0,0.0,54.26544000000001,0.2342945090037916,0.21210444625425615,0.09769355148654561,0.10000000149011612
SSI,BAD,UCB_WITHOUT_COST_NETWORK,UCB-VAE without Cost Network,50,27,test,0.1,0.05,1.0,60669,-35.48089000000016,-3.548089000000016,-1.7961578503143172,3.291120264364401,-1.1466098363555448,6.031199173538387,0,0.05421686746987952,False,False,False,469,0,0.0,19.750889999999988,0.03741592897815306,0.3035803876188864,0.09862761907129881,0.10000000149011612
SSI,BAD,UCB_WITHOUT_COST_NETWORK,UCB-VAE without Cost Network,50,28,train,0.1,0.05,1.0,62916,2591.395620000004,259.13956200000035,15.275807735184754,17.129197537404455,0.8060501757653565,33.02672912664311,11,0.0,False,False,False,2247,0,0.0,57.14438000000004,0.3050831872235396,0.23688376581186074,0.09791745150504522,0.10000000149011612
SSI,BAD,UCB_WITHOUT_COST_NETWORK,UCB-VAE without Cost Network,50,28,test,0.1,0.05,1.0,62916,-49.588770000000636,-4.958877000000063,-2.5194764463681074,3.9439104753592114,-1.1398458176594317,8.344124970273064,0,0.04618473895582329,False,False,False,475,0,0.0,20.318769999999986,0.04098500737383874,0.30287274254493446,0.09862091497821762,0.10000000149011612
SSI,BAD,UCB_WITHOUT_COST_NETWORK,UCB-VAE without Cost Network,50,29,train,0.1,0.05,1.0,65163,2969.2127700000033,296.9212770000003,16.565028011373716,17.667348061579233,0.8502804577357824,32.72215555758308,12,0.0,False,False,False,2247,0,0.0,57.057230000000025,0.318768333409103,0.23819597778343657,0.09788171424946314,0.10000000149011612
SSI,BAD,UCB_WITHOUT_COST_NETWORK,UCB-VAE without Cost Network,50,29,test,0.1,0.05,1.0,65163,-36.8075500000009,-3.68075500000009,-1.8639508773356517,3.887040175182076,-0.9832200825799858,7.3924570687684,0,0.04216867469879518,False,False,False,477,0,0.0,20.297549999999994,0.04144177029190099,0.3014508674003513,0.09861812834954688,0.10000000149011612
SSI,BAD,UCB_WITHOUT_COST_NETWORK,UCB-VAE without Cost Network,50,30,train,0.1,0.05,1.0,67410,3093.166370000002,309.31663700000024,16.964260552100452,17.971766430905397,0.8580933871614133,32.75079599628497,12,0.0,False,False,False,2247,0,0.0,56.94363000000008,0.3319551021438763,0.2371394384037297,0.09787016472578647,0.10000000149011612
SSI,BAD,UCB_WITHOUT_COST_NETWORK,UCB-VAE without Cost Network,50,30,test,0.1,0.05,1.0,67410,-45.9798200000007,-4.59798200000007,-2.333937228127092,3.782292465030457,-1.1395132343864045,8.190924050542232,0,0.04216867469879518,False,False,False,477,0,0.0,20.239819999999998,0.039818273659066976,0.2994362376480696,0.09861632097579127,0.10000000149011612
SSI,BAD,UCB_WITHOUT_COST_NETWORK,UCB-VAE without Cost Network,50,31,train,0.1,0.05,1.0,69657,4102.446770000002,410.2446770000002,19.865973822501036,19.010473224480858,0.9513409983081451,32.68043520353617,13,0.0,False,False,False,2247,0,0.0,56.10323000000007,0.3605491888082948,0.240383518149336,0.09788762499125503,0.10000000149011612
SSI,BAD,UCB_WITHOUT_COST_NETWORK,UCB-VAE without Cost Network,50,31,test,0.1,0.05,1.0,69657,-25.53992000000096,-2.553992000000096,-1.2896404760720959,4.009088925331309,-0.805315573604952,7.610203129910606,0,0.04417670682730924,False,False,False,476,0,0.0,20.379919999999995,0.043121467602461494,0.2983923593019865,0.0986126696676636,0.10000000149011612
SSI,BAD,UCB_WITHOUT_COST_NETWORK,UCB-VAE without Cost Network,50,32,train,0.1,0.05,1.0,71904,4053.660320000002,405.36603200000013,19.737999125311887,19.226472485704996,0.9372013377478937,33.20103463137394,13,0.0,False,False,False,2247,0,0.0,55.999680000000026,0.3676417121986396,0.2378358974336623,0.09785738406216736,0.10000000149011612
SSI,BAD,UCB_WITHOUT_COST_NETWORK,UCB-VAE without Cost Network,50,32,test,0.1,0.05,1.0,71904,-27.053230000001008,-2.7053230000001007,-1.366580720077748,4.106020264961707,-0.8045098723760072,8.302168001708775,0,0.04216867469879518,False,False,False,477,0,0.0,20.38323,0.04351064664990786,0.2972565450402628,0.09860904017132144,0.10000000149011612
SSI,BAD,UCB_WITHOUT_COST_NETWORK,UCB-VAE without Cost Network,50,33,train,0.1,0.05,1.0,74151,3258.603320000001,325.8603320000001,17.480683863509583,18.030822347877834,0.8805237427064666,33.206203270933145,13,0.0,False,False,False,2247,0,0.0,56.73668000000005,0.32832505305271736,0.2268981331512564,0.0976801493745114,0.10000000149011612
SSI,BAD,UCB_WITHOUT_COST_NETWORK,UCB-VAE without Cost Network,50,33,test,0.1,0.05,1.0,74151,-18.91974000000107,-1.8919740000001068,-0.9537527711217519,4.100818129799956,-0.7028622881350057,7.367921212405583,0,0.04417670682730924,False,False,False,476,0,0.0,20.37974,0.043328020452294884,0.29635420100516585,0.09860303823901773,0.10000000149011612
SSI,BAD,UCB_WITHOUT_COST_NETWORK,UCB-VAE without Cost Network,50,34,train,0.1,0.05,1.0,76398,3939.437480000004,393.9437480000004,19.434024923657223,19.020566689645147,0.9317851514850819,33.0322723105617,13,0.0,False,False,False,2247,0,0.0,56.34252000000004,0.3650915968508237,0.23261492890374205,0.09776130324760803,0.10000000149011612
SSI,BAD,UCB_WITHOUT_COST_NETWORK,UCB-VAE without Cost Network,50,34,test,0.1,0.05,1.0,76398,-26.01982000000089,-2.6019820000000893,-1.3140332714610126,4.136190631660374,-0.7853541725798614,7.952604900821764,0,0.04819277108433735,False,False,False,474,0,0.0,20.27982,0.04372348825740255,0.29563183938882437,0.09859638675699142,0.10000000149011612
SSI,BAD,UCB_WITHOUT_COST_NETWORK,UCB-VAE without Cost Network,50,35,train,0.1,0.05,1.0,78645,3831.299960000003,383.1299960000003,19.1404321438152,18.886535971578482,0.923926488927875,32.69831845298522,13,0.0,False,False,False,2247,0,0.0,56.68004000000005,0.36473537640908194,0.22988064562247815,0.09771200566103327,0.10000000149011612
SSI,BAD,UCB_WITHOUT_COST_NETWORK,UCB-VAE without Cost Network,50,35,test,0.1,0.05,1.0,78645,-30.876300000000242,-3.0876300000000243,-1.5612206287880293,4.117452550451104,-0.8505419529080512,8.564519804766993,0,0.05220883534136546,False,False,False,472,0,0.0,20.1163,0.043532684641435,0.29534027270643587,0.09858703302364359,0.10000000149011612
SSI,BAD,UCB_WITHOUT_COST_NETWORK,UCB-VAE without Cost Network,50,36,train,0.1,0.05,1.0,80892,3937.0553300000047,393.70553300000046,19.427619208407943,18.746080207355668,0.9423955135415808,32.65103719148384,13,0.0,False,False,False,2247,0,0.0,56.65467000000008,0.3551425484453386,0.22761238974481357,0.09761779885694627,0.10000000149011612
SSI,BAD,UCB_WITHOUT_COST_NETWORK,UCB-VAE without Cost Network,50,36,test,0.1,0.05,1.0,80892,-19.330980000000523,-1.9330980000000522,-0.9745848708107907,4.018757048090755,-0.7233232075968903,7.4217935949224785,0,0.05421686746987952,False,False,False,471,0,0.0,20.01098,0.043260232440804784,0.29456356921827936,0.09857579425396211,0.10000000149011612
SSI,BAD,UCB_WITHOUT_COST_NETWORK,UCB-VAE without Cost Network,50,37,train,0.1,0.05,1.0,83139,3875.932080000006,387.5932080000006,19.26230899432253,18.933281930804345,0.9275719405743471,33.55915600322187,13,0.0,False,False,False,2247,0,0.0,56.547920000000076,0.3669075847643243,0.2271049948973713,0.09761919297069033,0.10000000149011612
SSI,BAD,UCB_WITHOUT_COST_NETWORK,UCB-VAE without Cost Network,50,37,test,0.1,0.05,1.0,83139,-21.81743000000074,-2.181743000000074,-1.1006332866052793,4.067576493241703,-0.745749607427652,7.357063120258822,0,0.04618473895582329,False,False,False,468,0,0.0,19.72743,0.04294823490335515,0.29484757230463754,0.0985642693033724,0.10000000149011612
SSI,BAD,UCB_WITHOUT_COST_NETWORK,UCB-VAE without Cost Network,50,38,train,0.1,0.05,1.0,85386,2554.33858,255.43385800000001,15.142945856998535,17.12019411867203,0.7995933510602696,32.61516981104949,11,0.0,False,False,False,2247,0,0.0,56.981420000000114,0.3087986695197994,0.21153695569019293,0.09738122388643948,0.10000000149011612
SSI,BAD,UCB_WITHOUT_COST_NETWORK,UCB-VAE without Cost Network,50,38,test,0.1,0.05,1.0,85386,-37.69582000000025,-3.7695820000000255,-1.9093679521162477,3.8416798744866707,-1.0074518432143054,7.397273732295042,0,0.03815261044176707,False,False,False,464,0,0.0,19.225820000000006,0.040530950964805294,0.2941707286041185,0.09855039522742738,0.10000000149011612
SSI,BAD,UCB_WITHOUT_COST_NETWORK,UCB-VAE without Cost Network,50,39,train,0.1,0.05,1.0,87633,2471.044670000001,247.1044670000001,14.839756919163904,16.913150252173182,0.7915744410839282,32.53459014783792,11,0.0,False,False,False,2247,0,0.0,57.20533000000012,0.3070567908739654,0.20885304591697643,0.09731758026103302,0.10000000149011612
SSI,BAD,UCB_WITHOUT_COST_NETWORK,UCB-VAE without Cost Network,50,39,test,0.1,0.05,1.0,87633,-41.286969999999656,-4.128696999999965,-2.093196054434987,3.88754547991449,-1.0437786644392109,8.065608658224749,0,0.03614457831325301,False,False,False,460,0,0.0,18.846970000000017,0.041833608682429496,0.2942375057941699,0.09853601464937098,0.10000000149011612
SSI,BAD,UCB_WITHOUT_COST_NETWORK,UCB-VAE without Cost Network,50,40,train,0.1,0.05,1.0,89880,2470.746320000002,247.0746320000002,14.838659355945172,16.98468962155243,0.7888980714896221,32.57047585356433,11,0.0,False,False,False,2247,0,0.0,57.213680000000096,0.30950686222555895,0.20717512845038094,0.09726475747009405,0.10000000149011612
SSI,BAD,UCB_WITHOUT_COST_NETWORK,UCB-VAE without Cost Network,50,40,test,0.1,0.05,1.0,89880,-43.791450000000395,-4.37914500000004,-2.2216015439663006,3.7921130741754703,-1.105904411623317,8.31656200775951,0,0.04216867469879518,False,False,False,453,0,0.0,18.33145000000001,0.04064318970137332,0.2931677396577525,0.09851978393356571,0.10000000149011612
SSI,BAD,UCB_WITHOUT_COST_NETWORK,UCB-VAE without Cost Network,50,41,train,0.1,0.05,1.0,92127,3387.8822500000015,338.7882250000001,17.871969623559615,18.427923586205104,0.8837217785850938,32.97674650679749,11,0.0,False,False,False,2247,0,0.0,56.80775000000005,0.3625732378288702,0.21794779413691828,0.09742048303933717,0.10000000149011612
SSI,BAD,UCB_WITHOUT_COST_NETWORK,UCB-VAE without Cost Network,50,41,test,0.1,0.05,1.0,92127,-44.99420000000009,-4.499420000000009,-2.283326483106496,3.77075301773231,-1.1292720487699193,8.404678416427108,0,0.04618473895582329,False,False,False,451,0,0.0,18.124200000000005,0.03985093311629995,0.29215275765542525,0.09850244816663319,0.10000000149011612
SSI,BAD,UCB_WITHOUT_COST_NETWORK,UCB-VAE without Cost Network,50,42,train,0.1,0.05,1.0,94374,3438.8294900000037,343.8829490000004,18.023360839115398,18.510645897767613,0.8876066022262922,33.21697247455923,11,0.0,False,False,False,2247,0,0.0,56.76051000000005,0.3664884015343119,0.21648047404205423,0.09738466450650267,0.10000000149011612
SSI,BAD,UCB_WITHOUT_COST_NETWORK,UCB-VAE without Cost Network,50,42,test,0.1,0.05,1.0,94374,-41.465119999999956,-4.146511999999996,-2.102324335909156,3.521272607198039,-1.1588866112391731,7.8396983831378275,0,0.10040160642570281,False,False,False,448,0,0.0,17.805119999999995,0.036009253415019725,0.29113137626264946,0.09848212160091192,0.10000000149011612
SSI,BAD,UCB_WITHOUT_COST_NETWORK,UCB-VAE without Cost Network,50,43,train,0.1,0.05,1.0,96621,3124.6147500000025,312.46147500000023,17.063839758487397,18.067596232716532,0.8592944435009129,33.200222485329306,11,0.0,False,False,False,2247,0,0.0,57.31525000000006,0.35499771812626857,0.21220513145738992,0.0972972295522116,0.10000000149011612
SSI,BAD,UCB_WITHOUT_COST_NETWORK,UCB-VAE without Cost Network,50,43,test,0.1,0.05,1.0,96621,-43.06119000000001,-4.306119000000002,-2.1841435905421536,3.5808845562945986,-1.1625470431856895,7.869379999999944,0,0.10441767068273092,False,False,False,446,0,0.0,17.631190000000004,0.03654238334219076,0.29094439590850985,0.09846470678818839,0.10000000149011612
SSI,BAD,UCB_WITHOUT_COST_NETWORK,UCB-VAE without Cost Network,50,44,train,0.1,0.05,1.0,98868,1974.596350000002,197.45963500000022,12.885755831039948,15.338557242503734,0.7433805917157785,32.340741630734904,11,0.0,False,False,False,2247,0,0.0,57.85365000000006,0.2664593766362479,0.19339189150556757,0.09687866759982923,0.10000000149011612
SSI,BAD,UCB_WITHOUT_COST_NETWORK,UCB-VAE without Cost Network,50,44,test,0.1,0.05,1.0,98868,-48.42012999999986,-4.842012999999986,-2.4593572865955093,3.4772874591156357,-1.2799364577296475,7.853466999999943,0,0.10642570281124498,False,False,False,445,0,0.0,17.41013000000001,0.03592206325347694,0.289752856570195,0.09844555449408525,0.10000000149011612
SSI,BAD,UCB_WITHOUT_COST_NETWORK,UCB-VAE without Cost Network,50,45,train,0.1,0.05,1.0,101115,3054.19547,305.419547,16.83991398096478,18.093684437257547,0.8476348165323025,33.198957359466355,11,0.0,False,False,False,2247,0,0.0,57.27453000000008,0.35853955550453265,0.20889247807002248,0.09720797231226826,0.10000000149011612
SSI,BAD,UCB_WITHOUT_COST_NETWORK,UCB-VAE without Cost Network,50,45,test,0.1,0.05,1.0,101115,-45.8794799999996,-4.587947999999961,-2.3287836640368265,3.4743039943588925,-1.242233888359586,7.454552999999919,0,0.11044176706827309,False,False,False,443,0,0.0,17.559480000000008,0.03593092803763957,0.2885463013796203,0.0984219711786663,0.10000000149011612
SSI,BAD,UCB_WITHOUT_COST_NETWORK,UCB-VAE without Cost Network,51,1,train,1.0,1.0,1.0,2247,150.66137999999887,15.066137999999887,1.5726040804398211,2.1673410587663646,-0.18577146658043395,5.422393315144135,0,0.0516243880729862,False,False,False,2041,0,0.0,45.79861999999997,0.03245409324489387,0.2842700634073776,0.9717123130983812,1.0
SSI,BAD,UCB_WITHOUT_COST_NETWORK,UCB-VAE without Cost Network,51,1,test,1.0,1.0,1.0,2247,-26.803870000000416,-2.680387000000042,-1.353898569238332,2.643765733277294,-1.2632858681428771,5.68802400000003,0,0.29518072289156627,False,False,False,234,0,0.0,17.533870000000004,0.02740617543972456,0.328344125704593,0.9808860468620713,1.0
SSI,BAD,UCB_WITHOUT_COST_NETWORK,UCB-VAE without Cost Network,51,2,train,0.9045834549972122,0.8,1.0,4494,161.35413999999855,16.135413999999855,1.677121083929789,2.0910163712520204,-0.14371186012677495,4.223252949693093,0,0.039163328882955054,False,False,False,2047,0,0.0,46.26585999999992,0.0315026125975863,0.2810852077731993,0.8796688269829969,0.9045834541320801
SSI,BAD,UCB_WITHOUT_COST_NETWORK,UCB-VAE without Cost Network,51,2,test,0.9045834549972122,0.8,1.0,4494,-54.46334999999988,-5.446334999999988,-2.770641009173447,2.695191057078628,-1.7799523315696548,6.6233200000000005,0,0.4839357429718876,False,False,False,229,0,0.0,17.073350000000005,0.025684738068019432,0.320017931002929,0.8874009440592842,0.9045834541320801
SSI,BAD,UCB_WITHOUT_COST_NETWORK,UCB-VAE without Cost Network,51,3,train,0.8182712270546932,0.6400000000000001,1.0,6741,185.4093499999983,18.54093499999983,1.9091586009861716,2.4364445848682257,-0.025758338222418676,4.551547949337832,0,0.025367156208277702,False,False,False,2047,0,0.0,46.08064999999991,0.03590448484453392,0.27509953740786913,0.7959391293717842,0.8182712197303772
SSI,BAD,UCB_WITHOUT_COST_NETWORK,UCB-VAE without Cost Network,51,3,test,0.8182712270546932,0.6400000000000001,1.0,6741,-47.636389999999324,-4.763638999999932,-2.4190594124942733,2.725782938498724,-1.6261268873636348,6.312802999999928,0,0.5301204819277109,False,False,False,225,0,0.0,16.506390000000007,0.023355504327809574,0.31342065555742943,0.8029034597110296,0.8182712197303772
SSI,BAD,UCB_WITHOUT_COST_NETWORK,UCB-VAE without Cost Network,51,4,train,0.7401946136939427,0.5120000000000001,1.0,8988,164.8763999999985,16.48763999999985,1.7113623799581035,2.7023773872110897,-0.09322067650462308,5.03603732064394,0,0.04806408544726302,False,False,False,2041,0,0.0,45.6835999999999,0.038583451633498606,0.26816618445188034,0.719995540380719,0.7401946187019348
SSI,BAD,UCB_WITHOUT_COST_NETWORK,UCB-VAE without Cost Network,51,4,test,0.7401946136939427,0.5120000000000001,1.0,8988,-44.87540000000001,-4.487540000000002,-2.277227962553907,2.799744501416159,-1.5301200184980133,6.749784,0,0.25100401606425704,False,False,False,222,0,0.0,15.685399999999998,0.03012567167249413,0.3062032565294978,0.7262292543372433,0.7401946187019348
SSI,BAD,UCB_WITHOUT_COST_NETWORK,UCB-VAE without Cost Network,51,5,train,0.6695678010255933,0.4096000000000001,1.0,11235,232.05402000000322,23.205402000000323,2.3474129640871144,3.060817219761753,0.12651457216124637,4.622342974364212,0,0.054294615042278595,False,False,False,2070,0,0.0,46.7259799999999,0.043745038326665285,0.26648103694784203,0.6517619969857648,0.6695678234100342
SSI,BAD,UCB_WITHOUT_COST_NETWORK,UCB-VAE without Cost Network,51,5,test,0.6695678010255933,0.4096000000000001,1.0,11235,-36.71706999999992,-3.671706999999992,-1.8593258237011856,2.8466554648535083,-1.3532549435053125,7.395944721626218,0,0.40963855421686746,False,False,False,222,0,0.0,15.347070000000004,0.03061931607764737,0.30136226668175925,0.6570186582892078,0.6695678234100342
SSI,BAD,UCB_WITHOUT_COST_NETWORK,UCB-VAE without Cost Network,51,6,train,0.6056799548066172,0.3276800000000001,1.0,13482,257.39888999999926,25.739888999999927,2.579395129910189,4.397209801619419,0.15132135555331877,11.260420403913157,0,0.03693813974187806,False,False,False,2077,0,0.0,47.2711099999999,0.05511228524399828,0.26088582643759106,0.5894119802327509,0.6056799292564392
SSI,BAD,UCB_WITHOUT_COST_NETWORK,UCB-VAE without Cost Network,51,6,test,0.6056799548066172,0.3276800000000001,1.0,13482,-45.09458000000029,-4.50945800000003,-2.2884797196167095,2.601812924140523,-1.653035186009773,7.707110024745531,0,0.45582329317269077,False,False,False,220,0,0.0,15.074580000000008,0.027214719168469407,0.29712949809898814,0.5943979258822802,0.6056799292564392
SSI,BAD,UCB_WITHOUT_COST_NETWORK,UCB-VAE without Cost Network,51,7,train,0.547888066141525,0.2621440000000001,1.0,15729,311.4070500000014,31.14070500000014,3.060182278172574,4.753286489503769,0.24264271572192148,12.307297188844853,0,0.019581664441477527,False,False,False,2090,0,0.0,47.282949999999914,0.0617600848111089,0.26112073435086275,0.5335142022861546,0.5478880405426025
SSI,BAD,UCB_WITHOUT_COST_NETWORK,UCB-VAE without Cost Network,51,7,test,0.547888066141525,0.2621440000000001,1.0,15729,-43.80912000000046,-4.3809120000000465,-2.2225080854683554,2.8840518560058053,-1.4649832383873018,8.34702084505976,0,0.41365461847389556,False,False,False,221,0,0.0,14.919120000000008,0.03066663982642164,0.29275749145023316,0.5376812170221232,0.5478880405426025
SSI,BAD,UCB_WITHOUT_COST_NETWORK,UCB-VAE without Cost Network,51,8,train,0.49561047982204176,0.20971520000000007,1.0,17976,335.39059000000066,33.539059000000066,3.268064727924691,4.944934714772312,0.27622613705541144,12.249061997755957,0,0.03426791277258567,False,False,False,2097,0,0.0,47.639409999999884,0.06473449812405349,0.25869986812804185,0.4826841408532043,0.49561047554016113
SSI,BAD,UCB_WITHOUT_COST_NETWORK,UCB-VAE without Cost Network,51,8,test,0.49561047982204176,0.20971520000000007,1.0,17976,-41.26652000000047,-4.126652000000046,-2.0921482648109557,2.77916134108879,-1.4730086645616893,8.103352199406961,0,0.3714859437751004,False,False,False,223,0,0.0,14.876520000000008,0.03147204796761181,0.28974286418961714,0.4864258809642837,0.49561047554016113
SSI,BAD,UCB_WITHOUT_COST_NETWORK,UCB-VAE without Cost Network,51,9,train,0.4483210401702486,0.1677721600000001,1.0,20223,349.4113100000013,34.941131000000134,3.38806026710341,5.066515963727836,0.2939228440436063,12.255241828617386,0,0.021806853582554516,False,False,False,2104,0,0.0,48.15868999999992,0.06863420968301263,0.2561702641530412,0.43664547482822474,0.44832104444503784
SSI,BAD,UCB_WITHOUT_COST_NETWORK,UCB-VAE without Cost Network,51,9,test,0.4483210401702486,0.1677721600000001,1.0,20223,-51.17711999999983,-5.117711999999983,-2.6012461243675955,2.86546910967991,-1.6112604299209456,7.246692841231147,0,0.24497991967871485,False,False,False,225,0,0.0,14.977120000000003,0.033139880995176556,0.287656358776083,0.4400563666303909,0.44832104444503784
SSI,BAD,UCB_WITHOUT_COST_NETWORK,UCB-VAE without Cost Network,51,10,train,0.4055437954651474,0.13421772800000006,1.0,22470,312.5278600000038,31.252786000000377,3.0699721125566626,5.567190151482808,0.21644671633633128,15.106552967203998,0,0.037828215398308856,False,False,False,2095,0,0.0,48.15213999999988,0.07544008846515687,0.24941189317874077,0.39463131219026854,0.40554380416870117
SSI,BAD,UCB_WITHOUT_COST_NETWORK,UCB-VAE without Cost Network,51,10,test,0.4055437954651474,0.13421772800000006,1.0,22470,-48.20542999999975,-4.820542999999975,-2.448316326362321,2.8236442165871787,-1.5795081095571797,6.950447043859322,0,0.22088353413654618,False,False,False,229,0,0.0,15.695429999999998,0.035759192260291034,0.28577970907870065,0.39811691430721374,0.40554380416870117
SSI,BAD,UCB_WITHOUT_COST_NETWORK,UCB-VAE without Cost Network,51,11,train,0.3668482076545458,0.10737418240000006,1.0,24717,658.7952900000016,65.87952900000016,5.788424316441243,7.3696728318702265,0.5356275187162015,17.044669163079917,0,0.010235870048954161,False,False,False,2158,0,0.0,49.87470999999991,0.11931639887358532,0.266697289761194,0.35773250707922355,0.3668482005596161
SSI,BAD,UCB_WITHOUT_COST_NETWORK,UCB-VAE without Cost Network,51,11,test,0.3668482076545458,0.10737418240000006,1.0,24717,-38.864000000000146,-3.8864000000000147,-1.9691285841030859,2.8349782459915094,-1.3987705210773034,6.903941969482827,0,0.21686746987951808,False,False,False,231,0,0.0,15.783999999999999,0.03944043486300336,0.28357548368384083,0.3601615217457552,0.3668482005596161
SSI,BAD,UCB_WITHOUT_COST_NETWORK,UCB-VAE without Cost Network,51,12,train,0.3318448191396838,0.08589934592000005,1.0,26964,638.0872500000035,63.808725000000344,5.640764964968725,7.090246180600482,0.5340383523541947,16.541773798868746,0,0.022251891410769914,False,False,False,2159,0,0.0,50.30274999999991,0.11424547944699981,0.26094271745955516,0.32341792623423865,0.3318448066711426
SSI,BAD,UCB_WITHOUT_COST_NETWORK,UCB-VAE without Cost Network,51,12,test,0.3318448191396838,0.08589934592000005,1.0,26964,-52.187619999999924,-5.218761999999993,-2.653303071471025,2.9368715416226423,-1.589723790367295,7.347428913380077,0,0.2891566265060241,False,False,False,233,0,0.0,15.947619999999999,0.03473046792874103,0.2822336847463765,0.32586409638466823,0.3318448066711426
SSI,BAD,UCB_WITHOUT_COST_NETWORK,UCB-VAE without Cost Network,51,13,train,0.3001813330203001,0.06871947673600004,1.0,29211,782.0503400000041,78.20503400000041,6.63483280139856,7.908089345102856,0.6060301906765243,16.68383950779803,0,0.009345794392523364,False,False,False,2174,0,0.0,51.34965999999994,0.14099773930513382,0.2584310551988426,0.29228149777492396,0.3001813292503357
SSI,BAD,UCB_WITHOUT_COST_NETWORK,UCB-VAE without Cost Network,51,13,test,0.3001813330203001,0.06871947673600004,1.0,29211,-55.81380000000013,-5.581380000000013,-2.8403375187339486,3.0686353518896117,-1.5833727717327195,7.818681540363088,0,0.2791164658634538,False,False,False,239,0,0.0,16.293799999999997,0.03596405300692233,0.2804811229128914,0.2947908517499612,0.3001813292503357
SSI,BAD,UCB_WITHOUT_COST_NETWORK,UCB-VAE without Cost Network,51,14,train,0.27153906734917177,0.054975581388800036,1.0,31458,4874.249900000001,487.42499000000004,21.758048163206656,30.63061472799808,0.7360894840577142,71.18083822219732,36,0.0,False,False,False,2242,0,0.0,44.05010000000003,0.8469575899049726,0.21396961217662414,0.2668869879782361,0.2715390622615814
SSI,BAD,UCB_WITHOUT_COST_NETWORK,UCB-VAE without Cost Network,51,14,test,0.27153906734917177,0.054975581388800036,1.0,31458,-55.9517400000002,-5.5951740000000205,-2.8474593753231914,3.1006176724600802,-1.5691064326074702,7.832416332968522,0,0.3032128514056225,False,False,False,239,0,0.0,16.291739999999994,0.03659447967071103,0.27923273082717837,0.2666776700583893,0.2715390622615814
SSI,BAD,UCB_WITHOUT_COST_NETWORK,UCB-VAE without Cost Network,51,15,train,0.24562974770943447,0.05,1.0,33705,783.8433700000046,78.38433700000046,6.646756951058719,8.091575839431814,0.5954959966512304,16.92450439115005,0,0.01557632398753894,False,False,False,2170,0,0.0,51.246629999999946,0.148930621763975,0.2556964131159203,0.23920464101453406,0.24562974274158478
SSI,BAD,UCB_WITHOUT_COST_NETWORK,UCB-VAE without Cost Network,51,15,test,0.24562974770943447,0.05,1.0,33705,-109.95054999999934,-10.995054999999935,-5.67643418833007,21.29611240035052,-0.264141312284672,34.26637687322997,8,0.3473895582329317,False,False,False,245,0,0.0,16.340549999999997,0.13876121607492706,0.28754709969203635,0.24118299043202496,0.24562974274158478
SSI,BAD,UCB_WITHOUT_COST_NETWORK,UCB-VAE without Cost Network,51,16,train,0.2221926058330938,0.05,1.0,35952,637.9522600000009,63.79522600000009,5.6397969839064865,6.718603810499648,0.5596554472457302,15.49274118490104,0,0.01913662661326213,False,False,False,2147,0,0.0,50.667739999999995,0.1139530878261529,0.2484559539388857,0.21634969555955924,0.22219260036945343
SSI,BAD,UCB_WITHOUT_COST_NETWORK,UCB-VAE without Cost Network,51,16,test,0.2221926058330938,0.05,1.0,35952,-91.7743799999995,-9.17743799999995,-4.714878600122951,20.98462697967818,-0.22245854881528943,33.0446633868585,8,0.35542168674698793,False,False,False,242,0,0.0,16.19438,0.1349963201336289,0.2869062549079278,0.2182222007127433,0.22219260036945343
SSI,BAD,UCB_WITHOUT_COST_NETWORK,UCB-VAE without Cost Network,51,17,train,0.20099175505933367,0.05,1.0,38199,734.3219600000023,73.43219600000023,6.31343925104948,7.0975896736584705,0.6237950794999519,14.59916268131693,0,0.014686248331108143,False,False,False,2166,0,0.0,51.518039999999935,0.12621783869275444,0.2507380183353443,0.19578301531539677,0.20099174976348877
SSI,BAD,UCB_WITHOUT_COST_NETWORK,UCB-VAE without Cost Network,51,17,test,0.20099175505933367,0.05,1.0,38199,-124.96326999999974,-12.496326999999974,-6.478040275882435,14.763225588646666,-0.5187205312492091,26.508040200624794,3,0.2791164658634538,False,False,False,249,0,0.0,16.153270000000003,0.14003926114042933,0.27786071252930594,0.19726402601128556,0.20099174976348877
SSI,BAD,UCB_WITHOUT_COST_NETWORK,UCB-VAE without Cost Network,51,18,train,0.18181381621752543,0.05,1.0,40446,743.673730000002,74.3673730000002,6.377026302035427,7.0364655214721985,0.6371763901019134,14.526506799514486,0,0.008900756564307966,False,False,False,2165,0,0.0,51.49626999999997,0.12608504257109412,0.24876281556071947,0.1770947649975485,0.1818138211965561
SSI,BAD,UCB_WITHOUT_COST_NETWORK,UCB-VAE without Cost Network,51,18,test,0.18181381621752543,0.05,1.0,40446,-134.8170699999996,-13.48170699999996,-7.007915398829089,14.892049037314742,-0.5514103880236461,27.346017511787345,3,0.285140562248996,False,False,False,245,0,0.0,15.867070000000007,0.14234823394985716,0.27743931813352557,0.17846590000354012,0.1818138211965561
SSI,BAD,UCB_WITHOUT_COST_NETWORK,UCB-VAE without Cost Network,51,19,train,0.16446577004027732,0.05,1.0,42693,1365.9584300000001,136.595843,10.048672674269543,8.860701861279425,0.9085620847577434,14.674913663184277,0,0.01557632398753894,False,False,False,2185,0,0.0,52.15156999999996,0.1519636199185062,0.24948741704504065,0.16020576932642766,0.1644657701253891
SSI,BAD,UCB_WITHOUT_COST_NETWORK,UCB-VAE without Cost Network,51,19,test,0.16446577004027732,0.05,1.0,42693,-124.67251999999962,-12.467251999999963,-6.462450856632628,14.747238846736895,-0.5183043120359622,26.422323703870344,3,0.28313253012048195,False,False,False,247,0,0.0,16.112520000000004,0.13961102056921312,0.2762386544970384,0.1614669648132737,0.1644657701253891
SSI,BAD,UCB_WITHOUT_COST_NETWORK,UCB-VAE without Cost Network,51,20,train,0.14877301449181102,0.05,1.0,44940,1429.9767300000012,142.99767300000013,10.375840850848261,9.259026343865068,0.9057014403235222,15.27715628018756,0,0.01335113484646195,False,False,False,2184,0,0.0,51.97326999999995,0.16304108288834682,0.24662671857573587,0.1448846241052991,0.14877301454544067
SSI,BAD,UCB_WITHOUT_COST_NETWORK,UCB-VAE without Cost Network,51,20,test,0.14877301449181102,0.05,1.0,44940,-129.90283999999986,-12.990283999999985,-6.743285390503406,14.572051834668331,-0.5471377336212634,26.22794462542653,3,0.28714859437751006,False,False,False,250,0,0.0,15.722840000000005,0.13653890759355933,0.27549473410210457,0.1461005204538439,0.14877301454544067
SSI,BAD,UCB_WITHOUT_COST_NETWORK,UCB-VAE without Cost Network,51,21,train,0.13457760745935274,0.05,1.0,47187,732.635840000004,73.2635840000004,6.301942119814208,7.503290560568216,0.5925551279723036,14.647791817004444,0,0.0075656430796617715,False,False,False,2163,0,0.0,51.62416000000001,0.13908758324375994,0.2414429095396743,0.13107111108372038,0.13457760214805603
SSI,BAD,UCB_WITHOUT_COST_NETWORK,UCB-VAE without Cost Network,51,21,test,0.13457760745935274,0.05,1.0,47187,-129.90283999999986,-12.990283999999985,-6.743285390503406,14.572051834668331,-0.5471377336212634,26.22794462542653,3,0.28714859437751006,False,False,False,250,0,0.0,15.722840000000005,0.13653890759355933,0.27454938200942003,0.13218200309987527,0.13457760214805603
SSI,BAD,UCB_WITHOUT_COST_NETWORK,UCB-VAE without Cost Network,51,22,train,0.12173667712083987,0.05,1.0,49434,859.3015200000013,85.93015200000013,7.139164850090141,7.62547627052488,0.6880639706637224,13.93032562575062,0,0.00801068090787717,False,False,False,2166,0,0.0,51.61847999999998,0.14411341872059524,0.2414102028768541,0.11860294081504308,0.12173667550086975
SSI,BAD,UCB_WITHOUT_COST_NETWORK,UCB-VAE without Cost Network,51,22,test,0.12173667712083987,0.05,1.0,49434,-40.716790000000174,-4.071679000000017,-2.0639861099006174,2.9022731732041764,-1.3993170335151124,6.203909508641864,0,0.23493975903614459,False,False,False,229,0,0.0,15.346790000000004,0.04144122881921175,0.27064478475166615,0.11969780610067081,0.12173667550086975
SSI,BAD,UCB_WITHOUT_COST_NETWORK,UCB-VAE without Cost Network,51,23,train,0.11012098398984942,0.05,1.0,51681,676.6082400000039,67.66082400000039,5.914135090912875,7.141250830168384,0.567251156364178,13.593124923655736,0,0.015131286159323543,False,False,False,2151,0,0.0,51.23175999999997,0.13612438107973956,0.23920785586636067,0.10730801678031338,0.1101209819316864
SSI,BAD,UCB_WITHOUT_COST_NETWORK,UCB-VAE without Cost Network,51,23,test,0.11012098398984942,0.05,1.0,51681,-41.41609000000017,-4.141609000000017,-2.0998119886735056,2.9034387830051482,-1.411452184326554,6.273622260006276,0,0.23493975903614459,False,False,False,229,0,0.0,15.346090000000004,0.04161207489506429,0.26956518784344913,0.1082934509022974,0.1101209819316864
SSI,BAD,UCB_WITHOUT_COST_NETWORK,UCB-VAE without Cost Network,51,24,train,0.1,0.05,1.0,53928,673.7261200000034,67.37261200000034,5.89387593968409,6.889298349469058,0.5826319156479297,12.865561428013134,0,0.01290609701824655,False,False,False,2155,0,0.0,51.313879999999976,0.13061715888748263,0.23755773849218328,0.09749281572644251,0.10000000149011612
SSI,BAD,UCB_WITHOUT_COST_NETWORK,UCB-VAE without Cost Network,51,24,test,0.1,0.05,1.0,53928,-39.87125000000049,-3.987125000000049,-2.020685576764103,2.7922923118870435,-1.4395930637825345,5.443411479071355,0,0.23493975903614459,False,False,False,228,0,0.0,15.071250000000004,0.03853755218399132,0.26872538110936983,0.09836877641064401,0.10000000149011612
SSI,BAD,UCB_WITHOUT_COST_NETWORK,UCB-VAE without Cost Network,51,25,train,0.1,0.05,1.0,56175,661.0601200000028,66.10601200000028,5.804474220657396,6.937592730464213,0.5667759542491343,12.116491630303452,0,0.015131286159323543,False,False,False,2154,0,0.0,51.11988,0.13180268571600662,0.23594549221360106,0.0975104145250231,0.10000000149011612
SSI,BAD,UCB_WITHOUT_COST_NETWORK,UCB-VAE without Cost Network,51,25,test,0.1,0.05,1.0,56175,-40.57055000000048,-4.057055000000048,-2.0564957254254557,2.793419851316584,-1.45219819950394,5.513124230435768,0,0.23493975903614459,False,False,False,228,0,0.0,15.070550000000003,0.038705214767135225,0.26781611539513234,0.09838479857683705,0.10000000149011612
SSI,BAD,UCB_WITHOUT_COST_NETWORK,UCB-VAE without Cost Network,51,26,train,0.1,0.05,1.0,58422,171.18709000000445,17.118709000000447,1.772481632205447,16.125038112460572,0.0666331406055861,62.68864245672334,10,0.032487761459724075,False,False,False,2089,0,0.0,48.74290999999988,0.3498637705304364,0.21683075284965844,0.09742155249321031,0.10000000149011612
SSI,BAD,UCB_WITHOUT_COST_NETWORK,UCB-VAE without Cost Network,51,26,test,0.1,0.05,1.0,58422,-60.88446000000033,-6.088446000000033,-3.1024779081102682,2.7662940912016234,-1.8581266637272935,7.388867775795606,0,0.2891566265060241,False,False,False,224,0,0.0,14.954460000000003,0.03572254063095724,0.2664159300576252,0.09839601167615376,0.10000000149011612
SSI,BAD,UCB_WITHOUT_COST_NETWORK,UCB-VAE without Cost Network,51,27,train,0.1,0.05,1.0,60669,243.71157000000335,24.371157000000334,2.454636489756634,16.14407447187995,0.10845649041184056,62.0531221504646,11,0.02358700489541611,False,False,False,2107,0,0.0,49.65842999999983,0.3495207095095375,0.21659478763036322,0.09746766326959626,0.10000000149011612
SSI,BAD,UCB_WITHOUT_COST_NETWORK,UCB-VAE without Cost Network,51,27,test,0.1,0.05,1.0,60669,-67.6687000000004,-6.76687000000004,-3.4543116345687186,2.655851417966391,-2.0746487333127344,7.816156199788393,0,0.3614457831325301,False,False,False,225,0,0.0,14.948700000000004,0.03057188225655785,0.26574089985535326,0.09842178967175104,0.10000000149011612
SSI,BAD,UCB_WITHOUT_COST_NETWORK,UCB-VAE without Cost Network,51,28,train,0.1,0.05,1.0,62916,792.4504100000042,79.24504100000043,6.70384828520505,7.640127398226738,0.6331703787877351,15.443750357885461,0,0.006675567423230975,False,False,False,2154,0,0.0,51.53958999999997,0.15541529645467717,0.23039710311808478,0.09751194705823799,0.10000000149011612
SSI,BAD,UCB_WITHOUT_COST_NETWORK,UCB-VAE without Cost Network,51,28,test,0.1,0.05,1.0,62916,-82.47223000000008,-8.247223000000007,-4.226485462894747,14.145917822230563,-0.37813949599756563,23.84366004844469,3,0.285140562248996,False,False,False,243,0,0.0,15.262230000000002,0.12906477348913134,0.2682372894901109,0.0983688938314134,0.10000000149011612
SSI,BAD,UCB_WITHOUT_COST_NETWORK,UCB-VAE without Cost Network,51,29,train,0.1,0.05,1.0,65163,854.966340000004,85.4966340000004,7.111360621182561,7.114489191425467,0.7285164249413474,10.094596548784784,0,0.011125945705384957,False,False,False,2142,0,0.0,51.37365999999998,0.14058225710519995,0.2315994358767018,0.0976173466977074,0.10000000149011612
SSI,BAD,UCB_WITHOUT_COST_NETWORK,UCB-VAE without Cost Network,51,29,test,0.1,0.05,1.0,65163,-92.7122900000004,-9.271229000000039,-4.764259970184758,14.243908929761693,-0.41441905965422926,24.50740758544525,3,0.2891566265060241,False,False,False,239,0,0.0,14.762290000000004,0.1295398324596224,0.26711638584493635,0.09838706994984828,0.10000000149011612
SSI,BAD,UCB_WITHOUT_COST_NETWORK,UCB-VAE without Cost Network,51,30,train,0.1,0.05,1.0,67410,224.62314000000174,22.462314000000173,2.278593838860088,15.924199347167129,0.09683788071873149,62.099163533986804,11,0.03649310191366266,False,False,False,2094,0,0.0,48.716859999999855,0.3457770177015508,0.21345725240087213,0.09757835176053806,0.10000000149011612
SSI,BAD,UCB_WITHOUT_COST_NETWORK,UCB-VAE without Cost Network,51,30,test,0.1,0.05,1.0,67410,-87.52008000000023,-8.752008000000023,-4.491206222233823,14.214207743633759,-0.3952759341964163,24.207451351056726,3,0.285140562248996,False,False,False,243,0,0.0,15.280080000000003,0.13081835287171173,0.2657916939491967,0.09840812954226084,0.10000000149011612
SSI,BAD,UCB_WITHOUT_COST_NETWORK,UCB-VAE without Cost Network,51,31,train,0.1,0.05,1.0,69657,256.2363100000032,25.62363100000032,2.568845353004434,15.849909951767277,0.11459041561127715,61.99732765561868,11,0.0262572318647085,False,False,False,2102,0,0.0,49.313689999999866,0.3451907269097481,0.2125902863763999,0.09761314940497429,0.10000000149011612
SSI,BAD,UCB_WITHOUT_COST_NETWORK,UCB-VAE without Cost Network,51,31,test,0.1,0.05,1.0,69657,-93.16184000000044,-9.316184000000044,-4.787937991229896,14.273232505216136,-0.41503347019575315,24.50740758544525,3,0.2891566265060241,False,False,False,239,0,0.0,14.761840000000005,0.13113441693307973,0.26499375605200187,0.0984274607631859,0.10000000149011612
SSI,BAD,UCB_WITHOUT_COST_NETWORK,UCB-VAE without Cost Network,51,32,train,0.1,0.05,1.0,71904,339.93250000000353,33.99325000000035,3.3070585288121235,15.951565293205256,0.1602245247730406,61.69940995459156,11,0.02848242100578549,False,False,False,2112,0,0.0,50.16749999999987,0.34857776529427886,0.2119854176023243,0.09766374445181716,0.10000000149011612
SSI,BAD,UCB_WITHOUT_COST_NETWORK,UCB-VAE without Cost Network,51,32,test,0.1,0.05,1.0,71904,-92.15489000000048,-9.215489000000048,-4.734909552658618,14.338956413500172,-0.40854882228182676,24.97224000956866,3,0.3072289156626506,False,False,False,240,0,0.0,15.004890000000003,0.1334769796158819,0.26410480856476537,0.09844386179371444,0.10000000149011612
SSI,BAD,UCB_WITHOUT_COST_NETWORK,UCB-VAE without Cost Network,51,33,train,0.1,0.05,1.0,74151,291.3408700000041,29.13408700000041,2.8836416298874568,15.830877957301077,0.13406993144435228,61.7591465014912,11,0.014686248331108143,False,False,False,2097,0,0.0,49.36912999999988,0.343004782545885,0.21062113482274636,0.09770794214204749,0.10000000149011612
SSI,BAD,UCB_WITHOUT_COST_NETWORK,UCB-VAE without Cost Network,51,33,test,0.1,0.05,1.0,74151,-89.95819000000051,-8.99581900000005,-4.619327594982392,14.303288763180777,-0.4013788395970325,24.75325244926235,3,0.3072289156626506,False,False,False,240,0,0.0,15.008190000000004,0.1331680254798337,0.26295982827862585,0.09846513006630803,0.10000000149011612
SSI,BAD,UCB_WITHOUT_COST_NETWORK,UCB-VAE without Cost Network,51,34,train,0.1,0.05,1.0,76398,4172.837200000002,417.2837200000002,20.048715743374103,27.779155821143185,0.7304125610810329,69.90894146467365,31,0.0,False,False,False,2241,0,0.0,54.84280000000003,0.7018953182230117,0.19200031257731467,0.09810984956266598,0.10000000149011612
SSI,BAD,UCB_WITHOUT_COST_NETWORK,UCB-VAE without Cost Network,51,34,test,0.1,0.05,1.0,76398,-89.95819000000051,-8.99581900000005,-4.619327594982392,14.303288763180777,-0.4013788395970325,24.75325244926235,3,0.3072289156626506,False,False,False,240,0,0.0,15.008190000000004,0.1331680254798337,0.2614911973596098,0.09848553393146295,0.10000000149011612
SSI,BAD,UCB_WITHOUT_COST_NETWORK,UCB-VAE without Cost Network,51,35,train,0.1,0.05,1.0,78645,4578.066780000003,457.8066780000003,21.05965847821727,27.729577222532093,0.7617014469805129,68.91047339635601,29,0.0,False,False,False,2242,0,0.0,53.83321999999994,0.7033370544412878,0.1909783555565275,0.09815354851012081,0.10000000149011612
SSI,BAD,UCB_WITHOUT_COST_NETWORK,UCB-VAE without Cost Network,51,35,test,0.1,0.05,1.0,78645,-88.66590999999994,-8.866590999999994,-4.551397701016747,14.291962582941192,-0.39678789856995095,24.63239308812381,3,0.30522088353413657,False,False,False,240,0,0.0,15.015910000000003,0.13319972360552682,0.26063179963803196,0.09850603464192481,0.10000000149011612
SSI,BAD,UCB_WITHOUT_COST_NETWORK,UCB-VAE without Cost Network,51,36,train,0.1,0.05,1.0,80892,200.53973000000428,20.05397300000043,2.0529718190972712,15.640568414126516,0.08147929023459922,61.115077747985694,10,0.023141967067200713,False,False,False,2081,0,0.0,48.69026999999991,0.3407816630341606,0.2056670507020721,0.09774038135835392,0.10000000149011612
SSI,BAD,UCB_WITHOUT_COST_NETWORK,UCB-VAE without Cost Network,51,36,test,0.1,0.05,1.0,80892,-84.7144400000002,-8.47144400000002,-4.343982251300426,14.01903129885774,-0.3916171406232445,23.987005335791903,3,0.3092369477911647,False,False,False,239,0,0.0,14.954440000000005,0.1289254914287852,0.25946827938997125,0.0985274987309551,0.10000000149011612
SSI,BAD,UCB_WITHOUT_COST_NETWORK,UCB-VAE without Cost Network,51,37,train,0.1,0.05,1.0,83139,318.06451000000425,31.806451000000425,3.1182238323484324,15.756482524269327,0.1485417598435331,61.97973593168417,10,0.021806853582554516,False,False,False,2099,0,0.0,49.10548999999988,0.3443971133460209,0.20595144538161592,0.09782438226236795,0.10000000149011612
SSI,BAD,UCB_WITHOUT_COST_NETWORK,UCB-VAE without Cost Network,51,37,test,0.1,0.05,1.0,83139,-84.2956200000001,-8.42956200000001,-4.322024268460223,14.012085013466253,-0.39022948083842546,23.94525344886719,3,0.3092369477911647,False,False,False,239,0,0.0,14.875620000000005,0.1287853302106476,0.2586967511977776,0.09854731355685308,0.10000000149011612
SSI,BAD,UCB_WITHOUT_COST_NETWORK,UCB-VAE without Cost Network,51,38,train,0.1,0.05,1.0,85386,250.62191000000598,25.0621910000006,2.517775280391299,15.693306938890913,0.1109545180403071,62.004711391212766,10,0.03382287494437027,False,False,False,2085,0,0.0,49.38808999999986,0.3417398998288206,0.20445643213188378,0.09784507570362411,0.10000000149011612
SSI,BAD,UCB_WITHOUT_COST_NETWORK,UCB-VAE without Cost Network,51,38,test,0.1,0.05,1.0,85386,-84.81706000000008,-8.481706000000008,-4.349363197792078,14.020348519998297,-0.39197164945930973,23.997235455261386,3,0.3092369477911647,False,False,False,239,0,0.0,14.797060000000004,0.1287762850147952,0.25787937491533747,0.09856720128636937,0.10000000149011612
SSI,BAD,UCB_WITHOUT_COST_NETWORK,UCB-VAE without Cost Network,51,39,train,0.1,0.05,1.0,87633,4733.567700000003,473.3567700000004,21.4303249258355,27.09453971174174,0.7845416719235772,68.69125207854295,29,0.0,False,False,False,2243,0,0.0,54.29229999999995,0.6860326930897193,0.1870284535630735,0.09824854097110426,0.10000000149011612
SSI,BAD,UCB_WITHOUT_COST_NETWORK,UCB-VAE without Cost Network,51,39,test,0.1,0.05,1.0,87633,-83.09662000000003,-8.309662000000003,-4.259190499707577,14.201804281971405,-0.3785131859511898,24.07719427638877,3,0.3092369477911647,False,False,False,239,0,0.0,14.676620000000003,0.13115084736790733,0.2567155764973068,0.09858784402437391,0.10000000149011612
SSI,BAD,UCB_WITHOUT_COST_NETWORK,UCB-VAE without Cost Network,51,40,train,0.1,0.05,1.0,89880,4295.197460000001,429.51974600000017,20.361181168011978,27.30864803346458,0.7479014377982972,69.34996981291143,31,0.0,False,False,False,2241,0,0.0,55.62253999999995,0.6873110658702314,0.1860517012009262,0.09829591222825732,0.10000000149011612
SSI,BAD,UCB_WITHOUT_COST_NETWORK,UCB-VAE without Cost Network,51,40,test,0.1,0.05,1.0,89880,-100.31751999999994,-10.031751999999996,-5.165621713111735,15.385847040841682,-0.4003516808732555,24.859979850393053,3,0.3795180722891566,False,False,False,233,0,0.0,14.277519999999999,0.15229305334416116,0.25721509234014767,0.09861822371915467,0.10000000149011612
SSI,BAD,UCB_WITHOUT_COST_NETWORK,UCB-VAE without Cost Network,51,41,train,0.1,0.05,1.0,92127,581.1711300000034,58.11711300000033,5.2262048116305415,18.51796622014656,0.2620996081470886,64.82582967854825,11,0.008455718736092568,False,False,False,2110,0,0.0,51.49886999999993,0.494423219830588,0.19223507807739693,0.09799577981244448,0.10000000149011612
SSI,BAD,UCB_WITHOUT_COST_NETWORK,UCB-VAE without Cost Network,51,41,test,0.1,0.05,1.0,92127,-95.05606999999975,-9.505606999999975,-4.887772326270445,15.133441320752885,-0.3901227806777563,26.102140854369914,3,0.3473895582329317,False,False,False,232,0,0.0,13.626070000000004,0.1448928464349581,0.2562213154681715,0.0986315701163655,0.10000000149011612
SSI,BAD,UCB_WITHOUT_COST_NETWORK,UCB-VAE without Cost Network,51,42,train,0.1,0.05,1.0,94374,4632.187740000003,463.2187740000003,21.189696642875376,27.030343713982184,0.7783548619135032,69.17597403210226,26,0.0,False,False,False,2241,0,0.0,55.37225999999992,0.6802808365428258,0.18409202577779174,0.09838054855583786,0.10000000149011612
SSI,BAD,UCB_WITHOUT_COST_NETWORK,UCB-VAE without Cost Network,51,42,test,0.1,0.05,1.0,94374,-94.93670999999961,-9.49367099999996,-4.881478451941446,15.131230472208907,-0.38976101752942843,26.090241935446894,3,0.3473895582329317,False,False,False,232,0,0.0,13.506710000000005,0.14475145474302398,0.25505038365781546,0.09865007143537029,0.10000000149011612
SSI,BAD,UCB_WITHOUT_COST_NETWORK,UCB-VAE without Cost Network,51,43,train,0.1,0.05,1.0,96621,4276.933830000002,427.69338300000015,20.31495234293996,26.880946784449737,0.7540238136763153,69.10267292248345,26,0.0,False,False,False,2241,0,0.0,55.816169999999936,0.6906543555466695,0.18199815296720917,0.09829918852891091,0.10000000149011612
SSI,BAD,UCB_WITHOUT_COST_NETWORK,UCB-VAE without Cost Network,51,43,test,0.1,0.05,1.0,96621,-90.89842999999962,-9.089842999999963,-4.66878239353874,15.38124429683295,-0.3662769405849878,26.491434682441746,3,0.26506024096385544,False,False,False,232,0,0.0,13.348430000000004,0.149034058412987,0.2539762562387679,0.09866479896457798,0.10000000149011612
SSI,BAD,UCB_WITHOUT_COST_NETWORK,UCB-VAE without Cost Network,51,44,train,0.1,0.05,1.0,98868,225.84669000000144,22.584669000000144,2.2899509036545584,17.572727421098314,0.10399186586752864,61.85459960082076,10,0.037383177570093455,False,False,False,2082,0,0.0,50.12330999999994,0.46260005851046604,0.1899594653963141,0.09812327906674453,0.10000000149011612
SSI,BAD,UCB_WITHOUT_COST_NETWORK,UCB-VAE without Cost Network,51,44,test,0.1,0.05,1.0,98868,-79.15915999999947,-7.915915999999948,-4.053134805204062,15.018012370182706,-0.33558700813043496,24.344788362235242,3,0.2971887550200803,False,False,False,235,0,0.0,13.979160000000002,0.14944644468404725,0.2519108479820102,0.09868580380379174,0.10000000149011612
SSI,BAD,UCB_WITHOUT_COST_NETWORK,UCB-VAE without Cost Network,51,45,train,0.1,0.05,1.0,101115,1322.013270000004,132.2013270000004,9.819503680556707,19.495877025165235,0.47957572275666416,66.25412811179673,12,0.003115264797507788,False,False,False,2171,0,0.0,54.79672999999998,0.5151193007915923,0.18879200685744452,0.09810960119882631,0.10000000149011612
SSI,BAD,UCB_WITHOUT_COST_NETWORK,UCB-VAE without Cost Network,51,45,test,0.1,0.05,1.0,101115,-92.2333500000002,-9.22333500000002,-4.739040394107308,15.481888147931624,-0.36775903807490923,24.71648602593797,3,0.2991967871485944,False,False,False,229,0,0.0,13.703350000000002,0.15510032859997844,0.25130938382512596,0.0987030042647532,0.10000000149011612
SSI,BAD,UCB_WITHOUT_COST_NETWORK,UCB-VAE without Cost Network,52,1,train,1.0,1.0,1.0,2247,6680.68346,668.068346,25.442628351933294,31.59303964680345,0.8183326253373823,71.55638229084835,36,0.0,False,False,False,2247,0,0.0,77.21653999999992,0.9009004482852647,0.4187847928479347,0.978607514413684,1.0
SSI,BAD,UCB_WITHOUT_COST_NETWORK,UCB-VAE without Cost Network,52,1,test,1.0,1.0,1.0,2247,-296.8136799999993,-29.68136799999993,-16.194480708048896,36.161025510028516,-0.36602808276616494,58.35154174673991,21,0.0,False,False,False,497,0,0.0,37.423680000000004,0.5356930292335773,0.5373031261216206,0.9801307295895528,1.0
SSI,BAD,UCB_WITHOUT_COST_NETWORK,UCB-VAE without Cost Network,52,2,train,0.9045834549972122,0.8,1.0,4494,7391.581699999999,739.1581699999999,26.683374093559298,31.62682849525755,0.8491896594463164,71.31988254656073,36,0.0,False,False,False,2247,0,0.0,77.27829999999993,0.898413913541352,0.4146580112029512,0.8852824043889028,0.9045834541320801
SSI,BAD,UCB_WITHOUT_COST_NETWORK,UCB-VAE without Cost Network,52,2,test,0.9045834549972122,0.8,1.0,4494,-295.8433199999995,-29.584331999999954,-16.136478476171824,36.69355024573675,-0.35359397911861223,59.251984555649805,23,0.0,False,False,False,492,0,0.0,37.01332000000001,0.5416606217254004,0.5313246536207008,0.8866584162047937,0.9045834541320801
SSI,BAD,UCB_WITHOUT_COST_NETWORK,UCB-VAE without Cost Network,52,3,train,0.8182712270546932,0.6400000000000001,1.0,6741,6616.676589999998,661.6676589999998,25.32596334896471,31.36477720885953,0.8190295244665502,71.37534515132015,37,0.0,False,False,False,2247,0,0.0,77.09340999999993,0.8786648820579176,0.38651936990675206,0.7991682362676067,0.8182712197303772
SSI,BAD,UCB_WITHOUT_COST_NETWORK,UCB-VAE without Cost Network,52,3,test,0.8182712270546932,0.6400000000000001,1.0,6741,-261.14802999999984,-26.11480299999998,-14.088158805030682,36.579392266659525,-0.28947418950296433,59.35102682324901,22,0.002008032128514056,False,False,False,485,0,0.0,36.698029999999996,0.5442257354336933,0.526455056625437,0.8020658122661907,0.8182712197303772
SSI,BAD,UCB_WITHOUT_COST_NETWORK,UCB-VAE without Cost Network,52,4,train,0.7401946136939427,0.5120000000000001,1.0,8988,7393.72695,739.372695,26.686974563763254,31.30730228950696,0.8547601537644056,71.22558953935204,37,0.0,False,False,False,2247,0,0.0,77.12305000000005,0.8755321122298134,0.3830402803801673,0.7231971291381236,0.7401946187019348
SSI,BAD,UCB_WITHOUT_COST_NETWORK,UCB-VAE without Cost Network,52,4,test,0.7401946136939427,0.5120000000000001,1.0,8988,-278.42701999999986,-27.842701999999985,-15.102130139108183,36.64199028536775,-0.3208948593902401,58.22659524407342,23,0.002008032128514056,False,False,False,479,0,0.0,36.04702000000001,0.5391273094193679,0.5212999082892296,0.7255279059695605,0.7401946187019348
SSI,BAD,UCB_WITHOUT_COST_NETWORK,UCB-VAE without Cost Network,52,5,train,0.6695678010255933,0.4096000000000001,1.0,11235,7413.681929999997,741.3681929999998,26.720426778731344,31.310429913908944,0.8555673312654029,71.10490809882579,38,0.0,False,False,False,2247,0,0.0,77.06806999999995,0.8760774505149898,0.37522549520055615,0.6544437521955807,0.6695678234100342
SSI,BAD,UCB_WITHOUT_COST_NETWORK,UCB-VAE without Cost Network,52,5,test,0.6695678010255933,0.4096000000000001,1.0,11235,-323.97883,-32.397883,-17.834749356620737,36.12154040042878,-0.4221128106371181,58.13529530801416,21,0.002008032128514056,False,False,False,476,0,0.0,35.988829999999986,0.5355829113359272,0.5167488041352556,0.6562912398857459,0.6695678234100342
SSI,BAD,UCB_WITHOUT_COST_NETWORK,UCB-VAE without Cost Network,52,6,train,0.6056799548066172,0.3276800000000001,1.0,13482,7459.452399999998,745.9452399999998,26.796890096912975,31.216171367046446,0.859154463312438,71.2888175644567,36,0.0,False,False,False,2247,0,0.0,76.82759999999998,0.8683726318099833,0.36527346167091695,0.5915172335005947,0.6056799292564392
SSI,BAD,UCB_WITHOUT_COST_NETWORK,UCB-VAE without Cost Network,52,6,test,0.6056799548066172,0.3276800000000001,1.0,13482,-315.49657999999977,-31.549657999999976,-17.3191094583105,36.170680731122864,-0.4036245258683452,56.26198382210246,22,0.002008032128514056,False,False,False,474,0,0.0,35.67657999999999,0.5322093848180097,0.5128864141173631,0.5936551653324752,0.6056799292564392
SSI,BAD,UCB_WITHOUT_COST_NETWORK,UCB-VAE without Cost Network,52,7,train,0.547888066141525,0.2621440000000001,1.0,15729,7585.349819999998,758.5349819999998,27.005330993990164,31.249762096871326,0.8638676146053876,71.33853137907808,37,0.0,False,False,False,2247,0,0.0,76.47018000000001,0.8717860044059869,0.36307900770338153,0.5352683271670914,0.5478880405426025
SSI,BAD,UCB_WITHOUT_COST_NETWORK,UCB-VAE without Cost Network,52,7,test,0.547888066141525,0.2621440000000001,1.0,15729,-268.9247199999995,-26.89247199999995,-14.543034357758621,36.240651463720106,-0.31028535295751714,56.16590546269161,21,0.002008032128514056,False,False,False,479,0,0.0,36.16471999999999,0.5345781134415469,0.5099816589829433,0.5370015203191139,0.5478880405426025
SSI,BAD,UCB_WITHOUT_COST_NETWORK,UCB-VAE without Cost Network,52,8,train,0.49561047982204176,0.20971520000000007,1.0,17976,7369.1465899999985,736.9146589999999,26.645671136739235,31.118643471338668,0.8570346884014833,71.41723888728087,38,0.0,False,False,False,2247,0,0.0,76.34341000000003,0.8621168901656092,0.35872425787187334,0.48394728502578255,0.49561047554016113
SSI,BAD,UCB_WITHOUT_COST_NETWORK,UCB-VAE without Cost Network,52,8,test,0.49561047982204176,0.20971520000000007,1.0,17976,-279.3606599999996,-27.93606599999996,-15.157261015342193,36.79248849807959,-0.3199626668327808,56.16590546269161,25,0.002008032128514056,False,False,False,479,0,0.0,36.04066000000001,0.5424731315641329,0.5074346557439092,0.4857811007122351,0.49561047554016113
SSI,BAD,UCB_WITHOUT_COST_NETWORK,UCB-VAE without Cost Network,52,9,train,0.4483210401702486,0.1677721600000001,1.0,20223,7241.102309999998,724.1102309999999,26.428753109135105,31.06568086946062,0.8524022837346882,71.10870155157806,37,0.0,False,False,False,2247,0,0.0,76.24768999999989,0.8611532014846461,0.3534193166830458,0.43769557136048604,0.44832104444503784
SSI,BAD,UCB_WITHOUT_COST_NETWORK,UCB-VAE without Cost Network,52,9,test,0.4483210401702486,0.1677721600000001,1.0,20223,-319.6408499999991,-31.96408499999991,-17.570641314181103,36.66192912530711,-0.4016838784281483,58.7779207387087,24,0.002008032128514056,False,False,False,472,0,0.0,35.59084999999999,0.5388964721037001,0.5051860398496969,0.4395070236914782,0.44832104444503784
SSI,BAD,UCB_WITHOUT_COST_NETWORK,UCB-VAE without Cost Network,52,10,train,0.4055437954651474,0.13421772800000006,1.0,22470,7758.296069999997,775.8296069999997,27.28728194530796,31.017259606788716,0.8752657876661705,71.30953951033123,37,0.0,False,False,False,2247,0,0.0,76.51392999999993,0.8547940151601461,0.35735523988193124,0.3959636617370971,0.40554380416870117
SSI,BAD,UCB_WITHOUT_COST_NETWORK,UCB-VAE without Cost Network,52,10,test,0.4055437954651474,0.13421772800000006,1.0,22470,-303.0426699999996,-30.304266999999957,-16.56776554888414,36.613783935857064,-0.36932544600225703,59.17488606714048,25,0.004016064257028112,False,False,False,472,0,0.0,35.48267000000001,0.53505638135971,0.5034337745134132,0.3975656579971836,0.40554380416870117
SSI,BAD,UCB_WITHOUT_COST_NETWORK,UCB-VAE without Cost Network,52,11,train,0.3668482076545458,0.10737418240000006,1.0,24717,7690.451819999998,769.0451819999998,27.177271712196237,30.850178492417346,0.8755199415619453,71.06076308239476,37,0.0,False,False,False,2247,0,0.0,76.70817999999994,0.8462558327821667,0.3555289951592856,0.35810526443438345,0.3668482005596161
SSI,BAD,UCB_WITHOUT_COST_NETWORK,UCB-VAE without Cost Network,52,11,test,0.3668482076545458,0.10737418240000006,1.0,24717,-307.1620899999996,-30.716208999999957,-16.815544011501004,36.077489541598226,-0.38863681574660375,59.17488606714048,22,0.004016064257028112,False,False,False,472,0,0.0,35.62209000000001,0.5277138692606521,0.5020941934851278,0.35964914126503245,0.3668482005596161
SSI,BAD,UCB_WITHOUT_COST_NETWORK,UCB-VAE without Cost Network,52,12,train,0.3318448191396838,0.08589934592000005,1.0,26964,7273.843249999998,727.3843249999998,26.48450261243873,30.366166259511925,0.866431636508575,70.97452947488034,36,0.0,False,False,False,2247,0,0.0,76.86674999999991,0.8184327605661628,0.34081152168363266,0.3233470058078957,0.3318448066711426
SSI,BAD,UCB_WITHOUT_COST_NETWORK,UCB-VAE without Cost Network,52,12,test,0.3318448191396838,0.08589934592000005,1.0,26964,-250.59233999999924,-25.059233999999925,-13.474533226078677,35.78408580833287,-0.28406947603305543,55.734399568951154,21,0.002008032128514056,False,False,False,471,0,0.0,35.86234,0.5319370033365416,0.5004903371913366,0.32525829227682707,0.3318448066711426
SSI,BAD,UCB_WITHOUT_COST_NETWORK,UCB-VAE without Cost Network,52,13,train,0.3001813330203001,0.06871947673600004,1.0,29211,8193.443279999998,819.3443279999999,27.975388758594157,30.131401369289847,0.9101108250001311,68.23557201584599,36,0.0,False,False,False,2247,0,0.0,77.27671999999997,0.7933359939851308,0.3382276528787231,0.2921265364199649,0.3001813292503357
SSI,BAD,UCB_WITHOUT_COST_NETWORK,UCB-VAE without Cost Network,52,13,test,0.3001813330203001,0.06871947673600004,1.0,29211,-250.59233999999924,-25.059233999999925,-13.474533226078677,35.78428901316102,-0.2840657638699302,55.734399568951154,21,0.002008032128514056,False,False,False,471,0,0.0,35.86234,0.531565056665764,0.4994869635227215,0.2942285817626533,0.3001813292503357
SSI,BAD,UCB_WITHOUT_COST_NETWORK,UCB-VAE without Cost Network,52,14,train,0.27153906734917177,0.054975581388800036,1.0,31458,8014.881119999998,801.4881119999998,27.69660260251068,30.137127482785893,0.902689064913222,68.29380513280748,37,0.0,False,False,False,2247,0,0.0,77.35888,0.7924729464360205,0.33809349887838985,0.26419174876872664,0.2715390622615814
SSI,BAD,UCB_WITHOUT_COST_NETWORK,UCB-VAE without Cost Network,52,14,test,0.27153906734917177,0.054975581388800036,1.0,31458,-250.2723199999989,-25.027231999999888,-13.455997244401575,35.687361054559325,-0.28519470145067705,55.623611430156586,21,0.002008032128514056,False,False,False,474,0,0.0,35.982319999999994,0.5256128581046972,0.49834139686990453,0.26616749545547724,0.2715390622615814
SSI,BAD,UCB_WITHOUT_COST_NETWORK,UCB-VAE without Cost Network,52,15,train,0.24562974770943447,0.05,1.0,33705,7614.8587199999965,761.4858719999996,27.05379389164422,29.745580895062083,0.8935281429066821,67.91359926048366,36,0.0,False,False,False,2247,0,0.0,77.28127999999994,0.7813109256448829,0.3246165179628025,0.23863671757405922,0.24562974274158478
SSI,BAD,UCB_WITHOUT_COST_NETWORK,UCB-VAE without Cost Network,52,15,test,0.24562974770943447,0.05,1.0,33705,-256.1751799999979,-25.61751799999979,-13.798535583508597,36.05570859848514,-0.2897108253196217,55.623611430156586,22,0.002008032128514056,False,False,False,474,0,0.0,35.98518,0.5315602279317749,0.49755293849002885,0.24077766815723403,0.24562974274158478
SSI,BAD,UCB_WITHOUT_COST_NETWORK,UCB-VAE without Cost Network,52,16,train,0.2221926058330938,0.05,1.0,35952,4858.316289999998,485.8316289999998,21.721282840347712,26.77318234497006,0.7997472530295384,61.20478377674723,27,0.0,False,False,False,2247,0,0.0,78.43370999999996,0.704092788130282,0.29443281702282803,0.21473424417757364,0.22219260036945343
SSI,BAD,UCB_WITHOUT_COST_NETWORK,UCB-VAE without Cost Network,52,16,test,0.2221926058330938,0.05,1.0,35952,-245.28423999999882,-24.52842399999988,-13.167589049312745,35.715505387687294,-0.275278855807392,55.623611430156586,21,0.002008032128514056,False,False,False,474,0,0.0,35.99424,0.5270610418417072,0.49674413526752387,0.2178043112180537,0.22219260036945343
SSI,BAD,UCB_WITHOUT_COST_NETWORK,UCB-VAE without Cost Network,52,17,train,0.20099175505933367,0.05,1.0,38199,6404.598409999999,640.4598409999999,24.933081173733807,28.812712052287008,0.8540824058339165,67.37072783966559,35,0.0,False,False,False,2247,0,0.0,77.35159,0.7630390559891026,0.3222131007278448,0.19513951663618004,0.20099174976348877
SSI,BAD,UCB_WITHOUT_COST_NETWORK,UCB-VAE without Cost Network,52,17,test,0.20099175505933367,0.05,1.0,38199,-245.84437999999886,-24.584437999999885,-13.19992861628978,35.71827059267756,-0.2762815796442021,55.623611430156586,21,0.002008032128514056,False,False,False,474,0,0.0,35.99438,0.5266601945156463,0.4959078808446007,0.1970271943514475,0.20099174976348877
SSI,BAD,UCB_WITHOUT_COST_NETWORK,UCB-VAE without Cost Network,52,18,train,0.18181381621752543,0.05,1.0,40446,5033.7178,503.37178000000006,22.121202280375485,26.77555089272616,0.8120425819233565,61.48138254551245,27,0.0,False,False,False,2247,0,0.0,78.2422,0.7134593340812603,0.3024944477330381,0.1760262345786127,0.1818138211965561
SSI,BAD,UCB_WITHOUT_COST_NETWORK,UCB-VAE without Cost Network,52,18,test,0.18181381621752543,0.05,1.0,40446,-279.53054999999904,-27.953054999999903,-15.167296743428905,36.06840689039721,-0.33416305043240296,56.31086792584681,24,0.002008032128514056,False,False,False,475,0,0.0,36.04055,0.5220104028597329,0.4953659492503687,0.1782391068463388,0.1818138211965561
SSI,BAD,UCB_WITHOUT_COST_NETWORK,UCB-VAE without Cost Network,52,19,train,0.16446577004027732,0.05,1.0,42693,4815.347700000002,481.5347700000002,21.621691972978763,26.446222224629985,0.8032456519223155,61.08312502746546,27,0.0,False,False,False,2247,0,0.0,78.29229999999984,0.6862541292548766,0.29249829256141985,0.15879396941904236,0.1644657701253891
SSI,BAD,UCB_WITHOUT_COST_NETWORK,UCB-VAE without Cost Network,52,19,test,0.16446577004027732,0.05,1.0,42693,-272.5174799999995,-27.251747999999953,-14.753996797665847,36.1035175966997,-0.31996344527389725,56.58541066272308,22,0.002008032128514056,False,False,False,477,0,0.0,36.25748000000001,0.5211922038830756,0.4946597532694598,0.16122661428692656,0.1644657701253891
SSI,BAD,UCB_WITHOUT_COST_NETWORK,UCB-VAE without Cost Network,52,20,train,0.14877301449181102,0.05,1.0,44940,3284.554250000001,328.4554250000001,17.560068022355967,23.940514389301978,0.7178314935988309,53.713328576277995,18,0.0,False,False,False,2247,0,0.0,79.35574999999993,0.6415637141089919,0.28097927939390466,0.14325515723801904,0.14877301454544067
SSI,BAD,UCB_WITHOUT_COST_NETWORK,UCB-VAE without Cost Network,52,20,test,0.14877301449181102,0.05,1.0,44940,-270.9780999999999,-27.097809999999996,-14.66354288171673,35.37627658828294,-0.33077426714842256,57.16887622792822,22,0.004016064257028112,False,False,False,474,0,0.0,35.86810000000001,0.5152035529456525,0.49372773614513826,0.14586149913936516,0.14877301454544067
SSI,BAD,UCB_WITHOUT_COST_NETWORK,UCB-VAE without Cost Network,52,21,train,0.13457760745935274,0.05,1.0,47187,2917.705820000001,291.7705820000001,16.395866152432138,22.982432346419653,0.6943001140307403,47.347838023203046,19,0.0,False,False,False,2247,0,0.0,79.57417999999993,0.589979499464388,0.26198491259487566,0.12872889444636512,0.13457760214805603
SSI,BAD,UCB_WITHOUT_COST_NETWORK,UCB-VAE without Cost Network,52,21,test,0.13457760745935274,0.05,1.0,47187,-303.12441999999965,-30.31244199999997,-16.572675610968567,35.67937845637966,-0.3888223660651733,57.14584258469113,21,0.004016064257028112,False,False,False,474,0,0.0,35.75442000000001,0.5213522034539514,0.49271251841721286,0.13194871819794027,0.13457760214805603
SSI,BAD,UCB_WITHOUT_COST_NETWORK,UCB-VAE without Cost Network,52,22,train,0.12173667712083987,0.05,1.0,49434,2886.5436500000023,288.6543650000002,16.292559459198564,22.85713909790322,0.6929299156283373,47.01634638223213,19,0.0,False,False,False,2247,0,0.0,79.4863499999999,0.5828815284616353,0.25958740970175376,0.11635316632395351,0.12173667550086975
SSI,BAD,UCB_WITHOUT_COST_NETWORK,UCB-VAE without Cost Network,52,22,test,0.12173667712083987,0.05,1.0,49434,-299.0625399999997,-29.906253999999965,-16.32905742390133,35.72625082705275,-0.3795788604282567,57.4451496714442,21,0.004016064257028112,False,False,False,474,0,0.0,35.69254000000001,0.519076032304318,0.4912422577659768,0.11936046249753761,0.12173667550086975
SSI,BAD,UCB_WITHOUT_COST_NETWORK,UCB-VAE without Cost Network,52,23,train,0.11012098398984942,0.05,1.0,51681,3348.1506100000024,334.81506100000024,17.75281771135098,23.6887959582262,0.7299150642233692,51.52353792756873,18,0.0,False,False,False,2247,0,0.0,79.09938999999993,0.6334719986045074,0.2781687009040122,0.10595173080742935,0.1101209819316864
SSI,BAD,UCB_WITHOUT_COST_NETWORK,UCB-VAE without Cost Network,52,23,test,0.11012098398984942,0.05,1.0,51681,-296.1189999999997,-29.61189999999997,-16.15295290111396,35.66836088369362,-0.37483565183911033,57.38434912285862,21,0.004016064257028112,False,False,False,474,0,0.0,35.609000000000016,0.5126012438777897,0.48953196912046415,0.10797202255537407,0.1101209819316864
SSI,BAD,UCB_WITHOUT_COST_NETWORK,UCB-VAE without Cost Network,52,24,train,0.1,0.05,1.0,53928,2924.811530000001,292.48115300000006,16.41932022499988,22.698417498887625,0.7010067661543923,46.713056267622704,19,0.0,False,False,False,2247,0,0.0,79.27846999999997,0.5825630133201166,0.25825975938444407,0.09560398431063402,0.10000000149011612
SSI,BAD,UCB_WITHOUT_COST_NETWORK,UCB-VAE without Cost Network,52,24,test,0.1,0.05,1.0,53928,-293.4145399999994,-29.341453999999946,-15.991475108162923,35.30321278005337,-0.3769006330964051,57.38434912285862,21,0.004016064257028112,False,False,False,474,0,0.0,35.50454000000001,0.5067583327697539,0.48818541198490134,0.09805205721964406,0.10000000149011612
SSI,BAD,UCB_WITHOUT_COST_NETWORK,UCB-VAE without Cost Network,52,25,train,0.1,0.05,1.0,56175,2861.666220000001,286.1666220000001,16.209557685365937,22.613027459322822,0.694766049356609,46.22746152932996,18,0.0,False,False,False,2246,0,0.0,79.35377999999989,0.579277968299299,0.2566342119460749,0.09554475925089004,0.10000000149011612
SSI,BAD,UCB_WITHOUT_COST_NETWORK,UCB-VAE without Cost Network,52,25,test,0.1,0.05,1.0,56175,-277.2180600000005,-27.72180600000005,-15.030794568859784,35.14431010898372,-0.3475808463587355,55.65566871234731,21,0.004016064257028112,False,False,False,474,0,0.0,35.528060000000025,0.5046233826467844,0.48650591922213277,0.0980381243673499,0.10000000149011612
SSI,BAD,UCB_WITHOUT_COST_NETWORK,UCB-VAE without Cost Network,52,26,train,0.1,0.05,1.0,58422,2818.8821400000024,281.88821400000023,16.06569366404882,22.454369089451962,0.6925204292337137,45.625468465073546,19,0.0,False,False,False,2245,0,0.0,79.07785999999993,0.5720806392070852,0.2545260347469043,0.09549774528188787,0.10000000149011612
SSI,BAD,UCB_WITHOUT_COST_NETWORK,UCB-VAE without Cost Network,52,26,test,0.1,0.05,1.0,58422,-263.3837099999989,-26.338370999999896,-14.218683249329157,35.38727762732275,-0.31566210824438273,56.354286225455915,21,0.004016064257028112,False,False,False,473,0,0.0,35.45371,0.507363244737879,0.485759066859163,0.09804177528921162,0.10000000149011612
SSI,BAD,UCB_WITHOUT_COST_NETWORK,UCB-VAE without Cost Network,52,27,train,0.1,0.05,1.0,60669,2702.4070100000026,270.2407010000003,15.666653398008012,22.12880317055254,0.683719078134887,45.720900030927396,18,0.0,False,False,False,2243,0,0.0,78.74298999999995,0.5607427785238215,0.25135523691925943,0.09537858161037589,0.10000000149011612
SSI,BAD,UCB_WITHOUT_COST_NETWORK,UCB-VAE without Cost Network,52,27,test,0.1,0.05,1.0,60669,-264.9678099999994,-26.49678099999994,-14.311286387255906,35.27036819759279,-0.32095479482148004,56.354286225455915,21,0.004016064257028112,False,False,False,473,0,0.0,35.45781000000001,0.5035066117068788,0.484216869236475,0.09803526914791062,0.10000000149011612
SSI,BAD,UCB_WITHOUT_COST_NETWORK,UCB-VAE without Cost Network,52,28,train,0.1,0.05,1.0,62916,2763.8230600000024,276.38230600000026,15.878431281721062,22.002375133088776,0.6947816824486582,45.575165389455435,18,0.0,False,False,False,2243,0,0.0,78.65693999999992,0.5526667574503251,0.25087795378727334,0.09535311439279967,0.10000000149011612
SSI,BAD,UCB_WITHOUT_COST_NETWORK,UCB-VAE without Cost Network,52,28,test,0.1,0.05,1.0,62916,-276.19412999999963,-27.619412999999966,-14.970423317754467,35.23796148878813,-0.34361878525641965,56.34863553231536,21,0.004016064257028112,False,False,False,473,0,0.0,35.36413,0.5019070352221048,0.4825677567397256,0.09803517095339302,0.10000000149011612
SSI,BAD,UCB_WITHOUT_COST_NETWORK,UCB-VAE without Cost Network,52,29,train,0.1,0.05,1.0,65163,2606.7119300000013,260.67119300000013,15.330366212987801,21.73568863524134,0.6786073832297667,46.04760436423051,18,0.0,False,False,False,2243,0,0.0,78.53806999999986,0.5441086379624758,0.24924898124040898,0.09530249805406213,0.10000000149011612
SSI,BAD,UCB_WITHOUT_COST_NETWORK,UCB-VAE without Cost Network,52,29,test,0.1,0.05,1.0,65163,-366.88811000000044,-36.688811000000044,-20.494097770143405,34.89306252422353,-0.5444174649326925,57.714498467735844,22,0.004016064257028112,False,False,False,473,0,0.0,35.24811000000001,0.5012769629336172,0.48169889354921247,0.09804561799891938,0.10000000149011612
SSI,BAD,UCB_WITHOUT_COST_NETWORK,UCB-VAE without Cost Network,52,30,train,0.1,0.05,1.0,67410,927.7327200000018,92.77327200000019,7.570592770135365,17.322134867658153,0.39613686144884347,39.7212332625009,11,0.0013351134846461949,False,False,False,2232,0,0.0,75.38727999999983,0.401345173626099,0.21617230293508843,0.09422883174557774,0.10000000149011612
SSI,BAD,UCB_WITHOUT_COST_NETWORK,UCB-VAE without Cost Network,52,30,test,0.1,0.05,1.0,67410,-329.9202799999995,-32.99202799999995,-18.197855242648576,34.59739242623056,-0.46924306657423503,58.326582361770754,21,0.004016064257028112,False,False,False,470,0,0.0,35.00028000000002,0.4925121619970713,0.4799892050494631,0.09804784605574024,0.10000000149011612
SSI,BAD,UCB_WITHOUT_COST_NETWORK,UCB-VAE without Cost Network,52,31,train,0.1,0.05,1.0,69657,1414.0342000000032,141.40342000000032,10.29508878296257,17.70024431604573,0.5339378666947141,38.76570455987837,11,0.0017801513128615932,False,False,False,2228,0,0.0,75.94579999999993,0.4157937502973373,0.21802398726065583,0.09421371630264745,0.10000000149011612
SSI,BAD,UCB_WITHOUT_COST_NETWORK,UCB-VAE without Cost Network,52,31,test,0.1,0.05,1.0,69657,-338.03653999999926,-33.80365399999993,-18.696475102485465,35.13687029380513,-0.4742308803041982,58.47433085528464,21,0.004016064257028112,False,False,False,470,0,0.0,34.716539999999995,0.49609410583337404,0.47895128252994584,0.09804996571735815,0.10000000149011612
SSI,BAD,UCB_WITHOUT_COST_NETWORK,UCB-VAE without Cost Network,52,32,train,0.1,0.05,1.0,71904,1333.4218700000015,133.34218700000017,9.879366284691859,17.44236679639613,0.5174169027357151,38.81716869982771,10,0.0022251891410769915,False,False,False,2224,0,0.0,75.76812999999991,0.4151095923543797,0.21744515217300198,0.09420245667097275,0.10000000149011612
SSI,BAD,UCB_WITHOUT_COST_NETWORK,UCB-VAE without Cost Network,52,32,test,0.1,0.05,1.0,71904,-341.6374399999994,-34.16374399999994,-18.918670495451405,35.155923832827405,-0.48163028541794695,58.47433085528464,21,0.004016064257028112,False,False,False,470,0,0.0,34.71743999999999,0.4956493281443479,0.4772999156490866,0.0980512026007831,0.10000000149011612
SSI,BAD,UCB_WITHOUT_COST_NETWORK,UCB-VAE without Cost Network,52,33,train,0.1,0.05,1.0,74151,2794.935580000002,279.4935580000002,15.984545454046351,22.403230149034677,0.6904307472128096,44.934857104255684,18,0.0013351134846461949,False,False,False,2238,0,0.0,78.60441999999993,0.5708761603147485,0.2557916271557901,0.09559747575658538,0.10000000149011612
SSI,BAD,UCB_WITHOUT_COST_NETWORK,UCB-VAE without Cost Network,52,33,test,0.1,0.05,1.0,74151,-373.3523599999994,-37.33523599999994,-20.90242176593663,34.491250382312174,-0.5697959393799,58.47433085528464,22,0.004016064257028112,False,False,False,470,0,0.0,34.812360000000005,0.48680146072471464,0.475905641823648,0.0980531907483647,0.10000000149011612
SSI,BAD,UCB_WITHOUT_COST_NETWORK,UCB-VAE without Cost Network,52,34,train,0.1,0.05,1.0,76398,2949.395080000004,294.9395080000004,16.500173920423666,22.556553322346442,0.7070759978328001,45.18516765347651,18,0.0017801513128615932,False,False,False,2236,0,0.0,78.28491999999991,0.5726050812118672,0.2547080027603498,0.09557384542498999,0.10000000149011612
SSI,BAD,UCB_WITHOUT_COST_NETWORK,UCB-VAE without Cost Network,52,34,test,0.1,0.05,1.0,76398,-366.2089099999997,-36.62089099999997,-20.451315936725035,35.0114441155092,-0.53976781615796,59.23323985104585,22,0.004016064257028112,False,False,False,469,0,0.0,34.56890999999999,0.4904164253584303,0.4744844043470291,0.09805880844941231,0.10000000149011612
SSI,BAD,UCB_WITHOUT_COST_NETWORK,UCB-VAE without Cost Network,52,35,train,0.1,0.05,1.0,78645,2604.459690000003,260.4459690000003,15.322356401669879,21.443460038803902,0.6845898258161532,43.90971487601371,16,0.003115264797507788,False,False,False,2227,0,0.0,78.11030999999988,0.5392261399776159,0.24698811144127442,0.09529793326838162,0.10000000149011612
SSI,BAD,UCB_WITHOUT_COST_NETWORK,UCB-VAE without Cost Network,52,35,test,0.1,0.05,1.0,78645,-349.46357999999987,-34.94635799999999,-19.403684385497087,34.44599659853914,-0.5163129818300393,58.690296127003485,20,0.004016064257028112,False,False,False,468,0,0.0,34.50358000000001,0.47900525806187627,0.47276887537006396,0.09805752975541816,0.10000000149011612
SSI,BAD,UCB_WITHOUT_COST_NETWORK,UCB-VAE without Cost Network,52,36,train,0.1,0.05,1.0,80892,1455.9897000000005,145.59897000000007,10.506596225717413,17.031317595056283,0.5594046858997839,36.8566036416098,9,0.0026702269692923898,False,False,False,2199,0,0.0,74.65029999999996,0.3929565378288734,0.21277010275368485,0.0942297267493979,0.10000000149011612
SSI,BAD,UCB_WITHOUT_COST_NETWORK,UCB-VAE without Cost Network,52,36,test,0.1,0.05,1.0,80892,-397.2226899999989,-39.72226899999989,-22.42871778636859,34.561449307948166,-0.6247711938971131,59.23323985104585,20,0.004016064257028112,False,False,False,469,0,0.0,34.38269000000001,0.48210350129761514,0.47157638086133213,0.0980646875709045,0.10000000149011612
SSI,BAD,UCB_WITHOUT_COST_NETWORK,UCB-VAE without Cost Network,52,37,train,0.1,0.05,1.0,83139,1176.9519500000033,117.69519500000034,9.034634438120715,16.548637752356463,0.4891762704263155,37.010085080707825,8,0.0026702269692923898,False,False,False,2198,0,0.0,74.77804999999992,0.39071419138898206,0.2117705659921773,0.09424892152522178,0.10000000149011612
SSI,BAD,UCB_WITHOUT_COST_NETWORK,UCB-VAE without Cost Network,52,37,test,0.1,0.05,1.0,83139,-396.88252999999895,-39.6882529999999,-22.406758151473472,34.56670753268556,-0.6237978007757291,59.2622773286438,20,0.004016064257028112,False,False,False,469,0,0.0,34.38253000000002,0.4810256276618537,0.4702429807030532,0.09806681762906094,0.10000000149011612
SSI,BAD,UCB_WITHOUT_COST_NETWORK,UCB-VAE without Cost Network,52,38,train,0.1,0.05,1.0,85386,1262.2765100000015,126.22765100000015,9.501721606895842,16.50967127462586,0.5160346607904952,36.83515176502593,8,0.0035603026257231864,False,False,False,2184,0,0.0,74.15348999999992,0.38517607857175273,0.21151378670558962,0.0942629242329679,0.10000000149011612
SSI,BAD,UCB_WITHOUT_COST_NETWORK,UCB-VAE without Cost Network,52,38,test,0.1,0.05,1.0,85386,-369.9333299999995,-36.99333299999995,-20.68619353834705,34.637559965158374,-0.5579675363626774,59.23896216996447,22,0.004016064257028112,False,False,False,469,0,0.0,34.493329999999986,0.4790590134419124,0.46855159259464846,0.09806093844772473,0.10000000149011612
SSI,BAD,UCB_WITHOUT_COST_NETWORK,UCB-VAE without Cost Network,52,39,train,0.1,0.05,1.0,87633,874.1006800000034,87.41006800000034,7.233649028803235,16.00939094841811,0.39522259563782625,37.734196682028646,10,0.004895416110369382,False,False,False,2180,0,0.0,73.13931999999996,0.3619486081966923,0.20753696264428034,0.09437118477481235,0.10000000149011612
SSI,BAD,UCB_WITHOUT_COST_NETWORK,UCB-VAE without Cost Network,52,39,test,0.1,0.05,1.0,87633,-369.9333299999995,-36.99333299999995,-20.68619353834705,34.637559965158374,-0.5579675363626774,59.23896216996447,22,0.004016064257028112,False,False,False,469,0,0.0,34.493329999999986,0.4790590134419124,0.46680705578451653,0.09806287083972018,0.10000000149011612
SSI,BAD,UCB_WITHOUT_COST_NETWORK,UCB-VAE without Cost Network,52,40,train,0.1,0.05,1.0,89880,851.2177500000034,85.12177500000034,7.087271960954578,15.862050762694926,0.38870847774386447,36.300436845668585,8,0.006230529595015576,False,False,False,2172,0,0.0,72.6122499999999,0.36292665218262277,0.2060257233563242,0.0943483237517605,0.10000000149011612
SSI,BAD,UCB_WITHOUT_COST_NETWORK,UCB-VAE without Cost Network,52,40,test,0.1,0.05,1.0,89880,-368.98706999999933,-36.89870699999994,-20.626452989906163,34.41824073736269,-0.5616164902192657,59.23896216996447,20,0.004016064257028112,False,False,False,469,0,0.0,34.327070000000006,0.47211959576342943,0.46517170744248665,0.098064726304947,0.10000000149011612
SSI,BAD,UCB_WITHOUT_COST_NETWORK,UCB-VAE without Cost Network,52,41,train,0.1,0.05,1.0,92127,971.9037000000026,97.19037000000026,7.841897267740339,15.935655240663607,0.43210142298562354,35.9645829480195,7,0.006675567423230975,False,False,False,2159,0,0.0,72.89629999999993,0.3673920195587666,0.20630556355264912,0.0943073360692887,0.10000000149011612
SSI,BAD,UCB_WITHOUT_COST_NETWORK,UCB-VAE without Cost Network,52,41,test,0.1,0.05,1.0,92127,-350.3723999999995,-35.037239999999954,-19.460195195682584,34.09837108186469,-0.5269959870538343,58.68773114981567,21,0.004016064257028112,False,False,False,470,0,0.0,34.55239999999999,0.4662175914498901,0.46349399740317737,0.09806286217457798,0.10000000149011612
SSI,BAD,UCB_WITHOUT_COST_NETWORK,UCB-VAE without Cost Network,52,42,train,0.1,0.05,1.0,94374,825.1678100000022,82.51678100000022,6.918665765674303,15.533431891141621,0.383380161266473,36.21053775506184,7,0.006675567423230975,False,False,False,2157,0,0.0,72.20218999999997,0.3536100100878979,0.20352174461378647,0.0943941873628142,0.10000000149011612
SSI,BAD,UCB_WITHOUT_COST_NETWORK,UCB-VAE without Cost Network,52,42,test,0.1,0.05,1.0,94374,-348.1173999999994,-34.81173999999994,-19.320050586961557,34.099904151380336,-0.521811911307456,58.68773114981567,21,0.004016064257028112,False,False,False,470,0,0.0,34.47740000000001,0.46332255643478876,0.46189357023162536,0.09806604215935792,0.10000000149011612
SSI,BAD,UCB_WITHOUT_COST_NETWORK,UCB-VAE without Cost Network,52,43,train,0.1,0.05,1.0,96621,733.8664100000017,73.38664100000017,6.310333976188365,15.154742962264928,0.35119045135781546,35.816419459830875,7,0.00801068090787717,False,False,False,2153,0,0.0,71.80358999999994,0.34650579976647633,0.20293073450651603,0.09442389965637335,0.10000000149011612
SSI,BAD,UCB_WITHOUT_COST_NETWORK,UCB-VAE without Cost Network,52,43,test,0.1,0.05,1.0,96621,-362.3940599999994,-36.23940599999994,-20.211447350555268,33.46510872172957,-0.5716654990509058,58.68773114981567,19,0.004016064257028112,False,False,False,470,0,0.0,34.294060000000016,0.4522042385600219,0.4601785262006832,0.0980693688191128,0.10000000149011612
SSI,BAD,UCB_WITHOUT_COST_NETWORK,UCB-VAE without Cost Network,52,44,train,0.1,0.05,1.0,98868,731.6931200000024,73.16931200000025,6.295509668430133,14.911755122167976,0.35349311454102655,35.70941005835173,5,0.009345794392523364,False,False,False,2142,0,0.0,71.48688000000001,0.34373658287238085,0.20218150104795182,0.09443699750124929,0.10000000149011612
SSI,BAD,UCB_WITHOUT_COST_NETWORK,UCB-VAE without Cost Network,52,44,test,0.1,0.05,1.0,98868,-383.617919999999,-38.3617919999999,-21.55519865119523,33.406866745537215,-0.6244711765291043,58.27507806531974,19,0.004016064257028112,False,False,False,472,0,0.0,34.33792000000002,0.44071127651754827,0.45829723530026323,0.09807396738872601,0.10000000149011612
SSI,BAD,UCB_WITHOUT_COST_NETWORK,UCB-VAE without Cost Network,52,45,train,0.1,0.05,1.0,101115,984.9739200000013,98.49739200000013,7.9211407840787285,15.468411982466002,0.44519467799798745,35.665660659492296,5,0.007120605251446373,False,False,False,2132,0,0.0,71.66608000000001,0.3637412918078259,0.20333845562931163,0.0943721273569062,0.10000000149011612
SSI,BAD,UCB_WITHOUT_COST_NETWORK,UCB-VAE without Cost Network,52,45,test,0.1,0.05,1.0,101115,-378.952219999999,-37.8952219999999,-21.25784511426008,33.22172294961793,-0.618340681268482,58.27507806531974,19,0.004016064257028112,False,False,False,472,0,0.0,34.27222000000001,0.4382739873558349,0.4563948972876292,0.09807599307074952,0.10000000149011612
SSI,BAD,UCB_WITHOUT_COST_NETWORK,UCB-VAE without Cost Network,53,1,train,1.0,1.0,1.0,2247,1264.2872200000015,126.42872200000015,9.512538637804123,13.72021040345452,0.5903654737464462,14.841661098545138,5,0.3400089007565643,False,False,False,380,0,0.0,6.452779999999998,0.1201763334839854,0.2825229148772965,0.9492846363116589,1.0
SSI,BAD,UCB_WITHOUT_COST_NETWORK,UCB-VAE without Cost Network,53,1,test,1.0,1.0,1.0,2247,600.23315,60.023315,26.60248225529449,28.77808533310427,0.9013763024271172,29.333806258476656,8,0.3232931726907631,False,False,False,64,0,0.0,0.9968499999999997,0.5320319171641773,0.36786102880555466,0.9758493807268822,1.0
SSI,BAD,UCB_WITHOUT_COST_NETWORK,UCB-VAE without Cost Network,53,2,train,0.9045834549972122,0.8,1.0,4494,1268.2235300000007,126.82235300000006,9.533690138686989,13.678181813234009,0.5931880046638002,14.808051665810012,5,0.3707165109034268,False,False,False,384,0,0.0,6.586469999999997,0.11737484359835132,0.2793131457682339,0.8588986913015885,0.9045834541320801
SSI,BAD,UCB_WITHOUT_COST_NETWORK,UCB-VAE without Cost Network,53,2,test,0.9045834549972122,0.8,1.0,4494,600.23315,60.023315,26.60248225529449,28.77808533310427,0.9013763024271172,29.333806258476656,8,0.3232931726907631,False,False,False,64,0,0.0,0.9968499999999997,0.5320319171641773,0.3635958723693966,0.8827144311113312,0.9045834541320801
SSI,BAD,UCB_WITHOUT_COST_NETWORK,UCB-VAE without Cost Network,53,3,train,0.8182712270546932,0.6400000000000001,1.0,6741,1272.573139999999,127.25731399999991,9.557024569789508,13.264989102546505,0.6091720586908507,14.771089940133706,5,0.3658210947930574,False,False,False,406,0,0.0,6.946859999999997,0.1167656286868364,0.2776865387856828,0.7777383664971287,0.8182712197303772
SSI,BAD,UCB_WITHOUT_COST_NETWORK,UCB-VAE without Cost Network,53,3,test,0.8182712270546932,0.6400000000000001,1.0,6741,602.1450600000001,60.214506,26.678349800274304,28.786635961026043,0.9032902046746175,29.302299770998253,8,0.3232931726907631,False,False,False,64,0,0.0,0.9949399999999997,0.5323809935009904,0.35907619790619155,0.7984814033559657,0.8182712197303772
SSI,BAD,UCB_WITHOUT_COST_NETWORK,UCB-VAE without Cost Network,53,4,train,0.7401946136939427,0.5120000000000001,1.0,8988,1374.983659999999,137.4983659999999,10.095269435957178,13.620654399883797,0.6330401151235202,14.778295419015095,5,0.35425011125945705,False,False,False,434,0,0.0,7.476339999999999,0.12049901845958226,0.2731943856916483,0.7034007729018599,0.7401946187019348
SSI,BAD,UCB_WITHOUT_COST_NETWORK,UCB-VAE without Cost Network,53,4,test,0.7401946136939427,0.5120000000000001,1.0,8988,602.1450600000001,60.214506,26.678349800274304,28.786635961026043,0.9032902046746175,29.302299770998253,8,0.3232931726907631,False,False,False,64,0,0.0,0.9949399999999997,0.5323809935009904,0.35493800618562354,0.7222723533154927,0.7401946187019348
SSI,BAD,UCB_WITHOUT_COST_NETWORK,UCB-VAE without Cost Network,53,5,train,0.6695678010255933,0.4096000000000001,1.0,11235,1268.8532400000004,126.88532400000003,9.537070816103888,13.789778054630558,0.5897074069280634,14.802689125286658,6,0.3960836671117045,False,False,False,459,0,0.0,7.74676,0.1168437966699939,0.2662561721585834,0.6355797022215761,0.6695678234100342
SSI,BAD,UCB_WITHOUT_COST_NETWORK,UCB-VAE without Cost Network,53,5,test,0.6695678010255933,0.4096000000000001,1.0,11235,601.6745899999999,60.16745899999999,26.659685009772915,29.03397896665429,0.8975425270264721,29.310046396578443,8,0.3232931726907631,False,False,False,64,0,0.0,0.9954099999999998,0.5372811179018895,0.35137144293651046,0.6534186224403848,0.6695678234100342
SSI,BAD,UCB_WITHOUT_COST_NETWORK,UCB-VAE without Cost Network,53,6,train,0.6056799548066172,0.3276800000000001,1.0,13482,1316.2086200000003,131.62086200000002,9.78894541949562,13.923947150058465,0.6019977031204697,14.694646428192593,6,0.22785936804628393,False,False,False,494,0,0.0,8.091380000000003,0.12000578346036032,0.26039331959097134,0.5742851338755204,0.6056799292564392
SSI,BAD,UCB_WITHOUT_COST_NETWORK,UCB-VAE without Cost Network,53,6,test,0.6056799548066172,0.3276800000000001,1.0,13482,601.6745899999999,60.16745899999999,26.659685009772915,29.03397896665429,0.8975425270264721,29.310046396578443,8,0.3232931726907631,False,False,False,64,0,0.0,0.9954099999999998,0.5372811179018895,0.34803488727913323,0.5910526429510065,0.6056799292564392
SSI,BAD,UCB_WITHOUT_COST_NETWORK,UCB-VAE without Cost Network,53,7,train,0.547888066141525,0.2621440000000001,1.0,15729,1307.048339999999,130.7048339999999,9.740582882723636,13.776048335693078,0.6037798768889346,14.770736964355455,5,0.3840676457498887,False,False,False,509,0,0.0,8.411659999999998,0.12055314626608332,0.25925829638546716,0.5199117190705133,0.5478880405426025
SSI,BAD,UCB_WITHOUT_COST_NETWORK,UCB-VAE without Cost Network,53,7,test,0.547888066141525,0.2621440000000001,1.0,15729,575.3031900000001,57.530319000000006,25.609057518552735,30.315540847785698,0.8443813611423354,29.332571484367897,10,0.06224899598393574,False,False,False,63,0,0.0,0.9968100000000001,0.5673742224699314,0.3461526233448561,0.5350599601924659,0.5478880405426025
SSI,BAD,UCB_WITHOUT_COST_NETWORK,UCB-VAE without Cost Network,53,8,train,0.49561047982204176,0.20971520000000007,1.0,17976,4290.68925,429.0689250000001,20.349783194441873,30.825140167526982,0.69516955343887,72.09160998874346,35,0.12283044058744993,False,False,False,507,0,0.0,5.600749999999993,0.8240347346830116,0.2658173669084847,0.47983572847027994,0.49561047554016113
SSI,BAD,UCB_WITHOUT_COST_NETWORK,UCB-VAE without Cost Network,53,8,test,0.49561047982204176,0.20971520000000007,1.0,17976,575.3031900000001,57.530319000000006,25.609057518552735,30.315540847785698,0.8443813611423354,29.332571484367897,10,0.06224899598393574,False,False,False,63,0,0.0,0.9968100000000001,0.5673742224699314,0.3435755916029574,0.4839889485335951,0.49561047554016113
SSI,BAD,UCB_WITHOUT_COST_NETWORK,UCB-VAE without Cost Network,53,9,train,0.4483210401702486,0.1677721600000001,1.0,20223,4222.79181,422.27918099999994,20.177067722906415,30.75342125531956,0.6913528165078,72.42365882767803,34,0.1348464619492657,False,False,False,549,0,0.0,6.198189999999996,0.8228790840741432,0.26293514530341466,0.43398737945269966,0.44832104444503784
SSI,BAD,UCB_WITHOUT_COST_NETWORK,UCB-VAE without Cost Network,53,9,test,0.4483210401702486,0.1677721600000001,1.0,20223,505.91008999999985,50.591008999999985,22.8018214264496,31.19542842727514,0.7561351177093237,29.233995952042115,10,0.04819277108433735,False,False,False,63,0,0.0,1.0599100000000001,0.5939830945115919,0.3416250293333846,0.4380141685221395,0.44832104444503784
SSI,BAD,UCB_WITHOUT_COST_NETWORK,UCB-VAE without Cost Network,53,10,train,0.4055437954651474,0.13421772800000006,1.0,22470,4131.62532,413.16253200000006,19.94199504653995,30.39548699195165,0.6894054687125034,72.0907601544488,34,0.1068090787716956,False,False,False,590,0,0.0,6.814679999999999,0.8140949773167517,0.25952267973726467,0.3922413869677621,0.40554380416870117
SSI,BAD,UCB_WITHOUT_COST_NETWORK,UCB-VAE without Cost Network,53,10,test,0.4055437954651474,0.13421772800000006,1.0,22470,478.4732499999998,47.84732499999998,21.6741471848366,31.228761854661247,0.7258413472916451,29.275614983501452,10,0.12048192771084337,False,False,False,65,0,0.0,1.1267500000000001,0.5978157555144761,0.3399196382327731,0.39623918657147916,0.40554380416870117
SSI,BAD,UCB_WITHOUT_COST_NETWORK,UCB-VAE without Cost Network,53,11,train,0.3668482076545458,0.10737418240000006,1.0,24717,4024.0182399999994,402.4018239999999,19.659705889318758,30.197405264846395,0.6840804802503014,71.67228967882582,33,0.10369381397418781,False,False,False,653,0,0.0,7.661759999999998,0.8119274764312288,0.25639349354814833,0.3547513062101152,0.3668482005596161
SSI,BAD,UCB_WITHOUT_COST_NETWORK,UCB-VAE without Cost Network,53,11,test,0.3668482076545458,0.10737418240000006,1.0,24717,448.4281799999999,44.84281799999999,20.427244187306883,31.75290884981401,0.6862988645559099,29.366300823564757,10,0.04618473895582329,False,False,False,64,0,0.0,1.1318200000000003,0.6143210871318433,0.33887122008934556,0.3584963929461667,0.3668482005596161
SSI,BAD,UCB_WITHOUT_COST_NETWORK,UCB-VAE without Cost Network,53,12,train,0.3318448191396838,0.08589934592000005,1.0,26964,3991.18814,399.11881400000004,19.57251153715809,30.185798764269794,0.6817962032284289,71.64994936225317,33,0.10102358700489542,False,False,False,684,0,0.0,8.131860000000003,0.8110124243651624,0.25452199393264124,0.3208336224736155,0.3318448066711426
SSI,BAD,UCB_WITHOUT_COST_NETWORK,UCB-VAE without Cost Network,53,12,test,0.3318448191396838,0.08589934592000005,1.0,26964,448.4281799999999,44.84281799999999,20.427244187306883,31.75290884981401,0.6862988645559099,29.366300823564757,10,0.04618473895582329,False,False,False,64,0,0.0,1.1318200000000003,0.6143210871318433,0.3374801748488323,0.32427173932893905,0.3318448066711426
SSI,BAD,UCB_WITHOUT_COST_NETWORK,UCB-VAE without Cost Network,53,13,train,0.3001813330203001,0.06871947673600004,1.0,29211,3979.5866800000003,397.958668,19.541576976790086,30.046905912003623,0.6826969439212064,71.22217963237813,32,0.1290609701824655,False,False,False,735,0,0.0,8.79332,0.8084447176730927,0.25234083989805045,0.2901095265198782,0.3001813292503357
SSI,BAD,UCB_WITHOUT_COST_NETWORK,UCB-VAE without Cost Network,53,13,test,0.3001813330203001,0.06871947673600004,1.0,29211,448.4281799999999,44.84281799999999,20.427244187306883,31.75290884981401,0.6862988645559099,29.366300823564757,10,0.04618473895582329,False,False,False,64,0,0.0,1.1318200000000003,0.6143210871318433,0.33603391984859143,0.29331283450844775,0.3001813292503357
SSI,BAD,UCB_WITHOUT_COST_NETWORK,UCB-VAE without Cost Network,53,14,train,0.27153906734917177,0.054975581388800036,1.0,31458,3974.16345,397.416345,19.527094299626203,29.979909352387995,0.6831401857892228,71.21326372080958,32,0.12639074321317312,False,False,False,767,0,0.0,9.286550000000002,0.8045197268366284,0.25063254480288727,0.26231215092765625,0.2715390622615814
SSI,BAD,UCB_WITHOUT_COST_NETWORK,UCB-VAE without Cost Network,53,14,test,0.27153906734917177,0.054975581388800036,1.0,31458,448.4281799999999,44.84281799999999,20.427244187306883,31.75290884981401,0.6862988645559099,29.366300823564757,10,0.04618473895582329,False,False,False,64,0,0.0,1.1318200000000003,0.6143210871318433,0.33490639969886066,0.26530898173889483,0.2715390622615814
SSI,BAD,UCB_WITHOUT_COST_NETWORK,UCB-VAE without Cost Network,53,15,train,0.24562974770943447,0.05,1.0,33705,4007.92925,400.792925,19.617038188579095,29.905200979342833,0.686629177427669,70.99315086082923,32,0.12505562972852693,False,False,False,790,0,0.0,9.560749999999999,0.8029433784954996,0.24976028330229524,0.2372271190631996,0.24562974274158478
SSI,BAD,UCB_WITHOUT_COST_NETWORK,UCB-VAE without Cost Network,53,15,test,0.24562974770943447,0.05,1.0,33705,408.2380199999998,40.82380199999997,18.73898013078965,31.560673222438783,0.6434023915424226,29.828489014282127,10,0.11646586345381527,False,False,False,65,0,0.0,1.1819800000000003,0.6136587979038891,0.333572414984186,0.23996554657833208,0.24562974274158478
SSI,BAD,UCB_WITHOUT_COST_NETWORK,UCB-VAE without Cost Network,53,16,train,0.2221926058330938,0.05,1.0,35952,3786.48671,378.64867100000004,19.01704966648332,29.667982497586454,0.6726505337641466,70.54929986675036,30,0.11214953271028037,False,False,False,825,0,0.0,9.963289999999997,0.7975750237879813,0.24782387383736448,0.214473216393409,0.22219260036945343
SSI,BAD,UCB_WITHOUT_COST_NETWORK,UCB-VAE without Cost Network,53,16,test,0.2221926058330938,0.05,1.0,35952,408.2380199999998,40.82380199999997,18.73898013078965,31.560673222438783,0.6434023915424226,29.828489014282127,10,0.11646586345381527,False,False,False,65,0,0.0,1.1819800000000003,0.6136587979038891,0.3326658198991454,0.21705474639763664,0.22219260036945343
SSI,BAD,UCB_WITHOUT_COST_NETWORK,UCB-VAE without Cost Network,53,17,train,0.20099175505933367,0.05,1.0,38199,3806.3789699999998,380.637897,19.071944383307994,29.759439357582234,0.6730599646352743,70.5268189238192,30,0.11125945705384958,False,False,False,854,0,0.0,10.391030000000006,0.8007174458653412,0.24707464845274946,0.19405464223817112,0.20099174976348877
SSI,BAD,UCB_WITHOUT_COST_NETWORK,UCB-VAE without Cost Network,53,17,test,0.20099175505933367,0.05,1.0,38199,408.2380199999998,40.82380199999997,18.73898013078965,31.560673222438783,0.6434023915424226,29.828489014282127,10,0.11646586345381527,False,False,False,65,0,0.0,1.1819800000000003,0.6136587979038891,0.3316404106746237,0.19633083878946636,0.20099174976348877
SSI,BAD,UCB_WITHOUT_COST_NETWORK,UCB-VAE without Cost Network,53,18,train,0.18181381621752543,0.05,1.0,40446,3697.7217499999997,369.772175,18.769595195583697,29.462531812526848,0.6681409035909817,70.11100527494288,30,0.105028927458834,False,False,False,907,0,0.0,11.008250000000007,0.7909214881009525,0.2444868920628739,0.1753175876892688,0.1818138211965561
SSI,BAD,UCB_WITHOUT_COST_NETWORK,UCB-VAE without Cost Network,53,18,test,0.18181381621752543,0.05,1.0,40446,408.2380199999998,40.82380199999997,18.73898013078965,31.560673222438783,0.6434023915424226,29.828489014282127,10,0.11646586345381527,False,False,False,65,0,0.0,1.1819800000000003,0.6136587979038891,0.33067480723063153,0.17758553412577321,0.1818138211965561
SSI,BAD,UCB_WITHOUT_COST_NETWORK,UCB-VAE without Cost Network,53,19,train,0.16446577004027732,0.05,1.0,42693,3698.4651599999997,369.84651599999995,18.771684831842904,29.417752717252753,0.6687639736446226,70.11997690974816,30,0.10235870048954161,False,False,False,940,0,0.0,11.394840000000007,0.7900282448622785,0.24342868330879747,0.15856354728159638,0.1644657701253891
SSI,BAD,UCB_WITHOUT_COST_NETWORK,UCB-VAE without Cost Network,53,19,test,0.16446577004027732,0.05,1.0,42693,408.2380199999998,40.82380199999997,18.73898013078965,31.560673222438783,0.6434023915424226,29.828489014282127,10,0.11646586345381527,False,False,False,65,0,0.0,1.1819800000000003,0.6136587979038891,0.3296175562294133,0.16062928686974562,0.1644657701253891
SSI,BAD,UCB_WITHOUT_COST_NETWORK,UCB-VAE without Cost Network,53,20,train,0.14877301449181102,0.05,1.0,44940,3807.975409999999,380.7975409999999,19.076341163847776,29.084568298934755,0.6819305361207075,68.67384683991102,28,0.06675567423230974,False,False,False,971,0,0.0,11.71459000000001,0.7816718527076982,0.24104664232341458,0.14329234242352457,0.14877301454544067
SSI,BAD,UCB_WITHOUT_COST_NETWORK,UCB-VAE without Cost Network,53,20,test,0.14877301449181102,0.05,1.0,44940,408.2380199999998,40.82380199999997,18.73898013078965,31.560673222438783,0.6434023915424226,29.828489014282127,10,0.11646586345381527,False,False,False,65,0,0.0,1.1819800000000003,0.6136587979038891,0.32846411616807003,0.1452916939873772,0.14877301454544067
SSI,BAD,UCB_WITHOUT_COST_NETWORK,UCB-VAE without Cost Network,53,21,train,0.13457760745935274,0.05,1.0,47187,3834.8371199999992,383.4837119999999,19.150127493163872,28.892980019152255,0.6866764961073974,67.73812953195586,25,0.059635068980863376,False,False,False,1011,0,0.0,12.162880000000007,0.7784156114587698,0.23973499550175337,0.12957982730911538,0.13457760214805603
SSI,BAD,UCB_WITHOUT_COST_NETWORK,UCB-VAE without Cost Network,53,21,test,0.13457760745935274,0.05,1.0,47187,408.2380199999998,40.82380199999997,18.73898013078965,31.560673222438783,0.6434023915424226,29.828489014282127,10,0.11646586345381527,False,False,False,65,0,0.0,1.1819800000000003,0.6136587979038891,0.3273650948781086,0.13141914435049268,0.13457760214805603
SSI,BAD,UCB_WITHOUT_COST_NETWORK,UCB-VAE without Cost Network,53,22,train,0.12173667712083987,0.05,1.0,49434,3884.6396299999997,388.463963,19.28597102289522,28.638958554575904,0.6942228348814065,67.05685634326673,26,0.08767245215843347,False,False,False,1039,0,0.0,12.59037000000001,0.7697628034134876,0.23756922668067412,0.1171136629168726,0.12173667550086975
SSI,BAD,UCB_WITHOUT_COST_NETWORK,UCB-VAE without Cost Network,53,22,test,0.12173667712083987,0.05,1.0,49434,478.46434999999974,47.84643499999998,21.673779704299044,31.648624423356225,0.7203745947564095,29.275773616960187,10,0.11847389558232932,False,False,False,67,0,0.0,1.2756500000000006,0.6061994777422992,0.3262632978130057,0.11886895056943164,0.12173667550086975
SSI,BAD,UCB_WITHOUT_COST_NETWORK,UCB-VAE without Cost Network,53,23,train,0.11012098398984942,0.05,1.0,51681,4022.3351000000002,402.23351,19.655247926068586,28.116711428648284,0.7129112745012406,64.94383487121165,20,0.08767245215843347,False,False,False,1065,0,0.0,12.904900000000021,0.7534554511449344,0.23469331136373717,0.10574820705525924,0.1101209819316864
SSI,BAD,UCB_WITHOUT_COST_NETWORK,UCB-VAE without Cost Network,53,23,test,0.11012098398984942,0.05,1.0,51681,478.46434999999974,47.84643499999998,21.673779704299044,31.648624423356225,0.7203745947564095,29.275773616960187,10,0.11847389558232932,False,False,False,67,0,0.0,1.2756500000000006,0.6061994777422992,0.3252687029929525,0.1075190161417744,0.1101209819316864
SSI,BAD,UCB_WITHOUT_COST_NETWORK,UCB-VAE without Cost Network,53,24,train,0.1,0.05,1.0,53928,3974.3947,397.43947,19.527712136649566,27.943855375317007,0.7117434954904429,64.59035456546066,21,0.08455718736092568,False,False,False,1112,0,0.0,13.425300000000009,0.7450589719186875,0.23242510682776815,0.09592529023866098,0.10000000149011612
SSI,BAD,UCB_WITHOUT_COST_NETWORK,UCB-VAE without Cost Network,53,24,test,0.1,0.05,1.0,53928,459.61654999999973,45.96165499999997,20.893066258278516,31.30977578077395,0.7040328930041848,29.163592546175654,10,0.11847389558232932,False,False,False,69,0,0.0,1.3134500000000005,0.6005414478802227,0.32371786706538563,0.09761450739863711,0.10000000149011612
SSI,BAD,UCB_WITHOUT_COST_NETWORK,UCB-VAE without Cost Network,53,25,train,0.1,0.05,1.0,56175,1333.39149,133.339149,9.87920722211455,24.459681597163602,0.42872029720480515,57.28094776145608,13,0.1041388518024032,False,False,False,1057,0,0.0,13.758510000000003,0.6441756698068303,0.22975912857278485,0.09548522507811112,0.10000000149011612
SSI,BAD,UCB_WITHOUT_COST_NETWORK,UCB-VAE without Cost Network,53,25,test,0.1,0.05,1.0,56175,457.3743099999999,45.737430999999994,20.799854678815887,31.59292981500173,0.6980736689954221,29.203992395198817,10,0.11847389558232932,False,False,False,68,0,0.0,1.3156900000000007,0.6060551563724972,0.32295765865399656,0.09761965708135906,0.10000000149011612
SSI,BAD,UCB_WITHOUT_COST_NETWORK,UCB-VAE without Cost Network,53,26,train,0.1,0.05,1.0,58422,1303.4063500000002,130.34063500000002,9.721307232104937,24.415637463057546,0.4231137082315441,57.050377231479544,13,0.1054739652870494,False,False,False,1047,0,0.0,13.723650000000001,0.6382263062362896,0.22729205079194328,0.09537007385849706,0.10000000149011612
SSI,BAD,UCB_WITHOUT_COST_NETWORK,UCB-VAE without Cost Network,53,26,test,0.1,0.05,1.0,58422,409.4365799999998,40.943657999999985,18.789672642841037,28.75435382286974,0.6782968285548174,29.160767052892627,8,0.11847389558232932,False,False,False,86,0,0.0,1.6034200000000003,0.5483198827206315,0.3195745267841711,0.09747276535681365,0.10000000149011612
SSI,BAD,UCB_WITHOUT_COST_NETWORK,UCB-VAE without Cost Network,53,27,train,0.1,0.05,1.0,60669,1335.7519500000003,133.57519500000004,9.891560557772205,24.152323745965827,0.4315601486511774,55.89290868783817,13,0.08856252781486426,False,False,False,1047,0,0.0,13.67805,0.6275400292499208,0.22625860124229588,0.09531257268501514,0.10000000149011612
SSI,BAD,UCB_WITHOUT_COST_NETWORK,UCB-VAE without Cost Network,53,27,test,0.1,0.05,1.0,60669,403.1400299999998,40.31400299999998,18.523122549755588,29.33533439810521,0.6628467803948287,29.278556293634484,8,0.12650602409638553,False,False,False,87,0,0.0,1.6499700000000002,0.5639416594346992,0.3189384328672685,0.09750206002237241,0.10000000149011612
SSI,BAD,UCB_WITHOUT_COST_NETWORK,UCB-VAE without Cost Network,53,28,train,0.1,0.05,1.0,62916,1376.4993200000004,137.64993200000004,10.103079265127457,24.145462060555346,0.43964860525113414,55.55119397038365,13,0.07565643079661771,False,False,False,1071,0,0.0,13.980679999999994,0.6269827735171566,0.22544428302969038,0.09528820901155405,0.10000000149011612
SSI,BAD,UCB_WITHOUT_COST_NETWORK,UCB-VAE without Cost Network,53,28,test,0.1,0.05,1.0,62916,403.96993999999995,40.396994,18.558288951235102,29.319172795825505,0.6640697313964463,29.262976793369404,8,0.12650602409638553,False,False,False,90,0,0.0,1.7300600000000004,0.5636717622718711,0.31762938213396263,0.09749357139827039,0.10000000149011612
SSI,BAD,UCB_WITHOUT_COST_NETWORK,UCB-VAE without Cost Network,53,29,train,0.1,0.05,1.0,65163,1445.37871,144.537871,10.45340894950777,24.17669509618942,0.45264898249591584,55.08963547735518,13,0.09034267912772585,False,False,False,1083,0,0.0,14.191289999999997,0.6243856385797433,0.2244958054319084,0.0952841846231128,0.10000000149011612
SSI,BAD,UCB_WITHOUT_COST_NETWORK,UCB-VAE without Cost Network,53,29,test,0.1,0.05,1.0,65163,399.2153199999998,39.921531999999985,18.356677281933887,27.748223340948513,0.6794028925514168,29.352458273525446,8,0.2389558232931727,False,False,False,99,0,0.0,1.9446799999999997,0.5191412756236522,0.31500459052472707,0.09739292528740069,0.10000000149011612
SSI,BAD,UCB_WITHOUT_COST_NETWORK,UCB-VAE without Cost Network,53,30,train,0.1,0.05,1.0,67410,1278.837109999999,127.8837109999999,9.590559352321604,23.483595190394492,0.4253699818756329,52.30281844621262,12,0.10725411659991099,False,False,False,1078,0,0.0,14.072890000000001,0.6089828996045399,0.22392002085632465,0.09528815837401174,0.10000000149011612
SSI,BAD,UCB_WITHOUT_COST_NETWORK,UCB-VAE without Cost Network,53,30,test,0.1,0.05,1.0,67410,399.43645999999967,39.943645999999966,18.366061914288355,27.7356434324272,0.6798725318923079,29.348284307916074,8,0.2389558232931727,False,False,False,102,0,0.0,2.02354,0.5188827224743803,0.31390689062066823,0.09738424754259185,0.10000000149011612
SSI,BAD,UCB_WITHOUT_COST_NETWORK,UCB-VAE without Cost Network,53,31,train,0.1,0.05,1.0,69657,1414.1501899999998,141.41501899999997,10.29567800486495,23.7936958640404,0.4500521098244899,52.646041863456794,13,0.1059190031152648,False,False,False,1096,0,0.0,14.379810000000003,0.6120563124112283,0.222661569986441,0.09523817154799251,0.10000000149011612
SSI,BAD,UCB_WITHOUT_COST_NETWORK,UCB-VAE without Cost Network,53,31,test,0.1,0.05,1.0,69657,362.3593899999996,36.23593899999996,16.782139641751993,26.410896263296767,0.6489307898480912,29.097917162362126,8,0.27309236947791166,False,False,False,109,0,0.0,2.1706099999999995,0.48165108925632083,0.3107042891612972,0.09731405004641357,0.10000000149011612
SSI,BAD,UCB_WITHOUT_COST_NETWORK,UCB-VAE without Cost Network,53,32,train,0.1,0.05,1.0,71904,1507.5368700000013,150.75368700000013,10.762104361333002,22.079116102239098,0.4866017608597245,37.18114873548688,11,0.13796172674677348,False,False,False,1138,0,0.0,16.433129999999988,0.5204053775334433,0.23650196634985682,0.09582176735754966,0.10000000149011612
SSI,BAD,UCB_WITHOUT_COST_NETWORK,UCB-VAE without Cost Network,53,32,test,0.1,0.05,1.0,71904,360.08515999999963,36.008515999999965,16.68429012073298,26.460269780983005,0.6450151057079204,29.141735947982063,8,0.2751004016064257,False,False,False,112,0,0.0,2.2548399999999997,0.4823357815307846,0.30926195364520254,0.09730794597260706,0.10000000149011612
SSI,BAD,UCB_WITHOUT_COST_NETWORK,UCB-VAE without Cost Network,53,33,train,0.1,0.05,1.0,74151,1503.6567800000012,150.36567800000012,10.743034859099044,22.016643064475858,0.4865699184442224,37.145064827647396,11,0.13885180240320427,False,False,False,1144,0,0.0,16.463219999999993,0.5170638700190026,0.23418528233494396,0.09573002787576011,0.10000000149011612
SSI,BAD,UCB_WITHOUT_COST_NETWORK,UCB-VAE without Cost Network,53,33,test,0.1,0.05,1.0,74151,361.9887699999997,36.19887699999997,16.766199144168837,26.427475455247446,0.6481526913025925,28.9116755019602,8,0.2751004016064257,False,False,False,115,0,0.0,2.36123,0.48224280618527476,0.30805731474994175,0.0972994126559022,0.10000000149011612
SSI,BAD,UCB_WITHOUT_COST_NETWORK,UCB-VAE without Cost Network,53,34,train,0.1,0.05,1.0,76398,1513.7796999999996,151.37796999999995,10.792731061787396,22.161836806683112,0.4868751534038342,36.9907471796439,11,0.14063195371606588,False,False,False,1158,0,0.0,16.62029999999999,0.5244974407917511,0.23258419885309634,0.09570780542356255,0.10000000149011612
SSI,BAD,UCB_WITHOUT_COST_NETWORK,UCB-VAE without Cost Network,53,34,test,0.1,0.05,1.0,76398,361.9479699999997,36.19479699999997,16.764444189646422,26.428753720628034,0.6480768541878689,28.9124577511361,8,0.2751004016064257,False,False,False,115,0,0.0,2.36203,0.48224886870782724,0.3071123021374266,0.097291264903343,0.10000000149011612
SSI,BAD,UCB_WITHOUT_COST_NETWORK,UCB-VAE without Cost Network,53,35,train,0.1,0.05,1.0,78645,1448.2723000000005,144.82723000000007,10.46793329511071,21.8350597313502,0.47731007991492824,36.978288682920855,11,0.14196706720071206,False,False,False,1157,0,0.0,16.807699999999993,0.5131005979371733,0.23002100248813204,0.09557583945772334,0.10000000149011612
SSI,BAD,UCB_WITHOUT_COST_NETWORK,UCB-VAE without Cost Network,53,35,test,0.1,0.05,1.0,78645,330.8165199999994,33.08165199999994,15.417644474015457,26.882773892123502,0.5980989186979254,29.024709111326647,8,0.26706827309236947,False,False,False,116,0,0.0,2.39348,0.49397566387055214,0.30635515106729716,0.0973028602196205,0.10000000149011612
SSI,BAD,UCB_WITHOUT_COST_NETWORK,UCB-VAE without Cost Network,53,36,train,0.1,0.05,1.0,80892,1482.7927400000003,148.27927400000002,10.64004161164307,21.734117434892944,0.48573391852053965,36.72983282784864,11,0.0796617712505563,False,False,False,1182,0,0.0,17.22725999999998,0.508676868992977,0.22902902773766715,0.09555484546751547,0.10000000149011612
SSI,BAD,UCB_WITHOUT_COST_NETWORK,UCB-VAE without Cost Network,53,36,test,0.1,0.05,1.0,80892,330.27970999999957,33.02797099999996,15.394284243845501,26.87093888749306,0.5974923282163592,29.17359124312326,8,0.26907630522088355,False,False,False,128,0,0.0,2.7602899999999995,0.49293436216536723,0.30535763804333277,0.09729339870175074,0.10000000149011612
SSI,BAD,UCB_WITHOUT_COST_NETWORK,UCB-VAE without Cost Network,53,37,train,0.1,0.05,1.0,83139,1508.258260000001,150.8258260000001,10.76564688957271,21.980869993495908,0.4879389058068394,36.67662886856831,11,0.1272808188696039,False,False,False,1260,0,0.0,18.40173999999998,0.5147862682326085,0.22892369779550503,0.0956277752585042,0.10000000149011612
SSI,BAD,UCB_WITHOUT_COST_NETWORK,UCB-VAE without Cost Network,53,37,test,0.1,0.05,1.0,83139,328.4193699999996,32.84193699999996,15.313291913727278,26.897072891272582,0.594543933296433,29.27100691866723,8,0.26907630522088355,False,False,False,128,0,0.0,2.7606299999999995,0.49314314010956745,0.3043991704901538,0.09728589924899014,0.10000000149011612
SSI,BAD,UCB_WITHOUT_COST_NETWORK,UCB-VAE without Cost Network,53,38,train,0.1,0.05,1.0,85386,1472.4382199999995,147.24382199999994,10.588641628182604,21.805318070942644,0.4827025834690596,37.22722411795046,11,0.102803738317757,False,False,False,1275,0,0.0,18.641779999999976,0.5070647289785085,0.22831894757750834,0.09566175335896952,0.10000000149011612
SSI,BAD,UCB_WITHOUT_COST_NETWORK,UCB-VAE without Cost Network,53,38,test,0.1,0.05,1.0,85386,326.0459499999997,32.60459499999997,15.20987988448983,26.885270573104357,0.5913168111591518,29.318157554799434,8,0.14457831325301204,False,False,False,127,0,0.0,2.6940500000000003,0.4907825667224654,0.30306484798590344,0.09727838383963744,0.10000000149011612
SSI,BAD,UCB_WITHOUT_COST_NETWORK,UCB-VAE without Cost Network,53,39,train,0.1,0.05,1.0,87633,1450.9618300000006,145.09618300000005,10.481419688585426,21.478895858584455,0.4821967451266468,36.69698347773299,11,0.10636404094348019,False,False,False,1259,0,0.0,18.48816999999998,0.4957863582044021,0.22523502744883497,0.09548144952525607,0.10000000149011612
SSI,BAD,UCB_WITHOUT_COST_NETWORK,UCB-VAE without Cost Network,53,39,test,0.1,0.05,1.0,87633,349.10364000000004,34.910364,16.21065502781418,26.812980245286898,0.6247311792975838,29.356501046832435,8,0.15060240963855423,False,False,False,134,0,0.0,2.896359999999999,0.4880380997139349,0.30190392574632025,0.09726941184313813,0.10000000149011612
SSI,BAD,UCB_WITHOUT_COST_NETWORK,UCB-VAE without Cost Network,53,40,train,0.1,0.05,1.0,89880,1367.6263399999998,136.76263399999996,10.057295887820583,21.554137654282,0.4632693321242886,36.86831857412092,11,0.08856252781486426,False,False,False,1268,0,0.0,18.47365999999998,0.49822371506821733,0.22250082960222156,0.09541456710138613,0.10000000149011612
SSI,BAD,UCB_WITHOUT_COST_NETWORK,UCB-VAE without Cost Network,53,40,test,0.1,0.05,1.0,89880,356.05583999999976,35.60558399999997,16.510726861078684,26.618744585477778,0.637121040211732,29.220999931357216,8,0.15461847389558234,False,False,False,137,0,0.0,2.984159999999999,0.4831110515026677,0.3004179120542534,0.09725246290659635,0.10000000149011612
SSI,BAD,UCB_WITHOUT_COST_NETWORK,UCB-VAE without Cost Network,53,41,train,0.1,0.05,1.0,92127,1377.4544400000013,137.74544400000013,10.107998493726766,21.389312012870043,0.4673631471644914,36.96021341022017,11,0.07521139296840232,False,False,False,1293,0,0.0,18.905559999999976,0.49283694915652904,0.22089877734594893,0.09533237239450883,0.10000000149011612
SSI,BAD,UCB_WITHOUT_COST_NETWORK,UCB-VAE without Cost Network,53,41,test,0.1,0.05,1.0,92127,306.86687000000006,30.686687000000006,14.37082326777146,27.309279878232406,0.5593425436572894,29.200206755344503,8,0.14056224899598393,False,False,False,137,0,0.0,2.983129999999999,0.5035098241821059,0.2997092977166176,0.09728691347457492,0.10000000149011612
SSI,BAD,UCB_WITHOUT_COST_NETWORK,UCB-VAE without Cost Network,53,42,train,0.1,0.05,1.0,94374,1361.956040000001,136.19560400000012,10.027957972982149,21.430216078731558,0.4634453029412206,37.12515377387583,11,0.11259457053849577,False,False,False,1333,0,0.0,19.563959999999962,0.4945038071860161,0.2201530625542164,0.09536506920159478,0.10000000149011612
SSI,BAD,UCB_WITHOUT_COST_NETWORK,UCB-VAE without Cost Network,53,42,test,0.1,0.05,1.0,94374,315.79594999999995,31.579594999999994,14.76221538083189,27.10783576818046,0.5741789127751041,28.8198369237524,8,0.142570281124498,False,False,False,140,0,0.0,3.0940499999999993,0.5001332216157697,0.2981924653412348,0.09727153865883671,0.10000000149011612
SSI,BAD,UCB_WITHOUT_COST_NETWORK,UCB-VAE without Cost Network,53,43,train,0.1,0.05,1.0,96621,1477.3683299999998,147.736833,10.61313857693409,21.639122513029807,0.48579933483129595,37.15402126407577,11,0.1068090787716956,False,False,False,1378,0,0.0,20.12166999999995,0.49790407229593114,0.21910229288157645,0.09536708736604639,0.10000000149011612
SSI,BAD,UCB_WITHOUT_COST_NETWORK,UCB-VAE without Cost Network,53,43,test,0.1,0.05,1.0,96621,315.79594999999995,31.579594999999994,14.76221538083189,27.10783576818046,0.5741789127751041,28.8198369237524,8,0.142570281124498,False,False,False,140,0,0.0,3.0940499999999993,0.5001332216157697,0.2971006744657176,0.09726320545645734,0.10000000149011612
SSI,BAD,UCB_WITHOUT_COST_NETWORK,UCB-VAE without Cost Network,53,44,train,0.1,0.05,1.0,98868,1468.66907,146.866907,10.5698840071631,21.58805063669675,0.48459802620700143,37.31702555862758,11,0.09790832220738763,False,False,False,1404,0,0.0,20.520929999999943,0.49573547142831975,0.21755597660501214,0.09532647121093436,0.10000000149011612
SSI,BAD,UCB_WITHOUT_COST_NETWORK,UCB-VAE without Cost Network,53,44,test,0.1,0.05,1.0,98868,316.2759699999999,31.62759699999999,14.78321875591666,27.085023185572222,0.5751164191136892,28.810340196856266,8,0.14859437751004015,False,False,False,140,0,0.0,3.094029999999999,0.4993706269968398,0.29597005655009107,0.09725285467683899,0.10000000149011612
SSI,BAD,UCB_WITHOUT_COST_NETWORK,UCB-VAE without Cost Network,53,45,train,0.1,0.05,1.0,101115,1486.8202499999993,148.68202499999995,10.659982773775866,21.592802799040847,0.4883565935030896,37.07403980193663,11,0.11125945705384958,False,False,False,1406,0,0.0,20.589749999999942,0.49587690326318706,0.21505525776503825,0.09524151403784738,0.10000000149011612
SSI,BAD,UCB_WITHOUT_COST_NETWORK,UCB-VAE without Cost Network,53,45,test,0.1,0.05,1.0,101115,342.6360199999999,34.26360199999999,15.930806113592766,27.154400979269237,0.6112977858047385,28.79382807080168,8,0.15261044176706828,False,False,False,143,0,0.0,3.193979999999999,0.5016134600262512,0.29519111175374335,0.09725370590363205,0.10000000149011612
SSI,BAD,UCB_WITHOUT_COST_NETWORK,UCB-VAE without Cost Network,54,1,train,1.0,1.0,1.0,2247,366.8318200000044,36.68318200000044,3.5356183984213363,7.035325724060956,0.24909206595793693,16.25219659912661,0,0.0,False,False,False,2247,0,0.0,59.44818,0.10183185504928535,0.24437476612683875,0.9754011706298487,1.0
SSI,BAD,UCB_WITHOUT_COST_NETWORK,UCB-VAE without Cost Network,54,1,test,1.0,1.0,1.0,2247,25.88599000000113,2.5885990000001127,1.2904748188753423,3.4224526460864997,-0.1894157886495321,4.947313648388904,0,0.0,False,False,False,498,0,0.0,31.654009999999985,0.06061295123500751,0.31617304245870276,0.9867654394041495,1.0
SSI,BAD,UCB_WITHOUT_COST_NETWORK,UCB-VAE without Cost Network,54,2,train,0.9045834549972122,0.8,1.0,4494,305.0819900000024,30.508199000000243,3.0047955638269785,6.635992844145705,0.1818407978274578,15.96769490908954,0,0.0,False,False,False,2247,0,0.0,60.428009999999965,0.09487772721518345,0.23770390364412314,0.8821190997211226,0.9045834541320801
SSI,BAD,UCB_WITHOUT_COST_NETWORK,UCB-VAE without Cost Network,54,2,test,0.9045834549972122,0.8,1.0,4494,-4.7072799999994,-0.47072799999994,-0.23644988637111508,3.379646754835689,-0.6455293723704808,4.648851310263416,0,0.0,False,False,False,498,0,0.0,31.26727999999999,0.059480730917003816,0.3114148761972366,0.8926320009181081,0.9045834541320801
SSI,BAD,UCB_WITHOUT_COST_NETWORK,UCB-VAE without Cost Network,54,3,train,0.8182712270546932,0.6400000000000001,1.0,6741,314.3304100000032,31.433041000000323,3.08570110441162,6.586422801046407,0.19471898163109516,15.970560590110772,0,0.0,False,False,False,2247,0,0.0,60.31959,0.09322598832953588,0.2335135514636967,0.7981400779956859,0.8182712197303772
SSI,BAD,UCB_WITHOUT_COST_NETWORK,UCB-VAE without Cost Network,54,3,test,0.8182712270546932,0.6400000000000001,1.0,6741,-11.657389999998713,-1.1657389999998713,-0.5865797387917371,3.2961673243265364,-0.7703076788608417,6.02826894976782,0,0.0,False,False,False,497,0,0.0,31.407389999999985,0.06137034151495044,0.3063591910473793,0.8074103388724513,0.8182712197303772
SSI,BAD,UCB_WITHOUT_COST_NETWORK,UCB-VAE without Cost Network,54,4,train,0.7401946136939427,0.5120000000000001,1.0,8988,326.8321300000048,32.68321300000048,3.1942660818927715,6.513646004701706,0.21247936979205528,16.410698030503408,0,0.0,False,False,False,2246,0,0.0,60.47786999999996,0.09193953136061667,0.23020894551574256,0.7221969263055021,0.7401946187019348
SSI,BAD,UCB_WITHOUT_COST_NETWORK,UCB-VAE without Cost Network,54,4,test,0.7401946136939427,0.5120000000000001,1.0,8988,-9.198210000000017,-0.9198210000000018,-0.46255232527536716,3.37265256097607,-0.7147863224239515,6.498083804322248,0,0.002008032128514056,False,False,False,497,0,0.0,31.60820999999999,0.06100151207441834,0.3023427285283924,0.7303776869855688,0.7401946187019348
SSI,BAD,UCB_WITHOUT_COST_NETWORK,UCB-VAE without Cost Network,54,5,train,0.6695678010255933,0.4096000000000001,1.0,11235,339.344820000003,33.9344820000003,3.302019724400007,6.512217216662493,0.22868083997725341,16.502412576400467,0,0.0,False,False,False,2247,0,0.0,59.33518000000003,0.0938031023949732,0.2289988094427663,0.6535680164733104,0.6695678234100342
SSI,BAD,UCB_WITHOUT_COST_NETWORK,UCB-VAE without Cost Network,54,5,test,0.6695678010255933,0.4096000000000001,1.0,11235,45.88641000000075,4.5886410000000755,2.2764665320645916,4.318501440296796,0.08412955277424164,6.67007886400266,0,0.002008032128514056,False,False,False,497,0,0.0,31.443589999999976,0.06462939718515101,0.2989583105507146,0.6607811035423132,0.6695678234100342
SSI,BAD,UCB_WITHOUT_COST_NETWORK,UCB-VAE without Cost Network,54,6,train,0.6056799548066172,0.3276800000000001,1.0,13482,374.6151500000042,37.46151500000042,3.6010064645924267,6.860264967574942,0.26296687776030525,16.50899807103241,0,0.0,False,False,False,2247,0,0.0,59.51485,0.1036404928809923,0.22517767507776876,0.5908994199752943,0.6056799292564392
SSI,BAD,UCB_WITHOUT_COST_NETWORK,UCB-VAE without Cost Network,54,6,test,0.6056799548066172,0.3276800000000001,1.0,13482,-5.1755899999997155,-0.5175589999999716,-0.2600038643527647,3.4785035203293404,-0.6330550431354739,6.148783715875469,0,0.0,False,False,False,496,0,0.0,31.375589999999985,0.06380335504683764,0.29527450909456576,0.5976669784769955,0.6056799292564392
SSI,BAD,UCB_WITHOUT_COST_NETWORK,UCB-VAE without Cost Network,54,7,train,0.547888066141525,0.2621440000000001,1.0,15729,435.7913600000047,43.579136000000474,4.103791757661823,7.265483608044479,0.3194620335831148,16.50491238937625,0,0.0,False,False,False,2247,0,0.0,59.18864000000005,0.109291130799783,0.22465649305195823,0.5347240202458357,0.5478880405426025
SSI,BAD,UCB_WITHOUT_COST_NETWORK,UCB-VAE without Cost Network,54,7,test,0.547888066141525,0.2621440000000001,1.0,15729,22.42698999999959,2.242698999999959,1.1189826866958796,4.483280826787693,-0.17339087106691406,6.148783715875469,0,0.002008032128514056,False,False,False,497,0,0.0,31.653009999999984,0.07409157083905801,0.2924228177581686,0.5406058957299076,0.5478880405426025
SSI,BAD,UCB_WITHOUT_COST_NETWORK,UCB-VAE without Cost Network,54,8,train,0.49561047982204176,0.20971520000000007,1.0,17976,238.34984000000213,23.834984000000215,2.405431941444647,7.00030394461039,0.09186153396294336,15.163361583298204,0,0.0,False,False,False,2247,0,0.0,60.63015999999998,0.11291408758036015,0.2217028661667107,0.4837476921869134,0.49561047554016113
SSI,BAD,UCB_WITHOUT_COST_NETWORK,UCB-VAE without Cost Network,54,8,test,0.49561047982204176,0.20971520000000007,1.0,17976,25.90719000000081,2.590719000000081,1.2915249946077179,4.220351385389502,-0.14613839276504018,5.351322301907105,0,0.0,False,False,False,497,0,0.0,31.232809999999976,0.07208678675405536,0.2902149307021654,0.4890367925199726,0.49561047554016113
SSI,BAD,UCB_WITHOUT_COST_NETWORK,UCB-VAE without Cost Network,54,9,train,0.4483210401702486,0.1677721600000001,1.0,20223,462.7129099999984,46.271290999999835,4.319039493912613,7.859180587109946,0.327541253750069,15.933233186048351,0,0.0,False,False,False,2247,0,0.0,58.897090000000055,0.12830895837524495,0.21897542518764587,0.43730511064330135,0.44832104444503784
SSI,BAD,UCB_WITHOUT_COST_NETWORK,UCB-VAE without Cost Network,54,9,test,0.4483210401702486,0.1677721600000001,1.0,20223,55.307470000000876,5.530747000000088,2.7376550031328106,4.6367914681860425,0.17934692723576437,5.175935326465242,0,0.0,False,False,False,496,0,0.0,31.082529999999977,0.07258253189041212,0.28817532429972803,0.4424111119649322,0.44832104444503784
SSI,BAD,UCB_WITHOUT_COST_NETWORK,UCB-VAE without Cost Network,54,10,train,0.4055437954651474,0.13421772800000006,1.0,22470,593.9418499999972,59.39418499999972,5.320363745202483,8.040086254820315,0.44178303218065035,15.26458785059125,0,0.0,False,False,False,2247,0,0.0,58.50815000000001,0.1345011094476469,0.22085577131153267,0.3958860954435029,0.40554380416870117
SSI,BAD,UCB_WITHOUT_COST_NETWORK,UCB-VAE without Cost Network,54,10,test,0.4055437954651474,0.13421772800000006,1.0,22470,64.97539000000074,6.497539000000074,3.2088000870470923,5.235760021158343,0.2526025524834109,4.803016055697143,0,0.0,False,False,False,495,0,0.0,31.074609999999957,0.0838570812020193,0.2869725376367569,0.4001725347057752,0.40554380416870117
SSI,BAD,UCB_WITHOUT_COST_NETWORK,UCB-VAE without Cost Network,54,11,train,0.3668482076545458,0.10737418240000006,1.0,24717,600.6388699999982,60.063886999999816,5.369473390358115,8.323485326096645,0.4352215486827374,18.60887417476688,0,0.0,False,False,False,2246,0,0.0,58.11113000000001,0.13945846166737266,0.21916763029220002,0.35792527373455274,0.3668482005596161
SSI,BAD,UCB_WITHOUT_COST_NETWORK,UCB-VAE without Cost Network,54,11,test,0.3668482076545458,0.10737418240000006,1.0,24717,115.75391000000104,11.575391000000105,5.649120314938361,6.015045735339975,0.6190402545876503,5.673427497149064,0,0.002008032128514056,False,False,False,495,0,0.0,30.996089999999985,0.09807902578814391,0.28580076121781245,0.36194910247228407,0.3668482005596161
SSI,BAD,UCB_WITHOUT_COST_NETWORK,UCB-VAE without Cost Network,54,12,train,0.3318448191396838,0.08589934592000005,1.0,26964,629.3068000000032,62.93068000000033,5.577654274511401,8.457563797952865,0.4531790782997812,20.037850570420066,0,0.0,False,False,False,2245,0,0.0,57.313199999999995,0.14166345442403216,0.21778502483393386,0.3236338621123051,0.3318448066711426
SSI,BAD,UCB_WITHOUT_COST_NETWORK,UCB-VAE without Cost Network,54,12,test,0.3318448191396838,0.08589934592000005,1.0,26964,66.24859000000151,6.624859000000151,3.2706876432691656,5.816212972198966,0.24329599125654633,6.203000804695563,0,0.004016064257028112,False,False,False,494,0,0.0,31.141409999999983,0.09502011848328154,0.28467161253274204,0.32741280591000427,0.3318448066711426
SSI,BAD,UCB_WITHOUT_COST_NETWORK,UCB-VAE without Cost Network,54,13,train,0.3001813330203001,0.06871947673600004,1.0,29211,634.0927200000028,63.409272000000286,5.612091105113892,9.105756055317848,0.43080398978030066,24.760542494550656,0,0.0,False,False,False,2245,0,0.0,56.067280000000025,0.14430025523954806,0.22209807132210369,0.2931752410829706,0.3001813292503357
SSI,BAD,UCB_WITHOUT_COST_NETWORK,UCB-VAE without Cost Network,54,13,test,0.3001813330203001,0.06871947673600004,1.0,29211,59.88153000000011,5.988153000000011,2.9608287578676062,6.294537668329624,0.18122542018837107,7.610754836214148,0,0.004016064257028112,False,False,False,496,0,0.0,31.248469999999987,0.10202082912406753,0.2839325788060585,0.2961421387991621,0.3001813292503357
SSI,BAD,UCB_WITHOUT_COST_NETWORK,UCB-VAE without Cost Network,54,14,train,0.27153906734917177,0.054975581388800036,1.0,31458,678.51954,67.851954,5.9275530394104825,9.075710989363738,0.4650723102158776,24.820690322132517,0,0.0,False,False,False,2245,0,0.0,55.62046,0.14442925690597136,0.2234896946653664,0.26529754444829573,0.2715390622615814
SSI,BAD,UCB_WITHOUT_COST_NETWORK,UCB-VAE without Cost Network,54,14,test,0.27153906734917177,0.054975581388800036,1.0,31458,10.26679000000081,1.026679000000081,0.5137914828778234,7.5002367820017275,-0.1602601069701036,8.086416204714428,0,0.004016064257028112,False,False,False,496,0,0.0,31.32320999999999,0.1190205819093532,0.28224991745199546,0.2678568362754468,0.2715390622615814
SSI,BAD,UCB_WITHOUT_COST_NETWORK,UCB-VAE without Cost Network,54,15,train,0.24562974770943447,0.05,1.0,33705,797.3072900000011,79.73072900000011,6.735956988434233,9.374784868798818,0.5349759995953565,25.768461652510723,0,0.0,False,False,False,2245,0,0.0,54.02271000000001,0.1482786235325058,0.22472832955065228,0.24002919408883142,0.24562974274158478
SSI,BAD,UCB_WITHOUT_COST_NETWORK,UCB-VAE without Cost Network,54,15,test,0.24562974770943447,0.05,1.0,33705,157.58665999999903,15.758665999999902,7.618238730539195,8.716927429016282,0.6634887921042361,8.010789030538906,0,0.002008032128514056,False,False,False,497,0,0.0,30.91333999999999,0.13615062361403035,0.28356004848956584,0.24231414345384472,0.24562974274158478
SSI,BAD,UCB_WITHOUT_COST_NETWORK,UCB-VAE without Cost Network,54,16,train,0.2221926058330938,0.05,1.0,35952,926.2799099999986,92.62799099999987,7.561575897957451,9.574559506731244,0.607005503832478,25.86157710253935,0,0.0,False,False,False,2245,0,0.0,53.510090000000055,0.15480796208071587,0.22566061466269138,0.21715555575322038,0.22219260036945343
SSI,BAD,UCB_WITHOUT_COST_NETWORK,UCB-VAE without Cost Network,54,16,test,0.2221926058330938,0.05,1.0,35952,67.04129000000103,6.704129000000103,3.309200513231425,9.148271800477634,0.18599583536437309,14.028574975957438,0,0.0,False,False,False,494,0,0.0,31.49871,0.14113165061781954,0.28206749938159104,0.2191487297051229,0.22219260036945343
SSI,BAD,UCB_WITHOUT_COST_NETWORK,UCB-VAE without Cost Network,54,17,train,0.20099175505933367,0.05,1.0,38199,1281.4443200000005,128.14443200000005,9.604493166446693,9.825135081461697,0.7871911947283783,25.984342244731867,0,0.0,False,False,False,2245,0,0.0,51.25568000000004,0.15201692123627378,0.23624232471731965,0.19668127333466306,0.20099174976348877
SSI,BAD,UCB_WITHOUT_COST_NETWORK,UCB-VAE without Cost Network,54,17,test,0.20099175505933367,0.05,1.0,38199,60.11343000000102,6.011343000000101,2.972130636192727,9.928458556160178,0.1456278247867948,12.513419076805791,0,0.002008032128514056,False,False,False,495,0,0.0,31.266569999999998,0.1470559558613439,0.2811991465857709,0.19824051982395055,0.20099174976348877
SSI,BAD,UCB_WITHOUT_COST_NETWORK,UCB-VAE without Cost Network,54,18,train,0.18181381621752543,0.05,1.0,40446,1435.8898600000011,143.58898600000012,10.405672344372995,10.185920151445695,0.8349806213180538,26.404593874721343,0,0.0,False,False,False,2245,0,0.0,51.470140000000065,0.16346919438001448,0.23297717957747052,0.17781430354513156,0.1818138211965561
SSI,BAD,UCB_WITHOUT_COST_NETWORK,UCB-VAE without Cost Network,54,18,test,0.18181381621752543,0.05,1.0,40446,-60.83640999999898,-6.083640999999898,-3.09999053837714,11.919363357524091,-0.3745750106775868,24.543578779933192,0,0.0,False,False,False,495,0,0.0,32.13640999999998,0.17731182087051953,0.2827474216530361,0.1792292865595055,0.1818138211965561
SSI,BAD,UCB_WITHOUT_COST_NETWORK,UCB-VAE without Cost Network,54,19,train,0.16446577004027732,0.05,1.0,42693,1601.3014800000005,160.13014800000005,11.215135711057878,10.542281216430885,0.880159478244841,26.403613757961626,0,0.0,False,False,False,2246,0,0.0,51.13851999999999,0.17895548142579137,0.23240124157364228,0.1607522990708454,0.1644657701253891
SSI,BAD,UCB_WITHOUT_COST_NETWORK,UCB-VAE without Cost Network,54,19,test,0.16446577004027732,0.05,1.0,42693,-58.74163999999928,-5.8741639999999276,-2.991613662735826,12.564958612900554,-0.34012120312579947,24.569129851565638,0,0.0,False,False,False,495,0,0.0,32.071639999999995,0.18825296378488965,0.28251811446075936,0.1621255111187294,0.1644657701253891
SSI,BAD,UCB_WITHOUT_COST_NETWORK,UCB-VAE without Cost Network,54,20,train,0.14877301449181102,0.05,1.0,44940,1612.2121699999961,161.2212169999996,11.266904992608495,10.724796075670069,0.8713682267412651,26.90709710174181,0,0.0,False,False,False,2246,0,0.0,51.03783000000001,0.18293018986662013,0.2315582646082707,0.14539227652664047,0.14877301454544067
SSI,BAD,UCB_WITHOUT_COST_NETWORK,UCB-VAE without Cost Network,54,20,test,0.14877301449181102,0.05,1.0,44940,-137.15374999999847,-13.715374999999847,-7.1340077236259685,13.103113723564652,-0.6566737375498374,28.698814196406392,0,0.004016064257028112,False,False,False,496,0,0.0,32.323750000000004,0.19453385001134155,0.2827850147992013,0.14664739554502443,0.14877301454544067
SSI,BAD,UCB_WITHOUT_COST_NETWORK,UCB-VAE without Cost Network,54,21,train,0.13457760745935274,0.05,1.0,47187,1638.7837399999953,163.87837399999952,11.39218289504833,10.909469347036751,0.8688536650213959,27.20101587477226,0,0.0,False,False,False,2245,0,0.0,50.97626000000003,0.19161001939671063,0.22988512926052346,0.13147896727462724,0.13457760214805603
SSI,BAD,UCB_WITHOUT_COST_NETWORK,UCB-VAE without Cost Network,54,21,test,0.13457760745935274,0.05,1.0,47187,-60.1899899999994,-6.01899899999994,-3.066533942716587,12.617723643849201,-0.34435692695080766,25.06091489618389,0,0.0,False,False,False,495,0,0.0,32.149989999999995,0.19526783101691403,0.2816815859971037,0.13266023712769265,0.13457760214805603
SSI,BAD,UCB_WITHOUT_COST_NETWORK,UCB-VAE without Cost Network,54,22,train,0.12173667712083987,0.05,1.0,49434,1567.568469999997,156.7568469999997,11.053848736585504,10.875770953363533,0.8429856631610145,26.96013865254816,0,0.0,False,False,False,2244,0,0.0,51.18153000000006,0.1934239387102446,0.2272750949582419,0.11889219274954266,0.12173667550086975
SSI,BAD,UCB_WITHOUT_COST_NETWORK,UCB-VAE without Cost Network,54,22,test,0.12173667712083987,0.05,1.0,49434,-61.08938999999941,-6.108938999999941,-3.1130870838263713,12.619407062643528,-0.3481334406049082,25.06091489618389,0,0.0,False,False,False,495,0,0.0,32.14939,0.19514184431708623,0.2812469976853175,0.1200025923952716,0.12173667550086975
SSI,BAD,UCB_WITHOUT_COST_NETWORK,UCB-VAE without Cost Network,54,23,train,0.11012098398984942,0.05,1.0,51681,1847.6408799999977,184.76408799999976,12.339618726549585,11.117959181734289,0.9314444523932529,26.73275058357183,0,0.0,False,False,False,2244,0,0.0,51.47912000000003,0.1986559335340692,0.2272040361151411,0.1075258846653387,0.1101209819316864
SSI,BAD,UCB_WITHOUT_COST_NETWORK,UCB-VAE without Cost Network,54,23,test,0.11012098398984942,0.05,1.0,51681,-25.237769999998704,-2.5237769999998707,-1.2742855906754946,12.84989090172366,-0.1920261373498205,25.60308770368165,0,0.004016064257028112,False,False,False,496,0,0.0,32.47777000000001,0.1988783615643217,0.2801997545642786,0.10855271264518991,0.1101209819316864
SSI,BAD,UCB_WITHOUT_COST_NETWORK,UCB-VAE without Cost Network,54,24,train,0.1,0.05,1.0,53928,1862.5126499999965,186.25126499999965,12.404700505947153,11.171963537683963,0.93270610502922,26.73275058357183,0,0.0,False,False,False,2244,0,0.0,51.63735000000003,0.2009052767248545,0.22493451855277613,0.09762546242582001,0.10000000149011612
SSI,BAD,UCB_WITHOUT_COST_NETWORK,UCB-VAE without Cost Network,54,24,test,0.1,0.05,1.0,53928,-47.77088999999842,-4.777088999999841,-2.425973878069776,13.696053748291337,-0.2584258633866491,26.168220457307946,0,0.0,False,False,False,494,0,0.0,32.19089000000001,0.21005143866728487,0.2795999989392288,0.09857639100901747,0.10000000149011612
SSI,BAD,UCB_WITHOUT_COST_NETWORK,UCB-VAE without Cost Network,54,25,train,0.1,0.05,1.0,56175,1936.229739999998,193.6229739999998,12.722930512207453,11.358118797971397,0.9443703167984215,26.97544412065371,0,0.0,False,False,False,2244,0,0.0,51.570260000000026,0.20855570552304348,0.22362650845002535,0.09760853822927874,0.10000000149011612
SSI,BAD,UCB_WITHOUT_COST_NETWORK,UCB-VAE without Cost Network,54,25,test,0.1,0.05,1.0,56175,-42.795439999999076,-4.279543999999907,-2.1705157461290647,12.89286641464758,-0.2624303718653226,24.19794937709017,0,0.0,False,False,False,495,0,0.0,32.14544000000002,0.18845225760090262,0.278405573473398,0.0985852420172277,0.10000000149011612
SSI,BAD,UCB_WITHOUT_COST_NETWORK,UCB-VAE without Cost Network,54,26,train,0.1,0.05,1.0,58422,1944.7708099999954,194.47708099999954,12.759341177557793,11.410712247479745,0.9434062058286058,27.13519590070947,0,0.0,False,False,False,2244,0,0.0,51.379190000000044,0.21179065628480423,0.22169752724047603,0.09758699293830767,0.10000000149011612
SSI,BAD,UCB_WITHOUT_COST_NETWORK,UCB-VAE without Cost Network,54,26,test,0.1,0.05,1.0,58422,-42.795439999999076,-4.279543999999907,-2.1705157461290647,12.89286641464758,-0.2624303718653226,24.19794937709017,0,0.0,False,False,False,495,0,0.0,32.14544000000002,0.18845225760090262,0.27762317183206836,0.09858537407258036,0.10000000149011612
SSI,BAD,UCB_WITHOUT_COST_NETWORK,UCB-VAE without Cost Network,54,27,train,0.1,0.05,1.0,60669,1971.448569999996,197.1448569999996,12.872467370991991,11.449076019310658,0.9494619727352701,27.13519590070947,0,0.0,False,False,False,2244,0,0.0,51.24143000000006,0.21343364399112424,0.22070818028027714,0.09758038634870143,0.10000000149011612
SSI,BAD,UCB_WITHOUT_COST_NETWORK,UCB-VAE without Cost Network,54,27,test,0.1,0.05,1.0,60669,25.4175800000005,2.54175800000005,1.2672686246137488,12.071155867091008,-0.0003023101959129982,23.851876462979813,0,0.0,False,False,False,495,0,0.0,31.922420000000013,0.17786799712119425,0.2756632657265328,0.09860291205517956,0.10000000149011612
SSI,BAD,UCB_WITHOUT_COST_NETWORK,UCB-VAE without Cost Network,54,28,train,0.1,0.05,1.0,62916,1976.167169999998,197.6167169999998,12.89238242680204,11.614430948214254,0.939122874322943,27.013740320220336,0,0.0,False,False,False,2244,0,0.0,51.34283000000008,0.2235599187279739,0.21866633495026608,0.09755416486240318,0.10000000149011612
SSI,BAD,UCB_WITHOUT_COST_NETWORK,UCB-VAE without Cost Network,54,28,test,0.1,0.05,1.0,62916,28.52795000000083,2.852795000000083,1.4212653221594485,12.089659548753648,0.012616815914510813,21.096329657105624,0,0.0,False,False,False,495,0,0.0,32.12205,0.19301202291935096,0.2741257069131217,0.09857971582312834,0.10000000149011612
SSI,BAD,UCB_WITHOUT_COST_NETWORK,UCB-VAE without Cost Network,54,29,train,0.1,0.05,1.0,65163,1980.4832999999962,198.04832999999962,12.91057428031246,11.520694842132094,0.9472212275486978,26.57646705988524,0,0.0,False,False,False,2244,0,0.0,51.456700000000055,0.22354338202339155,0.21658235570166343,0.0975264560051584,0.10000000149011612
SSI,BAD,UCB_WITHOUT_COST_NETWORK,UCB-VAE without Cost Network,54,29,test,0.1,0.05,1.0,65163,24.75348000000099,2.475348000000099,1.234358406917302,12.052057192693498,-0.003151026921339984,21.096329657105624,0,0.0,False,False,False,495,0,0.0,32.15652,0.19170072330124696,0.27323382075531893,0.09858090970046375,0.10000000149011612
SSI,BAD,UCB_WITHOUT_COST_NETWORK,UCB-VAE without Cost Network,54,30,train,0.1,0.05,1.0,67410,1976.5015499999981,197.6501549999998,12.893792627019529,11.960869189568644,0.9154301685533287,26.57646705988524,0,0.0,False,False,False,2244,0,0.0,51.468450000000004,0.23615394775093432,0.2172154529781993,0.09757943103548035,0.10000000149011612
SSI,BAD,UCB_WITHOUT_COST_NETWORK,UCB-VAE without Cost Network,54,30,test,0.1,0.05,1.0,67410,55.38892000000169,5.5388920000001685,2.7416332544889066,12.492853594232264,0.12046406902748202,22.675904425354727,0,0.006024096385542169,False,False,False,495,0,0.0,31.771080000000016,0.18109938675340218,0.2719124204004146,0.09858870253309623,0.10000000149011612
SSI,BAD,UCB_WITHOUT_COST_NETWORK,UCB-VAE without Cost Network,54,31,train,0.1,0.05,1.0,69657,1993.471499999996,199.3471499999996,12.965176735524441,11.61330021261714,0.9447833498817118,27.145479652058484,0,0.0,False,False,False,2244,0,0.0,51.82850000000003,0.22403691604269865,0.21350027771992422,0.09749006669159464,0.10000000149011612
SSI,BAD,UCB_WITHOUT_COST_NETWORK,UCB-VAE without Cost Network,54,31,test,0.1,0.05,1.0,69657,48.62185000000045,4.8621850000000455,2.410586833225392,12.938723633207577,0.09554509617396749,22.815337978348964,0,0.0,False,False,False,495,0,0.0,31.938149999999993,0.19184598213747775,0.27147807946884966,0.0985811906491004,0.10000000149011612
SSI,BAD,UCB_WITHOUT_COST_NETWORK,UCB-VAE without Cost Network,54,32,train,0.1,0.05,1.0,71904,1998.8005699999976,199.88005699999977,12.987519267734138,11.58612154256278,0.9484441118604601,26.71063384309989,0,0.0,False,False,False,2244,0,0.0,51.889430000000054,0.22475161746808375,0.21235113421187277,0.09749206756480319,0.10000000149011612
SSI,BAD,UCB_WITHOUT_COST_NETWORK,UCB-VAE without Cost Network,54,32,test,0.1,0.05,1.0,71904,61.80918000000156,6.180918000000156,3.054737295670784,12.649166514671151,0.1448179712441951,22.290698420169644,0,0.006024096385542169,False,False,False,493,0,0.0,31.860820000000004,0.18573098173223931,0.270520025796919,0.09858625929077727,0.10000000149011612
SSI,BAD,UCB_WITHOUT_COST_NETWORK,UCB-VAE without Cost Network,54,33,train,0.1,0.05,1.0,74151,2222.1548199999966,222.21548199999967,13.893616446519452,12.196301089946237,0.9730098152139348,26.688810062670964,0,0.0,False,False,False,2244,0,0.0,51.905180000000044,0.2405376209609417,0.21293651214442255,0.0975439804483493,0.10000000149011612
SSI,BAD,UCB_WITHOUT_COST_NETWORK,UCB-VAE without Cost Network,54,33,test,0.1,0.05,1.0,74151,60.970070000000305,6.097007000000031,3.0138691663087913,11.619149811908303,0.14354417752255008,20.031485417520813,0,0.008032128514056224,False,False,False,494,0,0.0,31.769930000000013,0.16929106049607842,0.269464763621968,0.09859763060000397,0.10000000149011612
SSI,BAD,UCB_WITHOUT_COST_NETWORK,UCB-VAE without Cost Network,54,34,train,0.1,0.05,1.0,76398,2040.4608099999969,204.04608099999967,13.160976854384332,11.754154954256054,0.9497358655507556,28.025497184483832,0,0.0,False,False,False,2244,0,0.0,51.869190000000046,0.22620214604008115,0.21173591292734723,0.09751612658617291,0.10000000149011612
SSI,BAD,UCB_WITHOUT_COST_NETWORK,UCB-VAE without Cost Network,54,34,test,0.1,0.05,1.0,76398,48.09057000000212,4.8090570000002115,2.3845515027708153,11.091422989441305,0.08928364767577002,19.017288251712962,0,0.006024096385542169,False,False,False,495,0,0.0,31.959430000000015,0.16288680140904857,0.26772369073337343,0.0985882308479642,0.10000000149011612
SSI,BAD,UCB_WITHOUT_COST_NETWORK,UCB-VAE without Cost Network,54,35,train,0.1,0.05,1.0,78645,2233.018839999999,223.3018839999999,13.936249705937232,12.391700887613169,0.962656437295573,28.15662814974727,0,0.0,False,False,False,2244,0,0.0,52.14116000000007,0.24613973139390324,0.20955596839023474,0.09752876507443518,0.10000000149011612
SSI,BAD,UCB_WITHOUT_COST_NETWORK,UCB-VAE without Cost Network,54,35,test,0.1,0.05,1.0,78645,30.827790000001187,3.0827790000001185,1.5349829142324634,10.944985672363991,0.012211021388672442,18.70122622074758,0,0.006024096385542169,False,False,False,495,0,0.0,31.64221000000002,0.1630777160971269,0.2663739807454936,0.09859006724198964,0.10000000149011612
SSI,BAD,UCB_WITHOUT_COST_NETWORK,UCB-VAE without Cost Network,54,36,train,0.1,0.05,1.0,80892,2105.8242699999983,210.5824269999998,13.428914592026597,12.057527473926847,0.9486075102769572,28.286317622477185,2,0.0,False,False,False,2244,0,0.0,51.90573000000008,0.23542937627753543,0.2077717150702018,0.0974786731363592,0.10000000149011612
SSI,BAD,UCB_WITHOUT_COST_NETWORK,UCB-VAE without Cost Network,54,36,test,0.1,0.05,1.0,80892,103.30062000000112,10.330062000000112,5.055849256254397,11.591200936645222,0.31431674626467176,19.944461645163372,0,0.0,False,False,False,495,0,0.0,31.73938000000002,0.1690594898440837,0.2655056213817922,0.0985893148992805,0.10000000149011612
SSI,BAD,UCB_WITHOUT_COST_NETWORK,UCB-VAE without Cost Network,54,37,train,0.1,0.05,1.0,83139,2195.698609999995,219.56986099999952,13.789258510367276,12.097777084327515,0.9722855536082117,28.286317622477185,2,0.0,False,False,False,2244,0,0.0,51.75139000000006,0.23352553577187843,0.2084737595620026,0.09751083106061771,0.10000000149011612
SSI,BAD,UCB_WITHOUT_COST_NETWORK,UCB-VAE without Cost Network,54,37,test,0.1,0.05,1.0,83139,88.3955599999997,8.83955599999997,4.3413724280905175,12.077373323947935,0.24926510201296223,20.284445385309258,0,0.006024096385542169,False,False,False,494,0,0.0,31.574440000000006,0.16094310832271644,0.26551359820078657,0.09861312101670928,0.10000000149011612
SSI,BAD,UCB_WITHOUT_COST_NETWORK,UCB-VAE without Cost Network,54,38,train,0.1,0.05,1.0,85386,2250.3954899999976,225.03954899999977,14.004176248597688,12.190514000372154,0.9814191919187801,28.271043627039976,2,0.0,False,False,False,2244,0,0.0,51.654510000000045,0.23794803119377841,0.20696234236532282,0.09749157948289608,0.10000000149011612
SSI,BAD,UCB_WITHOUT_COST_NETWORK,UCB-VAE without Cost Network,54,38,test,0.1,0.05,1.0,85386,20.00098000000105,2.0000980000001047,0.998532137311714,11.335850273986344,-0.031576978540924845,16.74269750140352,0,0.0,False,False,False,492,0,0.0,31.56902000000001,0.16790262831354924,0.26437020747656803,0.09858651838138531,0.10000000149011612
SSI,BAD,UCB_WITHOUT_COST_NETWORK,UCB-VAE without Cost Network,54,39,train,0.1,0.05,1.0,87633,2276.086689999998,227.6086689999998,14.104015929047108,12.510881578787444,0.9665230628694111,27.932745041668078,0,0.0,False,False,False,2244,0,0.0,52.363310000000055,0.25163247582293435,0.2060279199479684,0.09750035174440286,0.10000000149011612
SSI,BAD,UCB_WITHOUT_COST_NETWORK,UCB-VAE without Cost Network,54,39,test,0.1,0.05,1.0,87633,92.73104000000035,9.273104000000036,4.5496945806638545,11.151875554454001,0.2785959920261689,18.38315647950952,0,0.002008032128514056,False,False,False,493,0,0.0,31.51896000000001,0.15375619996007725,0.26356503523018465,0.09860017157440945,0.10000000149011612
SSI,BAD,UCB_WITHOUT_COST_NETWORK,UCB-VAE without Cost Network,54,40,train,0.1,0.05,1.0,89880,2128.6177899999952,212.86177899999953,13.521171930118836,12.45162947830673,0.9290688168286714,27.907603750528047,0,0.0,False,False,False,2244,0,0.0,52.93221000000004,0.2555373277732787,0.20158425245051073,0.09743683319602887,0.10000000149011612
SSI,BAD,UCB_WITHOUT_COST_NETWORK,UCB-VAE without Cost Network,54,40,test,0.1,0.05,1.0,89880,115.29742000000101,11.529742000000102,5.627431698096319,13.01678524551278,0.3352514710003508,19.32712665026412,0,0.004016064257028112,False,False,False,493,0,0.0,31.912579999999977,0.17302946903761565,0.26338651216772185,0.09860378218588275,0.10000000149011612
SSI,BAD,UCB_WITHOUT_COST_NETWORK,UCB-VAE without Cost Network,54,41,train,0.1,0.05,1.0,92127,2250.50656,225.05065599999998,14.004609389883749,12.690816098538175,0.9476830882756746,28.321536783863905,2,0.0,False,False,False,2244,0,0.0,53.11344000000003,0.25989905232125293,0.20115670212969336,0.09741659664413702,0.10000000149011612
SSI,BAD,UCB_WITHOUT_COST_NETWORK,UCB-VAE without Cost Network,54,41,test,0.1,0.05,1.0,92127,100.2303100000006,10.02303100000006,4.909068585443177,13.01725670914323,0.28235290320383677,19.32712665026412,0,0.0,False,False,False,493,0,0.0,31.869689999999977,0.17455401027011724,0.26242122227647696,0.09860068359169137,0.10000000149011612
SSI,BAD,UCB_WITHOUT_COST_NETWORK,UCB-VAE without Cost Network,54,42,train,0.1,0.05,1.0,94374,2237.326160000001,223.73261600000012,13.95311751499715,12.684381232917763,0.9445159784866817,28.327908094131775,2,0.0,False,False,False,2244,0,0.0,53.15384000000006,0.2623857599616684,0.19983114602900529,0.09740674742210952,0.10000000149011612
SSI,BAD,UCB_WITHOUT_COST_NETWORK,UCB-VAE without Cost Network,54,42,test,0.1,0.05,1.0,94374,141.71806000000106,14.171806000000107,6.875526185843084,13.078606842571544,0.42488447310636174,19.32712665026412,0,0.004016064257028112,False,False,False,494,0,0.0,31.971939999999993,0.17874982109692883,0.2618883148464094,0.09859371528725809,0.10000000149011612
SSI,BAD,UCB_WITHOUT_COST_NETWORK,UCB-VAE without Cost Network,54,43,train,0.1,0.05,1.0,96621,2128.56552,212.856552,13.52096105034326,12.572793455788645,0.9213024364181286,28.327908094131775,2,0.0004450378282153983,False,False,False,2243,0,0.0,53.51448000000004,0.26143740799028237,0.19831921500421176,0.09738487305463496,0.10000000149011612
SSI,BAD,UCB_WITHOUT_COST_NETWORK,UCB-VAE without Cost Network,54,43,test,0.1,0.05,1.0,96621,65.94201000000112,6.594201000000112,3.255788805931936,13.548239836933785,0.15839253860913843,23.620201204007568,0,0.0,False,False,False,491,0,0.0,31.987989999999993,0.1860988664001707,0.26219178433997564,0.09859193014691632,0.10000000149011612
SSI,BAD,UCB_WITHOUT_COST_NETWORK,UCB-VAE without Cost Network,54,44,train,0.1,0.05,1.0,98868,2167.523329999998,216.7523329999998,13.677271841438298,12.693711856672033,0.9246560484268274,28.327908094131775,2,0.0004450378282153983,False,False,False,2243,0,0.0,53.966670000000036,0.2647878679813947,0.19642984065006297,0.0973540906021451,0.10000000149011612
SSI,BAD,UCB_WITHOUT_COST_NETWORK,UCB-VAE without Cost Network,54,44,test,0.1,0.05,1.0,98868,155.3578800000014,15.535788000000139,7.514230695680046,12.039669408079279,0.5007370958876859,19.030050178424222,0,0.006024096385542169,False,False,False,495,0,0.0,31.86211999999998,0.16877005764999406,0.2601179580342578,0.09860766122635153,0.10000000149011612
SSI,BAD,UCB_WITHOUT_COST_NETWORK,UCB-VAE without Cost Network,54,45,train,0.1,0.05,1.0,101115,2266.0647699999968,226.60647699999967,14.065152377791934,12.870600345298215,0.9404045516039089,28.731958658736456,2,0.0004450378282153983,False,False,False,2243,0,0.0,53.62523000000006,0.2666335680338161,0.1966099832215254,0.09737680155072354,0.10000000149011612
SSI,BAD,UCB_WITHOUT_COST_NETWORK,UCB-VAE without Cost Network,54,45,test,0.1,0.05,1.0,101115,168.45969000000173,16.84596900000017,8.124213714585803,11.865531421667628,0.5543624061676994,16.34376388192923,0,0.0,False,False,False,493,0,0.0,31.810309999999976,0.16274026991734356,0.2591838732391716,0.09861201273536499,0.10000000149011612
SSI,BAD,UCB_WITHOUT_COST_NETWORK,UCB-VAE without Cost Network,55,1,train,1.0,1.0,1.0,2247,3826.4838599999966,382.6483859999997,19.127221073941335,20.148467617789496,0.8773984422911746,27.329654381349155,12,0.00801068090787717,False,False,False,2055,0,0.0,32.31613999999999,0.354686746456416,0.29607757553292424,0.9440416649195563,1.0
SSI,BAD,UCB_WITHOUT_COST_NETWORK,UCB-VAE without Cost Network,55,1,test,1.0,1.0,1.0,2247,-245.2669900000003,-24.52669900000003,-13.166593313993157,37.53910230913252,-0.24423573020931477,58.66599336757524,21,0.010040160642570281,False,False,False,377,0,0.0,11.856990000000005,0.6143933438955382,0.3889471416971291,0.9736986007621663,1.0
SSI,BAD,UCB_WITHOUT_COST_NETWORK,UCB-VAE without Cost Network,55,2,train,0.9045834549972122,0.8,1.0,4494,3405.105849999999,340.51058499999994,17.92332406115087,19.669576760022608,0.8419103090818331,27.31426229901056,12,0.007120605251446373,False,False,False,2056,0,0.0,31.744149999999998,0.35025655341535467,0.2905648924015764,0.8535251266416061,0.9045834541320801
SSI,BAD,UCB_WITHOUT_COST_NETWORK,UCB-VAE without Cost Network,55,2,test,0.9045834549972122,0.8,1.0,4494,-224.52410000000043,-22.452410000000043,-11.977330007620724,37.528567942569985,-0.20788179578650043,58.66599336757524,21,0.010040160642570281,False,False,False,376,0,0.0,11.814100000000009,0.6155542438454695,0.38286657415958775,0.8807646176618309,0.9045834541320801
SSI,BAD,UCB_WITHOUT_COST_NETWORK,UCB-VAE without Cost Network,55,3,train,0.8182712270546932,0.6400000000000001,1.0,6741,3841.1695199999967,384.1169519999997,19.167468855172643,20.031338353994677,0.8830566503421436,27.234497497037363,12,0.008455718736092568,False,False,False,2056,0,0.0,32.63047999999999,0.34818869577350847,0.2871868986260058,0.77232453707049,0.8182712197303772
SSI,BAD,UCB_WITHOUT_COST_NETWORK,UCB-VAE without Cost Network,55,3,test,0.8182712270546932,0.6400000000000001,1.0,6741,-236.35300000000007,-23.635300000000008,-12.653552203158947,37.21685993345337,-0.23361516987182473,58.70804815665114,20,0.012048192771084338,False,False,False,376,0,0.0,11.833000000000006,0.6079759135348783,0.37788266389365177,0.7967083450976669,0.8182712197303772
SSI,BAD,UCB_WITHOUT_COST_NETWORK,UCB-VAE without Cost Network,55,4,train,0.7401946136939427,0.5120000000000001,1.0,8988,3259.192479999998,325.9192479999998,17.48249087403444,19.506385121582657,0.8279496471552473,27.332545036388268,12,0.008455718736092568,False,False,False,2052,0,0.0,32.22752,0.34531766042881984,0.28164288521635306,0.6984620414013837,0.7401946187019348
SSI,BAD,UCB_WITHOUT_COST_NETWORK,UCB-VAE without Cost Network,55,4,test,0.7401946136939427,0.5120000000000001,1.0,8988,-240.1001100000003,-24.01001100000003,-12.868850101773678,36.75748631567076,-0.247971995667421,58.1263981895278,20,0.012048192771084338,False,False,False,378,0,0.0,11.890110000000005,0.5989457909957906,0.3740130520489321,0.7206122122593456,0.7401946187019348
SSI,BAD,UCB_WITHOUT_COST_NETWORK,UCB-VAE without Cost Network,55,5,train,0.6695678010255933,0.4096000000000001,1.0,11235,3350.843909999997,335.0843909999997,17.760925208279478,19.49096058501452,0.8406951876203493,27.107230983662227,11,0.008900756564307966,False,False,False,2055,0,0.0,32.40608999999999,0.34359388950553327,0.2785223385407811,0.6318242028473158,0.6695678234100342
SSI,BAD,UCB_WITHOUT_COST_NETWORK,UCB-VAE without Cost Network,55,5,test,0.6695678010255933,0.4096000000000001,1.0,11235,-224.73995000000048,-22.473995000000045,-11.989623272829908,37.00059071162919,-0.21657231945102245,58.1263981895278,20,0.012048192771084338,False,False,False,377,0,0.0,11.839950000000004,0.6025085576595138,0.36950441638389264,0.6518976794036908,0.6695678234100342
SSI,BAD,UCB_WITHOUT_COST_NETWORK,UCB-VAE without Cost Network,55,6,train,0.6056799548066172,0.3276800000000001,1.0,13482,2991.8343399999967,299.18343399999964,16.638707067915814,18.73878470019403,0.8152273540319347,27.213744029729796,10,0.009345794392523364,False,False,False,2046,0,0.0,31.74566000000001,0.33494794106480497,0.27762523568374187,0.5713613361594081,0.6056799292564392
SSI,BAD,UCB_WITHOUT_COST_NETWORK,UCB-VAE without Cost Network,55,6,test,0.6056799548066172,0.3276800000000001,1.0,13482,-239.27101000000062,-23.92710100000006,-12.821166964843867,36.679865985106716,-0.24783218473858334,57.83709187216666,20,0.014056224899598393,False,False,False,379,0,0.0,11.881010000000005,0.5911135621172706,0.3664038690876769,0.5896760738213683,0.6056799292564392
SSI,BAD,UCB_WITHOUT_COST_NETWORK,UCB-VAE without Cost Network,55,7,train,0.547888066141525,0.2621440000000001,1.0,15729,3981.8583599999965,398.18583599999965,19.54763930797119,22.23118294486448,0.8311627641003543,35.90107970652085,19,0.009790832220738763,False,False,False,2006,0,0.0,35.54163999999998,0.41434491739692575,0.26611198847313483,0.5188937431610764,0.5478880405426025
SSI,BAD,UCB_WITHOUT_COST_NETWORK,UCB-VAE without Cost Network,55,7,test,0.547888066141525,0.2621440000000001,1.0,15729,-234.05419000000006,-23.405419000000006,-12.521729816453375,36.467616478630056,-0.24196060482055348,58.01801720343137,19,0.014056224899598393,False,False,False,379,0,0.0,11.884190000000006,0.5857514564757995,0.3640077911526803,0.5334035552311831,0.5478880405426025
SSI,BAD,UCB_WITHOUT_COST_NETWORK,UCB-VAE without Cost Network,55,8,train,0.49561047982204176,0.20971520000000007,1.0,17976,3241.676959999997,324.1676959999997,17.428673958237596,19.053836154954514,0.8406069096499035,27.153387844947847,10,0.009345794392523364,False,False,False,2035,0,0.0,32.363040000000005,0.33274250421707585,0.27329651007373224,0.46775612411469314,0.49561047554016113
SSI,BAD,UCB_WITHOUT_COST_NETWORK,UCB-VAE without Cost Network,55,8,test,0.49561047982204176,0.20971520000000007,1.0,17976,-236.7005800000004,-23.67005800000004,-12.673500943564475,35.68374592810645,-0.2600937906035601,57.571864775124304,18,0.012048192771084338,False,False,False,380,0,0.0,11.920580000000005,0.5695441477205532,0.3627338320256237,0.48242286062014283,0.49561047554016113
SSI,BAD,UCB_WITHOUT_COST_NETWORK,UCB-VAE without Cost Network,55,9,train,0.4483210401702486,0.1677721600000001,1.0,20223,4369.240159999996,436.9240159999996,20.547157579970765,20.543803633560298,0.9226602185438708,28.792352710610707,12,0.008455718736092568,False,False,False,2036,0,0.0,32.97984,0.3540404038976889,0.2745829306784926,0.4241430947067485,0.44832104444503784
SSI,BAD,UCB_WITHOUT_COST_NETWORK,UCB-VAE without Cost Network,55,9,test,0.4483210401702486,0.1677721600000001,1.0,20223,-236.70116000000053,-23.670116000000053,-12.673534235422835,35.65169716495363,-0.26064953684604,57.54248844283043,18,0.012048192771084338,False,False,False,385,0,0.0,12.001160000000004,0.5677683898721916,0.3603565955616863,0.43640299973238905,0.44832104444503784
SSI,BAD,UCB_WITHOUT_COST_NETWORK,UCB-VAE without Cost Network,55,10,train,0.4055437954651474,0.13421772800000006,1.0,22470,4346.653189999995,434.6653189999995,20.490667748544066,20.339188172332275,0.927547953707642,28.01483366391686,12,0.008900756564307966,False,False,False,2034,0,0.0,33.256809999999994,0.34865124542848175,0.2747816205667983,0.38375647247341615,0.40554380416870117
SSI,BAD,UCB_WITHOUT_COST_NETWORK,UCB-VAE without Cost Network,55,10,test,0.4055437954651474,0.13421772800000006,1.0,22470,-219.28355999999997,-21.928355999999997,-11.679387986125311,35.386968191048126,-0.23309849408997305,56.53089194973787,17,0.014056224899598393,False,False,False,382,0,0.0,11.933560000000007,0.5613976217439408,0.3594032557434346,0.39471566787532925,0.40554380416870117
SSI,BAD,UCB_WITHOUT_COST_NETWORK,UCB-VAE without Cost Network,55,11,train,0.3668482076545458,0.10737418240000006,1.0,24717,3210.1072099999956,321.01072099999953,17.331174228878776,18.562878751247556,0.8533463373051746,26.990964361206792,10,0.008900756564307966,False,False,False,2039,0,0.0,32.52278999999998,0.31739232204101675,0.2729762660220935,0.3463614628562342,0.3668482005596161
SSI,BAD,UCB_WITHOUT_COST_NETWORK,UCB-VAE without Cost Network,55,11,test,0.3668482076545458,0.10737418240000006,1.0,24717,-224.92034000000024,-22.492034000000025,-11.99989829949658,35.01700078967303,-0.2497713801883311,56.39844933005447,17,0.014056224899598393,False,False,False,382,0,0.0,11.930340000000008,0.5566948960313313,0.3579987464659664,0.3570515335900978,0.3668482005596161
SSI,BAD,UCB_WITHOUT_COST_NETWORK,UCB-VAE without Cost Network,55,12,train,0.3318448191396838,0.08589934592000005,1.0,26964,4204.959099999995,420.49590999999947,20.131374583729777,19.686983912218302,0.9363239523379965,27.206754164902986,12,0.009345794392523364,False,False,False,2029,0,0.0,33.46089999999998,0.3346955208498932,0.27450020749554616,0.31381028918281517,0.3318448066711426
SSI,BAD,UCB_WITHOUT_COST_NETWORK,UCB-VAE without Cost Network,55,12,test,0.3318448191396838,0.08589934592000005,1.0,26964,-164.96219000000087,-16.496219000000085,-8.647878594037318,34.51453084861266,-0.149345486614142,56.19529771178091,17,0.012048192771084338,False,False,False,392,0,0.0,12.232190000000008,0.5458016539737147,0.3585822783320783,0.3228986224648551,0.3318448066711426
SSI,BAD,UCB_WITHOUT_COST_NETWORK,UCB-VAE without Cost Network,55,13,train,0.3001813330203001,0.06871947673600004,1.0,29211,4154.299789999995,415.42997899999943,20.00080584234789,19.478276890612644,0.9386175004335617,27.164429457280328,11,0.009345794392523364,False,False,False,2026,0,0.0,33.47020999999998,0.3290784434317593,0.27423173258794803,0.28386937248869354,0.3001813292503357
SSI,BAD,UCB_WITHOUT_COST_NETWORK,UCB-VAE without Cost Network,55,13,test,0.3001813330203001,0.06871947673600004,1.0,29211,-160.62681000000066,-16.062681000000065,-8.410228581744406,34.368718272027486,-0.1438093449940092,56.062678002020306,17,0.012048192771084338,False,False,False,393,0,0.0,12.236810000000007,0.5447342534691767,0.35744128430105115,0.2920929021744364,0.3001813292503357
SSI,BAD,UCB_WITHOUT_COST_NETWORK,UCB-VAE without Cost Network,55,14,train,0.27153906734917177,0.054975581388800036,1.0,31458,3241.449059999997,324.1449059999997,17.427972428456194,17.89742345657994,0.8829665895761591,26.988867209096902,10,0.008455718736092568,False,False,False,2054,0,0.0,32.01093999999998,0.2892237652281725,0.27804107231580794,0.25654210678296513,0.2715390622615814
SSI,BAD,UCB_WITHOUT_COST_NETWORK,UCB-VAE without Cost Network,55,14,test,0.27153906734917177,0.054975581388800036,1.0,31458,-155.66749000000073,-15.56674900000007,-8.139125171299067,34.2297993155848,-0.13708963068213123,56.062678002020306,17,0.012048192771084338,False,False,False,392,0,0.0,12.237490000000006,0.5395582153898953,0.35684080837840537,0.26421413462379195,0.2715390622615814
SSI,BAD,UCB_WITHOUT_COST_NETWORK,UCB-VAE without Cost Network,55,15,train,0.24562974770943447,0.05,1.0,33705,4235.152029999995,423.5152029999995,20.208657286052233,19.20453347485086,0.9583453215315424,27.18341591849589,11,0.008455718736092568,False,False,False,2047,0,0.0,33.17797,0.31039736535072476,0.2776170095597101,0.2323825787955582,0.24562974274158478
SSI,BAD,UCB_WITHOUT_COST_NETWORK,UCB-VAE without Cost Network,55,15,test,0.24562974770943447,0.05,1.0,33705,-155.9834800000009,-15.59834800000009,-8.156375197113352,34.42575994328633,-0.13488518330410298,56.062678002020306,17,0.012048192771084338,False,False,False,393,0,0.0,12.21348000000001,0.5448581590834006,0.3552185055242485,0.23902320881673741,0.24562974274158478
SSI,BAD,UCB_WITHOUT_COST_NETWORK,UCB-VAE without Cost Network,55,16,train,0.2221926058330938,0.05,1.0,35952,3233.169619999998,323.31696199999976,17.40246362022313,17.96774952595823,0.8790070961226399,27.063789902560465,10,0.008900756564307966,False,False,False,2061,0,0.0,32.39037999999998,0.2886474399669647,0.2764907895583654,0.20998237529425828,0.22219260036945343
SSI,BAD,UCB_WITHOUT_COST_NETWORK,UCB-VAE without Cost Network,55,16,test,0.2221926058330938,0.05,1.0,35952,-142.57537000000025,-14.257537000000026,-7.42722711284819,34.48402830990867,-0.11100946690687785,55.75048578388797,17,0.014056224899598393,False,False,False,392,0,0.0,12.22537000000001,0.5481562431173398,0.35419708762662,0.21622023731470108,0.22219260036945343
SSI,BAD,UCB_WITHOUT_COST_NETWORK,UCB-VAE without Cost Network,55,17,train,0.20099175505933367,0.05,1.0,38199,3211.284869999996,321.1284869999996,17.334822953233832,17.532535039569883,0.8930870450127913,26.858732166112713,10,0.009345794392523364,False,False,False,2063,0,0.0,32.38512999999998,0.2839252348369644,0.2769488969019481,0.18992654864201197,0.20099174976348877
SSI,BAD,UCB_WITHOUT_COST_NETWORK,UCB-VAE without Cost Network,55,17,test,0.20099175505933367,0.05,1.0,38199,-132.72089000000028,-13.272089000000028,-6.894945290161103,34.30386761692995,-0.09655157366678456,55.75048578388797,17,0.014056224899598393,False,False,False,392,0,0.0,12.23089000000001,0.5432735465886914,0.3535276368918668,0.19558069669186265,0.20099174976348877
SSI,BAD,UCB_WITHOUT_COST_NETWORK,UCB-VAE without Cost Network,55,18,train,0.18181381621752543,0.05,1.0,40446,1103.1041799999966,110.31041799999966,8.617047056376158,12.521302669583015,0.568852104108825,22.554279990449018,4,0.009345794392523364,False,False,False,2071,0,0.0,31.215819999999976,0.22323895607871133,0.28282089916716485,0.1715684785794473,0.1818138211965561
SSI,BAD,UCB_WITHOUT_COST_NETWORK,UCB-VAE without Cost Network,55,18,test,0.18181381621752543,0.05,1.0,40446,-128.5730600000004,-12.85730600000004,-6.671805194858649,34.22144233283672,-0.09057714933496652,55.75048578388797,17,0.014056224899598393,False,False,False,392,0,0.0,12.233060000000009,0.5425223273152556,0.3520047592530289,0.17692188973538236,0.1818138211965561
SSI,BAD,UCB_WITHOUT_COST_NETWORK,UCB-VAE without Cost Network,55,19,train,0.16446577004027732,0.05,1.0,42693,1224.6850399999948,122.46850399999948,9.297900847342987,12.85461406025724,0.6064155547816246,22.400480750977348,5,0.009345794392523364,False,False,False,2075,0,0.0,31.334959999999977,0.22558799907774088,0.2822000913729814,0.15523054150038323,0.1644657701253891
SSI,BAD,UCB_WITHOUT_COST_NETWORK,UCB-VAE without Cost Network,55,19,test,0.16446577004027732,0.05,1.0,42693,-135.32290000000023,-13.532290000000021,-7.035196678837375,34.146316030082666,-0.10304905894713891,55.01796443627143,17,0.014056224899598393,False,False,False,394,0,0.0,12.332900000000013,0.5361961462054206,0.3516960191618965,0.16003813152549998,0.1644657701253891
SSI,BAD,UCB_WITHOUT_COST_NETWORK,UCB-VAE without Cost Network,55,20,train,0.14877301449181102,0.05,1.0,44940,3803.921819999997,380.39218199999965,19.065174570755204,18.50581337173934,0.935302392484537,26.732264863122012,10,0.009345794392523364,False,False,False,2047,0,0.0,33.858179999999976,0.29226060304202744,0.27368306723378955,0.14066955084117932,0.14877301454544067
SSI,BAD,UCB_WITHOUT_COST_NETWORK,UCB-VAE without Cost Network,55,20,test,0.14877301449181102,0.05,1.0,44940,-131.86057000000017,-13.186057000000018,-6.84861916825742,34.077116563067406,-0.09798817732632775,55.30953398453978,17,0.014056224899598393,False,False,False,393,0,0.0,12.320570000000012,0.5297506231290598,0.35172128820993814,0.14476781840327013,0.14877301454544067
SSI,BAD,UCB_WITHOUT_COST_NETWORK,UCB-VAE without Cost Network,55,21,train,0.13457760745935274,0.05,1.0,47187,3194.3832699999966,319.4383269999997,17.282369891618977,17.666794279838403,0.8850991623408062,26.580111509579226,9,0.008900756564307966,False,False,False,2045,0,0.0,33.20672999999997,0.2841270693881615,0.2718732626399943,0.12722218859510168,0.13457760214805603
SSI,BAD,UCB_WITHOUT_COST_NETWORK,UCB-VAE without Cost Network,55,21,test,0.13457760745935274,0.05,1.0,47187,-134.49949000000004,-13.449949000000002,-6.990791197730239,34.067074525903,-0.10262298687752094,55.30953398453978,17,0.014056224899598393,False,False,False,395,0,0.0,12.359490000000012,0.5296046607400446,0.3502149847018192,0.1309622334912773,0.13457760214805603
SSI,BAD,UCB_WITHOUT_COST_NETWORK,UCB-VAE without Cost Network,55,22,train,0.12173667712083987,0.05,1.0,49434,1102.2688099999968,110.2268809999997,8.612249195999944,12.570510804587446,0.5667666317167273,21.446095881865794,5,0.008900756564307966,False,False,False,2052,0,0.0,31.66118999999998,0.21770778929687237,0.27994644488355136,0.11493110886190963,0.12173667550086975
SSI,BAD,UCB_WITHOUT_COST_NETWORK,UCB-VAE without Cost Network,55,22,test,0.12173667712083987,0.05,1.0,49434,-149.75634999999988,-14.975634999999986,-7.817024502264191,33.6687538716606,-0.13462994610416207,54.154598715234094,16,0.014056224899598393,False,False,False,393,0,0.0,12.246350000000009,0.5218988772559968,0.34947378203332663,0.11845606258502839,0.12173667550086975
SSI,BAD,UCB_WITHOUT_COST_NETWORK,UCB-VAE without Cost Network,55,23,train,0.11012098398984942,0.05,1.0,51681,1086.0597499999963,108.60597499999962,8.518817110284305,12.650510138568514,0.5571294308416905,22.414096528003206,5,0.009345794392523364,False,False,False,2049,0,0.0,31.950249999999976,0.2167011173445101,0.27876115343639146,0.10401420498828014,0.1101209819316864
SSI,BAD,UCB_WITHOUT_COST_NETWORK,UCB-VAE without Cost Network,55,23,test,0.11012098398984942,0.05,1.0,51681,-117.38215999999989,-11.738215999999989,-6.072396736617791,33.163583619807824,-0.0848333256277568,53.47109562549463,15,0.012048192771084338,False,False,False,395,0,0.0,12.342160000000009,0.5101675261635341,0.3502540177250483,0.10714069702881843,0.1101209819316864
SSI,BAD,UCB_WITHOUT_COST_NETWORK,UCB-VAE without Cost Network,55,24,train,0.1,0.05,1.0,53928,1058.123359999996,105.81233599999959,8.356261356676264,12.277097487517398,0.5579554192233315,21.241159188597887,4,0.009790832220738763,False,False,False,2047,0,0.0,31.716639999999984,0.20945484439350315,0.27857892055430833,0.09443510623058175,0.10000000149011612
SSI,BAD,UCB_WITHOUT_COST_NETWORK,UCB-VAE without Cost Network,55,24,test,0.1,0.05,1.0,53928,-137.81308999999987,-13.78130899999999,-7.169617911213544,33.03129340809618,-0.12230822072181849,53.47109562549463,15,0.012048192771084338,False,False,False,393,0,0.0,12.243090000000008,0.5072846333474856,0.3486510906293689,0.09729710966484657,0.10000000149011612
SSI,BAD,UCB_WITHOUT_COST_NETWORK,UCB-VAE without Cost Network,55,25,train,0.1,0.05,1.0,56175,4340.8756799999965,434.08756799999964,20.476184179253455,18.912754061377807,0.982066543285804,26.841383742151177,11,0.010235870048954161,False,False,False,2039,0,0.0,33.824319999999986,0.2945863099745803,0.2725470562974877,0.09478605620536805,0.10000000149011612
SSI,BAD,UCB_WITHOUT_COST_NETWORK,UCB-VAE without Cost Network,55,25,test,0.1,0.05,1.0,56175,-137.2391600000003,-13.723916000000031,-7.138619853896689,33.069721425941964,-0.1207729402701875,53.47109562549463,16,0.012048192771084338,False,False,False,392,0,0.0,12.219160000000013,0.5064485118468154,0.34737617881542227,0.09729987474830971,0.10000000149011612
SSI,BAD,UCB_WITHOUT_COST_NETWORK,UCB-VAE without Cost Network,55,26,train,0.1,0.05,1.0,58422,1089.9851599999965,108.99851599999965,8.541502971982794,11.930250409735406,0.5850885018721961,20.971741493004746,4,0.009790832220738763,False,False,False,2043,0,0.0,31.754839999999987,0.20422789129059343,0.2783035074618057,0.09446265732584423,0.10000000149011612
SSI,BAD,UCB_WITHOUT_COST_NETWORK,UCB-VAE without Cost Network,55,26,test,0.1,0.05,1.0,58422,-134.04076000000055,-13.404076000000053,-6.96606158738915,33.01870757002524,-0.11580935280543608,53.47109562549463,16,0.012048192771084338,False,False,False,392,0,0.0,12.220760000000011,0.5054807830597383,0.3459025218065484,0.09730136478826398,0.10000000149011612
SSI,BAD,UCB_WITHOUT_COST_NETWORK,UCB-VAE without Cost Network,55,27,train,0.1,0.05,1.0,60669,1044.9289299999957,104.49289299999958,8.278802931449668,11.418445264578125,0.584666632404686,20.926627648238284,3,0.010235870048954161,False,False,False,2045,0,0.0,31.681069999999973,0.19599305524387178,0.27878245837326626,0.09447751735044045,0.10000000149011612
SSI,BAD,UCB_WITHOUT_COST_NETWORK,UCB-VAE without Cost Network,55,27,test,0.1,0.05,1.0,60669,-86.97376999999994,-8.697376999999996,-4.462521326654734,32.12590552398132,-0.044738105618852365,52.69584279306683,13,0.012048192771084338,False,False,False,396,0,0.0,12.393770000000007,0.49474218900594613,0.3464972645223859,0.09728018755746741,0.10000000149011612
SSI,BAD,UCB_WITHOUT_COST_NETWORK,UCB-VAE without Cost Network,55,28,train,0.1,0.05,1.0,62916,4271.0832699999955,427.1083269999996,20.300113353575778,18.22754323868498,1.0038922915972073,26.656911518583428,11,0.010235870048954161,False,False,False,2031,0,0.0,34.22673000000001,0.2784181753043483,0.2705367295229812,0.094773573790748,0.10000000149011612
SSI,BAD,UCB_WITHOUT_COST_NETWORK,UCB-VAE without Cost Network,55,28,test,0.1,0.05,1.0,62916,-106.00832000000014,-10.600832000000015,-5.467057451834534,31.7834982117578,-0.08217881457464495,52.69584279306683,13,0.012048192771084338,False,False,False,396,0,0.0,12.408320000000003,0.486905178872988,0.34549972863800554,0.09728228678915264,0.10000000149011612
SSI,BAD,UCB_WITHOUT_COST_NETWORK,UCB-VAE without Cost Network,55,29,train,0.1,0.05,1.0,65163,4479.236169999996,447.9236169999996,20.81927391036402,18.386922493702926,1.020404572013791,26.757035445397893,11,0.010680907877169559,False,False,False,2025,0,0.0,34.63383000000001,0.28075556913251265,0.2705192008798898,0.09483042145332926,0.10000000149011612
SSI,BAD,UCB_WITHOUT_COST_NETWORK,UCB-VAE without Cost Network,55,29,test,0.1,0.05,1.0,65163,-85.04760999999996,-8.504760999999997,-4.361453333673548,31.627414873166675,-0.04706630710399684,52.69584279306683,11,0.012048192771084338,False,False,False,396,0,0.0,12.407610000000005,0.4781820800632554,0.34513644117069053,0.09727243059996533,0.10000000149011612
SSI,BAD,UCB_WITHOUT_COST_NETWORK,UCB-VAE without Cost Network,55,30,train,0.1,0.05,1.0,67410,4516.407159999997,451.6407159999997,20.910133224803907,18.386287457913202,1.0245561331304318,26.603355592198053,11,0.011570983533600357,False,False,False,2021,0,0.0,34.85284000000001,0.2780490680993337,0.2685778174080157,0.09483468300004788,0.10000000149011612
SSI,BAD,UCB_WITHOUT_COST_NETWORK,UCB-VAE without Cost Network,55,30,test,0.1,0.05,1.0,67410,-88.63050999999984,-8.863050999999984,-4.549537542900373,31.618187422171346,-0.05343821028226292,52.69584279306683,11,0.012048192771084338,False,False,False,398,0,0.0,12.450510000000007,0.47851355725468653,0.34299295500339755,0.0972766568608835,0.10000000149011612
SSI,BAD,UCB_WITHOUT_COST_NETWORK,UCB-VAE without Cost Network,55,31,train,0.1,0.05,1.0,69657,4465.743669999996,446.57436699999965,20.786157807528905,18.275950742132796,1.0239713708729,26.442221740770748,11,0.011125945705384957,False,False,False,2019,0,0.0,35.326330000000006,0.27197779246570586,0.26823980600291697,0.09486075862624206,0.10000000149011612
SSI,BAD,UCB_WITHOUT_COST_NETWORK,UCB-VAE without Cost Network,55,31,test,0.1,0.05,1.0,69657,-52.47083000000043,-5.2470830000000435,-2.6678978868884817,31.28169866776637,0.005442465788503525,51.61232206103108,11,0.012048192771084338,False,False,False,398,0,0.0,12.420830000000006,0.4756222153242141,0.34279140279474984,0.09726722217081628,0.10000000149011612
SSI,BAD,UCB_WITHOUT_COST_NETWORK,UCB-VAE without Cost Network,55,32,train,0.1,0.05,1.0,71904,719.8813699999957,71.98813699999957,6.214649765046598,9.232786185695979,0.48833740612310583,15.454743531783578,0,0.010680907877169559,False,False,False,2026,0,0.0,31.328629999999993,0.1647709289544086,0.27756805859197764,0.09454226568259867,0.10000000149011612
SSI,BAD,UCB_WITHOUT_COST_NETWORK,UCB-VAE without Cost Network,55,32,test,0.1,0.05,1.0,71904,-50.46208000000024,-5.046208000000024,-2.564426791392338,31.25044375883263,0.008563990093034598,51.61232206103108,11,0.012048192771084338,False,False,False,398,0,0.0,12.422080000000006,0.4732522932656859,0.3417747156567363,0.09726810581402737,0.10000000149011612
SSI,BAD,UCB_WITHOUT_COST_NETWORK,UCB-VAE without Cost Network,55,33,train,0.1,0.05,1.0,74151,749.5788399999967,74.95788399999968,6.417021950342394,9.198458618754172,0.5106822135271369,15.65801840392581,0,0.011570983533600357,False,False,False,2025,0,0.0,31.321159999999974,0.16305567301234442,0.2768256817332999,0.09455984002511643,0.10000000149011612
SSI,BAD,UCB_WITHOUT_COST_NETWORK,UCB-VAE without Cost Network,55,33,test,0.1,0.05,1.0,74151,-48.16346000000044,-4.816346000000045,-2.4461581616361583,31.253292441928032,0.012506951331418787,51.61232206103108,11,0.012048192771084338,False,False,False,398,0,0.0,12.423460000000006,0.47288622592932245,0.3402383043524252,0.09727101201105179,0.10000000149011612
SSI,BAD,UCB_WITHOUT_COST_NETWORK,UCB-VAE without Cost Network,55,34,train,0.1,0.05,1.0,76398,4367.901799999995,436.7901799999995,20.543816244683445,18.024123313378137,1.0244865120708422,26.13624935329148,11,0.012016021361815754,False,False,False,2020,0,0.0,35.33820000000001,0.262914913312323,0.26543643816967355,0.09485175823023025,0.10000000149011612
SSI,BAD,UCB_WITHOUT_COST_NETWORK,UCB-VAE without Cost Network,55,34,test,0.1,0.05,1.0,76398,-51.08200000000056,-5.108200000000056,-2.596347342610328,31.23755083469351,0.007398339505610494,51.61232206103108,11,0.012048192771084338,False,False,False,398,0,0.0,12.422000000000008,0.4732642260542631,0.3384440380885419,0.09727395526512603,0.10000000149011612
SSI,BAD,UCB_WITHOUT_COST_NETWORK,UCB-VAE without Cost Network,55,35,train,0.1,0.05,1.0,78645,2722.0065599999957,272.2006559999996,15.73457461373926,15.416720575066694,0.9033015819809981,25.04505271847779,7,0.011570983533600357,False,False,False,2025,0,0.0,34.13343999999997,0.23047497324520375,0.2689699143914047,0.0947251883210881,0.10000000149011612
SSI,BAD,UCB_WITHOUT_COST_NETWORK,UCB-VAE without Cost Network,55,35,test,0.1,0.05,1.0,78645,-30.666960000000245,-3.0666960000000247,-1.5505528328376927,30.664224102173502,0.036906772097970574,51.13312122227354,11,0.012048192771084338,False,False,False,398,0,0.0,12.426960000000008,0.4574871787273071,0.339141346424459,0.09726228256100893,0.10000000149011612
SSI,BAD,UCB_WITHOUT_COST_NETWORK,UCB-VAE without Cost Network,55,36,train,0.1,0.05,1.0,80892,2686.0862599999973,268.60862599999973,15.609850395534263,15.278165495457454,0.9029763008543928,24.80281275343095,7,0.011570983533600357,False,False,False,2018,0,0.0,34.15373999999997,0.2268382796840332,0.2677716753405362,0.09471835787585335,0.10000000149011612
SSI,BAD,UCB_WITHOUT_COST_NETWORK,UCB-VAE without Cost Network,55,36,test,0.1,0.05,1.0,80892,-41.48709000000076,-4.148709000000076,-2.1034501219049484,30.972376449997974,0.021265549518445996,51.582015181585106,11,0.012048192771084338,False,False,False,401,0,0.0,12.557090000000011,0.45575230730448735,0.33725209184080723,0.09726469701291349,0.10000000149011612
SSI,BAD,UCB_WITHOUT_COST_NETWORK,UCB-VAE without Cost Network,55,37,train,0.1,0.05,1.0,83139,4267.264269999998,426.7264269999997,20.290419185517038,17.79383097960279,1.0234911514464058,25.541562727349543,11,0.011570983533600357,False,False,False,2016,0,0.0,36.34572999999999,0.25573711106598,0.26177334211166564,0.0948360645116791,0.10000000149011612
SSI,BAD,UCB_WITHOUT_COST_NETWORK,UCB-VAE without Cost Network,55,37,test,0.1,0.05,1.0,83139,-30.81317000000081,-3.081317000000081,-1.558003454479373,30.942066672404344,0.03908512183379094,51.582015181585106,11,0.012048192771084338,False,False,False,400,0,0.0,12.523170000000011,0.4560509761143475,0.336034007579926,0.09726724721961928,0.10000000149011612
SSI,BAD,UCB_WITHOUT_COST_NETWORK,UCB-VAE without Cost Network,55,38,train,0.1,0.05,1.0,85386,4113.719459999998,411.37194599999987,19.895389160075673,17.661388887890762,1.0110554511187382,25.14165686353891,11,0.011570983533600357,False,False,False,2019,0,0.0,36.00054000000001,0.2502603289555163,0.2600990436742398,0.09482465053780756,0.10000000149011612
SSI,BAD,UCB_WITHOUT_COST_NETWORK,UCB-VAE without Cost Network,55,38,test,0.1,0.05,1.0,85386,-20.234550000000922,-2.023455000000092,-1.0203721242408315,30.53784062530686,0.053563272692015086,51.22859114997136,11,0.012048192771084338,False,False,False,402,0,0.0,12.474550000000013,0.44426052249054215,0.3361472106841673,0.09725580729378232,0.10000000149011612
SSI,BAD,UCB_WITHOUT_COST_NETWORK,UCB-VAE without Cost Network,55,39,train,0.1,0.05,1.0,87633,4118.245889999997,411.8245889999997,19.907184364334608,17.54408326177308,1.017205418787365,25.1255188947678,11,0.011570983533600357,False,False,False,2014,0,0.0,36.16411,0.24808841551691943,0.2595593103924273,0.09481621883026135,0.10000000149011612
SSI,BAD,UCB_WITHOUT_COST_NETWORK,UCB-VAE without Cost Network,55,39,test,0.1,0.05,1.0,87633,-17.77513000000124,-1.7775130000001242,-0.8957933968833154,30.482457030504932,0.057267691950424096,51.139340354635856,11,0.012048192771084338,False,False,False,402,0,0.0,12.475130000000014,0.4412455631557213,0.33521131004195615,0.09725441175569753,0.10000000149011612
SSI,BAD,UCB_WITHOUT_COST_NETWORK,UCB-VAE without Cost Network,55,40,train,0.1,0.05,1.0,89880,2882.2104199999967,288.22104199999967,16.27813597263186,14.870337464159938,0.9626848299251088,24.850702496149346,6,0.012016021361815754,False,False,False,2011,0,0.0,34.069580000000016,0.21782359983670796,0.26754942872575194,0.09480090141410932,0.10000000149011612
SSI,BAD,UCB_WITHOUT_COST_NETWORK,UCB-VAE without Cost Network,55,40,test,0.1,0.05,1.0,89880,-15.663400000000252,-1.5663400000000252,-0.7889504250888635,30.03246520731868,0.05724636255160745,50.671400255526386,11,0.012048192771084338,False,False,False,402,0,0.0,12.47340000000001,0.43335613770053283,0.3342269508534646,0.09724924680730991,0.10000000149011612
SSI,BAD,UCB_WITHOUT_COST_NETWORK,UCB-VAE without Cost Network,55,41,train,0.1,0.05,1.0,92127,2792.5358899999974,279.25358899999975,15.976388504343886,14.905519152546715,0.9431753930714736,24.803229636704696,6,0.01290609701824655,False,False,False,2002,0,0.0,33.994110000000006,0.216070073300303,0.2648439842446624,0.09478035379467492,0.10000000149011612
SSI,BAD,UCB_WITHOUT_COST_NETWORK,UCB-VAE without Cost Network,55,41,test,0.1,0.05,1.0,92127,-14.766930000000116,-1.4766930000000116,-0.7436280659403716,30.02740861676107,0.058773958465923225,50.588105542019434,11,0.012048192771084338,False,False,False,400,0,0.0,12.40693000000001,0.434670706361766,0.3324688089540206,0.09725029730653188,0.10000000149011612
SSI,BAD,UCB_WITHOUT_COST_NETWORK,UCB-VAE without Cost Network,55,42,train,0.1,0.05,1.0,94374,4083.2669599999963,408.32669599999963,19.815792374546113,17.491720287348453,1.015327199800624,24.8954683436951,11,0.012461059190031152,False,False,False,2010,0,0.0,35.83304000000002,0.2431270644460232,0.2556566557700654,0.09484826491984917,0.10000000149011612
SSI,BAD,UCB_WITHOUT_COST_NETWORK,UCB-VAE without Cost Network,55,42,test,0.1,0.05,1.0,94374,1.9623999999993202,0.19623999999993205,0.0984088605654021,29.529978301710514,0.08350116154800111,49.387038147271866,10,0.014056224899598393,False,False,False,402,0,0.0,12.447600000000014,0.4262958367911873,0.332105086719894,0.09724048757262585,0.10000000149011612
SSI,BAD,UCB_WITHOUT_COST_NETWORK,UCB-VAE without Cost Network,55,43,train,0.1,0.05,1.0,96621,4117.817399999999,411.7817399999999,19.90606818042209,17.47839620983524,1.020309598418717,24.81729476991784,11,0.012461059190031152,False,False,False,2010,0,0.0,36.4026,0.2439311131836889,0.2538835088982283,0.0948101797441779,0.10000000149011612
SSI,BAD,UCB_WITHOUT_COST_NETWORK,UCB-VAE without Cost Network,55,43,test,0.1,0.05,1.0,96621,-6.028130000000715,-0.6028130000000715,-0.3028971464925978,30.17548213025341,0.07473241500461406,50.34421039260639,11,0.014056224899598393,False,False,False,400,0,0.0,12.508130000000014,0.4367612628191656,0.3290027675319867,0.09725102321042463,0.10000000149011612
SSI,BAD,UCB_WITHOUT_COST_NETWORK,UCB-VAE without Cost Network,55,44,train,0.1,0.05,1.0,98868,2730.396689999996,273.0396689999996,15.76355304412198,14.82101685236622,0.9352240553138281,24.69049562751827,6,0.013796172674677348,False,False,False,2006,0,0.0,34.973310000000005,0.21406459288538335,0.2607198278036285,0.09476674055994803,0.10000000149011612
SSI,BAD,UCB_WITHOUT_COST_NETWORK,UCB-VAE without Cost Network,55,44,test,0.1,0.05,1.0,98868,5.063369999999509,0.5063369999999509,0.2537182374944047,29.744738457698144,0.0903639095838572,49.5831814115191,11,0.014056224899598393,False,False,False,396,0,0.0,12.456630000000015,0.4295516958578256,0.3279128995047037,0.09724370482935005,0.10000000149011612
SSI,BAD,UCB_WITHOUT_COST_NETWORK,UCB-VAE without Cost Network,55,45,train,0.1,0.05,1.0,101115,2782.869839999995,278.28698399999945,15.943485451951677,14.844190657505532,0.9445559009771451,24.686736539153138,6,0.015131286159323543,False,False,False,1997,0,0.0,35.39016,0.21456530253957504,0.2598534727897652,0.0947882490227387,0.10000000149011612
SSI,BAD,UCB_WITHOUT_COST_NETWORK,UCB-VAE without Cost Network,55,45,test,0.1,0.05,1.0,101115,-2.1483300000010104,-0.21483300000010105,-0.10784312816720654,30.30092563671993,0.0821596182099213,50.18142961714397,13,0.014056224899598393,False,False,False,396,0,0.0,12.568330000000012,0.4393013547009808,0.32512295871494284,0.09725299463568268,0.10000000149011612
SSI,BAD,UCB_WITHOUT_COST_NETWORK,UCB-VAE without Cost Network,56,1,train,1.0,1.0,1.0,2247,139.51451000000202,13.951451000000201,1.4627252697412052,3.476765082582261,-0.13663603713217687,6.637308456427526,0,0.0,False,False,False,2247,0,0.0,55.71549000000006,0.043311896789589965,0.23282218942999786,0.9777085063246919,1.0
SSI,BAD,UCB_WITHOUT_COST_NETWORK,UCB-VAE without Cost Network,56,1,test,1.0,1.0,1.0,2247,115.93184000000042,11.593184000000042,5.657572874467132,7.1733057732779315,0.5309013648951828,7.697720678528837,0,0.0,False,False,False,498,0,0.0,19.418160000000004,0.13574668953699529,0.3029015709657267,0.9855672810777516,1.0
SSI,BAD,UCB_WITHOUT_COST_NETWORK,UCB-VAE without Cost Network,56,2,train,0.9045834549972122,0.8,1.0,4494,216.66387000000145,21.666387000000146,2.204468258339598,4.628045486357054,0.06618606436924261,13.364582612883913,0,0.0,False,False,False,2247,0,0.0,55.52613000000001,0.052625243750214455,0.2263247407823602,0.8842951327932494,0.9045834541320801
SSI,BAD,UCB_WITHOUT_COST_NETWORK,UCB-VAE without Cost Network,56,2,test,0.9045834549972122,0.8,1.0,4494,180.60424000000035,18.060424000000033,8.686592923922376,8.607360774557602,0.7868282292024332,7.444961693548955,0,0.0,False,False,False,498,0,0.0,19.365760000000005,0.15368653281905142,0.2982092231631758,0.8915628298502327,0.9045834541320801
SSI,BAD,UCB_WITHOUT_COST_NETWORK,UCB-VAE without Cost Network,56,3,train,0.8182712270546932,0.6400000000000001,1.0,6741,195.49123000000168,19.54912300000017,2.0051661567155543,4.528453115139321,0.02315301006463587,12.158859399968378,0,0.0,False,False,False,2247,0,0.0,56.43877000000006,0.05083438049058866,0.22179069151852362,0.8003400718649262,0.8182712197303772
SSI,BAD,UCB_WITHOUT_COST_NETWORK,UCB-VAE without Cost Network,56,3,test,0.8182712270546932,0.6400000000000001,1.0,6741,234.01865000000066,23.401865000000065,11.126507138081498,9.235420762735114,0.9818692289184682,7.584098545047531,0,0.0,False,False,False,498,0,0.0,19.72135,0.16044393366569476,0.29288499583920324,0.8065700179123017,0.8182712197303772
SSI,BAD,UCB_WITHOUT_COST_NETWORK,UCB-VAE without Cost Network,56,4,train,0.7401946136939427,0.5120000000000001,1.0,8988,231.13527,23.113527,2.3389242229587603,4.814890616771083,0.09300692127459363,13.77913225949249,0,0.0,False,False,False,2247,0,0.0,56.69473000000001,0.055446735606732536,0.21561687282843223,0.7238384543289166,0.7401946187019348
SSI,BAD,UCB_WITHOUT_COST_NETWORK,UCB-VAE without Cost Network,56,4,test,0.7401946136939427,0.5120000000000001,1.0,8988,231.67669000000092,23.16766900000009,11.020645221524038,9.553379077881088,0.9422349928080272,7.584098545047531,0,0.0,False,False,False,498,0,0.0,19.673310000000004,0.16158559041303727,0.2869598027393521,0.7296779126135613,0.7401946187019348
SSI,BAD,UCB_WITHOUT_COST_NETWORK,UCB-VAE without Cost Network,56,5,train,0.6695678010255933,0.4096000000000001,1.0,11235,177.89676999999824,17.789676999999823,1.8371448945721625,3.5652044566847474,-0.028158098020710075,7.386189819482536,0,0.0,False,False,False,2247,0,0.0,57.073230000000095,0.04655565167789239,0.21075576583265887,0.6548124915304252,0.6695678234100342
SSI,BAD,UCB_WITHOUT_COST_NETWORK,UCB-VAE without Cost Network,56,5,test,0.6695678010255933,0.4096000000000001,1.0,11235,276.5804600000017,27.658046000000176,13.033242106233178,9.798788036778502,1.1060343928118956,7.584098545047531,0,0.0,False,False,False,498,0,0.0,19.92953999999999,0.16081936575547928,0.2831125861729484,0.6601244374951902,0.6695678234100342
SSI,BAD,UCB_WITHOUT_COST_NETWORK,UCB-VAE without Cost Network,56,6,train,0.6056799548066172,0.3276800000000001,1.0,13482,204.42448000000036,20.442448000000034,2.089636114219373,5.279815850351591,0.04266582059268448,14.202943394270884,0,0.0,False,False,False,2247,0,0.0,58.095520000000015,0.06101777855214813,0.20729372655358588,0.5924257249171793,0.6056799292564392
SSI,BAD,UCB_WITHOUT_COST_NETWORK,UCB-VAE without Cost Network,56,6,test,0.6056799548066172,0.3276800000000001,1.0,13482,209.4765700000005,20.94765700000005,10.012124684515333,9.832568112717368,0.8245672088243168,8.467531916779821,0,0.0,False,False,False,498,0,0.0,19.813430000000004,0.1619305890369459,0.2777619022861063,0.5970750262851304,0.6056799292564392
SSI,BAD,UCB_WITHOUT_COST_NETWORK,UCB-VAE without Cost Network,56,7,train,0.547888066141525,0.2621440000000001,1.0,15729,189.67835000000287,18.967835000000285,1.9498996146555259,5.739985889857282,0.019582974211343335,13.632103728962438,0,0.0,False,False,False,2247,0,0.0,59.57165000000004,0.069141073489539,0.20429960660832056,0.5359250256948382,0.5478880405426025
SSI,BAD,UCB_WITHOUT_COST_NETWORK,UCB-VAE without Cost Network,56,7,test,0.547888066141525,0.2621440000000001,1.0,15729,202.5763000000004,20.25763000000004,9.696779175191095,9.422629891256708,0.8255387183517016,9.568069218730036,0,0.0,False,False,False,498,0,0.0,19.853699999999996,0.15972381099875568,0.27400955073086614,0.5400663429953487,0.5478880405426025
SSI,BAD,UCB_WITHOUT_COST_NETWORK,UCB-VAE without Cost Network,56,8,train,0.49561047982204176,0.20971520000000007,1.0,17976,179.3049100000003,17.93049100000003,1.8506739991205334,5.63398335588763,0.0014700431987506573,15.561871756859775,0,0.0,False,False,False,2247,0,0.0,59.20509000000001,0.07452332305050521,0.19994922808914858,0.4845174051772701,0.49561047554016113
SSI,BAD,UCB_WITHOUT_COST_NETWORK,UCB-VAE without Cost Network,56,8,test,0.49561047982204176,0.20971520000000007,1.0,17976,186.07235000000014,18.607235000000014,8.938863992651381,9.226950023233947,0.7652749613755381,8.90328660824444,0,0.0,False,False,False,498,0,0.0,19.94765,0.15487295749822372,0.2708731532156707,0.48859176662073556,0.49561047554016113
SSI,BAD,UCB_WITHOUT_COST_NETWORK,UCB-VAE without Cost Network,56,9,train,0.4483210401702486,0.1677721600000001,1.0,20223,184.0645500000005,18.40645500000005,1.8962975495714574,6.065915689761833,0.012961573446907473,15.090528302384973,0,0.0,False,False,False,2247,0,0.0,60.745449999999984,0.08199349981078903,0.19804845130942267,0.4383734923864243,0.44832104444503784
SSI,BAD,UCB_WITHOUT_COST_NETWORK,UCB-VAE without Cost Network,56,9,test,0.4483210401702486,0.1677721600000001,1.0,20223,232.87654000000043,23.287654000000042,11.074893687204979,9.719418764254879,0.93283645731588,7.660071978917372,0,0.0,False,False,False,498,0,0.0,20.553459999999987,0.1604205660698508,0.2693318592376977,0.4420553838066395,0.44832104444503784
SSI,BAD,UCB_WITHOUT_COST_NETWORK,UCB-VAE without Cost Network,56,10,train,0.4055437954651474,0.13421772800000006,1.0,22470,169.7718600000003,16.977186000000028,1.7588005863181433,6.12715837012373,-0.008814847791210584,18.676590843834223,0,0.0,False,False,False,2247,0,0.0,59.90813999999995,0.08595085239678206,0.19477202289691756,0.3963217906204441,0.40554380416870117
SSI,BAD,UCB_WITHOUT_COST_NETWORK,UCB-VAE without Cost Network,56,10,test,0.4055437954651474,0.13421772800000006,1.0,22470,242.68010000000095,24.268010000000096,11.51715722838893,10.326543495791858,0.9226609341150774,7.727205995424853,0,0.0,False,False,False,498,0,0.0,20.3799,0.1688053273327236,0.2667861166129629,0.3998600860371473,0.40554380416870117
SSI,BAD,UCB_WITHOUT_COST_NETWORK,UCB-VAE without Cost Network,56,11,train,0.3668482076545458,0.10737418240000006,1.0,24717,291.4674100000034,29.146741000000336,2.884762535904817,7.277922438499326,0.15574644227931614,17.44462307538183,0,0.0,False,False,False,2247,0,0.0,61.142590000000006,0.1019842924779893,0.19263391608217317,0.35847972578377707,0.3668482005596161
SSI,BAD,UCB_WITHOUT_COST_NETWORK,UCB-VAE without Cost Network,56,11,test,0.3668482076545458,0.10737418240000006,1.0,24717,224.09875000000056,22.409875000000056,10.677415978500804,10.353444586013817,0.8468573558525664,10.021850987376817,0,0.0,False,False,False,498,0,0.0,20.571249999999996,0.16976391279424333,0.265342538196399,0.36166174980183075,0.3668482005596161
SSI,BAD,UCB_WITHOUT_COST_NETWORK,UCB-VAE without Cost Network,56,12,train,0.3318448191396838,0.08589934592000005,1.0,26964,250.05975000000058,25.005975000000056,2.512650506567282,7.3570299873682075,0.10517326602514677,19.07762688573456,0,0.0,False,False,False,2247,0,0.0,60.59025000000001,0.10471788903440352,0.19053794468807336,0.32417792748367,0.3318448066711426
SSI,BAD,UCB_WITHOUT_COST_NETWORK,UCB-VAE without Cost Network,56,12,test,0.3318448191396838,0.08589934592000005,1.0,26964,236.1218700000013,23.61218700000013,11.221492174352509,10.284477426323189,0.8999612443282025,8.959542050264705,0,0.0,False,False,False,498,0,0.0,20.568129999999993,0.16942594251892945,0.2638830261297494,0.3271765964457309,0.3318448066711426
SSI,BAD,UCB_WITHOUT_COST_NETWORK,UCB-VAE without Cost Network,56,13,train,0.3001813330203001,0.06871947673600004,1.0,29211,255.8159800000044,25.58159800000044,2.5650289524548064,7.485541881409322,0.11153636389414481,19.875425706181776,0,0.0,False,False,False,2247,0,0.0,61.00401999999997,0.11296317076612199,0.1883281267446627,0.29314498515324805,0.3001813292503357
SSI,BAD,UCB_WITHOUT_COST_NETWORK,UCB-VAE without Cost Network,56,13,test,0.3001813330203001,0.06871947673600004,1.0,29211,217.13912000000118,21.713912000000118,10.361258073188772,9.859995894329527,0.8549860000142645,9.188922479332625,0,0.0,False,False,False,498,0,0.0,20.50087999999999,0.1682223660760418,0.261553799636273,0.29593154754287004,0.3001813292503357
SSI,BAD,UCB_WITHOUT_COST_NETWORK,UCB-VAE without Cost Network,56,14,train,0.27153906734917177,0.054975581388800036,1.0,31458,250.73282000000358,25.073282000000358,2.5187861184393867,7.727277576852727,0.10453723787921294,22.295123698919628,0,0.0,False,False,False,2247,0,0.0,61.02718000000005,0.12433652598075975,0.18576578966009918,0.26503813915262425,0.2715390622615814
SSI,BAD,UCB_WITHOUT_COST_NETWORK,UCB-VAE without Cost Network,56,14,test,0.27153906734917177,0.054975581388800036,1.0,31458,247.4947700000007,24.74947700000007,11.733722646932687,10.37054612671829,0.9380555058827741,10.110348940358538,0,0.0,False,False,False,498,0,0.0,20.895229999999998,0.1741178706107412,0.2612308227573054,0.2676725927447916,0.2715390622615814
SSI,BAD,UCB_WITHOUT_COST_NETWORK,UCB-VAE without Cost Network,56,15,train,0.24562974770943447,0.05,1.0,33705,253.7374200000022,25.37374200000022,2.5461398908776633,7.7905959595722125,0.10777333905103335,23.10541757515965,0,0.0,False,False,False,2247,0,0.0,60.58258000000013,0.129257579567026,0.18416968466814326,0.2396184529431088,0.24562974274158478
SSI,BAD,UCB_WITHOUT_COST_NETWORK,UCB-VAE without Cost Network,56,15,test,0.24562974770943447,0.05,1.0,33705,246.31652000000076,24.631652000000077,11.680763124558325,10.788777436831648,0.9013679992744906,8.469931326418244,0,0.0,False,False,False,498,0,0.0,20.713479999999997,0.18536588653478514,0.25903239704100006,0.24211797611084068,0.24562974274158478
SSI,BAD,UCB_WITHOUT_COST_NETWORK,UCB-VAE without Cost Network,56,16,train,0.2221926058330938,0.05,1.0,35952,299.8595000000048,29.98595000000048,2.9588836168056964,8.15120034965015,0.15623502382789745,25.054566919048725,0,0.0,False,False,False,2247,0,0.0,61.98050000000003,0.1455969596744851,0.18329325749389214,0.21676705946629837,0.22219260036945343
SSI,BAD,UCB_WITHOUT_COST_NETWORK,UCB-VAE without Cost Network,56,16,test,0.2221926058330938,0.05,1.0,35952,324.4517600000013,32.44517600000013,15.140367815490308,11.635561727430728,1.1084797962129933,8.685409911300212,0,0.0,False,False,False,498,0,0.0,20.76824000000001,0.21234854719017493,0.25918584827139196,0.21893326189285997,0.22219260036945343
SSI,BAD,UCB_WITHOUT_COST_NETWORK,UCB-VAE without Cost Network,56,17,train,0.20099175505933367,0.05,1.0,38199,389.87798000000316,38.98779800000032,3.728280382910687,8.733096723304987,0.23748107181155578,25.22048455803143,0,0.0,False,False,False,2247,0,0.0,62.50202000000001,0.15432641349620188,0.18258189088671167,0.19609069145808072,0.20099174976348877
SSI,BAD,UCB_WITHOUT_COST_NETWORK,UCB-VAE without Cost Network,56,17,test,0.20099175505933367,0.05,1.0,38199,284.5213399999998,28.45213399999998,13.385462078884135,11.96701775691984,0.9515433588280505,11.351245855265818,0,0.0,False,False,False,498,0,0.0,20.57866000000001,0.23074352907614237,0.2581325702099915,0.19796432323234278,0.20099174976348877
SSI,BAD,UCB_WITHOUT_COST_NETWORK,UCB-VAE without Cost Network,56,18,train,0.18181381621752543,0.05,1.0,40446,377.75377000000253,37.775377000000255,3.627281067882393,8.737961271359381,0.22613825096162757,26.682183282242487,0,0.0,False,False,False,2247,0,0.0,61.97623000000006,0.15825967470897587,0.18026497988274853,0.17729714342574257,0.1818138211965561
SSI,BAD,UCB_WITHOUT_COST_NETWORK,UCB-VAE without Cost Network,56,18,test,0.18181381621752543,0.05,1.0,40446,344.0017100000009,34.40017100000009,15.989954311792797,12.63806884479322,1.0888480921306747,12.023643839800833,0,0.0,False,False,False,498,0,0.0,20.70829000000002,0.24582599538055844,0.25702649167922126,0.1790639558367026,0.1818138211965561
SSI,BAD,UCB_WITHOUT_COST_NETWORK,UCB-VAE without Cost Network,56,19,train,0.16446577004027732,0.05,1.0,42693,377.37121000000116,37.737121000000116,3.624081358741349,8.936523739546487,0.22273785929279336,26.091149066234955,0,0.0,False,False,False,2247,0,0.0,61.23879000000009,0.16564667840977826,0.17868322482175916,0.1603053750348727,0.1644657701253891
SSI,BAD,UCB_WITHOUT_COST_NETWORK,UCB-VAE without Cost Network,56,19,test,0.16446577004027732,0.05,1.0,42693,335.3792400000011,33.53792400000011,15.616009998629687,12.572482608678476,1.0679652506243915,11.825966176383963,0,0.0,False,False,False,498,0,0.0,20.640760000000018,0.24539785290492816,0.2551695224810317,0.1619600887502489,0.1644657701253891
SSI,BAD,UCB_WITHOUT_COST_NETWORK,UCB-VAE without Cost Network,56,20,train,0.14877301449181102,0.05,1.0,44940,400.85234000000173,40.08523400000018,3.819028056256113,9.016642569914671,0.24258447822216458,25.908866752421417,0,0.0,False,False,False,2247,0,0.0,61.44766000000009,0.17065598728881806,0.177255827726313,0.14499086454928478,0.14877301454544067
SSI,BAD,UCB_WITHOUT_COST_NETWORK,UCB-VAE without Cost Network,56,20,test,0.14877301449181102,0.05,1.0,44940,345.1521600000001,34.51521600000001,16.039757203609106,12.826881071317576,1.0781152496538862,14.473997366462651,0,0.0,False,False,False,498,0,0.0,20.967840000000002,0.25224823841659694,0.25476953858532103,0.1465034787810036,0.14877301454544067
SSI,BAD,UCB_WITHOUT_COST_NETWORK,UCB-VAE without Cost Network,56,21,train,0.13457760745935274,0.05,1.0,47187,430.5841100000014,43.058411000000135,4.061744323237604,9.325911624949352,0.26284992336919744,26.700528598115714,0,0.0,False,False,False,2247,0,0.0,61.70589000000006,0.1780809872168146,0.1757029490400326,0.13111891209712648,0.13457760214805603
SSI,BAD,UCB_WITHOUT_COST_NETWORK,UCB-VAE without Cost Network,56,21,test,0.13457760745935274,0.05,1.0,47187,383.0831399999993,38.308313999999925,17.670062674364416,13.88287246320161,1.1076027897453289,14.037460893800361,0,0.0,False,False,False,498,0,0.0,21.256860000000003,0.2647539699537367,0.2541256440751045,0.1325215030136488,0.13457760214805603
SSI,BAD,UCB_WITHOUT_COST_NETWORK,UCB-VAE without Cost Network,56,22,train,0.12173667712083987,0.05,1.0,49434,501.97635000000196,50.1976350000002,4.6267360899043375,9.424016352097023,0.31904411162957,26.880300483439324,0,0.0,False,False,False,2247,0,0.0,62.11365000000015,0.18468556869488842,0.1737964585668838,0.11858238904815799,0.12173667550086975
SSI,BAD,UCB_WITHOUT_COST_NETWORK,UCB-VAE without Cost Network,56,22,test,0.12173667712083987,0.05,1.0,49434,360.6455499999995,36.06455499999995,16.708408656254782,13.75639859684229,1.0563362380142842,14.146270924224783,0,0.0,False,False,False,498,0,0.0,21.254450000000006,0.26638664096963116,0.2526986767878255,0.119858003128626,0.12173667550086975
SSI,BAD,UCB_WITHOUT_COST_NETWORK,UCB-VAE without Cost Network,56,23,train,0.11012098398984942,0.05,1.0,51681,494.75441000000365,49.475441000000366,4.570680600497812,9.609620519381242,0.3090990708439223,28.36470379546111,0,0.0,False,False,False,2247,0,0.0,62.79559000000012,0.19012465787966665,0.17287673686788937,0.1072684639533028,0.1101209819316864
SSI,BAD,UCB_WITHOUT_COST_NETWORK,UCB-VAE without Cost Network,56,23,test,0.11012098398984942,0.05,1.0,51681,309.3053799999998,30.93053799999998,14.477843412031465,13.010758172545996,0.9595476821177688,12.954577526946442,0,0.0,False,False,False,498,0,0.0,20.934620000000002,0.255929544509336,0.25095040346664116,0.1083964207673778,0.1101209819316864
SSI,BAD,UCB_WITHOUT_COST_NETWORK,UCB-VAE without Cost Network,56,24,train,0.1,0.05,1.0,53928,477.44594000000234,47.744594000000234,4.435349032599389,9.675405088673536,0.2941487834651492,28.506763448336336,0,0.0,False,False,False,2247,0,0.0,62.43406000000007,0.1939538366497183,0.17149721110562086,0.09737701365398581,0.10000000149011612
SSI,BAD,UCB_WITHOUT_COST_NETWORK,UCB-VAE without Cost Network,56,24,test,0.1,0.05,1.0,53928,308.22212000000036,30.822212000000036,14.430314093518026,13.014682437310142,0.9560864283538354,12.553066460406646,0,0.0,False,False,False,498,0,0.0,21.017880000000005,0.2577104438465213,0.24961481473771444,0.09842475710961017,0.10000000149011612
SSI,BAD,UCB_WITHOUT_COST_NETWORK,UCB-VAE without Cost Network,56,25,train,0.1,0.05,1.0,56175,493.1322200000018,49.31322200000018,4.558056332303706,9.7395757529978,0.3050140622171919,28.34957558513058,0,0.0,False,False,False,2247,0,0.0,62.36778000000008,0.19745079246138336,0.1700179193004747,0.09734745998994024,0.10000000149011612
SSI,BAD,UCB_WITHOUT_COST_NETWORK,UCB-VAE without Cost Network,56,25,test,0.1,0.05,1.0,56175,334.40612000000056,33.44061200000005,15.57373170305345,14.215992232240172,0.9573240928935711,12.579527499617704,0,0.0,False,False,False,498,0,0.0,21.033880000000007,0.271869830482482,0.24882357432899704,0.09841467247267369,0.10000000149011612
SSI,BAD,UCB_WITHOUT_COST_NETWORK,UCB-VAE without Cost Network,56,26,train,0.1,0.05,1.0,58422,451.9338500000026,45.19338500000026,4.233283043185843,9.839190666568095,0.27102464137507026,29.86725441210536,0,0.0,False,False,False,2247,0,0.0,62.21615000000013,0.20247512101180576,0.16796981134797181,0.09729614950047007,0.10000000149011612
SSI,BAD,UCB_WITHOUT_COST_NETWORK,UCB-VAE without Cost Network,56,26,test,0.1,0.05,1.0,58422,375.69066999999995,37.569067,17.35409285614371,14.47802156169675,1.049118179695086,12.352426951016898,0,0.0,False,False,False,498,0,0.0,21.369330000000005,0.2784364383267763,0.2476893534143287,0.09840239271216908,0.10000000149011612
SSI,BAD,UCB_WITHOUT_COST_NETWORK,UCB-VAE without Cost Network,56,27,train,0.1,0.05,1.0,60669,415.21032000000287,41.52103200000028,3.9368056900906723,9.800599086557247,0.24239083223347876,30.25483839416927,0,0.0,False,False,False,2247,0,0.0,61.549680000000144,0.20515913613568737,0.1660614742780984,0.09725409299653677,0.10000000149011612
SSI,BAD,UCB_WITHOUT_COST_NETWORK,UCB-VAE without Cost Network,56,27,test,0.1,0.05,1.0,60669,300.45547000000033,30.045547000000035,14.088967178716882,14.452292082396506,0.8537553151418474,14.959402363264127,0,0.0,False,False,False,498,0,0.0,20.754530000000006,0.2812110142767685,0.24640962812136932,0.09837269233951128,0.10000000149011612
SSI,BAD,UCB_WITHOUT_COST_NETWORK,UCB-VAE without Cost Network,56,28,train,0.1,0.05,1.0,62916,462.52150000000347,46.25215000000035,4.317521572746785,10.015111636291483,0.2761350206177501,31.59119779134201,0,0.0,False,False,False,2247,0,0.0,61.17850000000012,0.2128973838890591,0.16450663759117398,0.09719774163239074,0.10000000149011612
SSI,BAD,UCB_WITHOUT_COST_NETWORK,UCB-VAE without Cost Network,56,28,test,0.1,0.05,1.0,62916,272.7682700000007,27.27682700000007,12.863763512391646,14.384848876291601,0.7813446818337798,15.677304884616664,0,0.0,False,False,False,498,0,0.0,20.771730000000005,0.2778525546352898,0.24526466520495682,0.09835416172277801,0.10000000149011612
SSI,BAD,UCB_WITHOUT_COST_NETWORK,UCB-VAE without Cost Network,56,29,train,0.1,0.05,1.0,65163,489.1185400000022,48.91185400000022,4.526768447112173,10.170058907941817,0.29334397610135843,32.04499293118884,0,0.0,False,False,False,2247,0,0.0,61.32146000000013,0.21799963321799332,0.16310818115697737,0.09716766069198922,0.10000000149011612
SSI,BAD,UCB_WITHOUT_COST_NETWORK,UCB-VAE without Cost Network,56,29,test,0.1,0.05,1.0,65163,283.78888000000006,28.378888000000007,13.353019115231813,14.381763130980268,0.8118204353153783,14.846565941215617,0,0.0,False,False,False,498,0,0.0,21.091119999999997,0.27799169359677917,0.24447578600192643,0.09834982453688691,0.10000000149011612
SSI,BAD,UCB_WITHOUT_COST_NETWORK,UCB-VAE without Cost Network,56,30,train,0.1,0.05,1.0,67410,479.9450800000011,47.99450800000011,4.454976086470186,10.325136331708617,0.28377158864716046,31.338815649610684,0,0.0,False,False,False,2247,0,0.0,60.15492000000017,0.2268135379657919,0.16062767911763737,0.09706466144107039,0.10000000149011612
SSI,BAD,UCB_WITHOUT_COST_NETWORK,UCB-VAE without Cost Network,56,30,test,0.1,0.05,1.0,67410,255.92638000000034,25.592638000000033,12.1119782982543,13.790012091618442,0.7600706581934416,14.585287614151019,0,0.0,False,False,False,498,0,0.0,21.193620000000006,0.26188725817702824,0.2433726524253447,0.09833600503732881,0.10000000149011612
SSI,BAD,UCB_WITHOUT_COST_NETWORK,UCB-VAE without Cost Network,56,31,train,0.1,0.05,1.0,69657,539.0068800000022,53.900688000000216,4.910451592154508,10.521341430607348,0.3221283516143606,32.14904020867554,0,0.0,False,False,False,2247,0,0.0,60.25312000000007,0.23275243627446981,0.15961001108143136,0.0970469695284692,0.10000000149011612
SSI,BAD,UCB_WITHOUT_COST_NETWORK,UCB-VAE without Cost Network,56,31,test,0.1,0.05,1.0,69657,246.16920000000005,24.616920000000004,11.674139688210339,14.051982924528462,0.7203920443289002,14.404637805079437,0,0.0,False,False,False,498,0,0.0,21.120799999999996,0.268737875057058,0.24258706648366518,0.09831347363154659,0.10000000149011612
SSI,BAD,UCB_WITHOUT_COST_NETWORK,UCB-VAE without Cost Network,56,32,train,0.1,0.05,1.0,71904,456.75481000000127,45.675481000000126,4.271707522231738,10.489123264416337,0.2640653699599917,32.49088142268412,0,0.0,False,False,False,2247,0,0.0,59.57519000000013,0.23394717110302893,0.15810080579203079,0.09698648036229224,0.10000000149011612
SSI,BAD,UCB_WITHOUT_COST_NETWORK,UCB-VAE without Cost Network,56,32,test,0.1,0.05,1.0,71904,215.58561999999984,21.558561999999984,10.290563725291268,14.112110854806936,0.6288336793896889,15.130707205587749,0,0.0,False,False,False,498,0,0.0,21.114380000000008,0.2676754825166048,0.2420444323355893,0.09829567469501417,0.10000000149011612
SSI,BAD,UCB_WITHOUT_COST_NETWORK,UCB-VAE without Cost Network,56,33,train,0.1,0.05,1.0,74151,555.7775900000026,55.577759000000256,5.036951612968732,10.567021250277104,0.33270250621254116,31.827847974696937,0,0.0,False,False,False,2247,0,0.0,60.232410000000115,0.23742551074426715,0.15720018436929148,0.09696076130080378,0.10000000149011612
SSI,BAD,UCB_WITHOUT_COST_NETWORK,UCB-VAE without Cost Network,56,33,test,0.1,0.05,1.0,74151,240.26034999999888,24.026034999999887,11.408158223546682,14.612940156566298,0.6817746737250269,14.432611294611222,0,0.0,False,False,False,498,0,0.0,21.079649999999997,0.27659579285994307,0.2410594275049177,0.09828368459453153,0.10000000149011612
SSI,BAD,UCB_WITHOUT_COST_NETWORK,UCB-VAE without Cost Network,56,34,train,0.1,0.05,1.0,76398,561.6702100000014,56.16702100000014,5.081111504259583,10.567311175499261,0.33670560505863345,32.17804974278785,0,0.0,False,False,False,2247,0,0.0,60.17979000000015,0.2380493619600868,0.1558041219389407,0.09692399938013839,0.10000000149011612
SSI,BAD,UCB_WITHOUT_COST_NETWORK,UCB-VAE without Cost Network,56,34,test,0.1,0.05,1.0,76398,278.27655000000004,27.827655000000007,13.10856414118331,15.097757907481052,0.7658601753912914,13.047138385422324,0,0.0,False,False,False,498,0,0.0,21.35345,0.28710544465740595,0.23980899467824932,0.0982692661229691,0.10000000149011612
SSI,BAD,UCB_WITHOUT_COST_NETWORK,UCB-VAE without Cost Network,56,35,train,0.1,0.05,1.0,78645,491.8310599999995,49.18310599999995,4.547921582369563,10.597151584960843,0.28763659695459787,32.46334065829514,0,0.0,False,False,False,2247,0,0.0,60.24894000000013,0.23987537752257532,0.15464481183182255,0.09689320892815394,0.10000000149011612
SSI,BAD,UCB_WITHOUT_COST_NETWORK,UCB-VAE without Cost Network,56,35,test,0.1,0.05,1.0,78645,271.79599000000053,27.179599000000053,12.820498377205357,14.726390800239827,0.7639312446062307,14.561508683326002,0,0.0,False,False,False,498,0,0.0,21.044010000000004,0.2818837957825172,0.23865193691119613,0.09825203076206275,0.10000000149011612
SSI,BAD,UCB_WITHOUT_COST_NETWORK,UCB-VAE without Cost Network,56,36,train,0.1,0.05,1.0,80892,524.5476500000002,52.45476500000002,4.800399452810922,10.640864005112649,0.309754645099758,32.640232986021736,0,0.0,False,False,False,2247,0,0.0,60.62235000000012,0.2410235393650019,0.15358391523851944,0.09684978912290923,0.10000000149011612
SSI,BAD,UCB_WITHOUT_COST_NETWORK,UCB-VAE without Cost Network,56,36,test,0.1,0.05,1.0,80892,270.52139000000034,27.052139000000036,12.763755441372759,15.328776068388395,0.7365137856698953,14.505678519539009,0,0.0,False,False,False,498,0,0.0,21.368609999999993,0.2904024482109063,0.23824051043475009,0.09822727316550506,0.10000000149011612
SSI,BAD,UCB_WITHOUT_COST_NETWORK,UCB-VAE without Cost Network,56,37,train,0.1,0.05,1.0,83139,559.2445000000005,55.92445000000005,5.062950952504219,10.739388747426634,0.33139643788081624,31.708590872534565,0,0.0,False,False,False,2246,0,0.0,60.71550000000013,0.2409685538170538,0.15310493626386842,0.09682976090241757,0.10000000149011612
SSI,BAD,UCB_WITHOUT_COST_NETWORK,UCB-VAE without Cost Network,56,37,test,0.1,0.05,1.0,83139,243.87245000000075,24.387245000000075,11.57082841119812,15.075322850193015,0.67517483840804,14.70549899264523,0,0.0,False,False,False,498,0,0.0,21.297549999999998,0.282406911335674,0.23655781151360297,0.09821567890465847,0.10000000149011612
SSI,BAD,UCB_WITHOUT_COST_NETWORK,UCB-VAE without Cost Network,56,38,train,0.1,0.05,1.0,85386,612.7540300000028,61.27540300000028,5.4578523952643065,11.029894072893041,0.35985066710226327,33.14433079179949,2,0.0004450378282153983,False,False,False,2241,0,0.0,60.65597000000014,0.24848891550349217,0.15156566027202073,0.09677205636669924,0.10000000149011612
SSI,BAD,UCB_WITHOUT_COST_NETWORK,UCB-VAE without Cost Network,56,38,test,0.1,0.05,1.0,85386,266.2768999999996,26.62768999999996,12.574593468505203,15.003087631824124,0.7379507163033936,14.10095862354904,0,0.0,False,False,False,497,0,0.0,21.393099999999986,0.28346086939108367,0.23538413955025883,0.09819660676074055,0.10000000149011612
SSI,BAD,UCB_WITHOUT_COST_NETWORK,UCB-VAE without Cost Network,56,39,train,0.1,0.05,1.0,87633,493.2534100000007,49.32534100000007,4.558999882927028,10.80193950845685,0.28521222243504013,33.37359742930443,2,0.0,False,False,False,2245,0,0.0,60.83659000000016,0.24454767094038332,0.15041864671817767,0.09672670933375511,0.10000000149011612
SSI,BAD,UCB_WITHOUT_COST_NETWORK,UCB-VAE without Cost Network,56,39,test,0.1,0.05,1.0,87633,238.72332000000006,23.872332000000004,11.338866800974866,15.341930156219297,0.6523941102874183,15.21165263659769,0,0.0,False,False,False,497,0,0.0,21.676679999999994,0.285969924029701,0.233950795044741,0.09817858411093705,0.10000000149011612
SSI,BAD,UCB_WITHOUT_COST_NETWORK,UCB-VAE without Cost Network,56,40,train,0.1,0.05,1.0,89880,606.4948800000004,60.64948800000004,5.412266421509826,11.13994383463496,0.35347801421121167,34.139141729992375,1,0.0,False,False,False,2236,0,0.0,60.64512000000019,0.2524225019039713,0.14983975026353658,0.09670218273140627,0.10000000149011612
SSI,BAD,UCB_WITHOUT_COST_NETWORK,UCB-VAE without Cost Network,56,40,test,0.1,0.05,1.0,89880,226.44583000000057,22.644583000000058,10.78383566616532,14.668116795592443,0.6411212791521766,15.750371087485826,0,0.0,False,False,False,495,0,0.0,21.714170000000003,0.2751381944459523,0.23268642788191876,0.09816027056070827,0.10000000149011612
SSI,BAD,UCB_WITHOUT_COST_NETWORK,UCB-VAE without Cost Network,56,41,train,0.1,0.05,1.0,92127,630.2221300000015,63.02221300000015,5.584247429471878,11.10048182984702,0.3691616779870777,33.9689400087656,1,0.0,False,False,False,2233,0,0.0,60.787870000000176,0.2520006567872641,0.14881251672134432,0.09663397499221899,0.10000000149011612
SSI,BAD,UCB_WITHOUT_COST_NETWORK,UCB-VAE without Cost Network,56,41,test,0.1,0.05,1.0,92127,254.87239999999997,25.487239999999993,12.064764397815274,16.184598732089782,0.6672292570534821,16.380800920741216,0,0.0,False,False,False,494,0,0.0,21.437599999999993,0.31040222076880125,0.2318465610943645,0.09808742648718913,0.10000000149011612
SSI,BAD,UCB_WITHOUT_COST_NETWORK,UCB-VAE without Cost Network,56,42,train,0.1,0.05,1.0,94374,409.8912499999999,40.98912499999999,3.8932980576168674,10.813753070829737,0.22542091043766851,35.181318799895486,2,0.0,False,False,False,2243,0,0.0,58.0787500000002,0.25753881725855937,0.14618929901624925,0.09645071544080808,0.10000000149011612
SSI,BAD,UCB_WITHOUT_COST_NETWORK,UCB-VAE without Cost Network,56,42,test,0.1,0.05,1.0,94374,218.9947200000006,21.89947200000006,10.445641035261977,15.671241383262624,0.5901738921110835,17.352160565085917,0,0.002008032128514056,False,False,False,491,0,0.0,21.215280000000003,0.30049656482003717,0.2309604955455625,0.09807104428984598,0.10000000149011612
SSI,BAD,UCB_WITHOUT_COST_NETWORK,UCB-VAE without Cost Network,56,43,train,0.1,0.05,1.0,96621,623.8995100000016,62.38995100000015,5.538638067054347,11.250692745854943,0.36184283243153836,35.13925789613318,1,0.0,False,False,False,2232,0,0.0,59.910490000000145,0.26039107936861866,0.14640256618433492,0.09651884569871984,0.10000000149011612
SSI,BAD,UCB_WITHOUT_COST_NETWORK,UCB-VAE without Cost Network,56,43,test,0.1,0.05,1.0,96621,224.6309000000001,22.46309000000001,10.701553264594699,15.481552377653365,0.6104732391395725,15.671846893761773,0,0.002008032128514056,False,False,False,488,0,0.0,21.4991,0.28407452185036264,0.22984794570679168,0.09809777098182519,0.10000000149011612
SSI,BAD,UCB_WITHOUT_COST_NETWORK,UCB-VAE without Cost Network,56,44,train,0.1,0.05,1.0,98868,604.9343300000007,60.493433000000074,5.400876207039063,11.238316773106236,0.35039928853649405,33.97060447702101,2,0.0,False,False,False,2231,0,0.0,60.055670000000205,0.25989475094304776,0.14600427749823294,0.0964980682582489,0.10000000149011612
SSI,BAD,UCB_WITHOUT_COST_NETWORK,UCB-VAE without Cost Network,56,44,test,0.1,0.05,1.0,98868,235.93898000000036,23.593898000000035,11.213235745514694,15.628254420860749,0.6359637346244856,16.10049659101343,0,0.002008032128514056,False,False,False,486,0,0.0,21.53102,0.28730894907882937,0.2290037872202425,0.09807537832304525,0.10000000149011612
SSI,BAD,UCB_WITHOUT_COST_NETWORK,UCB-VAE without Cost Network,56,45,train,0.1,0.05,1.0,101115,523.3216400000019,52.33216400000019,4.791025428866846,11.189583311776634,0.2991222561994006,34.85168817507414,2,0.0,False,False,False,2229,0,0.0,60.83836000000017,0.25689382973239144,0.14524771995481037,0.09648347772118603,0.10000000149011612
SSI,BAD,UCB_WITHOUT_COST_NETWORK,UCB-VAE without Cost Network,56,45,test,0.1,0.05,1.0,101115,235.02009000000044,23.502009000000044,11.171743944665312,16.095851279584842,0.6198794640423348,17.2929985184955,0,0.002008032128514056,False,False,False,483,0,0.0,20.959909999999994,0.30467593202641796,0.22802571401777996,0.09801802804741863,0.10000000149011612
SSI,BAD,UCB_WITHOUT_COST_NETWORK,UCB-VAE without Cost Network,57,1,train,1.0,1.0,1.0,2247,780.8697699999993,78.08697699999993,6.626975858207107,16.57914152690432,0.35279924938533175,28.608905946316867,13,0.06319537160658656,False,False,False,1960,0,0.0,48.16023000000002,0.18667683070022845,0.3380322135689792,0.9793496961905578,1.0
SSI,BAD,UCB_WITHOUT_COST_NETWORK,UCB-VAE without Cost Network,57,1,test,1.0,1.0,1.0,2247,221.61417000000074,22.161417000000075,10.564651018146831,15.478184298236428,0.6025680173212491,15.88482026636111,3,0.15060240963855423,False,False,False,313,0,0.0,12.03583000000001,0.201099368799242,0.3845700238603186,0.9883624273806255,1.0
SSI,BAD,UCB_WITHOUT_COST_NETWORK,UCB-VAE without Cost Network,57,2,train,0.9045834549972122,0.8,1.0,4494,796.0994999999978,79.60994999999977,6.72797953227211,16.819884496178027,0.35583921465490886,28.62865002072139,13,0.047619047619047616,False,False,False,1961,0,0.0,49.06049999999997,0.1981784195895906,0.3332277918735981,0.8858281338022438,0.9045834541320801
SSI,BAD,UCB_WITHOUT_COST_NETWORK,UCB-VAE without Cost Network,57,2,test,0.9045834549972122,0.8,1.0,4494,271.0464700000002,27.10464700000002,12.787134507622344,15.464136795627246,0.7328335152216408,15.903818825100258,3,0.1465863453815261,False,False,False,309,0,0.0,11.623530000000006,0.19336866835280297,0.3821695860789483,0.8943072435585153,0.9045834541320801
SSI,BAD,UCB_WITHOUT_COST_NETWORK,UCB-VAE without Cost Network,57,3,train,0.8182712270546932,0.6400000000000001,1.0,6741,749.2490799999975,74.92490799999976,6.414791632345995,16.574636065004416,0.3407597201719756,28.60974879223288,13,0.059190031152647975,False,False,False,1965,0,0.0,48.750919999999994,0.18746387898269695,0.32785196409033945,0.8014499463058673,0.8182712197303772
SSI,BAD,UCB_WITHOUT_COST_NETWORK,UCB-VAE without Cost Network,57,3,test,0.8182712270546932,0.6400000000000001,1.0,6741,270.14570000000003,27.014570000000006,12.747024975715604,15.329040239671155,0.7355741822537492,15.913741645297094,3,0.1465863453815261,False,False,False,309,0,0.0,11.794300000000009,0.1903725591742659,0.3760596895253802,0.8090271734547206,0.8182712197303772
SSI,BAD,UCB_WITHOUT_COST_NETWORK,UCB-VAE without Cost Network,57,4,train,0.7401946136939427,0.5120000000000001,1.0,8988,762.2973699999986,76.22973699999986,6.5027593795118355,16.704806511796154,0.34441417517757894,29.268930875502907,15,0.07521139296840232,False,False,False,1968,0,0.0,49.39263000000002,0.1984267504747639,0.3271251418687897,0.7250699960607182,0.7401946187019348
SSI,BAD,UCB_WITHOUT_COST_NETWORK,UCB-VAE without Cost Network,57,4,test,0.7401946136939427,0.5120000000000001,1.0,8988,250.03790000000117,25.003790000000116,11.847945376077451,15.26508672501704,0.6851283492813628,15.84770185474334,3,0.28714859437751006,False,False,False,308,0,0.0,12.202100000000009,0.18798013097863986,0.3703135055710513,0.731864090806248,0.7401946187019348
SSI,BAD,UCB_WITHOUT_COST_NETWORK,UCB-VAE without Cost Network,57,5,train,0.6695678010255933,0.4096000000000001,1.0,11235,839.0635699999993,83.90635699999993,7.008869186699829,16.88748234093805,0.3708074210979572,28.577011634468168,13,0.06052514463729417,False,False,False,1973,0,0.0,49.64643,0.19940377923618452,0.32118275004277824,0.6558568790689441,0.6695678234100342
SSI,BAD,UCB_WITHOUT_COST_NETWORK,UCB-VAE without Cost Network,57,5,test,0.6695678010255933,0.4096000000000001,1.0,11235,204.49031000000036,20.449031000000037,9.784340469935193,15.223799979476185,0.5631031616860325,15.402022693586567,3,0.11847389558232932,False,False,False,306,0,0.0,12.239690000000007,0.19691356372261606,0.35944946822392415,0.6618698182637868,0.6695678234100342
SSI,BAD,UCB_WITHOUT_COST_NETWORK,UCB-VAE without Cost Network,57,6,train,0.6056799548066172,0.3276800000000001,1.0,13482,842.6173099999987,84.26173099999987,7.031840767121955,17.030479344576744,0.370405911678299,29.240341613477177,15,0.047619047619047616,False,False,False,1981,0,0.0,49.89269,0.20216953829338613,0.3167064324266708,0.5932675961617702,0.6056799292564392
SSI,BAD,UCB_WITHOUT_COST_NETWORK,UCB-VAE without Cost Network,57,6,test,0.6056799548066172,0.3276800000000001,1.0,13482,211.332370000001,21.1332370000001,10.09678252431212,15.175305967047006,0.5833265369883635,15.722512846854771,3,0.020080321285140562,False,False,False,305,0,0.0,12.297630000000007,0.19697102865455654,0.3543269526527589,0.5987102862973855,0.6056799292564392
SSI,BAD,UCB_WITHOUT_COST_NETWORK,UCB-VAE without Cost Network,57,7,train,0.547888066141525,0.2621440000000001,1.0,15729,820.7069799999983,82.07069799999984,6.889579133666435,16.906868528628728,0.363929459735693,28.538314565133177,13,0.040943480195816645,False,False,False,1983,0,0.0,50.11301999999997,0.2014226994166071,0.31371648789354045,0.5366774410734035,0.5478880405426025
SSI,BAD,UCB_WITHOUT_COST_NETWORK,UCB-VAE without Cost Network,57,7,test,0.547888066141525,0.2621440000000001,1.0,15729,122.1481800000006,12.21481800000006,5.952459505911589,16.801765679731968,0.3120259949819732,19.21029153432075,4,0.020080321285140562,False,False,False,315,0,0.0,12.091820000000007,0.21856174627766548,0.34401488450756035,0.5414816584409524,0.5478880405426025
SSI,BAD,UCB_WITHOUT_COST_NETWORK,UCB-VAE without Cost Network,57,8,train,0.49561047982204176,0.20971520000000007,1.0,17976,753.5941399999992,75.35941399999993,6.444149333552929,16.332669082379496,0.3450885793506752,29.052755510950938,14,0.05696484201157098,False,False,False,1993,0,0.0,49.865860000000005,0.1856621803292907,0.3110315073322974,0.48562830578896465,0.49561047554016113
SSI,BAD,UCB_WITHOUT_COST_NETWORK,UCB-VAE without Cost Network,57,8,test,0.49561047982204176,0.20971520000000007,1.0,17976,146.34019000000126,14.634019000000126,7.092387966677971,16.45467731228527,0.38068876444431926,18.038968711924532,4,0.02610441767068273,False,False,False,313,0,0.0,11.689810000000007,0.21752020825077217,0.3409097788025098,0.48983008317940424,0.49561047554016113
SSI,BAD,UCB_WITHOUT_COST_NETWORK,UCB-VAE without Cost Network,57,9,train,0.4483210401702486,0.1677721600000001,1.0,20223,859.9093199999959,85.99093199999959,7.143058446161832,16.471160798029523,0.38359963853425866,28.584150556944703,12,0.037383177570093455,False,False,False,1989,0,0.0,50.17068,0.1873516012188687,0.3086669374942037,0.43926964302025756,0.44832104444503784
SSI,BAD,UCB_WITHOUT_COST_NETWORK,UCB-VAE without Cost Network,57,9,test,0.4483210401702486,0.1677721600000001,1.0,20223,111.03549000000021,11.10354900000002,5.424726331984031,16.12172836913455,0.287013592077682,17.79444822263563,4,0.02610441767068273,False,False,False,313,0,0.0,12.024510000000005,0.20875423139185084,0.3383027693353982,0.4431371053244868,0.44832104444503784
SSI,BAD,UCB_WITHOUT_COST_NETWORK,UCB-VAE without Cost Network,57,10,train,0.4055437954651474,0.13421772800000006,1.0,22470,879.8439599999967,87.98439599999968,7.270138055191677,16.463476046977444,0.3909657709336312,28.62554073512894,12,0.06942590120160214,False,False,False,1989,0,0.0,49.85604000000001,0.1880796342614684,0.30879294441894367,0.3974878089544278,0.40554380416870117
SSI,BAD,UCB_WITHOUT_COST_NETWORK,UCB-VAE without Cost Network,57,10,test,0.4055437954651474,0.13421772800000006,1.0,22470,124.26395000000025,12.426395000000024,6.0526402536044355,16.232100215506378,0.32302925307567193,17.42340256537846,4,0.12449799196787148,False,False,False,315,0,0.0,12.256050000000005,0.20915865692914493,0.33569166791367244,0.4008910467140254,0.40554380416870117
SSI,BAD,UCB_WITHOUT_COST_NETWORK,UCB-VAE without Cost Network,57,11,train,0.3668482076545458,0.10737418240000006,1.0,24717,876.2270499999972,87.62270499999973,7.247170158283511,16.9351368724879,0.3834733735544454,28.615170995419753,13,0.06141522029372497,False,False,False,2001,0,0.0,50.76294999999994,0.20268058290489108,0.304091569326377,0.35948490159514557,0.3668482005596161
SSI,BAD,UCB_WITHOUT_COST_NETWORK,UCB-VAE without Cost Network,57,11,test,0.3668482076545458,0.10737418240000006,1.0,24717,115.00641999999993,11.500641999999992,5.61360348412252,16.155307471522747,0.29792305284368803,17.602343232534086,3,0.02610441767068273,False,False,False,313,0,0.0,12.093580000000006,0.20968786437680184,0.3326559318715789,0.3626434208594695,0.3668482005596161
SSI,BAD,UCB_WITHOUT_COST_NETWORK,UCB-VAE without Cost Network,57,12,train,0.3318448191396838,0.08589934592000005,1.0,26964,881.4075099999973,88.14075099999972,7.280054664144631,16.555807979490062,0.39027381981556,28.62666439293347,12,0.030707610146862484,False,False,False,2000,0,0.0,50.242489999999975,0.19177310986445417,0.3029908399695707,0.3252242608291651,0.3318448066711426
SSI,BAD,UCB_WITHOUT_COST_NETWORK,UCB-VAE without Cost Network,57,12,test,0.3318448191396838,0.08589934592000005,1.0,26964,116.49393000000032,11.649393000000032,5.6842705330660825,16.161073484119935,0.3020471642304996,17.582978985615675,3,0.02610441767068273,False,False,False,313,0,0.0,11.916070000000008,0.20982203137904681,0.33048612085810625,0.3280629030040861,0.3318448066711426
SSI,BAD,UCB_WITHOUT_COST_NETWORK,UCB-VAE without Cost Network,57,13,train,0.3001813330203001,0.06871947673600004,1.0,29211,794.6647699999983,79.46647699999983,6.718496938461116,16.199953176752047,0.36258930848722354,28.628907607295456,12,0.04806408544726302,False,False,False,2011,0,0.0,50.38522999999996,0.18934351960285917,0.30016173459805007,0.29418673154489505,0.3001813292503357
SSI,BAD,UCB_WITHOUT_COST_NETWORK,UCB-VAE without Cost Network,57,13,test,0.3001813330203001,0.06871947673600004,1.0,29211,120.64144000000056,12.064144000000056,5.881058660558458,16.16288331031608,0.3136431584150857,17.385043117955018,3,0.02610441767068273,False,False,False,313,0,0.0,11.918560000000008,0.2100248563131875,0.3285374484327902,0.29677997886394664,0.3001813292503357
SSI,BAD,UCB_WITHOUT_COST_NETWORK,UCB-VAE without Cost Network,57,14,train,0.27153906734917177,0.054975581388800036,1.0,31458,867.736999999998,86.77369999999979,7.193102132288476,16.224501438273744,0.3898387516949247,28.628907607295456,12,0.046283934134401426,False,False,False,2012,0,0.0,50.22299999999996,0.18510085550823902,0.3006601819447745,0.26625550940808257,0.2715390622615814
SSI,BAD,UCB_WITHOUT_COST_NETWORK,UCB-VAE without Cost Network,57,14,test,0.27153906734917177,0.054975581388800036,1.0,31458,122.37037000000032,12.237037000000033,5.962984521913306,16.14195127257501,0.3186747539201866,17.362842326147263,3,0.02610441767068273,False,False,False,313,0,0.0,11.919630000000009,0.21027571431351402,0.32697922703492116,0.2684808339992985,0.2715390622615814
SSI,BAD,UCB_WITHOUT_COST_NETWORK,UCB-VAE without Cost Network,57,15,train,0.24562974770943447,0.05,1.0,33705,897.094469999998,89.7094469999998,7.379143780016095,16.34378686722622,0.39890503329518673,28.468072162317576,12,0.04183355585224744,False,False,False,2016,0,0.0,50.63552999999999,0.18586625665016138,0.2991726556167,0.24086298326962335,0.24562974274158478
SSI,BAD,UCB_WITHOUT_COST_NETWORK,UCB-VAE without Cost Network,57,15,test,0.24562974770943447,0.05,1.0,33705,142.10826999999927,14.210826999999925,6.893851003412688,16.331993543730448,0.3708583960495988,17.677197665656035,4,0.024096385542168676,False,False,False,314,0,0.0,12.411730000000004,0.2177037455030493,0.3243475467206005,0.24286265189508838,0.24562974274158478
SSI,BAD,UCB_WITHOUT_COST_NETWORK,UCB-VAE without Cost Network,57,16,train,0.2221926058330938,0.05,1.0,35952,879.8553099999945,87.98553099999945,7.270210067475591,16.45427607674832,0.39109268899361244,29.33836804749374,14,0.032932799287939477,False,False,False,2034,0,0.0,50.994690000000034,0.19393157533292413,0.2963030128198886,0.21781779454921776,0.22219260036945343
SSI,BAD,UCB_WITHOUT_COST_NETWORK,UCB-VAE without Cost Network,57,16,test,0.2221926058330938,0.05,1.0,35952,142.38299999999936,14.238299999999935,6.906750844303233,16.327638789947855,0.3716595112814601,17.673348100669493,4,0.02610441767068273,False,False,False,314,0,0.0,12.437000000000005,0.21731832079599825,0.3228284698353714,0.21970985359782588,0.22219260036945343
SSI,BAD,UCB_WITHOUT_COST_NETWORK,UCB-VAE without Cost Network,57,17,train,0.20099175505933367,0.05,1.0,38199,925.8341999999955,92.58341999999955,7.558808385068838,14.850031385500134,0.43455764178016343,29.18494794456514,11,0.040498442367601244,False,False,False,2032,0,0.0,50.88579999999997,0.16772881120572714,0.3055150421907438,0.19698387536217576,0.20099174976348877
SSI,BAD,UCB_WITHOUT_COST_NETWORK,UCB-VAE without Cost Network,57,17,test,0.20099175505933367,0.05,1.0,38199,213.52945999999974,21.352945999999974,10.196925819601056,21.717403798914265,0.46771013017979524,29.7550683197618,8,0.12048192771084337,False,False,False,306,0,0.0,10.850540000000004,0.29995603918448016,0.31386978176224184,0.19876428322500014,0.20099174976348877
SSI,BAD,UCB_WITHOUT_COST_NETWORK,UCB-VAE without Cost Network,57,18,train,0.18181381621752543,0.05,1.0,40446,1022.3708499999962,102.23708499999961,8.145339924859663,15.046765936574042,0.467276946926369,28.533171168509924,9,0.04539385847797063,False,False,False,2035,0,0.0,51.039149999999964,0.1754515462205881,0.3048727636071752,0.17820801421238505,0.1818138211965561
SSI,BAD,UCB_WITHOUT_COST_NETWORK,UCB-VAE without Cost Network,57,18,test,0.18181381621752543,0.05,1.0,40446,206.94927999999913,20.694927999999912,9.896730668622332,21.803332216408194,0.45408257577122496,29.613485475735875,8,0.11847389558232932,False,False,False,305,0,0.0,10.980720000000002,0.3096828933262729,0.3098694513361138,0.17978738099010202,0.1818138211965561
SSI,BAD,UCB_WITHOUT_COST_NETWORK,UCB-VAE without Cost Network,57,19,train,0.16446577004027732,0.05,1.0,42693,1034.418329999997,103.44183299999969,8.216781515824723,14.732919685162372,0.4785890301216739,28.588115140069227,8,0.02848242100578549,False,False,False,2041,0,0.0,51.271669999999915,0.17230758956650366,0.30338728117529,0.16119624647130743,0.1644657701253891
SSI,BAD,UCB_WITHOUT_COST_NETWORK,UCB-VAE without Cost Network,57,19,test,0.16446577004027732,0.05,1.0,42693,239.78390999999988,23.978390999999988,11.386684232546695,21.713296087022314,0.5176547371310632,29.442346643756125,8,0.15261044176706828,False,False,False,308,0,0.0,11.106090000000005,0.30047637255651377,0.31114446473528584,0.1626769561006362,0.1644657701253891
SSI,BAD,UCB_WITHOUT_COST_NETWORK,UCB-VAE without Cost Network,57,20,train,0.14877301449181102,0.05,1.0,44940,1016.7837599999962,101.67837599999963,8.112079994809474,15.100544796972606,0.4641008788038231,28.578425310692328,9,0.032487761459724075,False,False,False,2056,0,0.0,51.49623999999993,0.18019694005947293,0.2985847154603198,0.1458013617784893,0.14877301454544067
SSI,BAD,UCB_WITHOUT_COST_NETWORK,UCB-VAE without Cost Network,57,20,test,0.14877301449181102,0.05,1.0,44940,229.72607999999946,22.972607999999944,10.932396631340136,21.39852464288603,0.5028372856277962,29.47547407551683,8,0.15261044176706828,False,False,False,310,0,0.0,11.593920000000006,0.2977370171128776,0.3095942821847387,0.14716439234727313,0.14877301454544067
SSI,BAD,UCB_WITHOUT_COST_NETWORK,UCB-VAE without Cost Network,57,21,train,0.13457760745935274,0.05,1.0,47187,1023.9523499999939,102.39523499999939,8.154739758753005,15.080225688412735,0.46714871005563763,28.61308397938932,9,0.02892745883400089,False,False,False,2060,0,0.0,51.73764999999993,0.1823332590343324,0.2993908619610108,0.13190931537843723,0.13457760214805603
SSI,BAD,UCB_WITHOUT_COST_NETWORK,UCB-VAE without Cost Network,57,21,test,0.13457760745935274,0.05,1.0,47187,231.34955999999966,23.134955999999963,11.00585022101821,21.850931245312786,0.499965701567422,29.817060133446226,8,0.15461847389558234,False,False,False,310,0,0.0,11.200440000000004,0.30287450255351267,0.3075136441183856,0.1331312397033161,0.13457760214805603
SSI,BAD,UCB_WITHOUT_COST_NETWORK,UCB-VAE without Cost Network,57,22,train,0.12173667712083987,0.05,1.0,49434,1031.6764899999946,103.16764899999946,8.200555512132146,15.068525977620084,0.47022615210298213,28.615453180846245,9,0.025367156208277702,False,False,False,2076,0,0.0,52.13350999999989,0.18379402180678106,0.2978253143300308,0.11933937161213161,0.12173667550086975
SSI,BAD,UCB_WITHOUT_COST_NETWORK,UCB-VAE without Cost Network,57,22,test,0.12173667712083987,0.05,1.0,49434,231.34955999999966,23.134955999999963,11.00585022101821,21.850931245312786,0.499965701567422,29.817060133446226,8,0.15461847389558234,False,False,False,310,0,0.0,11.200440000000004,0.30287450255351267,0.30606337929944916,0.1204392326334046,0.12173667550086975
SSI,BAD,UCB_WITHOUT_COST_NETWORK,UCB-VAE without Cost Network,57,23,train,0.11012098398984942,0.05,1.0,51681,1024.2770699999962,102.42770699999961,8.156668962953573,15.071560981604515,0.4674455838482009,28.615453180846245,9,0.029817534490431688,False,False,False,2077,0,0.0,52.01292999999988,0.18372851988525102,0.29591649620199817,0.10796771383140351,0.1101209819316864
SSI,BAD,UCB_WITHOUT_COST_NETWORK,UCB-VAE without Cost Network,57,23,test,0.11012098398984942,0.05,1.0,51681,155.15835999999854,15.515835999999855,7.5049150408384335,21.43613619085814,0.35458435367979624,29.47450765116314,6,0.024096385542168676,False,False,False,313,0,0.0,10.811640000000006,0.3144247075721679,0.29962929810984545,0.10892661683351161,0.1101209819316864
SSI,BAD,UCB_WITHOUT_COST_NETWORK,UCB-VAE without Cost Network,57,24,train,0.1,0.05,1.0,53928,1093.3703799999948,109.33703799999948,8.561036557557621,15.12842822085084,0.4911693565627316,28.615453180846245,10,0.03204272363150868,False,False,False,2074,0,0.0,52.02961999999985,0.18476127999810815,0.2987594254875268,0.09807235167342616,0.10000000149011612
SSI,BAD,UCB_WITHOUT_COST_NETWORK,UCB-VAE without Cost Network,57,24,test,0.1,0.05,1.0,53928,154.84979999999928,15.48497999999993,7.490506693449128,21.850161816937415,0.35132959412457393,29.747845212426505,8,0.024096385542168676,False,False,False,313,0,0.0,11.340200000000006,0.3164930640882573,0.2980239471517892,0.09892574033600303,0.10000000149011612
SSI,BAD,UCB_WITHOUT_COST_NETWORK,UCB-VAE without Cost Network,57,25,train,0.1,0.05,1.0,56175,1032.098839999996,103.20988399999959,8.203056215425297,15.35752039926385,0.4644011708564308,28.618626453113766,10,0.009345794392523364,False,False,False,2092,0,0.0,52.48115999999991,0.1907477633299194,0.2924231102480377,0.09807076553503673,0.10000000149011612
SSI,BAD,UCB_WITHOUT_COST_NETWORK,UCB-VAE without Cost Network,57,25,test,0.1,0.05,1.0,56175,154.9301599999992,15.49301599999992,7.49425932435539,21.847549692909503,0.3515068675285442,29.746011934718535,8,0.02208835341365462,False,False,False,315,0,0.0,11.339840000000006,0.31647337933114694,0.2967310404502244,0.0989347419498523,0.10000000149011612
SSI,BAD,UCB_WITHOUT_COST_NETWORK,UCB-VAE without Cost Network,57,26,train,0.1,0.05,1.0,58422,1031.6603799999993,103.16603799999993,8.200460116858777,15.260586301794538,0.46621796369262497,28.618626453113766,10,0.013796172674677348,False,False,False,2095,0,0.0,52.33961999999991,0.18328922736947065,0.29446107821897977,0.09810500405043052,0.10000000149011612
SSI,BAD,UCB_WITHOUT_COST_NETWORK,UCB-VAE without Cost Network,57,26,test,0.1,0.05,1.0,58422,143.1141599999994,14.31141599999994,6.94107464986391,21.910826912127902,0.32745491387150977,29.926285515076223,8,0.02208835341365462,False,False,False,315,0,0.0,11.155840000000001,0.3173167949611124,0.29544057589338485,0.0989437229759983,0.10000000149011612
SSI,BAD,UCB_WITHOUT_COST_NETWORK,UCB-VAE without Cost Network,57,27,train,0.1,0.05,1.0,60669,1139.8638200000023,113.98638200000025,8.82651309805964,16.790038629662586,0.4730080384723343,28.754625679521418,10,0.016911437472185136,False,False,False,2098,0,0.0,53.11617999999986,0.24512249688922827,0.30199020359255657,0.0981493940998996,0.10000000149011612
SSI,BAD,UCB_WITHOUT_COST_NETWORK,UCB-VAE without Cost Network,57,27,test,0.1,0.05,1.0,60669,157.67455999999902,15.767455999999902,7.622338617391278,21.825912932812663,0.3571598562524898,29.683538426164922,8,0.07028112449799197,False,False,False,320,0,0.0,10.835440000000002,0.3094630167602194,0.2953351596033717,0.09894671335043852,0.10000000149011612
SSI,BAD,UCB_WITHOUT_COST_NETWORK,UCB-VAE without Cost Network,57,28,train,0.1,0.05,1.0,62916,1123.8601299999978,112.38601299999978,8.735716115410552,16.280109124504413,0.47744428370292685,28.564586217332828,10,0.010235870048954161,False,False,False,2108,0,0.0,52.66986999999993,0.2298642373651687,0.29777076820174375,0.09816638555061365,0.10000000149011612
SSI,BAD,UCB_WITHOUT_COST_NETWORK,UCB-VAE without Cost Network,57,28,test,0.1,0.05,1.0,62916,152.40878999999904,15.240878999999904,7.376454958466727,21.78197628749394,0.3468782671925668,29.90665525869768,8,0.07028112449799197,False,False,False,319,0,0.0,11.34121,0.30824155669721975,0.29413071669727925,0.09895283580315987,0.10000000149011612
SSI,BAD,UCB_WITHOUT_COST_NETWORK,UCB-VAE without Cost Network,57,29,train,0.1,0.05,1.0,65163,1446.253480000004,144.6253480000004,10.457801458880489,18.740496121507544,0.5223622934919264,29.097664596516324,13,0.02358700489541611,False,False,False,2109,0,0.0,51.986519999999935,0.2796342650002605,0.2864009205087801,0.0982811212552936,0.10000000149011612
SSI,BAD,UCB_WITHOUT_COST_NETWORK,UCB-VAE without Cost Network,57,29,test,0.1,0.05,1.0,65163,139.22011999999904,13.922011999999903,6.75814535821273,21.79934740759553,0.3200686952437084,29.939031069843438,7,0.07028112449799197,False,False,False,319,0,0.0,11.65988,0.29667628240000893,0.2934919920970637,0.09896109745793205,0.10000000149011612
SSI,BAD,UCB_WITHOUT_COST_NETWORK,UCB-VAE without Cost Network,57,30,train,0.1,0.05,1.0,67410,1177.6952399999996,117.76952399999996,9.03877312795296,16.726581410902824,0.48592160538700546,29.097664596516324,10,0.028037383177570093,False,False,False,2100,0,0.0,52.784759999999885,0.24447426441772246,0.30142138679862074,0.0982139762292794,0.10000000149011612
SSI,BAD,UCB_WITHOUT_COST_NETWORK,UCB-VAE without Cost Network,57,30,test,0.1,0.05,1.0,67410,147.54592999999932,14.754592999999932,7.148887366614698,21.8035321574393,0.336917051876228,29.25119416819506,7,0.07028112449799197,False,False,False,317,0,0.0,11.594069999999999,0.2964269610470795,0.29226214663091915,0.09896831900458042,0.10000000149011612
SSI,BAD,UCB_WITHOUT_COST_NETWORK,UCB-VAE without Cost Network,57,31,train,0.1,0.05,1.0,69657,1194.4208799999992,119.44208799999991,9.131572218298857,16.760541818904798,0.4903617955588465,29.175814269893007,12,0.023141967067200713,False,False,False,2115,0,0.0,53.21911999999985,0.24478607894160787,0.29885296208902523,0.09821076218590273,0.10000000149011612
SSI,BAD,UCB_WITHOUT_COST_NETWORK,UCB-VAE without Cost Network,57,31,test,0.1,0.05,1.0,69657,147.54592999999932,14.754592999999932,7.148887366614698,21.8035321574393,0.336917051876228,29.25119416819506,7,0.07028112449799197,False,False,False,317,0,0.0,11.594069999999999,0.2964269610470795,0.29067513220999613,0.09897387122266829,0.10000000149011612
SSI,BAD,UCB_WITHOUT_COST_NETWORK,UCB-VAE without Cost Network,57,32,train,0.1,0.05,1.0,71904,1155.1700099999975,115.51700099999975,8.912789893530459,16.566022127111125,0.48197435431299857,29.156962793165274,11,0.0258121940364931,False,False,False,2130,0,0.0,53.29998999999987,0.243570474928556,0.2918708934968824,0.09820530511535004,0.10000000149011612
SSI,BAD,UCB_WITHOUT_COST_NETWORK,UCB-VAE without Cost Network,57,32,test,0.1,0.05,1.0,71904,190.101439999999,19.0101439999999,9.1243752988462,21.663087081548024,0.4227420859156914,29.055341200493885,8,0.1927710843373494,False,False,False,322,0,0.0,12.078560000000003,0.28429872246560206,0.29100815057156076,0.09898333276637979,0.10000000149011612
SSI,BAD,UCB_WITHOUT_COST_NETWORK,UCB-VAE without Cost Network,57,33,train,0.1,0.05,1.0,74151,1143.215290000005,114.3215290000005,8.84545120980853,16.757435738831628,0.4746544111990028,29.588241408385734,10,0.012461059190031152,False,False,False,2137,0,0.0,53.214709999999826,0.2476825550493941,0.2842275535345449,0.09822677670534787,0.10000000149011612
SSI,BAD,UCB_WITHOUT_COST_NETWORK,UCB-VAE without Cost Network,57,33,test,0.1,0.05,1.0,74151,182.2918999999988,18.229189999999882,8.764515060063683,21.681520773042763,0.40730014216086796,29.41201471911721,7,0.19678714859437751,False,False,False,321,0,0.0,11.808100000000007,0.2859859763638685,0.2891709754864375,0.09898362905820733,0.10000000149011612
SSI,BAD,UCB_WITHOUT_COST_NETWORK,UCB-VAE without Cost Network,57,34,train,0.1,0.05,1.0,76398,1239.8494299999984,123.98494299999984,9.380487740740296,16.379251670377066,0.5119514559833109,29.588241408385734,11,0.014241210502892745,False,False,False,2134,0,0.0,53.88056999999985,0.23995365910045502,0.29176314994792274,0.09821831860019295,0.10000000149011612
SSI,BAD,UCB_WITHOUT_COST_NETWORK,UCB-VAE without Cost Network,57,34,test,0.1,0.05,1.0,76398,175.17309999999884,17.517309999999885,8.435450491346685,21.88149211380639,0.3916118540426339,29.440432388894532,7,0.15863453815261044,False,False,False,325,0,0.0,11.966900000000003,0.28934475160121415,0.28699982199204493,0.09899031458468105,0.10000000149011612
SSI,BAD,UCB_WITHOUT_COST_NETWORK,UCB-VAE without Cost Network,57,35,train,0.1,0.05,1.0,78645,1176.5832300000006,117.65832300000005,9.032580913725896,16.591833473023847,0.488182479029912,29.588241408385734,12,0.009345794392523364,False,False,False,2140,0,0.0,53.68676999999984,0.2492549422193874,0.2803981745003009,0.0982114414815938,0.10000000149011612
SSI,BAD,UCB_WITHOUT_COST_NETWORK,UCB-VAE without Cost Network,57,35,test,0.1,0.05,1.0,78645,169.7795599999988,16.97795599999988,8.185473724236747,21.914930775760226,0.3807459865115585,29.52940333588775,7,0.19076305220883535,False,False,False,320,0,0.0,11.53044,0.28887901061196053,0.2856081541941827,0.09898383820897996,0.10000000149011612
SSI,BAD,UCB_WITHOUT_COST_NETWORK,UCB-VAE without Cost Network,57,36,train,0.1,0.05,1.0,80892,1693.6244700000007,169.36244700000006,11.647236483630596,17.357236789507926,0.61160986290423,29.584717738882787,11,0.008900756564307966,False,False,False,2145,0,0.0,53.38552999999991,0.23948736843155313,0.27144204257168025,0.09833101787192443,0.10000000149011612
SSI,BAD,UCB_WITHOUT_COST_NETWORK,UCB-VAE without Cost Network,57,36,test,0.1,0.05,1.0,80892,170.30780999999843,17.03078099999984,8.209982093802392,21.927991189947317,0.3816931143097751,29.556072871616017,7,0.28313253012048195,False,False,False,320,0,0.0,11.472190000000003,0.2876326074225882,0.2842691488653781,0.0989844471218922,0.10000000149011612
SSI,BAD,UCB_WITHOUT_COST_NETWORK,UCB-VAE without Cost Network,57,37,train,0.1,0.05,1.0,83139,1256.595339999998,125.65953399999981,9.47111232962843,16.91754473272593,0.5059131130196766,29.47891594429099,11,0.012016021361815754,False,False,False,2136,0,0.0,53.48465999999989,0.2529684422527484,0.27366811209816266,0.09822012691792824,0.10000000149011612
SSI,BAD,UCB_WITHOUT_COST_NETWORK,UCB-VAE without Cost Network,57,37,test,0.1,0.05,1.0,83139,169.75813999999855,16.975813999999858,8.184479818457957,21.938869856801247,0.3805289041930054,29.568305066267055,7,0.28313253012048195,False,False,False,320,0,0.0,11.471860000000003,0.28792543236742085,0.28257409112161425,0.09898120196833363,0.10000000149011612
SSI,BAD,UCB_WITHOUT_COST_NETWORK,UCB-VAE without Cost Network,57,38,train,0.1,0.05,1.0,85386,1682.1333400000003,168.21333400000003,11.594178185790227,16.60584261897185,0.6289166969065151,30.088925638076198,11,0.01557632398753894,False,False,False,2099,0,0.0,52.40665999999994,0.22247814435451652,0.29327638904532166,0.09832950771727907,0.10000000149011612
SSI,BAD,UCB_WITHOUT_COST_NETWORK,UCB-VAE without Cost Network,57,38,test,0.1,0.05,1.0,85386,184.5894999999989,18.45894999999989,8.87051012937128,21.729475932873118,0.411302848254594,29.623670411430048,8,0.28313253012048195,False,False,False,321,0,0.0,11.220500000000003,0.2846503678709291,0.28154266308469467,0.09897691412519782,0.10000000149011612
SSI,BAD,UCB_WITHOUT_COST_NETWORK,UCB-VAE without Cost Network,57,39,train,0.1,0.05,1.0,87633,1714.272059999997,171.4272059999997,11.742069662438869,16.735393183784325,0.6333330981569898,30.088925638076198,11,0.017356475300400534,False,False,False,2105,0,0.0,52.88793999999983,0.23102995306306054,0.28665906075814274,0.09828937859749019,0.10000000149011612
SSI,BAD,UCB_WITHOUT_COST_NETWORK,UCB-VAE without Cost Network,57,39,test,0.1,0.05,1.0,87633,54.36901999999918,5.436901999999918,2.69180737512138,21.442956364378954,0.1390815710490539,29.472513522763595,6,0.07228915662650602,False,False,False,320,0,0.0,12.09098,0.2987606659026259,0.2767195142057526,0.0989619980750836,0.10000000149011612
SSI,BAD,UCB_WITHOUT_COST_NETWORK,UCB-VAE without Cost Network,57,40,train,0.1,0.05,1.0,89880,1599.6017299999994,159.96017299999994,11.20705333125005,16.37203251210399,0.6141162871265877,30.09270990857314,10,0.023141967067200713,False,False,False,2122,0,0.0,53.448269999999894,0.22662753927426527,0.2818884260730315,0.09827116690402751,0.10000000149011612
SSI,BAD,UCB_WITHOUT_COST_NETWORK,UCB-VAE without Cost Network,57,40,test,0.1,0.05,1.0,89880,25.866989999999305,2.5866989999999306,1.2895336144546965,21.586801433012436,0.07524417253563623,27.48010788926119,6,0.06827309236947791,False,False,False,320,0,0.0,12.283010000000006,0.3068154094235484,0.27439403985757904,0.0989462652261695,0.10000000149011612
SSI,BAD,UCB_WITHOUT_COST_NETWORK,UCB-VAE without Cost Network,57,41,train,0.1,0.05,1.0,92127,1585.6887599999955,158.56887599999953,11.140719448185553,16.46312892813491,0.6079958033012449,28.64580474765976,8,0.01602136181575434,False,False,False,2126,0,0.0,53.81123999999991,0.23544655891467528,0.27579308828752624,0.09822477456249311,0.10000000149011612
SSI,BAD,UCB_WITHOUT_COST_NETWORK,UCB-VAE without Cost Network,57,41,test,0.1,0.05,1.0,92127,77.36267999999905,7.736267999999905,3.809363981784908,21.78257394347389,0.19046577399392323,29.433519711876045,6,0.14457831325301204,False,False,False,317,0,0.0,12.007320000000005,0.3147875737470497,0.2726869242018964,0.09896685254861073,0.10000000149011612
SSI,BAD,UCB_WITHOUT_COST_NETWORK,UCB-VAE without Cost Network,57,42,train,0.1,0.05,1.0,94374,1536.7895699999972,153.6789569999997,10.905034477970311,16.462396954994457,0.5950016420232724,29.49883473866455,11,0.01557632398753894,False,False,False,2130,0,0.0,53.840429999999934,0.236220718706029,0.2726805244365638,0.09820298655145873,0.10000000149011612
SSI,BAD,UCB_WITHOUT_COST_NETWORK,UCB-VAE without Cost Network,57,42,test,0.1,0.05,1.0,94374,50.0506799999996,5.0050679999999605,2.4805739335778565,21.211792147867516,0.1283616085247766,26.29608856181139,6,0.04819277108433735,False,False,False,320,0,0.0,12.239320000000005,0.3174278728342483,0.26978095920090694,0.09895305242627457,0.10000000149011612
SSI,BAD,UCB_WITHOUT_COST_NETWORK,UCB-VAE without Cost Network,57,43,train,0.1,0.05,1.0,96621,1722.0570999999982,172.2057099999998,11.77765950855514,17.084790131046596,0.6257260668300209,29.90408687839765,12,0.015131286159323543,False,False,False,2122,0,0.0,54.40289999999984,0.24995964003432247,0.2760197968550879,0.09819759818920354,0.10000000149011612
SSI,BAD,UCB_WITHOUT_COST_NETWORK,UCB-VAE without Cost Network,57,43,test,0.1,0.05,1.0,96621,66.58259999999882,6.658259999999883,3.286917064149253,21.34603043208777,0.1659187933990322,26.529688445219694,6,0.020080321285140562,False,False,False,318,0,0.0,11.717399999999998,0.31949059404081154,0.26824268046392497,0.09895018072796807,0.10000000149011612
SSI,BAD,UCB_WITHOUT_COST_NETWORK,UCB-VAE without Cost Network,57,44,train,0.1,0.05,1.0,98868,1722.2512699999984,172.22512699999984,11.778546013158486,16.675305952135325,0.6369805147327503,27.04787055999104,10,0.010680907877169559,False,False,False,2108,0,0.0,54.21872999999994,0.24869075044362027,0.2750206401129802,0.09817226431944631,0.10000000149011612
SSI,BAD,UCB_WITHOUT_COST_NETWORK,UCB-VAE without Cost Network,57,44,test,0.1,0.05,1.0,98868,101.41864999999916,10.141864999999918,4.965903101827895,21.505041221951313,0.24207104663021117,28.67359955577052,6,0.020080321285140562,False,False,False,316,0,0.0,11.83135,0.31640434079243934,0.26810406076620863,0.09893483441702508,0.10000000149011612
SSI,BAD,UCB_WITHOUT_COST_NETWORK,UCB-VAE without Cost Network,57,45,train,0.1,0.05,1.0,101115,1965.1882399999986,196.51882399999985,12.846001947225849,17.362901658627322,0.6737271360959725,29.960491494060737,12,0.016466399643969738,False,False,False,2090,0,0.0,54.231759999999916,0.2652402809640598,0.2822942913712583,0.09818369161194282,0.10000000149011612
SSI,BAD,UCB_WITHOUT_COST_NETWORK,UCB-VAE without Cost Network,57,45,test,0.1,0.05,1.0,101115,-16.041640000000825,-1.6041640000000825,-0.8080790738998145,21.757664770006908,-0.02066727467169542,26.803619526882876,6,0.020080321285140562,False,False,False,312,0,0.0,11.66164,0.3310232374924541,0.2649278952833639,0.09893196755656364,0.10000000149011612
SSI,BAD,UCB_WITHOUT_COST_NETWORK,UCB-VAE without Cost Network,58,1,train,1.0,1.0,1.0,2247,2858.772699999999,285.8772699999999,16.199872830554884,21.02095419285014,0.7300890953469391,43.76905268185533,17,0.23052959501557632,False,False,False,1096,0,0.0,35.847299999999976,0.2987511385663279,0.2092414882165037,0.9671329241135207,1.0
SSI,BAD,UCB_WITHOUT_COST_NETWORK,UCB-VAE without Cost Network,58,1,test,1.0,1.0,1.0,2247,88.65949999999975,8.865949999999975,4.354066694379144,36.08429043553013,0.24433642826547894,42.439501101139264,17,0.014056224899598393,False,False,False,340,0,0.0,19.950499999999998,0.7506622039302487,0.37330739559179327,0.98335217917083,1.0
SSI,BAD,UCB_WITHOUT_COST_NETWORK,UCB-VAE without Cost Network,58,2,train,0.9045834549972122,0.8,1.0,4494,2921.435959999999,292.1435959999999,16.408183069742144,20.947145013004665,0.7405372622867745,41.59177484927273,16,0.24299065420560748,False,False,False,1093,0,0.0,35.884039999999956,0.2949182057792058,0.20566458672510554,0.8748292802013606,0.9045834541320801
SSI,BAD,UCB_WITHOUT_COST_NETWORK,UCB-VAE without Cost Network,58,2,test,0.9045834549972122,0.8,1.0,4494,88.87798999999973,8.887798999999973,4.364573870395705,36.082089624925906,0.24461064574009536,42.439501101139264,17,0.014056224899598393,False,False,False,340,0,0.0,20.00201,0.7505873269379439,0.3701987056787234,0.8894551328365365,0.9045834541320801
SSI,BAD,UCB_WITHOUT_COST_NETWORK,UCB-VAE without Cost Network,58,3,train,0.8182712270546932,0.6400000000000001,1.0,6741,2855.062399999999,285.5062399999999,16.187444694975483,20.89395114081518,0.7327029206174666,42.54506417264545,16,0.23186470850022253,False,False,False,1116,0,0.0,36.75759999999996,0.2929905418596516,0.2014427295010197,0.7910480390196166,0.8182712197303772
SSI,BAD,UCB_WITHOUT_COST_NETWORK,UCB-VAE without Cost Network,58,3,test,0.8182712270546932,0.6400000000000001,1.0,6741,103.37282999999957,10.337282999999957,5.059298909832699,36.054362814188984,0.2630389704887933,42.46292758183929,18,0.012048192771084338,False,False,False,343,0,0.0,19.77717,0.7528770398086756,0.3661188961092727,0.8045597999646047,0.8182712197303772
SSI,BAD,UCB_WITHOUT_COST_NETWORK,UCB-VAE without Cost Network,58,4,train,0.7401946136939427,0.5120000000000001,1.0,8988,2785.6964599999997,278.569646,15.953114936939095,20.828312302366705,0.7246052031988649,42.311878810844796,15,0.2087227414330218,False,False,False,1121,0,0.0,36.24353999999996,0.2887565080050482,0.19818955939055868,0.715444454146699,0.7401946187019348
SSI,BAD,UCB_WITHOUT_COST_NETWORK,UCB-VAE without Cost Network,58,4,test,0.7401946136939427,0.5120000000000001,1.0,8988,103.54643999999962,10.354643999999961,5.067592236484075,36.15073628910418,0.26352849026311026,42.44053021253894,17,0.012048192771084338,False,False,False,348,0,0.0,20.11356,0.7531948867899503,0.36210434255470714,0.7277359453353972,0.7401946187019348
SSI,BAD,UCB_WITHOUT_COST_NETWORK,UCB-VAE without Cost Network,58,5,train,0.6695678010255933,0.4096000000000001,1.0,11235,2720.655239999999,272.0655239999999,15.729901900567377,20.060391696780542,0.7348716370627231,32.280071443702745,15,0.2803738317757009,False,False,False,1041,0,0.0,33.52475999999999,0.2500236150855691,0.19961062992513048,0.6478149422589506,0.6695678234100342
SSI,BAD,UCB_WITHOUT_COST_NETWORK,UCB-VAE without Cost Network,58,5,test,0.6695678010255933,0.4096000000000001,1.0,11235,77.23497999999972,7.723497999999972,3.8031904004961925,35.81064170112998,0.22856397909693635,42.7093783429932,17,0.012048192771084338,False,False,False,352,0,0.0,20.255020000000002,0.7493527122905516,0.3592500442481903,0.6582411691171055,0.6695678234100342
SSI,BAD,UCB_WITHOUT_COST_NETWORK,UCB-VAE without Cost Network,58,6,train,0.6056799548066172,0.3276800000000001,1.0,13482,2825.973609999999,282.5973609999999,16.089637879432004,20.20436614044001,0.746542285894275,34.21745493203427,16,0.30440587449933243,False,False,False,1080,0,0.0,35.11638999999998,0.2570160144865493,0.19561523154649832,0.5855781108909003,0.6056799292564392
SSI,BAD,UCB_WITHOUT_COST_NETWORK,UCB-VAE without Cost Network,58,6,test,0.6056799548066172,0.3276800000000001,1.0,13482,101.80880999999977,10.180880999999976,4.984556548301566,36.017408800084496,0.2609897358144693,42.0197959988388,17,0.010040160642570281,False,False,False,352,0,0.0,20.48118999999999,0.7494930419541702,0.35602362929697495,0.5953884025523593,0.6056799292564392
SSI,BAD,UCB_WITHOUT_COST_NETWORK,UCB-VAE without Cost Network,58,7,train,0.547888066141525,0.2621440000000001,1.0,15729,2756.9891499999994,275.69891499999994,15.855018759290518,20.152773864764665,0.7378266266958474,34.44158350000859,15,0.2545616377392078,False,False,False,1096,0,0.0,35.58084999999999,0.25836131694182396,0.19294107774323127,0.5295692522782756,0.5478880405426025
SSI,BAD,UCB_WITHOUT_COST_NETWORK,UCB-VAE without Cost Network,58,7,test,0.547888066141525,0.2621440000000001,1.0,15729,95.20328000000018,9.520328000000019,4.668302687044501,35.73994604399336,0.2517009693747948,43.168210599429,16,0.012048192771084338,False,False,False,354,0,0.0,20.70671999999999,0.7475124298239357,0.3537051733358797,0.5385571157531871,0.5478880405426025
SSI,BAD,UCB_WITHOUT_COST_NETWORK,UCB-VAE without Cost Network,58,8,train,0.49561047982204176,0.20971520000000007,1.0,17976,2743.9695600000005,274.39695600000005,15.810309563748026,20.78677536445734,0.7196116928789272,42.754620810202866,15,0.20471740097908322,False,False,False,1251,0,0.0,39.23043999999998,0.28931917771382143,0.1870607075973198,0.4783836560843132,0.49561047554016113
SSI,BAD,UCB_WITHOUT_COST_NETWORK,UCB-VAE without Cost Network,58,8,test,0.49561047982204176,0.20971520000000007,1.0,17976,62.657199999999875,6.2657199999999875,3.096023032101325,35.54547155178713,0.20821881177253426,43.322857251589156,16,0.010040160642570281,False,False,False,356,0,0.0,21.28279999999999,0.7447450447015312,0.35134202858290997,0.48713656063060684,0.49561047554016113
SSI,BAD,UCB_WITHOUT_COST_NETWORK,UCB-VAE without Cost Network,58,9,train,0.4483210401702486,0.1677721600000001,1.0,20223,2756.9794,275.69794,15.854985329405835,20.53895039931263,0.7277249410770408,39.218827153104954,16,0.19359145527369825,False,False,False,1248,0,0.0,39.06059999999996,0.2757677484494867,0.186514133770677,0.4328732457574567,0.44832104444503784
SSI,BAD,UCB_WITHOUT_COST_NETWORK,UCB-VAE without Cost Network,58,9,test,0.4483210401702486,0.1677721600000001,1.0,20223,95.57247000000007,9.557247000000006,4.686003481159706,35.756657163423625,0.25223237777572527,43.31847779978574,16,0.010040160642570281,False,False,False,362,0,0.0,21.22752999999999,0.7468408782127273,0.3490130717615526,0.44062614747754586,0.44832104444503784
SSI,BAD,UCB_WITHOUT_COST_NETWORK,UCB-VAE without Cost Network,58,10,train,0.4055437954651474,0.13421772800000006,1.0,22470,2760.7177200000006,276.07177200000007,15.867797280459683,20.514054445019987,0.7289104133618787,38.932967100355675,16,0.2136181575433912,False,False,False,1264,0,0.0,38.642279999999936,0.2731706929993816,0.18518857524946206,0.39155404186679954,0.40554380416870117
SSI,BAD,UCB_WITHOUT_COST_NETWORK,UCB-VAE without Cost Network,58,10,test,0.4055437954651474,0.13421772800000006,1.0,22470,104.03003999999987,10.403003999999987,5.0906903172186935,35.89801595579079,0.2634626723275936,43.37192384854589,16,0.010040160642570281,False,False,False,366,0,0.0,21.509959999999985,0.749557441564307,0.3469621589684103,0.3985653895287672,0.40554380416870117
SSI,BAD,UCB_WITHOUT_COST_NETWORK,UCB-VAE without Cost Network,58,11,train,0.3668482076545458,0.10737418240000006,1.0,24717,2731.27843,273.127843,15.766595095952418,20.191755566510412,0.7329740275789273,35.935755800553196,15,0.2113929684023142,False,False,False,1242,0,0.0,38.05156999999994,0.25896403017836883,0.18494742876975653,0.35427130221182335,0.3668482005596161
SSI,BAD,UCB_WITHOUT_COST_NETWORK,UCB-VAE without Cost Network,58,11,test,0.3668482076545458,0.10737418240000006,1.0,24717,80.53953999999999,8.053954,3.9628302105173763,35.64573125429716,0.23230506149793193,43.3800361952327,16,0.010040160642570281,False,False,False,371,0,0.0,21.390459999999994,0.7464834286257751,0.345189562044948,0.3605045338493492,0.3668482005596161
SSI,BAD,UCB_WITHOUT_COST_NETWORK,UCB-VAE without Cost Network,58,12,train,0.3318448191396838,0.08589934592000005,1.0,26964,2616.5984699999985,261.65984699999984,15.365473957736086,19.909903761935144,0.7229453113432929,32.169790416645895,15,0.2109479305740988,False,False,False,1233,0,0.0,37.05152999999997,0.2508853204409834,0.18432367520434198,0.32043756372590915,0.3318448066711426
SSI,BAD,UCB_WITHOUT_COST_NETWORK,UCB-VAE without Cost Network,58,12,test,0.3318448191396838,0.08589934592000005,1.0,26964,86.92300999999975,8.692300999999974,4.270521565219787,35.75526996548838,0.24100376205428958,43.3722506138306,16,0.010040160642570281,False,False,False,380,0,0.0,21.73698999999999,0.746339126317061,0.3432967229241348,0.3260700609963408,0.3318448066711426
SSI,BAD,UCB_WITHOUT_COST_NETWORK,UCB-VAE without Cost Network,58,13,train,0.3001813330203001,0.06871947673600004,1.0,29211,2582.9971799999985,258.29971799999987,15.245803665425495,19.927655508779146,0.7172302936767502,32.72999532935718,15,0.20694259012016022,False,False,False,1275,0,0.0,38.10281999999995,0.25303290857909105,0.18248506949764387,0.28967056172179206,0.3001813292503357
SSI,BAD,UCB_WITHOUT_COST_NETWORK,UCB-VAE without Cost Network,58,13,test,0.3001813330203001,0.06871947673600004,1.0,29211,88.0976999999998,8.80976999999998,4.327044927730506,35.72844867477751,0.24241577853542767,43.3722506138306,16,0.010040160642570281,False,False,False,382,0,0.0,21.732299999999984,0.7460559080207263,0.3415519562231968,0.29492697418932934,0.3001813292503357
SSI,BAD,UCB_WITHOUT_COST_NETWORK,UCB-VAE without Cost Network,58,14,train,0.27153906734917177,0.054975581388800036,1.0,31458,2547.590549999998,254.7590549999998,15.118619498479035,19.945513452454794,0.7111945086111251,33.26175002097315,16,0.20249221183800623,False,False,False,1284,0,0.0,38.17944999999992,0.2523784126473563,0.1812197752180872,0.2619661569002112,0.2715390622615814
SSI,BAD,UCB_WITHOUT_COST_NETWORK,UCB-VAE without Cost Network,58,14,test,0.27153906734917177,0.054975581388800036,1.0,31458,107.44023999999968,10.744023999999968,5.253428033974239,35.93184400146702,0.2679171382344738,43.02610057636217,18,0.012048192771084338,False,False,False,383,0,0.0,21.71975999999999,0.7468045729996529,0.3398634239313114,0.26676300565728134,0.2715390622615814
SSI,BAD,UCB_WITHOUT_COST_NETWORK,UCB-VAE without Cost Network,58,15,train,0.24562974770943447,0.05,1.0,33705,2568.325889999999,256.8325889999999,15.19323905884493,19.915484885823158,0.7152362247261937,33.14679249330233,15,0.21762349799732977,False,False,False,1325,0,0.0,38.804109999999945,0.2535534240057189,0.17959116714951406,0.236865618858599,0.24562974274158478
SSI,BAD,UCB_WITHOUT_COST_NETWORK,UCB-VAE without Cost Network,58,15,test,0.24562974770943447,0.05,1.0,33705,113.99497999999994,11.399497999999994,5.565526230930895,36.0642111679936,0.27645195632725683,42.752978595080634,17,0.012048192771084338,False,False,False,385,0,0.0,21.145020000000002,0.745855752845711,0.3381313625049878,0.24128043337399702,0.24562974274158478
SSI,BAD,UCB_WITHOUT_COST_NETWORK,UCB-VAE without Cost Network,58,16,train,0.2221926058330938,0.05,1.0,35952,2649.110800000001,264.9110800000001,15.480328922998133,20.056684824893065,0.7241099334316584,35.96952421620661,16,0.19537160658655986,False,False,False,1370,0,0.0,39.809199999999926,0.25820122224425857,0.17792220417995372,0.21425741966760298,0.22219260036945343
SSI,BAD,UCB_WITHOUT_COST_NETWORK,UCB-VAE without Cost Network,58,16,test,0.2221926058330938,0.05,1.0,35952,78.46654999999987,7.846654999999987,3.86271473537787,35.77293388440641,0.23007450629430734,43.39881822545332,18,0.012048192771084338,False,False,False,386,0,0.0,21.55345,0.7469099658467614,0.3367873063707447,0.2182531933163848,0.22219260036945343
SSI,BAD,UCB_WITHOUT_COST_NETWORK,UCB-VAE without Cost Network,58,17,train,0.20099175505933367,0.05,1.0,38199,2618.48102,261.84810200000004,15.372149345342612,19.96185755190473,0.7218653972411658,35.628422244046895,15,0.1833555852247441,False,False,False,1415,0,0.0,40.41897999999994,0.2512764032810003,0.177221583206626,0.19387296171217677,0.20099174976348877
SSI,BAD,UCB_WITHOUT_COST_NETWORK,UCB-VAE without Cost Network,58,17,test,0.20099175505933367,0.05,1.0,38199,104.44474000000014,10.444474000000014,5.110493527449855,35.93780680465029,0.2641424215822177,43.10157339477051,17,0.012048192771084338,False,False,False,390,0,0.0,21.67526,0.7467568314900577,0.3348710642282264,0.19740270960065473,0.20099174976348877
SSI,BAD,UCB_WITHOUT_COST_NETWORK,UCB-VAE without Cost Network,58,18,train,0.18181381621752543,0.05,1.0,40446,2605.79524,260.579524,15.327106655699652,21.141871502360214,0.6911374142546838,34.58723289466937,15,0.13885180240320427,False,False,False,1610,0,0.0,45.224759999999996,0.34767839969914693,0.1697754644364795,0.17490493537512306,0.1818138211965561
SSI,BAD,UCB_WITHOUT_COST_NETWORK,UCB-VAE without Cost Network,58,18,test,0.18181381621752543,0.05,1.0,40446,54.20990000000006,5.420990000000006,2.684031610491222,35.599020880114374,0.19711388288206888,44.417850709309775,18,0.010040160642570281,False,False,False,393,0,0.0,22.110099999999992,0.7452719969320962,0.33370957065777607,0.17855437721495387,0.1818138211965561
SSI,BAD,UCB_WITHOUT_COST_NETWORK,UCB-VAE without Cost Network,58,19,train,0.16446577004027732,0.05,1.0,42693,2585.248599999999,258.5248599999999,15.25385316311354,21.117510296766987,0.6886640355324996,34.839842674516944,15,0.15398308856252782,False,False,False,1623,0,0.0,45.51139999999997,0.34486309858779096,0.1687467224501375,0.15816084107566228,0.1644657701253891
SSI,BAD,UCB_WITHOUT_COST_NETWORK,UCB-VAE without Cost Network,58,19,test,0.16446577004027732,0.05,1.0,42693,104.08186999999998,10.408186999999998,5.093165562999991,35.78335496464961,0.2632092851243462,42.67328771503996,18,0.008032128514056224,False,False,False,403,0,0.0,22.348129999999994,0.7461233670526077,0.3312020487634532,0.16148449756088115,0.1644657701253891
SSI,BAD,UCB_WITHOUT_COST_NETWORK,UCB-VAE without Cost Network,58,20,train,0.14877301449181102,0.05,1.0,44940,2550.8737699999997,255.08737699999995,15.130460498061126,21.330648709350637,0.6788842716243132,34.2501578987625,15,0.1330663106364041,False,False,False,1640,0,0.0,45.636230000000005,0.35093555597889464,0.16766317432450356,0.14302019109012684,0.14877301454544067
SSI,BAD,UCB_WITHOUT_COST_NETWORK,UCB-VAE without Cost Network,58,20,test,0.14877301449181102,0.05,1.0,44940,80.27467999999999,8.027467999999999,3.950044078778392,35.5385975660765,0.23153337883774344,43.0144306722618,18,0.010040160642570281,False,False,False,406,0,0.0,22.35531999999999,0.7432994419769607,0.3299452205259637,0.14605899343376572,0.14877301454544067
SSI,BAD,UCB_WITHOUT_COST_NETWORK,UCB-VAE without Cost Network,58,21,train,0.13457760745935274,0.05,1.0,47187,2515.29357,251.52935699999998,15.001617713577664,21.437499294394502,0.6713129013089136,34.682368679444956,15,0.12416555407209613,False,False,False,1666,0,0.0,46.33642999999999,0.35312540060684783,0.1662398407432202,0.12930587622417564,0.13457760214805603
SSI,BAD,UCB_WITHOUT_COST_NETWORK,UCB-VAE without Cost Network,58,21,test,0.13457760745935274,0.05,1.0,47187,75.75096000000008,7.575096000000007,3.731419566948224,35.8137469926242,0.22658397413520595,43.0144306722618,18,0.010040160642570281,False,False,False,405,0,0.0,22.35903999999999,0.7467275319868221,0.32819058210495483,0.1321155049053693,0.13457760214805603
SSI,BAD,UCB_WITHOUT_COST_NETWORK,UCB-VAE without Cost Network,58,22,train,0.12173667712083987,0.05,1.0,49434,2585.132239999999,258.5132239999999,15.253437251539559,21.536873386013717,0.6794305545187481,34.870452495474886,16,0.12016021361815754,False,False,False,1681,0,0.0,46.72775999999996,0.35495565488257236,0.1651126960177235,0.11694185038088122,0.12173667550086975
SSI,BAD,UCB_WITHOUT_COST_NETWORK,UCB-VAE without Cost Network,58,22,test,0.12173667712083987,0.05,1.0,49434,52.9986100000001,5.29986100000001,2.624819958889546,35.71506324635795,0.19604541085251725,44.49517254103642,18,0.010040160642570281,False,False,False,405,0,0.0,22.431389999999983,0.7444616184696696,0.32695443910288524,0.11951244257148402,0.12173667550086975
SSI,BAD,UCB_WITHOUT_COST_NETWORK,UCB-VAE without Cost Network,58,23,train,0.11012098398984942,0.05,1.0,51681,2530.91392,253.091392,15.058324089414477,21.550768184987373,0.671199176537894,34.97089304258361,16,0.11125945705384958,False,False,False,1695,0,0.0,46.50607999999994,0.3552614828429017,0.16382582085459935,0.1057141960072938,0.1101209819316864
SSI,BAD,UCB_WITHOUT_COST_NETWORK,UCB-VAE without Cost Network,58,23,test,0.11012098398984942,0.05,1.0,51681,78.90670000000023,7.890670000000023,3.8839798823740335,35.71935992829593,0.23048146940703462,43.17104389354384,17,0.010040160642570281,False,False,False,409,0,0.0,23.003299999999996,0.7468151340001536,0.32484659582496167,0.10809601103195356,0.1101209819316864
SSI,BAD,UCB_WITHOUT_COST_NETWORK,UCB-VAE without Cost Network,58,24,train,0.1,0.05,1.0,53928,2481.0496399999997,248.10496399999997,14.876514510167516,21.480641920130903,0.665278333746641,34.339201640114595,16,0.11392968402314196,False,False,False,1701,0,0.0,46.99035999999998,0.35328987874318685,0.1632242900367891,0.09598424574847446,0.10000000149011612
SSI,BAD,UCB_WITHOUT_COST_NETWORK,UCB-VAE without Cost Network,58,24,test,0.1,0.05,1.0,53928,49.00817000000029,4.900817000000028,2.4295142843394846,35.819538922948865,0.19116531369602072,43.4348879324584,17,0.008032128514056224,False,False,False,410,0,0.0,22.601829999999993,0.7480688881251548,0.3234534786946802,0.09815598039725655,0.10000000149011612
SSI,BAD,UCB_WITHOUT_COST_NETWORK,UCB-VAE without Cost Network,58,25,train,0.1,0.05,1.0,56175,2482.0783100000003,248.20783100000003,14.880288449652813,21.457346851363138,0.6659365139349925,35.05797711651811,15,0.10057854917668002,False,False,False,1726,0,0.0,47.37168999999995,0.3535522791305986,0.16190096264780496,0.09593320482099221,0.10000000149011612
SSI,BAD,UCB_WITHOUT_COST_NETWORK,UCB-VAE without Cost Network,58,25,test,0.1,0.05,1.0,56175,30.318890000000238,3.0318890000000236,1.5098308111281211,35.7917344261858,0.16559797723299324,45.21008218346154,16,0.006024096385542169,False,False,False,414,0,0.0,22.70110999999998,0.7482594972712228,0.32225303160378255,0.09815020907116702,0.10000000149011612
SSI,BAD,UCB_WITHOUT_COST_NETWORK,UCB-VAE without Cost Network,58,26,train,0.1,0.05,1.0,58422,2500.3986199999995,250.03986199999994,14.9473357616688,21.357391879402503,0.6707985582511728,34.646537048565115,16,0.08411214953271028,False,False,False,1720,0,0.0,46.78137999999996,0.35020966533340325,0.16113116223784515,0.09592796350197533,0.10000000149011612
SSI,BAD,UCB_WITHOUT_COST_NETWORK,UCB-VAE without Cost Network,58,26,test,0.1,0.05,1.0,58422,18.361989999999878,1.8361989999999877,0.9170760416993273,35.9296686058739,0.1498988387347523,45.60574612768194,16,0.006024096385542169,False,False,False,417,0,0.0,22.908009999999994,0.7469567543234172,0.3209040340440101,0.09813854214471811,0.10000000149011612
SSI,BAD,UCB_WITHOUT_COST_NETWORK,UCB-VAE without Cost Network,58,27,train,0.1,0.05,1.0,60669,2461.1724400000003,246.11724400000003,14.803394585477502,21.50250670544663,0.6618675023700621,34.268804494093594,15,0.06853582554517133,False,False,False,1752,0,0.0,47.54755999999999,0.36169672766756433,0.15973565698293352,0.09587873376671703,0.10000000149011612
SSI,BAD,UCB_WITHOUT_COST_NETWORK,UCB-VAE without Cost Network,58,27,test,0.1,0.05,1.0,60669,26.722550000000183,2.672255000000018,1.3319069471759981,36.102511738978826,0.16232425542073717,44.925475597905724,17,0.006024096385542169,False,False,False,414,0,0.0,22.917449999999974,0.7503580278621345,0.31955488717340563,0.09814318954977252,0.10000000149011612
SSI,BAD,UCB_WITHOUT_COST_NETWORK,UCB-VAE without Cost Network,58,28,train,0.1,0.05,1.0,62916,2533.9274700000005,253.39274700000004,15.069238480207314,21.421056173877837,0.6744366099652115,34.7365950860483,15,0.09123275478415666,False,False,False,1730,0,0.0,47.48252999999994,0.35021097943557367,0.15916472859431968,0.09586142267714273,0.10000000149011612
SSI,BAD,UCB_WITHOUT_COST_NETWORK,UCB-VAE without Cost Network,58,28,test,0.1,0.05,1.0,62916,30.59589000000028,3.0595890000000283,1.5235221515611963,35.98086993732167,0.1669639813875063,44.793840992425984,17,0.004016064257028112,False,False,False,418,0,0.0,22.584109999999978,0.7481684079037624,0.318006220950659,0.09813205652991626,0.10000000149011612
SSI,BAD,UCB_WITHOUT_COST_NETWORK,UCB-VAE without Cost Network,58,29,train,0.1,0.05,1.0,65163,2500.0870500000005,250.00870500000008,14.946198110622566,21.597050038672755,0.66571872181226,34.083639843849,15,0.08055184690698709,False,False,False,1757,0,0.0,48.02294999999992,0.358094561955082,0.15815975893376719,0.09582634398753422,0.10000000149011612
SSI,BAD,UCB_WITHOUT_COST_NETWORK,UCB-VAE without Cost Network,58,29,test,0.1,0.05,1.0,65163,29.219870000000583,2.9219870000000583,1.4554912227362937,35.73524636054549,0.16369419237834223,45.55338996069446,16,0.006024096385542169,False,False,False,419,0,0.0,22.90012999999999,0.7487020750473633,0.3164898430606926,0.09812080899716599,0.10000000149011612
SSI,BAD,UCB_WITHOUT_COST_NETWORK,UCB-VAE without Cost Network,58,30,train,0.1,0.05,1.0,67410,2533.83277,253.38327700000002,15.068895624321899,21.618662983000565,0.6702332899543911,34.338750309502295,16,0.06586559857587895,False,False,False,1787,0,0.0,48.27722999999993,0.359902309506943,0.15708304125969813,0.09578608775391337,0.10000000149011612
SSI,BAD,UCB_WITHOUT_COST_NETWORK,UCB-VAE without Cost Network,58,30,test,0.1,0.05,1.0,67410,26.777190000000473,2.6777190000000473,1.3346125054528368,35.749410558848574,0.16041337380631454,45.55338996069446,16,0.004016064257028112,False,False,False,420,0,0.0,23.142809999999983,0.7486900473678915,0.31510492316989536,0.0981127339278903,0.10000000149011612
SSI,BAD,UCB_WITHOUT_COST_NETWORK,UCB-VAE without Cost Network,58,31,train,0.1,0.05,1.0,69657,2542.727900000001,254.2727900000001,15.101064344573212,21.503852495024184,0.6739813849972501,33.76534434179868,16,0.06275033377837116,False,False,False,1788,0,0.0,48.17209999999994,0.3556736972847365,0.15613573153627996,0.09575445795997753,0.10000000149011612
SSI,BAD,UCB_WITHOUT_COST_NETWORK,UCB-VAE without Cost Network,58,31,test,0.1,0.05,1.0,69657,33.51293000000055,3.351293000000055,1.667592155648645,35.94086425699164,0.17065293017594038,45.58430514458063,16,0.004016064257028112,False,False,False,424,0,0.0,23.167069999999985,0.7487466224413518,0.3135116956828828,0.09810418667296895,0.10000000149011612
SSI,BAD,UCB_WITHOUT_COST_NETWORK,UCB-VAE without Cost Network,58,32,train,0.1,0.05,1.0,71904,2461.62053,246.16205300000001,14.805047028943562,21.466442563821293,0.6627087272540427,34.27254101272919,15,0.06408544726301736,False,False,False,1793,0,0.0,48.329469999999965,0.35488184433518993,0.15517181842113315,0.09571926556046825,0.10000000149011612
SSI,BAD,UCB_WITHOUT_COST_NETWORK,UCB-VAE without Cost Network,58,32,test,0.1,0.05,1.0,71904,24.31527000000051,2.431527000000051,1.212636600500283,35.742281677055345,0.15698826992552095,45.58430514458063,16,0.004016064257028112,False,False,False,424,0,0.0,23.004729999999984,0.7482693766573715,0.31211058443868495,0.09809808431831796,0.10000000149011612
SSI,BAD,UCB_WITHOUT_COST_NETWORK,UCB-VAE without Cost Network,58,33,train,0.1,0.05,1.0,74151,2456.6808200000005,245.66808200000003,14.786820104158815,21.484790724023235,0.6615756537354285,33.745765732886916,16,0.05562972852692479,False,False,False,1804,0,0.0,48.67917999999995,0.35224599946651297,0.15456497759077886,0.09568884609205397,0.10000000149011612
SSI,BAD,UCB_WITHOUT_COST_NETWORK,UCB-VAE without Cost Network,58,33,test,0.1,0.05,1.0,74151,21.92442000000051,2.192442000000051,1.0940419666443102,35.892820356878005,0.15458086615787356,45.58430514458063,16,0.006024096385542169,False,False,False,422,0,0.0,23.09557999999999,0.7495646573978819,0.3107406442842809,0.09809322069001572,0.10000000149011612
SSI,BAD,UCB_WITHOUT_COST_NETWORK,UCB-VAE without Cost Network,58,34,train,0.1,0.05,1.0,76398,2388.42428,238.842428,14.532562482386435,21.422552146596725,0.6524482360327858,34.113739341190474,16,0.05874499332443257,False,False,False,1803,0,0.0,48.67571999999989,0.34750888530574753,0.1539398665076953,0.09565744726702094,0.10000000149011612
SSI,BAD,UCB_WITHOUT_COST_NETWORK,UCB-VAE without Cost Network,58,34,test,0.1,0.05,1.0,76398,54.70881999999983,5.470881999999984,2.708410525981808,36.11975613712739,0.20000476758287142,44.75806318245877,16,0.004016064257028112,False,False,False,427,0,0.0,23.111179999999987,0.7516897022507902,0.3092914107274339,0.09808695915434952,0.10000000149011612
SSI,BAD,UCB_WITHOUT_COST_NETWORK,UCB-VAE without Cost Network,58,35,train,0.1,0.05,1.0,78645,2350.13677,235.01367700000003,14.387940565360058,21.2920476705374,0.6491780532145771,34.278185497000315,15,0.07165109034267912,False,False,False,1810,0,0.0,48.67322999999991,0.3459673317819582,0.1529736441137741,0.09561559253284044,0.10000000149011612
SSI,BAD,UCB_WITHOUT_COST_NETWORK,UCB-VAE without Cost Network,58,35,test,0.1,0.05,1.0,78645,54.87494999999967,5.487494999999967,2.716526923303242,36.26445207899939,0.2008548161476613,44.814724083577815,18,0.004016064257028112,False,False,False,424,0,0.0,22.75504999999999,0.7536468889848786,0.30778819048799666,0.09808468534949488,0.10000000149011612
SSI,BAD,UCB_WITHOUT_COST_NETWORK,UCB-VAE without Cost Network,58,36,train,0.1,0.05,1.0,80892,2352.1150499999994,235.21150499999993,14.395448947572763,21.210544540277304,0.651126782686233,33.365673136548935,16,0.07654650645304852,False,False,False,1774,0,0.0,48.21494999999994,0.33825567257925265,0.15273183006934182,0.0956313040538692,0.10000000149011612
SSI,BAD,UCB_WITHOUT_COST_NETWORK,UCB-VAE without Cost Network,58,36,test,0.1,0.05,1.0,80892,67.0599699999998,6.705996999999979,3.31010789823738,36.45961088072931,0.21766225264889957,44.84183165490876,18,0.006024096385542169,False,False,False,421,0,0.0,22.530029999999982,0.7536923253235857,0.30619189529174784,0.09807881308830363,0.10000000149011612
SSI,BAD,UCB_WITHOUT_COST_NETWORK,UCB-VAE without Cost Network,58,37,train,0.1,0.05,1.0,83139,2310.9754300000004,231.09754300000006,14.238490185336982,21.319360315819733,0.6423850310651213,34.4153976879228,17,0.07298620382732532,False,False,False,1841,0,0.0,49.114569999999894,0.346992585159265,0.1513546289711143,0.09554233343655871,0.10000000149011612
SSI,BAD,UCB_WITHOUT_COST_NETWORK,UCB-VAE without Cost Network,58,37,test,0.1,0.05,1.0,83139,26.249759999999696,2.6249759999999696,1.3084932457466003,36.34084925372286,0.16302386132022334,44.84183165490876,18,0.004016064257028112,False,False,False,423,0,0.0,22.52023999999998,0.7536040567256345,0.3048653821180384,0.09807531648649051,0.10000000149011612
SSI,BAD,UCB_WITHOUT_COST_NETWORK,UCB-VAE without Cost Network,58,38,train,0.1,0.05,1.0,85386,2362.84426,236.28442599999997,14.436102217217694,21.218921034692038,0.6526315077994495,33.46213561717285,18,0.06631063640409435,False,False,False,1823,0,0.0,48.195739999999915,0.33757434107626355,0.15089364403889452,0.09554304976088476,0.10000000149011612
SSI,BAD,UCB_WITHOUT_COST_NETWORK,UCB-VAE without Cost Network,58,38,test,0.1,0.05,1.0,85386,83.39536999999996,8.339536999999995,4.100596492847042,36.24736042699032,0.23813336472339552,43.43441272806574,18,0.004016064257028112,False,False,False,431,0,0.0,23.24462999999999,0.7481717855832495,0.3030654695259041,0.09805862830530862,0.10000000149011612
SSI,BAD,UCB_WITHOUT_COST_NETWORK,UCB-VAE without Cost Network,58,39,train,0.1,0.05,1.0,87633,2237.7392500000005,223.77392500000008,13.954734159986316,21.10875161159533,0.634806396539941,33.42268028917649,17,0.06764574988874054,False,False,False,1829,0,0.0,48.35074999999993,0.33402252187657455,0.15021485846919064,0.09550126163429797,0.10000000149011612
SSI,BAD,UCB_WITHOUT_COST_NETWORK,UCB-VAE without Cost Network,58,39,test,0.1,0.05,1.0,87633,41.39817999999991,4.139817999999991,2.0560266257870774,36.063183422031244,0.1820097254287763,45.3038598352266,17,0.002008032128514056,False,False,False,432,0,0.0,22.81181999999998,0.7474673482428408,0.3022303900804864,0.09805499454780015,0.10000000149011612
SSI,BAD,UCB_WITHOUT_COST_NETWORK,UCB-VAE without Cost Network,58,40,train,0.1,0.05,1.0,89880,2359.6503300000004,235.96503300000003,14.424012394671681,21.09698181095472,0.6546680883228185,33.41304783714754,17,0.06186025812194036,False,False,False,1844,0,0.0,48.81966999999994,0.33099733502434603,0.14919796230583973,0.09548792426698623,0.10000000149011612
SSI,BAD,UCB_WITHOUT_COST_NETWORK,UCB-VAE without Cost Network,58,40,test,0.1,0.05,1.0,89880,46.427470000000085,4.642747000000008,2.303008890230318,36.41931094678325,0.19044964791440228,45.24555116038536,18,0.002008032128514056,False,False,False,433,0,0.0,23.092530000000004,0.7518899885229571,0.3004190862089036,0.09805613367601701,0.10000000149011612
SSI,BAD,UCB_WITHOUT_COST_NETWORK,UCB-VAE without Cost Network,58,41,train,0.1,0.05,1.0,92127,2281.7089300000002,228.170893,14.12577191579858,20.96125332279049,0.6450037539379246,33.06373821900234,16,0.06052514463729417,False,False,False,1845,0,0.0,48.38106999999992,0.3291153899154353,0.1485494809597399,0.09546009636684429,0.10000000149011612
SSI,BAD,UCB_WITHOUT_COST_NETWORK,UCB-VAE without Cost Network,58,41,test,0.1,0.05,1.0,92127,60.07030000000009,6.007030000000009,2.970028745785158,36.30027158883713,0.20787398251275568,45.15746998391876,18,0.002008032128514056,False,False,False,445,0,0.0,23.34969999999998,0.7501098904738435,0.2987827579060712,0.0980448658996666,0.10000000149011612
SSI,BAD,UCB_WITHOUT_COST_NETWORK,UCB-VAE without Cost Network,58,42,train,0.1,0.05,1.0,94374,2244.1656300000004,224.41656300000002,13.979860485684714,20.955621231694323,0.6389581763418112,33.98766913340894,17,0.06052514463729417,False,False,False,1861,0,0.0,48.74436999999992,0.3304239218691736,0.14745755693748838,0.09541712440789968,0.10000000149011612
SSI,BAD,UCB_WITHOUT_COST_NETWORK,UCB-VAE without Cost Network,58,42,test,0.1,0.05,1.0,94374,50.32891000000018,5.032891000000018,2.4941967035251533,36.45734024138729,0.1957737143763498,45.31886015501823,18,0.002008032128514056,False,False,False,439,0,0.0,23.001089999999984,0.7543377369018017,0.297152326333834,0.09804581067762526,0.10000000149011612
SSI,BAD,UCB_WITHOUT_COST_NETWORK,UCB-VAE without Cost Network,58,43,train,0.1,0.05,1.0,96621,2322.3659199999997,232.23659199999997,14.282120737507231,21.052434487065817,0.6496713115952705,34.26038644828063,17,0.05518469069870939,False,False,False,1874,0,0.0,49.354079999999925,0.331197091639128,0.14648159718846393,0.095393185035011,0.10000000149011612
SSI,BAD,UCB_WITHOUT_COST_NETWORK,UCB-VAE without Cost Network,58,43,test,0.1,0.05,1.0,96621,58.17972000000009,5.817972000000009,2.8778516180908653,36.46298260949642,0.2060983593237029,44.97209544016974,18,0.002008032128514056,False,False,False,437,0,0.0,22.48027999999997,0.7561457318400844,0.2954689774318153,0.0980393514404357,0.10000000149011612
SSI,BAD,UCB_WITHOUT_COST_NETWORK,UCB-VAE without Cost Network,58,44,train,0.1,0.05,1.0,98868,2300.860990000001,230.08609900000013,14.19963548932557,20.96189035666093,0.6480998350511832,34.22301160108491,17,0.05028927458834001,False,False,False,1882,0,0.0,49.50900999999996,0.32942347008225586,0.14565206448906892,0.09536263806481729,0.10000000149011612
SSI,BAD,UCB_WITHOUT_COST_NETWORK,UCB-VAE without Cost Network,58,44,test,0.1,0.05,1.0,98868,36.32224000000019,3.6322240000000194,1.8061500645594641,36.1921503053168,0.1757658201775248,46.48450166201987,17,0.004016064257028112,False,False,False,438,0,0.0,22.48775999999998,0.7548570308938447,0.29457811155472413,0.09803240022691073,0.10000000149011612
SSI,BAD,UCB_WITHOUT_COST_NETWORK,UCB-VAE without Cost Network,58,45,train,0.1,0.05,1.0,101115,2221.3416700000007,222.13416700000005,13.890420296114625,20.773529981044085,0.6389065160262276,33.47475247565888,16,0.06631063640409435,False,False,False,1859,0,0.0,48.468329999999945,0.318493216129956,0.14596223686442517,0.09539241263765817,0.10000000149011612
SSI,BAD,UCB_WITHOUT_COST_NETWORK,UCB-VAE without Cost Network,58,45,test,0.1,0.05,1.0,101115,61.426830000000336,6.142683000000034,3.036117264992444,36.295575663407284,0.2096622984303188,45.16521173095338,18,0.004016064257028112,False,False,False,441,0,0.0,22.823169999999976,0.7582029599281195,0.2923897345621423,0.09801419783831078,0.10000000149011612
SSI,BAD,UCB_WITHOUT_COST_NETWORK,UCB-VAE without Cost Network,59,1,train,1.0,1.0,1.0,2247,343.11415999999986,34.31141599999998,3.334304221363915,8.77166445563644,0.19271868306988763,12.306427887472235,2,0.8829550511793502,False,False,False,130,0,0.0,9.56584,0.04893000730768212,0.3029136122546304,0.9789120315150178,1.0
SSI,BAD,UCB_WITHOUT_COST_NETWORK,UCB-VAE without Cost Network,59,1,test,1.0,1.0,1.0,2247,-172.6162100000006,-17.261621000000062,-9.068950374074959,31.632518814389055,-0.2080358382355795,49.24419702668709,12,0.014056224899598393,False,False,False,398,0,0.0,17.636209999999984,0.531961830294185,0.2975851793784693,0.9821995102432184,1.0
SSI,BAD,UCB_WITHOUT_COST_NETWORK,UCB-VAE without Cost Network,59,2,train,0.9045834549972122,0.8,1.0,4494,285.8132199999998,28.581321999999975,2.8345815305255595,8.673512304431672,0.13757232459703317,12.33059258698573,2,0.890520694259012,False,False,False,147,0,0.0,10.286779999999998,0.048137270132861905,0.295565481902389,0.8855416539171904,0.9045834541320801
SSI,BAD,UCB_WITHOUT_COST_NETWORK,UCB-VAE without Cost Network,59,2,test,0.9045834549972122,0.8,1.0,4494,-90.42352000000119,-9.042352000000118,-4.64379986572877,32.250281310973925,-0.04941859752398226,48.33437999119236,14,0.012048192771084338,False,False,False,391,0,0.0,17.513519999999986,0.5560934593829683,0.29102937135112333,0.8887301118063117,0.9045834541320801
SSI,BAD,UCB_WITHOUT_COST_NETWORK,UCB-VAE without Cost Network,59,3,train,0.8182712270546932,0.6400000000000001,1.0,6741,292.74347999999964,29.27434799999996,2.8960606597809635,8.553894560978243,0.14536093315732718,11.907658058761795,2,0.8887405429461505,False,False,False,160,0,0.0,10.316519999999999,0.04870707716126787,0.28923769105552405,0.801157165840663,0.8182712197303772
SSI,BAD,UCB_WITHOUT_COST_NETWORK,UCB-VAE without Cost Network,59,3,test,0.8182712270546932,0.6400000000000001,1.0,6741,-80.4007100000008,-8.040071000000081,-4.1180602951585215,30.543539605637797,-0.05162456362551924,45.07887320818838,9,0.014056224899598393,False,False,False,396,0,0.0,17.780709999999992,0.5189317116612503,0.285568953158865,0.8039728718306209,0.8182712197303772
SSI,BAD,UCB_WITHOUT_COST_NETWORK,UCB-VAE without Cost Network,59,4,train,0.7401946136939427,0.5120000000000001,1.0,8988,336.0505699999999,33.60505699999999,3.2737381877641303,8.637558624577494,0.18750037271741304,11.806051759010035,2,0.6141522029372497,False,False,False,170,0,0.0,10.359429999999996,0.05140496196539806,0.2822695986848966,0.7247163304239096,0.7401946187019348
SSI,BAD,UCB_WITHOUT_COST_NETWORK,UCB-VAE without Cost Network,59,4,test,0.7401946136939427,0.5120000000000001,1.0,8988,-14.530520000001161,-1.4530520000001161,-0.7316794351073574,29.449511214145556,0.05413062638235258,41.56096469081965,9,0.030120481927710843,False,False,False,394,0,0.0,17.650519999999993,0.49930321722351373,0.2809951760203963,0.7274896263009921,0.7401946187019348
SSI,BAD,UCB_WITHOUT_COST_NETWORK,UCB-VAE without Cost Network,59,5,train,0.6695678010255933,0.4096000000000001,1.0,11235,314.42278999999985,31.442278999999985,3.0865066926484053,8.729883643121763,0.1654641047613831,11.85460280393677,2,0.6141522029372497,False,False,False,180,0,0.0,10.667209999999997,0.05167021087700763,0.27673030022281403,0.6556892178950584,0.6695678234100342
SSI,BAD,UCB_WITHOUT_COST_NETWORK,UCB-VAE without Cost Network,59,5,test,0.6695678010255933,0.4096000000000001,1.0,11235,19.37818999999854,1.9378189999998539,0.967587811223436,29.289606585988025,0.11125953695999359,39.10664357764847,10,0.04618473895582329,False,False,False,402,0,0.0,18.241810000000005,0.5011781666859026,0.2759846167332197,0.6581443684973304,0.6695678234100342
SSI,BAD,UCB_WITHOUT_COST_NETWORK,UCB-VAE without Cost Network,59,6,train,0.6056799548066172,0.3276800000000001,1.0,13482,760.1450799999996,76.01450799999996,6.4882892260388125,10.985524740027385,0.4496019866751976,13.846742455516114,5,0.8780596350689809,False,False,False,186,0,0.0,11.534919999999996,0.061461655020034124,0.27214648106732686,0.5932658935589625,0.6056799292564392
SSI,BAD,UCB_WITHOUT_COST_NETWORK,UCB-VAE without Cost Network,59,6,test,0.6056799548066172,0.3276800000000001,1.0,13482,-18.751130000001467,-1.8751130000001468,-0.9452127869256866,29.810266536627793,0.049815106607541536,41.66328075893862,10,0.010040160642570281,False,False,False,413,0,0.0,18.621129999999994,0.5007501935620018,0.273439330478988,0.5954021740216502,0.6056799292564392
SSI,BAD,UCB_WITHOUT_COST_NETWORK,UCB-VAE without Cost Network,59,7,train,0.547888066141525,0.2621440000000001,1.0,15729,851.3096099999998,85.13096099999999,7.0878627767045455,11.413373858975447,0.4865134589185125,14.466583555743338,5,0.6137071651090342,False,False,False,193,0,0.0,11.540389999999999,0.06629260704717763,0.26745974646179105,0.5366741602316245,0.5478880405426025
SSI,BAD,UCB_WITHOUT_COST_NETWORK,UCB-VAE without Cost Network,59,7,test,0.547888066141525,0.2621440000000001,1.0,15729,-4.3456700000012916,-0.43456700000012916,-0.21826623740083262,29.397547963178877,0.07139320105918694,37.92423795324483,11,0.012048192771084338,False,False,False,412,0,0.0,18.745669999999986,0.49902717495612026,0.27014992036015156,0.5387470714146745,0.5478880405426025
SSI,BAD,UCB_WITHOUT_COST_NETWORK,UCB-VAE without Cost Network,59,8,train,0.49561047982204176,0.20971520000000007,1.0,17976,768.9588099999994,76.89588099999995,6.547445866256774,10.963171448705202,0.4554121418214459,13.803145945017281,5,0.6137071651090342,False,False,False,195,0,0.0,11.811189999999995,0.06602979152935547,0.26300890690679807,0.48546515348447916,0.49561047554016113
SSI,BAD,UCB_WITHOUT_COST_NETWORK,UCB-VAE without Cost Network,59,8,test,0.49561047982204176,0.20971520000000007,1.0,17976,50.52610999999888,5.052610999999888,2.503850972604127,29.5827844277493,0.1645395282629286,37.92423795324483,9,0.04417670682730924,False,False,False,413,0,0.0,18.923889999999993,0.5174858296700489,0.26657380588562135,0.48742734620435346,0.49561047554016113
SSI,BAD,UCB_WITHOUT_COST_NETWORK,UCB-VAE without Cost Network,59,9,train,0.4483210401702486,0.1677721600000001,1.0,20223,803.5778999999991,80.35778999999991,6.777297956455985,11.257902175536493,0.46565879296401724,14.119145680384177,5,0.6123720516243881,False,False,False,205,0,0.0,12.242099999999997,0.0691109747957554,0.259461017823718,0.4391537660878082,0.44832104444503784
SSI,BAD,UCB_WITHOUT_COST_NETWORK,UCB-VAE without Cost Network,59,9,test,0.4483210401702486,0.1677721600000001,1.0,20223,28.865679999998974,2.8865679999998974,1.4379726073891597,29.347651839751173,0.12758763352218516,37.92423795324483,9,0.03815261044176707,False,False,False,416,0,0.0,19.22431999999999,0.5078989695569682,0.2647787177389166,0.44098582246870227,0.44832104444503784
SSI,BAD,UCB_WITHOUT_COST_NETWORK,UCB-VAE without Cost Network,59,10,train,0.4055437954651474,0.13421772800000006,1.0,22470,764.7987199999995,76.47987199999996,6.51955659127994,10.998750311011268,0.45188951623316503,13.963928132908102,5,0.19581664441477525,False,False,False,205,0,0.0,12.501279999999998,0.07049345634831074,0.2559966618451321,0.3972851816888389,0.40554380416870117
SSI,BAD,UCB_WITHOUT_COST_NETWORK,UCB-VAE without Cost Network,59,10,test,0.4055437954651474,0.13421772800000006,1.0,22470,-35.15080000000182,-3.5150800000001823,-1.7792972966935605,28.86021934691066,0.012213214891729178,36.95650977842942,9,0.008032128514056224,False,False,False,438,0,0.0,20.260799999999993,0.5027739617192198,0.26200183826577234,0.3988331759245825,0.40554380416870117
SSI,BAD,UCB_WITHOUT_COST_NETWORK,UCB-VAE without Cost Network,59,11,train,0.3668482076545458,0.10737418240000006,1.0,24717,807.8460199999995,80.78460199999995,6.805363870848891,11.388233907880243,0.46397618143345526,14.450969000054384,5,0.42990654205607476,False,False,False,213,0,0.0,12.573979999999992,0.07423512729843877,0.2534266547476073,0.35943443492575217,0.3668482005596161
SSI,BAD,UCB_WITHOUT_COST_NETWORK,UCB-VAE without Cost Network,59,11,test,0.3668482076545458,0.10737418240000006,1.0,24717,49.665489999998044,4.966548999999804,2.4617111911578338,29.35236492346947,0.1620882850534288,36.95650977842942,9,0.006024096385542169,False,False,False,430,0,0.0,20.22450999999999,0.5286579911843482,0.2592255701441841,0.36082707134399505,0.3668482005596161
SSI,BAD,UCB_WITHOUT_COST_NETWORK,UCB-VAE without Cost Network,59,12,train,0.3318448191396838,0.08589934592000005,1.0,26964,738.3036699999998,73.83036699999998,6.340549919904581,10.996704579296871,0.43651855356166636,14.108641227992422,5,0.8264352469959947,False,False,False,222,0,0.0,13.046329999999992,0.06190853788941184,0.25389666686229934,0.3252788362569802,0.3318448066711426
SSI,BAD,UCB_WITHOUT_COST_NETWORK,UCB-VAE without Cost Network,59,12,test,0.3318448191396838,0.08589934592000005,1.0,26964,36.91259999999829,3.691259999999829,1.8352433883134012,29.42451064969117,0.14139424716031457,37.02523898463091,9,0.006024096385542169,False,False,False,430,0,0.0,20.397399999999987,0.5314343049972594,0.2577703423109878,0.3264444317096078,0.3318448066711426
SSI,BAD,UCB_WITHOUT_COST_NETWORK,UCB-VAE without Cost Network,59,13,train,0.3001813330203001,0.06871947673600004,1.0,29211,770.19091,77.019091,6.555694684612701,11.223190846160854,0.4480872943729018,14.376028006873934,5,0.2096128170894526,False,False,False,228,0,0.0,13.439089999999995,0.07478214033848198,0.24899715421912827,0.29417156349393875,0.3001813292503357
SSI,BAD,UCB_WITHOUT_COST_NETWORK,UCB-VAE without Cost Network,59,13,test,0.3001813330203001,0.06871947673600004,1.0,29211,67.5546599999982,6.75546599999982,3.334134691444146,29.3977179456968,0.1913491256890189,37.02523898463091,9,0.006024096385542169,False,False,False,432,0,0.0,20.50534,0.5295694855590485,0.2562732810984893,0.295336480078013,0.3001813292503357
SSI,BAD,UCB_WITHOUT_COST_NETWORK,UCB-VAE without Cost Network,59,14,train,0.27153906734917177,0.054975581388800036,1.0,31458,768.2090700000001,76.82090700000002,6.54242391295079,11.251150604673054,0.4461327082063875,14.39925438266375,5,0.6795727636849133,False,False,False,256,0,0.0,14.600929999999993,0.06987577796868612,0.24915974226775678,0.26617746589511,0.2715390622615814
SSI,BAD,UCB_WITHOUT_COST_NETWORK,UCB-VAE without Cost Network,59,14,test,0.27153906734917177,0.054975581388800036,1.0,31458,-42.30332000000158,-4.230332000000157,-2.1452844681672745,28.789343294848514,-0.0016403335820333457,38.151353808159556,9,0.006024096385542169,False,False,False,447,0,0.0,20.89331999999998,0.49429267200357735,0.2562321621819912,0.2671945034783006,0.2715390622615814
SSI,BAD,UCB_WITHOUT_COST_NETWORK,UCB-VAE without Cost Network,59,15,train,0.24562974770943447,0.05,1.0,33705,759.2384899999997,75.92384899999998,6.482189383993009,11.286287057197484,0.44003312487870533,14.440632938485647,5,0.5669781931464174,False,False,False,256,0,0.0,14.591509999999992,0.06893799708349647,0.24764207072479755,0.24080472043712592,0.24562974274158478
SSI,BAD,UCB_WITHOUT_COST_NETWORK,UCB-VAE without Cost Network,59,15,test,0.24562974770943447,0.05,1.0,33705,-42.30332000000158,-4.230332000000157,-2.1452844681672745,28.789343294848514,-0.0016403335820333457,38.151353808159556,9,0.006024096385542169,False,False,False,447,0,0.0,20.89331999999998,0.49429267200357735,0.2550168117455929,0.24173179495972236,0.24562974274158478
SSI,BAD,UCB_WITHOUT_COST_NETWORK,UCB-VAE without Cost Network,59,16,train,0.2221926058330938,0.05,1.0,35952,761.3491999999999,76.13491999999998,6.496386633758133,11.276396797125777,0.44151615921051945,14.42107894061659,5,0.2376502002670227,False,False,False,254,0,0.0,14.590799999999994,0.07812477148316334,0.24338913329930426,0.21778268326750155,0.22219260036945343
SSI,BAD,UCB_WITHOUT_COST_NETWORK,UCB-VAE without Cost Network,59,16,test,0.2221926058330938,0.05,1.0,35952,-51.79577000000165,-5.179577000000165,-2.6331132344403985,28.761497945912723,-0.01935293497806798,38.151353808159556,10,0.006024096385542169,False,False,False,449,0,0.0,21.11576999999998,0.48945077518899205,0.25412508845329285,0.2186834942488263,0.22219260036945343
SSI,BAD,UCB_WITHOUT_COST_NETWORK,UCB-VAE without Cost Network,59,17,train,0.20099175505933367,0.05,1.0,38199,669.57477,66.957477,5.86464048563724,11.182717540586488,0.39064651306617126,14.298916408062867,5,0.22251891410769917,False,False,False,270,0,0.0,15.795229999999995,0.081021268338566,0.2410529374505978,0.19698041827469268,0.20099174976348877
SSI,BAD,UCB_WITHOUT_COST_NETWORK,UCB-VAE without Cost Network,59,17,test,0.20099175505933367,0.05,1.0,38199,9.1232199999979,0.91232199999979,0.45669179856548947,30.110291986784677,0.09931864918886275,40.81707321498604,10,0.006024096385542169,False,False,False,435,0,0.0,21.24677999999998,0.5329683465329293,0.25150302944173775,0.19787888143207522,0.20099174976348877
SSI,BAD,UCB_WITHOUT_COST_NETWORK,UCB-VAE without Cost Network,59,18,train,0.18181381621752543,0.05,1.0,40446,698.1434300000005,69.81434300000005,6.064539210394848,11.08211324049487,0.4103430644426346,13.501490581798766,5,0.689363595905652,False,False,False,287,0,0.0,16.04656999999999,0.07139228805247703,0.24249551938635325,0.17826418969164526,0.1818138211965561
SSI,BAD,UCB_WITHOUT_COST_NETWORK,UCB-VAE without Cost Network,59,18,test,0.18181381621752543,0.05,1.0,40446,-8.839690000001838,-0.8839690000001837,-0.4444833799404746,30.13694955381581,0.0694149591328521,40.81707321498604,10,0.006024096385542169,False,False,False,443,0,0.0,21.79968999999997,0.5320848509937595,0.25084830163772326,0.17901061594420953,0.1818138211965561
SSI,BAD,UCB_WITHOUT_COST_NETWORK,UCB-VAE without Cost Network,59,19,train,0.16446577004027732,0.05,1.0,42693,694.2049600000005,69.42049600000006,6.037159661724423,10.696281717598126,0.4188094032028373,12.955326012827067,4,0.4045393858477971,False,False,False,289,0,0.0,15.755039999999994,0.07296359339590933,0.2397104574273733,0.1612610023667831,0.1644657701253891
SSI,BAD,UCB_WITHOUT_COST_NETWORK,UCB-VAE without Cost Network,59,19,test,0.16446577004027732,0.05,1.0,42693,-10.146090000002005,-1.0146090000002006,-0.5103399532110142,30.05206767327443,0.06653681073575834,40.81707321498604,10,0.006024096385542169,False,False,False,443,0,0.0,21.77608999999997,0.5291036627842357,0.2495016474052366,0.16195141318158626,0.1644657701253891
SSI,BAD,UCB_WITHOUT_COST_NETWORK,UCB-VAE without Cost Network,59,20,train,0.14877301449181102,0.05,1.0,44940,665.8394500000004,66.58394500000004,5.838279604936458,10.676219402007384,0.4016787398877093,12.618691603946614,4,0.37694704049844235,False,False,False,309,0,0.0,16.230549999999983,0.07281872291589964,0.23780449726844716,0.14586163505085292,0.14877301454544067
SSI,BAD,UCB_WITHOUT_COST_NETWORK,UCB-VAE without Cost Network,59,20,test,0.14877301449181102,0.05,1.0,44940,-16.113830000001826,-1.6113830000001828,-0.8117303393400332,29.66925586920588,0.05312167556766906,39.961012663510076,10,0.004016064257028112,False,False,False,449,0,0.0,21.96382999999998,0.5168385622085789,0.24820878130783997,0.1465027824468576,0.14877301454544067
SSI,BAD,UCB_WITHOUT_COST_NETWORK,UCB-VAE without Cost Network,59,21,train,0.13457760745935274,0.05,1.0,47187,598.5330799999995,59.85330799999995,5.354051223055278,10.672423177849112,0.35840989914155824,12.271538252660564,4,0.43569203382287497,False,False,False,333,0,0.0,17.646919999999998,0.07484185887262619,0.23629203119448253,0.1319391964749572,0.13457760214805603
SSI,BAD,UCB_WITHOUT_COST_NETWORK,UCB-VAE without Cost Network,59,21,test,0.13457760745935274,0.05,1.0,47187,-15.38920000000212,-1.5389200000002121,-0.7750856583062515,28.820581417755058,0.047381319342227196,39.27498111127472,9,0.004016064257028112,False,False,False,450,0,0.0,21.909199999999984,0.49841810148907173,0.2464922080078278,0.13253301963911912,0.13457760214805603
SSI,BAD,UCB_WITHOUT_COST_NETWORK,UCB-VAE without Cost Network,59,22,train,0.12173667712083987,0.05,1.0,49434,580.7933500000001,58.07933500000001,5.223409147711355,10.866349723609394,0.3424132404861886,12.99341777187251,4,0.30796617712505564,False,False,False,350,0,0.0,18.296649999999996,0.07466052228922165,0.23466184347019123,0.11936002175037339,0.12173667550086975
SSI,BAD,UCB_WITHOUT_COST_NETWORK,UCB-VAE without Cost Network,59,22,test,0.12173667712083987,0.05,1.0,49434,-15.38920000000212,-1.5389200000002121,-0.7750856583062515,28.820581417755058,0.047381319342227196,39.27498111127472,9,0.004016064257028112,False,False,False,450,0,0.0,21.909199999999984,0.49841810148907173,0.24552407790439196,0.11989919532956804,0.12173667550086975
SSI,BAD,UCB_WITHOUT_COST_NETWORK,UCB-VAE without Cost Network,59,23,train,0.11012098398984942,0.05,1.0,51681,392.8738299999991,39.287382999999906,3.753116275335877,9.796167517053366,0.22386258362719685,12.042163734685248,3,0.27814864263462397,False,False,False,374,0,0.0,18.676169999999995,0.07071623660487066,0.23350528278812918,0.10798244841664181,0.1101209819316864
SSI,BAD,UCB_WITHOUT_COST_NETWORK,UCB-VAE without Cost Network,59,23,test,0.11012098398984942,0.05,1.0,51681,-6.505590000001689,-0.6505590000001689,-0.32692728464115417,28.377791096879477,0.05956803261496567,39.27498111127472,8,0.004016064257028112,False,False,False,455,0,0.0,21.905589999999982,0.4906734293181037,0.24430027274960975,0.10846593605939947,0.1101209819316864
SSI,BAD,UCB_WITHOUT_COST_NETWORK,UCB-VAE without Cost Network,59,24,train,0.1,0.05,1.0,53928,597.9157799999998,59.79157799999998,5.349526882546041,10.653534203910068,0.35850111940198753,12.11608519898248,3,0.3364485981308411,False,False,False,413,0,0.0,20.404219999999995,0.0786350274187198,0.2308160966410603,0.09804380757103953,0.10000000149011612
SSI,BAD,UCB_WITHOUT_COST_NETWORK,UCB-VAE without Cost Network,59,24,test,0.1,0.05,1.0,53928,-18.92997000000196,-1.8929970000001957,-0.9542709373389635,28.45501020689751,0.03785745400527899,38.8674251094964,9,0.006024096385542169,False,False,False,459,0,0.0,21.499969999999987,0.4816569127771274,0.24427657897572919,0.09850666214320598,0.10000000149011612
SSI,BAD,UCB_WITHOUT_COST_NETWORK,UCB-VAE without Cost Network,59,25,train,0.1,0.05,1.0,56175,583.38905,58.338905,5.242605995081173,10.492475818563756,0.3526381153964847,12.101785605396861,3,0.35736537605696483,False,False,False,432,0,0.0,20.72095,0.07480510215934526,0.22956838775434438,0.0980520406169341,0.10000000149011612
SSI,BAD,UCB_WITHOUT_COST_NETWORK,UCB-VAE without Cost Network,59,25,test,0.1,0.05,1.0,56175,-26.408970000002,-2.6408970000001997,-1.3338177404453089,28.658274523896647,0.026084064567594607,38.8674251094964,9,0.004016064257028112,False,False,False,459,0,0.0,21.95896999999998,0.49137550796838125,0.24202767826886062,0.09851492629374584,0.10000000149011612
SSI,BAD,UCB_WITHOUT_COST_NETWORK,UCB-VAE without Cost Network,59,26,train,0.1,0.05,1.0,58422,522.3599600000014,52.23599600000014,4.783667767621513,10.630715760054233,0.3079212637110983,12.012633260227808,2,0.367601246105919,False,False,False,464,0,0.0,21.82004000000001,0.07676395352063536,0.22691597756699664,0.0980313806503887,0.10000000149011612
SSI,BAD,UCB_WITHOUT_COST_NETWORK,UCB-VAE without Cost Network,59,26,test,0.1,0.05,1.0,58422,-24.7852700000019,-2.47852700000019,-1.2512945409184906,28.695979807670184,0.029359525902883973,38.8674251094964,9,0.004016064257028112,False,False,False,461,0,0.0,22.135269999999977,0.4907146123147937,0.24065306137903147,0.09852216491362134,0.10000000149011612
SSI,BAD,UCB_WITHOUT_COST_NETWORK,UCB-VAE without Cost Network,59,27,train,0.1,0.05,1.0,60669,511.68253000000095,51.1682530000001,4.701697682781836,10.361903087199307,0.3055871195260778,14.170662895726593,4,0.38985313751668893,False,False,False,499,0,0.0,22.847470000000015,0.07531162459397987,0.2251010832717061,0.09802875181715595,0.10000000149011612
SSI,BAD,UCB_WITHOUT_COST_NETWORK,UCB-VAE without Cost Network,59,27,test,0.1,0.05,1.0,60669,38.652899999998,3.8652899999998,1.920958507819548,28.24048007751579,0.13808541479454758,37.90490550481203,8,0.002008032128514056,False,False,False,456,0,0.0,21.41709999999999,0.4880110230173736,0.238105405974819,0.09853995972907686,0.10000000149011612
SSI,BAD,UCB_WITHOUT_COST_NETWORK,UCB-VAE without Cost Network,59,28,train,0.1,0.05,1.0,62916,510.4473000000014,51.044730000000136,4.692181701680664,10.359046596220892,0.30475579601428915,13.545689363230093,4,0.4472630173564753,False,False,False,527,0,0.0,23.432700000000015,0.07416642424198096,0.22336893213699804,0.09803113080830946,0.10000000149011612
SSI,BAD,UCB_WITHOUT_COST_NETWORK,UCB-VAE without Cost Network,59,28,test,0.1,0.05,1.0,62916,22.615449999997963,2.261544999999796,1.128333695706396,27.831544534505387,0.1077206386652755,37.90490550481203,7,0.002008032128514056,False,False,False,474,0,0.0,22.20454999999998,0.4773945588814543,0.23679869921212215,0.09853829715609028,0.10000000149011612
SSI,BAD,UCB_WITHOUT_COST_NETWORK,UCB-VAE without Cost Network,59,29,train,0.1,0.05,1.0,65163,524.0737400000003,52.407374000000026,4.796776750385012,10.311810082967357,0.3154772869981987,11.732801408726209,3,0.4165554072096128,False,False,False,563,0,0.0,24.506260000000008,0.0746335105990245,0.22148648646801486,0.09803653707553033,0.10000000149011612
SSI,BAD,UCB_WITHOUT_COST_NETWORK,UCB-VAE without Cost Network,59,29,test,0.1,0.05,1.0,65163,18.97925999999802,1.897925999999802,0.9477613805485063,27.120617262557516,0.09669500700604326,36.71378565790274,7,0.004016064257028112,False,False,False,475,0,0.0,21.750739999999983,0.45098151563476063,0.23550716422528148,0.09854233481449644,0.10000000149011612
SSI,BAD,UCB_WITHOUT_COST_NETWORK,UCB-VAE without Cost Network,59,30,train,0.1,0.05,1.0,67410,514.9010600000008,51.49010600000008,4.72646021044234,10.296163747474454,0.30915629612652584,13.045353078416927,3,0.42857142857142855,False,False,False,604,0,0.0,25.538940000000018,0.07446338537342982,0.21937531249081235,0.09802668874906761,0.10000000149011612
SSI,BAD,UCB_WITHOUT_COST_NETWORK,UCB-VAE without Cost Network,59,30,test,0.1,0.05,1.0,67410,4.623939999998129,0.4623939999998129,0.23172430403584077,27.113513680162576,0.07026210156340465,36.67482809890923,7,0.004016064257028112,False,False,False,476,0,0.0,21.716059999999985,0.45306292608297477,0.23483766355069288,0.09854802222838799,0.10000000149011612
SSI,BAD,UCB_WITHOUT_COST_NETWORK,UCB-VAE without Cost Network,59,31,train,0.1,0.05,1.0,69657,373.56429000000026,37.35642900000003,3.5921973927319995,9.668677024429938,0.2092504466866559,15.392807640314995,2,0.37160658655985757,False,False,False,639,0,0.0,26.725709999999992,0.0736355379901754,0.21744634015100184,0.09802710053102481,0.10000000149011612
SSI,BAD,UCB_WITHOUT_COST_NETWORK,UCB-VAE without Cost Network,59,31,test,0.1,0.05,1.0,69657,3.9952699999980723,0.39952699999980723,0.20025037323450068,28.136515571683248,0.0766425228846147,36.67482809890923,8,0.002008032128514056,False,False,False,475,0,0.0,22.104729999999982,0.4766787607943137,0.23292864844143152,0.09856299696916557,0.10000000149011612
SSI,BAD,UCB_WITHOUT_COST_NETWORK,UCB-VAE without Cost Network,59,32,train,0.1,0.05,1.0,71904,373.54689000000053,37.35468900000005,3.592051482886438,9.69360741207103,0.2089521772734804,14.612967580787828,2,0.31330663106364043,False,False,False,687,0,0.0,28.083109999999994,0.07524682365744435,0.2149130876727724,0.09801547969193522,0.10000000149011612
SSI,BAD,UCB_WITHOUT_COST_NETWORK,UCB-VAE without Cost Network,59,32,test,0.1,0.05,1.0,71904,23.531119999998054,2.3531119999998054,1.1737551964994042,28.07410647833299,0.11090407040797594,36.67482809890923,8,0.002008032128514056,False,False,False,476,0,0.0,22.358879999999978,0.47889701760009445,0.23147344384267626,0.0985707921629167,0.10000000149011612
SSI,BAD,UCB_WITHOUT_COST_NETWORK,UCB-VAE without Cost Network,59,33,train,0.1,0.05,1.0,74151,376.9814500000002,37.698145000000025,3.620820616790277,9.770815096514847,0.21099369896131448,14.003311207492578,2,0.32621272808188695,False,False,False,735,0,0.0,29.288549999999994,0.0765720412858253,0.21266749614959937,0.0980074030530705,0.10000000149011612
SSI,BAD,UCB_WITHOUT_COST_NETWORK,UCB-VAE without Cost Network,59,33,test,0.1,0.05,1.0,74151,15.28404999999816,1.528404999999816,0.7639289074956368,27.76972245134461,0.09428155802452796,36.77372036404661,6,0.002008032128514056,False,False,False,478,0,0.0,22.39594999999998,0.4735813424345663,0.23009589239655728,0.09857207777161545,0.10000000149011612
SSI,BAD,UCB_WITHOUT_COST_NETWORK,UCB-VAE without Cost Network,59,34,train,0.1,0.05,1.0,76398,378.78512,37.878512,3.6359032856200013,9.632910896525049,0.21408124706107343,14.57785488016244,2,0.2932799287939475,False,False,False,767,0,0.0,30.31487999999999,0.07655593475322467,0.21066585935496415,0.09800179715417863,0.10000000149011612
SSI,BAD,UCB_WITHOUT_COST_NETWORK,UCB-VAE without Cost Network,59,34,test,0.1,0.05,1.0,76398,18.090609999998037,1.8090609999998035,0.9035824365344114,27.7569140631777,0.09922928833946296,36.77372036404661,6,0.002008032128514056,False,False,False,478,0,0.0,22.24938999999998,0.4703923248370381,0.2284136973471048,0.09857895559868964,0.10000000149011612
SSI,BAD,UCB_WITHOUT_COST_NETWORK,UCB-VAE without Cost Network,59,35,train,0.1,0.05,1.0,78645,332.2652600000008,33.22652600000008,3.2411642131018104,9.760910731117077,0.17321955732431904,17.692268045813893,2,0.26924788607031597,False,False,False,796,0,0.0,31.094740000000005,0.07900030422638687,0.2084613045355082,0.09799185481330755,0.10000000149011612
SSI,BAD,UCB_WITHOUT_COST_NETWORK,UCB-VAE without Cost Network,59,35,test,0.1,0.05,1.0,78645,20.068169999998076,2.0068169999998076,1.0018700181782858,27.7768140991715,0.10288873071934743,36.77372036404661,6,0.002008032128514056,False,False,False,478,0,0.0,22.251829999999977,0.46997730556354245,0.2272083749134378,0.0985855333596827,0.10000000149011612
SSI,BAD,UCB_WITHOUT_COST_NETWORK,UCB-VAE without Cost Network,59,36,train,0.1,0.05,1.0,80892,371.0706800000007,37.10706800000007,3.571270146761929,9.778632309463083,0.20591187563764785,15.84958197582336,4,0.38495772140631956,False,False,False,839,0,0.0,32.229319999999994,0.07616145898692674,0.20677304135583272,0.09797727868877897,0.10000000149011612
SSI,BAD,UCB_WITHOUT_COST_NETWORK,UCB-VAE without Cost Network,59,36,test,0.1,0.05,1.0,80892,91.55350999999769,9.155350999999769,4.493154430310509,27.694388488761383,0.2261485512461752,35.371128330897896,8,0.002008032128514056,False,False,False,474,0,0.0,21.736489999999975,0.46854410491147497,0.2247244781818256,0.09859668118957404,0.10000000149011612
SSI,BAD,UCB_WITHOUT_COST_NETWORK,UCB-VAE without Cost Network,59,37,train,0.1,0.05,1.0,83139,328.5407100000011,32.85407100000011,3.2090327105440686,9.78182296339569,0.1698325859391342,15.474031011622143,2,0.3368936359590565,False,False,False,860,0,0.0,32.72929,0.07938652725383705,0.20441648503661847,0.09796741400883895,0.10000000149011612
SSI,BAD,UCB_WITHOUT_COST_NETWORK,UCB-VAE without Cost Network,59,37,test,0.1,0.05,1.0,83139,73.35975999999778,7.335975999999778,3.6156714224758524,27.667917682683367,0.19531353275292251,35.371128330897896,7,0.002008032128514056,False,False,False,475,0,0.0,22.10023999999998,0.4711502035679283,0.22401668663963256,0.09860172721429131,0.10000000149011612
SSI,BAD,UCB_WITHOUT_COST_NETWORK,UCB-VAE without Cost Network,59,38,train,0.1,0.05,1.0,85386,245.17821000000072,24.517821000000072,2.4680629901736806,9.451558886126048,0.0955924822280863,17.70205543058739,4,0.2879394748553627,False,False,False,914,0,0.0,33.37178999999998,0.07898120486046495,0.20169270268057418,0.09794161852079769,0.10000000149011612
SSI,BAD,UCB_WITHOUT_COST_NETWORK,UCB-VAE without Cost Network,59,38,test,0.1,0.05,1.0,85386,101.41861999999787,10.141861999999788,4.965901667409178,27.573623129961465,0.2423864665599373,35.371128330897896,8,0.002008032128514056,False,False,False,474,0,0.0,21.461379999999977,0.46398372616541106,0.22218191602742338,0.0986082871023235,0.10000000149011612
SSI,BAD,UCB_WITHOUT_COST_NETWORK,UCB-VAE without Cost Network,59,39,train,0.1,0.05,1.0,87633,242.18722000000048,24.21872200000005,2.440666755010179,9.615931308577375,0.09278041831717293,20.003704336345017,4,0.30707610146862485,False,False,False,939,0,0.0,34.33277999999998,0.08204771916872049,0.2000310000779897,0.09794207323922373,0.10000000149011612
SSI,BAD,UCB_WITHOUT_COST_NETWORK,UCB-VAE without Cost Network,59,39,test,0.1,0.05,1.0,87633,169.2941299999984,16.92941299999984,8.162947142871534,26.7268176297075,0.3545760727312683,31.770262577165287,4,0.002008032128514056,False,False,False,474,0,0.0,21.79586999999998,0.4620028718513323,0.2204841793511048,0.09861095817082988,0.10000000149011612
SSI,BAD,UCB_WITHOUT_COST_NETWORK,UCB-VAE without Cost Network,59,40,train,0.1,0.05,1.0,89880,245.36267000000043,24.53626700000004,2.4697506522048274,9.56059518343774,0.0957288024037874,20.022304457141818,3,0.3030707610146863,False,False,False,964,0,0.0,35.06732999999998,0.08149089138043808,0.19775979321998757,0.09792665001138319,0.10000000149011612
SSI,BAD,UCB_WITHOUT_COST_NETWORK,UCB-VAE without Cost Network,59,40,test,0.1,0.05,1.0,89880,173.6627099999987,17.36627099999987,8.365505515404713,26.76221851134227,0.36151491001665076,31.770262577165287,4,0.002008032128514056,False,False,False,474,0,0.0,21.787289999999977,0.46201984907048643,0.21929808801795583,0.09861771838128153,0.10000000149011612
SSI,BAD,UCB_WITHOUT_COST_NETWORK,UCB-VAE without Cost Network,59,41,train,0.1,0.05,1.0,92127,249.5017400000013,24.950174000000132,2.507561538882186,9.434809266493295,0.0997332652261069,20.22881415530832,2,0.3226524254561638,False,False,False,977,0,0.0,35.678259999999995,0.08320121532246076,0.19661914358934296,0.09794395511475042,0.10000000149011612
SSI,BAD,UCB_WITHOUT_COST_NETWORK,UCB-VAE without Cost Network,59,41,test,0.1,0.05,1.0,92127,180.02231999999867,18.002231999999868,8.659711819541638,26.837597147967596,0.371427582579055,31.770262577165287,4,0.002008032128514056,False,False,False,474,0,0.0,21.52767999999998,0.46244261901028627,0.21758523743494926,0.09862289103050657,0.10000000149011612
SSI,BAD,UCB_WITHOUT_COST_NETWORK,UCB-VAE without Cost Network,59,42,train,0.1,0.05,1.0,94374,253.57933000000048,25.35793300000005,2.544702098036744,9.36890625356493,0.10367825303876282,20.58294484843719,2,0.30396083667111706,False,False,False,1011,0,0.0,36.25066999999997,0.08416856732169098,0.19478666240247453,0.09794435047239299,0.10000000149011612
SSI,BAD,UCB_WITHOUT_COST_NETWORK,UCB-VAE without Cost Network,59,42,test,0.1,0.05,1.0,94374,170.42234999999891,17.04223499999989,8.215295495578022,26.75196696203589,0.3563164171307278,31.770262577165287,4,0.002008032128514056,False,False,False,474,0,0.0,21.787649999999974,0.460820603785624,0.21637461539432706,0.09862778284398253,0.10000000149011612
SSI,BAD,UCB_WITHOUT_COST_NETWORK,UCB-VAE without Cost Network,59,43,train,0.1,0.05,1.0,96621,231.71309999999994,23.171309999999995,2.344263708840555,9.409911776785684,0.08264015670676203,20.23477642576616,2,0.30351579884290164,False,False,False,1033,0,0.0,36.92689999999999,0.08706512495818022,0.19311193508748006,0.0979349118030688,0.10000000149011612
SSI,BAD,UCB_WITHOUT_COST_NETWORK,UCB-VAE without Cost Network,59,43,test,0.1,0.05,1.0,96621,174.37917999999854,17.437917999999854,8.398690267217269,26.85721920728787,0.362316507698641,31.770262577165287,4,0.002008032128514056,False,False,False,474,0,0.0,21.710819999999973,0.46278069490532314,0.21543722074613514,0.09863328454555625,0.10000000149011612
SSI,BAD,UCB_WITHOUT_COST_NETWORK,UCB-VAE without Cost Network,59,44,train,0.1,0.05,1.0,98868,289.3042000000005,28.93042000000005,2.8655871266188626,9.295016974196706,0.13768917057065128,18.674943294305294,2,0.28126390743213175,False,False,False,1047,0,0.0,36.49579999999999,0.0873930504023789,0.1913142881103765,0.09793712108152924,0.10000000149011612
SSI,BAD,UCB_WITHOUT_COST_NETWORK,UCB-VAE without Cost Network,59,44,test,0.1,0.05,1.0,98868,99.49397999999792,9.94939799999979,4.8738369179765595,26.095504055936956,0.23758881711952146,31.86016463638109,5,0.004016064257028112,False,False,False,478,0,0.0,21.046019999999977,0.4333819763126147,0.21533961935215687,0.09864100929745448,0.10000000149011612
SSI,BAD,UCB_WITHOUT_COST_NETWORK,UCB-VAE without Cost Network,59,45,train,0.1,0.05,1.0,101115,327.97757000000047,32.79775700000005,3.204167564381577,10.035398748770115,0.1675543097657573,18.715534028251295,3,0.3052959501557632,False,False,False,1038,0,0.0,37.19242999999999,0.08904147608000756,0.18917952472295133,0.09792140697448555,0.10000000149011612
SSI,BAD,UCB_WITHOUT_COST_NETWORK,UCB-VAE without Cost Network,59,45,test,0.1,0.05,1.0,101115,99.49397999999792,9.94939799999979,4.8738369179765595,26.095504055936956,0.23758881711952146,31.86016463638109,5,0.004016064257028112,False,False,False,478,0,0.0,21.046019999999977,0.4333819763126147,0.2138882520118631,0.09864576148258895,0.10000000149011612
SSI,BAD,UCB_WITHOUT_COST_NETWORK,UCB-VAE without Cost Network,60,1,train,1.0,1.0,1.0,2247,2065.8079900000007,206.58079900000007,13.265482131183415,19.642197982813332,0.6356497634276549,29.24736926282913,10,0.1059190031152648,False,False,False,1340,0,0.0,44.22200999999997,0.41689197454184257,0.2682238145568501,0.9534853112062417,1.0
SSI,BAD,UCB_WITHOUT_COST_NETWORK,UCB-VAE without Cost Network,60,1,test,1.0,1.0,1.0,2247,-3.3098900000004505,-0.33098900000004505,-0.16619998639615385,36.17839095691298,0.12104886049489638,47.90482184019469,17,0.018072289156626505,False,False,False,333,0,0.0,26.529889999999988,0.7584023169635403,0.4057198933748356,0.9745355805762278,1.0
SSI,BAD,UCB_WITHOUT_COST_NETWORK,UCB-VAE without Cost Network,60,2,train,0.9045834549972122,0.8,1.0,4494,3042.7871599999994,304.278716,16.803311844615454,27.723830523550326,0.6313350250709219,72.88130305303102,28,0.029372496662216287,False,False,False,1654,0,0.0,48.83284,0.7057558694662176,0.279627838046433,0.8600660309478265,0.9045834541320801
SSI,BAD,UCB_WITHOUT_COST_NETWORK,UCB-VAE without Cost Network,60,2,test,0.9045834549972122,0.8,1.0,4494,-28.28867000000082,-2.828867000000082,-1.4294376217243276,36.02681828014029,0.08445989682801687,49.44981891425068,18,0.018072289156626505,False,False,False,333,0,0.0,26.58866999999998,0.7562404140689989,0.40108375155542747,0.8815526351544839,0.9045834541320801
SSI,BAD,UCB_WITHOUT_COST_NETWORK,UCB-VAE without Cost Network,60,3,train,0.8182712270546932,0.6400000000000001,1.0,6741,1127.6792899999991,112.76792899999992,8.757439235495724,18.212577832547844,0.4459316546017815,28.440005398770612,9,0.1041388518024032,False,False,False,1304,0,0.0,44.19070999999999,0.40048753866237197,0.26074289301394565,0.7809253230557721,0.8182712197303772
SSI,BAD,UCB_WITHOUT_COST_NETWORK,UCB-VAE without Cost Network,60,3,test,0.8182712270546932,0.6400000000000001,1.0,6741,-32.10642000000075,-3.2106420000000755,-1.6239297531007724,35.94585987051735,0.07843550807880201,49.44981891425068,19,0.018072289156626505,False,False,False,330,0,0.0,26.35641999999998,0.7559867406330859,0.39606882515082875,0.7975030100750374,0.8182712197303772
SSI,BAD,UCB_WITHOUT_COST_NETWORK,UCB-VAE without Cost Network,60,4,train,0.7401946136939427,0.5120000000000001,1.0,8988,2077.017929999999,207.7017929999999,13.311455476760049,19.67071063432248,0.6371040701549241,29.39721959356859,10,0.11214953271028037,False,False,False,1306,0,0.0,42.952069999999985,0.4175944139525496,0.2584897144720403,0.7060377955986525,0.7401946187019348
SSI,BAD,UCB_WITHOUT_COST_NETWORK,UCB-VAE without Cost Network,60,4,test,0.7401946136939427,0.5120000000000001,1.0,8988,-69.56568000000061,-6.956568000000061,-3.5529179058277904,35.76370367778744,0.021203529598096103,49.868313590267874,20,0.018072289156626505,False,False,False,335,0,0.0,26.33567999999999,0.75552690615643,0.3918672467331331,0.721508140251035,0.7401946187019348
SSI,BAD,UCB_WITHOUT_COST_NETWORK,UCB-VAE without Cost Network,60,5,train,0.6695678010255933,0.4096000000000001,1.0,11235,1103.1453399999987,110.31453399999987,8.617283410750588,18.515399148964477,0.43460701556508186,29.61903229008287,9,0.11838006230529595,False,False,False,1321,0,0.0,43.99465999999994,0.4061617371731704,0.2547046315201824,0.6388399178382189,0.6695678234100342
SSI,BAD,UCB_WITHOUT_COST_NETWORK,UCB-VAE without Cost Network,60,5,test,0.6695678010255933,0.4096000000000001,1.0,11235,-81.20811000000049,-8.120811000000048,-4.160305829239164,35.86408883814816,0.004543627122867042,49.526908623076885,20,0.018072289156626505,False,False,False,339,0,0.0,26.368109999999994,0.7556840178872077,0.3876937505411336,0.6526919846967347,0.6695678234100342
SSI,BAD,UCB_WITHOUT_COST_NETWORK,UCB-VAE without Cost Network,60,6,train,0.6056799548066172,0.3276800000000001,1.0,13482,2050.2298799999985,205.02298799999986,13.201345672667308,19.632594238505895,0.6329676680282214,29.727498273574643,10,0.11748998664886515,False,False,False,1309,0,0.0,42.930119999999945,0.4140585039680526,0.25250864200688594,0.5779086700975401,0.6056799292564392
SSI,BAD,UCB_WITHOUT_COST_NETWORK,UCB-VAE without Cost Network,60,6,test,0.6056799548066172,0.3276800000000001,1.0,13482,-43.53227000000038,-4.353227000000038,-2.2083055348899094,36.667655699237955,0.06774979316290722,48.262709525785894,20,0.01606425702811245,False,False,False,340,0,0.0,26.472270000000005,0.7648548836753404,0.38417265258998756,0.5904419791441671,0.6056799292564392
SSI,BAD,UCB_WITHOUT_COST_NETWORK,UCB-VAE without Cost Network,60,7,train,0.547888066141525,0.2621440000000001,1.0,15729,1135.6185199999995,113.56185199999996,8.802486348264683,18.569026970416324,0.4431680022293247,30.17278954567936,9,0.08455718736092568,False,False,False,1314,0,0.0,43.701479999999954,0.4026487132527293,0.2498094904944002,0.5232002865960935,0.5478880405426025
SSI,BAD,UCB_WITHOUT_COST_NETWORK,UCB-VAE without Cost Network,60,7,test,0.547888066141525,0.2621440000000001,1.0,15729,-54.674750000000245,-5.467475000000024,-2.7815480534670534,36.67993016018352,0.05160918922725163,48.84979018281525,21,0.014056224899598393,False,False,False,342,0,0.0,26.814750000000007,0.767548819629014,0.3823630547068684,0.5341977230570707,0.5478880405426025
SSI,BAD,UCB_WITHOUT_COST_NETWORK,UCB-VAE without Cost Network,60,8,train,0.49561047982204176,0.20971520000000007,1.0,17976,1147.4505299999992,114.74505299999991,8.869345617618185,18.327981509260024,0.44992929550699245,29.45959105924106,9,0.08322207387627949,False,False,False,1313,0,0.0,43.69946999999994,0.3947135660217041,0.24646868723522147,0.47298972196682576,0.49561047554016113
SSI,BAD,UCB_WITHOUT_COST_NETWORK,UCB-VAE without Cost Network,60,8,test,0.49561047982204176,0.20971520000000007,1.0,17976,-74.22524000000044,-7.4225240000000445,-3.795550984293816,36.770008959796336,0.023616002895028906,51.41992865757453,20,0.012048192771084338,False,False,False,353,0,0.0,27.135240000000007,0.769670673404258,0.3801884135927062,0.4832898948413693,0.49561047554016113
SSI,BAD,UCB_WITHOUT_COST_NETWORK,UCB-VAE without Cost Network,60,9,train,0.4483210401702486,0.1677721600000001,1.0,20223,1146.854459999999,114.6854459999999,8.86598523957829,18.3741937893829,0.44911004620504513,29.737776289124458,9,0.09657320872274143,False,False,False,1327,0,0.0,44.105539999999955,0.3975226984640051,0.2446706381223973,0.42789729949643507,0.44832104444503784
SSI,BAD,UCB_WITHOUT_COST_NETWORK,UCB-VAE without Cost Network,60,9,test,0.4483210401702486,0.1677721600000001,1.0,20223,-93.5064200000005,-9.35064200000005,-4.806091150398794,36.379595695929304,-0.00926802214851543,51.41992865757453,19,0.012048192771084338,False,False,False,353,0,0.0,27.046419999999998,0.763500485634043,0.3775823221627967,0.43716065743383853,0.44832104444503784
SSI,BAD,UCB_WITHOUT_COST_NETWORK,UCB-VAE without Cost Network,60,10,train,0.4055437954651474,0.13421772800000006,1.0,22470,1141.3410999999996,114.13410999999995,8.834863993434716,18.204384361117803,0.44997961085941346,28.981561261121424,9,0.07298620382732532,False,False,False,1333,0,0.0,44.27889999999995,0.393931089249853,0.24303555169275828,0.3870839573490864,0.40554380416870117
SSI,BAD,UCB_WITHOUT_COST_NETWORK,UCB-VAE without Cost Network,60,10,test,0.4055437954651474,0.13421772800000006,1.0,22470,-107.26639000000034,-10.726639000000034,-5.533825041291795,36.29036679367187,-0.03146685632543346,51.41992865757453,19,0.012048192771084338,False,False,False,364,0,0.0,27.786390000000008,0.7596854679432239,0.3757156081288215,0.3954658434801443,0.40554380416870117
SSI,BAD,UCB_WITHOUT_COST_NETWORK,UCB-VAE without Cost Network,60,11,train,0.3668482076545458,0.10737418240000006,1.0,24717,1162.3993300000002,116.23993300000002,8.953350376611201,18.160455533899896,0.4566798291603781,29.167974743489644,9,0.07387627948375612,False,False,False,1381,0,0.0,46.07066999999999,0.39441768843898173,0.2407713018500333,0.35002812526454846,0.3668482005596161
SSI,BAD,UCB_WITHOUT_COST_NETWORK,UCB-VAE without Cost Network,60,11,test,0.3668482076545458,0.10737418240000006,1.0,24717,-86.58666000000028,-8.658666000000027,-4.442200662948759,36.218276166468186,-0.00028498474822111084,50.4779380632343,19,0.010040160642570281,False,False,False,368,0,0.0,27.766659999999995,0.7618610606789971,0.37446384209705647,0.3577725559135735,0.3668482005596161
SSI,BAD,UCB_WITHOUT_COST_NETWORK,UCB-VAE without Cost Network,60,12,train,0.3318448191396838,0.08589934592000005,1.0,26964,2231.8439199999984,223.18439199999983,13.931645158173245,19.81746590699094,0.6616231501202671,31.127619736819284,11,0.08055184690698709,False,False,False,1365,0,0.0,44.756080000000004,0.41419978368340843,0.24107891144450633,0.31655389124648675,0.3318448066711426
SSI,BAD,UCB_WITHOUT_COST_NETWORK,UCB-VAE without Cost Network,60,12,test,0.3318448191396838,0.08589934592000005,1.0,26964,-95.8261200000004,-9.58261200000004,-4.928387148269186,36.47729490672029,-0.011837894211113682,51.41992865757453,20,0.010040160642570281,False,False,False,368,0,0.0,27.64612000000001,0.762655059021303,0.37303319821755093,0.32365948910062964,0.3318448066711426
SSI,BAD,UCB_WITHOUT_COST_NETWORK,UCB-VAE without Cost Network,60,13,train,0.3001813330203001,0.06871947673600004,1.0,29211,2193.9652799999985,219.39652799999988,13.782394526324948,19.627330537815176,0.6593858743645495,30.73762792357423,11,0.10102358700489542,False,False,False,1377,0,0.0,45.354719999999986,0.41029793666515624,0.2391719146104033,0.2862969587578156,0.3001813292503357
SSI,BAD,UCB_WITHOUT_COST_NETWORK,UCB-VAE without Cost Network,60,13,test,0.3001813330203001,0.06871947673600004,1.0,29211,-139.99191000000042,-13.99919100000004,-7.287390061217936,36.359793363940035,-0.08263702673691734,53.665898037674886,21,0.010040160642570281,False,False,False,374,0,0.0,28.00190999999999,0.761900440767506,0.3725294952232196,0.2928197210441762,0.3001813292503357
SSI,BAD,UCB_WITHOUT_COST_NETWORK,UCB-VAE without Cost Network,60,14,train,0.27153906734917177,0.054975581388800036,1.0,31458,2189.08611,218.90861100000004,13.763055228629906,19.657247097199594,0.65780522607619,30.407088628848598,11,0.09746328437917223,False,False,False,1406,0,0.0,46.26388999999999,0.4127057483228875,0.23743726773014268,0.2588900017650082,0.2715390622615814
SSI,BAD,UCB_WITHOUT_COST_NETWORK,UCB-VAE without Cost Network,60,14,test,0.27153906734917177,0.054975581388800036,1.0,31458,-142.28949000000057,-14.228949000000057,-7.411742731264848,36.34465750638119,-0.08653686034972087,53.665898037674886,21,0.010040160642570281,False,False,False,377,0,0.0,28.17948999999999,0.7611909559403897,0.371316682861512,0.26489385692644135,0.2715390622615814
SSI,BAD,UCB_WITHOUT_COST_NETWORK,UCB-VAE without Cost Network,60,15,train,0.24562974770943447,0.05,1.0,33705,2943.3232299999995,294.3323229999999,16.480245687557037,25.62990559715462,0.6501971405487622,69.6507879524629,25,0.032487761459724075,False,False,False,1655,0,0.0,49.54677,0.6003100827289968,0.2402100463675084,0.2328426182317074,0.24562974274158478
SSI,BAD,UCB_WITHOUT_COST_NETWORK,UCB-VAE without Cost Network,60,15,test,0.24562974770943447,0.05,1.0,33705,-144.42750000000046,-14.442750000000046,-7.527608118981011,36.29836967588847,-0.0905746369351604,53.665898037674886,21,0.010040160642570281,False,False,False,376,0,0.0,28.027499999999993,0.7602958722563706,0.3702715524289024,0.23963327201538254,0.24562974274158478
SSI,BAD,UCB_WITHOUT_COST_NETWORK,UCB-VAE without Cost Network,60,16,train,0.2221926058330938,0.05,1.0,35952,1582.082719999999,158.2082719999999,11.123474906160213,20.184817698386833,0.5286627998710445,50.33860444136668,13,0.032487761459724075,False,False,False,1632,0,0.0,51.37727999999996,0.49659981757501725,0.23142555236988827,0.21000747011212048,0.22219260036945343
SSI,BAD,UCB_WITHOUT_COST_NETWORK,UCB-VAE without Cost Network,60,16,test,0.2221926058330938,0.05,1.0,35952,-144.42750000000046,-14.442750000000046,-7.527608118981011,36.29836967588847,-0.0905746369351604,53.665898037674886,21,0.010040160642570281,False,False,False,376,0,0.0,28.027499999999993,0.7602958722563706,0.36930800259233,0.21678188080039498,0.22219260036945343
SSI,BAD,UCB_WITHOUT_COST_NETWORK,UCB-VAE without Cost Network,60,17,train,0.20099175505933367,0.05,1.0,38199,3153.108739999998,315.3108739999998,17.15348307380731,22.91003943417446,0.7238667619928393,51.653769492135574,15,0.03337783711615487,False,False,False,1644,0,0.0,50.51125999999997,0.5415558841937,0.23355699082215628,0.189880641134116,0.20099174976348877
SSI,BAD,UCB_WITHOUT_COST_NETWORK,UCB-VAE without Cost Network,60,17,test,0.20099175505933367,0.05,1.0,38199,-69.31298000000015,-6.931298000000015,-3.5397766135319864,36.71522254165511,0.030377047617852922,50.456837792716456,22,0.010040160642570281,False,False,False,382,0,0.0,28.502979999999994,0.7633461674013852,0.3675780862749341,0.19610659133706837,0.20099174976348877
SSI,BAD,UCB_WITHOUT_COST_NETWORK,UCB-VAE without Cost Network,60,18,train,0.18181381621752543,0.05,1.0,40446,2669.973119999999,266.9973119999999,15.553550243757197,26.090696156795474,0.6124444864206308,72.58880903663194,26,0.03115264797507788,False,False,False,1718,0,0.0,50.58688000000006,0.638572400724722,0.24029287270468822,0.17239499362760963,0.1818138211965561
SSI,BAD,UCB_WITHOUT_COST_NETWORK,UCB-VAE without Cost Network,60,18,test,0.18181381621752543,0.05,1.0,40446,-75.47984000000054,-7.547984000000054,-3.860984560374725,36.67206429145367,0.02087640157543316,50.485424773949205,20,0.010040160642570281,False,False,False,387,0,0.0,28.949840000000002,0.7636257004102168,0.3664225363527915,0.17739610245853238,0.1818138211965561
SSI,BAD,UCB_WITHOUT_COST_NETWORK,UCB-VAE without Cost Network,60,19,train,0.16446577004027732,0.05,1.0,42693,2681.6279499999996,268.16279499999996,15.59429475098959,26.629244856201602,0.60675777198223,72.12788846435649,26,0.0262572318647085,False,False,False,1736,0,0.0,51.40205000000003,0.6654870590571113,0.2428336324403166,0.15618673827073074,0.1644657701253891
SSI,BAD,UCB_WITHOUT_COST_NETWORK,UCB-VAE without Cost Network,60,19,test,0.16446577004027732,0.05,1.0,42693,-72.32069000000058,-7.232069000000058,-3.6963037027708645,36.279268878964324,0.021911544056189024,50.485424773949205,19,0.008032128514056224,False,False,False,389,0,0.0,29.00069,0.757917259602298,0.3650254939035718,0.16046121930305693,0.1644657701253891
SSI,BAD,UCB_WITHOUT_COST_NETWORK,UCB-VAE without Cost Network,60,20,train,0.14877301449181102,0.05,1.0,44940,1883.8578499999994,188.38578499999994,12.497588012008176,20.00388249854981,0.5934197017461772,38.50092997011741,11,0.046283934134401426,False,False,False,1598,0,0.0,51.67214999999999,0.45384067597097494,0.22765362078367896,0.14105152870957682,0.14877301454544067
SSI,BAD,UCB_WITHOUT_COST_NETWORK,UCB-VAE without Cost Network,60,20,test,0.14877301449181102,0.05,1.0,44940,-83.85091000000057,-8.385091000000058,-4.298714396416026,36.396918990592134,0.005663301018036322,50.87644227521891,19,0.008032128514056224,False,False,False,392,0,0.0,29.32091000000002,0.7605116583219308,0.3642373529663048,0.145159427431562,0.14877301454544067
SSI,BAD,UCB_WITHOUT_COST_NETWORK,UCB-VAE without Cost Network,60,21,train,0.13457760745935274,0.05,1.0,47187,3051.6677799999984,305.16677799999985,16.831812105396683,22.811596426958687,0.713883938546407,53.16595791243124,15,0.032487761459724075,False,False,False,1678,0,0.0,51.51221999999998,0.5392430104105861,0.22989381582513088,0.12702538748067352,0.13457760214805603
SSI,BAD,UCB_WITHOUT_COST_NETWORK,UCB-VAE without Cost Network,60,21,test,0.13457760745935274,0.05,1.0,47187,-90.15985000000023,-9.015985000000024,-4.62993237394852,36.217436339248444,-0.0057391465159957345,51.196915335712504,20,0.010040160642570281,False,False,False,389,0,0.0,28.90985000000002,0.7560508204598327,0.36276933748319923,0.13130348208406278,0.13457760214805603
SSI,BAD,UCB_WITHOUT_COST_NETWORK,UCB-VAE without Cost Network,60,22,train,0.12173667712083987,0.05,1.0,49434,2732.9748699999986,273.2974869999999,15.772446111119587,24.034654644759488,0.6512992172774011,57.38290160587921,17,0.027147307521139297,False,False,False,1725,0,0.0,51.79513000000005,0.6169803302410773,0.2353527096639382,0.11516882084883083,0.12173667550086975
SSI,BAD,UCB_WITHOUT_COST_NETWORK,UCB-VAE without Cost Network,60,22,test,0.12173667712083987,0.05,1.0,49434,-125.32482000000027,-12.532482000000028,-6.497429446864189,36.385089077569596,-0.058701982902566105,51.196915335712504,20,0.008032128514056224,False,False,False,393,0,0.0,29.234820000000006,0.7581325182912736,0.36188787413409435,0.1187884139754599,0.12173667550086975
SSI,BAD,UCB_WITHOUT_COST_NETWORK,UCB-VAE without Cost Network,60,23,train,0.11012098398984942,0.05,1.0,51681,2598.5773799999993,259.8577379999999,15.301415697782561,25.92027636245819,0.606298010884151,70.64625938166577,26,0.024922118380062305,False,False,False,1755,0,0.0,52.28262000000006,0.6383887287345732,0.23577847877209804,0.10430712501479279,0.1101209819316864
SSI,BAD,UCB_WITHOUT_COST_NETWORK,UCB-VAE without Cost Network,60,23,test,0.11012098398984942,0.05,1.0,51681,-82.9903900000005,-8.29903900000005,-4.253625476075118,36.40518916331879,0.007103666805019999,50.53047654134094,20,0.008032128514056224,False,False,False,397,0,0.0,29.540390000000027,0.7581099963451006,0.36017981357124434,0.10746038475255106,0.1101209819316864
SSI,BAD,UCB_WITHOUT_COST_NETWORK,UCB-VAE without Cost Network,60,24,train,0.1,0.05,1.0,53928,2774.583999999999,277.4583999999999,15.915221071462216,23.98626016171589,0.657306966599421,56.20759619545007,17,0.030262572318647086,False,False,False,1737,0,0.0,52.49600000000002,0.6084396302187163,0.2328110395548977,0.09453974309617653,0.10000000149011612
SSI,BAD,UCB_WITHOUT_COST_NETWORK,UCB-VAE without Cost Network,60,24,test,0.1,0.05,1.0,53928,-130.8214800000004,-13.082148000000041,-6.792697209280673,36.4005224218446,-0.06732613624452666,51.5983793637362,21,0.006024096385542169,False,False,False,403,0,0.0,30.17148000000001,0.7580816538638993,0.3601596672611543,0.09759678696521924,0.10000000149011612
SSI,BAD,UCB_WITHOUT_COST_NETWORK,UCB-VAE without Cost Network,60,25,train,0.1,0.05,1.0,56175,2542.2144200000002,254.221442,15.099209327544628,25.835623025482924,0.6006143150103526,68.36515786639985,24,0.024922118380062305,False,False,False,1765,0,0.0,53.42558000000006,0.6540125395684008,0.23561848948399225,0.09477844120950506,0.10000000149011612
SSI,BAD,UCB_WITHOUT_COST_NETWORK,UCB-VAE without Cost Network,60,25,test,0.1,0.05,1.0,56175,-112.54665000000045,-11.254665000000045,-5.8145687274101405,36.206105002794324,-0.04054530409166372,50.79080586097376,21,0.006024096385542169,False,False,False,402,0,0.0,30.216650000000016,0.7552991341084226,0.35822087194187097,0.09759624516057594,0.10000000149011612
SSI,BAD,UCB_WITHOUT_COST_NETWORK,UCB-VAE without Cost Network,60,26,train,0.1,0.05,1.0,58422,2460.4308499999993,246.04308499999993,14.800659369876534,25.37972508724297,0.5964391475621671,69.62608002751652,25,0.024477080551846907,False,False,False,1784,0,0.0,52.71915000000006,0.5992007708365463,0.22887848551386347,0.09440145100337931,0.10000000149011612
SSI,BAD,UCB_WITHOUT_COST_NETWORK,UCB-VAE without Cost Network,60,26,test,0.1,0.05,1.0,58422,-166.81748000000061,-16.68174800000006,-8.749766760508926,35.785675730504146,-0.13445345556774796,52.27880431003415,19,0.006024096385542169,False,False,False,408,0,0.0,30.59748000000002,0.7462077484714729,0.35654453625042276,0.0976016116350639,0.10000000149011612
SSI,BAD,UCB_WITHOUT_COST_NETWORK,UCB-VAE without Cost Network,60,27,train,0.1,0.05,1.0,60669,2532.60437,253.260437,15.064447532853208,25.66456168752867,0.6016987763194364,68.84719140543652,24,0.02358700489541611,False,False,False,1792,0,0.0,54.38563000000007,0.6390660341509928,0.23265318079131628,0.09475174850314794,0.10000000149011612
SSI,BAD,UCB_WITHOUT_COST_NETWORK,UCB-VAE without Cost Network,60,27,test,0.1,0.05,1.0,60669,-154.5449200000005,-15.45449200000005,-8.077869605248756,35.67323338803534,-0.11529946049015743,52.27880431003415,18,0.006024096385542169,False,False,False,413,0,0.0,31.13491999999999,0.7448561106623026,0.3550693439132717,0.09760349453061373,0.10000000149011612
SSI,BAD,UCB_WITHOUT_COST_NETWORK,UCB-VAE without Cost Network,60,28,train,0.1,0.05,1.0,62916,2534.445630000001,253.4445630000001,15.071114304019439,25.213369463453777,0.6081518787078154,70.09877343064083,26,0.024922118380062305,False,False,False,1777,0,0.0,53.30437000000001,0.5843903466457385,0.22489571434076383,0.09425193126347187,0.10000000149011612
SSI,BAD,UCB_WITHOUT_COST_NETWORK,UCB-VAE without Cost Network,60,28,test,0.1,0.05,1.0,62916,-148.38801000000058,-14.838801000000057,-7.742622235846719,35.8818636003642,-0.10243590288961672,52.27880431003415,19,0.006024096385542169,False,False,False,414,0,0.0,30.948009999999986,0.7457851174411041,0.35375454728622513,0.09760896131048111,0.10000000149011612
SSI,BAD,UCB_WITHOUT_COST_NETWORK,UCB-VAE without Cost Network,60,29,train,0.1,0.05,1.0,65163,2503.1082300000003,250.31082300000006,14.957225702397459,24.3770442525456,0.6163870068096265,66.23836996873762,21,0.0258121940364931,False,False,False,1815,0,0.0,54.28177000000006,0.5669117375527162,0.22385198359999808,0.09430951597210865,0.10000000149011612
SSI,BAD,UCB_WITHOUT_COST_NETWORK,UCB-VAE without Cost Network,60,29,test,0.1,0.05,1.0,65163,-159.30820000000017,-15.930820000000018,-8.338068467126991,36.031294125439004,-0.1185690718251685,52.734096941297636,19,0.006024096385542169,False,False,False,418,0,0.0,31.28819999999999,0.7500528542853103,0.35289290388784256,0.09761352845790308,0.10000000149011612
SSI,BAD,UCB_WITHOUT_COST_NETWORK,UCB-VAE without Cost Network,60,30,train,0.1,0.05,1.0,67410,2540.75383,254.07538300000004,15.093931438412556,23.04315257789763,0.6434983274975691,55.57919256349248,17,0.02358700489541611,False,False,False,1785,0,0.0,54.396169999999984,0.5492332449346498,0.22263851919981126,0.09422701745218563,0.10000000149011612
SSI,BAD,UCB_WITHOUT_COST_NETWORK,UCB-VAE without Cost Network,60,30,test,0.1,0.05,1.0,67410,-123.28042000000073,-12.328042000000075,-6.3878450337608195,35.75000412185682,-0.06298401071690596,50.73071890554357,20,0.006024096385542169,False,False,False,421,0,0.0,31.76041999999999,0.7464832566494028,0.35027871074446715,0.09761050849603492,0.10000000149011612
SSI,BAD,UCB_WITHOUT_COST_NETWORK,UCB-VAE without Cost Network,60,31,train,0.1,0.05,1.0,69657,2368.28944,236.82894399999998,14.4566900714735,24.34172199456285,0.5988595991887055,66.55326924096171,21,0.021361815754339118,False,False,False,1821,0,0.0,55.19056000000006,0.5662073663251627,0.2225389108592317,0.09433443106901719,0.10000000149011612
SSI,BAD,UCB_WITHOUT_COST_NETWORK,UCB-VAE without Cost Network,60,31,test,0.1,0.05,1.0,69657,-121.58378000000062,-12.158378000000061,-6.29699798068194,35.576403214450444,-0.06223353099343279,50.93368597417803,19,0.006024096385542169,False,False,False,424,0,0.0,31.943780000000018,0.7445927601843825,0.3488131244498563,0.09761183065718959,0.10000000149011612
SSI,BAD,UCB_WITHOUT_COST_NETWORK,UCB-VAE without Cost Network,60,32,train,0.1,0.05,1.0,71904,2301.27256,230.12725599999996,14.201218602563825,24.295765600943234,0.590248624198992,66.61758003197022,21,0.023141967067200713,False,False,False,1822,0,0.0,55.12744000000003,0.564471257045083,0.22119780969078615,0.09428432363836362,0.10000000149011612
SSI,BAD,UCB_WITHOUT_COST_NETWORK,UCB-VAE without Cost Network,60,32,test,0.1,0.05,1.0,71904,-90.52479000000062,-9.052479000000062,-4.649126604723608,35.72492427906418,-0.011415211837350246,50.93368597417803,20,0.006024096385542169,False,False,False,428,0,0.0,32.45479000000002,0.7444608454200851,0.3472368775541524,0.09761381972283288,0.10000000149011612
SSI,BAD,UCB_WITHOUT_COST_NETWORK,UCB-VAE without Cost Network,60,33,train,0.1,0.05,1.0,74151,2543.488929999999,254.34889299999992,15.103813230472785,22.927447695498756,0.6459342587872778,54.060910176804896,17,0.022696929238985315,False,False,False,1795,0,0.0,54.96106999999994,0.5413211726736753,0.21901145751178133,0.09415253795987533,0.10000000149011612
SSI,BAD,UCB_WITHOUT_COST_NETWORK,UCB-VAE without Cost Network,60,33,test,0.1,0.05,1.0,74151,-103.49915000000033,-10.349915000000033,-5.334031840746145,35.85021633375652,-0.03035422017469754,51.20526976765597,20,0.006024096385542169,False,False,False,426,0,0.0,32.279149999999994,0.7482377833530457,0.3462480622302576,0.0976192891943211,0.10000000149011612
SSI,BAD,UCB_WITHOUT_COST_NETWORK,UCB-VAE without Cost Network,60,34,train,0.1,0.05,1.0,76398,2317.6585699999987,231.76585699999984,14.26410567445684,23.805670955394262,0.5997850853768854,64.3685861370757,21,0.020026702269692925,False,False,False,1833,0,0.0,55.49143000000008,0.5487094133767549,0.21751268834048076,0.09418787356022493,0.10000000149011612
SSI,BAD,UCB_WITHOUT_COST_NETWORK,UCB-VAE without Cost Network,60,34,test,0.1,0.05,1.0,76398,-139.54675000000032,-13.95467500000003,-7.263315673360726,35.78692678567191,-0.08897275593572267,52.12521466387111,19,0.006024096385542169,False,False,False,430,0,0.0,32.746750000000006,0.7454254160313067,0.3448569103776212,0.09762695920254115,0.10000000149011612
SSI,BAD,UCB_WITHOUT_COST_NETWORK,UCB-VAE without Cost Network,60,35,train,0.1,0.05,1.0,78645,2440.6012999999984,244.06012999999987,14.727327883560392,22.243159408931337,0.6440158103549547,53.75522227640601,17,0.022696929238985315,False,False,False,1796,0,0.0,55.35870000000002,0.5002267029549793,0.21351843756015534,0.09403295359537069,0.10000000149011612
SSI,BAD,UCB_WITHOUT_COST_NETWORK,UCB-VAE without Cost Network,60,35,test,0.1,0.05,1.0,78645,-176.54716000000053,-17.654716000000054,-9.285958775435299,35.85290103033565,-0.15002020967798813,52.31102854753033,20,0.006024096385542169,False,False,False,434,0,0.0,32.94716000000002,0.7481671609008917,0.3440161214834715,0.09763417350126252,0.10000000149011612
SSI,BAD,UCB_WITHOUT_COST_NETWORK,UCB-VAE without Cost Network,60,36,train,0.1,0.05,1.0,80892,2198.12988,219.81298799999996,13.798880761895905,23.879438277367093,0.5814512372915603,65.38935506515512,21,0.020026702269692925,False,False,False,1837,0,0.0,56.17012000000003,0.5504759730572558,0.21646459906975005,0.09425292073551152,0.10000000149011612
SSI,BAD,UCB_WITHOUT_COST_NETWORK,UCB-VAE without Cost Network,60,36,test,0.1,0.05,1.0,80892,-178.44930000000056,-17.844930000000055,-9.391151877550087,35.81372702833953,-0.15383439906401372,52.31102854753033,19,0.006024096385542169,False,False,False,436,0,0.0,32.94930000000001,0.7498700441098637,0.34269331422555876,0.09764183775629602,0.10000000149011612
SSI,BAD,UCB_WITHOUT_COST_NETWORK,UCB-VAE without Cost Network,60,37,train,0.1,0.05,1.0,83139,2160.20005,216.02000499999997,13.648019478548367,24.176361778080317,0.5717898228495678,66.8586601830261,21,0.020471740097908322,False,False,False,1838,0,0.0,56.12995000000009,0.5592394870274926,0.21640358351645175,0.09426574120368489,0.10000000149011612
SSI,BAD,UCB_WITHOUT_COST_NETWORK,UCB-VAE without Cost Network,60,37,test,0.1,0.05,1.0,83139,-141.91454000000067,-14.191454000000068,-7.391437867088923,36.01481997345019,-0.08988344616103465,50.76572363666653,21,0.006024096385542169,False,False,False,434,0,0.0,33.094540000000016,0.7503693959378306,0.340846053238614,0.09763787968499724,0.10000000149011612
SSI,BAD,UCB_WITHOUT_COST_NETWORK,UCB-VAE without Cost Network,60,38,train,0.1,0.05,1.0,85386,2169.2845299999994,216.92845299999996,13.684297872388429,24.047722637946478,0.5748430759561715,66.9883839925578,21,0.020026702269692925,False,False,False,1844,0,0.0,56.545470000000044,0.5550840074399568,0.21532390243777924,0.09430232913730219,0.10000000149011612
SSI,BAD,UCB_WITHOUT_COST_NETWORK,UCB-VAE without Cost Network,60,38,test,0.1,0.05,1.0,85386,-115.92292000000089,-11.59229200000009,-5.994516487542089,35.80221237514961,-0.05049007066099785,50.81999357228783,19,0.006024096385542169,False,False,False,441,0,0.0,33.752919999999996,0.7434512396110128,0.33918257506496935,0.0976368478067864,0.10000000149011612
SSI,BAD,UCB_WITHOUT_COST_NETWORK,UCB-VAE without Cost Network,60,39,train,0.1,0.05,1.0,87633,2142.26154,214.22615399999998,13.576109921002576,23.70507311060625,0.5756651644429353,65.16735659337998,22,0.019581664441477527,False,False,False,1846,0,0.0,56.91846000000007,0.5422220935997683,0.2134467790696586,0.09423716052180212,0.10000000149011612
SSI,BAD,UCB_WITHOUT_COST_NETWORK,UCB-VAE without Cost Network,60,39,test,0.1,0.05,1.0,87633,-98.29425000000072,-9.829425000000072,-5.058680255128456,35.73159215541935,-0.02343643071473525,50.81999357228783,19,0.006024096385542169,False,False,False,441,0,0.0,33.47425,0.7438876864301682,0.3378865403762783,0.0976410989383356,0.10000000149011612
SSI,BAD,UCB_WITHOUT_COST_NETWORK,UCB-VAE without Cost Network,60,40,train,0.1,0.05,1.0,89880,2107.0999199999997,210.70999199999994,13.434093688756544,23.530277158540166,0.572847613795148,64.8534791312157,21,0.020026702269692925,False,False,False,1848,0,0.0,57.60008000000004,0.5324134593125172,0.21198189526159708,0.0941506707882203,0.10000000149011612
SSI,BAD,UCB_WITHOUT_COST_NETWORK,UCB-VAE without Cost Network,60,40,test,0.1,0.05,1.0,89880,-132.6220100000006,-13.262201000000061,-6.889619680383364,35.106098873888435,-0.0860537325454342,50.2214960550066,19,0.006024096385542169,False,False,False,442,0,0.0,33.80201000000001,0.7379270803039639,0.33591170719708785,0.09763775276534964,0.10000000149011612
SSI,BAD,UCB_WITHOUT_COST_NETWORK,UCB-VAE without Cost Network,60,41,train,0.1,0.05,1.0,92127,2068.3611199999996,206.83611199999996,13.275965955431879,22.956496958851456,0.5752460018180622,62.073351596436666,20,0.020471740097908322,False,False,False,1850,0,0.0,57.87888000000008,0.5231254119641231,0.21023829831088126,0.09411927143582592,0.10000000149011612
SSI,BAD,UCB_WITHOUT_COST_NETWORK,UCB-VAE without Cost Network,60,41,test,0.1,0.05,1.0,92127,-118.21426000000076,-11.821426000000077,-6.116834986871423,34.896400913524076,-0.06477631489377393,50.2214960550066,18,0.004016064257028112,False,False,False,446,0,0.0,34.29426000000001,0.7361370114842547,0.3345595519825158,0.09763864660652592,0.10000000149011612
SSI,BAD,UCB_WITHOUT_COST_NETWORK,UCB-VAE without Cost Network,60,42,train,0.1,0.05,1.0,94374,1989.511359999999,198.9511359999999,12.948550638320256,23.325271966222516,0.557310385021305,65.33273712037018,21,0.020471740097908322,False,False,False,1853,0,0.0,58.10864000000004,0.5260137530476909,0.2096566164167287,0.09413134425902037,0.10000000149011612
SSI,BAD,UCB_WITHOUT_COST_NETWORK,UCB-VAE without Cost Network,60,42,test,0.1,0.05,1.0,94374,-141.82529000000045,-14.182529000000043,-7.386605316437267,35.13011152252844,-0.10105443983048143,50.33139279916911,18,0.004016064257028112,False,False,False,450,0,0.0,34.78529000000002,0.737078844713336,0.3332588510460643,0.09764533414729497,0.10000000149011612
SSI,BAD,UCB_WITHOUT_COST_NETWORK,UCB-VAE without Cost Network,60,43,train,0.1,0.05,1.0,96621,2011.36078,201.136078,13.040039621060417,23.248344835265534,0.5619209528690405,65.43504984720694,21,0.021806853582554516,False,False,False,1848,0,0.0,58.459220000000045,0.5215637092450441,0.2089523861361282,0.09414873763550523,0.10000000149011612
SSI,BAD,UCB_WITHOUT_COST_NETWORK,UCB-VAE without Cost Network,60,43,test,0.1,0.05,1.0,96621,-129.60071000000016,-12.960071000000017,-6.727040099705073,35.05498798243749,-0.08159881511040719,49.83422938086151,18,0.004016064257028112,False,False,False,456,0,0.0,35.67071,0.7378517086634749,0.33227770751618957,0.0976459379952269,0.10000000149011612
SSI,BAD,UCB_WITHOUT_COST_NETWORK,UCB-VAE without Cost Network,60,44,train,0.1,0.05,1.0,98868,1946.0455699999993,194.60455699999991,12.76476743974342,23.220611043911912,0.551681454481735,65.03215695201399,20,0.021806853582554516,False,False,False,1850,0,0.0,58.66443,0.521764352316529,0.2081640340424295,0.09419659005541552,0.10000000149011612
SSI,BAD,UCB_WITHOUT_COST_NETWORK,UCB-VAE without Cost Network,60,44,test,0.1,0.05,1.0,98868,-93.69165000000066,-9.369165000000066,-4.8158508558455715,35.32168491825531,-0.020486541150630238,49.49306151774909,20,0.004016064257028112,False,False,False,455,0,0.0,35.58165000000001,0.7374442303319552,0.3307507676951378,0.09764790513891729,0.10000000149011612
SSI,BAD,UCB_WITHOUT_COST_NETWORK,UCB-VAE without Cost Network,60,45,train,0.1,0.05,1.0,101115,2170.986649999999,217.09866499999987,13.691084916087437,21.737130325092412,0.6118615628481093,54.715232113842816,17,0.02091677792612372,False,False,False,1834,0,0.0,58.283350000000056,0.48836931397509864,0.20466911654486675,0.09397517308480059,0.10000000149011612
SSI,BAD,UCB_WITHOUT_COST_NETWORK,UCB-VAE without Cost Network,60,45,test,0.1,0.05,1.0,101115,-130.5403400000008,-13.054034000000081,-6.777572485653993,34.991676722131466,-0.0839824906963215,49.49306151774909,19,0.004016064257028112,False,False,False,459,0,0.0,35.80034000000001,0.7376199465510254,0.32931241473878725,0.09765400716578625,0.10000000149011612
