ticker,period,model_key,model,seed,episode,split,control,profit,roi,arr,volatility,sharpe,max_drawdown,violations
HPG,GOOD,UNCERTAINTY_AWARE_UCB_009,Uncertainty-Aware UCB-VAE — vae_019 + ucb_009,41,1,train,0.03,780.3342099999975,78.03342099999975,10.117235606110576,21.490324081013508,0.466710612847663,37.03035201035282,9
HPG,GOOD,UNCERTAINTY_AWARE_UCB_009,Uncertainty-Aware UCB-VAE — vae_019 + ucb_009,41,1,test,0.03,2112.4240300000006,211.24240300000005,46.09292323266332,31.58241689173516,1.3000021555078438,38.15967048602732,11
HPG,GOOD,UNCERTAINTY_AWARE_UCB_009,Uncertainty-Aware UCB-VAE — vae_019 + ucb_009,41,2,train,0.027,774.2456299999969,77.4245629999997,10.054222738765596,21.404641607558776,0.46502608882119734,37.06377539132944,9
HPG,GOOD,UNCERTAINTY_AWARE_UCB_009,Uncertainty-Aware UCB-VAE — vae_019 + ucb_009,41,2,test,0.027,2093.4812400000005,209.34812400000004,45.79546244858259,31.51974014693057,1.2954659214063486,38.15967048602732,11
HPG,GOOD,UNCERTAINTY_AWARE_UCB_009,Uncertainty-Aware UCB-VAE — vae_019 + ucb_009,41,3,train,0.024300000000000002,774.3599499999964,77.43599499999964,10.055407534811444,21.387297508584087,0.4652846278234982,37.11204304743339,9
HPG,GOOD,UNCERTAINTY_AWARE_UCB_009,Uncertainty-Aware UCB-VAE — vae_019 + ucb_009,41,3,test,0.024300000000000002,2094.033630000001,209.40336300000007,45.804153841904906,31.523573451005717,1.2955365996113863,38.15967048602732,11
HPG,GOOD,UNCERTAINTY_AWARE_UCB_009,Uncertainty-Aware UCB-VAE — vae_019 + ucb_009,41,4,train,0.02187,778.5490599999971,77.85490599999972,10.098779079553989,21.33404381242821,0.46777559462505003,37.021841758181715,9
HPG,GOOD,UNCERTAINTY_AWARE_UCB_009,Uncertainty-Aware UCB-VAE — vae_019 + ucb_009,41,4,test,0.02187,2094.033630000001,209.40336300000007,45.804153841904906,31.523573451005717,1.2955365996113863,38.15967048602732,11
HPG,GOOD,UNCERTAINTY_AWARE_UCB_009,Uncertainty-Aware UCB-VAE — vae_019 + ucb_009,41,5,train,0.019683,775.9158499999965,77.59158499999964,10.07152634076518,21.432230574431408,0.46544101608995525,37.05783770127657,9
HPG,GOOD,UNCERTAINTY_AWARE_UCB_009,Uncertainty-Aware UCB-VAE — vae_019 + ucb_009,41,5,test,0.019683,2094.033630000001,209.40336300000007,45.804153841904906,31.523573451005717,1.2955365996113863,38.15967048602732,11
HPG,GOOD,UNCERTAINTY_AWARE_UCB_009,Uncertainty-Aware UCB-VAE — vae_019 + ucb_009,41,6,train,0.0177147,783.9294899999968,78.39294899999967,10.154360190427392,21.42170910828991,0.4691083836144225,37.06330159000892,9
HPG,GOOD,UNCERTAINTY_AWARE_UCB_009,Uncertainty-Aware UCB-VAE — vae_019 + ucb_009,41,6,test,0.0177147,2112.8028500000005,211.28028500000005,46.09885957061506,31.59529466730965,1.2997310621622251,38.15967048602732,11
HPG,GOOD,UNCERTAINTY_AWARE_UCB_009,Uncertainty-Aware UCB-VAE — vae_019 + ucb_009,41,7,train,0.015943230000000003,801.4518799999976,80.14518799999976,10.334408017388629,21.383565528925665,0.4772694362805493,37.05390308549627,9
HPG,GOOD,UNCERTAINTY_AWARE_UCB_009,Uncertainty-Aware UCB-VAE — vae_019 + ucb_009,41,7,test,0.015943230000000003,2112.8028500000005,211.28028500000005,46.09885957061506,31.59529466730965,1.2997310621622251,38.15967048602732,11
HPG,GOOD,UNCERTAINTY_AWARE_UCB_009,Uncertainty-Aware UCB-VAE — vae_019 + ucb_009,41,8,train,0.014348907000000001,782.3186099999971,78.2318609999997,10.137734080651907,21.44759106068344,0.4680907371451136,37.08525912907442,9
HPG,GOOD,UNCERTAINTY_AWARE_UCB_009,Uncertainty-Aware UCB-VAE — vae_019 + ucb_009,41,8,test,0.014348907000000001,2112.8028500000005,211.28028500000005,46.09885957061506,31.59529466730965,1.2997310621622251,38.15967048602732,11
HPG,GOOD,UNCERTAINTY_AWARE_UCB_009,Uncertainty-Aware UCB-VAE — vae_019 + ucb_009,41,9,train,0.012914016300000003,789.9105699999973,78.99105699999973,10.215982519226753,21.44470848194908,0.4714635209370044,37.042538410353046,9
HPG,GOOD,UNCERTAINTY_AWARE_UCB_009,Uncertainty-Aware UCB-VAE — vae_019 + ucb_009,41,9,test,0.012914016300000003,2112.8028500000005,211.28028500000005,46.09885957061506,31.59529466730965,1.2997310621622251,38.15967048602732,11
HPG,GOOD,UNCERTAINTY_AWARE_UCB_009,Uncertainty-Aware UCB-VAE — vae_019 + ucb_009,41,10,train,0.011622614670000002,791.9758199999978,79.19758199999978,10.237220701873273,21.41891829755417,0.47268314006131645,37.06827236796735,9
HPG,GOOD,UNCERTAINTY_AWARE_UCB_009,Uncertainty-Aware UCB-VAE — vae_019 + ucb_009,41,10,test,0.011622614670000002,2112.8028500000005,211.28028500000005,46.09885957061506,31.59529466730965,1.2997310621622251,38.15967048602732,11
HPG,GOOD,UNCERTAINTY_AWARE_UCB_009,Uncertainty-Aware UCB-VAE — vae_019 + ucb_009,41,11,train,0.010460353203000003,847.4709399999979,84.74709399999979,10.800415248416751,20.13683027280865,0.5151881094329067,37.02730140370642,8
HPG,GOOD,UNCERTAINTY_AWARE_UCB_009,Uncertainty-Aware UCB-VAE — vae_019 + ucb_009,41,11,test,0.010460353203000003,2112.5107800000005,211.25107800000004,46.09428269998881,31.606205555236773,1.2992932666880437,38.15967048602732,11
HPG,GOOD,UNCERTAINTY_AWARE_UCB_009,Uncertainty-Aware UCB-VAE — vae_019 + ucb_009,41,12,train,0.01,854.118869999998,85.4118869999998,10.866933434024517,20.156992209163676,0.5178751944278296,36.9869610186218,8
HPG,GOOD,UNCERTAINTY_AWARE_UCB_009,Uncertainty-Aware UCB-VAE — vae_019 + ucb_009,41,12,test,0.01,2112.4625500000006,211.24625500000005,46.09352688628463,31.606445403808976,1.2992693736474397,38.15967048602732,11
HPG,GOOD,UNCERTAINTY_AWARE_UCB_009,Uncertainty-Aware UCB-VAE — vae_019 + ucb_009,41,13,train,0.01,863.8563999999976,86.38563999999977,10.964008002024661,20.27952410721035,0.5203128112216906,36.990297342150726,9
HPG,GOOD,UNCERTAINTY_AWARE_UCB_009,Uncertainty-Aware UCB-VAE — vae_019 + ucb_009,41,13,test,0.01,2112.4625500000006,211.24625500000005,46.09352688628463,31.606445403808976,1.2992693736474397,38.15967048602732,11
HPG,GOOD,UNCERTAINTY_AWARE_UCB_009,Uncertainty-Aware UCB-VAE — vae_019 + ucb_009,41,14,train,0.01,864.3396199999984,86.43396199999984,10.968814267637095,20.368277756383563,0.5191395188121715,37.051460117764826,9
HPG,GOOD,UNCERTAINTY_AWARE_UCB_009,Uncertainty-Aware UCB-VAE — vae_019 + ucb_009,41,14,test,0.01,2112.4625500000006,211.24625500000005,46.09352688628463,31.606445403808976,1.2992693736474397,38.15967048602732,11
HPG,GOOD,UNCERTAINTY_AWARE_UCB_009,Uncertainty-Aware UCB-VAE — vae_019 + ucb_009,41,15,train,0.01,880.2125499999979,88.02125499999978,11.126117794357882,20.48212687348466,0.5243547130111634,37.00494207022608,9
HPG,GOOD,UNCERTAINTY_AWARE_UCB_009,Uncertainty-Aware UCB-VAE — vae_019 + ucb_009,41,15,test,0.01,2112.3551800000005,211.23551800000007,46.09184425993826,31.607282153830962,1.2992066738167116,38.15967048602732,11
HPG,GOOD,UNCERTAINTY_AWARE_UCB_009,Uncertainty-Aware UCB-VAE — vae_019 + ucb_009,41,16,train,0.01,872.1157499999983,87.21157499999983,11.04601588078995,20.681636757263146,0.5177452772811753,37.05977743982308,9
HPG,GOOD,UNCERTAINTY_AWARE_UCB_009,Uncertainty-Aware UCB-VAE — vae_019 + ucb_009,41,16,test,0.01,2112.3551800000005,211.23551800000007,46.09184425993826,31.607282153830962,1.2992066738167116,38.15967048602732,11
HPG,GOOD,UNCERTAINTY_AWARE_UCB_009,Uncertainty-Aware UCB-VAE — vae_019 + ucb_009,41,17,train,0.01,869.1959199999983,86.91959199999984,11.017059106569604,20.764514092354236,0.5152314414651538,37.0103558940011,9
HPG,GOOD,UNCERTAINTY_AWARE_UCB_009,Uncertainty-Aware UCB-VAE — vae_019 + ucb_009,41,17,test,0.01,2112.3551800000005,211.23551800000007,46.09184425993826,31.607282153830962,1.2992066738167116,38.15967048602732,11
HPG,GOOD,UNCERTAINTY_AWARE_UCB_009,Uncertainty-Aware UCB-VAE — vae_019 + ucb_009,41,18,train,0.01,854.0800399999985,85.40800399999985,10.866545484068801,20.856468403749385,0.50730518461333,36.987469487560986,9
HPG,GOOD,UNCERTAINTY_AWARE_UCB_009,Uncertainty-Aware UCB-VAE — vae_019 + ucb_009,41,18,test,0.01,2112.3551800000005,211.23551800000007,46.09184425993826,31.607282153830962,1.2992066738167116,38.15967048602732,11
HPG,GOOD,UNCERTAINTY_AWARE_UCB_009,Uncertainty-Aware UCB-VAE — vae_019 + ucb_009,41,19,train,0.01,855.4889899999982,85.54889899999982,10.88061795255133,20.768602992006805,0.5091924054435848,36.96710493721022,9
HPG,GOOD,UNCERTAINTY_AWARE_UCB_009,Uncertainty-Aware UCB-VAE — vae_019 + ucb_009,41,19,test,0.01,2112.3551800000005,211.23551800000007,46.09184425993826,31.607282153830962,1.2992066738167116,38.15967048602732,11
HPG,GOOD,UNCERTAINTY_AWARE_UCB_009,Uncertainty-Aware UCB-VAE — vae_019 + ucb_009,41,20,train,0.01,856.7329599999987,85.67329599999987,10.893035219157788,20.806320690843343,0.5091895267719931,37.0408533051316,9
HPG,GOOD,UNCERTAINTY_AWARE_UCB_009,Uncertainty-Aware UCB-VAE — vae_019 + ucb_009,41,20,test,0.01,2112.3551800000005,211.23551800000007,46.09184425993826,31.607282153830962,1.2992066738167116,38.15967048602732,11
HPG,GOOD,UNCERTAINTY_AWARE_UCB_009,Uncertainty-Aware UCB-VAE — vae_019 + ucb_009,41,21,train,0.01,907.0573299999987,90.70573299999988,11.389654755045298,19.66045425639687,0.5500981545758247,37.065007256152256,8
HPG,GOOD,UNCERTAINTY_AWARE_UCB_009,Uncertainty-Aware UCB-VAE — vae_019 + ucb_009,41,21,test,0.01,2112.3551800000005,211.23551800000007,46.09184425993826,31.607282153830962,1.2992066738167116,38.15967048602732,11
HPG,GOOD,UNCERTAINTY_AWARE_UCB_009,Uncertainty-Aware UCB-VAE — vae_019 + ucb_009,41,22,train,0.01,904.8295399999988,90.48295399999988,11.367902373681815,19.63271195416177,0.5495935483504212,36.99012042307556,8
HPG,GOOD,UNCERTAINTY_AWARE_UCB_009,Uncertainty-Aware UCB-VAE — vae_019 + ucb_009,41,22,test,0.01,2112.3551800000005,211.23551800000007,46.09184425993826,31.607282153830962,1.2992066738167116,38.15967048602732,11
HPG,GOOD,UNCERTAINTY_AWARE_UCB_009,Uncertainty-Aware UCB-VAE — vae_019 + ucb_009,41,23,train,0.01,910.6133699999989,91.06133699999988,11.424332497123203,19.673719510808088,0.5514528478804054,37.01974635849604,8
HPG,GOOD,UNCERTAINTY_AWARE_UCB_009,Uncertainty-Aware UCB-VAE — vae_019 + ucb_009,41,23,test,0.01,2112.3551800000005,211.23551800000007,46.09184425993826,31.607282153830962,1.2992066738167116,38.15967048602732,11
HPG,GOOD,UNCERTAINTY_AWARE_UCB_009,Uncertainty-Aware UCB-VAE — vae_019 + ucb_009,41,24,train,0.01,913.0494499999991,91.3049449999999,11.44805761357408,19.695702236685143,0.5521395176351618,36.901277641949584,8
HPG,GOOD,UNCERTAINTY_AWARE_UCB_009,Uncertainty-Aware UCB-VAE — vae_019 + ucb_009,41,24,test,0.01,2112.3551800000005,211.23551800000007,46.09184425993826,31.607282153830962,1.2992066738167116,38.15967048602732,11
HPG,GOOD,UNCERTAINTY_AWARE_UCB_009,Uncertainty-Aware UCB-VAE — vae_019 + ucb_009,41,25,train,0.01,933.6945599999988,93.36945599999987,11.64811756548807,19.754304292729156,0.5602490856556358,37.04740392368372,8
HPG,GOOD,UNCERTAINTY_AWARE_UCB_009,Uncertainty-Aware UCB-VAE — vae_019 + ucb_009,41,25,test,0.01,2112.3551800000005,211.23551800000007,46.09184425993826,31.607282153830962,1.2992066738167116,38.15967048602732,11
HPG,GOOD,UNCERTAINTY_AWARE_UCB_009,Uncertainty-Aware UCB-VAE — vae_019 + ucb_009,41,26,train,0.01,936.7980599999989,93.6798059999999,11.678037817899822,19.932251621210632,0.5583554087579676,37.00844970570661,8
HPG,GOOD,UNCERTAINTY_AWARE_UCB_009,Uncertainty-Aware UCB-VAE — vae_019 + ucb_009,41,26,test,0.01,2112.3551800000005,211.23551800000007,46.09184425993826,31.607282153830962,1.2992066738167116,38.15967048602732,11
HPG,GOOD,UNCERTAINTY_AWARE_UCB_009,Uncertainty-Aware UCB-VAE — vae_019 + ucb_009,41,27,train,0.01,937.6440899999986,93.76440899999986,11.686187304918505,19.966804674288753,0.5581005165132024,37.02499705190503,8
HPG,GOOD,UNCERTAINTY_AWARE_UCB_009,Uncertainty-Aware UCB-VAE — vae_019 + ucb_009,41,27,test,0.01,2112.3551800000005,211.23551800000007,46.09184425993826,31.607282153830962,1.2992066738167116,38.15967048602732,11
HPG,GOOD,UNCERTAINTY_AWARE_UCB_009,Uncertainty-Aware UCB-VAE — vae_019 + ucb_009,41,28,train,0.01,937.5661999999986,93.75661999999986,11.685437143889343,19.95788753522427,0.5582273158344059,37.022985023482654,8
HPG,GOOD,UNCERTAINTY_AWARE_UCB_009,Uncertainty-Aware UCB-VAE — vae_019 + ucb_009,41,28,test,0.01,2112.3551800000005,211.23551800000007,46.09184425993826,31.607282153830962,1.2992066738167116,38.15967048602732,11
HPG,GOOD,UNCERTAINTY_AWARE_UCB_009,Uncertainty-Aware UCB-VAE — vae_019 + ucb_009,41,29,train,0.01,942.2636699999987,94.22636699999987,11.730633769975828,19.92746466918719,0.5608291336248501,37.04551862277676,8
HPG,GOOD,UNCERTAINTY_AWARE_UCB_009,Uncertainty-Aware UCB-VAE — vae_019 + ucb_009,41,29,test,0.01,2112.3551800000005,211.23551800000007,46.09184425993826,31.607282153830962,1.2992066738167116,38.15967048602732,11
HPG,GOOD,UNCERTAINTY_AWARE_UCB_009,Uncertainty-Aware UCB-VAE — vae_019 + ucb_009,41,30,train,0.01,945.8277399999986,94.58277399999986,11.764864701987676,19.91823480911033,0.5625484204240162,37.0131434743053,8
HPG,GOOD,UNCERTAINTY_AWARE_UCB_009,Uncertainty-Aware UCB-VAE — vae_019 + ucb_009,41,30,test,0.01,2112.3551800000005,211.23551800000007,46.09184425993826,31.607282153830962,1.2992066738167116,38.15967048602732,11
HPG,GOOD,UNCERTAINTY_AWARE_UCB_009,Uncertainty-Aware UCB-VAE — vae_019 + ucb_009,41,31,train,0.01,987.0532299999982,98.70532299999981,12.157064332944811,20.30321930550828,0.5730822467817622,37.00369323765544,8
HPG,GOOD,UNCERTAINTY_AWARE_UCB_009,Uncertainty-Aware UCB-VAE — vae_019 + ucb_009,41,31,test,0.01,2112.3551800000005,211.23551800000007,46.09184425993826,31.607282153830962,1.2992066738167116,38.15967048602732,11
HPG,GOOD,UNCERTAINTY_AWARE_UCB_009,Uncertainty-Aware UCB-VAE — vae_019 + ucb_009,41,32,train,0.01,973.3968999999986,97.33968999999986,12.02790146525392,20.339782889917398,0.5666940339622096,36.965524501421285,8
HPG,GOOD,UNCERTAINTY_AWARE_UCB_009,Uncertainty-Aware UCB-VAE — vae_019 + ucb_009,41,32,test,0.01,2112.3551800000005,211.23551800000007,46.09184425993826,31.607282153830962,1.2992066738167116,38.15967048602732,11
HPG,GOOD,UNCERTAINTY_AWARE_UCB_009,Uncertainty-Aware UCB-VAE — vae_019 + ucb_009,41,33,train,0.01,973.0770599999985,97.30770599999985,12.024867476835531,20.34133022714279,0.5665320568875589,36.969459357916676,8
HPG,GOOD,UNCERTAINTY_AWARE_UCB_009,Uncertainty-Aware UCB-VAE — vae_019 + ucb_009,41,33,test,0.01,2112.3551800000005,211.23551800000007,46.09184425993826,31.607282153830962,1.2992066738167116,38.15967048602732,11
HPG,GOOD,UNCERTAINTY_AWARE_UCB_009,Uncertainty-Aware UCB-VAE — vae_019 + ucb_009,41,34,train,0.01,973.045709999999,97.3045709999999,12.024570070046959,20.35066735457228,0.566351502838799,36.96984508881142,8
HPG,GOOD,UNCERTAINTY_AWARE_UCB_009,Uncertainty-Aware UCB-VAE — vae_019 + ucb_009,41,34,test,0.01,2112.3551800000005,211.23551800000007,46.09184425993826,31.607282153830962,1.2992066738167116,38.15967048602732,11
HPG,GOOD,UNCERTAINTY_AWARE_UCB_009,Uncertainty-Aware UCB-VAE — vae_019 + ucb_009,41,35,train,0.01,978.9396599999984,97.89396599999985,12.080414905568194,20.088550953190047,0.5736264867880178,36.73966553737855,8
HPG,GOOD,UNCERTAINTY_AWARE_UCB_009,Uncertainty-Aware UCB-VAE — vae_019 + ucb_009,41,35,test,0.01,2112.3551800000005,211.23551800000007,46.09184425993826,31.607282153830962,1.2992066738167116,38.15967048602732,11
HPG,GOOD,UNCERTAINTY_AWARE_UCB_009,Uncertainty-Aware UCB-VAE — vae_019 + ucb_009,41,36,train,0.01,982.7097199999985,98.27097199999984,12.116063401133381,20.121369309543415,0.5746105567923084,36.776423924414914,8
HPG,GOOD,UNCERTAINTY_AWARE_UCB_009,Uncertainty-Aware UCB-VAE — vae_019 + ucb_009,41,36,test,0.01,2112.3551800000005,211.23551800000007,46.09184425993826,31.607282153830962,1.2992066738167116,38.15967048602732,11
HPG,GOOD,UNCERTAINTY_AWARE_UCB_009,Uncertainty-Aware UCB-VAE — vae_019 + ucb_009,41,37,train,0.01,839.0489499999976,83.90489499999975,10.715859219199464,18.769051279909586,0.534532405150021,37.0147672417133,8
HPG,GOOD,UNCERTAINTY_AWARE_UCB_009,Uncertainty-Aware UCB-VAE — vae_019 + ucb_009,41,37,test,0.01,2112.3551800000005,211.23551800000007,46.09184425993826,31.607282153830962,1.2992066738167116,38.15967048602732,11
HPG,GOOD,UNCERTAINTY_AWARE_UCB_009,Uncertainty-Aware UCB-VAE — vae_019 + ucb_009,41,38,train,0.01,804.9975999999976,80.49975999999977,10.370663784672285,18.674300785713445,0.5194297781051557,37.00613846443171,8
HPG,GOOD,UNCERTAINTY_AWARE_UCB_009,Uncertainty-Aware UCB-VAE — vae_019 + ucb_009,41,38,test,0.01,2112.3551800000005,211.23551800000007,46.09184425993826,31.607282153830962,1.2992066738167116,38.15967048602732,11
HPG,GOOD,UNCERTAINTY_AWARE_UCB_009,Uncertainty-Aware UCB-VAE — vae_019 + ucb_009,41,39,train,0.01,805.2792599999975,80.52792599999975,10.373541276152354,18.67183998904722,0.5196143747154709,37.00234948354965,8
HPG,GOOD,UNCERTAINTY_AWARE_UCB_009,Uncertainty-Aware UCB-VAE — vae_019 + ucb_009,41,39,test,0.01,2112.3551800000005,211.23551800000007,46.09184425993826,31.607282153830962,1.2992066738167116,38.15967048602732,11
HPG,GOOD,UNCERTAINTY_AWARE_UCB_009,Uncertainty-Aware UCB-VAE — vae_019 + ucb_009,41,40,train,0.01,803.3582699999977,80.33582699999977,10.353908654583543,18.656663614328682,0.518921475639128,37.02820666914409,8
HPG,GOOD,UNCERTAINTY_AWARE_UCB_009,Uncertainty-Aware UCB-VAE — vae_019 + ucb_009,41,40,test,0.01,2112.3551800000005,211.23551800000007,46.09184425993826,31.607282153830962,1.2992066738167116,38.15967048602732,11
HPG,GOOD,UNCERTAINTY_AWARE_UCB_009,Uncertainty-Aware UCB-VAE — vae_019 + ucb_009,41,41,train,0.01,798.0446099999976,79.80446099999976,10.299511887150793,18.641190279630433,0.5165265307593949,37.02185793346798,8
HPG,GOOD,UNCERTAINTY_AWARE_UCB_009,Uncertainty-Aware UCB-VAE — vae_019 + ucb_009,41,41,test,0.01,2112.3551800000005,211.23551800000007,46.09184425993826,31.607282153830962,1.2992066738167116,38.15967048602732,11
HPG,GOOD,UNCERTAINTY_AWARE_UCB_009,Uncertainty-Aware UCB-VAE — vae_019 + ucb_009,41,42,train,0.01,798.2799199999979,79.8279919999998,10.301923623951481,18.63874117200968,0.5166883558051479,37.01867910516525,8
HPG,GOOD,UNCERTAINTY_AWARE_UCB_009,Uncertainty-Aware UCB-VAE — vae_019 + ucb_009,41,42,test,0.01,2112.3551800000005,211.23551800000007,46.09184425993826,31.607282153830962,1.2992066738167116,38.15967048602732,11
HPG,GOOD,UNCERTAINTY_AWARE_UCB_009,Uncertainty-Aware UCB-VAE — vae_019 + ucb_009,41,43,train,0.01,798.0446099999976,79.80446099999976,10.299511887150793,18.641190279630433,0.5165265307593949,37.02185793346798,8
HPG,GOOD,UNCERTAINTY_AWARE_UCB_009,Uncertainty-Aware UCB-VAE — vae_019 + ucb_009,41,43,test,0.01,2112.3551800000005,211.23551800000007,46.09184425993826,31.607282153830962,1.2992066738167116,38.15967048602732,11
HPG,GOOD,UNCERTAINTY_AWARE_UCB_009,Uncertainty-Aware UCB-VAE — vae_019 + ucb_009,41,44,train,0.01,809.9979999999978,80.99979999999978,10.421693288493184,18.661471697313843,0.5221524448217286,36.989952225026144,8
HPG,GOOD,UNCERTAINTY_AWARE_UCB_009,Uncertainty-Aware UCB-VAE — vae_019 + ucb_009,41,44,test,0.01,2112.3551800000005,211.23551800000007,46.09184425993826,31.607282153830962,1.2992066738167116,38.15967048602732,11
HPG,GOOD,UNCERTAINTY_AWARE_UCB_009,Uncertainty-Aware UCB-VAE — vae_019 + ucb_009,41,45,train,0.01,788.5382499999976,78.85382499999976,10.201858853994029,18.58543767470739,0.5127094252420293,36.98378844433537,8
HPG,GOOD,UNCERTAINTY_AWARE_UCB_009,Uncertainty-Aware UCB-VAE — vae_019 + ucb_009,41,45,test,0.01,2112.3551800000005,211.23551800000007,46.09184425993826,31.607282153830962,1.2992066738167116,38.15967048602732,11
HPG,GOOD,UNCERTAINTY_AWARE_UCB_009,Uncertainty-Aware UCB-VAE — vae_019 + ucb_009,42,1,train,0.03,-37.14372999999887,-3.714372999999887,-0.6304437200287283,5.540268849600633,-0.4484187103751778,18.013913491187942,0
HPG,GOOD,UNCERTAINTY_AWARE_UCB_009,Uncertainty-Aware UCB-VAE — vae_019 + ucb_009,42,1,test,0.03,324.5955199999987,32.45955199999987,9.839746897645373,13.460733812230686,0.6185042204667138,22.20733708314106,0
HPG,GOOD,UNCERTAINTY_AWARE_UCB_009,Uncertainty-Aware UCB-VAE — vae_019 + ucb_009,42,2,train,0.027,-16.61685999999918,-1.6616859999999178,-0.2795855663850655,5.540067745746469,-0.3842648337033764,17.13863541134768,0
HPG,GOOD,UNCERTAINTY_AWARE_UCB_009,Uncertainty-Aware UCB-VAE — vae_019 + ucb_009,42,2,test,0.027,320.5656899999981,32.056568999999804,9.728066626784138,13.553939286997926,0.6076410898118435,22.261692610570325,0
HPG,GOOD,UNCERTAINTY_AWARE_UCB_009,Uncertainty-Aware UCB-VAE — vae_019 + ucb_009,42,3,train,0.024300000000000002,-22.823149999998805,-2.28231499999988,-0.3850188734049631,5.7160943068982295,-0.38936726648499365,17.943506211520507,0
HPG,GOOD,UNCERTAINTY_AWARE_UCB_009,Uncertainty-Aware UCB-VAE — vae_019 + ucb_009,42,3,test,0.024300000000000002,320.957209999998,32.0957209999998,9.738926923522495,13.578840313690351,0.6075065031879954,22.256400006895795,0
HPG,GOOD,UNCERTAINTY_AWARE_UCB_009,Uncertainty-Aware UCB-VAE — vae_019 + ucb_009,42,4,train,0.02187,-22.49886999999967,-2.2498869999999673,-0.3794961701815369,5.730391805754536,-0.38727758545765084,17.733141960914654,0
HPG,GOOD,UNCERTAINTY_AWARE_UCB_009,Uncertainty-Aware UCB-VAE — vae_019 + ucb_009,42,4,test,0.02187,321.459909999998,32.1459909999998,9.75286807699549,13.583524513978967,0.6082826641921043,22.24960815053923,0
HPG,GOOD,UNCERTAINTY_AWARE_UCB_009,Uncertainty-Aware UCB-VAE — vae_019 + ucb_009,42,5,train,0.019683,-17.24305000000004,-1.7243050000000042,-0.29019818874688186,5.7777719508433805,-0.36798694459301334,17.10382414001472,0
HPG,GOOD,UNCERTAINTY_AWARE_UCB_009,Uncertainty-Aware UCB-VAE — vae_019 + ucb_009,42,5,test,0.019683,318.9711299999983,31.897112999999834,9.683813269003316,13.642904284379856,0.6015945197643827,22.283274048163545,0
HPG,GOOD,UNCERTAINTY_AWARE_UCB_009,Uncertainty-Aware UCB-VAE — vae_019 + ucb_009,42,6,train,0.0177147,-4.974219999999946,-0.4974219999999946,-0.08328494938162345,5.654048571675865,-0.34031516414613816,15.951169240625068,0
HPG,GOOD,UNCERTAINTY_AWARE_UCB_009,Uncertainty-Aware UCB-VAE — vae_019 + ucb_009,42,6,test,0.0177147,323.08833999999865,32.30883399999986,9.798004352330626,13.677860145628387,0.6080397301792914,22.22763526742912,0
HPG,GOOD,UNCERTAINTY_AWARE_UCB_009,Uncertainty-Aware UCB-VAE — vae_019 + ucb_009,42,7,train,0.015943230000000003,-13.463119999999662,-1.3463119999999662,-0.22622161518655037,5.8884909423177305,-0.34899065099745935,16.987592659440434,0
HPG,GOOD,UNCERTAINTY_AWARE_UCB_009,Uncertainty-Aware UCB-VAE — vae_019 + ucb_009,42,7,test,0.015943230000000003,319.41989999999896,31.941989999999898,9.696271453589933,13.736510427017032,0.5992520047240659,22.277195978605103,0
HPG,GOOD,UNCERTAINTY_AWARE_UCB_009,Uncertainty-Aware UCB-VAE — vae_019 + ucb_009,42,8,train,0.014348907000000001,-19.540329999999585,-1.9540329999999586,-0.32918061931933584,6.044035462056149,-0.3557054884979598,17.539508457599844,0
HPG,GOOD,UNCERTAINTY_AWARE_UCB_009,Uncertainty-Aware UCB-VAE — vae_019 + ucb_009,42,8,test,0.014348907000000001,325.17284999999833,32.51728499999984,9.855728128848806,13.727268434564266,0.6101869607754035,22.199571617073644,0
HPG,GOOD,UNCERTAINTY_AWARE_UCB_009,Uncertainty-Aware UCB-VAE — vae_019 + ucb_009,42,9,train,0.012914016300000003,-6.996269999999413,-0.6996269999999413,-0.11723994034186225,5.922529259105388,-0.32805905688419074,16.348022448760098,0
HPG,GOOD,UNCERTAINTY_AWARE_UCB_009,Uncertainty-Aware UCB-VAE — vae_019 + ucb_009,42,9,test,0.012914016300000003,330.1840199999988,33.01840199999988,9.99424925869421,13.780957189501928,0.6175270939215409,22.49375079697947,0
HPG,GOOD,UNCERTAINTY_AWARE_UCB_009,Uncertainty-Aware UCB-VAE — vae_019 + ucb_009,42,10,train,0.011622614670000002,-3.779249999999365,-0.3779249999999365,-0.0632455924842068,5.92409666858977,-0.318754021204574,16.068985932873893,0
HPG,GOOD,UNCERTAINTY_AWARE_UCB_009,Uncertainty-Aware UCB-VAE — vae_019 + ucb_009,42,10,test,0.011622614670000002,327.3358599999988,32.733585999999875,9.915561800521733,13.620134538381249,0.6179325336096784,22.17052594437266,0
HPG,GOOD,UNCERTAINTY_AWARE_UCB_009,Uncertainty-Aware UCB-VAE — vae_019 + ucb_009,42,11,train,0.010460353203000003,-3.240389999999479,-0.32403899999994795,-0.054215590159034655,5.921466518504401,-0.3173825766887636,16.061478892392735,0
HPG,GOOD,UNCERTAINTY_AWARE_UCB_009,Uncertainty-Aware UCB-VAE — vae_019 + ucb_009,42,11,test,0.010460353203000003,320.9382299999986,32.09382299999986,9.7384004904705,13.65216082536414,0.6049411076160595,22.256656522253643,0
HPG,GOOD,UNCERTAINTY_AWARE_UCB_009,Uncertainty-Aware UCB-VAE — vae_019 + ucb_009,42,12,train,0.01,-11.997129999999515,-1.1997129999999516,-0.2014641849066523,6.144609054152625,-0.32784351014914637,16.74413681378591,0
HPG,GOOD,UNCERTAINTY_AWARE_UCB_009,Uncertainty-Aware UCB-VAE — vae_019 + ucb_009,42,12,test,0.01,321.63402999999903,32.1634029999999,9.75769604505814,13.55728138967121,0.6095342380210688,22.247256624393515,0
HPG,GOOD,UNCERTAINTY_AWARE_UCB_009,Uncertainty-Aware UCB-VAE — vae_019 + ucb_009,42,13,train,0.01,-9.921309999999039,-0.992130999999904,-0.16646031657955307,6.14959333711695,-0.3217753852147965,16.714029322954136,0
HPG,GOOD,UNCERTAINTY_AWARE_UCB_009,Uncertainty-Aware UCB-VAE — vae_019 + ucb_009,42,13,test,0.01,315.36434999999983,31.536434999999983,9.583583719961663,13.598415381305909,0.5963790242596702,22.33224441402185,0
HPG,GOOD,UNCERTAINTY_AWARE_UCB_009,Uncertainty-Aware UCB-VAE — vae_019 + ucb_009,42,14,train,0.01,-3.9268699999990986,-0.39268699999990986,-0.065720059834673,5.672259030795921,-0.3359033229234064,15.83675224756503,0
HPG,GOOD,UNCERTAINTY_AWARE_UCB_009,Uncertainty-Aware UCB-VAE — vae_019 + ucb_009,42,14,test,0.01,315.68466999999964,31.568466999999966,9.592492560152731,13.606409463978,0.5967095367468737,22.327886623314516,0
HPG,GOOD,UNCERTAINTY_AWARE_UCB_009,Uncertainty-Aware UCB-VAE — vae_019 + ucb_009,42,15,train,0.01,-7.728659999999991,-0.772865999999999,-0.12955270459553692,5.242134320531842,-0.38022882820782106,15.443199571760857,0
HPG,GOOD,UNCERTAINTY_AWARE_UCB_009,Uncertainty-Aware UCB-VAE — vae_019 + ucb_009,42,15,test,0.01,313.0511399999998,31.30511399999998,9.51920505731383,13.637766317985356,0.5907250814959373,22.363765028560543,0
HPG,GOOD,UNCERTAINTY_AWARE_UCB_009,Uncertainty-Aware UCB-VAE — vae_019 + ucb_009,42,16,train,0.01,-10.06155999999919,-1.006155999999919,-0.1688233796627081,5.2329561376501665,-0.38856891649375036,15.705049768230234,0
HPG,GOOD,UNCERTAINTY_AWARE_UCB_009,Uncertainty-Aware UCB-VAE — vae_019 + ucb_009,42,16,test,0.01,318.28959999999984,31.828959999999984,9.664888094687395,13.638118716760427,0.6004990575896453,22.29251092790418,0
HPG,GOOD,UNCERTAINTY_AWARE_UCB_009,Uncertainty-Aware UCB-VAE — vae_019 + ucb_009,42,17,train,0.01,-6.108859999998913,-0.6108859999998913,-0.10233114798372522,5.250614948993972,-0.3742896601147402,15.32424974234905,0
HPG,GOOD,UNCERTAINTY_AWARE_UCB_009,Uncertainty-Aware UCB-VAE — vae_019 + ucb_009,42,17,test,0.01,327.12896999999975,32.71289699999998,9.909841572960666,13.62390816182478,0.6174255432458999,22.17330084967748,0
HPG,GOOD,UNCERTAINTY_AWARE_UCB_009,Uncertainty-Aware UCB-VAE — vae_019 + ucb_009,42,18,train,0.01,-12.495099999999184,-1.2495099999999184,-0.20987039785770323,6.189648005556577,-0.32638140712011016,16.77443820738626,0
HPG,GOOD,UNCERTAINTY_AWARE_UCB_009,Uncertainty-Aware UCB-VAE — vae_019 + ucb_009,42,18,test,0.01,327.20889999999963,32.72088999999996,9.912051599333328,13.623467023184691,0.6175893544583237,22.172228708850003,0
HPG,GOOD,UNCERTAINTY_AWARE_UCB_009,Uncertainty-Aware UCB-VAE — vae_019 + ucb_009,42,19,train,0.01,-11.57751999999914,-1.157751999999914,-0.19438350341791644,6.180715846855728,-0.3244095548516868,16.761090173814747,0
HPG,GOOD,UNCERTAINTY_AWARE_UCB_009,Uncertainty-Aware UCB-VAE — vae_019 + ucb_009,42,19,test,0.01,327.7194099999997,32.77194099999997,9.92616486622564,13.621695998330905,0.6185983782920249,22.165383429535023,0
HPG,GOOD,UNCERTAINTY_AWARE_UCB_009,Uncertainty-Aware UCB-VAE — vae_019 + ucb_009,42,20,train,0.01,2.5409500000002936,0.2540950000000294,0.04241086076763878,5.431892830326889,-0.3331321519441895,15.085575433313062,0
HPG,GOOD,UNCERTAINTY_AWARE_UCB_009,Uncertainty-Aware UCB-VAE — vae_019 + ucb_009,42,20,test,0.01,325.02661999999896,32.502661999999894,9.851680734486301,13.675162887625799,0.611733505473211,22.20153799258483,0
HPG,GOOD,UNCERTAINTY_AWARE_UCB_009,Uncertainty-Aware UCB-VAE — vae_019 + ucb_009,42,21,train,0.01,-7.4232299999996485,-0.7423229999999648,-0.12441696918052969,5.426828231308808,-0.36451730394754406,15.834430207896613,0
HPG,GOOD,UNCERTAINTY_AWARE_UCB_009,Uncertainty-Aware UCB-VAE — vae_019 + ucb_009,42,21,test,0.01,323.9326199999987,32.393261999999865,9.82139125611825,13.680559336537343,0.6095217161014463,22.216260224634947,0
HPG,GOOD,UNCERTAINTY_AWARE_UCB_009,Uncertainty-Aware UCB-VAE — vae_019 + ucb_009,42,22,train,0.01,-1.2250199999998586,-0.12250199999998584,-0.020478819528724213,5.437079677795872,-0.3444297537326248,15.314370350771503,0
HPG,GOOD,UNCERTAINTY_AWARE_UCB_009,Uncertainty-Aware UCB-VAE — vae_019 + ucb_009,42,22,test,0.01,323.9326199999987,32.393261999999865,9.82139125611825,13.680559336537343,0.6095217161014463,22.216260224634947,0
HPG,GOOD,UNCERTAINTY_AWARE_UCB_009,Uncertainty-Aware UCB-VAE — vae_019 + ucb_009,42,23,train,0.01,8.725210000000288,0.8725210000000289,0.14525911295377725,5.3751265856117785,-0.31793990436027436,14.30555712665337,0
HPG,GOOD,UNCERTAINTY_AWARE_UCB_009,Uncertainty-Aware UCB-VAE — vae_019 + ucb_009,42,23,test,0.01,323.85189999999875,32.385189999999874,9.819155708455018,13.681088862429233,0.6093539949844942,22.21734726740633,0
HPG,GOOD,UNCERTAINTY_AWARE_UCB_009,Uncertainty-Aware UCB-VAE — vae_019 + ucb_009,42,24,train,0.01,8.725210000000288,0.8725210000000289,0.14525911295377725,5.3751265856117785,-0.31793990436027436,14.30555712665337,0
HPG,GOOD,UNCERTAINTY_AWARE_UCB_009,Uncertainty-Aware UCB-VAE — vae_019 + ucb_009,42,24,test,0.01,327.0849299999991,32.708492999999905,9.908623850082732,13.652865451315321,0.6163217231166329,22.173891624396866,0
HPG,GOOD,UNCERTAINTY_AWARE_UCB_009,Uncertainty-Aware UCB-VAE — vae_019 + ucb_009,42,25,train,0.01,-4.423019999999497,-0.4423019999999497,-0.07403896998215975,5.482138730182965,-0.35100566983603965,15.588361765323574,0
HPG,GOOD,UNCERTAINTY_AWARE_UCB_009,Uncertainty-Aware UCB-VAE — vae_019 + ucb_009,42,25,test,0.01,325.31166999999914,32.53116699999992,9.859570151914653,13.669692484706127,0.6124515491008762,22.197705207146686,0
HPG,GOOD,UNCERTAINTY_AWARE_UCB_009,Uncertainty-Aware UCB-VAE — vae_019 + ucb_009,42,26,train,0.01,-3.1698499999990872,-0.3169849999999087,-0.05303380978767258,5.456686484478285,-0.34901002974229756,15.516402480245336,0
HPG,GOOD,UNCERTAINTY_AWARE_UCB_009,Uncertainty-Aware UCB-VAE — vae_019 + ucb_009,42,26,test,0.01,325.1175699999992,32.51175699999992,9.854198108705248,13.71024099118452,0.6106863703499879,22.20031493410862,0
HPG,GOOD,UNCERTAINTY_AWARE_UCB_009,Uncertainty-Aware UCB-VAE — vae_019 + ucb_009,42,27,train,0.01,7.903090000001612,0.7903090000001611,0.1316170435309294,5.485531947605251,-0.31294398933828965,14.967084875703357,0
HPG,GOOD,UNCERTAINTY_AWARE_UCB_009,Uncertainty-Aware UCB-VAE — vae_019 + ucb_009,42,27,test,0.01,330.40859999999884,33.04085999999988,10.00044906060693,13.844260602554398,0.6157549321857603,22.49071295920896,0
HPG,GOOD,UNCERTAINTY_AWARE_UCB_009,Uncertainty-Aware UCB-VAE — vae_019 + ucb_009,42,28,train,0.01,-4.74973999999861,-0.474973999999861,-0.07951894574347307,6.366012644091075,-0.29491433543433043,17.196005028299023,0
HPG,GOOD,UNCERTAINTY_AWARE_UCB_009,Uncertainty-Aware UCB-VAE — vae_019 + ucb_009,42,28,test,0.01,273.320189999999,27.332018999999903,8.401467710081455,13.725062971448795,0.512771052309438,22.168270909991705,0
HPG,GOOD,UNCERTAINTY_AWARE_UCB_009,Uncertainty-Aware UCB-VAE — vae_019 + ucb_009,42,29,train,0.01,-5.558879999998453,-0.5558879999998453,-0.09309685951570668,6.369791200600142,-0.2968538467667171,17.207931735228893,0
HPG,GOOD,UNCERTAINTY_AWARE_UCB_009,Uncertainty-Aware UCB-VAE — vae_019 + ucb_009,42,29,test,0.01,273.87563999999884,27.387563999999887,8.417252991264213,13.719438132727321,0.5139908666904307,22.160509206091767,0
HPG,GOOD,UNCERTAINTY_AWARE_UCB_009,Uncertainty-Aware UCB-VAE — vae_019 + ucb_009,42,30,train,0.01,11.592180000001235,1.1592180000001235,0.19276060742330348,6.079236568249428,-0.26661851418555893,15.679019326454089,0
HPG,GOOD,UNCERTAINTY_AWARE_UCB_009,Uncertainty-Aware UCB-VAE — vae_019 + ucb_009,42,30,test,0.01,274.30099999999925,27.430099999999925,8.42933815733733,13.683915352815909,0.5157921592529899,22.154569017507008,0
HPG,GOOD,UNCERTAINTY_AWARE_UCB_009,Uncertainty-Aware UCB-VAE — vae_019 + ucb_009,42,31,train,0.01,5.310170000001563,0.5310170000001563,0.0885299289486774,5.9999966547326915,-0.2884150922425828,15.724080110450256,0
HPG,GOOD,UNCERTAINTY_AWARE_UCB_009,Uncertainty-Aware UCB-VAE — vae_019 + ucb_009,42,31,test,0.01,266.4139799999989,26.64139799999989,8.204816590128349,13.671558120998863,0.5009116387581709,22.265232421578116,0
HPG,GOOD,UNCERTAINTY_AWARE_UCB_009,Uncertainty-Aware UCB-VAE — vae_019 + ucb_009,42,32,train,0.01,7.5672900000013215,0.7567290000001322,0.12604218978682358,6.078618579221665,-0.2777065486965804,15.940979579077572,0
HPG,GOOD,UNCERTAINTY_AWARE_UCB_009,Uncertainty-Aware UCB-VAE — vae_019 + ucb_009,42,32,test,0.01,266.5267399999989,26.652673999999887,8.208033108142597,13.670269907728802,0.501164345191085,22.263642487698235,0
HPG,GOOD,UNCERTAINTY_AWARE_UCB_009,Uncertainty-Aware UCB-VAE — vae_019 + ucb_009,42,33,train,0.01,27.97247000000175,2.7972470000001746,0.462027390310249,5.918752536515289,-0.22978363038123226,14.073668206598983,0
HPG,GOOD,UNCERTAINTY_AWARE_UCB_009,Uncertainty-Aware UCB-VAE — vae_019 + ucb_009,42,33,test,0.01,268.85994999999866,26.88599499999987,8.274545962826462,13.609966911441635,0.5073150442246898,22.23079474111063,0
HPG,GOOD,UNCERTAINTY_AWARE_UCB_009,Uncertainty-Aware UCB-VAE — vae_019 + ucb_009,42,34,train,0.01,28.26250000000141,2.8262500000001407,0.4667627439800981,5.917598570206593,-0.22903637892800072,14.070165410252129,0
HPG,GOOD,UNCERTAINTY_AWARE_UCB_009,Uncertainty-Aware UCB-VAE — vae_019 + ucb_009,42,34,test,0.01,268.4917199999986,26.84917199999986,8.264054241785734,13.620113101258784,0.5063236251271017,22.235972368901198,0
HPG,GOOD,UNCERTAINTY_AWARE_UCB_009,Uncertainty-Aware UCB-VAE — vae_019 + ucb_009,42,35,train,0.01,29.671050000000832,2.967105000000083,0.4897444956335484,5.92542715956296,-0.22475832012517372,13.94929028827111,0
HPG,GOOD,UNCERTAINTY_AWARE_UCB_009,Uncertainty-Aware UCB-VAE — vae_019 + ucb_009,42,35,test,0.01,268.4126799999988,26.84126799999988,8.261801945621627,13.626229121014442,0.5060037579628779,22.23708405311631,0
HPG,GOOD,UNCERTAINTY_AWARE_UCB_009,Uncertainty-Aware UCB-VAE — vae_019 + ucb_009,42,36,train,0.01,11.654880000001413,1.1654880000001413,0.19379820100651202,6.038505315230973,-0.26868288513486516,16.065518567850333,0
HPG,GOOD,UNCERTAINTY_AWARE_UCB_009,Uncertainty-Aware UCB-VAE — vae_019 + ucb_009,42,36,test,0.01,272.1257499999988,27.212574999999877,8.3675074884217,13.60905562412309,0.5136716822905679,22.184980113439625,0
HPG,GOOD,UNCERTAINTY_AWARE_UCB_009,Uncertainty-Aware UCB-VAE — vae_019 + ucb_009,42,37,train,0.01,10.906340000001364,1.0906340000001364,0.1814074564364443,6.042267366168651,-0.2705429590306131,16.07579258283206,0
HPG,GOOD,UNCERTAINTY_AWARE_UCB_009,Uncertainty-Aware UCB-VAE — vae_019 + ucb_009,42,37,test,0.01,271.7174199999986,27.17174199999986,8.355893011167058,13.61316266544936,0.5127670916134337,22.19069808302946,0
HPG,GOOD,UNCERTAINTY_AWARE_UCB_009,Uncertainty-Aware UCB-VAE — vae_019 + ucb_009,42,38,train,0.01,22.679290000000947,2.2679290000000947,0.37540893763337024,5.947552060575568,-0.2429985469135499,14.91328342447556,0
HPG,GOOD,UNCERTAINTY_AWARE_UCB_009,Uncertainty-Aware UCB-VAE — vae_019 + ucb_009,42,38,test,0.01,272.2263699999987,27.22263699999987,8.370369127222133,13.659654161010327,0.5124645205395573,22.1835715533795,0
HPG,GOOD,UNCERTAINTY_AWARE_UCB_009,Uncertainty-Aware UCB-VAE — vae_019 + ucb_009,42,39,train,0.01,19.900890000001482,1.9900890000001483,0.32979320930364153,6.002590429303598,-0.24785426903041227,15.131812867487277,0
HPG,GOOD,UNCERTAINTY_AWARE_UCB_009,Uncertainty-Aware UCB-VAE — vae_019 + ucb_009,42,39,test,0.01,272.1804099999988,27.218040999999882,8.369062040786556,13.66017693033355,0.5123614589681835,22.184214916403366,0
HPG,GOOD,UNCERTAINTY_AWARE_UCB_009,Uncertainty-Aware UCB-VAE — vae_019 + ucb_009,42,40,train,0.01,9.256600000001072,0.9256600000001072,0.15407194930818768,6.09458331054044,-0.2722090510236895,16.27883978298202,0
HPG,GOOD,UNCERTAINTY_AWARE_UCB_009,Uncertainty-Aware UCB-VAE — vae_019 + ucb_009,42,40,test,0.01,272.18096999999875,27.218096999999876,8.369077967181337,13.660174603440915,0.5123626034643055,22.184207077116707,0
HPG,GOOD,UNCERTAINTY_AWARE_UCB_009,Uncertainty-Aware UCB-VAE — vae_019 + ucb_009,42,41,train,0.01,15.083420000001524,1.5083420000001524,0.25045416368798534,6.129696442351703,-0.2544699959924596,15.976592211316396,0
HPG,GOOD,UNCERTAINTY_AWARE_UCB_009,Uncertainty-Aware UCB-VAE — vae_019 + ucb_009,42,41,test,0.01,313.7404899999992,31.37404899999992,9.538398169385488,14.458071690992025,0.5663551527579219,22.354362399357424,0
HPG,GOOD,UNCERTAINTY_AWARE_UCB_009,Uncertainty-Aware UCB-VAE — vae_019 + ucb_009,42,42,train,0.01,8.364710000001423,0.8364710000001423,0.1392781997079373,6.5792179598512455,-0.24974324697014735,16.91304787021692,0
HPG,GOOD,UNCERTAINTY_AWARE_UCB_009,Uncertainty-Aware UCB-VAE — vae_019 + ucb_009,42,42,test,0.01,313.24537999999916,31.32453799999992,9.524613831086182,14.504293470426614,0.5641397922464855,22.361114824202616,0
HPG,GOOD,UNCERTAINTY_AWARE_UCB_009,Uncertainty-Aware UCB-VAE — vae_019 + ucb_009,42,43,train,0.01,10.83150000000137,1.083150000000137,0.1801681935469368,6.576081246006995,-0.24363620523945553,16.595660109306642,0
HPG,GOOD,UNCERTAINTY_AWARE_UCB_009,Uncertainty-Aware UCB-VAE — vae_019 + ucb_009,42,43,test,0.01,305.20452999999907,30.520452999999907,9.300262579039043,14.43748416901668,0.5518310320132772,22.47135170888494,0
HPG,GOOD,UNCERTAINTY_AWARE_UCB_009,Uncertainty-Aware UCB-VAE — vae_019 + ucb_009,42,44,train,0.01,39.79595000000131,3.9795950000001317,0.6541750728157991,6.142852384519401,-0.18782670653326566,13.471567198096352,0
HPG,GOOD,UNCERTAINTY_AWARE_UCB_009,Uncertainty-Aware UCB-VAE — vae_019 + ucb_009,42,44,test,0.01,304.2497999999989,30.42497999999989,9.273563151933217,14.445785100434216,0.5498984800380893,22.48451291141808,0
HPG,GOOD,UNCERTAINTY_AWARE_UCB_009,Uncertainty-Aware UCB-VAE — vae_019 + ucb_009,42,45,train,0.01,39.069330000000946,3.906933000000094,0.6424191287047964,6.085189091598064,-0.19212577508945772,13.748701618152923,0
HPG,GOOD,UNCERTAINTY_AWARE_UCB_009,Uncertainty-Aware UCB-VAE — vae_019 + ucb_009,42,45,test,0.01,311.4784399999992,31.147843999999917,9.475392281987173,14.080545381343661,0.5736173710496385,22.385246053626247,0
HPG,GOOD,UNCERTAINTY_AWARE_UCB_009,Uncertainty-Aware UCB-VAE — vae_019 + ucb_009,43,1,train,0.03,286.86099999999897,28.686099999999897,4.304057634434644,7.10163387354806,0.352528840332543,11.017022126023988,0
HPG,GOOD,UNCERTAINTY_AWARE_UCB_009,Uncertainty-Aware UCB-VAE — vae_019 + ucb_009,43,1,test,0.03,910.6368299999997,91.06368299999997,24.129777168707456,16.35258309250177,1.286580490952428,19.222647113515457,0
HPG,GOOD,UNCERTAINTY_AWARE_UCB_009,Uncertainty-Aware UCB-VAE — vae_019 + ucb_009,43,2,train,0.027,287.3285899999987,28.732858999999873,4.310389171260032,7.095680906929773,0.35362881226201326,10.95767495507466,0
HPG,GOOD,UNCERTAINTY_AWARE_UCB_009,Uncertainty-Aware UCB-VAE — vae_019 + ucb_009,43,2,test,0.027,910.225099999999,91.0225099999999,24.12084587401988,16.407755500371103,1.2823651531634825,19.442126218287132,0
HPG,GOOD,UNCERTAINTY_AWARE_UCB_009,Uncertainty-Aware UCB-VAE — vae_019 + ucb_009,43,3,train,0.024300000000000002,298.13978999999927,29.813978999999925,4.456249872757501,7.1803006955652195,0.3699337979823192,11.164110231735336,0
HPG,GOOD,UNCERTAINTY_AWARE_UCB_009,Uncertainty-Aware UCB-VAE — vae_019 + ucb_009,43,3,test,0.024300000000000002,927.797499999999,92.7797499999999,24.500893700110215,16.506585893223516,1.2942850961971117,19.56143172093269,0
HPG,GOOD,UNCERTAINTY_AWARE_UCB_009,Uncertainty-Aware UCB-VAE — vae_019 + ucb_009,43,4,train,0.02187,289.6293699999985,28.96293699999985,4.341515671510421,6.9818761095487885,0.3625524471225789,11.456732413429219,0
HPG,GOOD,UNCERTAINTY_AWARE_UCB_009,Uncertainty-Aware UCB-VAE — vae_019 + ucb_009,43,4,test,0.02187,878.8992799999996,87.88992799999995,23.437527809636126,16.71209219471797,1.228868494009483,20.46226955814038,0
HPG,GOOD,UNCERTAINTY_AWARE_UCB_009,Uncertainty-Aware UCB-VAE — vae_019 + ucb_009,43,5,train,0.019683,310.51466999999866,31.051466999999867,4.621970461729075,7.192124012437951,0.39167797876896315,11.70557054256834,0
HPG,GOOD,UNCERTAINTY_AWARE_UCB_009,Uncertainty-Aware UCB-VAE — vae_019 + ucb_009,43,5,test,0.019683,911.8431799999996,91.18431799999996,24.15593807317169,16.509898725414367,1.277191479995488,20.435568899455976,0
HPG,GOOD,UNCERTAINTY_AWARE_UCB_009,Uncertainty-Aware UCB-VAE — vae_019 + ucb_009,43,6,train,0.0177147,313.46465999999873,31.34646599999987,4.661283341469447,7.1678988235086045,0.39804714412040904,11.476566882481604,0
HPG,GOOD,UNCERTAINTY_AWARE_UCB_009,Uncertainty-Aware UCB-VAE — vae_019 + ucb_009,43,6,test,0.0177147,883.2164099999991,88.3216409999999,23.532147099029267,16.55766889972915,1.2434288497611319,20.423753502237886,0
HPG,GOOD,UNCERTAINTY_AWARE_UCB_009,Uncertainty-Aware UCB-VAE — vae_019 + ucb_009,43,7,train,0.015943230000000003,311.8266199999987,31.182661999999866,4.639463182721637,7.17319044940665,0.39487392862038595,11.633216752775324,0
HPG,GOOD,UNCERTAINTY_AWARE_UCB_009,Uncertainty-Aware UCB-VAE — vae_019 + ucb_009,43,7,test,0.015943230000000003,881.361449999999,88.1361449999999,23.491509340544425,16.455868481074962,1.2480884495743465,20.44028508280271,0
HPG,GOOD,UNCERTAINTY_AWARE_UCB_009,Uncertainty-Aware UCB-VAE — vae_019 + ucb_009,43,8,train,0.014348907000000001,311.77093999999875,31.177093999999872,4.638721076566066,7.186649486397297,0.394173686924776,11.610589765192707,0
HPG,GOOD,UNCERTAINTY_AWARE_UCB_009,Uncertainty-Aware UCB-VAE — vae_019 + ucb_009,43,8,test,0.014348907000000001,896.3275099999992,89.63275099999993,23.81862257521521,16.379771155911037,1.2693327648479527,19.56041673854646,0
HPG,GOOD,UNCERTAINTY_AWARE_UCB_009,Uncertainty-Aware UCB-VAE — vae_019 + ucb_009,43,9,train,0.012914016300000003,287.1787599999991,28.717875999999908,4.308360563655045,7.132250982730437,0.3518990453963907,11.972156186702643,0
HPG,GOOD,UNCERTAINTY_AWARE_UCB_009,Uncertainty-Aware UCB-VAE — vae_019 + ucb_009,43,9,test,0.012914016300000003,888.667169999999,88.86671699999991,23.651406197705004,16.382507066920272,1.2608603123181017,19.607854491810542,0
HPG,GOOD,UNCERTAINTY_AWARE_UCB_009,Uncertainty-Aware UCB-VAE — vae_019 + ucb_009,43,10,train,0.011622614670000002,284.3669099999988,28.436690999999882,4.270253286402315,7.020265405036364,0.3511339149423459,11.750865836352663,0
HPG,GOOD,UNCERTAINTY_AWARE_UCB_009,Uncertainty-Aware UCB-VAE — vae_019 + ucb_009,43,10,test,0.011622614670000002,863.1481799999997,86.31481799999997,23.09107499544716,16.38387801355917,1.2329395653990882,20.404389411866852,0
HPG,GOOD,UNCERTAINTY_AWARE_UCB_009,Uncertainty-Aware UCB-VAE — vae_019 + ucb_009,43,11,train,0.010460353203000003,288.9481999999987,28.894819999999864,4.3323051683292535,7.084982256665792,0.35704098434829723,11.749155537181412,0
HPG,GOOD,UNCERTAINTY_AWARE_UCB_009,Uncertainty-Aware UCB-VAE — vae_019 + ucb_009,43,11,test,0.010460353203000003,917.194389999999,91.71943899999991,24.27185202084976,16.094702341993738,1.311747912608645,19.65115395249026,0
HPG,GOOD,UNCERTAINTY_AWARE_UCB_009,Uncertainty-Aware UCB-VAE — vae_019 + ucb_009,43,12,train,0.01,292.73353999999904,29.2733539999999,4.38343775563681,6.852077219961992,0.3740283129536229,11.385481383172122,0
HPG,GOOD,UNCERTAINTY_AWARE_UCB_009,Uncertainty-Aware UCB-VAE — vae_019 + ucb_009,43,12,test,0.01,926.3248099999994,92.63248099999994,24.46913184719255,16.155580385043173,1.317273237493555,19.573844419575796,0
HPG,GOOD,UNCERTAINTY_AWARE_UCB_009,Uncertainty-Aware UCB-VAE — vae_019 + ucb_009,43,13,train,0.01,304.8798499999998,30.487984999999977,4.546673034385473,7.1671399247775,0.3826644677242717,12.032691390302979,0
HPG,GOOD,UNCERTAINTY_AWARE_UCB_009,Uncertainty-Aware UCB-VAE — vae_019 + ucb_009,43,13,test,0.01,889.1004799999994,88.91004799999995,23.66087689726313,16.082868637929607,1.2818079567032714,19.37485864105872,0
HPG,GOOD,UNCERTAINTY_AWARE_UCB_009,Uncertainty-Aware UCB-VAE — vae_019 + ucb_009,43,14,train,0.01,323.6585699999987,32.36585699999987,4.7965681978354935,7.294911513126926,0.4102478202219792,11.67225890354561,0
HPG,GOOD,UNCERTAINTY_AWARE_UCB_009,Uncertainty-Aware UCB-VAE — vae_019 + ucb_009,43,14,test,0.01,904.2452299999998,90.42452299999998,23.990985038189105,15.910207489368874,1.3108153424770737,19.4928485716346,0
HPG,GOOD,UNCERTAINTY_AWARE_UCB_009,Uncertainty-Aware UCB-VAE — vae_019 + ucb_009,43,15,train,0.01,319.37277999999947,31.937277999999946,4.739796953211828,7.342975926082785,0.40059586755270316,12.117702090017403,0
HPG,GOOD,UNCERTAINTY_AWARE_UCB_009,Uncertainty-Aware UCB-VAE — vae_019 + ucb_009,43,15,test,0.01,915.3295599999988,91.53295599999987,24.23148194899396,16.00388106798768,1.3162351742910146,19.42304774607096,0
HPG,GOOD,UNCERTAINTY_AWARE_UCB_009,Uncertainty-Aware UCB-VAE — vae_019 + ucb_009,43,16,train,0.01,323.3081799999993,32.33081799999994,4.791932546777522,7.24484705027226,0.41196417691708787,12.287203108578531,0
HPG,GOOD,UNCERTAINTY_AWARE_UCB_009,Uncertainty-Aware UCB-VAE — vae_019 + ucb_009,43,16,test,0.01,917.5199499999994,91.75199499999994,24.278897102036723,16.083481046771205,1.3129045507116126,19.726926097856147,0
HPG,GOOD,UNCERTAINTY_AWARE_UCB_009,Uncertainty-Aware UCB-VAE — vae_019 + ucb_009,43,17,train,0.01,298.0141899999994,29.80141899999994,4.454561142928948,6.908958288658081,0.381456997759294,11.343952745715855,0
HPG,GOOD,UNCERTAINTY_AWARE_UCB_009,Uncertainty-Aware UCB-VAE — vae_019 + ucb_009,43,17,test,0.01,919.0610299999998,91.90610299999999,24.312235088851565,16.46455543667727,1.287915863160347,19.713798786033408,0
HPG,GOOD,UNCERTAINTY_AWARE_UCB_009,Uncertainty-Aware UCB-VAE — vae_019 + ucb_009,43,18,train,0.01,315.1223200000002,31.51223200000002,4.683341794069884,7.143400734411645,0.40214714183183536,11.949149878069992,0
HPG,GOOD,UNCERTAINTY_AWARE_UCB_009,Uncertainty-Aware UCB-VAE — vae_019 + ucb_009,43,18,test,0.01,927.8717099999994,92.78717099999994,24.502493776887956,16.196391959555967,1.3160250420745259,19.72711817176123,0
HPG,GOOD,UNCERTAINTY_AWARE_UCB_009,Uncertainty-Aware UCB-VAE — vae_019 + ucb_009,43,19,train,0.01,316.00585000000024,31.600585000000024,4.695089452765555,7.1175800655905865,0.4049374718435991,11.738545859883939,0
HPG,GOOD,UNCERTAINTY_AWARE_UCB_009,Uncertainty-Aware UCB-VAE — vae_019 + ucb_009,43,19,test,0.01,896.2325899999992,89.62325899999992,23.81655333697541,16.12628263333347,1.2866199834413186,19.640707210990495,0
HPG,GOOD,UNCERTAINTY_AWARE_UCB_009,Uncertainty-Aware UCB-VAE — vae_019 + ucb_009,43,20,train,0.01,306.0015900000001,30.60015900000001,4.56168427336332,7.220250370618825,0.3823852692872057,12.023485131052508,0
HPG,GOOD,UNCERTAINTY_AWARE_UCB_009,Uncertainty-Aware UCB-VAE — vae_019 + ucb_009,43,20,test,0.01,910.7046699999992,91.07046699999992,24.131248638790147,16.212074020558408,1.2963949797836978,19.517168466252716,0
HPG,GOOD,UNCERTAINTY_AWARE_UCB_009,Uncertainty-Aware UCB-VAE — vae_019 + ucb_009,43,21,train,0.01,306.3823100000002,30.638231000000022,4.566776666270034,7.218738391060596,0.38313099992277544,12.020363716028402,0
HPG,GOOD,UNCERTAINTY_AWARE_UCB_009,Uncertainty-Aware UCB-VAE — vae_019 + ucb_009,43,21,test,0.01,898.6314899999993,89.86314899999994,23.868827759922873,16.259616662873118,1.280004009452427,19.540706782251945,0
HPG,GOOD,UNCERTAINTY_AWARE_UCB_009,Uncertainty-Aware UCB-VAE — vae_019 + ucb_009,43,22,train,0.01,319.7254800000003,31.972548000000028,4.744474750416949,7.293611485926585,0.40342592583387304,12.089500695952605,0
HPG,GOOD,UNCERTAINTY_AWARE_UCB_009,Uncertainty-Aware UCB-VAE — vae_019 + ucb_009,43,22,test,0.01,904.598449999999,90.4598449999999,23.998663223571313,16.23249365115848,1.2883541024512475,19.489845141258645,0
HPG,GOOD,UNCERTAINTY_AWARE_UCB_009,Uncertainty-Aware UCB-VAE — vae_019 + ucb_009,43,23,train,0.01,321.9066400000006,32.19066400000006,4.773379977767145,7.2892887517940235,0.4074412445457769,12.045698776123428,0
HPG,GOOD,UNCERTAINTY_AWARE_UCB_009,Uncertainty-Aware UCB-VAE — vae_019 + ucb_009,43,23,test,0.01,895.7012899999988,89.57012899999988,23.80496982223135,16.232814277825327,1.2786669252520717,19.724714313436102,0
HPG,GOOD,UNCERTAINTY_AWARE_UCB_009,Uncertainty-Aware UCB-VAE — vae_019 + ucb_009,43,24,train,0.01,323.6491100000003,32.36491100000003,4.796443055694444,7.408568902577481,0.40506191113174245,12.480232386958368,0
HPG,GOOD,UNCERTAINTY_AWARE_UCB_009,Uncertainty-Aware UCB-VAE — vae_019 + ucb_009,43,24,test,0.01,894.5338999999988,89.45338999999987,23.779510540796302,16.221592925459895,1.278167002624024,19.734783052884637,0
HPG,GOOD,UNCERTAINTY_AWARE_UCB_009,Uncertainty-Aware UCB-VAE — vae_019 + ucb_009,43,25,train,0.01,353.08275999999864,35.308275999999864,5.182251355198275,7.651021232303947,0.44307073743646863,12.634200530912404,0
HPG,GOOD,UNCERTAINTY_AWARE_UCB_009,Uncertainty-Aware UCB-VAE — vae_019 + ucb_009,43,25,test,0.01,889.6683899999996,88.96683899999996,23.673287309339152,16.294599099517974,1.2678741599396575,19.83019763962052,0
HPG,GOOD,UNCERTAINTY_AWARE_UCB_009,Uncertainty-Aware UCB-VAE — vae_019 + ucb_009,43,26,train,0.01,362.69176999999854,36.26917699999985,5.306690221959998,7.786868105064644,0.45200698717849686,12.33493324408528,0
HPG,GOOD,UNCERTAINTY_AWARE_UCB_009,Uncertainty-Aware UCB-VAE — vae_019 + ucb_009,43,26,test,0.01,889.2509600000001,88.925096,23.664165545530725,16.18378584087747,1.2749854292342626,19.833823195637823,0
HPG,GOOD,UNCERTAINTY_AWARE_UCB_009,Uncertainty-Aware UCB-VAE — vae_019 + ucb_009,43,27,train,0.01,348.13669999999775,34.813669999999775,5.1179115623081195,7.915154369929758,0.4230891223426282,13.062711842681143,0
HPG,GOOD,UNCERTAINTY_AWARE_UCB_009,Uncertainty-Aware UCB-VAE — vae_019 + ucb_009,43,27,test,0.01,888.9045699999997,88.89045699999997,23.656595142671,16.332780563871037,1.2644529385425634,19.65821964864654,0
HPG,GOOD,UNCERTAINTY_AWARE_UCB_009,Uncertainty-Aware UCB-VAE — vae_019 + ucb_009,43,28,train,0.01,365.50183999999854,36.55018399999985,5.342943132133882,8.017195790805703,0.4456253391200233,12.859220785478136,0
HPG,GOOD,UNCERTAINTY_AWARE_UCB_009,Uncertainty-Aware UCB-VAE — vae_019 + ucb_009,43,28,test,0.01,897.2485400000003,89.72485400000004,23.838697275058053,16.476748560764005,1.2638018646536058,19.91749969473291,0
HPG,GOOD,UNCERTAINTY_AWARE_UCB_009,Uncertainty-Aware UCB-VAE — vae_019 + ucb_009,43,29,train,0.01,356.6982499999981,35.66982499999981,5.2291588862123595,8.157018901348287,0.4260068693606866,13.892227808663954,0
HPG,GOOD,UNCERTAINTY_AWARE_UCB_009,Uncertainty-Aware UCB-VAE — vae_019 + ucb_009,43,29,test,0.01,941.9983299999994,94.19983299999994,24.80634022690209,16.35461080367608,1.3198195923587144,19.824760988055434,0
HPG,GOOD,UNCERTAINTY_AWARE_UCB_009,Uncertainty-Aware UCB-VAE — vae_019 + ucb_009,43,30,train,0.01,361.28793999999834,36.128793999999836,5.288555983649568,8.085289448567929,0.4361069768017089,13.586078234884514,0
HPG,GOOD,UNCERTAINTY_AWARE_UCB_009,Uncertainty-Aware UCB-VAE — vae_019 + ucb_009,43,30,test,0.01,943.4137999999998,94.34137999999999,24.83670401606084,16.376147918330712,1.3197938334624801,19.80232126921146,0
HPG,GOOD,UNCERTAINTY_AWARE_UCB_009,Uncertainty-Aware UCB-VAE — vae_019 + ucb_009,43,31,train,0.01,365.9176099999984,36.59176099999984,5.3483017317825565,8.140692223089895,0.44072106721718,13.556245212995496,0
HPG,GOOD,UNCERTAINTY_AWARE_UCB_009,Uncertainty-Aware UCB-VAE — vae_019 + ucb_009,43,31,test,0.01,915.3975099999996,91.53975099999995,24.23295339857827,16.359831790394548,1.2911814009563565,19.738903682229918,0
HPG,GOOD,UNCERTAINTY_AWARE_UCB_009,Uncertainty-Aware UCB-VAE — vae_019 + ucb_009,43,32,train,0.01,355.8854299999989,35.58854299999989,5.21862240328701,8.07843789567232,0.4281130670268062,13.12484320553802,0
HPG,GOOD,UNCERTAINTY_AWARE_UCB_009,Uncertainty-Aware UCB-VAE — vae_019 + ucb_009,43,32,test,0.01,907.5962599999996,90.75962599999995,24.063790519543147,16.149940498652445,1.2973753973114772,19.66163856187962,0
HPG,GOOD,UNCERTAINTY_AWARE_UCB_009,Uncertainty-Aware UCB-VAE — vae_019 + ucb_009,43,33,train,0.01,344.88618999999903,34.4886189999999,5.075520834232128,7.948503009763179,0.4165239033894729,13.202704364982784,0
HPG,GOOD,UNCERTAINTY_AWARE_UCB_009,Uncertainty-Aware UCB-VAE — vae_019 + ucb_009,43,33,test,0.01,906.6509199999989,90.66509199999989,24.043260412308353,16.217402529281486,1.2916086854288127,19.41780865454798,0
HPG,GOOD,UNCERTAINTY_AWARE_UCB_009,Uncertainty-Aware UCB-VAE — vae_019 + ucb_009,43,34,train,0.01,341.9844699999985,34.198446999999845,5.037606611213663,8.03947389401713,0.40818702876431484,13.473644405265253,0
HPG,GOOD,UNCERTAINTY_AWARE_UCB_009,Uncertainty-Aware UCB-VAE — vae_019 + ucb_009,43,34,test,0.01,949.3967700000001,94.93967700000002,24.964884514675155,16.36619523110998,1.3267713267605297,19.683218533291132,0
HPG,GOOD,UNCERTAINTY_AWARE_UCB_009,Uncertainty-Aware UCB-VAE — vae_019 + ucb_009,43,35,train,0.01,350.5635899999984,35.05635899999984,5.149505779376984,8.177780065749696,0.4157923346787606,13.282487953446726,0
HPG,GOOD,UNCERTAINTY_AWARE_UCB_009,Uncertainty-Aware UCB-VAE — vae_019 + ucb_009,43,35,test,0.01,956.9303000000002,95.69303000000002,25.125912370557835,16.48781207649335,1.326034002142628,19.620365768350602,0
HPG,GOOD,UNCERTAINTY_AWARE_UCB_009,Uncertainty-Aware UCB-VAE — vae_019 + ucb_009,43,36,train,0.01,349.2855299999985,34.92855299999985,5.132873386734782,8.281566006416357,0.40968784360743676,13.512362850367662,0
HPG,GOOD,UNCERTAINTY_AWARE_UCB_009,Uncertainty-Aware UCB-VAE — vae_019 + ucb_009,43,36,test,0.01,944.0299299999995,94.40299299999995,24.84991625491797,16.704905494193987,1.2976802382797552,19.749705088336054,0
HPG,GOOD,UNCERTAINTY_AWARE_UCB_009,Uncertainty-Aware UCB-VAE — vae_019 + ucb_009,43,37,train,0.01,350.18326999999977,35.01832699999998,5.144557748884515,8.147083487986691,0.416466814643997,13.192750733869582,0
HPG,GOOD,UNCERTAINTY_AWARE_UCB_009,Uncertainty-Aware UCB-VAE — vae_019 + ucb_009,43,37,test,0.01,952.2299299999995,95.22299299999996,25.025491355534513,16.63211982809939,1.3111192344899203,19.680942122491686,0
HPG,GOOD,UNCERTAINTY_AWARE_UCB_009,Uncertainty-Aware UCB-VAE — vae_019 + ucb_009,43,38,train,0.01,360.1621199999986,36.01621199999986,5.2740017337088885,8.213141950347943,0.4288870112191742,13.338773683893873,0
HPG,GOOD,UNCERTAINTY_AWARE_UCB_009,Uncertainty-Aware UCB-VAE — vae_019 + ucb_009,43,38,test,0.01,952.0699299999997,95.20699299999997,25.02207020374001,16.632836998491307,1.3109045771385843,19.682279258255704,0
HPG,GOOD,UNCERTAINTY_AWARE_UCB_009,Uncertainty-Aware UCB-VAE — vae_019 + ucb_009,43,39,train,0.01,367.2263199999991,36.722631999999905,5.365160013210368,8.388534741059473,0.43206327895778973,13.511937852803097,0
HPG,GOOD,UNCERTAINTY_AWARE_UCB_009,Uncertainty-Aware UCB-VAE — vae_019 + ucb_009,43,39,test,0.01,950.8173099999997,95.08173099999996,24.995279976255457,16.694610146312826,1.3053789953878823,19.69275380963201,0
HPG,GOOD,UNCERTAINTY_AWARE_UCB_009,Uncertainty-Aware UCB-VAE — vae_019 + ucb_009,43,40,train,0.01,356.6741899999988,35.66741899999988,5.2288470749972005,8.14584609404915,0.42643827898568387,12.969444569962043,0
HPG,GOOD,UNCERTAINTY_AWARE_UCB_009,Uncertainty-Aware UCB-VAE — vae_019 + ucb_009,43,40,test,0.01,954.7180699999994,95.47180699999994,25.07866923966564,16.66984670507326,1.3110859431940451,19.66017184706455,0
HPG,GOOD,UNCERTAINTY_AWARE_UCB_009,Uncertainty-Aware UCB-VAE — vae_019 + ucb_009,43,41,train,0.01,356.6741899999988,35.66741899999988,5.2288470749972005,8.14584609404915,0.42643827898568387,12.969444569962043,0
HPG,GOOD,UNCERTAINTY_AWARE_UCB_009,Uncertainty-Aware UCB-VAE — vae_019 + ucb_009,43,41,test,0.01,971.9619799999984,97.19619799999984,25.445982055172657,16.614643428885994,1.3326126155654685,19.631073297017036,0
HPG,GOOD,UNCERTAINTY_AWARE_UCB_009,Uncertainty-Aware UCB-VAE — vae_019 + ucb_009,43,42,train,0.01,371.01160999999865,37.10116099999986,5.413845067829537,8.244801913141355,0.44379783674864387,12.896825074828811,0
HPG,GOOD,UNCERTAINTY_AWARE_UCB_009,Uncertainty-Aware UCB-VAE — vae_019 + ucb_009,43,42,test,0.01,959.0352299999988,95.90352299999988,25.17083104548807,16.627541937903537,1.3184426460473555,19.476814082569085,0
HPG,GOOD,UNCERTAINTY_AWARE_UCB_009,Uncertainty-Aware UCB-VAE — vae_019 + ucb_009,43,43,train,0.01,372.1208999999985,37.212089999999854,5.428091148411296,8.229459156478883,0.446128617204897,12.804696746223998,0
HPG,GOOD,UNCERTAINTY_AWARE_UCB_009,Uncertainty-Aware UCB-VAE — vae_019 + ucb_009,43,43,test,0.01,984.9839499999991,98.49839499999992,25.721947723197914,16.802020726351437,1.3327586864191,19.524123535345907,0
HPG,GOOD,UNCERTAINTY_AWARE_UCB_009,Uncertainty-Aware UCB-VAE — vae_019 + ucb_009,43,44,train,0.01,367.93429999999853,36.79342999999985,5.374274328348294,8.119913807740156,0.44470155314377785,12.272942494440809,0
HPG,GOOD,UNCERTAINTY_AWARE_UCB_009,Uncertainty-Aware UCB-VAE — vae_019 + ucb_009,43,44,test,0.01,963.9841299999998,96.39841299999998,25.276312817637205,16.691029720480174,1.319143058930669,19.436016088974327,0
HPG,GOOD,UNCERTAINTY_AWARE_UCB_009,Uncertainty-Aware UCB-VAE — vae_019 + ucb_009,43,45,train,0.01,354.4274399999981,35.44274399999981,5.19970947399202,8.188774248488903,0.4212212877710213,12.82134041351943,0
HPG,GOOD,UNCERTAINTY_AWARE_UCB_009,Uncertainty-Aware UCB-VAE — vae_019 + ucb_009,43,45,test,0.01,953.5199999999991,95.3519999999999,25.053069066761523,16.683010081184175,1.3089605174843437,19.975533337242133,0
HPG,GOOD,UNCERTAINTY_AWARE_UCB_009,Uncertainty-Aware UCB-VAE — vae_019 + ucb_009,44,1,train,0.03,1316.7464899999982,131.67464899999982,15.071054252347338,21.506425296343906,0.6730649001160811,37.642107600314574,8
HPG,GOOD,UNCERTAINTY_AWARE_UCB_009,Uncertainty-Aware UCB-VAE — vae_019 + ucb_009,44,1,test,0.03,2197.66219,219.766219,47.416708384780605,31.237454153574806,1.33996791887392,38.272269862613825,10
HPG,GOOD,UNCERTAINTY_AWARE_UCB_009,Uncertainty-Aware UCB-VAE — vae_019 + ucb_009,44,2,train,0.027,1319.8125999999984,131.98125999999982,15.096485996020936,21.509271959319047,0.6740385086699755,37.60977011226952,8
HPG,GOOD,UNCERTAINTY_AWARE_UCB_009,Uncertainty-Aware UCB-VAE — vae_019 + ucb_009,44,2,test,0.027,2197.66219,219.766219,47.416708384780605,31.237454153574806,1.33996791887392,38.272269862613825,10
HPG,GOOD,UNCERTAINTY_AWARE_UCB_009,Uncertainty-Aware UCB-VAE — vae_019 + ucb_009,44,3,train,0.024300000000000002,1328.6863299999982,132.86863299999982,15.16993140590317,21.514378293890328,0.6769242925144733,37.60297288476113,8
HPG,GOOD,UNCERTAINTY_AWARE_UCB_009,Uncertainty-Aware UCB-VAE — vae_019 + ucb_009,44,3,test,0.024300000000000002,2197.66219,219.766219,47.416708384780605,31.237454153574806,1.33996791887392,38.272269862613825,10
HPG,GOOD,UNCERTAINTY_AWARE_UCB_009,Uncertainty-Aware UCB-VAE — vae_019 + ucb_009,44,4,train,0.02187,1399.4233699999986,139.94233699999987,15.747212165806879,21.968154707204352,0.6903853704505254,37.63677928503644,8
HPG,GOOD,UNCERTAINTY_AWARE_UCB_009,Uncertainty-Aware UCB-VAE — vae_019 + ucb_009,44,4,test,0.02187,2197.63216,219.763216,47.416246170114796,31.2376087350019,1.339952754106861,38.273323218764496,10
HPG,GOOD,UNCERTAINTY_AWARE_UCB_009,Uncertainty-Aware UCB-VAE — vae_019 + ucb_009,44,5,train,0.019683,1580.7519199999983,158.07519199999984,17.16476780999361,22.456403328886275,0.7348911920619667,37.63156671896709,8
HPG,GOOD,UNCERTAINTY_AWARE_UCB_009,Uncertainty-Aware UCB-VAE — vae_019 + ucb_009,44,5,test,0.019683,2173.0014999999994,217.30014999999995,47.0361588787982,31.194589121328463,1.3330530848300017,38.3884910573791,10
HPG,GOOD,UNCERTAINTY_AWARE_UCB_009,Uncertainty-Aware UCB-VAE — vae_019 + ucb_009,44,6,train,0.0177147,1580.6080899999984,158.06080899999984,17.16367674554551,22.451565272090974,0.7349589800564047,37.63292952236121,8
HPG,GOOD,UNCERTAINTY_AWARE_UCB_009,Uncertainty-Aware UCB-VAE — vae_019 + ucb_009,44,6,test,0.0177147,2173.5754699999998,217.35754699999998,47.04503840521343,31.242589141592354,1.3316766314281427,38.3697110208842,10
HPG,GOOD,UNCERTAINTY_AWARE_UCB_009,Uncertainty-Aware UCB-VAE — vae_019 + ucb_009,44,7,train,0.015943230000000003,1574.107039999999,157.4107039999999,17.114308168748327,22.448287121980464,0.7331389291565513,37.61661103975781,8
HPG,GOOD,UNCERTAINTY_AWARE_UCB_009,Uncertainty-Aware UCB-VAE — vae_019 + ucb_009,44,7,test,0.015943230000000003,2173.607929999999,217.36079299999994,47.045540541357276,31.16933486505138,1.3340849608898153,38.23601112354892,10
HPG,GOOD,UNCERTAINTY_AWARE_UCB_009,Uncertainty-Aware UCB-VAE — vae_019 + ucb_009,44,8,train,0.014348907000000001,1572.635569999999,157.2635569999999,17.10311950433432,22.450505725973667,0.7326594118519251,37.63059147953524,8
HPG,GOOD,UNCERTAINTY_AWARE_UCB_009,Uncertainty-Aware UCB-VAE — vae_019 + ucb_009,44,8,test,0.014348907000000001,2195.13043,219.51304300000004,47.37772997416725,31.298307712091695,1.3371116321123548,38.22294527099238,10
HPG,GOOD,UNCERTAINTY_AWARE_UCB_009,Uncertainty-Aware UCB-VAE — vae_019 + ucb_009,44,9,train,0.012914016300000003,1632.5046699999984,163.25046699999984,17.55410534795594,22.59685391143966,0.7465326640265526,37.60890456196533,8
HPG,GOOD,UNCERTAINTY_AWARE_UCB_009,Uncertainty-Aware UCB-VAE — vae_019 + ucb_009,44,9,test,0.012914016300000003,2195.13043,219.51304300000004,47.37772997416725,31.298307712091695,1.3371116321123548,38.22294527099238,10
HPG,GOOD,UNCERTAINTY_AWARE_UCB_009,Uncertainty-Aware UCB-VAE — vae_019 + ucb_009,44,10,train,0.011622614670000002,1636.8200299999985,163.68200299999984,17.58628115581331,22.56173890213234,0.7485694252241641,37.64514551428255,8
HPG,GOOD,UNCERTAINTY_AWARE_UCB_009,Uncertainty-Aware UCB-VAE — vae_019 + ucb_009,44,10,test,0.011622614670000002,2194.8001000000004,219.48001000000005,47.37264277024678,31.294580162779152,1.3371228109760056,38.22012739172491,10
HPG,GOOD,UNCERTAINTY_AWARE_UCB_009,Uncertainty-Aware UCB-VAE — vae_019 + ucb_009,44,11,train,0.010460353203000003,1632.4038199999986,163.24038199999987,17.55335287386872,22.542003238578605,0.747774005413899,37.609841069236346,8
HPG,GOOD,UNCERTAINTY_AWARE_UCB_009,Uncertainty-Aware UCB-VAE — vae_019 + ucb_009,44,11,test,0.010460353203000003,2194.8001000000004,219.48001000000005,47.37264277024678,31.294580162779152,1.3371228109760056,38.22012739172491,10
HPG,GOOD,UNCERTAINTY_AWARE_UCB_009,Uncertainty-Aware UCB-VAE — vae_019 + ucb_009,44,12,train,0.01,1796.2170199999987,179.62170199999989,18.745112152522324,23.273476398152035,0.7751748514122664,37.6160653994438,9
HPG,GOOD,UNCERTAINTY_AWARE_UCB_009,Uncertainty-Aware UCB-VAE — vae_019 + ucb_009,44,12,test,0.01,2194.8693700000003,219.486937,47.37370958284623,31.29925642601658,1.3369977853434645,38.249798014804284,10
HPG,GOOD,UNCERTAINTY_AWARE_UCB_009,Uncertainty-Aware UCB-VAE — vae_019 + ucb_009,44,13,train,0.01,1730.756969999998,173.07569699999982,18.276044124275547,22.84644198443427,0.7678911017128546,37.613081448532185,8
HPG,GOOD,UNCERTAINTY_AWARE_UCB_009,Uncertainty-Aware UCB-VAE — vae_019 + ucb_009,44,13,test,0.01,2200.7566800000013,220.07566800000012,47.464322551129555,31.300640369730782,1.3389268861166748,38.249798014804284,10
HPG,GOOD,UNCERTAINTY_AWARE_UCB_009,Uncertainty-Aware UCB-VAE — vae_019 + ucb_009,44,14,train,0.01,1812.2462799999985,181.22462799999985,18.858577693533096,23.2503711184399,0.7798596757790512,37.61970830500126,9
HPG,GOOD,UNCERTAINTY_AWARE_UCB_009,Uncertainty-Aware UCB-VAE — vae_019 + ucb_009,44,14,test,0.01,2200.596520000001,220.05965200000009,47.461858960745104,31.291306358722938,1.3391777965838045,38.25543527296808,10
HPG,GOOD,UNCERTAINTY_AWARE_UCB_009,Uncertainty-Aware UCB-VAE — vae_019 + ucb_009,44,15,train,0.01,1867.0961699999984,186.70961699999984,19.24280906649214,23.71453275171678,0.7828879334763285,37.64281552081238,9
HPG,GOOD,UNCERTAINTY_AWARE_UCB_009,Uncertainty-Aware UCB-VAE — vae_019 + ucb_009,44,15,test,0.01,2201.713460000001,220.1713460000001,47.479038086152414,31.295520224937135,1.339416892925768,38.32234043783275,10
HPG,GOOD,UNCERTAINTY_AWARE_UCB_009,Uncertainty-Aware UCB-VAE — vae_019 + ucb_009,44,16,train,0.01,1858.0331299999984,185.80331299999983,19.17974581565407,23.737366137208372,0.7801115427845697,37.65006969960973,9
HPG,GOOD,UNCERTAINTY_AWARE_UCB_009,Uncertainty-Aware UCB-VAE — vae_019 + ucb_009,44,16,test,0.01,2203.959530000001,220.3959530000001,47.51357174366644,31.261523872101282,1.3412847443673674,38.243513871199966,10
HPG,GOOD,UNCERTAINTY_AWARE_UCB_009,Uncertainty-Aware UCB-VAE — vae_019 + ucb_009,44,17,train,0.01,1858.827719999998,185.8827719999998,19.185281458724578,23.731750367746212,0.7804381558496599,37.64327124753915,9
HPG,GOOD,UNCERTAINTY_AWARE_UCB_009,Uncertainty-Aware UCB-VAE — vae_019 + ucb_009,44,17,test,0.01,2201.576170000001,220.15761700000013,47.47692670886789,31.31602635701489,1.3386988755514038,38.32716921521386,10
HPG,GOOD,UNCERTAINTY_AWARE_UCB_009,Uncertainty-Aware UCB-VAE — vae_019 + ucb_009,44,18,train,0.01,1791.489079999998,179.1489079999998,18.711541258130016,24.17587015357348,0.7538446443048726,37.657447290253984,10
HPG,GOOD,UNCERTAINTY_AWARE_UCB_009,Uncertainty-Aware UCB-VAE — vae_019 + ucb_009,44,18,test,0.01,2219.655390000001,221.96553900000006,47.75444894774421,31.351036481223755,1.3435823299914977,38.35019306144724,10
HPG,GOOD,UNCERTAINTY_AWARE_UCB_009,Uncertainty-Aware UCB-VAE — vae_019 + ucb_009,44,19,train,0.01,1784.7707199999982,178.47707199999982,18.663755765838562,24.262106150802374,0.7503461415420511,37.64434086607722,10
HPG,GOOD,UNCERTAINTY_AWARE_UCB_009,Uncertainty-Aware UCB-VAE — vae_019 + ucb_009,44,19,test,0.01,2219.655390000001,221.96553900000006,47.75444894774421,31.351036481223755,1.3435823299914977,38.35019306144724,10
HPG,GOOD,UNCERTAINTY_AWARE_UCB_009,Uncertainty-Aware UCB-VAE — vae_019 + ucb_009,44,20,train,0.01,1759.3455099999974,175.93455099999971,18.48204080704963,24.30695488574835,0.7430411653344335,37.65126406993119,10
HPG,GOOD,UNCERTAINTY_AWARE_UCB_009,Uncertainty-Aware UCB-VAE — vae_019 + ucb_009,44,20,test,0.01,2219.443720000001,221.9443720000001,47.75120575396294,31.319665897664095,1.3445419038740294,38.22013227100794,10
HPG,GOOD,UNCERTAINTY_AWARE_UCB_009,Uncertainty-Aware UCB-VAE — vae_019 + ucb_009,44,21,train,0.01,1759.3455099999974,175.93455099999971,18.48204080704963,24.30695488574835,0.7430411653344335,37.65126406993119,10
HPG,GOOD,UNCERTAINTY_AWARE_UCB_009,Uncertainty-Aware UCB-VAE — vae_019 + ucb_009,44,21,test,0.01,2219.443720000001,221.9443720000001,47.75120575396294,31.319665897664095,1.3445419038740294,38.22013227100794,10
HPG,GOOD,UNCERTAINTY_AWARE_UCB_009,Uncertainty-Aware UCB-VAE — vae_019 + ucb_009,44,22,train,0.01,1751.462259999998,175.1462259999998,18.425415688739122,24.2889096361909,0.7414259871400278,37.648338668721046,10
HPG,GOOD,UNCERTAINTY_AWARE_UCB_009,Uncertainty-Aware UCB-VAE — vae_019 + ucb_009,44,22,test,0.01,2219.443720000001,221.9443720000001,47.75120575396294,31.319665897664095,1.3445419038740294,38.22013227100794,10
HPG,GOOD,UNCERTAINTY_AWARE_UCB_009,Uncertainty-Aware UCB-VAE — vae_019 + ucb_009,44,23,train,0.01,1750.959359999998,175.0959359999998,18.421798791914192,24.295388866381238,0.7411656901721607,37.65280934349578,10
HPG,GOOD,UNCERTAINTY_AWARE_UCB_009,Uncertainty-Aware UCB-VAE — vae_019 + ucb_009,44,23,test,0.01,2196.4293100000004,219.64293100000006,47.39772980906518,31.28188302931047,1.3380965782541085,38.172860617042545,10
HPG,GOOD,UNCERTAINTY_AWARE_UCB_009,Uncertainty-Aware UCB-VAE — vae_019 + ucb_009,44,24,train,0.01,1750.959359999998,175.0959359999998,18.421798791914192,24.295388866381238,0.7411656901721607,37.65280934349578,10
HPG,GOOD,UNCERTAINTY_AWARE_UCB_009,Uncertainty-Aware UCB-VAE — vae_019 + ucb_009,44,24,test,0.01,2196.4293100000004,219.64293100000006,47.39772980906518,31.28188302931047,1.3380965782541085,38.172860617042545,10
HPG,GOOD,UNCERTAINTY_AWARE_UCB_009,Uncertainty-Aware UCB-VAE — vae_019 + ucb_009,44,25,train,0.01,1744.2186399999978,174.42186399999977,18.373265757224488,24.304159802937743,0.7392832217744417,37.63969544063836,10
HPG,GOOD,UNCERTAINTY_AWARE_UCB_009,Uncertainty-Aware UCB-VAE — vae_019 + ucb_009,44,25,test,0.01,2196.4293100000004,219.64293100000006,47.39772980906518,31.28188302931047,1.3380965782541085,38.172860617042545,10
HPG,GOOD,UNCERTAINTY_AWARE_UCB_009,Uncertainty-Aware UCB-VAE — vae_019 + ucb_009,44,26,train,0.01,1744.1473599999977,174.41473599999978,18.372752012499816,24.305134184343043,0.7392452384822759,37.64033064548331,10
HPG,GOOD,UNCERTAINTY_AWARE_UCB_009,Uncertainty-Aware UCB-VAE — vae_019 + ucb_009,44,26,test,0.01,2191.261360000001,219.1261360000001,47.31812287277659,31.286511288547203,1.3362088156502705,38.172860617042545,10
HPG,GOOD,UNCERTAINTY_AWARE_UCB_009,Uncertainty-Aware UCB-VAE — vae_019 + ucb_009,44,27,train,0.01,1744.1473599999977,174.41473599999978,18.372752012499816,24.305134184343043,0.7392452384822759,37.64033064548331,10
HPG,GOOD,UNCERTAINTY_AWARE_UCB_009,Uncertainty-Aware UCB-VAE — vae_019 + ucb_009,44,27,test,0.01,2191.261360000001,219.1261360000001,47.31812287277659,31.286511288547203,1.3362088156502705,38.172860617042545,10
HPG,GOOD,UNCERTAINTY_AWARE_UCB_009,Uncertainty-Aware UCB-VAE — vae_019 + ucb_009,44,28,train,0.01,1743.3873599999974,174.33873599999973,18.367273683989936,24.315351125974626,0.7388439456338454,37.647104645349266,10
HPG,GOOD,UNCERTAINTY_AWARE_UCB_009,Uncertainty-Aware UCB-VAE — vae_019 + ucb_009,44,28,test,0.01,2191.261360000001,219.1261360000001,47.31812287277659,31.286511288547203,1.3362088156502705,38.172860617042545,10
HPG,GOOD,UNCERTAINTY_AWARE_UCB_009,Uncertainty-Aware UCB-VAE — vae_019 + ucb_009,44,29,train,0.01,1734.6449899999975,173.46449899999976,18.304164746829123,24.322839101520458,0.7364766368146085,37.65183204959778,10
HPG,GOOD,UNCERTAINTY_AWARE_UCB_009,Uncertainty-Aware UCB-VAE — vae_019 + ucb_009,44,29,test,0.01,2214.177730000001,221.41777300000007,47.670474838078135,31.342207447320668,1.3420454174037133,38.18541416676332,10
HPG,GOOD,UNCERTAINTY_AWARE_UCB_009,Uncertainty-Aware UCB-VAE — vae_019 + ucb_009,44,30,train,0.01,1734.1933299999978,173.4193329999998,18.300899765888378,24.321341219622873,0.7363924747190383,37.65587203007242,10
HPG,GOOD,UNCERTAINTY_AWARE_UCB_009,Uncertainty-Aware UCB-VAE — vae_019 + ucb_009,44,30,test,0.01,2214.177730000001,221.41777300000007,47.670474838078135,31.342207447320668,1.3420454174037133,38.18541416676332,10
HPG,GOOD,UNCERTAINTY_AWARE_UCB_009,Uncertainty-Aware UCB-VAE — vae_019 + ucb_009,44,31,train,0.01,1734.6637999999975,173.46637999999976,18.304300711694708,24.30970037021315,0.736748771344231,37.65166381787417,10
HPG,GOOD,UNCERTAINTY_AWARE_UCB_009,Uncertainty-Aware UCB-VAE — vae_019 + ucb_009,44,31,test,0.01,2214.177730000001,221.41777300000007,47.670474838078135,31.342207447320668,1.3420454174037133,38.18541416676332,10
HPG,GOOD,UNCERTAINTY_AWARE_UCB_009,Uncertainty-Aware UCB-VAE — vae_019 + ucb_009,44,32,train,0.01,1727.3770799999975,172.73770799999974,18.251571511225894,24.342706857386837,0.7342291827288222,37.64336347016094,10
HPG,GOOD,UNCERTAINTY_AWARE_UCB_009,Uncertainty-Aware UCB-VAE — vae_019 + ucb_009,44,32,test,0.01,2215.169700000001,221.5169700000001,47.68568908945681,31.344998022745347,1.3422920906046767,38.326179724966345,10
HPG,GOOD,UNCERTAINTY_AWARE_UCB_009,Uncertainty-Aware UCB-VAE — vae_019 + ucb_009,44,33,train,0.01,1727.3770799999975,172.73770799999974,18.251571511225894,24.342706857386837,0.7342291827288222,37.64336347016094,10
HPG,GOOD,UNCERTAINTY_AWARE_UCB_009,Uncertainty-Aware UCB-VAE — vae_019 + ucb_009,44,33,test,0.01,2215.169700000001,221.5169700000001,47.68568908945681,31.344998022745347,1.3422920906046767,38.326179724966345,10
HPG,GOOD,UNCERTAINTY_AWARE_UCB_009,Uncertainty-Aware UCB-VAE — vae_019 + ucb_009,44,34,train,0.01,1727.1749299999979,172.7174929999998,18.250107012652084,24.343635696048395,0.7341588900266012,37.645176172371045,10
HPG,GOOD,UNCERTAINTY_AWARE_UCB_009,Uncertainty-Aware UCB-VAE — vae_019 + ucb_009,44,34,test,0.01,2214.3618200000014,221.43618200000014,47.67329853837523,31.36570566640647,1.3413486203004228,38.354617758210075,10
HPG,GOOD,UNCERTAINTY_AWARE_UCB_009,Uncertainty-Aware UCB-VAE — vae_019 + ucb_009,44,35,train,0.01,1727.1749299999979,172.7174929999998,18.250107012652084,24.343635696048395,0.7341588900266012,37.645176172371045,10
HPG,GOOD,UNCERTAINTY_AWARE_UCB_009,Uncertainty-Aware UCB-VAE — vae_019 + ucb_009,44,35,test,0.01,2214.521680000001,221.4521680000001,47.67575049471271,31.362943135534742,1.3414923131301566,38.34898720747212,10
HPG,GOOD,UNCERTAINTY_AWARE_UCB_009,Uncertainty-Aware UCB-VAE — vae_019 + ucb_009,44,36,train,0.01,1726.965139999998,172.69651399999978,18.248587069622424,24.348362118752828,0.7340102087314679,37.647057567947414,10
HPG,GOOD,UNCERTAINTY_AWARE_UCB_009,Uncertainty-Aware UCB-VAE — vae_019 + ucb_009,44,36,test,0.01,2214.521680000001,221.4521680000001,47.67575049471271,31.362943135534742,1.3414923131301566,38.34898720747212,10
HPG,GOOD,UNCERTAINTY_AWARE_UCB_009,Uncertainty-Aware UCB-VAE — vae_019 + ucb_009,44,37,train,0.01,1726.5931199999977,172.65931199999977,18.245891519543033,24.353495657575984,0.7338119863929004,37.65039430373209,10
HPG,GOOD,UNCERTAINTY_AWARE_UCB_009,Uncertainty-Aware UCB-VAE — vae_019 + ucb_009,44,37,test,0.01,2214.521680000001,221.4521680000001,47.67575049471271,31.362943135534742,1.3414923131301566,38.34898720747212,10
HPG,GOOD,UNCERTAINTY_AWARE_UCB_009,Uncertainty-Aware UCB-VAE — vae_019 + ucb_009,44,38,train,0.01,1725.723689999998,172.57236899999978,18.2395906847302,24.365532809233333,0.7333478363161486,37.658194734935364,10
HPG,GOOD,UNCERTAINTY_AWARE_UCB_009,Uncertainty-Aware UCB-VAE — vae_019 + ucb_009,44,38,test,0.01,2214.521680000001,221.4521680000001,47.67575049471271,31.362943135534742,1.3414923131301566,38.34898720747212,10
HPG,GOOD,UNCERTAINTY_AWARE_UCB_009,Uncertainty-Aware UCB-VAE — vae_019 + ucb_009,44,39,train,0.01,1725.723689999998,172.57236899999978,18.2395906847302,24.365532809233333,0.7333478363161486,37.658194734935364,10
HPG,GOOD,UNCERTAINTY_AWARE_UCB_009,Uncertainty-Aware UCB-VAE — vae_019 + ucb_009,44,39,test,0.01,2214.521680000001,221.4521680000001,47.67575049471271,31.362943135534742,1.3414923131301566,38.34898720747212,10
HPG,GOOD,UNCERTAINTY_AWARE_UCB_009,Uncertainty-Aware UCB-VAE — vae_019 + ucb_009,44,40,train,0.01,1725.723689999998,172.57236899999978,18.2395906847302,24.365532809233333,0.7333478363161486,37.658194734935364,10
HPG,GOOD,UNCERTAINTY_AWARE_UCB_009,Uncertainty-Aware UCB-VAE — vae_019 + ucb_009,44,40,test,0.01,2214.521680000001,221.4521680000001,47.67575049471271,31.362943135534742,1.3414923131301566,38.34898720747212,10
HPG,GOOD,UNCERTAINTY_AWARE_UCB_009,Uncertainty-Aware UCB-VAE — vae_019 + ucb_009,44,41,train,0.01,1719.7166099999981,171.9716609999998,18.19601105612836,24.360254583266336,0.7319271147102331,37.63837689327595,10
HPG,GOOD,UNCERTAINTY_AWARE_UCB_009,Uncertainty-Aware UCB-VAE — vae_019 + ucb_009,44,41,test,0.01,2213.9717500000006,221.39717500000006,47.667315246044595,31.369038723095212,1.3411094886552466,38.34898720747212,10
HPG,GOOD,UNCERTAINTY_AWARE_UCB_009,Uncertainty-Aware UCB-VAE — vae_019 + ucb_009,44,42,train,0.01,1719.7166099999981,171.9716609999998,18.19601105612836,24.360254583266336,0.7319271147102331,37.63837689327595,10
HPG,GOOD,UNCERTAINTY_AWARE_UCB_009,Uncertainty-Aware UCB-VAE — vae_019 + ucb_009,44,42,test,0.01,2213.9717500000006,221.39717500000006,47.667315246044595,31.369038723095212,1.3411094886552466,38.34898720747212,10
HPG,GOOD,UNCERTAINTY_AWARE_UCB_009,Uncertainty-Aware UCB-VAE — vae_019 + ucb_009,44,43,train,0.01,1719.7166099999981,171.9716609999998,18.19601105612836,24.360254583266336,0.7319271147102331,37.63837689327595,10
HPG,GOOD,UNCERTAINTY_AWARE_UCB_009,Uncertainty-Aware UCB-VAE — vae_019 + ucb_009,44,43,test,0.01,2213.9199200000003,221.39199200000004,47.66652018812485,31.400007980734184,1.34008128941654,38.350812570239235,10
HPG,GOOD,UNCERTAINTY_AWARE_UCB_009,Uncertainty-Aware UCB-VAE — vae_019 + ucb_009,44,44,train,0.01,1719.4635499999981,171.9463549999998,18.194173419805647,24.363765883384218,0.7317920911395103,37.640652391946105,10
HPG,GOOD,UNCERTAINTY_AWARE_UCB_009,Uncertainty-Aware UCB-VAE — vae_019 + ucb_009,44,44,test,0.01,2213.53571,221.353571,47.660626246243055,31.37102486153138,1.3408931845922143,38.358221325813545,10
HPG,GOOD,UNCERTAINTY_AWARE_UCB_009,Uncertainty-Aware UCB-VAE — vae_019 + ucb_009,44,45,train,0.01,1725.9494699999982,172.59494699999982,18.241227092916667,24.3791638766586,0.7331312614320505,37.6561687507046,10
HPG,GOOD,UNCERTAINTY_AWARE_UCB_009,Uncertainty-Aware UCB-VAE — vae_019 + ucb_009,44,45,test,0.01,2213.53571,221.353571,47.660626246243055,31.37102486153138,1.3408931845922143,38.358221325813545,10
HPG,GOOD,UNCERTAINTY_AWARE_UCB_009,Uncertainty-Aware UCB-VAE — vae_019 + ucb_009,45,1,train,0.03,2276.563250000001,227.6563250000001,21.93242910150035,28.72305955957962,0.7702953550469384,37.65245495844107,11
HPG,GOOD,UNCERTAINTY_AWARE_UCB_009,Uncertainty-Aware UCB-VAE — vae_019 + ucb_009,45,1,test,0.03,2061.74442,206.174442,45.29436432194414,32.09577275365516,1.267234509790028,39.830181521963056,12
HPG,GOOD,UNCERTAINTY_AWARE_UCB_009,Uncertainty-Aware UCB-VAE — vae_019 + ucb_009,45,2,train,0.027,2276.307850000001,227.63078500000012,21.930841009243586,28.703425948695738,0.7705813204354219,37.65436151472225,11
HPG,GOOD,UNCERTAINTY_AWARE_UCB_009,Uncertainty-Aware UCB-VAE — vae_019 + ucb_009,45,2,test,0.027,2061.74442,206.174442,45.29436432194414,32.09577275365516,1.267234509790028,39.830181521963056,12
HPG,GOOD,UNCERTAINTY_AWARE_UCB_009,Uncertainty-Aware UCB-VAE — vae_019 + ucb_009,45,3,train,0.024300000000000002,2366.8768600000008,236.6876860000001,22.487646578124966,28.829305334941985,0.7844164125384965,37.652583593298424,11
HPG,GOOD,UNCERTAINTY_AWARE_UCB_009,Uncertainty-Aware UCB-VAE — vae_019 + ucb_009,45,3,test,0.024300000000000002,2061.74442,206.174442,45.29436432194414,32.09577275365516,1.267234509790028,39.830181521963056,12
HPG,GOOD,UNCERTAINTY_AWARE_UCB_009,Uncertainty-Aware UCB-VAE — vae_019 + ucb_009,45,4,train,0.02187,2399.255790000001,239.9255790000001,22.68368218228638,28.885539629413685,0.7890370949513347,37.65595544889102,11
HPG,GOOD,UNCERTAINTY_AWARE_UCB_009,Uncertainty-Aware UCB-VAE — vae_019 + ucb_009,45,4,test,0.02187,2061.74442,206.174442,45.29436432194414,32.09577275365516,1.267234509790028,39.830181521963056,12
HPG,GOOD,UNCERTAINTY_AWARE_UCB_009,Uncertainty-Aware UCB-VAE — vae_019 + ucb_009,45,5,train,0.019683,2359.032780000001,235.9032780000001,22.43991905351461,28.83503697783501,0.7829528859804505,37.64990530338302,11
HPG,GOOD,UNCERTAINTY_AWARE_UCB_009,Uncertainty-Aware UCB-VAE — vae_019 + ucb_009,45,5,test,0.019683,2061.74442,206.174442,45.29436432194414,32.09577275365516,1.267234509790028,39.830181521963056,12
HPG,GOOD,UNCERTAINTY_AWARE_UCB_009,Uncertainty-Aware UCB-VAE — vae_019 + ucb_009,45,6,train,0.0177147,2358.7357300000012,235.8735730000001,22.438109820889807,28.831642743757047,0.7829591777201407,37.65206828098262,11
HPG,GOOD,UNCERTAINTY_AWARE_UCB_009,Uncertainty-Aware UCB-VAE — vae_019 + ucb_009,45,6,test,0.0177147,2061.0287799999996,206.10287799999995,45.28302515481095,32.11349789480412,1.2664678781318295,39.856765231854666,12
HPG,GOOD,UNCERTAINTY_AWARE_UCB_009,Uncertainty-Aware UCB-VAE — vae_019 + ucb_009,45,7,train,0.015943230000000003,2358.2471200000014,235.82471200000015,22.43513357017328,28.827924683748662,0.7829384204010802,37.65562664855065,11
HPG,GOOD,UNCERTAINTY_AWARE_UCB_009,Uncertainty-Aware UCB-VAE — vae_019 + ucb_009,45,7,test,0.015943230000000003,2061.0287799999996,206.10287799999995,45.28302515481095,32.11349789480412,1.2664678781318295,39.856765231854666,12
HPG,GOOD,UNCERTAINTY_AWARE_UCB_009,Uncertainty-Aware UCB-VAE — vae_019 + ucb_009,45,8,train,0.014348907000000001,2408.321310000001,240.83213100000012,22.73828988539175,28.906652240756515,0.7902248849088109,37.64982087622188,11
HPG,GOOD,UNCERTAINTY_AWARE_UCB_009,Uncertainty-Aware UCB-VAE — vae_019 + ucb_009,45,8,test,0.014348907000000001,2061.0287799999996,206.10287799999995,45.28302515481095,32.11349789480412,1.2664678781318295,39.856765231854666,12
HPG,GOOD,UNCERTAINTY_AWARE_UCB_009,Uncertainty-Aware UCB-VAE — vae_019 + ucb_009,45,9,train,0.012914016300000003,2417.1021900000014,241.71021900000014,22.79106779272686,28.914031718297185,0.7915976391807293,37.645754842375226,11
HPG,GOOD,UNCERTAINTY_AWARE_UCB_009,Uncertainty-Aware UCB-VAE — vae_019 + ucb_009,45,9,test,0.012914016300000003,2061.0287799999996,206.10287799999995,45.28302515481095,32.11349789480412,1.2664678781318295,39.856765231854666,12
HPG,GOOD,UNCERTAINTY_AWARE_UCB_009,Uncertainty-Aware UCB-VAE — vae_019 + ucb_009,45,10,train,0.011622614670000002,2416.9491000000016,241.6949100000002,22.790148605877427,28.914959174198547,0.791555369710212,37.646850541208636,11
HPG,GOOD,UNCERTAINTY_AWARE_UCB_009,Uncertainty-Aware UCB-VAE — vae_019 + ucb_009,45,10,test,0.011622614670000002,2061.0287799999996,206.10287799999995,45.28302515481095,32.11349789480412,1.2664678781318295,39.856765231854666,12
HPG,GOOD,UNCERTAINTY_AWARE_UCB_009,Uncertainty-Aware UCB-VAE — vae_019 + ucb_009,45,11,train,0.010460353203000003,2423.583120000001,242.35831200000013,22.82994933088165,28.92440530161068,0.7925219333981189,37.658134111434975,11
HPG,GOOD,UNCERTAINTY_AWARE_UCB_009,Uncertainty-Aware UCB-VAE — vae_019 + ucb_009,45,11,test,0.010460353203000003,2061.0287799999996,206.10287799999995,45.28302515481095,32.11349789480412,1.2664678781318295,39.856765231854666,12
HPG,GOOD,UNCERTAINTY_AWARE_UCB_009,Uncertainty-Aware UCB-VAE — vae_019 + ucb_009,45,12,train,0.01,2442.0899000000013,244.20899000000014,22.940641972047437,28.93522636308768,0.7954763170168369,37.643302473704615,11
HPG,GOOD,UNCERTAINTY_AWARE_UCB_009,Uncertainty-Aware UCB-VAE — vae_019 + ucb_009,45,12,test,0.01,2061.0287799999996,206.10287799999995,45.28302515481095,32.11349789480412,1.2664678781318295,39.856765231854666,12
HPG,GOOD,UNCERTAINTY_AWARE_UCB_009,Uncertainty-Aware UCB-VAE — vae_019 + ucb_009,45,13,train,0.01,2442.524560000001,244.2524560000001,22.943235794063522,28.9299967816851,0.7956417834999285,37.64021453616303,11
HPG,GOOD,UNCERTAINTY_AWARE_UCB_009,Uncertainty-Aware UCB-VAE — vae_019 + ucb_009,45,13,test,0.01,2061.0287799999996,206.10287799999995,45.28302515481095,32.11349789480412,1.2664678781318295,39.856765231854666,12
HPG,GOOD,UNCERTAINTY_AWARE_UCB_009,Uncertainty-Aware UCB-VAE — vae_019 + ucb_009,45,14,train,0.01,2448.378790000001,244.8378790000001,22.97814420486146,28.95175016761057,0.7962499607876922,37.656959635357666,11
HPG,GOOD,UNCERTAINTY_AWARE_UCB_009,Uncertainty-Aware UCB-VAE — vae_019 + ucb_009,45,14,test,0.01,2061.0287799999996,206.10287799999995,45.28302515481095,32.11349789480412,1.2664678781318295,39.856765231854666,12
HPG,GOOD,UNCERTAINTY_AWARE_UCB_009,Uncertainty-Aware UCB-VAE — vae_019 + ucb_009,45,15,train,0.01,2448.2884500000014,244.82884500000014,22.977605888151054,28.96398296142715,0.7960201607642835,37.657600434230254,11
HPG,GOOD,UNCERTAINTY_AWARE_UCB_009,Uncertainty-Aware UCB-VAE — vae_019 + ucb_009,45,15,test,0.01,2061.0287799999996,206.10287799999995,45.28302515481095,32.11349789480412,1.2664678781318295,39.856765231854666,12
HPG,GOOD,UNCERTAINTY_AWARE_UCB_009,Uncertainty-Aware UCB-VAE — vae_019 + ucb_009,45,16,train,0.01,2515.290250000001,251.5290250000001,23.373666712844575,29.034663793347487,0.805964962002666,37.64841371490865,11
HPG,GOOD,UNCERTAINTY_AWARE_UCB_009,Uncertainty-Aware UCB-VAE — vae_019 + ucb_009,45,16,test,0.01,2061.0287799999996,206.10287799999995,45.28302515481095,32.11349789480412,1.2664678781318295,39.856765231854666,12
HPG,GOOD,UNCERTAINTY_AWARE_UCB_009,Uncertainty-Aware UCB-VAE — vae_019 + ucb_009,45,17,train,0.01,2589.328510000001,258.9328510000001,23.804074514598316,29.120706715364697,0.8165127034696724,37.647605551058824,12
HPG,GOOD,UNCERTAINTY_AWARE_UCB_009,Uncertainty-Aware UCB-VAE — vae_019 + ucb_009,45,17,test,0.01,2061.0287799999996,206.10287799999995,45.28302515481095,32.11349789480412,1.2664678781318295,39.856765231854666,12
HPG,GOOD,UNCERTAINTY_AWARE_UCB_009,Uncertainty-Aware UCB-VAE — vae_019 + ucb_009,45,18,train,0.01,2523.5570000000007,252.35570000000007,23.422096350979203,29.042995716512504,0.8071801660678283,37.64804268120347,11
HPG,GOOD,UNCERTAINTY_AWARE_UCB_009,Uncertainty-Aware UCB-VAE — vae_019 + ucb_009,45,18,test,0.01,2061.0287799999996,206.10287799999995,45.28302515481095,32.11349789480412,1.2664678781318295,39.856765231854666,12
HPG,GOOD,UNCERTAINTY_AWARE_UCB_009,Uncertainty-Aware UCB-VAE — vae_019 + ucb_009,45,19,train,0.01,2523.4646000000007,252.34646000000004,23.421555561295193,29.04424057566328,0.80714267613241,37.64868403833631,11
HPG,GOOD,UNCERTAINTY_AWARE_UCB_009,Uncertainty-Aware UCB-VAE — vae_019 + ucb_009,45,19,test,0.01,2061.0287799999996,206.10287799999995,45.28302515481095,32.11349789480412,1.2664678781318295,39.856765231854666,12
HPG,GOOD,UNCERTAINTY_AWARE_UCB_009,Uncertainty-Aware UCB-VAE — vae_019 + ucb_009,45,20,train,0.01,2532.189900000001,253.21899000000013,23.472570116110326,29.062857238529656,0.8082462355787082,37.64513807285032,11
HPG,GOOD,UNCERTAINTY_AWARE_UCB_009,Uncertainty-Aware UCB-VAE — vae_019 + ucb_009,45,20,test,0.01,2061.0287799999996,206.10287799999995,45.28302515481095,32.11349789480412,1.2664678781318295,39.856765231854666,12
HPG,GOOD,UNCERTAINTY_AWARE_UCB_009,Uncertainty-Aware UCB-VAE — vae_019 + ucb_009,45,21,train,0.01,2532.117360000001,253.21173600000014,23.472146426536987,29.063812400841122,0.8082172171393306,37.645640329535375,11
HPG,GOOD,UNCERTAINTY_AWARE_UCB_009,Uncertainty-Aware UCB-VAE — vae_019 + ucb_009,45,21,test,0.01,2061.0287799999996,206.10287799999995,45.28302515481095,32.11349789480412,1.2664678781318295,39.856765231854666,12
HPG,GOOD,UNCERTAINTY_AWARE_UCB_009,Uncertainty-Aware UCB-VAE — vae_019 + ucb_009,45,22,train,0.01,2530.332320000001,253.03323200000008,23.461718131369057,29.08008859832484,0.8076331473844303,37.65800391766878,11
HPG,GOOD,UNCERTAINTY_AWARE_UCB_009,Uncertainty-Aware UCB-VAE — vae_019 + ucb_009,45,22,test,0.01,2061.0287799999996,206.10287799999995,45.28302515481095,32.11349789480412,1.2664678781318295,39.856765231854666,12
HPG,GOOD,UNCERTAINTY_AWARE_UCB_009,Uncertainty-Aware UCB-VAE — vae_019 + ucb_009,45,23,train,0.01,2531.089180000001,253.10891800000007,23.46614028245324,29.080260930601792,0.8077544383106078,37.65276074372171,11
HPG,GOOD,UNCERTAINTY_AWARE_UCB_009,Uncertainty-Aware UCB-VAE — vae_019 + ucb_009,45,23,test,0.01,2061.0287799999996,206.10287799999995,45.28302515481095,32.11349789480412,1.2664678781318295,39.856765231854666,12
HPG,GOOD,UNCERTAINTY_AWARE_UCB_009,Uncertainty-Aware UCB-VAE — vae_019 + ucb_009,45,24,train,0.01,2547.5779700000007,254.75779700000007,23.56228491758141,29.101589770180492,0.8100752057667077,37.65231178322407,11
HPG,GOOD,UNCERTAINTY_AWARE_UCB_009,Uncertainty-Aware UCB-VAE — vae_019 + ucb_009,45,24,test,0.01,2061.0287799999996,206.10287799999995,45.28302515481095,32.11349789480412,1.2664678781318295,39.856765231854666,12
HPG,GOOD,UNCERTAINTY_AWARE_UCB_009,Uncertainty-Aware UCB-VAE — vae_019 + ucb_009,45,25,train,0.01,2547.652810000001,254.7652810000001,23.56272045353476,29.100744435601158,0.8101026061661681,37.651795818012886,11
HPG,GOOD,UNCERTAINTY_AWARE_UCB_009,Uncertainty-Aware UCB-VAE — vae_019 + ucb_009,45,25,test,0.01,2061.0287799999996,206.10287799999995,45.28302515481095,32.11349789480412,1.2664678781318295,39.856765231854666,12
HPG,GOOD,UNCERTAINTY_AWARE_UCB_009,Uncertainty-Aware UCB-VAE — vae_019 + ucb_009,45,26,train,0.01,2540.6427600000006,254.06427600000006,23.521891786517802,29.073104219928958,0.8094503471189604,37.64349090067746,11
HPG,GOOD,UNCERTAINTY_AWARE_UCB_009,Uncertainty-Aware UCB-VAE — vae_019 + ucb_009,45,26,test,0.01,2061.0287799999996,206.10287799999995,45.28302515481095,32.11349789480412,1.2664678781318295,39.856765231854666,12
HPG,GOOD,UNCERTAINTY_AWARE_UCB_009,Uncertainty-Aware UCB-VAE — vae_019 + ucb_009,45,27,train,0.01,2546.989540000001,254.6989540000001,23.558860246579762,29.09892015699464,0.8100269550482011,37.65636905588605,11
HPG,GOOD,UNCERTAINTY_AWARE_UCB_009,Uncertainty-Aware UCB-VAE — vae_019 + ucb_009,45,27,test,0.01,2061.0287799999996,206.10287799999995,45.28302515481095,32.11349789480412,1.2664678781318295,39.856765231854666,12
HPG,GOOD,UNCERTAINTY_AWARE_UCB_009,Uncertainty-Aware UCB-VAE — vae_019 + ucb_009,45,28,train,0.01,2556.150290000001,255.6150290000001,23.612122367013868,29.1016827501992,0.8114729195509811,37.64983341947125,12
HPG,GOOD,UNCERTAINTY_AWARE_UCB_009,Uncertainty-Aware UCB-VAE — vae_019 + ucb_009,45,28,test,0.01,2061.0287799999996,206.10287799999995,45.28302515481095,32.11349789480412,1.2664678781318295,39.856765231854666,12
HPG,GOOD,UNCERTAINTY_AWARE_UCB_009,Uncertainty-Aware UCB-VAE — vae_019 + ucb_009,45,29,train,0.01,2670.3143400000013,267.03143400000016,24.266483843197364,29.233611233430988,0.8273554166250393,37.655266519920865,13
HPG,GOOD,UNCERTAINTY_AWARE_UCB_009,Uncertainty-Aware UCB-VAE — vae_019 + ucb_009,45,29,test,0.01,2061.0287799999996,206.10287799999995,45.28302515481095,32.11349789480412,1.2664678781318295,39.856765231854666,12
HPG,GOOD,UNCERTAINTY_AWARE_UCB_009,Uncertainty-Aware UCB-VAE — vae_019 + ucb_009,45,30,train,0.01,2688.5144500000015,268.8514450000001,24.3692309860567,29.228273403249645,0.8303090226381861,37.64347353741256,13
HPG,GOOD,UNCERTAINTY_AWARE_UCB_009,Uncertainty-Aware UCB-VAE — vae_019 + ucb_009,45,30,test,0.01,2061.0287799999996,206.10287799999995,45.28302515481095,32.11349789480412,1.2664678781318295,39.856765231854666,12
HPG,GOOD,UNCERTAINTY_AWARE_UCB_009,Uncertainty-Aware UCB-VAE — vae_019 + ucb_009,45,31,train,0.01,2704.2428300000015,270.4242830000001,24.457684604929074,29.24874734025923,0.8323857719505436,37.64810474886991,13
HPG,GOOD,UNCERTAINTY_AWARE_UCB_009,Uncertainty-Aware UCB-VAE — vae_019 + ucb_009,45,31,test,0.01,2061.0287799999996,206.10287799999995,45.28302515481095,32.11349789480412,1.2664678781318295,39.856765231854666,12
HPG,GOOD,UNCERTAINTY_AWARE_UCB_009,Uncertainty-Aware UCB-VAE — vae_019 + ucb_009,45,32,train,0.01,2704.7425300000014,270.47425300000015,24.46048969807768,29.24143016543532,0.832599257668883,37.644805811776116,13
HPG,GOOD,UNCERTAINTY_AWARE_UCB_009,Uncertainty-Aware UCB-VAE — vae_019 + ucb_009,45,32,test,0.01,2061.0287799999996,206.10287799999995,45.28302515481095,32.11349789480412,1.2664678781318295,39.856765231854666,12
HPG,GOOD,UNCERTAINTY_AWARE_UCB_009,Uncertainty-Aware UCB-VAE — vae_019 + ucb_009,45,33,train,0.01,2744.6335600000016,274.46335600000015,24.683410044744612,29.283631310265225,0.8379892565847314,37.652521281560425,13
HPG,GOOD,UNCERTAINTY_AWARE_UCB_009,Uncertainty-Aware UCB-VAE — vae_019 + ucb_009,45,33,test,0.01,2061.0287799999996,206.10287799999995,45.28302515481095,32.11349789480412,1.2664678781318295,39.856765231854666,12
HPG,GOOD,UNCERTAINTY_AWARE_UCB_009,Uncertainty-Aware UCB-VAE — vae_019 + ucb_009,45,34,train,0.01,2809.4440100000015,280.94440100000014,25.041404022540824,29.32804435909179,0.8470324547825847,37.658202100374,14
HPG,GOOD,UNCERTAINTY_AWARE_UCB_009,Uncertainty-Aware UCB-VAE — vae_019 + ucb_009,45,34,test,0.01,2062.1946199999998,206.21946199999996,45.30149674277011,32.089376352547525,1.2675767315473636,39.83034484032971,12
HPG,GOOD,UNCERTAINTY_AWARE_UCB_009,Uncertainty-Aware UCB-VAE — vae_019 + ucb_009,45,35,train,0.01,2949.7639700000013,294.97639700000013,25.799434030406964,29.439050386273575,0.8656782861235868,37.653558374330984,13
HPG,GOOD,UNCERTAINTY_AWARE_UCB_009,Uncertainty-Aware UCB-VAE — vae_019 + ucb_009,45,35,test,0.01,2062.1946199999998,206.21946199999996,45.30149674277011,32.089376352547525,1.2675767315473636,39.83034484032971,12
HPG,GOOD,UNCERTAINTY_AWARE_UCB_009,Uncertainty-Aware UCB-VAE — vae_019 + ucb_009,45,36,train,0.01,2949.7639700000013,294.97639700000013,25.799434030406964,29.439050386273575,0.8656782861235868,37.653558374330984,13
HPG,GOOD,UNCERTAINTY_AWARE_UCB_009,Uncertainty-Aware UCB-VAE — vae_019 + ucb_009,45,36,test,0.01,2062.1946199999998,206.21946199999996,45.30149674277011,32.089376352547525,1.2675767315473636,39.83034484032971,12
HPG,GOOD,UNCERTAINTY_AWARE_UCB_009,Uncertainty-Aware UCB-VAE — vae_019 + ucb_009,45,37,train,0.01,2900.3660000000013,290.03660000000013,25.535174785718073,29.415931368135222,0.8589081390464126,37.65436457551989,13
HPG,GOOD,UNCERTAINTY_AWARE_UCB_009,Uncertainty-Aware UCB-VAE — vae_019 + ucb_009,45,37,test,0.01,2062.1946199999998,206.21946199999996,45.30149674277011,32.089376352547525,1.2675767315473636,39.83034484032971,12
HPG,GOOD,UNCERTAINTY_AWARE_UCB_009,Uncertainty-Aware UCB-VAE — vae_019 + ucb_009,45,38,train,0.01,2860.733880000001,286.0733880000001,25.321135842014165,29.377279973239162,0.853786881506993,37.64533966747864,13
HPG,GOOD,UNCERTAINTY_AWARE_UCB_009,Uncertainty-Aware UCB-VAE — vae_019 + ucb_009,45,38,test,0.01,2060.8732999999997,206.08732999999998,45.280561373007245,32.11734777544982,1.2663014688206033,39.86254550359866,12
HPG,GOOD,UNCERTAINTY_AWARE_UCB_009,Uncertainty-Aware UCB-VAE — vae_019 + ucb_009,45,39,train,0.01,2934.524860000002,293.4524860000002,25.718205963039797,29.419492900083462,0.8638421248771231,37.64619722636072,13
HPG,GOOD,UNCERTAINTY_AWARE_UCB_009,Uncertainty-Aware UCB-VAE — vae_019 + ucb_009,45,39,test,0.01,2060.8732999999997,206.08732999999998,45.280561373007245,32.11734777544982,1.2663014688206033,39.86254550359866,12
HPG,GOOD,UNCERTAINTY_AWARE_UCB_009,Uncertainty-Aware UCB-VAE — vae_019 + ucb_009,45,40,train,0.01,2901.8615900000013,290.18615900000015,25.54321640202426,29.40286356189119,0.8593805784706362,37.64498821108317,13
HPG,GOOD,UNCERTAINTY_AWARE_UCB_009,Uncertainty-Aware UCB-VAE — vae_019 + ucb_009,45,40,test,0.01,2061.0287799999996,206.10287799999995,45.28302515481095,32.11349789480412,1.2664678781318295,39.856765231854666,12
HPG,GOOD,UNCERTAINTY_AWARE_UCB_009,Uncertainty-Aware UCB-VAE — vae_019 + ucb_009,45,41,train,0.01,2941.9879400000013,294.19879400000013,25.758018627063485,29.433561311890895,0.8646554240128556,37.65085592072415,13
HPG,GOOD,UNCERTAINTY_AWARE_UCB_009,Uncertainty-Aware UCB-VAE — vae_019 + ucb_009,45,41,test,0.01,2061.0287799999996,206.10287799999995,45.28302515481095,32.11349789480412,1.2664678781318295,39.856765231854666,12
HPG,GOOD,UNCERTAINTY_AWARE_UCB_009,Uncertainty-Aware UCB-VAE — vae_019 + ucb_009,45,42,train,0.01,2957.8712300000016,295.7871230000002,25.842541325819003,29.45258435662622,0.8665901584937463,37.65420296060159,13
HPG,GOOD,UNCERTAINTY_AWARE_UCB_009,Uncertainty-Aware UCB-VAE — vae_019 + ucb_009,45,42,test,0.01,2061.0287799999996,206.10287799999995,45.28302515481095,32.11349789480412,1.2664678781318295,39.856765231854666,12
HPG,GOOD,UNCERTAINTY_AWARE_UCB_009,Uncertainty-Aware UCB-VAE — vae_019 + ucb_009,45,43,train,0.01,2957.9362800000013,295.7936280000001,25.842886907103924,29.448541997538975,0.8666782438001878,37.65380097028485,13
HPG,GOOD,UNCERTAINTY_AWARE_UCB_009,Uncertainty-Aware UCB-VAE — vae_019 + ucb_009,45,43,test,0.01,2061.0287799999996,206.10287799999995,45.28302515481095,32.11349789480412,1.2664678781318295,39.856765231854666,12
HPG,GOOD,UNCERTAINTY_AWARE_UCB_009,Uncertainty-Aware UCB-VAE — vae_019 + ucb_009,45,44,train,0.01,2973.914590000001,297.3914590000001,25.927629512324412,29.46306738343212,0.868703006060983,37.6565376692321,13
HPG,GOOD,UNCERTAINTY_AWARE_UCB_009,Uncertainty-Aware UCB-VAE — vae_019 + ucb_009,45,44,test,0.01,2061.0287799999996,206.10287799999995,45.28302515481095,32.11349789480412,1.2664678781318295,39.856765231854666,12
HPG,GOOD,UNCERTAINTY_AWARE_UCB_009,Uncertainty-Aware UCB-VAE — vae_019 + ucb_009,45,45,train,0.01,3047.714040000001,304.77140400000013,26.315388350388513,29.510103689307286,0.8783091979818088,37.65711569319007,13
HPG,GOOD,UNCERTAINTY_AWARE_UCB_009,Uncertainty-Aware UCB-VAE — vae_019 + ucb_009,45,45,test,0.01,2061.0287799999996,206.10287799999995,45.28302515481095,32.11349789480412,1.2664678781318295,39.856765231854666,12
HPG,GOOD,UNCERTAINTY_AWARE_UCB_009,Uncertainty-Aware UCB-VAE — vae_019 + ucb_009,46,1,train,0.03,22.910770000000525,2.2910770000000524,0.37920471273416023,0.6009631277244003,-2.689619331555653,1.1060324145692413,0
HPG,GOOD,UNCERTAINTY_AWARE_UCB_009,Uncertainty-Aware UCB-VAE — vae_019 + ucb_009,46,1,test,0.03,32.37649999999917,3.237649999999917,1.0694918093300698,1.2345838173015737,-0.7489262936021915,1.340631791427388,0
HPG,GOOD,UNCERTAINTY_AWARE_UCB_009,Uncertainty-Aware UCB-VAE — vae_019 + ucb_009,46,2,train,0.027,25.919950000000654,2.591995000000065,0.42848381607722974,0.6183900941464491,-2.533579677074255,1.1140853575997371,0
HPG,GOOD,UNCERTAINTY_AWARE_UCB_009,Uncertainty-Aware UCB-VAE — vae_019 + ucb_009,46,2,test,0.027,34.72102999999902,3.472102999999902,1.1460660078809415,1.233967369861333,-0.6877004263887739,1.3363987943649933,0
HPG,GOOD,UNCERTAINTY_AWARE_UCB_009,Uncertainty-Aware UCB-VAE — vae_019 + ucb_009,46,3,train,0.024300000000000002,24.983280000000377,2.4983280000000376,0.4131575874417148,0.6707904110811298,-2.358113434029805,1.4706180447671569,0
HPG,GOOD,UNCERTAINTY_AWARE_UCB_009,Uncertainty-Aware UCB-VAE — vae_019 + ucb_009,46,3,test,0.024300000000000002,40.19783999999868,4.019783999999868,1.3244936911687155,1.3519095026889516,-0.4957210791891952,1.3348564361938606,0
HPG,GOOD,UNCERTAINTY_AWARE_UCB_009,Uncertainty-Aware UCB-VAE — vae_019 + ucb_009,46,4,train,0.02187,25.955720000000156,2.5955720000000153,0.4290688703185497,0.6884960619976486,-2.274079693209573,1.6367310170064615,0
HPG,GOOD,UNCERTAINTY_AWARE_UCB_009,Uncertainty-Aware UCB-VAE — vae_019 + ucb_009,46,4,test,0.02187,39.61913999999865,3.961913999999865,1.3056699747900469,1.359477974497305,-0.5066038006750592,1.3356057100326884,0
HPG,GOOD,UNCERTAINTY_AWARE_UCB_009,Uncertainty-Aware UCB-VAE — vae_019 + ucb_009,46,5,train,0.019683,29.788299999999936,2.978829999999993,0.4916563533295282,0.7563077354440098,-1.9864322478161416,1.6969091508314467,0
HPG,GOOD,UNCERTAINTY_AWARE_UCB_009,Uncertainty-Aware UCB-VAE — vae_019 + ucb_009,46,5,test,0.019683,39.681919999998854,3.9681919999998856,1.3077123943722624,1.4112343425861686,-0.48608376814760745,1.3349293974308531,0
HPG,GOOD,UNCERTAINTY_AWARE_UCB_009,Uncertainty-Aware UCB-VAE — vae_019 + ucb_009,46,6,train,0.0177147,33.412530000000515,3.3412530000000515,0.5506631766451386,0.8018291117347162,-1.7993595591233804,1.7959868466679332,0
HPG,GOOD,UNCERTAINTY_AWARE_UCB_009,Uncertainty-Aware UCB-VAE — vae_019 + ucb_009,46,6,test,0.0177147,34.625119999999015,3.4625119999999017,1.142935780241805,1.6722185295683816,-0.5055283154949788,1.4518774121812021,0
HPG,GOOD,UNCERTAINTY_AWARE_UCB_009,Uncertainty-Aware UCB-VAE — vae_019 + ucb_009,46,7,train,0.015943230000000003,34.98620000000051,3.498620000000051,0.576230761051133,0.8567436731307625,-1.6535570494911305,1.8191144236658543,0
HPG,GOOD,UNCERTAINTY_AWARE_UCB_009,Uncertainty-Aware UCB-VAE — vae_019 + ucb_009,46,7,test,0.015943230000000003,36.510969999998906,3.651096999999891,1.2044490928053708,1.742692728875236,-0.4493788186342165,1.4745935670421115,0
HPG,GOOD,UNCERTAINTY_AWARE_UCB_009,Uncertainty-Aware UCB-VAE — vae_019 + ucb_009,46,8,train,0.014348907000000001,41.87584000000061,4.187584000000061,0.6877877121485909,0.915968849076073,-1.423970732598608,1.864236106037303,0
HPG,GOOD,UNCERTAINTY_AWARE_UCB_009,Uncertainty-Aware UCB-VAE — vae_019 + ucb_009,46,8,test,0.014348907000000001,38.470419999999194,3.8470419999999192,1.2682841927826205,2.1638079512972643,-0.32885275477995324,2.730314480023289,0
HPG,GOOD,UNCERTAINTY_AWARE_UCB_009,Uncertainty-Aware UCB-VAE — vae_019 + ucb_009,46,9,train,0.012914016300000003,20.417790000000082,2.041779000000008,0.33828749569211336,1.0206815621724152,-1.6205764834357494,4.3597271493293155,0
HPG,GOOD,UNCERTAINTY_AWARE_UCB_009,Uncertainty-Aware UCB-VAE — vae_019 + ucb_009,46,9,test,0.012914016300000003,37.930559999999105,3.7930559999999107,1.2507046090687979,2.183215174452362,-0.33371820760406035,2.7317129718094675,0
HPG,GOOD,UNCERTAINTY_AWARE_UCB_009,Uncertainty-Aware UCB-VAE — vae_019 + ucb_009,46,10,train,0.011622614670000002,26.697639999999637,2.669763999999964,0.44119988728403836,1.0972658774117916,-1.412478884394822,4.2817467154631705,0
HPG,GOOD,UNCERTAINTY_AWARE_UCB_009,Uncertainty-Aware UCB-VAE — vae_019 + ucb_009,46,10,test,0.011622614670000002,41.48330999999894,4.148330999999893,1.366281988138618,2.2891353949108457,-0.2672261738924292,2.732238741468931,0
HPG,GOOD,UNCERTAINTY_AWARE_UCB_009,Uncertainty-Aware UCB-VAE — vae_019 + ucb_009,46,11,train,0.010460353203000003,37.44662000000062,3.7446620000000626,0.6161406539388903,1.1841604571502367,-1.1597395592047788,4.301912712781094,0
HPG,GOOD,UNCERTAINTY_AWARE_UCB_009,Uncertainty-Aware UCB-VAE — vae_019 + ucb_009,46,11,test,0.010460353203000003,32.85823999999866,3.2858239999998657,1.0852352661432807,2.5506499719954947,-0.3465692294838074,3.6614983127878413,0
HPG,GOOD,UNCERTAINTY_AWARE_UCB_009,Uncertainty-Aware UCB-VAE — vae_019 + ucb_009,46,12,train,0.01,41.508560000000216,4.150856000000021,0.6818562475131351,1.2871237262558206,-1.014807243223487,4.073489044704347,0
HPG,GOOD,UNCERTAINTY_AWARE_UCB_009,Uncertainty-Aware UCB-VAE — vae_019 + ucb_009,46,12,test,0.01,33.45468999999866,3.3454689999998664,1.1047207161765105,2.5517731436760416,-0.33882379255201456,3.6594247671510636,0
HPG,GOOD,UNCERTAINTY_AWARE_UCB_009,Uncertainty-Aware UCB-VAE — vae_019 + ucb_009,46,13,train,0.01,41.50041000000056,4.150041000000056,0.6817246076381345,1.3097059128526387,-0.9971867023020746,4.412621568598647,0
HPG,GOOD,UNCERTAINTY_AWARE_UCB_009,Uncertainty-Aware UCB-VAE — vae_019 + ucb_009,46,13,test,0.01,38.78792999999905,3.878792999999905,1.2786205000453466,2.86481586082149,-0.23861456186993113,4.1937122048714,0
HPG,GOOD,UNCERTAINTY_AWARE_UCB_009,Uncertainty-Aware UCB-VAE — vae_019 + ucb_009,46,14,train,0.01,57.18846000000076,5.718846000000076,0.9335457899507738,1.4521089151124358,-0.7244969475517042,4.3923966374685355,0
HPG,GOOD,UNCERTAINTY_AWARE_UCB_009,Uncertainty-Aware UCB-VAE — vae_019 + ucb_009,46,14,test,0.01,45.79517999999939,4.57951799999994,1.5062026532157713,2.925252473892377,-0.15606835708415914,4.166133329807118,0
HPG,GOOD,UNCERTAINTY_AWARE_UCB_009,Uncertainty-Aware UCB-VAE — vae_019 + ucb_009,46,15,train,0.01,65.71621000000118,6.571621000000118,1.0691282232410115,2.1400212539158128,-0.42255462133590854,7.122546110797499,0
HPG,GOOD,UNCERTAINTY_AWARE_UCB_009,Uncertainty-Aware UCB-VAE — vae_019 + ucb_009,46,15,test,0.01,51.10586999999896,5.110586999999896,1.6780080088339977,3.0567050201376396,-0.09253349407582333,4.326080327749133,0
HPG,GOOD,UNCERTAINTY_AWARE_UCB_009,Uncertainty-Aware UCB-VAE — vae_019 + ucb_009,46,16,train,0.01,62.847370000000865,6.284737000000086,1.0236178132152718,2.143104638686083,-0.4431182016170387,7.122593110869959,0
HPG,GOOD,UNCERTAINTY_AWARE_UCB_009,Uncertainty-Aware UCB-VAE — vae_019 + ucb_009,46,16,test,0.01,60.52595999999926,6.052595999999926,1.9813389143147786,3.4352080872541277,0.00828837438806601,4.828074563940501,0
HPG,GOOD,UNCERTAINTY_AWARE_UCB_009,Uncertainty-Aware UCB-VAE — vae_019 + ucb_009,46,17,train,0.01,62.84285000000091,6.284285000000091,1.0235460286150744,2.143114603668386,-0.4431494921853608,7.1226252019102265,0
HPG,GOOD,UNCERTAINTY_AWARE_UCB_009,Uncertainty-Aware UCB-VAE — vae_019 + ucb_009,46,17,test,0.01,61.89810999999918,6.189810999999918,2.0253727826748946,3.474802225365646,0.021057549016706797,4.830530165017743,0
HPG,GOOD,UNCERTAINTY_AWARE_UCB_009,Uncertainty-Aware UCB-VAE — vae_019 + ucb_009,46,18,train,0.01,59.23602000000096,5.923602000000097,0.9661827571000314,2.0856554976343,-0.4834130409269438,7.021345255966789,0
HPG,GOOD,UNCERTAINTY_AWARE_UCB_009,Uncertainty-Aware UCB-VAE — vae_019 + ucb_009,46,18,test,0.01,72.11602999999877,7.211602999999878,2.3520915362381434,3.5371649872361326,0.11203482413444257,4.785275651750011,0
HPG,GOOD,UNCERTAINTY_AWARE_UCB_009,Uncertainty-Aware UCB-VAE — vae_019 + ucb_009,46,19,train,0.01,59.149270000001025,5.914927000000103,0.9648010768178228,2.0858583592711124,-0.4840258931185891,7.021952402921694,0
HPG,GOOD,UNCERTAINTY_AWARE_UCB_009,Uncertainty-Aware UCB-VAE — vae_019 + ucb_009,46,19,test,0.01,79.66062999999895,7.966062999999894,2.5920018490029006,3.6357305706137275,0.17459813525696113,4.783522194489129,0
HPG,GOOD,UNCERTAINTY_AWARE_UCB_009,Uncertainty-Aware UCB-VAE — vae_019 + ucb_009,46,20,train,0.01,58.757080000001,5.8757080000001,0.9585534311940869,2.080644508610883,-0.48829154125001084,7.044392341457797,0
HPG,GOOD,UNCERTAINTY_AWARE_UCB_009,Uncertainty-Aware UCB-VAE — vae_019 + ucb_009,46,20,test,0.01,79.66062999999895,7.966062999999894,2.5920018490029006,3.6357305706137275,0.17459813525696113,4.783522194489129,0
HPG,GOOD,UNCERTAINTY_AWARE_UCB_009,Uncertainty-Aware UCB-VAE — vae_019 + ucb_009,46,21,train,0.01,58.53379000000086,5.8533790000000865,0.9549955267511789,2.0809687932609866,-0.4899207751866345,7.066651604522186,0
HPG,GOOD,UNCERTAINTY_AWARE_UCB_009,Uncertainty-Aware UCB-VAE — vae_019 + ucb_009,46,21,test,0.01,78.59481999999889,7.859481999999889,2.5581780970551637,3.644645401909838,0.16517829500232237,4.788199518593013,0
HPG,GOOD,UNCERTAINTY_AWARE_UCB_009,Uncertainty-Aware UCB-VAE — vae_019 + ucb_009,46,22,train,0.01,87.2228300000013,8.722283000000129,1.4070907597991011,2.339835765897053,-0.24062317017167478,6.347888774896355,0
HPG,GOOD,UNCERTAINTY_AWARE_UCB_009,Uncertainty-Aware UCB-VAE — vae_019 + ucb_009,46,22,test,0.01,77.91458999999895,7.791458999999895,2.536579183895449,3.6594279172525557,0.15888103754666505,4.791189503599498,0
HPG,GOOD,UNCERTAINTY_AWARE_UCB_009,Uncertainty-Aware UCB-VAE — vae_019 + ucb_009,46,23,train,0.01,87.06469000000152,8.706469000000151,1.4046260949537537,2.328188864469363,-0.24299713337935644,6.350561303165861,0
HPG,GOOD,UNCERTAINTY_AWARE_UCB_009,Uncertainty-Aware UCB-VAE — vae_019 + ucb_009,46,23,test,0.01,77.56222999999886,7.756222999999886,2.5253873496764667,3.6607041514180905,0.1558452291328869,4.7927397882323515,0
HPG,GOOD,UNCERTAINTY_AWARE_UCB_009,Uncertainty-Aware UCB-VAE — vae_019 + ucb_009,46,24,train,0.01,84.82624000000123,8.482624000000124,1.3697070317060245,2.337626687917742,-0.2567859435859443,6.350561303165861,0
HPG,GOOD,UNCERTAINTY_AWARE_UCB_009,Uncertainty-Aware UCB-VAE — vae_019 + ucb_009,46,24,test,0.01,74.6200699999988,7.46200699999988,2.431841695733228,3.6573803751693843,0.13089987248928378,4.7927397882323515,0
HPG,GOOD,UNCERTAINTY_AWARE_UCB_009,Uncertainty-Aware UCB-VAE — vae_019 + ucb_009,46,25,train,0.01,92.61473000000183,9.261473000000182,1.490947209803939,2.290700499757066,-0.20987309414067515,6.244899015056717,0
HPG,GOOD,UNCERTAINTY_AWARE_UCB_009,Uncertainty-Aware UCB-VAE — vae_019 + ucb_009,46,25,test,0.01,87.3371599999989,8.73371599999989,2.8349639035047947,4.0991195280175825,0.217151084899928,5.271296085007717,0
HPG,GOOD,UNCERTAINTY_AWARE_UCB_009,Uncertainty-Aware UCB-VAE — vae_019 + ucb_009,46,26,train,0.01,95.70679000000177,9.570679000000178,1.5388804707360926,2.300037489036494,-0.18821666120490718,6.278578830966943,0
HPG,GOOD,UNCERTAINTY_AWARE_UCB_009,Uncertainty-Aware UCB-VAE — vae_019 + ucb_009,46,26,test,0.01,89.14796999999908,8.914796999999908,2.8921093485293925,4.094859794206359,0.2309531621768421,5.262641363000465,0
HPG,GOOD,UNCERTAINTY_AWARE_UCB_009,Uncertainty-Aware UCB-VAE — vae_019 + ucb_009,46,27,train,0.01,105.01920000000246,10.501920000000245,1.6825644138244833,2.3835843244028605,-0.12094410524876428,6.2581245447375995,0
HPG,GOOD,UNCERTAINTY_AWARE_UCB_009,Uncertainty-Aware UCB-VAE — vae_019 + ucb_009,46,27,test,0.01,88.63270999999918,8.86327099999992,2.875855247307557,4.097105767390119,0.22697825752377365,5.265101141352898,0
HPG,GOOD,UNCERTAINTY_AWARE_UCB_009,Uncertainty-Aware UCB-VAE — vae_019 + ucb_009,46,28,train,0.01,102.42700000000241,10.24270000000024,1.6426701990236436,2.393009213544419,-0.13691872590177415,6.28995317236413,0
HPG,GOOD,UNCERTAINTY_AWARE_UCB_009,Uncertainty-Aware UCB-VAE — vae_019 + ucb_009,46,28,test,0.01,89.58795999999916,8.958795999999916,2.905984970753628,4.0923120156550095,0.23437915978673113,5.260542731504398,0
HPG,GOOD,UNCERTAINTY_AWARE_UCB_009,Uncertainty-Aware UCB-VAE — vae_019 + ucb_009,46,29,train,0.01,101.61781000000224,10.161781000000223,1.6302006831010019,2.3941604034239483,-0.14201147941636727,6.294920984745525,0
HPG,GOOD,UNCERTAINTY_AWARE_UCB_009,Uncertainty-Aware UCB-VAE — vae_019 + ucb_009,46,29,test,0.01,89.9569299999996,8.99569299999996,2.9176180134125707,4.091600586583608,0.23718607721732024,5.258784135808538,0
HPG,GOOD,UNCERTAINTY_AWARE_UCB_009,Uncertainty-Aware UCB-VAE — vae_019 + ucb_009,46,30,train,0.01,99.09717000000228,9.909717000000228,1.5913089811355308,2.3736109494808693,-0.15971615115144658,6.288298976884368,0
HPG,GOOD,UNCERTAINTY_AWARE_UCB_009,Uncertainty-Aware UCB-VAE — vae_019 + ucb_009,46,30,test,0.01,92.25492999999892,9.225492999999892,2.990011350464883,4.189735285675374,0.24942956778199746,5.260292241992431,0
HPG,GOOD,UNCERTAINTY_AWARE_UCB_009,Uncertainty-Aware UCB-VAE — vae_019 + ucb_009,46,31,train,0.01,99.2688200000016,9.92688200000016,1.5939597758545476,2.342532738316875,-0.16102593725767023,6.296873558100488,0
HPG,GOOD,UNCERTAINTY_AWARE_UCB_009,Uncertainty-Aware UCB-VAE — vae_019 + ucb_009,46,31,test,0.01,93.27981999999884,9.327981999999883,3.0222654983143693,4.179637669056169,0.2574514984211983,5.25541074702512,0
HPG,GOOD,UNCERTAINTY_AWARE_UCB_009,Uncertainty-Aware UCB-VAE — vae_019 + ucb_009,46,32,train,0.01,96.88388000000123,9.688388000000122,1.5570981704944753,2.317875039389249,-0.17878197771002355,6.251518039175105,0
HPG,GOOD,UNCERTAINTY_AWARE_UCB_009,Uncertainty-Aware UCB-VAE — vae_019 + ucb_009,46,32,test,0.01,98.729589999999,9.8729589999999,3.1934368929472656,4.36382966013347,0.2865668175331728,5.399898192622466,0
HPG,GOOD,UNCERTAINTY_AWARE_UCB_009,Uncertainty-Aware UCB-VAE — vae_019 + ucb_009,46,33,train,0.01,103.46166000000176,10.346166000000176,1.6586030783945827,2.3270465649597867,-0.13467276315447846,6.028211226037957,0
HPG,GOOD,UNCERTAINTY_AWARE_UCB_009,Uncertainty-Aware UCB-VAE — vae_019 + ucb_009,46,33,test,0.01,98.729589999999,9.8729589999999,3.1934368929472656,4.36382966013347,0.2865668175331728,5.399898192622466,0
HPG,GOOD,UNCERTAINTY_AWARE_UCB_009,Uncertainty-Aware UCB-VAE — vae_019 + ucb_009,46,34,train,0.01,107.71268000000259,10.771268000000259,1.7239348465009297,2.3908202517135684,-0.1033417963336709,6.026548350239293,0
HPG,GOOD,UNCERTAINTY_AWARE_UCB_009,Uncertainty-Aware UCB-VAE — vae_019 + ucb_009,46,34,test,0.01,98.09762999999907,9.809762999999908,3.173616741609564,4.366547318570986,0.28199965222031215,5.402971569924229,0
HPG,GOOD,UNCERTAINTY_AWARE_UCB_009,Uncertainty-Aware UCB-VAE — vae_019 + ucb_009,46,35,train,0.01,98.34541000000172,9.834541000000172,1.579695471371667,2.304771720310424,-0.1701884862382655,5.969417372857994,0
HPG,GOOD,UNCERTAINTY_AWARE_UCB_009,Uncertainty-Aware UCB-VAE — vae_019 + ucb_009,46,35,test,0.01,85.5682799999995,8.556827999999951,2.779080440885906,4.691578286033929,0.1836311443622662,5.7933189157013265,0
HPG,GOOD,UNCERTAINTY_AWARE_UCB_009,Uncertainty-Aware UCB-VAE — vae_019 + ucb_009,46,36,train,0.01,140.2127500000022,14.02127500000022,2.216626825254875,2.7240548479900006,0.09137498910292034,6.0939593327471675,0
HPG,GOOD,UNCERTAINTY_AWARE_UCB_009,Uncertainty-Aware UCB-VAE — vae_019 + ucb_009,46,36,test,0.01,82.04790000000003,8.204790000000003,2.667681848235426,4.81624239447825,0.1575049281289435,5.796891390055544,0
HPG,GOOD,UNCERTAINTY_AWARE_UCB_009,Uncertainty-Aware UCB-VAE — vae_019 + ucb_009,46,37,train,0.01,125.55384000000163,12.555384000000164,1.9958696736024795,2.595790973248715,0.010548159530570343,5.930404746181455,0
HPG,GOOD,UNCERTAINTY_AWARE_UCB_009,Uncertainty-Aware UCB-VAE — vae_019 + ucb_009,46,37,test,0.01,81.26469000000043,8.126469000000043,2.6428651999472974,4.836104166042357,0.15203832330727743,5.8010136187398444,0
HPG,GOOD,UNCERTAINTY_AWARE_UCB_009,Uncertainty-Aware UCB-VAE — vae_019 + ucb_009,46,38,train,0.01,122.5689000000018,12.25689000000018,1.9506245117012933,2.6169259223031696,-0.006432440862069959,5.9501344870570145,0
HPG,GOOD,UNCERTAINTY_AWARE_UCB_009,Uncertainty-Aware UCB-VAE — vae_019 + ucb_009,46,38,test,0.01,83.72454000000016,8.372454000000017,2.7207673584217718,4.84080614166907,0.16767006513633287,5.788086482379003,0
HPG,GOOD,UNCERTAINTY_AWARE_UCB_009,Uncertainty-Aware UCB-VAE — vae_019 + ucb_009,46,39,train,0.01,38.15590000000043,3.815590000000043,0.6276310779871563,1.7381144559503574,-0.7788415681068847,6.982395864597771,0
HPG,GOOD,UNCERTAINTY_AWARE_UCB_009,Uncertainty-Aware UCB-VAE — vae_019 + ucb_009,46,39,test,0.01,86.58051999999952,8.658051999999952,2.8110671198213755,4.815220949742622,0.18662230237381713,5.773149674365279,0
HPG,GOOD,UNCERTAINTY_AWARE_UCB_009,Uncertainty-Aware UCB-VAE — vae_019 + ucb_009,46,40,train,0.01,75.947190000001,7.5947190000001,1.2306029673470942,1.9797862119815182,-0.37707018205057447,5.2311753232662195,0
HPG,GOOD,UNCERTAINTY_AWARE_UCB_009,Uncertainty-Aware UCB-VAE — vae_019 + ucb_009,46,40,test,0.01,90.98774999999978,9.098774999999979,2.950104248083818,4.90667310526247,0.21169908998146023,5.925914158958899,0
HPG,GOOD,UNCERTAINTY_AWARE_UCB_009,Uncertainty-Aware UCB-VAE — vae_019 + ucb_009,46,41,train,0.01,74.81149000000096,7.481149000000095,1.2127415650907247,2.031383988126428,-0.375746643375989,5.535650901961135,0
HPG,GOOD,UNCERTAINTY_AWARE_UCB_009,Uncertainty-Aware UCB-VAE — vae_019 + ucb_009,46,41,test,0.01,92.89386999999988,9.289386999999987,3.0101216933670294,4.879613238399088,0.22459124058184848,5.915765357114481,0
HPG,GOOD,UNCERTAINTY_AWARE_UCB_009,Uncertainty-Aware UCB-VAE — vae_019 + ucb_009,46,42,train,0.01,96.30800000000158,9.630800000000159,1.5481873710550431,2.1915813969726323,-0.19442736464085994,5.536649813771333,0
HPG,GOOD,UNCERTAINTY_AWARE_UCB_009,Uncertainty-Aware UCB-VAE — vae_019 + ucb_009,46,42,test,0.01,100.01711999999975,10.001711999999975,3.23379419156804,4.747380542455929,0.2753703351538693,5.891000887267343,0
HPG,GOOD,UNCERTAINTY_AWARE_UCB_009,Uncertainty-Aware UCB-VAE — vae_019 + ucb_009,46,43,train,0.01,73.01957000000039,7.301957000000038,1.184527652803724,1.9986133290466483,-0.39631142760930715,5.377842438732011,0
HPG,GOOD,UNCERTAINTY_AWARE_UCB_009,Uncertainty-Aware UCB-VAE — vae_019 + ucb_009,46,43,test,0.01,97.77528000000007,9.777528000000006,3.1635039572899037,4.704618703062223,0.26291079714055865,5.891000887267343,0
HPG,GOOD,UNCERTAINTY_AWARE_UCB_009,Uncertainty-Aware UCB-VAE — vae_019 + ucb_009,46,44,train,0.01,94.18789000000129,9.418789000000128,1.5153485093453156,2.1127082737647602,-0.21793460085699476,5.080446699998565,0
HPG,GOOD,UNCERTAINTY_AWARE_UCB_009,Uncertainty-Aware UCB-VAE — vae_019 + ucb_009,46,44,test,0.01,106.00443000000018,10.600443000000018,3.4210526483156034,4.67471668668737,0.3178352969798243,5.887760075865591,0
HPG,GOOD,UNCERTAINTY_AWARE_UCB_009,Uncertainty-Aware UCB-VAE — vae_019 + ucb_009,46,45,train,0.01,111.17647000000147,11.117647000000147,1.7770138542524627,2.1718641146186304,-0.09183187534905958,4.9329079843819486,0
HPG,GOOD,UNCERTAINTY_AWARE_UCB_009,Uncertainty-Aware UCB-VAE — vae_019 + ucb_009,46,45,test,0.01,107.83835000000022,10.783835000000023,3.4782749972859683,4.655660404153727,0.3308720367299218,5.878120294156826,0
HPG,GOOD,UNCERTAINTY_AWARE_UCB_009,Uncertainty-Aware UCB-VAE — vae_019 + ucb_009,47,1,train,0.03,1126.5059399999982,112.65059399999981,13.435372664935908,12.026089257915046,0.9512842884913794,12.7107603895227,2
HPG,GOOD,UNCERTAINTY_AWARE_UCB_009,Uncertainty-Aware UCB-VAE — vae_019 + ucb_009,47,1,test,0.03,1318.4315799999995,131.84315799999996,32.41163668027933,22.83806611136789,1.2609873406626086,31.638038152694882,4
HPG,GOOD,UNCERTAINTY_AWARE_UCB_009,Uncertainty-Aware UCB-VAE — vae_019 + ucb_009,47,2,train,0.027,1145.2640599999982,114.52640599999981,13.601952140208029,12.125769192072124,0.9566601411542169,12.818456763159064,2
HPG,GOOD,UNCERTAINTY_AWARE_UCB_009,Uncertainty-Aware UCB-VAE — vae_019 + ucb_009,47,2,test,0.027,1313.37892,131.337892,32.315222623922054,22.879021438454096,1.2559385285727787,31.66362724784062,4
HPG,GOOD,UNCERTAINTY_AWARE_UCB_009,Uncertainty-Aware UCB-VAE — vae_019 + ucb_009,47,3,train,0.024300000000000002,1161.3180199999965,116.13180199999967,13.743556899392617,12.23984279628505,0.9591562909061768,12.986326072298523,2
HPG,GOOD,UNCERTAINTY_AWARE_UCB_009,Uncertainty-Aware UCB-VAE — vae_019 + ucb_009,47,3,test,0.024300000000000002,1545.7163299999997,154.57163299999996,36.61122489425217,23.158500223004886,1.3822133807113393,31.66362724784062,4
HPG,GOOD,UNCERTAINTY_AWARE_UCB_009,Uncertainty-Aware UCB-VAE — vae_019 + ucb_009,47,4,train,0.02187,1169.2936999999974,116.92936999999975,13.813581313164569,12.389289773721476,0.9540902106901796,13.069376190624347,2
HPG,GOOD,UNCERTAINTY_AWARE_UCB_009,Uncertainty-Aware UCB-VAE — vae_019 + ucb_009,47,4,test,0.02187,1314.5566099999996,131.45566099999996,32.337707645304945,23.00155062206691,1.2512127676322085,31.702763994911727,4
HPG,GOOD,UNCERTAINTY_AWARE_UCB_009,Uncertainty-Aware UCB-VAE — vae_019 + ucb_009,47,5,train,0.019683,1160.811319999998,116.08113199999978,13.739100937091031,12.408680816170339,0.947465738281279,12.989096501614487,2
HPG,GOOD,UNCERTAINTY_AWARE_UCB_009,Uncertainty-Aware UCB-VAE — vae_019 + ucb_009,47,5,test,0.019683,1546.1869799999995,154.61869799999994,36.61965670017824,23.240824292130817,1.3783906196158184,31.702763994911727,4
HPG,GOOD,UNCERTAINTY_AWARE_UCB_009,Uncertainty-Aware UCB-VAE — vae_019 + ucb_009,47,6,train,0.0177147,1189.203419999999,118.9203419999999,13.987452285475444,12.480999985535227,0.9603415967006319,13.128544787784183,2
HPG,GOOD,UNCERTAINTY_AWARE_UCB_009,Uncertainty-Aware UCB-VAE — vae_019 + ucb_009,47,6,test,0.0177147,1529.7253399999995,152.97253399999994,36.324123384920505,23.18938362072003,1.3715480879582327,31.67193804718112,4
HPG,GOOD,UNCERTAINTY_AWARE_UCB_009,Uncertainty-Aware UCB-VAE — vae_019 + ucb_009,47,7,train,0.015943230000000003,1193.3467699999992,119.33467699999991,14.02347036620808,12.552926463261905,0.9581053451682037,13.18840350699122,3
HPG,GOOD,UNCERTAINTY_AWARE_UCB_009,Uncertainty-Aware UCB-VAE — vae_019 + ucb_009,47,7,test,0.015943230000000003,1486.1777200000006,148.61777200000006,35.5360919446726,23.342179405634123,1.3391246658342688,31.401301380756774,4
HPG,GOOD,UNCERTAINTY_AWARE_UCB_009,Uncertainty-Aware UCB-VAE — vae_019 + ucb_009,47,8,train,0.014348907000000001,1276.4970699999976,127.64970699999975,14.734580108245133,12.132656619370286,1.0387274769186774,11.72435569196121,2
HPG,GOOD,UNCERTAINTY_AWARE_UCB_009,Uncertainty-Aware UCB-VAE — vae_019 + ucb_009,47,8,test,0.014348907000000001,1537.2471599999994,153.72471599999994,36.4593199265389,23.247858337236583,1.3729722299968263,31.547103431288008,4
HPG,GOOD,UNCERTAINTY_AWARE_UCB_009,Uncertainty-Aware UCB-VAE — vae_019 + ucb_009,47,9,train,0.012914016300000003,1339.350579999998,133.9350579999998,15.257888677452147,11.857540856582652,1.0987616717746351,11.69760208114213,2
HPG,GOOD,UNCERTAINTY_AWARE_UCB_009,Uncertainty-Aware UCB-VAE — vae_019 + ucb_009,47,9,test,0.012914016300000003,1535.9126899999997,153.59126899999998,36.43535377842244,23.249836875559645,1.3721190491101183,31.5856058685797,4
HPG,GOOD,UNCERTAINTY_AWARE_UCB_009,Uncertainty-Aware UCB-VAE — vae_019 + ucb_009,47,10,train,0.011622614670000002,1327.8573799999976,132.78573799999978,15.163080296390707,11.946905276962932,1.0845022296126239,11.706378130239965,2
HPG,GOOD,UNCERTAINTY_AWARE_UCB_009,Uncertainty-Aware UCB-VAE — vae_019 + ucb_009,47,10,test,0.011622614670000002,1535.9126899999997,153.59126899999998,36.43535377842244,23.249836875559645,1.3721190491101183,31.5856058685797,4
HPG,GOOD,UNCERTAINTY_AWARE_UCB_009,Uncertainty-Aware UCB-VAE — vae_019 + ucb_009,47,11,train,0.010460353203000003,1342.391169999999,134.23911699999988,15.28290585558385,11.923599900065563,1.0951930769217908,11.683496622680641,2
HPG,GOOD,UNCERTAINTY_AWARE_UCB_009,Uncertainty-Aware UCB-VAE — vae_019 + ucb_009,47,11,test,0.010460353203000003,1539.90314,153.99031399999998,36.506994495379175,23.250714294949525,1.3743452314643054,31.5856058685797,4
HPG,GOOD,UNCERTAINTY_AWARE_UCB_009,Uncertainty-Aware UCB-VAE — vae_019 + ucb_009,47,12,train,0.01,1347.9308399999982,134.7930839999998,15.328415361637404,11.848633982039662,1.1047396813003354,11.693526248036768,2
HPG,GOOD,UNCERTAINTY_AWARE_UCB_009,Uncertainty-Aware UCB-VAE — vae_019 + ucb_009,47,12,test,0.01,1517.26813,151.726813,36.099628371466366,23.189479014078294,1.3644117781974423,31.5856058685797,4
HPG,GOOD,UNCERTAINTY_AWARE_UCB_009,Uncertainty-Aware UCB-VAE — vae_019 + ucb_009,47,13,train,0.01,1356.5101999999983,135.65101999999985,15.39872033878975,11.886838802622018,1.1067420367355159,11.661709661397946,2
HPG,GOOD,UNCERTAINTY_AWARE_UCB_009,Uncertainty-Aware UCB-VAE — vae_019 + ucb_009,47,13,test,0.01,1521.40402,152.140402,36.17424434957006,23.1882333514411,1.3668482847081473,31.572304271651834,4
HPG,GOOD,UNCERTAINTY_AWARE_UCB_009,Uncertainty-Aware UCB-VAE — vae_019 + ucb_009,47,14,train,0.01,1349.9553699999979,134.99553699999979,15.3450249706496,12.026716418022676,1.0913541928018988,11.692561635057388,2
HPG,GOOD,UNCERTAINTY_AWARE_UCB_009,Uncertainty-Aware UCB-VAE — vae_019 + ucb_009,47,14,test,0.01,1454.5836200000003,145.45836200000005,34.95859589837933,23.41346433606525,1.3174382086224459,31.38654978756264,4
HPG,GOOD,UNCERTAINTY_AWARE_UCB_009,Uncertainty-Aware UCB-VAE — vae_019 + ucb_009,47,15,train,0.01,1364.654909999997,136.4654909999997,15.465266516220977,12.09281104070264,1.0947414583089743,11.739614159022148,2
HPG,GOOD,UNCERTAINTY_AWARE_UCB_009,Uncertainty-Aware UCB-VAE — vae_019 + ucb_009,47,15,test,0.01,1464.185340000001,146.41853400000008,35.134623060319555,23.376146382727438,1.3247553518080686,31.405967933925087,4
HPG,GOOD,UNCERTAINTY_AWARE_UCB_009,Uncertainty-Aware UCB-VAE — vae_019 + ucb_009,47,16,train,0.01,1436.950439999997,143.69504399999968,16.04773487883282,11.89218200348626,1.1539056894820947,11.75652428424124,1
HPG,GOOD,UNCERTAINTY_AWARE_UCB_009,Uncertainty-Aware UCB-VAE — vae_019 + ucb_009,47,16,test,0.01,1466.8083000000006,146.68083000000004,35.18262998984374,23.352117298932356,1.327406052896139,31.328877752307054,4
HPG,GOOD,UNCERTAINTY_AWARE_UCB_009,Uncertainty-Aware UCB-VAE — vae_019 + ucb_009,47,17,train,0.01,1444.4563099999964,144.44563099999962,16.107379968677883,11.931488155881631,1.1548418111741792,11.721544412881375,1
HPG,GOOD,UNCERTAINTY_AWARE_UCB_009,Uncertainty-Aware UCB-VAE — vae_019 + ucb_009,47,17,test,0.01,1464.49856,146.449856,35.14035758290564,23.46904374075115,1.3206186589858728,31.39674229110277,4
HPG,GOOD,UNCERTAINTY_AWARE_UCB_009,Uncertainty-Aware UCB-VAE — vae_019 + ucb_009,47,18,train,0.01,1430.2060999999976,143.02060999999978,15.99401059900356,12.232267477680344,1.1213678337109527,11.705962234384618,2
HPG,GOOD,UNCERTAINTY_AWARE_UCB_009,Uncertainty-Aware UCB-VAE — vae_019 + ucb_009,47,18,test,0.01,1494.6100099999994,149.46100099999995,35.68939516217697,23.52100745018446,1.3355436113171815,31.40643374848314,4
HPG,GOOD,UNCERTAINTY_AWARE_UCB_009,Uncertainty-Aware UCB-VAE — vae_019 + ucb_009,47,19,train,0.01,1436.156559999998,143.6156559999998,16.041417399547097,12.227408369164412,1.125140640934774,11.671876789512366,2
HPG,GOOD,UNCERTAINTY_AWARE_UCB_009,Uncertainty-Aware UCB-VAE — vae_019 + ucb_009,47,19,test,0.01,1475.80642,147.58064199999998,35.34706083443475,23.472056621349154,1.327028019828557,31.278105497683324,4
HPG,GOOD,UNCERTAINTY_AWARE_UCB_009,Uncertainty-Aware UCB-VAE — vae_019 + ucb_009,47,20,train,0.01,1422.816249999998,142.28162499999982,15.935001524508374,12.289692708509655,1.112521598391863,11.690153173030845,2
HPG,GOOD,UNCERTAINTY_AWARE_UCB_009,Uncertainty-Aware UCB-VAE — vae_019 + ucb_009,47,20,test,0.01,1475.80642,147.58064199999998,35.34706083443475,23.472056621349154,1.327028019828557,31.278105497683324,4
HPG,GOOD,UNCERTAINTY_AWARE_UCB_009,Uncertainty-Aware UCB-VAE — vae_019 + ucb_009,47,21,train,0.01,1435.5106499999974,143.55106499999974,16.03627615970902,12.277562263012571,1.1206788654668274,11.667322952656797,2
HPG,GOOD,UNCERTAINTY_AWARE_UCB_009,Uncertainty-Aware UCB-VAE — vae_019 + ucb_009,47,21,test,0.01,1555.8263199999997,155.582632,36.79211984106851,23.563235991137173,1.3680940678306972,31.278105497683324,4
HPG,GOOD,UNCERTAINTY_AWARE_UCB_009,Uncertainty-Aware UCB-VAE — vae_019 + ucb_009,47,22,train,0.01,1443.201039999998,144.32010399999982,16.097415648852298,12.35552280240269,1.1186862535986308,11.657573114539808,3
HPG,GOOD,UNCERTAINTY_AWARE_UCB_009,Uncertainty-Aware UCB-VAE — vae_019 + ucb_009,47,22,test,0.01,1549.9831099999997,154.99831099999997,36.687627337552556,23.57414758974317,1.3643157323378998,31.339390038233923,4
HPG,GOOD,UNCERTAINTY_AWARE_UCB_009,Uncertainty-Aware UCB-VAE — vae_019 + ucb_009,47,23,train,0.01,1439.3092399999969,143.9309239999997,16.066495454490926,12.360648720887948,1.1161001335568566,11.661808274508697,2
HPG,GOOD,UNCERTAINTY_AWARE_UCB_009,Uncertainty-Aware UCB-VAE — vae_019 + ucb_009,47,23,test,0.01,1549.9831099999997,154.99831099999997,36.687627337552556,23.57414758974317,1.3643157323378998,31.339390038233923,4
HPG,GOOD,UNCERTAINTY_AWARE_UCB_009,Uncertainty-Aware UCB-VAE — vae_019 + ucb_009,47,24,train,0.01,1444.5432599999967,144.45432599999967,16.108070019004206,12.490281798307219,1.1086944304661843,11.639077614863089,3
HPG,GOOD,UNCERTAINTY_AWARE_UCB_009,Uncertainty-Aware UCB-VAE — vae_019 + ucb_009,47,24,test,0.01,1549.9831099999997,154.99831099999997,36.687627337552556,23.57414758974317,1.3643157323378998,31.339390038233923,4
HPG,GOOD,UNCERTAINTY_AWARE_UCB_009,Uncertainty-Aware UCB-VAE — vae_019 + ucb_009,47,25,train,0.01,1452.6652899999963,145.26652899999962,16.17243789985605,12.54680711572621,1.1087184067859024,11.662197218997118,3
HPG,GOOD,UNCERTAINTY_AWARE_UCB_009,Uncertainty-Aware UCB-VAE — vae_019 + ucb_009,47,25,test,0.01,1569.9127399999998,156.99127399999998,37.04337081175273,25.428681361107213,1.2931479835101036,37.89492194435139,7
HPG,GOOD,UNCERTAINTY_AWARE_UCB_009,Uncertainty-Aware UCB-VAE — vae_019 + ucb_009,47,26,train,0.01,1443.5234999999975,144.35234999999975,16.099975739804062,12.605549130910102,1.0991456401200397,11.675594853990088,3
HPG,GOOD,UNCERTAINTY_AWARE_UCB_009,Uncertainty-Aware UCB-VAE — vae_019 + ucb_009,47,26,test,0.01,1786.13771,178.61377099999999,40.789891188423866,24.104659559481806,1.46279102460024,31.406696551394415,4
HPG,GOOD,UNCERTAINTY_AWARE_UCB_009,Uncertainty-Aware UCB-VAE — vae_019 + ucb_009,47,27,train,0.01,1446.5335699999978,144.65335699999977,16.12385987836391,12.665010911077863,1.0962143749365023,11.674448289790817,3
HPG,GOOD,UNCERTAINTY_AWARE_UCB_009,Uncertainty-Aware UCB-VAE — vae_019 + ucb_009,47,27,test,0.01,1625.246959999999,162.5246959999999,38.021548135878525,25.47547539527781,1.319277768944926,37.90796936322469,7
HPG,GOOD,UNCERTAINTY_AWARE_UCB_009,Uncertainty-Aware UCB-VAE — vae_019 + ucb_009,47,28,train,0.01,1467.6729799999966,146.76729799999967,16.29090963595854,12.759860705781211,1.1003830670957948,11.70976929292643,3
HPG,GOOD,UNCERTAINTY_AWARE_UCB_009,Uncertainty-Aware UCB-VAE — vae_019 + ucb_009,47,28,test,0.01,1605.9798600000004,160.59798600000005,37.68252399144594,25.383979238082173,1.313387068061285,37.87265204545883,7
HPG,GOOD,UNCERTAINTY_AWARE_UCB_009,Uncertainty-Aware UCB-VAE — vae_019 + ucb_009,47,29,train,0.01,1452.5382699999973,145.25382699999975,16.171432621434366,12.855900204166367,1.085045613107684,12.605011270981173,3
HPG,GOOD,UNCERTAINTY_AWARE_UCB_009,Uncertainty-Aware UCB-VAE — vae_019 + ucb_009,47,29,test,0.01,1564.6764699999994,156.46764699999994,36.95008200243939,25.49236288261259,1.2878663337528973,37.88285891093105,7
HPG,GOOD,UNCERTAINTY_AWARE_UCB_009,Uncertainty-Aware UCB-VAE — vae_019 + ucb_009,47,30,train,0.01,1461.8635399999966,146.18635399999965,16.245120895280184,12.943709792373035,1.0835040571368508,12.909835859446822,3
HPG,GOOD,UNCERTAINTY_AWARE_UCB_009,Uncertainty-Aware UCB-VAE — vae_019 + ucb_009,47,30,test,0.01,1585.1321899999994,158.51321899999994,37.313802043408415,25.586605358296598,1.294477434272131,37.87459957919749,7
HPG,GOOD,UNCERTAINTY_AWARE_UCB_009,Uncertainty-Aware UCB-VAE — vae_019 + ucb_009,47,31,train,0.01,1466.5546199999972,146.65546199999972,16.282101949661243,13.087486541232604,1.0754805751730658,15.27467472885792,3
HPG,GOOD,UNCERTAINTY_AWARE_UCB_009,Uncertainty-Aware UCB-VAE — vae_019 + ucb_009,47,31,test,0.01,1583.9333899999992,158.3933389999999,37.29253935554699,25.59026219960692,1.2937209316541485,37.87459957919749,7
HPG,GOOD,UNCERTAINTY_AWARE_UCB_009,Uncertainty-Aware UCB-VAE — vae_019 + ucb_009,47,32,train,0.01,1476.8021299999964,147.68021299999964,16.3626825297972,13.178329702820738,1.0742767045031394,16.104003139865362,3
HPG,GOOD,UNCERTAINTY_AWARE_UCB_009,Uncertainty-Aware UCB-VAE — vae_019 + ucb_009,47,32,test,0.01,1583.6933099999987,158.36933099999987,37.28828035251723,25.594197243968786,1.2934396898254699,37.87205914631253,7
HPG,GOOD,UNCERTAINTY_AWARE_UCB_009,Uncertainty-Aware UCB-VAE — vae_019 + ucb_009,47,33,train,0.01,1466.8406799999966,146.68406799999966,16.284355142503504,13.285457143058196,1.0615697558900339,16.404531357857564,3
HPG,GOOD,UNCERTAINTY_AWARE_UCB_009,Uncertainty-Aware UCB-VAE — vae_019 + ucb_009,47,33,test,0.01,1584.4253799999988,158.44253799999987,37.30126640149032,25.62445399572473,1.2925923936588806,37.95870257141753,7
HPG,GOOD,UNCERTAINTY_AWARE_UCB_009,Uncertainty-Aware UCB-VAE — vae_019 + ucb_009,47,34,train,0.01,1532.2962099999959,153.22962099999958,16.794293875578514,13.512153441400951,1.07869051454944,15.949990929565807,3
HPG,GOOD,UNCERTAINTY_AWARE_UCB_009,Uncertainty-Aware UCB-VAE — vae_019 + ucb_009,47,34,test,0.01,1590.4444799999992,159.04444799999993,37.40794527609024,25.602924462544678,1.296508058277087,37.81474957247165,7
HPG,GOOD,UNCERTAINTY_AWARE_UCB_009,Uncertainty-Aware UCB-VAE — vae_019 + ucb_009,47,35,train,0.01,1534.273019999995,153.4273019999995,16.809522860992555,13.570683403215561,1.0755932380066853,16.324701320919903,3
HPG,GOOD,UNCERTAINTY_AWARE_UCB_009,Uncertainty-Aware UCB-VAE — vae_019 + ucb_009,47,35,test,0.01,1590.4444799999992,159.04444799999993,37.40794527609024,25.602924462544678,1.296508058277087,37.81474957247165,7
HPG,GOOD,UNCERTAINTY_AWARE_UCB_009,Uncertainty-Aware UCB-VAE — vae_019 + ucb_009,47,36,train,0.01,1557.822149999995,155.7822149999995,16.990184270723162,13.706266516881376,1.0776833278736442,16.860320912269238,3
HPG,GOOD,UNCERTAINTY_AWARE_UCB_009,Uncertainty-Aware UCB-VAE — vae_019 + ucb_009,47,36,test,0.01,1534.7563099999988,153.47563099999988,36.41457920711573,25.73036809905614,1.2630442571011968,38.73157066216394,8
HPG,GOOD,UNCERTAINTY_AWARE_UCB_009,Uncertainty-Aware UCB-VAE — vae_019 + ucb_009,47,37,train,0.01,1542.841889999996,154.2841889999996,16.875421699859206,13.956167658711784,1.0537514746494643,16.407087011907226,3
HPG,GOOD,UNCERTAINTY_AWARE_UCB_009,Uncertainty-Aware UCB-VAE — vae_019 + ucb_009,47,37,test,0.01,1535.6010199999992,153.56010199999992,36.42975519303129,25.749991315097898,1.262720603602926,38.71124551303479,8
HPG,GOOD,UNCERTAINTY_AWARE_UCB_009,Uncertainty-Aware UCB-VAE — vae_019 + ucb_009,47,38,train,0.01,1565.4422199999963,156.54422199999962,17.048346351487798,14.060873255557398,1.0575593354886892,16.964530144311716,3
HPG,GOOD,UNCERTAINTY_AWARE_UCB_009,Uncertainty-Aware UCB-VAE — vae_019 + ucb_009,47,38,test,0.01,1580.8041799999992,158.08041799999992,37.237006693558364,25.96289140461406,1.2773144092256388,38.49551175514986,8
HPG,GOOD,UNCERTAINTY_AWARE_UCB_009,Uncertainty-Aware UCB-VAE — vae_019 + ucb_009,47,39,train,0.01,1602.2102799999961,160.22102799999962,17.326981884060743,14.14045598009182,1.069372181157661,17.060883583299837,3
HPG,GOOD,UNCERTAINTY_AWARE_UCB_009,Uncertainty-Aware UCB-VAE — vae_019 + ucb_009,47,39,test,0.01,1536.670599999999,153.6670599999999,36.44896634252619,25.744176641128274,1.26349564579631,38.53465435216776,8
HPG,GOOD,UNCERTAINTY_AWARE_UCB_009,Uncertainty-Aware UCB-VAE — vae_019 + ucb_009,47,40,train,0.01,1620.323079999996,162.0323079999996,17.46304041129918,14.180489753997113,1.0750023340593147,17.064955206542944,3
HPG,GOOD,UNCERTAINTY_AWARE_UCB_009,Uncertainty-Aware UCB-VAE — vae_019 + ucb_009,47,40,test,0.01,1572.8822299999988,157.28822299999987,37.09621866619865,26.00834055491714,1.271572330077506,38.4690736287464,8
HPG,GOOD,UNCERTAINTY_AWARE_UCB_009,Uncertainty-Aware UCB-VAE — vae_019 + ucb_009,47,41,train,0.01,1614.6907099999962,161.46907099999964,17.420815694580316,14.172869445347732,1.0729447788473538,17.211859123395833,3
HPG,GOOD,UNCERTAINTY_AWARE_UCB_009,Uncertainty-Aware UCB-VAE — vae_019 + ucb_009,47,41,test,0.01,1552.886109999998,155.2886109999998,36.73956079521212,25.934667684248215,1.2643548559383027,38.546248533341235,8
HPG,GOOD,UNCERTAINTY_AWARE_UCB_009,Uncertainty-Aware UCB-VAE — vae_019 + ucb_009,47,42,train,0.01,1638.8174699999963,163.88174699999962,17.60115944545937,14.31154169900638,1.0747466336916514,17.03512979291388,3
HPG,GOOD,UNCERTAINTY_AWARE_UCB_009,Uncertainty-Aware UCB-VAE — vae_019 + ucb_009,47,42,test,0.01,1553.027709999998,155.3027709999998,36.74209295363282,25.93231795925186,1.2645176741499202,38.53304811479846,8
HPG,GOOD,UNCERTAINTY_AWARE_UCB_009,Uncertainty-Aware UCB-VAE — vae_019 + ucb_009,47,43,train,0.01,1640.756239999996,164.0756239999996,17.615591752727177,14.393588193660259,1.0703003711094787,17.717699993013117,3
HPG,GOOD,UNCERTAINTY_AWARE_UCB_009,Uncertainty-Aware UCB-VAE — vae_019 + ucb_009,47,43,test,0.01,1558.1800499999986,155.81800499999986,36.8341659802323,25.966837719643415,1.265787421717477,38.52009380575396,8
HPG,GOOD,UNCERTAINTY_AWARE_UCB_009,Uncertainty-Aware UCB-VAE — vae_019 + ucb_009,47,44,train,0.01,1652.0746699999963,165.20746699999964,17.699671031332898,14.414383290378508,1.0739684624561414,17.967645152610913,3
HPG,GOOD,UNCERTAINTY_AWARE_UCB_009,Uncertainty-Aware UCB-VAE — vae_019 + ucb_009,47,44,test,0.01,1559.4544499999988,155.94544499999986,36.85692062509347,25.999477063842054,1.2651632821091257,38.594747020224595,8
HPG,GOOD,UNCERTAINTY_AWARE_UCB_009,Uncertainty-Aware UCB-VAE — vae_019 + ucb_009,47,45,train,0.01,1678.2282199999959,167.82282199999958,17.892816111738785,14.501735192277158,1.0797763348522902,18.626107056870595,3
HPG,GOOD,UNCERTAINTY_AWARE_UCB_009,Uncertainty-Aware UCB-VAE — vae_019 + ucb_009,47,45,test,0.01,1559.4544499999988,155.94544499999986,36.85692062509347,25.999477063842054,1.2651632821091257,38.594747020224595,8
HPG,GOOD,UNCERTAINTY_AWARE_UCB_009,Uncertainty-Aware UCB-VAE — vae_019 + ucb_009,48,1,train,0.03,3238.4187300000012,323.84187300000013,27.29079102128342,29.527980012930016,0.9042628063371058,37.646344866247425,13
HPG,GOOD,UNCERTAINTY_AWARE_UCB_009,Uncertainty-Aware UCB-VAE — vae_019 + ucb_009,48,1,test,0.03,98.10323000000017,9.810323000000016,3.173792407682563,9.565589687465021,0.166555938280322,20.2283636366338,0
HPG,GOOD,UNCERTAINTY_AWARE_UCB_009,Uncertainty-Aware UCB-VAE — vae_019 + ucb_009,48,2,train,0.027,3254.8347600000006,325.48347600000005,27.373034581556134,29.540264174110348,0.9062174165945993,37.646413551282215,13
HPG,GOOD,UNCERTAINTY_AWARE_UCB_009,Uncertainty-Aware UCB-VAE — vae_019 + ucb_009,48,2,test,0.027,98.10323000000017,9.810323000000016,3.173792407682563,9.565589687465021,0.166555938280322,20.2283636366338,0
HPG,GOOD,UNCERTAINTY_AWARE_UCB_009,Uncertainty-Aware UCB-VAE — vae_019 + ucb_009,48,3,train,0.024300000000000002,3253.274230000001,325.3274230000001,27.365227776563515,29.55163466267658,0.9057721503408711,37.65538548623466,13
HPG,GOOD,UNCERTAINTY_AWARE_UCB_009,Uncertainty-Aware UCB-VAE — vae_019 + ucb_009,48,3,test,0.024300000000000002,97.42323000000033,9.742323000000033,3.152457162594957,9.535964592490913,0.16460032905606214,20.032225368813286,0
HPG,GOOD,UNCERTAINTY_AWARE_UCB_009,Uncertainty-Aware UCB-VAE — vae_019 + ucb_009,48,4,train,0.02187,3216.272310000001,321.6272310000001,27.179417034123876,29.506297719355207,0.9017156497291388,37.63186647121197,13
HPG,GOOD,UNCERTAINTY_AWARE_UCB_009,Uncertainty-Aware UCB-VAE — vae_019 + ucb_009,48,4,test,0.02187,109.75368000000026,10.975368000000026,3.5379701936038233,9.297689820025585,0.2066674667214606,19.102243316554812,0
HPG,GOOD,UNCERTAINTY_AWARE_UCB_009,Uncertainty-Aware UCB-VAE — vae_019 + ucb_009,48,5,train,0.019683,3253.3050300000014,325.33050300000014,27.36538188164719,29.54143287666274,0.9059892511061546,37.65520836682457,13
HPG,GOOD,UNCERTAINTY_AWARE_UCB_009,Uncertainty-Aware UCB-VAE — vae_019 + ucb_009,48,5,test,0.019683,109.78230000000008,10.978230000000009,3.5388616741170553,9.297481598499417,0.2067629842432105,19.10183739061738,0
HPG,GOOD,UNCERTAINTY_AWARE_UCB_009,Uncertainty-Aware UCB-VAE — vae_019 + ucb_009,48,6,train,0.0177147,3228.9861100000007,322.8986110000001,27.243413928422157,29.51601366664052,0.9032390375894233,37.65339154829676,13
HPG,GOOD,UNCERTAINTY_AWARE_UCB_009,Uncertainty-Aware UCB-VAE — vae_019 + ucb_009,48,6,test,0.0177147,109.89767000000006,10.989767000000006,3.5424551633715495,9.296561986233836,0.20714902972872912,19.100201238661533,0
HPG,GOOD,UNCERTAINTY_AWARE_UCB_009,Uncertainty-Aware UCB-VAE — vae_019 + ucb_009,48,7,train,0.015943230000000003,3230.111820000001,323.01118200000013,27.249072639311954,29.514626913893675,0.9034200609079334,37.6468820808953,13
HPG,GOOD,UNCERTAINTY_AWARE_UCB_009,Uncertainty-Aware UCB-VAE — vae_019 + ucb_009,48,7,test,0.015943230000000003,111.29767000000015,11.129767000000015,3.58604187343452,9.273296870343803,0.21199038168028317,18.996261017830427,0
HPG,GOOD,UNCERTAINTY_AWARE_UCB_009,Uncertainty-Aware UCB-VAE — vae_019 + ucb_009,48,8,train,0.014348907000000001,3230.111820000001,323.01118200000013,27.249072639311954,29.514626913893675,0.9034200609079334,37.6468820808953,13
HPG,GOOD,UNCERTAINTY_AWARE_UCB_009,Uncertainty-Aware UCB-VAE — vae_019 + ucb_009,48,8,test,0.014348907000000001,111.29767000000015,11.129767000000015,3.58604187343452,9.273296870343803,0.21199038168028317,18.996261017830427,0
HPG,GOOD,UNCERTAINTY_AWARE_UCB_009,Uncertainty-Aware UCB-VAE — vae_019 + ucb_009,48,9,train,0.012914016300000003,3402.1430100000007,340.21430100000003,28.099451114137054,29.65825168575599,0.9231510325343298,37.64943093684061,13
HPG,GOOD,UNCERTAINTY_AWARE_UCB_009,Uncertainty-Aware UCB-VAE — vae_019 + ucb_009,48,9,test,0.012914016300000003,117.13767000000007,11.713767000000006,3.767467230049548,9.157959110050196,0.23267856460671765,18.316195001535537,0
HPG,GOOD,UNCERTAINTY_AWARE_UCB_009,Uncertainty-Aware UCB-VAE — vae_019 + ucb_009,48,10,train,0.011622614670000002,3402.1430100000007,340.21430100000003,28.099451114137054,29.65825168575599,0.9231510325343298,37.64943093684061,13
HPG,GOOD,UNCERTAINTY_AWARE_UCB_009,Uncertainty-Aware UCB-VAE — vae_019 + ucb_009,48,10,test,0.011622614670000002,117.13767000000007,11.713767000000006,3.767467230049548,9.157959110050196,0.23267856460671765,18.316195001535537,0
HPG,GOOD,UNCERTAINTY_AWARE_UCB_009,Uncertainty-Aware UCB-VAE — vae_019 + ucb_009,48,11,train,0.010460353203000003,3402.5725200000006,340.25725200000005,28.101539346501525,29.649153384245558,0.923399885155709,37.64704482473156,13
HPG,GOOD,UNCERTAINTY_AWARE_UCB_009,Uncertainty-Aware UCB-VAE — vae_019 + ucb_009,48,11,test,0.010460353203000003,117.13767000000007,11.713767000000006,3.767467230049548,9.157959110050196,0.23267856460671765,18.316195001535537,0
HPG,GOOD,UNCERTAINTY_AWARE_UCB_009,Uncertainty-Aware UCB-VAE — vae_019 + ucb_009,48,12,train,0.01,3402.5725200000006,340.25725200000005,28.101539346501525,29.649153384245558,0.923399885155709,37.64704482473156,13
HPG,GOOD,UNCERTAINTY_AWARE_UCB_009,Uncertainty-Aware UCB-VAE — vae_019 + ucb_009,48,12,test,0.01,110.93701000000056,11.093701000000056,3.574816813565773,9.215326034702223,0.21155184094548826,18.14118963152395,0
HPG,GOOD,UNCERTAINTY_AWARE_UCB_009,Uncertainty-Aware UCB-VAE — vae_019 + ucb_009,48,13,train,0.01,3402.6528800000006,340.26528800000006,28.101930029510402,29.648316957223354,0.9234279456627785,37.64659842408166,13
HPG,GOOD,UNCERTAINTY_AWARE_UCB_009,Uncertainty-Aware UCB-VAE — vae_019 + ucb_009,48,13,test,0.01,110.81578000000036,11.081578000000036,3.5710431469327064,9.216293562787692,0.21114241764390104,18.142834099700217,0
HPG,GOOD,UNCERTAINTY_AWARE_UCB_009,Uncertainty-Aware UCB-VAE — vae_019 + ucb_009,48,14,train,0.01,3402.633570000001,340.2633570000001,28.101836151395233,29.64951402812037,0.9233999724978039,37.646705690369586,13
HPG,GOOD,UNCERTAINTY_AWARE_UCB_009,Uncertainty-Aware UCB-VAE — vae_019 + ucb_009,48,14,test,0.01,111.76952000000006,11.176952000000005,3.60072390961077,9.210234092891172,0.21433604884915605,17.788663150838094,0
HPG,GOOD,UNCERTAINTY_AWARE_UCB_009,Uncertainty-Aware UCB-VAE — vae_019 + ucb_009,48,15,train,0.01,3392.9931700000006,339.29931700000003,28.05492519114612,29.657210539419648,0.9219885493528438,37.654646525049465,13
HPG,GOOD,UNCERTAINTY_AWARE_UCB_009,Uncertainty-Aware UCB-VAE — vae_019 + ucb_009,48,15,test,0.01,114.73436000000015,11.473436000000014,3.692882716455248,9.219946292116333,0.22388814751216057,17.749178714923687,0
HPG,GOOD,UNCERTAINTY_AWARE_UCB_009,Uncertainty-Aware UCB-VAE — vae_019 + ucb_009,48,16,train,0.01,3402.2445800000005,340.224458,28.099944952095022,29.65217730513288,0.9232934405676951,37.64886664465858,13
HPG,GOOD,UNCERTAINTY_AWARE_UCB_009,Uncertainty-Aware UCB-VAE — vae_019 + ucb_009,48,16,test,0.01,115.00937000000022,11.500937000000022,3.701422822569067,9.217794059483113,0.22481587759710908,17.74552513420104,0
HPG,GOOD,UNCERTAINTY_AWARE_UCB_009,Uncertainty-Aware UCB-VAE — vae_019 + ucb_009,48,17,train,0.01,3402.435160000001,340.2435160000001,28.10087153511114,29.653117063519076,0.9232977731040944,37.647807885498146,13
HPG,GOOD,UNCERTAINTY_AWARE_UCB_009,Uncertainty-Aware UCB-VAE — vae_019 + ucb_009,48,17,test,0.01,131.5070900000003,13.15070900000003,4.211193683447911,9.357568463948255,0.2754473198384561,17.990627182897207,0
HPG,GOOD,UNCERTAINTY_AWARE_UCB_009,Uncertainty-Aware UCB-VAE — vae_019 + ucb_009,48,18,train,0.01,3402.5725200000006,340.25725200000005,28.101539346501525,29.649153384245558,0.923399885155709,37.64704482473156,13
HPG,GOOD,UNCERTAINTY_AWARE_UCB_009,Uncertainty-Aware UCB-VAE — vae_019 + ucb_009,48,18,test,0.01,134.18038000000024,13.418038000000024,4.293329888683983,9.278910734530147,0.28551408908089154,17.349780561649712,0
HPG,GOOD,UNCERTAINTY_AWARE_UCB_009,Uncertainty-Aware UCB-VAE — vae_019 + ucb_009,48,19,train,0.01,3392.704990000001,339.27049900000014,28.053521564746898,29.660202986621314,0.9218880693229882,37.65625109538384,13
HPG,GOOD,UNCERTAINTY_AWARE_UCB_009,Uncertainty-Aware UCB-VAE — vae_019 + ucb_009,48,19,test,0.01,125.93276000000014,12.593276000000014,4.03950698614286,9.253678808284088,0.25962030039127754,17.228671009162493,0
HPG,GOOD,UNCERTAINTY_AWARE_UCB_009,Uncertainty-Aware UCB-VAE — vae_019 + ucb_009,48,20,train,0.01,3402.763100000001,340.2763100000001,28.10246587203118,29.650092719046246,0.9234042212530741,37.645986168033424,13
HPG,GOOD,UNCERTAINTY_AWARE_UCB_009,Uncertainty-Aware UCB-VAE — vae_019 + ucb_009,48,20,test,0.01,121.20309999999972,12.120309999999971,3.893391155698156,9.71523524537294,0.23727088184704612,17.28952041517274,0
HPG,GOOD,UNCERTAINTY_AWARE_UCB_009,Uncertainty-Aware UCB-VAE — vae_019 + ucb_009,48,21,train,0.01,3402.763100000001,340.2763100000001,28.10246587203118,29.650092719046246,0.9234042212530741,37.645986168033424,13
HPG,GOOD,UNCERTAINTY_AWARE_UCB_009,Uncertainty-Aware UCB-VAE — vae_019 + ucb_009,48,21,test,0.01,144.16919999999982,14.416919999999983,4.599097794120777,10.265158614428897,0.29612613420747685,17.000029152713143,0
HPG,GOOD,UNCERTAINTY_AWARE_UCB_009,Uncertainty-Aware UCB-VAE — vae_019 + ucb_009,48,22,train,0.01,3402.763100000001,340.2763100000001,28.10246587203118,29.650092719046246,0.9234042212530741,37.645986168033424,13
HPG,GOOD,UNCERTAINTY_AWARE_UCB_009,Uncertainty-Aware UCB-VAE — vae_019 + ucb_009,48,22,test,0.01,125.82558999999992,12.582558999999993,4.036200659687972,11.202743470598477,0.23199524327077398,17.00353489585198,0
HPG,GOOD,UNCERTAINTY_AWARE_UCB_009,Uncertainty-Aware UCB-VAE — vae_019 + ucb_009,48,23,train,0.01,3392.704990000001,339.27049900000014,28.053521564746898,29.660202986621314,0.9218880693229882,37.65625109538384,13
HPG,GOOD,UNCERTAINTY_AWARE_UCB_009,Uncertainty-Aware UCB-VAE — vae_019 + ucb_009,48,23,test,0.01,120.06674000000021,12.006674000000022,3.858223846867337,11.540369564458965,0.21366807925037531,17.076920404314244,0
HPG,GOOD,UNCERTAINTY_AWARE_UCB_009,Uncertainty-Aware UCB-VAE — vae_019 + ucb_009,48,24,train,0.01,3402.763100000001,340.2763100000001,28.10246587203118,29.650092719046246,0.9234042212530741,37.645986168033424,13
HPG,GOOD,UNCERTAINTY_AWARE_UCB_009,Uncertainty-Aware UCB-VAE — vae_019 + ucb_009,48,24,test,0.01,130.96216000000004,13.096216000000005,4.194434981125061,11.442473787869206,0.2428571561316524,16.494700261171065,0
HPG,GOOD,UNCERTAINTY_AWARE_UCB_009,Uncertainty-Aware UCB-VAE — vae_019 + ucb_009,48,25,train,0.01,3392.704990000001,339.27049900000014,28.053521564746898,29.660202986621314,0.9218880693229882,37.65625109538384,13
HPG,GOOD,UNCERTAINTY_AWARE_UCB_009,Uncertainty-Aware UCB-VAE — vae_019 + ucb_009,48,25,test,0.01,120.83988999999997,12.083988999999997,3.882153358340479,11.956751620425948,0.2122769862056411,16.62033611610101,0
HPG,GOOD,UNCERTAINTY_AWARE_UCB_009,Uncertainty-Aware UCB-VAE — vae_019 + ucb_009,48,26,train,0.01,3402.763100000001,340.2763100000001,28.10246587203118,29.650092719046246,0.9234042212530741,37.645986168033424,13
HPG,GOOD,UNCERTAINTY_AWARE_UCB_009,Uncertainty-Aware UCB-VAE — vae_019 + ucb_009,48,26,test,0.01,133.62416000000053,13.362416000000051,4.276250793508263,11.877018425600314,0.2449018971469635,16.46197479339039,0
HPG,GOOD,UNCERTAINTY_AWARE_UCB_009,Uncertainty-Aware UCB-VAE — vae_019 + ucb_009,48,27,train,0.01,3402.763100000001,340.2763100000001,28.10246587203118,29.650092719046246,0.9234042212530741,37.645986168033424,13
HPG,GOOD,UNCERTAINTY_AWARE_UCB_009,Uncertainty-Aware UCB-VAE — vae_019 + ucb_009,48,27,test,0.01,143.28784000000041,14.328784000000041,4.57219016814534,11.976891203720262,0.2676040450395697,15.870924520140639,1
HPG,GOOD,UNCERTAINTY_AWARE_UCB_009,Uncertainty-Aware UCB-VAE — vae_019 + ucb_009,48,28,train,0.01,3392.8955700000006,339.28955700000006,28.05444982345431,29.66114634915831,0.9218924230601929,37.65518994114868,13
HPG,GOOD,UNCERTAINTY_AWARE_UCB_009,Uncertainty-Aware UCB-VAE — vae_019 + ucb_009,48,28,test,0.01,155.32074000000057,15.532074000000057,4.938364263862249,12.606923311899509,0.28818694918337084,17.183220115397503,1
HPG,GOOD,UNCERTAINTY_AWARE_UCB_009,Uncertainty-Aware UCB-VAE — vae_019 + ucb_009,48,29,train,0.01,3392.8955700000006,339.28955700000006,28.05444982345431,29.66114634915831,0.9218924230601929,37.65518994114868,13
HPG,GOOD,UNCERTAINTY_AWARE_UCB_009,Uncertainty-Aware UCB-VAE — vae_019 + ucb_009,48,29,test,0.01,186.56885000000034,18.656885000000035,5.877560965137474,12.39025755438675,0.3631702011582809,15.836035976387786,1
HPG,GOOD,UNCERTAINTY_AWARE_UCB_009,Uncertainty-Aware UCB-VAE — vae_019 + ucb_009,48,30,train,0.01,3392.8955700000006,339.28955700000006,28.05444982345431,29.66114634915831,0.9218924230601929,37.65518994114868,13
HPG,GOOD,UNCERTAINTY_AWARE_UCB_009,Uncertainty-Aware UCB-VAE — vae_019 + ucb_009,48,30,test,0.01,169.03690000000051,16.90369000000005,5.352676483672902,12.65035335115671,0.3188761933361409,17.22909893355526,1
HPG,GOOD,UNCERTAINTY_AWARE_UCB_009,Uncertainty-Aware UCB-VAE — vae_019 + ucb_009,48,31,train,0.01,3392.704990000001,339.27049900000014,28.053521564746898,29.660202986621314,0.9218880693229882,37.65625109538384,13
HPG,GOOD,UNCERTAINTY_AWARE_UCB_009,Uncertainty-Aware UCB-VAE — vae_019 + ucb_009,48,31,test,0.01,174.1791000000003,17.417910000000028,5.507167789269318,12.583704799470215,0.3315815871981335,17.22812094955155,1
HPG,GOOD,UNCERTAINTY_AWARE_UCB_009,Uncertainty-Aware UCB-VAE — vae_019 + ucb_009,48,32,train,0.01,3402.763100000001,340.2763100000001,28.10246587203118,29.650092719046246,0.9234042212530741,37.645986168033424,13
HPG,GOOD,UNCERTAINTY_AWARE_UCB_009,Uncertainty-Aware UCB-VAE — vae_019 + ucb_009,48,32,test,0.01,217.36213000000043,21.736213000000042,6.78710410599157,12.766626379767906,0.4233263772161771,16.117280917340018,0
HPG,GOOD,UNCERTAINTY_AWARE_UCB_009,Uncertainty-Aware UCB-VAE — vae_019 + ucb_009,48,33,train,0.01,3402.763100000001,340.2763100000001,28.10246587203118,29.650092719046246,0.9234042212530741,37.645986168033424,13
HPG,GOOD,UNCERTAINTY_AWARE_UCB_009,Uncertainty-Aware UCB-VAE — vae_019 + ucb_009,48,33,test,0.01,241.05070999999953,24.105070999999953,7.476418422849607,12.905021178620457,0.4701830571368281,16.34882362879388,1
HPG,GOOD,UNCERTAINTY_AWARE_UCB_009,Uncertainty-Aware UCB-VAE — vae_019 + ucb_009,48,34,train,0.01,3392.8955700000006,339.28955700000006,28.05444982345431,29.66114634915831,0.9218924230601929,37.65518994114868,13
HPG,GOOD,UNCERTAINTY_AWARE_UCB_009,Uncertainty-Aware UCB-VAE — vae_019 + ucb_009,48,34,test,0.01,259.5387199999998,25.95387199999998,8.008335898985175,13.372843903881678,0.495364616177263,17.6144871199863,1
HPG,GOOD,UNCERTAINTY_AWARE_UCB_009,Uncertainty-Aware UCB-VAE — vae_019 + ucb_009,48,35,train,0.01,3392.8955700000006,339.28955700000006,28.05444982345431,29.66114634915831,0.9218924230601929,37.65518994114868,13
HPG,GOOD,UNCERTAINTY_AWARE_UCB_009,Uncertainty-Aware UCB-VAE — vae_019 + ucb_009,48,35,test,0.01,288.74424999999974,28.874424999999977,8.838109371041103,13.210629503240959,0.5579261601212212,16.459473403530577,1
HPG,GOOD,UNCERTAINTY_AWARE_UCB_009,Uncertainty-Aware UCB-VAE — vae_019 + ucb_009,48,36,train,0.01,3392.704990000001,339.27049900000014,28.053521564746898,29.660202986621314,0.9218880693229882,37.65625109538384,13
HPG,GOOD,UNCERTAINTY_AWARE_UCB_009,Uncertainty-Aware UCB-VAE — vae_019 + ucb_009,48,36,test,0.01,285.44585000000006,28.544585000000005,8.745028367866414,13.617844238574031,0.53896559139702,17.679627718711632,1
HPG,GOOD,UNCERTAINTY_AWARE_UCB_009,Uncertainty-Aware UCB-VAE — vae_019 + ucb_009,48,37,train,0.01,3409.161290000001,340.9161290000001,28.133552004132856,29.673927672362417,0.9237248417926498,37.656057085988564,13
HPG,GOOD,UNCERTAINTY_AWARE_UCB_009,Uncertainty-Aware UCB-VAE — vae_019 + ucb_009,48,37,test,0.01,333.95561999999995,33.395562,10.098276503770066,13.562824865678067,0.6320964128435611,16.68448906425076,1
HPG,GOOD,UNCERTAINTY_AWARE_UCB_009,Uncertainty-Aware UCB-VAE — vae_019 + ucb_009,48,38,train,0.01,3392.8955700000006,339.28955700000006,28.05444982345431,29.66114634915831,0.9218924230601929,37.65518994114868,13
HPG,GOOD,UNCERTAINTY_AWARE_UCB_009,Uncertainty-Aware UCB-VAE — vae_019 + ucb_009,48,38,test,0.01,333.95561999999995,33.395562,10.098276503770066,13.562824865678067,0.6320964128435611,16.68448906425076,1
HPG,GOOD,UNCERTAINTY_AWARE_UCB_009,Uncertainty-Aware UCB-VAE — vae_019 + ucb_009,48,39,train,0.01,3393.4056900000005,339.3405690000001,28.056934301776117,29.65389858915769,0.9221125014815517,37.65234987441753,13
HPG,GOOD,UNCERTAINTY_AWARE_UCB_009,Uncertainty-Aware UCB-VAE — vae_019 + ucb_009,48,39,test,0.01,354.8117299999999,35.48117299999999,10.67001498229967,13.773335397336748,0.6622674353858872,16.822052019460923,1
HPG,GOOD,UNCERTAINTY_AWARE_UCB_009,Uncertainty-Aware UCB-VAE — vae_019 + ucb_009,48,40,train,0.01,3393.596270000001,339.3596270000001,28.057862437174098,29.654841035410033,0.9221168631021757,37.651288940040914,13
HPG,GOOD,UNCERTAINTY_AWARE_UCB_009,Uncertainty-Aware UCB-VAE — vae_019 + ucb_009,48,40,test,0.01,361.79111999999986,36.17911199999998,10.860034280858866,13.71231687190903,0.6771713438517999,16.744363480344614,1
HPG,GOOD,UNCERTAINTY_AWARE_UCB_009,Uncertainty-Aware UCB-VAE — vae_019 + ucb_009,48,41,train,0.01,3409.161290000001,340.9161290000001,28.133552004132856,29.673927672362417,0.9237248417926498,37.656057085988564,13
HPG,GOOD,UNCERTAINTY_AWARE_UCB_009,Uncertainty-Aware UCB-VAE — vae_019 + ucb_009,48,41,test,0.01,358.5776899999996,35.85776899999996,10.772626941579698,13.745409913445139,0.6701066772923907,16.780043282453413,1
HPG,GOOD,UNCERTAINTY_AWARE_UCB_009,Uncertainty-Aware UCB-VAE — vae_019 + ucb_009,48,42,train,0.01,3393.4056900000005,339.3405690000001,28.056934301776117,29.65389858915769,0.9221125014815517,37.65234987441753,13
HPG,GOOD,UNCERTAINTY_AWARE_UCB_009,Uncertainty-Aware UCB-VAE — vae_019 + ucb_009,48,42,test,0.01,358.5776899999996,35.85776899999996,10.772626941579698,13.745409913445139,0.6701066772923907,16.780043282453413,1
HPG,GOOD,UNCERTAINTY_AWARE_UCB_009,Uncertainty-Aware UCB-VAE — vae_019 + ucb_009,48,43,train,0.01,3393.596270000001,339.3596270000001,28.057862437174098,29.654841035410033,0.9221168631021757,37.651288940040914,13
HPG,GOOD,UNCERTAINTY_AWARE_UCB_009,Uncertainty-Aware UCB-VAE — vae_019 + ucb_009,48,43,test,0.01,367.14646999999945,36.71464699999994,11.005398425457823,13.94219047411964,0.6777191060521598,16.972914839903357,1
HPG,GOOD,UNCERTAINTY_AWARE_UCB_009,Uncertainty-Aware UCB-VAE — vae_019 + ucb_009,48,44,train,0.01,3409.161290000001,340.9161290000001,28.133552004132856,29.673927672362417,0.9237248417926498,37.656057085988564,13
HPG,GOOD,UNCERTAINTY_AWARE_UCB_009,Uncertainty-Aware UCB-VAE — vae_019 + ucb_009,48,44,test,0.01,385.35544999999956,38.535544999999956,11.496838878367965,13.965335526803665,0.7085897799792455,17.133365959296114,1
HPG,GOOD,UNCERTAINTY_AWARE_UCB_009,Uncertainty-Aware UCB-VAE — vae_019 + ucb_009,48,45,train,0.01,3393.596270000001,339.3596270000001,28.057862437174098,29.654841035410033,0.9221168631021757,37.651288940040914,13
HPG,GOOD,UNCERTAINTY_AWARE_UCB_009,Uncertainty-Aware UCB-VAE — vae_019 + ucb_009,48,45,test,0.01,901.6517900000008,90.16517900000008,23.934580578030797,17.040535420605174,1.2320158201652747,18.990168064397604,3
HPG,GOOD,UNCERTAINTY_AWARE_UCB_009,Uncertainty-Aware UCB-VAE — vae_019 + ucb_009,49,1,train,0.03,1899.6707800000013,189.96707800000013,19.468110350455525,24.501961459019302,0.7730203306518924,36.86971251106575,4
HPG,GOOD,UNCERTAINTY_AWARE_UCB_009,Uncertainty-Aware UCB-VAE — vae_019 + ucb_009,49,1,test,0.03,604.185019999999,60.4185019999999,17.09210033483659,13.963347477806357,1.0609104423729427,14.021869473163932,4
HPG,GOOD,UNCERTAINTY_AWARE_UCB_009,Uncertainty-Aware UCB-VAE — vae_019 + ucb_009,49,2,train,0.027,1157.6917099999969,115.76917099999969,13.711647635183732,21.670492464636524,0.6138968897729244,37.311192353888615,3
HPG,GOOD,UNCERTAINTY_AWARE_UCB_009,Uncertainty-Aware UCB-VAE — vae_019 + ucb_009,49,2,test,0.027,632.2681499999994,63.226814999999945,17.772519236361696,14.118363587010505,1.092005676200884,14.128547620581624,4
HPG,GOOD,UNCERTAINTY_AWARE_UCB_009,Uncertainty-Aware UCB-VAE — vae_019 + ucb_009,49,3,train,0.024300000000000002,1153.484799999997,115.34847999999971,13.674573437441495,21.6576489352474,0.6126148169529215,37.316856956369136,3
HPG,GOOD,UNCERTAINTY_AWARE_UCB_009,Uncertainty-Aware UCB-VAE — vae_019 + ucb_009,49,3,test,0.024300000000000002,632.3196899999998,63.23196899999998,17.773760789202786,14.148217788551865,1.0900796924421057,14.094431156470696,4
HPG,GOOD,UNCERTAINTY_AWARE_UCB_009,Uncertainty-Aware UCB-VAE — vae_019 + ucb_009,49,4,train,0.02187,2575.641760000001,257.5641760000001,23.725069826487832,26.083190216347212,0.87695655718754,37.39512481222205,5
HPG,GOOD,UNCERTAINTY_AWARE_UCB_009,Uncertainty-Aware UCB-VAE — vae_019 + ucb_009,49,4,test,0.02187,632.3196899999998,63.23196899999998,17.773760789202786,14.148217788551865,1.0900796924421057,14.094431156470696,4
HPG,GOOD,UNCERTAINTY_AWARE_UCB_009,Uncertainty-Aware UCB-VAE — vae_019 + ucb_009,49,5,train,0.019683,2583.7683200000015,258.37683200000015,23.77200947506641,26.07745982377507,0.8785604285834674,37.39512481222205,5
HPG,GOOD,UNCERTAINTY_AWARE_UCB_009,Uncertainty-Aware UCB-VAE — vae_019 + ucb_009,49,5,test,0.019683,633.2506199999998,63.325061999999974,17.79618157223075,14.149715733212545,1.0913299286640112,14.094431156470696,4
HPG,GOOD,UNCERTAINTY_AWARE_UCB_009,Uncertainty-Aware UCB-VAE — vae_019 + ucb_009,49,6,train,0.0177147,2581.343890000001,258.1343890000001,23.758015064171435,26.101628509514597,0.8775510685067015,37.39536087818118,5
HPG,GOOD,UNCERTAINTY_AWARE_UCB_009,Uncertainty-Aware UCB-VAE — vae_019 + ucb_009,49,6,test,0.0177147,633.2506199999998,63.325061999999974,17.79618157223075,14.149715733212545,1.0913299286640112,14.094431156470696,4
HPG,GOOD,UNCERTAINTY_AWARE_UCB_009,Uncertainty-Aware UCB-VAE — vae_019 + ucb_009,49,7,train,0.015943230000000003,2584.3950200000013,258.4395020000001,23.775625660159626,26.108730463974666,0.8779328086727298,37.380839291827186,5
HPG,GOOD,UNCERTAINTY_AWARE_UCB_009,Uncertainty-Aware UCB-VAE — vae_019 + ucb_009,49,7,test,0.015943230000000003,633.2306399999998,63.323063999999974,17.79570045762986,14.150157884780507,1.091271244869838,14.094620189411305,4
HPG,GOOD,UNCERTAINTY_AWARE_UCB_009,Uncertainty-Aware UCB-VAE — vae_019 + ucb_009,49,8,train,0.014348907000000001,2592.6325300000008,259.2632530000001,23.823108864006226,26.132108695031864,0.8788614670876885,37.42510015471029,5
HPG,GOOD,UNCERTAINTY_AWARE_UCB_009,Uncertainty-Aware UCB-VAE — vae_019 + ucb_009,49,8,test,0.014348907000000001,633.2306399999998,63.323063999999974,17.79570045762986,14.150157884780507,1.091271244869838,14.094620189411305,4
HPG,GOOD,UNCERTAINTY_AWARE_UCB_009,Uncertainty-Aware UCB-VAE — vae_019 + ucb_009,49,9,train,0.012914016300000003,2644.8051300000016,264.4805130000002,24.12175723103227,26.25011889224939,0.8853495044146822,37.41756687835006,5
HPG,GOOD,UNCERTAINTY_AWARE_UCB_009,Uncertainty-Aware UCB-VAE — vae_019 + ucb_009,49,9,test,0.012914016300000003,638.4758799999995,63.84758799999995,17.92187049023144,14.169181093582267,1.0975798434612913,14.094620189411305,4
HPG,GOOD,UNCERTAINTY_AWARE_UCB_009,Uncertainty-Aware UCB-VAE — vae_019 + ucb_009,49,10,train,0.011622614670000002,2645.741540000001,264.5741540000001,24.127084851138815,26.259551455235254,0.8852899988693187,37.441035454938294,5
HPG,GOOD,UNCERTAINTY_AWARE_UCB_009,Uncertainty-Aware UCB-VAE — vae_019 + ucb_009,49,10,test,0.011622614670000002,647.0370099999996,64.70370099999995,18.127224899775186,14.298274629626299,1.1011724269419105,14.224163921020969,4
HPG,GOOD,UNCERTAINTY_AWARE_UCB_009,Uncertainty-Aware UCB-VAE — vae_019 + ucb_009,49,11,train,0.010460353203000003,2653.167950000002,265.3167950000002,24.16929642515977,26.29979379493839,0.8856432719632555,37.44692079106237,5
HPG,GOOD,UNCERTAINTY_AWARE_UCB_009,Uncertainty-Aware UCB-VAE — vae_019 + ucb_009,49,11,test,0.010460353203000003,647.1468999999995,64.71468999999995,18.12985618585714,14.298262450974725,1.1013297182680464,14.224163921020969,4
HPG,GOOD,UNCERTAINTY_AWARE_UCB_009,Uncertainty-Aware UCB-VAE — vae_019 + ucb_009,49,12,train,0.01,2669.889210000001,266.9889210000001,24.264078741085292,26.318030179792657,0.8881379689695854,37.42469876552253,5
HPG,GOOD,UNCERTAINTY_AWARE_UCB_009,Uncertainty-Aware UCB-VAE — vae_019 + ucb_009,49,12,test,0.01,647.1468999999995,64.71468999999995,18.12985618585714,14.298262450974725,1.1013297182680464,14.224163921020969,4
HPG,GOOD,UNCERTAINTY_AWARE_UCB_009,Uncertainty-Aware UCB-VAE — vae_019 + ucb_009,49,13,train,0.01,2686.5244400000015,268.6524440000002,24.358017145257826,26.35048731461749,0.8902637901923404,37.42469876552253,5
HPG,GOOD,UNCERTAINTY_AWARE_UCB_009,Uncertainty-Aware UCB-VAE — vae_019 + ucb_009,49,13,test,0.01,647.2979299999995,64.72979299999994,18.13347236722629,14.306691106477617,1.1009806920868863,14.222730056172663,4
HPG,GOOD,UNCERTAINTY_AWARE_UCB_009,Uncertainty-Aware UCB-VAE — vae_019 + ucb_009,49,14,train,0.01,2848.855050000003,284.88550500000025,25.25662609009458,26.725511055269152,0.908672123012573,37.46555889701955,5
HPG,GOOD,UNCERTAINTY_AWARE_UCB_009,Uncertainty-Aware UCB-VAE — vae_019 + ucb_009,49,14,test,0.01,656.4579899999992,65.64579899999991,18.352384296171277,14.280866846374673,1.11573007748124,14.154736286687344,4
HPG,GOOD,UNCERTAINTY_AWARE_UCB_009,Uncertainty-Aware UCB-VAE — vae_019 + ucb_009,49,15,train,0.01,2847.3737800000026,284.73737800000026,25.24857020864686,26.720618444299987,0.9085462810873124,37.42594885722867,5
HPG,GOOD,UNCERTAINTY_AWARE_UCB_009,Uncertainty-Aware UCB-VAE — vae_019 + ucb_009,49,15,test,0.01,656.4749299999992,65.64749299999991,18.352788389252673,14.280583755874835,1.115773390271561,14.154577011778965,4
HPG,GOOD,UNCERTAINTY_AWARE_UCB_009,Uncertainty-Aware UCB-VAE — vae_019 + ucb_009,49,16,train,0.01,2860.347660000002,286.0347660000002,25.319041018808264,26.75827729078885,0.9097667042588541,37.433570732632354,5
HPG,GOOD,UNCERTAINTY_AWARE_UCB_009,Uncertainty-Aware UCB-VAE — vae_019 + ucb_009,49,16,test,0.01,656.4749299999992,65.64749299999991,18.352788389252673,14.280583755874835,1.115773390271561,14.154577011778965,4
HPG,GOOD,UNCERTAINTY_AWARE_UCB_009,Uncertainty-Aware UCB-VAE — vae_019 + ucb_009,49,17,train,0.01,2875.0545800000014,287.50545800000015,25.39868710649951,26.78515573744272,0.9115170979335582,37.4328718287522,5
HPG,GOOD,UNCERTAINTY_AWARE_UCB_009,Uncertainty-Aware UCB-VAE — vae_019 + ucb_009,49,17,test,0.01,654.1746799999994,65.41746799999994,18.29789215636368,14.30528383789373,1.1108345840933578,14.176237497704083,4
HPG,GOOD,UNCERTAINTY_AWARE_UCB_009,Uncertainty-Aware UCB-VAE — vae_019 + ucb_009,49,18,train,0.01,2884.760810000001,288.47608100000014,25.451113892813225,26.80973965497874,0.912502123464031,37.4328718287522,5
HPG,GOOD,UNCERTAINTY_AWARE_UCB_009,Uncertainty-Aware UCB-VAE — vae_019 + ucb_009,49,18,test,0.01,654.1916199999994,65.41916199999994,18.298296620915224,14.305000319611356,1.1108777833225634,14.176077738550003,4
HPG,GOOD,UNCERTAINTY_AWARE_UCB_009,Uncertainty-Aware UCB-VAE — vae_019 + ucb_009,49,19,train,0.01,2916.7851900000014,291.67851900000016,25.623318586576538,26.85567197002932,0.9165570185002718,37.4328718287522,5
HPG,GOOD,UNCERTAINTY_AWARE_UCB_009,Uncertainty-Aware UCB-VAE — vae_019 + ucb_009,49,19,test,0.01,654.1916199999994,65.41916199999994,18.298296620915224,14.305000319611356,1.1108777833225634,14.176077738550003,4
HPG,GOOD,UNCERTAINTY_AWARE_UCB_009,Uncertainty-Aware UCB-VAE — vae_019 + ucb_009,49,20,train,0.01,2917.199200000002,291.7199200000002,25.62553715225078,26.862322466151944,0.9164645720935357,37.4328718287522,5
HPG,GOOD,UNCERTAINTY_AWARE_UCB_009,Uncertainty-Aware UCB-VAE — vae_019 + ucb_009,49,20,test,0.01,653.7017099999996,65.37017099999996,18.28659826780057,14.310188592618431,1.1098324399358401,14.180699476563884,4
HPG,GOOD,UNCERTAINTY_AWARE_UCB_009,Uncertainty-Aware UCB-VAE — vae_019 + ucb_009,49,21,train,0.01,2916.821060000002,291.6821060000002,25.623510811764973,26.899482252710527,0.9155083950484459,37.489166446458675,5
HPG,GOOD,UNCERTAINTY_AWARE_UCB_009,Uncertainty-Aware UCB-VAE — vae_019 + ucb_009,49,21,test,0.01,656.1941999999997,65.61941999999998,18.34609139584962,14.31659188484705,1.1129258767095984,14.180699476563884,4
HPG,GOOD,UNCERTAINTY_AWARE_UCB_009,Uncertainty-Aware UCB-VAE — vae_019 + ucb_009,49,22,train,0.01,2909.0264000000016,290.90264000000013,25.58170519287224,26.94238678325706,0.9132423083048692,37.489166446458675,6
HPG,GOOD,UNCERTAINTY_AWARE_UCB_009,Uncertainty-Aware UCB-VAE — vae_019 + ucb_009,49,22,test,0.01,656.6036999999994,65.66036999999994,18.355860026893602,14.312282763109103,1.113797391953056,14.176836107855156,4
HPG,GOOD,UNCERTAINTY_AWARE_UCB_009,Uncertainty-Aware UCB-VAE — vae_019 + ucb_009,49,23,train,0.01,2908.3170500000015,290.8317050000001,25.577897242889325,26.953988954688928,0.9128518905818154,37.49526113814174,6
HPG,GOOD,UNCERTAINTY_AWARE_UCB_009,Uncertainty-Aware UCB-VAE — vae_019 + ucb_009,49,23,test,0.01,656.6036999999994,65.66036999999994,18.355860026893602,14.312282763109103,1.113797391953056,14.176836107855156,4
HPG,GOOD,UNCERTAINTY_AWARE_UCB_009,Uncertainty-Aware UCB-VAE — vae_019 + ucb_009,49,24,train,0.01,2924.798490000002,292.4798490000002,25.66622500386866,26.952733479938747,0.9155205438379147,37.518617567069334,6
HPG,GOOD,UNCERTAINTY_AWARE_UCB_009,Uncertainty-Aware UCB-VAE — vae_019 + ucb_009,49,24,test,0.01,659.6962499999993,65.96962499999994,18.42958097907028,14.292747689351227,1.1195018298152948,14.147727728801579,4
HPG,GOOD,UNCERTAINTY_AWARE_UCB_009,Uncertainty-Aware UCB-VAE — vae_019 + ucb_009,49,25,train,0.01,2924.5211300000024,292.4521130000002,25.66474112693875,26.977446589748617,0.9148830413538439,37.523306557341755,6
HPG,GOOD,UNCERTAINTY_AWARE_UCB_009,Uncertainty-Aware UCB-VAE — vae_019 + ucb_009,49,25,test,0.01,662.1737699999996,66.21737699999997,18.48857470839873,14.422834996643525,1.1141857648103572,14.705701393094756,4
HPG,GOOD,UNCERTAINTY_AWARE_UCB_009,Uncertainty-Aware UCB-VAE — vae_019 + ucb_009,49,26,train,0.01,2932.4451500000023,293.2445150000002,25.707100303634768,26.96690467170231,0.9163976814522002,37.53884037042348,6
HPG,GOOD,UNCERTAINTY_AWARE_UCB_009,Uncertainty-Aware UCB-VAE — vae_019 + ucb_009,49,26,test,0.01,663.5934099999997,66.35934099999997,18.522352222131033,14.440974394352235,1.1149525986574609,14.691853720198338,4
HPG,GOOD,UNCERTAINTY_AWARE_UCB_009,Uncertainty-Aware UCB-VAE — vae_019 + ucb_009,49,27,train,0.01,2939.7663900000025,293.97663900000026,25.746174078694327,26.97913096882683,0.917267813315551,37.54430830772383,6
HPG,GOOD,UNCERTAINTY_AWARE_UCB_009,Uncertainty-Aware UCB-VAE — vae_019 + ucb_009,49,27,test,0.01,664.7345499999999,66.47345499999999,18.549489464079105,14.447922871639804,1.1160760062591917,14.691853720198338,4
HPG,GOOD,UNCERTAINTY_AWARE_UCB_009,Uncertainty-Aware UCB-VAE — vae_019 + ucb_009,49,28,train,0.01,2940.426480000003,294.04264800000027,25.749694034645,26.97026761636482,0.9175864092159309,37.53410505744247,6
HPG,GOOD,UNCERTAINTY_AWARE_UCB_009,Uncertainty-Aware UCB-VAE — vae_019 + ucb_009,49,28,test,0.01,664.7345499999999,66.47345499999999,18.549489464079105,14.447922871639804,1.1160760062591917,14.691853720198338,4
HPG,GOOD,UNCERTAINTY_AWARE_UCB_009,Uncertainty-Aware UCB-VAE — vae_019 + ucb_009,49,29,train,0.01,2948.167770000002,294.8167770000002,25.790938157228304,26.988025302977604,0.9183856547798214,37.54156631687583,6
HPG,GOOD,UNCERTAINTY_AWARE_UCB_009,Uncertainty-Aware UCB-VAE — vae_019 + ucb_009,49,29,test,0.01,667.7821899999999,66.77821899999999,18.62190414827549,14.450570347732286,1.1201423485816624,14.694973616609838,4
HPG,GOOD,UNCERTAINTY_AWARE_UCB_009,Uncertainty-Aware UCB-VAE — vae_019 + ucb_009,49,30,train,0.01,2942.4216600000027,294.2421660000003,25.76033042574737,26.999251476090475,0.9172064026304784,37.58849088850794,6
HPG,GOOD,UNCERTAINTY_AWARE_UCB_009,Uncertainty-Aware UCB-VAE — vae_019 + ucb_009,49,30,test,0.01,679.1688199999999,67.91688199999999,18.8916834985394,14.587272248063124,1.1266374671980295,14.79847115725458,4
HPG,GOOD,UNCERTAINTY_AWARE_UCB_009,Uncertainty-Aware UCB-VAE — vae_019 + ucb_009,49,31,train,0.01,2939.395120000002,293.9395120000002,25.74419405093471,27.007736449632862,0.9165233022304775,37.58296377791326,6
HPG,GOOD,UNCERTAINTY_AWARE_UCB_009,Uncertainty-Aware UCB-VAE — vae_019 + ucb_009,49,31,test,0.01,679.1688199999999,67.91688199999999,18.8916834985394,14.587272248063124,1.1266374671980295,14.79847115725458,4
HPG,GOOD,UNCERTAINTY_AWARE_UCB_009,Uncertainty-Aware UCB-VAE — vae_019 + ucb_009,49,32,train,0.01,2940.8564100000012,294.0856410000001,25.75198638921494,27.001391450705775,0.9169067316984115,37.57775496200544,6
HPG,GOOD,UNCERTAINTY_AWARE_UCB_009,Uncertainty-Aware UCB-VAE — vae_019 + ucb_009,49,32,test,0.01,653.50623,65.350623,18.28192983943444,14.612872765267362,1.0895794495386986,14.762417829181537,4
HPG,GOOD,UNCERTAINTY_AWARE_UCB_009,Uncertainty-Aware UCB-VAE — vae_019 + ucb_009,49,33,train,0.01,2944.8966600000017,294.48966600000017,25.773518529401485,27.016005256492427,0.9171958763852502,37.59789321582605,6
HPG,GOOD,UNCERTAINTY_AWARE_UCB_009,Uncertainty-Aware UCB-VAE — vae_019 + ucb_009,49,33,test,0.01,653.50623,65.350623,18.28192983943444,14.612872765267362,1.0895794495386986,14.762417829181537,4
HPG,GOOD,UNCERTAINTY_AWARE_UCB_009,Uncertainty-Aware UCB-VAE — vae_019 + ucb_009,49,34,train,0.01,2946.183750000002,294.6183750000002,25.780374099250825,27.014806052765998,0.9174284695630965,37.59789321582605,6
HPG,GOOD,UNCERTAINTY_AWARE_UCB_009,Uncertainty-Aware UCB-VAE — vae_019 + ucb_009,49,34,test,0.01,652.2820199999996,65.22820199999997,18.25268504880968,14.628334263434525,1.086883749862512,14.774472674302933,4
HPG,GOOD,UNCERTAINTY_AWARE_UCB_009,Uncertainty-Aware UCB-VAE — vae_019 + ucb_009,49,35,train,0.01,3010.10042,301.010042,26.118500616223805,27.108809222454163,0.9251804160529687,37.58533904037581,6
HPG,GOOD,UNCERTAINTY_AWARE_UCB_009,Uncertainty-Aware UCB-VAE — vae_019 + ucb_009,49,35,test,0.01,650.5698599999996,65.05698599999997,18.211759544995143,14.64848150626291,1.083215653839469,14.791365442894303,4
HPG,GOOD,UNCERTAINTY_AWARE_UCB_009,Uncertainty-Aware UCB-VAE — vae_019 + ucb_009,49,36,train,0.01,3011.042460000001,301.1042460000001,26.12345044843163,27.127100067864557,0.9248842280431893,37.626598823189816,6
HPG,GOOD,UNCERTAINTY_AWARE_UCB_009,Uncertainty-Aware UCB-VAE — vae_019 + ucb_009,49,36,test,0.01,652.3614299999995,65.23614299999994,18.25458248849854,14.648568607396891,1.0856924046982608,14.783758149416562,4
HPG,GOOD,UNCERTAINTY_AWARE_UCB_009,Uncertainty-Aware UCB-VAE — vae_019 + ucb_009,49,37,train,0.01,3007.530830000001,300.7530830000001,26.104994099035505,27.140376990651216,0.9240207800899801,37.62350626985081,6
HPG,GOOD,UNCERTAINTY_AWARE_UCB_009,Uncertainty-Aware UCB-VAE — vae_019 + ucb_009,49,37,test,0.01,639.1433399999992,63.91433399999992,17.937906397559388,14.703069794268192,1.0638957306955623,14.791365442894303,4
HPG,GOOD,UNCERTAINTY_AWARE_UCB_009,Uncertainty-Aware UCB-VAE — vae_019 + ucb_009,49,38,train,0.01,3015.8104700000004,301.581047,26.14848852214291,27.1418648014155,0.92526858552041,37.62608927257257,6
HPG,GOOD,UNCERTAINTY_AWARE_UCB_009,Uncertainty-Aware UCB-VAE — vae_019 + ucb_009,49,38,test,0.01,644.1583499999992,64.41583499999992,18.05825447418188,14.680907677447669,1.072257926067797,14.74199437268864,4
HPG,GOOD,UNCERTAINTY_AWARE_UCB_009,Uncertainty-Aware UCB-VAE — vae_019 + ucb_009,49,39,train,0.01,2989.293669999999,298.9293669999999,26.008926426683267,27.071982010214775,0.9228317401531181,37.626088763628815,6
HPG,GOOD,UNCERTAINTY_AWARE_UCB_009,Uncertainty-Aware UCB-VAE — vae_019 + ucb_009,49,39,test,0.01,646.1803699999991,64.61803699999992,18.1067088783476,14.688803229056493,1.0745648475496354,14.74199437268864,4
HPG,GOOD,UNCERTAINTY_AWARE_UCB_009,Uncertainty-Aware UCB-VAE — vae_019 + ucb_009,49,40,train,0.01,3035.0517499999996,303.50517499999995,26.24927863803852,27.110527557748064,0.9289995889228118,37.57735133192208,6
HPG,GOOD,UNCERTAINTY_AWARE_UCB_009,Uncertainty-Aware UCB-VAE — vae_019 + ucb_009,49,40,test,0.01,651.4397899999994,65.14397899999994,18.232556883491302,14.818499144278558,1.0736888105020195,15.253897951011878,4
HPG,GOOD,UNCERTAINTY_AWARE_UCB_009,Uncertainty-Aware UCB-VAE — vae_019 + ucb_009,49,41,train,0.01,3041.8316499999996,304.183165,26.28469789600898,27.103260691287375,0.930221593062706,37.57735133192208,6
HPG,GOOD,UNCERTAINTY_AWARE_UCB_009,Uncertainty-Aware UCB-VAE — vae_019 + ucb_009,49,41,test,0.01,651.6663399999998,65.16663399999997,18.237971796251706,14.815533527142502,1.0741846971640958,15.25159848372271,4
HPG,GOOD,UNCERTAINTY_AWARE_UCB_009,Uncertainty-Aware UCB-VAE — vae_019 + ucb_009,49,42,train,0.01,3030.3118399999994,303.03118399999994,26.22448715435246,27.038425474861995,0.9300257479148445,37.59246803952262,6
HPG,GOOD,UNCERTAINTY_AWARE_UCB_009,Uncertainty-Aware UCB-VAE — vae_019 + ucb_009,49,42,test,0.01,654.6243199999994,65.46243199999995,18.3086269614847,14.797187648252,1.0793900463992583,15.221638679242542,4
HPG,GOOD,UNCERTAINTY_AWARE_UCB_009,Uncertainty-Aware UCB-VAE — vae_019 + ucb_009,49,43,train,0.01,3046.05627,304.605627,26.306742954836437,27.02815255795401,0.9327098248820036,37.59246803952262,6
HPG,GOOD,UNCERTAINTY_AWARE_UCB_009,Uncertainty-Aware UCB-VAE — vae_019 + ucb_009,49,43,test,0.01,655.3115399999997,65.53115399999997,18.325030050274815,14.789821546639848,1.0807953119305773,15.214695035665503,4
HPG,GOOD,UNCERTAINTY_AWARE_UCB_009,Uncertainty-Aware UCB-VAE — vae_019 + ucb_009,49,44,train,0.01,3111.9109199999994,311.1910919999999,26.647933070430497,27.01440368384206,0.9431270582098866,37.621585557055084,6
HPG,GOOD,UNCERTAINTY_AWARE_UCB_009,Uncertainty-Aware UCB-VAE — vae_019 + ucb_009,49,44,test,0.01,654.1438599999997,65.41438599999996,18.29715628166746,14.886452565237429,1.0731419918161376,15.209941645671371,4
HPG,GOOD,UNCERTAINTY_AWARE_UCB_009,Uncertainty-Aware UCB-VAE — vae_019 + ucb_009,49,45,train,0.01,3185.3138899999985,318.5313889999998,27.02290814939414,26.961940592148704,0.9555091772822653,37.58189305977733,6
HPG,GOOD,UNCERTAINTY_AWARE_UCB_009,Uncertainty-Aware UCB-VAE — vae_019 + ucb_009,49,45,test,0.01,668.0149100000003,66.80149100000004,18.62743016235642,14.910086315280225,1.0904652435870081,15.279087070126215,4
HPG,GOOD,UNCERTAINTY_AWARE_UCB_009,Uncertainty-Aware UCB-VAE — vae_019 + ucb_009,50,1,train,0.03,14.204240000000254,1.4204240000000254,0.2359410971538578,0.7231997253297159,-2.4331361194681405,1.1609516317545343,0
HPG,GOOD,UNCERTAINTY_AWARE_UCB_009,Uncertainty-Aware UCB-VAE — vae_019 + ucb_009,50,1,test,0.03,0.0,0.0,0.0,0.0,0.0,0.0,0
HPG,GOOD,UNCERTAINTY_AWARE_UCB_009,Uncertainty-Aware UCB-VAE — vae_019 + ucb_009,50,2,train,0.027,164.68442000000005,16.468442000000007,2.579947968966434,3.921184624976002,0.1648523110862202,5.034269070731867,0
HPG,GOOD,UNCERTAINTY_AWARE_UCB_009,Uncertainty-Aware UCB-VAE — vae_019 + ucb_009,50,2,test,0.027,-0.3502400000000989,-0.035024000000009894,-0.011694706196918592,0.019414064177916437,-103.62265807200048,0.035024000000009894,0
HPG,GOOD,UNCERTAINTY_AWARE_UCB_009,Uncertainty-Aware UCB-VAE — vae_019 + ucb_009,50,3,train,0.024300000000000002,160.35451999999918,16.03545199999992,2.5161296228330077,3.7798328182808447,0.15297235455893635,5.033994492289385,0
HPG,GOOD,UNCERTAINTY_AWARE_UCB_009,Uncertainty-Aware UCB-VAE — vae_019 + ucb_009,50,3,test,0.024300000000000002,-0.3502400000000989,-0.035024000000009894,-0.011694706196918592,0.019414064177916437,-103.62265807200048,0.035024000000009894,0
HPG,GOOD,UNCERTAINTY_AWARE_UCB_009,Uncertainty-Aware UCB-VAE — vae_019 + ucb_009,50,4,train,0.02187,156.3185199999989,15.63185199999989,2.4564642025762584,3.715469347454672,0.13916749708731915,4.926084619184182,0
HPG,GOOD,UNCERTAINTY_AWARE_UCB_009,Uncertainty-Aware UCB-VAE — vae_019 + ucb_009,50,4,test,0.02187,-0.20999000000006163,-0.020999000000006162,-0.007011353975816537,0.04687334527267955,-42.818080035231766,0.06848745407694899,0
HPG,GOOD,UNCERTAINTY_AWARE_UCB_009,Uncertainty-Aware UCB-VAE — vae_019 + ucb_009,50,5,train,0.019683,157.6096699999989,15.760966999999892,2.4755705110601767,3.716786030632392,0.14419303199720587,4.926141468465197,0
HPG,GOOD,UNCERTAINTY_AWARE_UCB_009,Uncertainty-Aware UCB-VAE — vae_019 + ucb_009,50,5,test,0.019683,-0.20999000000006163,-0.020999000000006162,-0.007011353975816537,0.04687334527267955,-42.818080035231766,0.06848745407694899,0
HPG,GOOD,UNCERTAINTY_AWARE_UCB_009,Uncertainty-Aware UCB-VAE — vae_019 + ucb_009,50,6,train,0.0177147,161.5612199999989,16.156121999999893,2.5339350694979945,3.774745273147971,0.1577700335769331,5.150025337009166,0
HPG,GOOD,UNCERTAINTY_AWARE_UCB_009,Uncertainty-Aware UCB-VAE — vae_019 + ucb_009,50,6,test,0.0177147,-0.20999000000006163,-0.020999000000006162,-0.007011353975816537,0.04687334527267955,-42.818080035231766,0.06848745407694899,0
HPG,GOOD,UNCERTAINTY_AWARE_UCB_009,Uncertainty-Aware UCB-VAE — vae_019 + ucb_009,50,7,train,0.015943230000000003,162.737879999999,16.2737879999999,2.5512824313143723,3.7726922841208212,0.16235938551026152,5.150025337009166,0
HPG,GOOD,UNCERTAINTY_AWARE_UCB_009,Uncertainty-Aware UCB-VAE — vae_019 + ucb_009,50,7,test,0.015943230000000003,-0.20999000000006163,-0.020999000000006162,-0.007011353975816537,0.04687334527267955,-42.818080035231766,0.06848745407694899,0
HPG,GOOD,UNCERTAINTY_AWARE_UCB_009,Uncertainty-Aware UCB-VAE — vae_019 + ucb_009,50,8,train,0.014348907000000001,157.63138999999887,15.763138999999887,2.4758917696090066,3.648517967001246,0.146289462579992,5.18916818985896,0
HPG,GOOD,UNCERTAINTY_AWARE_UCB_009,Uncertainty-Aware UCB-VAE — vae_019 + ucb_009,50,8,test,0.014348907000000001,-0.2899600000000646,-0.028996000000006458,-0.009681729415977891,0.08060809424441226,-24.93156154962402,0.10194156227123281,0
HPG,GOOD,UNCERTAINTY_AWARE_UCB_009,Uncertainty-Aware UCB-VAE — vae_019 + ucb_009,50,9,train,0.012914016300000003,158.82012999999847,15.882012999999848,2.4934666633078084,3.657885618219586,0.15073837589393851,5.190033466156155,0
HPG,GOOD,UNCERTAINTY_AWARE_UCB_009,Uncertainty-Aware UCB-VAE — vae_019 + ucb_009,50,9,test,0.012914016300000003,-0.2899600000000646,-0.028996000000006458,-0.009681729415977891,0.08060809424441226,-24.93156154962402,0.10194156227123281,0
HPG,GOOD,UNCERTAINTY_AWARE_UCB_009,Uncertainty-Aware UCB-VAE — vae_019 + ucb_009,50,10,train,0.011622614670000002,163.95172999999886,16.395172999999886,2.5691627653502636,3.7755083554743227,0.16692439552554558,5.3009952513967,0
HPG,GOOD,UNCERTAINTY_AWARE_UCB_009,Uncertainty-Aware UCB-VAE — vae_019 + ucb_009,50,10,test,0.011622614670000002,-0.041720000000054824,-0.004172000000005483,-0.0013929105802890085,0.08549145874993602,-23.41007603361523,0.10191628103398837,0
HPG,GOOD,UNCERTAINTY_AWARE_UCB_009,Uncertainty-Aware UCB-VAE — vae_019 + ucb_009,50,11,train,0.010460353203000003,168.20403999999917,16.820403999999918,2.6316781682166557,3.9106572308248273,0.17819860935992282,5.572779230630498,0
HPG,GOOD,UNCERTAINTY_AWARE_UCB_009,Uncertainty-Aware UCB-VAE — vae_019 + ucb_009,50,11,test,0.010460353203000003,-0.041720000000054824,-0.004172000000005483,-0.0013929105802890085,0.08549145874993602,-23.41007603361523,0.10191628103398837,0
HPG,GOOD,UNCERTAINTY_AWARE_UCB_009,Uncertainty-Aware UCB-VAE — vae_019 + ucb_009,50,12,train,0.01,186.21189000000004,18.621189000000005,2.8943380719468115,4.112124494032411,0.2341372778773661,5.836918488483757,0
HPG,GOOD,UNCERTAINTY_AWARE_UCB_009,Uncertainty-Aware UCB-VAE — vae_019 + ucb_009,50,12,test,0.01,-0.36695000000008804,-0.036695000000008804,-0.012252730497708253,0.08641447425085813,-23.286164303455724,0.11790912808794546,0
HPG,GOOD,UNCERTAINTY_AWARE_UCB_009,Uncertainty-Aware UCB-VAE — vae_019 + ucb_009,50,13,train,0.01,202.8795100000002,20.28795100000002,3.134506418877425,4.3051272746793225,0.28015901329099613,6.059121585118503,0
HPG,GOOD,UNCERTAINTY_AWARE_UCB_009,Uncertainty-Aware UCB-VAE — vae_019 + ucb_009,50,13,test,0.01,-0.7593500000000404,-0.07593500000000403,-0.02535857070482539,0.08860269386867982,-22.85953864401855,0.11795537617323767,0
HPG,GOOD,UNCERTAINTY_AWARE_UCB_009,Uncertainty-Aware UCB-VAE — vae_019 + ucb_009,50,14,train,0.01,237.11184000000003,23.711184000000003,3.61920221165708,4.79874446838296,0.35458560406025474,6.6412142460343535,0
HPG,GOOD,UNCERTAINTY_AWARE_UCB_009,Uncertainty-Aware UCB-VAE — vae_019 + ucb_009,50,14,test,0.01,-0.7593500000000404,-0.07593500000000403,-0.02535857070482539,0.08860269386867982,-22.85953864401855,0.11795537617323767,0
HPG,GOOD,UNCERTAINTY_AWARE_UCB_009,Uncertainty-Aware UCB-VAE — vae_019 + ucb_009,50,15,train,0.01,248.6522799999998,24.865227999999977,3.780086196490662,5.01518399883939,0.3726036322140103,6.888679196944791,0
HPG,GOOD,UNCERTAINTY_AWARE_UCB_009,Uncertainty-Aware UCB-VAE — vae_019 + ucb_009,50,15,test,0.01,-0.5195100000000821,-0.05195100000000821,-0.01734770291411669,0.08715045229043775,-23.14819488325381,0.11792710443043328,0
HPG,GOOD,UNCERTAINTY_AWARE_UCB_009,Uncertainty-Aware UCB-VAE — vae_019 + ucb_009,50,16,train,0.01,246.08438999999998,24.608438999999997,3.744394987596533,5.125578394102651,0.35889412778625335,7.024337604597681,0
HPG,GOOD,UNCERTAINTY_AWARE_UCB_009,Uncertainty-Aware UCB-VAE — vae_019 + ucb_009,50,16,test,0.01,-0.833110000000147,-0.08331100000001469,-0.027822477358441233,0.08885090959016584,-22.823516442905436,0.11796407354431829,0
HPG,GOOD,UNCERTAINTY_AWARE_UCB_009,Uncertainty-Aware UCB-VAE — vae_019 + ucb_009,50,17,train,0.01,277.59158000000025,27.759158000000024,4.178145153718038,5.39918735972576,0.4213294230584956,7.390381533727242,0
HPG,GOOD,UNCERTAINTY_AWARE_UCB_009,Uncertainty-Aware UCB-VAE — vae_019 + ucb_009,50,17,test,0.01,-0.833110000000147,-0.08331100000001469,-0.027822477358441233,0.08885090959016584,-22.823516442905436,0.11796407354431829,0
HPG,GOOD,UNCERTAINTY_AWARE_UCB_009,Uncertainty-Aware UCB-VAE — vae_019 + ucb_009,50,18,train,0.01,268.95372000000066,26.895372000000066,4.060124779397012,5.419429176462634,0.3988538668881221,7.390381533727242,0
HPG,GOOD,UNCERTAINTY_AWARE_UCB_009,Uncertainty-Aware UCB-VAE — vae_019 + ucb_009,50,18,test,0.01,-1.5292800000000852,-0.15292800000000853,-0.0510835713481983,0.09759784768806905,-21.0172533641256,0.15292800000000853,0
HPG,GOOD,UNCERTAINTY_AWARE_UCB_009,Uncertainty-Aware UCB-VAE — vae_019 + ucb_009,50,19,train,0.01,427.88309000000027,42.78830900000003,6.132153498243231,6.694565517439449,0.6315610651009318,7.5231110618779296,0
HPG,GOOD,UNCERTAINTY_AWARE_UCB_009,Uncertainty-Aware UCB-VAE — vae_019 + ucb_009,50,19,test,0.01,-1.5292800000000852,-0.15292800000000853,-0.0510835713481983,0.09759784768806905,-21.0172533641256,0.15292800000000853,0
HPG,GOOD,UNCERTAINTY_AWARE_UCB_009,Uncertainty-Aware UCB-VAE — vae_019 + ucb_009,50,20,train,0.01,426.0384400000012,42.603844000000116,6.109232045135982,6.748471217119499,0.6238226519455654,7.850289616390863,0
HPG,GOOD,UNCERTAINTY_AWARE_UCB_009,Uncertainty-Aware UCB-VAE — vae_019 + ucb_009,50,20,test,0.01,-1.5292800000000852,-0.15292800000000853,-0.0510835713481983,0.09759784768806905,-21.0172533641256,0.15292800000000853,0
HPG,GOOD,UNCERTAINTY_AWARE_UCB_009,Uncertainty-Aware UCB-VAE — vae_019 + ucb_009,50,21,train,0.01,445.70521000000144,44.57052100000015,6.352348550549292,7.085050368908102,0.6300553279113305,8.569876771573496,0
HPG,GOOD,UNCERTAINTY_AWARE_UCB_009,Uncertainty-Aware UCB-VAE — vae_019 + ucb_009,50,21,test,0.01,-0.5857499999999618,-0.058574999999996186,-0.019560049403188895,0.12435038130905257,-16.240861426197174,0.15105900000000927,0
HPG,GOOD,UNCERTAINTY_AWARE_UCB_009,Uncertainty-Aware UCB-VAE — vae_019 + ucb_009,50,22,train,0.01,516.3833500000026,51.638335000000254,7.203917068229138,7.7973670486359365,0.6824732672882876,9.794025945698753,0
HPG,GOOD,UNCERTAINTY_AWARE_UCB_009,Uncertainty-Aware UCB-VAE — vae_019 + ucb_009,50,22,test,0.01,-1.5811000000001059,-0.15811000000001058,-0.052815462426591964,0.1965914343901963,-10.442124669440915,0.37335400000001756,0
HPG,GOOD,UNCERTAINTY_AWARE_UCB_009,Uncertainty-Aware UCB-VAE — vae_019 + ucb_009,50,23,train,0.01,500.06300000000215,50.006300000000216,7.010263160298402,7.854085385947074,0.654878970983334,10.353987927991195,0
HPG,GOOD,UNCERTAINTY_AWARE_UCB_009,Uncertainty-Aware UCB-VAE — vae_019 + ucb_009,50,23,test,0.01,-0.5274400000001833,-0.05274400000001833,-0.01761255144601126,0.22977427320867955,-8.7799890506631,0.33438200000002777,0
HPG,GOOD,UNCERTAINTY_AWARE_UCB_009,Uncertainty-Aware UCB-VAE — vae_019 + ucb_009,50,24,train,0.01,517.3832900000025,51.73832900000025,7.215725614083346,8.6754105631818,0.6230045119518213,10.86102483651161,0
HPG,GOOD,UNCERTAINTY_AWARE_UCB_009,Uncertainty-Aware UCB-VAE — vae_019 + ucb_009,50,24,test,0.01,4.593769999999836,0.45937699999998355,0.1531365466719059,0.3358608214632047,-5.4958737254323475,0.3360277594826361,0
HPG,GOOD,UNCERTAINTY_AWARE_UCB_009,Uncertainty-Aware UCB-VAE — vae_019 + ucb_009,50,25,train,0.01,537.6870100000026,53.76870100000026,7.454106652319625,9.271387299399793,0.6128701320756837,12.371561447289984,0
HPG,GOOD,UNCERTAINTY_AWARE_UCB_009,Uncertainty-Aware UCB-VAE — vae_019 + ucb_009,50,25,test,0.01,5.32487999999978,0.532487999999978,0.1774655579700246,0.36461770126993975,-4.99528399899109,0.36659955096322494,0
HPG,GOOD,UNCERTAINTY_AWARE_UCB_009,Uncertainty-Aware UCB-VAE — vae_019 + ucb_009,50,26,train,0.01,542.2549700000031,54.22549700000031,7.50737641760677,9.4295976150697,0.609458295585123,12.665460958544978,0
HPG,GOOD,UNCERTAINTY_AWARE_UCB_009,Uncertainty-Aware UCB-VAE — vae_019 + ucb_009,50,26,test,0.01,8.252139999999713,0.8252139999999714,0.27475755182941874,0.43233609009608787,-3.9868657994115373,0.36659955096322494,0
HPG,GOOD,UNCERTAINTY_AWARE_UCB_009,Uncertainty-Aware UCB-VAE — vae_019 + ucb_009,50,27,train,0.01,541.7585500000018,54.17585500000018,7.501593731129308,9.656310834314663,0.5968214053670589,13.311206407479908,0
HPG,GOOD,UNCERTAINTY_AWARE_UCB_009,Uncertainty-Aware UCB-VAE — vae_019 + ucb_009,50,27,test,0.01,8.372019999999793,0.8372019999999792,0.27873793523718327,0.43686760655475043,-3.9363460396771717,0.36659955096322494,0
HPG,GOOD,UNCERTAINTY_AWARE_UCB_009,Uncertainty-Aware UCB-VAE — vae_019 + ucb_009,50,28,train,0.01,549.7148900000009,54.97148900000008,7.594089210406207,10.124249784353232,0.5823586528265045,14.76454792215047,0
HPG,GOOD,UNCERTAINTY_AWARE_UCB_009,Uncertainty-Aware UCB-VAE — vae_019 + ucb_009,50,28,test,0.01,9.921730000000025,0.9921730000000024,0.3301647043763456,0.5443414654429525,-3.063652356993702,0.41551492032689574,0
HPG,GOOD,UNCERTAINTY_AWARE_UCB_009,Uncertainty-Aware UCB-VAE — vae_019 + ucb_009,50,29,train,0.01,609.373650000002,60.93736500000021,8.27531924514846,10.95218999691226,0.6044141967528182,15.51413120909153,0
HPG,GOOD,UNCERTAINTY_AWARE_UCB_009,Uncertainty-Aware UCB-VAE — vae_019 + ucb_009,50,29,test,0.01,11.28701000000001,1.1287010000000008,0.3754276689831748,0.5504212825456858,-2.947501932414883,0.4149539382863916,0
HPG,GOOD,UNCERTAINTY_AWARE_UCB_009,Uncertainty-Aware UCB-VAE — vae_019 + ucb_009,50,30,train,0.01,612.3654700000018,61.23654700000017,8.308924882667279,11.118202645642127,0.5998452353977951,15.54613718258046,0
HPG,GOOD,UNCERTAINTY_AWARE_UCB_009,Uncertainty-Aware UCB-VAE — vae_019 + ucb_009,50,30,test,0.01,12.21024999999986,1.221024999999986,0.4060126690965449,0.5525792240964122,-2.8806300521725876,0.4145754444655158,0
HPG,GOOD,UNCERTAINTY_AWARE_UCB_009,Uncertainty-Aware UCB-VAE — vae_019 + ucb_009,50,31,train,0.01,621.7725600000008,62.17725600000008,8.414252768058873,11.112942216395002,0.6089049867715357,15.522087687380917,0
HPG,GOOD,UNCERTAINTY_AWARE_UCB_009,Uncertainty-Aware UCB-VAE — vae_019 + ucb_009,50,31,test,0.01,12.15030999999999,1.215030999999999,0.40402754712156597,0.5525733564479014,-2.8842520576477853,0.4145999966604497,0
HPG,GOOD,UNCERTAINTY_AWARE_UCB_009,Uncertainty-Aware UCB-VAE — vae_019 + ucb_009,50,32,train,0.01,626.5902100000012,62.65902100000012,8.4679974018679,11.184132941585133,0.6102035753748194,15.534386937373634,0
HPG,GOOD,UNCERTAINTY_AWARE_UCB_009,Uncertainty-Aware UCB-VAE — vae_019 + ucb_009,50,32,test,0.01,10.1891999999998,1.01891999999998,0.3390353143299496,0.5918585663889642,-2.80223846857749,0.4177323506153195,0
HPG,GOOD,UNCERTAINTY_AWARE_UCB_009,Uncertainty-Aware UCB-VAE — vae_019 + ucb_009,50,33,train,0.01,650.5413500000011,65.05413500000012,8.733239338745635,11.389571005596958,0.6228709532883715,15.5343844448692,0
HPG,GOOD,UNCERTAINTY_AWARE_UCB_009,Uncertainty-Aware UCB-VAE — vae_019 + ucb_009,50,33,test,0.01,16.680649999999787,1.6680649999999786,0.5538453771525509,0.6305441941923036,-2.289513441278728,0.4177323506153195,0
HPG,GOOD,UNCERTAINTY_AWARE_UCB_009,Uncertainty-Aware UCB-VAE — vae_019 + ucb_009,50,34,train,0.01,660.4030300000013,66.04030300000014,8.841519488346862,11.5131365996149,0.6261397640023417,15.55065195125158,0
HPG,GOOD,UNCERTAINTY_AWARE_UCB_009,Uncertainty-Aware UCB-VAE — vae_019 + ucb_009,50,34,test,0.01,17.02583999999979,1.7025839999999788,0.5652425235911362,0.7191591388304459,-1.9907510207294443,0.4127484151147524,0
HPG,GOOD,UNCERTAINTY_AWARE_UCB_009,Uncertainty-Aware UCB-VAE — vae_019 + ucb_009,50,35,train,0.01,653.9717600000013,65.39717600000013,8.770965830995369,11.502661399142534,0.6209115114147895,15.525702918461437,0
HPG,GOOD,UNCERTAINTY_AWARE_UCB_009,Uncertainty-Aware UCB-VAE — vae_019 + ucb_009,50,35,test,0.01,17.97967999999969,1.797967999999969,0.596722089766355,0.7118438123106705,-1.9671512528630564,0.4123615319735479,0
HPG,GOOD,UNCERTAINTY_AWARE_UCB_009,Uncertainty-Aware UCB-VAE — vae_019 + ucb_009,50,36,train,0.01,656.1670700000013,65.61670700000013,8.79507492466538,11.497569173537524,0.6230807729562114,15.549081684194741,0
HPG,GOOD,UNCERTAINTY_AWARE_UCB_009,Uncertainty-Aware UCB-VAE — vae_019 + ucb_009,50,36,test,0.01,17.60145999999986,1.760145999999986,0.5842420530205228,0.7472230747725542,-1.8903308413156468,0.6702751717008014,0
HPG,GOOD,UNCERTAINTY_AWARE_UCB_009,Uncertainty-Aware UCB-VAE — vae_019 + ucb_009,50,37,train,0.01,653.5058700000013,65.35058700000013,8.765845956652507,11.564955912307196,0.617776315552754,15.519231998082386,0
HPG,GOOD,UNCERTAINTY_AWARE_UCB_009,Uncertainty-Aware UCB-VAE — vae_019 + ucb_009,50,37,test,0.01,16.125609999999824,1.6125609999999826,0.5355142024572324,0.7420201311728354,-1.9691852747334102,0.6712439095441194,0
HPG,GOOD,UNCERTAINTY_AWARE_UCB_009,Uncertainty-Aware UCB-VAE — vae_019 + ucb_009,50,38,train,0.01,695.1059500000015,69.51059500000015,9.218343412237239,11.71394048347945,0.6471689875527259,15.5418241871099,0
HPG,GOOD,UNCERTAINTY_AWARE_UCB_009,Uncertainty-Aware UCB-VAE — vae_019 + ucb_009,50,38,test,0.01,16.125609999999824,1.6125609999999826,0.5355142024572324,0.7420201311728354,-1.9691852747334102,0.6712439095441194,0
HPG,GOOD,UNCERTAINTY_AWARE_UCB_009,Uncertainty-Aware UCB-VAE — vae_019 + ucb_009,50,39,train,0.01,694.537350000001,69.4537350000001,9.212221228830542,11.735448336465726,0.6457158352680203,15.53125385323561,0
HPG,GOOD,UNCERTAINTY_AWARE_UCB_009,Uncertainty-Aware UCB-VAE — vae_019 + ucb_009,50,39,test,0.01,16.125609999999824,1.6125609999999826,0.5355142024572324,0.7420201311728354,-1.9691852747334102,0.6712439095441194,0
HPG,GOOD,UNCERTAINTY_AWARE_UCB_009,Uncertainty-Aware UCB-VAE — vae_019 + ucb_009,50,40,train,0.01,685.3515300000017,68.53515300000016,9.113078542942056,11.732992329644139,0.6380130457193425,15.521185226361522,0
HPG,GOOD,UNCERTAINTY_AWARE_UCB_009,Uncertainty-Aware UCB-VAE — vae_019 + ucb_009,50,40,test,0.01,16.7970499999999,1.67970499999999,0.5576888467349717,0.7248744633230607,-1.9853983490995128,0.6708028339658118,0
HPG,GOOD,UNCERTAINTY_AWARE_UCB_009,Uncertainty-Aware UCB-VAE — vae_019 + ucb_009,50,41,train,0.01,713.5885100000019,71.35885100000019,9.416421974508449,11.78908576945355,0.6593035596128174,15.530595275371587,0
HPG,GOOD,UNCERTAINTY_AWARE_UCB_009,Uncertainty-Aware UCB-VAE — vae_019 + ucb_009,50,41,test,0.01,20.53843999999981,2.053843999999981,0.6810718681539818,0.8754954608785276,-1.5018635184757019,1.0080632465238366,0
HPG,GOOD,UNCERTAINTY_AWARE_UCB_009,Uncertainty-Aware UCB-VAE — vae_019 + ucb_009,50,42,train,0.01,758.5795600000017,75.85795600000017,9.891257195069736,12.08813043408819,0.6820920344195092,15.566760711580812,0
HPG,GOOD,UNCERTAINTY_AWARE_UCB_009,Uncertainty-Aware UCB-VAE — vae_019 + ucb_009,50,42,test,0.01,20.53843999999981,2.053843999999981,0.6810718681539818,0.8754954608785276,-1.5018635184757019,1.0080632465238366,0
HPG,GOOD,UNCERTAINTY_AWARE_UCB_009,Uncertainty-Aware UCB-VAE — vae_019 + ucb_009,50,43,train,0.01,762.4270100000015,76.24270100000015,9.9313917841908,12.080136699877492,0.685514650579071,15.525907235115302,0
HPG,GOOD,UNCERTAINTY_AWARE_UCB_009,Uncertainty-Aware UCB-VAE — vae_019 + ucb_009,50,43,test,0.01,20.53843999999981,2.053843999999981,0.6810718681539818,0.8754954608785276,-1.5018635184757019,1.0080632465238366,0
HPG,GOOD,UNCERTAINTY_AWARE_UCB_009,Uncertainty-Aware UCB-VAE — vae_019 + ucb_009,50,44,train,0.01,782.9907900000014,78.29907900000013,10.144673262170834,12.14474620307071,0.6986185126481385,15.56326788094739,0
HPG,GOOD,UNCERTAINTY_AWARE_UCB_009,Uncertainty-Aware UCB-VAE — vae_019 + ucb_009,50,44,test,0.01,20.842339999999922,2.084233999999992,0.6910805986755975,0.8784784125486232,-1.4853760867640151,1.0077637760949258,0
HPG,GOOD,UNCERTAINTY_AWARE_UCB_009,Uncertainty-Aware UCB-VAE — vae_019 + ucb_009,50,45,train,0.01,781.0127500000017,78.10127500000017,10.124246935361914,12.144493122494245,0.6970893937082249,15.567307342863648,0
HPG,GOOD,UNCERTAINTY_AWARE_UCB_009,Uncertainty-Aware UCB-VAE — vae_019 + ucb_009,50,45,test,0.01,16.955090000000155,1.6955090000000155,0.5629067791303344,0.7273353928564303,-1.9714955086053207,0.6706991001894004,0
HPG,GOOD,UNCERTAINTY_AWARE_UCB_009,Uncertainty-Aware UCB-VAE — vae_019 + ucb_009,51,1,train,0.03,29.654840000000604,2.9654840000000604,0.4894801639824031,1.3499694107468703,-1.1098619107489396,3.185879189663688,0
HPG,GOOD,UNCERTAINTY_AWARE_UCB_009,Uncertainty-Aware UCB-VAE — vae_019 + ucb_009,51,1,test,0.03,0.0,0.0,0.0,0.0,0.0,0.0,0
HPG,GOOD,UNCERTAINTY_AWARE_UCB_009,Uncertainty-Aware UCB-VAE — vae_019 + ucb_009,51,2,train,0.027,35.0103500000007,3.5010350000000696,0.5766228763421699,1.5111707210264287,-0.9320755544197221,3.487722860424727,0
HPG,GOOD,UNCERTAINTY_AWARE_UCB_009,Uncertainty-Aware UCB-VAE — vae_019 + ucb_009,51,2,test,0.027,0.0,0.0,0.0,0.0,0.0,0.0,0
HPG,GOOD,UNCERTAINTY_AWARE_UCB_009,Uncertainty-Aware UCB-VAE — vae_019 + ucb_009,51,3,train,0.024300000000000002,54.344969999999876,5.434496999999987,0.8881347043913967,1.98883767464939,-0.5471486414147075,4.248757904669928,0
HPG,GOOD,UNCERTAINTY_AWARE_UCB_009,Uncertainty-Aware UCB-VAE — vae_019 + ucb_009,51,3,test,0.024300000000000002,0.0,0.0,0.0,0.0,0.0,0.0,0
HPG,GOOD,UNCERTAINTY_AWARE_UCB_009,Uncertainty-Aware UCB-VAE — vae_019 + ucb_009,51,4,train,0.02187,52.69121000000018,5.269121000000018,0.8616769011827285,2.0092146642845297,-0.5545663370142135,4.2497210669802366,0
HPG,GOOD,UNCERTAINTY_AWARE_UCB_009,Uncertainty-Aware UCB-VAE — vae_019 + ucb_009,51,4,test,0.02187,0.0,0.0,0.0,0.0,0.0,0.0,0
HPG,GOOD,UNCERTAINTY_AWARE_UCB_009,Uncertainty-Aware UCB-VAE — vae_019 + ucb_009,51,5,train,0.019683,51.874840000000404,5.18748400000004,0.848603379316093,2.017477210765981,-0.5586945187989546,4.250378201404332,0
HPG,GOOD,UNCERTAINTY_AWARE_UCB_009,Uncertainty-Aware UCB-VAE — vae_019 + ucb_009,51,5,test,0.019683,0.0,0.0,0.0,0.0,0.0,0.0,0
HPG,GOOD,UNCERTAINTY_AWARE_UCB_009,Uncertainty-Aware UCB-VAE — vae_019 + ucb_009,51,6,train,0.0177147,54.43748000000005,5.443748000000006,0.8896137114312808,2.0424963830807785,-0.5315185373644216,4.369772780929723,0
HPG,GOOD,UNCERTAINTY_AWARE_UCB_009,Uncertainty-Aware UCB-VAE — vae_019 + ucb_009,51,6,test,0.0177147,0.0,0.0,0.0,0.0,0.0,0.0,0
HPG,GOOD,UNCERTAINTY_AWARE_UCB_009,Uncertainty-Aware UCB-VAE — vae_019 + ucb_009,51,7,train,0.015943230000000003,51.5596400000004,5.15596400000004,0.8435534383592014,1.974788463891336,-0.5737569571120433,4.342626418772149,0
HPG,GOOD,UNCERTAINTY_AWARE_UCB_009,Uncertainty-Aware UCB-VAE — vae_019 + ucb_009,51,7,test,0.015943230000000003,0.0,0.0,0.0,0.0,0.0,0.0,0
HPG,GOOD,UNCERTAINTY_AWARE_UCB_009,Uncertainty-Aware UCB-VAE — vae_019 + ucb_009,51,8,train,0.014348907000000001,52.63271000000054,5.263271000000054,0.8607403507430611,2.001554186218227,-0.5572304171750921,4.344920640842051,0
HPG,GOOD,UNCERTAINTY_AWARE_UCB_009,Uncertainty-Aware UCB-VAE — vae_019 + ucb_009,51,8,test,0.014348907000000001,0.0,0.0,0.0,0.0,0.0,0.0,0
HPG,GOOD,UNCERTAINTY_AWARE_UCB_009,Uncertainty-Aware UCB-VAE — vae_019 + ucb_009,51,9,train,0.012914016300000003,51.86282000000051,5.186282000000051,0.8484108253703715,1.9640455909595633,-0.5745289209494135,4.342899514753725,0
HPG,GOOD,UNCERTAINTY_AWARE_UCB_009,Uncertainty-Aware UCB-VAE — vae_019 + ucb_009,51,9,test,0.012914016300000003,0.0,0.0,0.0,0.0,0.0,0.0,0
HPG,GOOD,UNCERTAINTY_AWARE_UCB_009,Uncertainty-Aware UCB-VAE — vae_019 + ucb_009,51,10,train,0.011622614670000002,1276.2297200000016,127.62297200000017,14.732328624934832,13.413327087969124,0.9514874090084233,14.458636486404586,2
HPG,GOOD,UNCERTAINTY_AWARE_UCB_009,Uncertainty-Aware UCB-VAE — vae_019 + ucb_009,51,10,test,0.011622614670000002,0.0,0.0,0.0,0.0,0.0,0.0,0
HPG,GOOD,UNCERTAINTY_AWARE_UCB_009,Uncertainty-Aware UCB-VAE — vae_019 + ucb_009,51,11,train,0.010460353203000003,1282.422320000001,128.24223200000012,14.784423056067443,13.489639930120722,0.9502566706827948,14.548308787571198,2
HPG,GOOD,UNCERTAINTY_AWARE_UCB_009,Uncertainty-Aware UCB-VAE — vae_019 + ucb_009,51,11,test,0.010460353203000003,0.0,0.0,0.0,0.0,0.0,0.0,0
HPG,GOOD,UNCERTAINTY_AWARE_UCB_009,Uncertainty-Aware UCB-VAE — vae_019 + ucb_009,51,12,train,0.01,1297.8514300000015,129.78514300000015,14.91370818287303,13.551794307439385,0.9549030433363612,14.585882724778148,2
HPG,GOOD,UNCERTAINTY_AWARE_UCB_009,Uncertainty-Aware UCB-VAE — vae_019 + ucb_009,51,12,test,0.01,0.0,0.0,0.0,0.0,0.0,0.0,0
HPG,GOOD,UNCERTAINTY_AWARE_UCB_009,Uncertainty-Aware UCB-VAE — vae_019 + ucb_009,51,13,train,0.01,1305.4920500000007,130.54920500000006,14.977463728767582,13.627611662718241,0.9544522457144065,14.666292171547735,2
HPG,GOOD,UNCERTAINTY_AWARE_UCB_009,Uncertainty-Aware UCB-VAE — vae_019 + ucb_009,51,13,test,0.01,0.04250999999999294,0.004250999999999294,0.0014192465874529603,0.004076581254949794,-490.25771471799516,0.0023788422827529213,0
HPG,GOOD,UNCERTAINTY_AWARE_UCB_009,Uncertainty-Aware UCB-VAE — vae_019 + ucb_009,51,14,train,0.01,1326.4928300000015,132.64928300000014,15.151798130810711,13.708485293547422,0.9607816318577157,14.671645396021681,2
HPG,GOOD,UNCERTAINTY_AWARE_UCB_009,Uncertainty-Aware UCB-VAE — vae_019 + ucb_009,51,14,test,0.01,0.04250999999999294,0.004250999999999294,0.0014192465874529603,0.004076581254949794,-490.25771471799516,0.0023788422827529213,0
HPG,GOOD,UNCERTAINTY_AWARE_UCB_009,Uncertainty-Aware UCB-VAE — vae_019 + ucb_009,51,15,train,0.01,1330.7598100000014,133.07598100000013,15.187059421362047,13.719353427757374,0.9623812070257757,14.648098533127598,2
HPG,GOOD,UNCERTAINTY_AWARE_UCB_009,Uncertainty-Aware UCB-VAE — vae_019 + ucb_009,51,15,test,0.01,1.9349999999999454,0.19349999999999454,0.06456158538210577,0.09045267574439099,-21.394376702978548,0.008775520827617603,0
HPG,GOOD,UNCERTAINTY_AWARE_UCB_009,Uncertainty-Aware UCB-VAE — vae_019 + ucb_009,51,16,train,0.01,1340.3479800000005,134.03479800000005,15.266098006808026,13.823952527961392,0.9611584945637055,14.536101412320864,2
HPG,GOOD,UNCERTAINTY_AWARE_UCB_009,Uncertainty-Aware UCB-VAE — vae_019 + ucb_009,51,16,test,0.01,1.9349999999999454,0.19349999999999454,0.06456158538210577,0.09045267574439099,-21.394376702978548,0.008775520827617603,0
HPG,GOOD,UNCERTAINTY_AWARE_UCB_009,Uncertainty-Aware UCB-VAE — vae_019 + ucb_009,51,17,train,0.01,1342.6991500000008,134.26991500000008,15.285438325501621,13.81509974201373,0.9629112018840265,14.675211974893587,2
HPG,GOOD,UNCERTAINTY_AWARE_UCB_009,Uncertainty-Aware UCB-VAE — vae_019 + ucb_009,51,17,test,0.01,2.3107199999999466,0.23107199999999467,0.077087911976359,0.0933017721019841,-20.606382679063664,0.008775520827617603,0
HPG,GOOD,UNCERTAINTY_AWARE_UCB_009,Uncertainty-Aware UCB-VAE — vae_019 + ucb_009,51,18,train,0.01,1363.7326100000005,136.37326100000004,15.457740477945926,13.841790375101418,0.9721989260075515,15.345918166298892,2
HPG,GOOD,UNCERTAINTY_AWARE_UCB_009,Uncertainty-Aware UCB-VAE — vae_019 + ucb_009,51,18,test,0.01,2.3107199999999466,0.23107199999999467,0.077087911976359,0.0933017721019841,-20.606382679063664,0.008775520827617603,0
HPG,GOOD,UNCERTAINTY_AWARE_UCB_009,Uncertainty-Aware UCB-VAE — vae_019 + ucb_009,51,19,train,0.01,1365.6437600000008,136.5643760000001,15.473332892104374,13.863360946191584,0.9718921296515568,15.335091905356185,2
HPG,GOOD,UNCERTAINTY_AWARE_UCB_009,Uncertainty-Aware UCB-VAE — vae_019 + ucb_009,51,19,test,0.01,2.739309999999932,0.27393099999999326,0.09137308084623541,0.10529462830848911,-18.123183941915837,0.04379582128325156,0
HPG,GOOD,UNCERTAINTY_AWARE_UCB_009,Uncertainty-Aware UCB-VAE — vae_019 + ucb_009,51,20,train,0.01,1342.9879600000022,134.29879600000024,15.28781291166359,13.876404869685341,0.9594111074593281,15.337996328578882,2
HPG,GOOD,UNCERTAINTY_AWARE_UCB_009,Uncertainty-Aware UCB-VAE — vae_019 + ucb_009,51,20,test,0.01,3.92574999999988,0.39257499999998796,0.13089665571730524,0.12736883853856285,-14.670949300544478,0.043744042405326894,0
HPG,GOOD,UNCERTAINTY_AWARE_UCB_009,Uncertainty-Aware UCB-VAE — vae_019 + ucb_009,51,21,train,0.01,1329.3700300000019,132.93700300000017,15.17558052415473,13.894252564990886,0.951279491753148,15.11675370169628,2
HPG,GOOD,UNCERTAINTY_AWARE_UCB_009,Uncertainty-Aware UCB-VAE — vae_019 + ucb_009,51,21,test,0.01,3.92574999999988,0.39257499999998796,0.13089665571730524,0.12736883853856285,-14.670949300544478,0.043744042405326894,0
HPG,GOOD,UNCERTAINTY_AWARE_UCB_009,Uncertainty-Aware UCB-VAE — vae_019 + ucb_009,51,22,train,0.01,1322.489500000002,132.24895000000018,15.11866656934735,13.901552744439478,0.9472627595302531,15.106565188857463,2
HPG,GOOD,UNCERTAINTY_AWARE_UCB_009,Uncertainty-Aware UCB-VAE — vae_019 + ucb_009,51,22,test,0.01,7.362820000000056,0.7362820000000057,0.24521955359031455,0.35815465443953465,-4.8960118837957625,0.3220520170846589,0
HPG,GOOD,UNCERTAINTY_AWARE_UCB_009,Uncertainty-Aware UCB-VAE — vae_019 + ucb_009,51,23,train,0.01,1357.1863800000015,135.71863800000014,15.404252338713853,13.890946216810146,0.96588451825284,15.109233972495865,2
HPG,GOOD,UNCERTAINTY_AWARE_UCB_009,Uncertainty-Aware UCB-VAE — vae_019 + ucb_009,51,23,test,0.01,7.389090000000124,0.7389090000000124,0.2460923379535851,0.37916332947062015,-4.622224947750292,0.3220520170846589,0
HPG,GOOD,UNCERTAINTY_AWARE_UCB_009,Uncertainty-Aware UCB-VAE — vae_019 + ucb_009,51,24,train,0.01,1372.3276800000008,137.23276800000008,15.527782308376658,13.884717094608032,0.9740333412751615,15.109233972495865,2
HPG,GOOD,UNCERTAINTY_AWARE_UCB_009,Uncertainty-Aware UCB-VAE — vae_019 + ucb_009,51,24,test,0.01,7.389090000000124,0.7389090000000124,0.2460923379535851,0.37916332947062015,-4.622224947750292,0.3220520170846589,0
HPG,GOOD,UNCERTAINTY_AWARE_UCB_009,Uncertainty-Aware UCB-VAE — vae_019 + ucb_009,51,25,train,0.01,1312.0216800000007,131.20216800000006,15.03180953944141,14.038894390578596,0.9339364781098298,15.917423586133184,2
HPG,GOOD,UNCERTAINTY_AWARE_UCB_009,Uncertainty-Aware UCB-VAE — vae_019 + ucb_009,51,25,test,0.01,9.903720000000249,0.9903720000000249,0.32956734868838655,0.4063233281900801,-4.1073844801222394,0.3220520170846589,0
HPG,GOOD,UNCERTAINTY_AWARE_UCB_009,Uncertainty-Aware UCB-VAE — vae_019 + ucb_009,51,26,train,0.01,1267.8998800000013,126.78998800000012,14.662068438736231,14.175365218677467,0.9033914212898703,17.678739335889777,2
HPG,GOOD,UNCERTAINTY_AWARE_UCB_009,Uncertainty-Aware UCB-VAE — vae_019 + ucb_009,51,26,test,0.01,9.859560000000101,0.9859560000000103,0.32810261975646515,0.40633777213222144,-4.110844614901949,0.3220520170846589,0
HPG,GOOD,UNCERTAINTY_AWARE_UCB_009,Uncertainty-Aware UCB-VAE — vae_019 + ucb_009,51,27,train,0.01,1293.8988300000005,129.38988300000005,14.880657217144444,14.139565408530958,0.9189157720441307,16.584340505619398,2
HPG,GOOD,UNCERTAINTY_AWARE_UCB_009,Uncertainty-Aware UCB-VAE — vae_019 + ucb_009,51,27,test,0.01,11.553660000000264,1.1553660000000263,0.38426313242569954,0.42132897606507563,-3.8311147164414163,0.3220520170846589,0
HPG,GOOD,UNCERTAINTY_AWARE_UCB_009,Uncertainty-Aware UCB-VAE — vae_019 + ucb_009,51,28,train,0.01,1297.6315800000007,129.76315800000006,14.911871078902262,14.135354532643996,0.9210872222268541,16.584340505619398,2
HPG,GOOD,UNCERTAINTY_AWARE_UCB_009,Uncertainty-Aware UCB-VAE — vae_019 + ucb_009,51,28,test,0.01,13.925210000000106,1.3925210000000106,0.4627764053954708,0.4432248702839265,-3.464587470904725,0.3220520170846589,0
HPG,GOOD,UNCERTAINTY_AWARE_UCB_009,Uncertainty-Aware UCB-VAE — vae_019 + ucb_009,51,29,train,0.01,1297.6040800000005,129.76040800000007,14.911641273925369,14.129648843236865,0.9213860554952189,16.584508293762866,2
HPG,GOOD,UNCERTAINTY_AWARE_UCB_009,Uncertainty-Aware UCB-VAE — vae_019 + ucb_009,51,29,test,0.01,18.051080000000184,1.8051080000000184,0.5990777122434565,0.6279813933605357,-2.2270039170467184,0.3909714495473786,0
HPG,GOOD,UNCERTAINTY_AWARE_UCB_009,Uncertainty-Aware UCB-VAE — vae_019 + ucb_009,51,30,train,0.01,1293.2983900000004,129.32983900000005,14.875632291008877,14.160095323740265,0.9174786170820575,16.907992895355843,2
HPG,GOOD,UNCERTAINTY_AWARE_UCB_009,Uncertainty-Aware UCB-VAE — vae_019 + ucb_009,51,30,test,0.01,15.9045500000002,1.5904550000000197,0.5282114488844636,0.6480051482284158,-2.2671448341893075,0.41555093637168716,0
HPG,GOOD,UNCERTAINTY_AWARE_UCB_009,Uncertainty-Aware UCB-VAE — vae_019 + ucb_009,51,31,train,0.01,1293.3301700000002,129.333017,14.875898277023403,14.160491630286556,0.9174734316357316,16.907795211483023,2
HPG,GOOD,UNCERTAINTY_AWARE_UCB_009,Uncertainty-Aware UCB-VAE — vae_019 + ucb_009,51,31,test,0.01,15.9045500000002,1.5904550000000197,0.5282114488844636,0.6480051482284158,-2.2671448341893075,0.41555093637168716,0
HPG,GOOD,UNCERTAINTY_AWARE_UCB_009,Uncertainty-Aware UCB-VAE — vae_019 + ucb_009,51,32,train,0.01,1268.8542000000007,126.88542000000007,14.670128788588222,14.099226977050835,0.9080147949329357,16.756957715608642,2
HPG,GOOD,UNCERTAINTY_AWARE_UCB_009,Uncertainty-Aware UCB-VAE — vae_019 + ucb_009,51,32,test,0.01,15.974810000000161,1.5974810000000161,0.5305326143197897,0.657120504139378,-2.232078412385565,0.41552229442226796,0
HPG,GOOD,UNCERTAINTY_AWARE_UCB_009,Uncertainty-Aware UCB-VAE — vae_019 + ucb_009,51,33,train,0.01,1268.8542000000007,126.88542000000007,14.670128788588222,14.099226977050835,0.9080147949329357,16.756957715608642,2
HPG,GOOD,UNCERTAINTY_AWARE_UCB_009,Uncertainty-Aware UCB-VAE — vae_019 + ucb_009,51,33,test,0.01,2130.9660400000016,213.09660400000016,46.38292482845521,24.257383688750302,1.616839828290222,38.333614254659985,8
HPG,GOOD,UNCERTAINTY_AWARE_UCB_009,Uncertainty-Aware UCB-VAE — vae_019 + ucb_009,51,34,train,0.01,1227.0289700000008,122.70289700000008,14.314185097192556,14.093829331760558,0.886042777674953,17.735230939810613,2
HPG,GOOD,UNCERTAINTY_AWARE_UCB_009,Uncertainty-Aware UCB-VAE — vae_019 + ucb_009,51,34,test,0.01,2131.1547400000013,213.11547400000012,46.38587025467453,24.257670321530448,1.6169069939336982,38.333614254659985,8
HPG,GOOD,UNCERTAINTY_AWARE_UCB_009,Uncertainty-Aware UCB-VAE — vae_019 + ucb_009,51,35,train,0.01,1267.2035500000006,126.72035500000007,14.656185333644856,14.064580117916654,0.9090257521165281,16.767278849952845,2
HPG,GOOD,UNCERTAINTY_AWARE_UCB_009,Uncertainty-Aware UCB-VAE — vae_019 + ucb_009,51,35,test,0.01,2519.3315000000007,251.93315000000007,52.21055554311307,26.434987324094124,1.6527864800040255,38.28021324155996,9
HPG,GOOD,UNCERTAINTY_AWARE_UCB_009,Uncertainty-Aware UCB-VAE — vae_019 + ucb_009,51,36,train,0.01,1270.4805800000008,127.04805800000007,14.68385896736606,14.05325662335089,0.9113800119667935,16.74680075598016,2
HPG,GOOD,UNCERTAINTY_AWARE_UCB_009,Uncertainty-Aware UCB-VAE — vae_019 + ucb_009,51,36,test,0.01,2572.5622100000014,257.25622100000015,52.97534987890848,26.617166405454697,1.6622241898480354,38.304561849982285,9
HPG,GOOD,UNCERTAINTY_AWARE_UCB_009,Uncertainty-Aware UCB-VAE — vae_019 + ucb_009,51,37,train,0.01,1287.9952900000012,128.79952900000012,14.831204383347284,14.101797847376785,0.9179159258117151,16.854215458491524,2
HPG,GOOD,UNCERTAINTY_AWARE_UCB_009,Uncertainty-Aware UCB-VAE — vae_019 + ucb_009,51,37,test,0.01,2572.5622100000014,257.25622100000015,52.97534987890848,26.617166405454697,1.6622241898480354,38.304561849982285,9
HPG,GOOD,UNCERTAINTY_AWARE_UCB_009,Uncertainty-Aware UCB-VAE — vae_019 + ucb_009,51,38,train,0.01,753.4799600000008,75.34799600000008,9.837947967054728,18.616483787812303,0.4941094005169715,37.582284928007674,7
HPG,GOOD,UNCERTAINTY_AWARE_UCB_009,Uncertainty-Aware UCB-VAE — vae_019 + ucb_009,51,38,test,0.01,2591.82569,259.18256900000006,53.250247497545075,26.7059763221013,1.6643450117331637,38.24219631420354,9
HPG,GOOD,UNCERTAINTY_AWARE_UCB_009,Uncertainty-Aware UCB-VAE — vae_019 + ucb_009,51,39,train,0.01,753.0642400000006,75.30642400000006,9.83359650226725,18.616967162775904,0.493886667251509,37.597701068268954,7
HPG,GOOD,UNCERTAINTY_AWARE_UCB_009,Uncertainty-Aware UCB-VAE — vae_019 + ucb_009,51,39,test,0.01,2626.03766,262.603766,53.73605499991883,26.756310664653775,1.6736112517101809,38.27098971413816,9
HPG,GOOD,UNCERTAINTY_AWARE_UCB_009,Uncertainty-Aware UCB-VAE — vae_019 + ucb_009,51,40,train,0.01,753.0642400000006,75.30642400000006,9.83359650226725,18.616967162775904,0.493886667251509,37.597701068268954,7
HPG,GOOD,UNCERTAINTY_AWARE_UCB_009,Uncertainty-Aware UCB-VAE — vae_019 + ucb_009,51,40,test,0.01,2626.03766,262.603766,53.73605499991883,26.756310664653775,1.6736112517101809,38.27098971413816,9
HPG,GOOD,UNCERTAINTY_AWARE_UCB_009,Uncertainty-Aware UCB-VAE — vae_019 + ucb_009,51,41,train,0.01,1245.5846000000006,124.55846000000005,14.472779586448903,14.133879764564641,0.8938298652483095,17.849557551112156,2
HPG,GOOD,UNCERTAINTY_AWARE_UCB_009,Uncertainty-Aware UCB-VAE — vae_019 + ucb_009,51,41,test,0.01,2626.03766,262.603766,53.73605499991883,26.756310664653775,1.6736112517101809,38.27098971413816,9
HPG,GOOD,UNCERTAINTY_AWARE_UCB_009,Uncertainty-Aware UCB-VAE — vae_019 + ucb_009,51,42,train,0.01,1246.0152300000009,124.60152300000009,14.476447190759822,14.12328133144231,0.8946223376614225,17.84670651918274,2
HPG,GOOD,UNCERTAINTY_AWARE_UCB_009,Uncertainty-Aware UCB-VAE — vae_019 + ucb_009,51,42,test,0.01,2621.691640000001,262.1691640000001,53.674511598336025,26.75619751962127,1.6721123747839197,38.27098971413816,9
HPG,GOOD,UNCERTAINTY_AWARE_UCB_009,Uncertainty-Aware UCB-VAE — vae_019 + ucb_009,51,43,train,0.01,1245.8474600000009,124.5847460000001,14.47501839113463,14.12460551003815,0.8944623880948166,17.847817150093203,2
HPG,GOOD,UNCERTAINTY_AWARE_UCB_009,Uncertainty-Aware UCB-VAE — vae_019 + ucb_009,51,43,test,0.01,2620.7619700000005,262.0761970000001,53.66134028065699,26.802156806966888,1.6693830215194314,38.348291906893074,9
HPG,GOOD,UNCERTAINTY_AWARE_UCB_009,Uncertainty-Aware UCB-VAE — vae_019 + ucb_009,51,44,train,0.01,759.1290700000011,75.9129070000001,9.896993870506288,18.615345113671406,0.49703743986499577,37.61819685710821,7
HPG,GOOD,UNCERTAINTY_AWARE_UCB_009,Uncertainty-Aware UCB-VAE — vae_019 + ucb_009,51,44,test,0.01,2537.0557700000013,253.70557700000012,52.46606018018485,27.466974675838845,1.606930917474144,38.30801524089976,9
HPG,GOOD,UNCERTAINTY_AWARE_UCB_009,Uncertainty-Aware UCB-VAE — vae_019 + ucb_009,51,45,train,0.01,753.5271500000008,75.35271500000007,9.838441864501156,18.574793621745066,0.49482184019361325,37.591248122092125,7
HPG,GOOD,UNCERTAINTY_AWARE_UCB_009,Uncertainty-Aware UCB-VAE — vae_019 + ucb_009,51,45,test,0.01,2539.378870000001,253.9378870000001,52.49948561751738,27.496526833366513,1.6062991915978753,38.32685747251556,9
HPG,GOOD,UNCERTAINTY_AWARE_UCB_009,Uncertainty-Aware UCB-VAE — vae_019 + ucb_009,52,1,train,0.03,3820.8427500000007,382.08427500000005,30.058962446202166,29.922196512609144,0.9688463025039663,37.65024712303459,13
HPG,GOOD,UNCERTAINTY_AWARE_UCB_009,Uncertainty-Aware UCB-VAE — vae_019 + ucb_009,52,1,test,0.03,1171.503400000001,117.15034000000009,29.54870294041052,21.60988292282453,1.218127584584177,28.368185135573576,3
HPG,GOOD,UNCERTAINTY_AWARE_UCB_009,Uncertainty-Aware UCB-VAE — vae_019 + ucb_009,52,2,train,0.027,3827.881580000001,382.7881580000001,30.09067227813236,29.937794891434688,0.9693185948551069,37.65619322444741,13
HPG,GOOD,UNCERTAINTY_AWARE_UCB_009,Uncertainty-Aware UCB-VAE — vae_019 + ucb_009,52,2,test,0.027,940.2078000000004,94.02078000000003,24.767909755160634,23.867109104351226,0.9664662735849793,38.22009833277885,7
HPG,GOOD,UNCERTAINTY_AWARE_UCB_009,Uncertainty-Aware UCB-VAE — vae_019 + ucb_009,52,3,train,0.024300000000000002,3827.881580000001,382.7881580000001,30.09067227813236,29.937794891434688,0.9693185948551069,37.65619322444741,13
HPG,GOOD,UNCERTAINTY_AWARE_UCB_009,Uncertainty-Aware UCB-VAE — vae_019 + ucb_009,52,3,test,0.024300000000000002,981.0667500000013,98.10667500000014,25.63906034139474,23.988052879936443,0.9918900059325683,38.215779996015286,7
HPG,GOOD,UNCERTAINTY_AWARE_UCB_009,Uncertainty-Aware UCB-VAE — vae_019 + ucb_009,52,4,train,0.02187,3828.1218200000003,382.812182,30.091753876281334,29.935485326527893,0.9693983990309996,37.654976142471305,13
HPG,GOOD,UNCERTAINTY_AWARE_UCB_009,Uncertainty-Aware UCB-VAE — vae_019 + ucb_009,52,4,test,0.02187,990.2841200000007,99.02841200000007,25.833925275882418,23.979553174389142,0.9986587369596197,38.32256799170016,7
HPG,GOOD,UNCERTAINTY_AWARE_UCB_009,Uncertainty-Aware UCB-VAE — vae_019 + ucb_009,52,5,train,0.019683,3828.422120000001,382.84221200000013,30.093105810932297,29.932534895024048,0.969499626753849,37.65345490063252,13
HPG,GOOD,UNCERTAINTY_AWARE_UCB_009,Uncertainty-Aware UCB-VAE — vae_019 + ucb_009,52,5,test,0.019683,984.6611700000017,98.46611700000017,25.715121866853828,24.048287284733277,0.9925438816024984,38.35524689620202,7
HPG,GOOD,UNCERTAINTY_AWARE_UCB_009,Uncertainty-Aware UCB-VAE — vae_019 + ucb_009,52,6,train,0.0177147,3828.422120000001,382.84221200000013,30.093105810932297,29.932534895024048,0.969499626753849,37.65345490063252,13
HPG,GOOD,UNCERTAINTY_AWARE_UCB_009,Uncertainty-Aware UCB-VAE — vae_019 + ucb_009,52,6,test,0.0177147,984.2330300000003,98.42330300000003,25.706066812485993,23.979338955132604,0.9943984955733773,38.270176158744526,7
HPG,GOOD,UNCERTAINTY_AWARE_UCB_009,Uncertainty-Aware UCB-VAE — vae_019 + ucb_009,52,7,train,0.015943230000000003,3845.3380000000006,384.5338000000001,30.16914736153613,29.941599676666286,0.9712666706439582,37.65096785939421,13
HPG,GOOD,UNCERTAINTY_AWARE_UCB_009,Uncertainty-Aware UCB-VAE — vae_019 + ucb_009,52,7,test,0.015943230000000003,1115.2712200000014,111.52712200000015,28.418869501910592,24.109842560004076,1.0792740231497104,38.24371416362512,7
HPG,GOOD,UNCERTAINTY_AWARE_UCB_009,Uncertainty-Aware UCB-VAE — vae_019 + ucb_009,52,8,train,0.014348907000000001,3852.396850000001,385.2396850000001,30.200813467949004,29.958391012504283,0.9717089581244565,37.656781864052874,13
HPG,GOOD,UNCERTAINTY_AWARE_UCB_009,Uncertainty-Aware UCB-VAE — vae_019 + ucb_009,52,8,test,0.014348907000000001,1099.9755500000015,109.99755500000015,28.108089467786222,24.155345321092646,1.0676290059426399,38.24371416362512,7
HPG,GOOD,UNCERTAINTY_AWARE_UCB_009,Uncertainty-Aware UCB-VAE — vae_019 + ucb_009,52,9,train,0.012914016300000003,3852.8573100000012,385.28573100000017,30.20287776503463,29.954052390590707,0.9718600540183191,37.65446096039481,13
HPG,GOOD,UNCERTAINTY_AWARE_UCB_009,Uncertainty-Aware UCB-VAE — vae_019 + ucb_009,52,9,test,0.012914016300000003,1166.3575400000004,116.63575400000003,29.446126761066395,24.25435872564625,1.1072819639684146,38.26159110983245,7
HPG,GOOD,UNCERTAINTY_AWARE_UCB_009,Uncertainty-Aware UCB-VAE — vae_019 + ucb_009,52,10,train,0.011622614670000002,3884.95924,388.495924,30.34639399414052,29.990245289424323,0.974754807124874,37.65818158153417,13
HPG,GOOD,UNCERTAINTY_AWARE_UCB_009,Uncertainty-Aware UCB-VAE — vae_019 + ucb_009,52,10,test,0.011622614670000002,1147.3958900000016,114.73958900000017,29.06674332497794,24.31834166393311,1.0928821288133876,38.26159110983245,7
HPG,GOOD,UNCERTAINTY_AWARE_UCB_009,Uncertainty-Aware UCB-VAE — vae_019 + ucb_009,52,11,train,0.010460353203000003,3884.95924,388.495924,30.34639399414052,29.990245289424323,0.974754807124874,37.65818158153417,13
HPG,GOOD,UNCERTAINTY_AWARE_UCB_009,Uncertainty-Aware UCB-VAE — vae_019 + ucb_009,52,11,test,0.010460353203000003,1200.988670000003,120.0988670000003,30.133354042840566,24.488933569313033,1.1207010251440195,38.200898672482175,7
HPG,GOOD,UNCERTAINTY_AWARE_UCB_009,Uncertainty-Aware UCB-VAE — vae_019 + ucb_009,52,12,train,0.01,3884.979260000001,388.4979260000001,30.34648325097402,29.990215111497072,0.9747577896276204,37.65808133769546,13
HPG,GOOD,UNCERTAINTY_AWARE_UCB_009,Uncertainty-Aware UCB-VAE — vae_019 + ucb_009,52,12,test,0.01,1184.6205900000027,118.46205900000027,29.809447073418216,24.488446900456115,1.1104963456868862,38.200898672482175,7
HPG,GOOD,UNCERTAINTY_AWARE_UCB_009,Uncertainty-Aware UCB-VAE — vae_019 + ucb_009,52,13,train,0.01,3884.979260000001,388.4979260000001,30.34648325097402,29.990215111497072,0.9747577896276204,37.65808133769546,13
HPG,GOOD,UNCERTAINTY_AWARE_UCB_009,Uncertainty-Aware UCB-VAE — vae_019 + ucb_009,52,13,test,0.01,1236.7543100000012,123.67543100000012,30.83557521048117,24.624599943331503,1.1378300806247388,38.200898672482175,7
HPG,GOOD,UNCERTAINTY_AWARE_UCB_009,Uncertainty-Aware UCB-VAE — vae_019 + ucb_009,52,14,train,0.01,3819.4429200000004,381.9442920000001,30.0526516347176,29.94212590449149,0.9682349706639384,37.657350221438094,13
HPG,GOOD,UNCERTAINTY_AWARE_UCB_009,Uncertainty-Aware UCB-VAE — vae_019 + ucb_009,52,14,test,0.01,1339.895680000002,133.9895680000002,32.81965821634208,24.858214069362752,1.1902841907454742,38.200898672482175,7
HPG,GOOD,UNCERTAINTY_AWARE_UCB_009,Uncertainty-Aware UCB-VAE — vae_019 + ucb_009,52,15,train,0.01,3852.47927,385.247927,30.201182978624974,29.970782552922664,0.9714382980309311,37.65636641307036,13
HPG,GOOD,UNCERTAINTY_AWARE_UCB_009,Uncertainty-Aware UCB-VAE — vae_019 + ucb_009,52,15,test,0.01,1386.402920000001,138.6402920000001,33.69525930141704,25.000560363663382,1.2113267997740071,38.19360899017622,7
HPG,GOOD,UNCERTAINTY_AWARE_UCB_009,Uncertainty-Aware UCB-VAE — vae_019 + ucb_009,52,16,train,0.01,3853.0163200000006,385.30163200000004,30.203590587928787,29.96423540615636,0.9716479256509767,37.653659552474146,13
HPG,GOOD,UNCERTAINTY_AWARE_UCB_009,Uncertainty-Aware UCB-VAE — vae_019 + ucb_009,52,16,test,0.01,1324.355880000001,132.4355880000001,32.524505129862916,25.03072811557527,1.1748837688604175,38.34094217195793,7
HPG,GOOD,UNCERTAINTY_AWARE_UCB_009,Uncertainty-Aware UCB-VAE — vae_019 + ucb_009,52,17,train,0.01,3893.2156700000005,389.3215670000001,30.38317850297623,30.000988088628528,0.9754617759699404,37.65794956645937,13
HPG,GOOD,UNCERTAINTY_AWARE_UCB_009,Uncertainty-Aware UCB-VAE — vae_019 + ucb_009,52,17,test,0.01,973.2046599999985,97.32046599999985,25.472369619068314,26.084011150106377,0.9272191553748552,40.26813872184592,8
HPG,GOOD,UNCERTAINTY_AWARE_UCB_009,Uncertainty-Aware UCB-VAE — vae_019 + ucb_009,52,18,train,0.01,3852.47927,385.247927,30.201182978624974,29.970782552922664,0.9714382980309311,37.65636641307036,13
HPG,GOOD,UNCERTAINTY_AWARE_UCB_009,Uncertainty-Aware UCB-VAE — vae_019 + ucb_009,52,18,test,0.01,1035.2490200000009,103.52490200000008,26.776009223603502,26.06400247407592,0.9675774049546185,40.26813872184592,8
HPG,GOOD,UNCERTAINTY_AWARE_UCB_009,Uncertainty-Aware UCB-VAE — vae_019 + ucb_009,52,19,train,0.01,3853.0163200000006,385.30163200000004,30.203590587928787,29.96423540615636,0.9716479256509767,37.653659552474146,13
HPG,GOOD,UNCERTAINTY_AWARE_UCB_009,Uncertainty-Aware UCB-VAE — vae_019 + ucb_009,52,19,test,0.01,1076.2263599999992,107.62263599999993,27.62254709487577,26.267957165282812,0.9875379996043333,40.26813872184592,8
HPG,GOOD,UNCERTAINTY_AWARE_UCB_009,Uncertainty-Aware UCB-VAE — vae_019 + ucb_009,52,20,train,0.01,3886.6172800000013,388.6617280000001,30.353785139899635,29.981217927407094,0.9751492178221054,37.64988127671855,13
HPG,GOOD,UNCERTAINTY_AWARE_UCB_009,Uncertainty-Aware UCB-VAE — vae_019 + ucb_009,52,20,test,0.01,1077.3924000000002,107.73924000000001,27.64647241952145,26.250767807696086,0.9887369217220942,40.26813872184592,8
HPG,GOOD,UNCERTAINTY_AWARE_UCB_009,Uncertainty-Aware UCB-VAE — vae_019 + ucb_009,52,21,train,0.01,3845.1201200000005,384.5120120000001,30.168169337453342,29.95826211647266,0.97086523490889,37.65206768386312,13
HPG,GOOD,UNCERTAINTY_AWARE_UCB_009,Uncertainty-Aware UCB-VAE — vae_019 + ucb_009,52,21,test,0.01,1098.8297199999993,109.88297199999992,28.084747667415,26.275744876727554,1.0011550711280217,40.26813872184592,8
HPG,GOOD,UNCERTAINTY_AWARE_UCB_009,Uncertainty-Aware UCB-VAE — vae_019 + ucb_009,52,22,train,0.01,3861.9834600000004,386.198346,30.243757762356193,29.967648715509092,0.9726100058302312,37.64985820524583,13
HPG,GOOD,UNCERTAINTY_AWARE_UCB_009,Uncertainty-Aware UCB-VAE — vae_019 + ucb_009,52,22,test,0.01,1093.4493700000007,109.34493700000007,27.975030440983527,26.430187100640225,0.9935970302231248,40.26813872184592,8
HPG,GOOD,UNCERTAINTY_AWARE_UCB_009,Uncertainty-Aware UCB-VAE — vae_019 + ucb_009,52,23,train,0.01,3886.6172800000013,388.6617280000001,30.353785139899635,29.981217927407094,0.9751492178221054,37.64988127671855,13
HPG,GOOD,UNCERTAINTY_AWARE_UCB_009,Uncertainty-Aware UCB-VAE — vae_019 + ucb_009,52,23,test,0.01,1070.13668,107.01366800000001,27.497450689679702,26.490023053739037,0.9777716566018346,40.26813872184592,8
HPG,GOOD,UNCERTAINTY_AWARE_UCB_009,Uncertainty-Aware UCB-VAE — vae_019 + ucb_009,52,24,train,0.01,3860.4700900000007,386.04700900000006,30.236983142471274,29.984482876116253,0.9720558841288703,37.65747252260481,13
HPG,GOOD,UNCERTAINTY_AWARE_UCB_009,Uncertainty-Aware UCB-VAE — vae_019 + ucb_009,52,24,test,0.01,1077.1634399999998,107.71634399999999,27.641775222886245,26.525430759025543,0.9810999629287007,40.26813872184592,8
HPG,GOOD,UNCERTAINTY_AWARE_UCB_009,Uncertainty-Aware UCB-VAE — vae_019 + ucb_009,52,25,train,0.01,3909.941560000001,390.9941560000001,30.457538459975186,30.01018467067561,0.9771725543685504,37.65642660958404,13
HPG,GOOD,UNCERTAINTY_AWARE_UCB_009,Uncertainty-Aware UCB-VAE — vae_019 + ucb_009,52,25,test,0.01,1136.941339999999,113.6941339999999,28.856614303312323,26.636616021812365,1.013840773057729,40.26813872184592,8
HPG,GOOD,UNCERTAINTY_AWARE_UCB_009,Uncertainty-Aware UCB-VAE — vae_019 + ucb_009,52,26,train,0.01,3878.3890300000003,387.838903,30.317085008535226,29.980001849278832,0.9742273042948999,37.64995872338448,13
HPG,GOOD,UNCERTAINTY_AWARE_UCB_009,Uncertainty-Aware UCB-VAE — vae_019 + ucb_009,52,26,test,0.01,1129.4789,112.94789,28.70620535024937,26.737852213850655,1.006621527504767,40.26813872184592,8
HPG,GOOD,UNCERTAINTY_AWARE_UCB_009,Uncertainty-Aware UCB-VAE — vae_019 + ucb_009,52,27,train,0.01,3877.8519800000004,387.78519800000004,30.31468783416198,29.98653149738095,0.9740179738541412,37.65265138259116,13
HPG,GOOD,UNCERTAINTY_AWARE_UCB_009,Uncertainty-Aware UCB-VAE — vae_019 + ucb_009,52,27,test,0.01,1138.0367599999986,113.80367599999985,28.878663539520154,26.744135502770128,1.0114779800856315,40.26813872184592,8
HPG,GOOD,UNCERTAINTY_AWARE_UCB_009,Uncertainty-Aware UCB-VAE — vae_019 + ucb_009,52,28,train,0.01,3909.951570000001,390.9951570000001,30.457582899216163,30.010137132175004,0.9771747773599863,37.656376743693826,13
HPG,GOOD,UNCERTAINTY_AWARE_UCB_009,Uncertainty-Aware UCB-VAE — vae_019 + ucb_009,52,28,test,0.01,1156.4827199999986,115.64827199999985,29.248829282390453,26.832496697143014,1.0197659295141777,40.26813872184592,8
HPG,GOOD,UNCERTAINTY_AWARE_UCB_009,Uncertainty-Aware UCB-VAE — vae_019 + ucb_009,52,29,train,0.01,3877.8519800000004,387.78519800000004,30.31468783416198,29.98653149738095,0.9740179738541412,37.65265138259116,13
HPG,GOOD,UNCERTAINTY_AWARE_UCB_009,Uncertainty-Aware UCB-VAE — vae_019 + ucb_009,52,29,test,0.01,1154.872269999999,115.48722699999989,29.216595680451295,26.83839870242911,1.0186672572944693,40.26813872184592,8
HPG,GOOD,UNCERTAINTY_AWARE_UCB_009,Uncertainty-Aware UCB-VAE — vae_019 + ucb_009,52,30,train,0.01,3909.951570000001,390.9951570000001,30.457582899216163,30.010137132175004,0.9771747773599863,37.656376743693826,13
HPG,GOOD,UNCERTAINTY_AWARE_UCB_009,Uncertainty-Aware UCB-VAE — vae_019 + ucb_009,52,30,test,0.01,1168.9915799999985,116.89915799999986,29.498653253412478,26.861501895718696,1.0261779411249623,40.26813872184592,8
HPG,GOOD,UNCERTAINTY_AWARE_UCB_009,Uncertainty-Aware UCB-VAE — vae_019 + ucb_009,52,31,train,0.01,3877.4362200000005,387.743622,30.312831898410163,29.991576951061628,0.9738561999440355,37.654736182976215,13
HPG,GOOD,UNCERTAINTY_AWARE_UCB_009,Uncertainty-Aware UCB-VAE — vae_019 + ucb_009,52,31,test,0.01,1168.3517399999992,116.83517399999992,29.485897845528598,26.863074855726936,1.0257650565364522,40.26813872184592,8
HPG,GOOD,UNCERTAINTY_AWARE_UCB_009,Uncertainty-Aware UCB-VAE — vae_019 + ucb_009,52,32,train,0.01,3911.3930100000016,391.13930100000016,30.4639813622418,29.997188867872783,0.9776331603883359,37.64919743403118,13
HPG,GOOD,UNCERTAINTY_AWARE_UCB_009,Uncertainty-Aware UCB-VAE — vae_019 + ucb_009,52,32,test,0.01,1201.4471899999999,120.144719,30.142404528222965,26.91357101006715,1.0432248044088879,40.26813872184592,8
HPG,GOOD,UNCERTAINTY_AWARE_UCB_009,Uncertainty-Aware UCB-VAE — vae_019 + ucb_009,52,33,train,0.01,3878.3124400000006,387.8312440000001,30.31674315513606,29.98280135715775,0.9741552143448322,37.65034270648396,13
HPG,GOOD,UNCERTAINTY_AWARE_UCB_009,Uncertainty-Aware UCB-VAE — vae_019 + ucb_009,52,33,test,0.01,1182.8423099999995,118.28423099999996,29.77415955598579,27.043857754599244,1.0289752352049255,40.26813872184592,8
HPG,GOOD,UNCERTAINTY_AWARE_UCB_009,Uncertainty-Aware UCB-VAE — vae_019 + ucb_009,52,34,train,0.01,3911.3930100000016,391.13930100000016,30.4639813622418,29.997188867872783,0.9776331603883359,37.64919743403118,13
HPG,GOOD,UNCERTAINTY_AWARE_UCB_009,Uncertainty-Aware UCB-VAE — vae_019 + ucb_009,52,34,test,0.01,1178.4252500000002,117.84252500000004,29.686426148716706,27.052869857292468,1.0262092257317366,40.26813872184592,8
HPG,GOOD,UNCERTAINTY_AWARE_UCB_009,Uncertainty-Aware UCB-VAE — vae_019 + ucb_009,52,35,train,0.01,3878.6527800000013,387.8652780000001,30.31826220156928,29.98095630112819,0.9742361191635542,37.64863647566409,13
HPG,GOOD,UNCERTAINTY_AWARE_UCB_009,Uncertainty-Aware UCB-VAE — vae_019 + ucb_009,52,35,test,0.01,1794.2736299999988,179.42736299999987,40.92701931727048,28.984911931760255,1.2646072828553898,40.26813872184592,9
HPG,GOOD,UNCERTAINTY_AWARE_UCB_009,Uncertainty-Aware UCB-VAE — vae_019 + ucb_009,52,36,train,0.01,3911.3930100000016,391.13930100000016,30.4639813622418,29.997188867872783,0.9776331603883359,37.64919743403118,13
HPG,GOOD,UNCERTAINTY_AWARE_UCB_009,Uncertainty-Aware UCB-VAE — vae_019 + ucb_009,52,36,test,0.01,1795.6332899999989,179.5633289999999,40.949909970527145,28.983914177732213,1.2652047898390866,40.26813872184592,9
HPG,GOOD,UNCERTAINTY_AWARE_UCB_009,Uncertainty-Aware UCB-VAE — vae_019 + ucb_009,52,37,train,0.01,3885.361280000001,388.5361280000001,30.348186384184885,29.999880236879996,0.974582288363973,37.65616859522659,13
HPG,GOOD,UNCERTAINTY_AWARE_UCB_009,Uncertainty-Aware UCB-VAE — vae_019 + ucb_009,52,37,test,0.01,1793.7937499999994,179.37937499999995,40.918938491739574,28.99204747821491,1.2641693352513506,40.26813872184592,9
HPG,GOOD,UNCERTAINTY_AWARE_UCB_009,Uncertainty-Aware UCB-VAE — vae_019 + ucb_009,52,38,train,0.01,3928.053250000001,392.8053250000001,30.537821852847415,30.003597917463253,0.9793927597740979,37.64803522833168,13
HPG,GOOD,UNCERTAINTY_AWARE_UCB_009,Uncertainty-Aware UCB-VAE — vae_019 + ucb_009,52,38,test,0.01,1806.0753099999997,180.60753099999997,41.12546065396494,29.177186421832314,1.2630336554464745,40.26813872184592,9
HPG,GOOD,UNCERTAINTY_AWARE_UCB_009,Uncertainty-Aware UCB-VAE — vae_019 + ucb_009,52,39,train,0.01,3885.361280000001,388.5361280000001,30.348186384184885,29.999880236879996,0.974582288363973,37.65616859522659,13
HPG,GOOD,UNCERTAINTY_AWARE_UCB_009,Uncertainty-Aware UCB-VAE — vae_019 + ucb_009,52,39,test,0.01,1814.1593299999995,181.41593299999994,41.26107014271081,29.277228136866114,1.2630266120661953,40.26813872184592,9
HPG,GOOD,UNCERTAINTY_AWARE_UCB_009,Uncertainty-Aware UCB-VAE — vae_019 + ucb_009,52,40,train,0.01,3928.053250000001,392.8053250000001,30.537821852847415,30.003597917463253,0.9793927597740979,37.64803522833168,13
HPG,GOOD,UNCERTAINTY_AWARE_UCB_009,Uncertainty-Aware UCB-VAE — vae_019 + ucb_009,52,40,test,0.01,1862.71319,186.271319,42.07014995329197,29.415114936166386,1.2779855758983165,40.26813872184592,9
HPG,GOOD,UNCERTAINTY_AWARE_UCB_009,Uncertainty-Aware UCB-VAE — vae_019 + ucb_009,52,41,train,0.01,3928.053250000001,392.8053250000001,30.537821852847415,30.003597917463253,0.9793927597740979,37.64803522833168,13
HPG,GOOD,UNCERTAINTY_AWARE_UCB_009,Uncertainty-Aware UCB-VAE — vae_019 + ucb_009,52,41,test,0.01,1838.5810200000005,183.85810200000006,41.669174616490025,29.456286492348067,1.266972483606254,40.26813872184592,9
HPG,GOOD,UNCERTAINTY_AWARE_UCB_009,Uncertainty-Aware UCB-VAE — vae_019 + ucb_009,52,42,train,0.01,3901.801740000001,390.1801740000001,30.421376849171455,30.01405702262539,0.9761511912182006,37.65607340060933,13
HPG,GOOD,UNCERTAINTY_AWARE_UCB_009,Uncertainty-Aware UCB-VAE — vae_019 + ucb_009,52,42,test,0.01,1865.169839999999,186.51698399999992,42.11084270882808,29.502279912669692,1.2760565781528364,40.26813872184592,9
HPG,GOOD,UNCERTAINTY_AWARE_UCB_009,Uncertainty-Aware UCB-VAE — vae_019 + ucb_009,52,43,train,0.01,3928.053250000001,392.8053250000001,30.537821852847415,30.003597917463253,0.9793927597740979,37.64803522833168,13
HPG,GOOD,UNCERTAINTY_AWARE_UCB_009,Uncertainty-Aware UCB-VAE — vae_019 + ucb_009,52,43,test,0.01,1860.1285999999996,186.01285999999993,42.02731283931725,29.478112175896452,1.274859317076071,40.26813872184592,9
HPG,GOOD,UNCERTAINTY_AWARE_UCB_009,Uncertainty-Aware UCB-VAE — vae_019 + ucb_009,52,44,train,0.01,3902.4223600000005,390.24223600000005,30.424135749270565,30.008332965788735,0.97635170884018,37.652976845367,13
HPG,GOOD,UNCERTAINTY_AWARE_UCB_009,Uncertainty-Aware UCB-VAE — vae_019 + ucb_009,52,44,test,0.01,1850.610979999999,185.0610979999999,41.86934468481562,29.48783121071603,1.2707426041575332,40.26813872184592,9
HPG,GOOD,UNCERTAINTY_AWARE_UCB_009,Uncertainty-Aware UCB-VAE — vae_019 + ucb_009,52,45,train,0.01,3950.9873400000006,395.09873400000004,30.639129543670606,30.03770272215866,0.9812272058892364,37.65646239264235,13
HPG,GOOD,UNCERTAINTY_AWARE_UCB_009,Uncertainty-Aware UCB-VAE — vae_019 + ucb_009,52,45,test,0.01,1856.4495199999997,185.64495199999996,41.96629109699397,29.49105442858686,1.272964171039117,40.26813872184592,9
HPG,GOOD,UNCERTAINTY_AWARE_UCB_009,Uncertainty-Aware UCB-VAE — vae_019 + ucb_009,53,1,train,0.03,-48.43662000000052,-4.843662000000052,-0.8261336251235596,15.014066919467753,-0.1136910449163216,37.35740688036532,7
HPG,GOOD,UNCERTAINTY_AWARE_UCB_009,Uncertainty-Aware UCB-VAE — vae_019 + ucb_009,53,1,test,0.03,2064.18553,206.418553,45.33302992557191,25.595670785437896,1.5166082782795287,22.46577392751244,6
HPG,GOOD,UNCERTAINTY_AWARE_UCB_009,Uncertainty-Aware UCB-VAE — vae_019 + ucb_009,53,2,train,0.027,-47.57357000000013,-4.757357000000013,-0.8111101096970774,15.062323006817161,-0.11182936900820778,37.44109789300262,7
HPG,GOOD,UNCERTAINTY_AWARE_UCB_009,Uncertainty-Aware UCB-VAE — vae_019 + ucb_009,53,2,test,0.027,2062.8441900000003,206.28441900000004,45.311786508312714,25.560621700778423,1.5177597715307525,22.47364682095518,6
HPG,GOOD,UNCERTAINTY_AWARE_UCB_009,Uncertainty-Aware UCB-VAE — vae_019 + ucb_009,53,3,train,0.024300000000000002,-41.63028000000031,-4.163028000000031,-0.7079592669868573,15.010383121246706,-0.10575143801343825,37.35653227759972,7
HPG,GOOD,UNCERTAINTY_AWARE_UCB_009,Uncertainty-Aware UCB-VAE — vae_019 + ucb_009,53,3,test,0.024300000000000002,2062.8441900000003,206.28441900000004,45.311786508312714,25.560621700778423,1.5177597715307525,22.47364682095518,6
HPG,GOOD,UNCERTAINTY_AWARE_UCB_009,Uncertainty-Aware UCB-VAE — vae_019 + ucb_009,53,4,train,0.02187,-43.28210000000013,-4.328210000000013,-0.7365744212113445,15.03020199778557,-0.10734790633713583,37.39859172683052,7
HPG,GOOD,UNCERTAINTY_AWARE_UCB_009,Uncertainty-Aware UCB-VAE — vae_019 + ucb_009,53,4,test,0.02187,2062.8441900000003,206.28441900000004,45.311786508312714,25.560621700778423,1.5177597715307525,22.47364682095518,6
HPG,GOOD,UNCERTAINTY_AWARE_UCB_009,Uncertainty-Aware UCB-VAE — vae_019 + ucb_009,53,5,train,0.019683,-41.74091000000021,-4.174091000000021,-0.7098744717439875,15.013824600228817,-0.10582235730131828,37.35934623677516,7
HPG,GOOD,UNCERTAINTY_AWARE_UCB_009,Uncertainty-Aware UCB-VAE — vae_019 + ucb_009,53,5,test,0.019683,2060.53188,206.053188,45.27515083873654,25.532879917777855,1.5181354266562188,22.48723171218954,6
HPG,GOOD,UNCERTAINTY_AWARE_UCB_009,Uncertainty-Aware UCB-VAE — vae_019 + ucb_009,53,6,train,0.0177147,-43.092680000000655,-4.309268000000065,-0.7332909330725723,15.030847311884857,-0.1071149184742722,37.39376381512286,7
HPG,GOOD,UNCERTAINTY_AWARE_UCB_009,Uncertainty-Aware UCB-VAE — vae_019 + ucb_009,53,6,test,0.0177147,2059.2706200000002,205.92706200000003,45.25515997436529,25.495859409636118,1.5194231957545883,22.49464857749643,6
HPG,GOOD,UNCERTAINTY_AWARE_UCB_009,Uncertainty-Aware UCB-VAE — vae_019 + ucb_009,53,7,train,0.015943230000000003,-44.56737000000044,-4.456737000000044,-0.758868159835191,15.048735087943301,-0.10853576914201775,37.43138347393172,7
HPG,GOOD,UNCERTAINTY_AWARE_UCB_009,Uncertainty-Aware UCB-VAE — vae_019 + ucb_009,53,7,test,0.015943230000000003,2041.0952200000002,204.10952200000003,44.96646985631916,25.415449421025883,1.5155638740184885,22.444753444388684,6
HPG,GOOD,UNCERTAINTY_AWARE_UCB_009,Uncertainty-Aware UCB-VAE — vae_019 + ucb_009,53,8,train,0.014348907000000001,-44.10979000000043,-4.410979000000044,-0.7509283127841271,15.043397738015873,-0.1080913298025158,37.41970241271781,7
HPG,GOOD,UNCERTAINTY_AWARE_UCB_009,Uncertainty-Aware UCB-VAE — vae_019 + ucb_009,53,8,test,0.014348907000000001,2039.71384,203.971384,44.9444816740737,25.384241536044183,1.5165120140747774,22.452917281485295,6
HPG,GOOD,UNCERTAINTY_AWARE_UCB_009,Uncertainty-Aware UCB-VAE — vae_019 + ucb_009,53,9,train,0.012914016300000003,-44.64235000000008,-4.464235000000008,-0.7601695015063248,15.046044370046275,-0.10866993044150078,37.433298252099874,7
HPG,GOOD,UNCERTAINTY_AWARE_UCB_009,Uncertainty-Aware UCB-VAE — vae_019 + ucb_009,53,9,test,0.012914016300000003,2034.89903,203.489903,44.867789631995805,25.297526616309916,1.5187315577808502,22.481418878717726,6
HPG,GOOD,UNCERTAINTY_AWARE_UCB_009,Uncertainty-Aware UCB-VAE — vae_019 + ucb_009,53,10,train,0.011622614670000002,108.38061000000039,10.838061000000039,1.734180932798357,15.934571539500414,0.06309264627235862,37.51984031569063,7
HPG,GOOD,UNCERTAINTY_AWARE_UCB_009,Uncertainty-Aware UCB-VAE — vae_019 + ucb_009,53,10,test,0.011622614670000002,2034.89903,203.489903,44.867789631995805,25.297526616309916,1.5187315577808502,22.481418878717726,6
HPG,GOOD,UNCERTAINTY_AWARE_UCB_009,Uncertainty-Aware UCB-VAE — vae_019 + ucb_009,53,11,train,0.010460353203000003,101.50418999999988,10.150418999999989,1.6284492024596364,15.98677012273341,0.05685206888018432,37.62792152709472,7
HPG,GOOD,UNCERTAINTY_AWARE_UCB_009,Uncertainty-Aware UCB-VAE — vae_019 + ucb_009,53,11,test,0.010460353203000003,2034.89903,203.489903,44.867789631995805,25.297526616309916,1.5187315577808502,22.481418878717726,6
HPG,GOOD,UNCERTAINTY_AWARE_UCB_009,Uncertainty-Aware UCB-VAE — vae_019 + ucb_009,53,12,train,0.01,107.52371000000039,10.75237100000004,1.7210351014843805,15.950767420865175,0.06237173104784455,37.4947746184242,7
HPG,GOOD,UNCERTAINTY_AWARE_UCB_009,Uncertainty-Aware UCB-VAE — vae_019 + ucb_009,53,12,test,0.01,2034.89903,203.489903,44.867789631995805,25.297526616309916,1.5187315577808502,22.481418878717726,6
HPG,GOOD,UNCERTAINTY_AWARE_UCB_009,Uncertainty-Aware UCB-VAE — vae_019 + ucb_009,53,13,train,0.01,548.0910700000006,54.80910700000007,7.575243862710557,17.785383150280655,0.39061167810636716,37.563371451443956,7
HPG,GOOD,UNCERTAINTY_AWARE_UCB_009,Uncertainty-Aware UCB-VAE — vae_019 + ucb_009,53,13,test,0.01,2011.8425700000003,201.18425700000003,44.499410268807814,25.152024701692323,1.5158832379252776,22.460119277943893,6
HPG,GOOD,UNCERTAINTY_AWARE_UCB_009,Uncertainty-Aware UCB-VAE — vae_019 + ucb_009,53,14,train,0.01,694.070930000001,69.4070930000001,9.207197951978262,18.572062176624428,0.4635575335738652,37.597573777061896,7
HPG,GOOD,UNCERTAINTY_AWARE_UCB_009,Uncertainty-Aware UCB-VAE — vae_019 + ucb_009,53,14,test,0.01,2010.3610900000003,201.03610900000004,44.475676119668805,25.068315679000253,1.5194418603402309,22.468964543352445,6
HPG,GOOD,UNCERTAINTY_AWARE_UCB_009,Uncertainty-Aware UCB-VAE — vae_019 + ucb_009,53,15,train,0.01,1804.3137000000002,180.43137000000002,18.802493244598818,23.54215984791626,0.7710102687473054,36.546783035603134,9
HPG,GOOD,UNCERTAINTY_AWARE_UCB_009,Uncertainty-Aware UCB-VAE — vae_019 + ucb_009,53,15,test,0.01,2010.9116400000003,201.09116400000002,44.48449715092493,25.10632177149692,1.5177689216711703,22.465676638144764,6
HPG,GOOD,UNCERTAINTY_AWARE_UCB_009,Uncertainty-Aware UCB-VAE — vae_019 + ucb_009,53,16,train,0.01,1740.0188899999994,174.00188899999992,18.34297742281974,24.42122159360537,0.7358351728629834,36.507716878430394,10
HPG,GOOD,UNCERTAINTY_AWARE_UCB_009,Uncertainty-Aware UCB-VAE — vae_019 + ucb_009,53,16,test,0.01,2012.7935200000002,201.27935200000002,44.514640928943706,25.10843761237866,1.518499404543537,22.45444524269249,6
HPG,GOOD,UNCERTAINTY_AWARE_UCB_009,Uncertainty-Aware UCB-VAE — vae_019 + ucb_009,53,17,train,0.01,1729.8867999999984,172.98867999999985,18.26974593723103,25.09263088248347,0.7202358637467018,36.278307486084366,10
HPG,GOOD,UNCERTAINTY_AWARE_UCB_009,Uncertainty-Aware UCB-VAE — vae_019 + ucb_009,53,17,test,0.01,2033.6577900000002,203.36577900000003,44.84800557195015,25.3083069344338,1.5176487773965548,22.48877821913831,6
HPG,GOOD,UNCERTAINTY_AWARE_UCB_009,Uncertainty-Aware UCB-VAE — vae_019 + ucb_009,53,18,train,0.01,1718.699909999999,171.86999099999989,18.18862726030508,25.212690600753902,0.7152489955767795,36.291853839030516,10
HPG,GOOD,UNCERTAINTY_AWARE_UCB_009,Uncertainty-Aware UCB-VAE — vae_019 + ucb_009,53,18,test,0.01,2060.69269,206.06926899999996,45.27769926916374,25.476624636871115,1.5209892476875555,22.486286417219866,6
HPG,GOOD,UNCERTAINTY_AWARE_UCB_009,Uncertainty-Aware UCB-VAE — vae_019 + ucb_009,53,19,train,0.01,1732.5787799999985,173.25787799999986,18.28922475697059,25.21180463061521,0.7186665888107866,35.905423185370104,10
HPG,GOOD,UNCERTAINTY_AWARE_UCB_009,Uncertainty-Aware UCB-VAE — vae_019 + ucb_009,53,19,test,0.01,2060.69269,206.06926899999996,45.27769926916374,25.476624636871115,1.5209892476875555,22.486286417219866,6
HPG,GOOD,UNCERTAINTY_AWARE_UCB_009,Uncertainty-Aware UCB-VAE — vae_019 + ucb_009,53,20,train,0.01,1728.5989099999988,172.8598909999999,18.26042127290053,25.32076736057494,0.7156784696011529,35.79120163322278,10
HPG,GOOD,UNCERTAINTY_AWARE_UCB_009,Uncertainty-Aware UCB-VAE — vae_019 + ucb_009,53,20,test,0.01,2060.69269,206.06926899999996,45.27769926916374,25.476624636871115,1.5209892476875555,22.486286417219866,6
HPG,GOOD,UNCERTAINTY_AWARE_UCB_009,Uncertainty-Aware UCB-VAE — vae_019 + ucb_009,53,21,train,0.01,1677.5499099999988,167.75499099999988,17.887826648137526,26.06654178700289,0.6903009677193566,35.798606858150464,10
HPG,GOOD,UNCERTAINTY_AWARE_UCB_009,Uncertainty-Aware UCB-VAE — vae_019 + ucb_009,53,21,test,0.01,2060.69269,206.06926899999996,45.27769926916374,25.476624636871115,1.5209892476875555,22.486286417219866,6
HPG,GOOD,UNCERTAINTY_AWARE_UCB_009,Uncertainty-Aware UCB-VAE — vae_019 + ucb_009,53,22,train,0.01,1690.78316,169.078316,17.984977330646366,26.468677524689628,0.6869450645907832,35.64665322379143,10
HPG,GOOD,UNCERTAINTY_AWARE_UCB_009,Uncertainty-Aware UCB-VAE — vae_019 + ucb_009,53,22,test,0.01,2066.58858,206.65885799999998,45.37107264687379,25.613086795387442,1.516777985419494,22.451683192144305,6
HPG,GOOD,UNCERTAINTY_AWARE_UCB_009,Uncertainty-Aware UCB-VAE — vae_019 + ucb_009,53,23,train,0.01,1690.4328,169.04327999999998,17.98241032899377,26.44845965041016,0.6871881463479936,35.61331943243184,10
HPG,GOOD,UNCERTAINTY_AWARE_UCB_009,Uncertainty-Aware UCB-VAE — vae_019 + ucb_009,53,23,test,0.01,2089.68508,208.968508,45.73570507202365,25.78293675430273,1.5182463046305579,22.47243927605967,6
HPG,GOOD,UNCERTAINTY_AWARE_UCB_009,Uncertainty-Aware UCB-VAE — vae_019 + ucb_009,53,24,train,0.01,1691.2833500000006,169.12833500000005,17.988641617511103,26.447357784750736,0.6874071714372296,35.576094292149016,10
HPG,GOOD,UNCERTAINTY_AWARE_UCB_009,Uncertainty-Aware UCB-VAE — vae_019 + ucb_009,53,24,test,0.01,2092.1075000000005,209.21075000000005,45.773843318534404,25.812720462112658,1.517814331741773,22.458349051994848,6
HPG,GOOD,UNCERTAINTY_AWARE_UCB_009,Uncertainty-Aware UCB-VAE — vae_019 + ucb_009,53,25,train,0.01,1692.7249900000002,169.272499,17.99919959676679,26.465267921804163,0.6874633996066436,35.52811698575115,10
HPG,GOOD,UNCERTAINTY_AWARE_UCB_009,Uncertainty-Aware UCB-VAE — vae_019 + ucb_009,53,25,test,0.01,2092.1075000000005,209.21075000000005,45.773843318534404,25.812720462112658,1.517814331741773,22.458349051994848,6
HPG,GOOD,UNCERTAINTY_AWARE_UCB_009,Uncertainty-Aware UCB-VAE — vae_019 + ucb_009,53,26,train,0.01,1691.28067,169.12806700000002,17.988621985905628,26.460293890027952,0.6872025487262063,35.56299670258276,10
HPG,GOOD,UNCERTAINTY_AWARE_UCB_009,Uncertainty-Aware UCB-VAE — vae_019 + ucb_009,53,26,test,0.01,2092.1075000000005,209.21075000000005,45.773843318534404,25.812720462112658,1.517814331741773,22.458349051994848,6
HPG,GOOD,UNCERTAINTY_AWARE_UCB_009,Uncertainty-Aware UCB-VAE — vae_019 + ucb_009,53,27,train,0.01,1681.87275,168.187275,17.91960627562801,26.45983042154352,0.6849791312845634,35.774277136855964,10
HPG,GOOD,UNCERTAINTY_AWARE_UCB_009,Uncertainty-Aware UCB-VAE — vae_019 + ucb_009,53,27,test,0.01,2092.1075000000005,209.21075000000005,45.773843318534404,25.812720462112658,1.517814331741773,22.458349051994848,6
HPG,GOOD,UNCERTAINTY_AWARE_UCB_009,Uncertainty-Aware UCB-VAE — vae_019 + ucb_009,53,28,train,0.01,1684.6929,168.46929,17.940315794935536,26.461225773081726,0.6856254682539805,35.67457730843631,10
HPG,GOOD,UNCERTAINTY_AWARE_UCB_009,Uncertainty-Aware UCB-VAE — vae_019 + ucb_009,53,28,test,0.01,2092.1075000000005,209.21075000000005,45.773843318534404,25.812720462112658,1.517814331741773,22.458349051994848,6
HPG,GOOD,UNCERTAINTY_AWARE_UCB_009,Uncertainty-Aware UCB-VAE — vae_019 + ucb_009,53,29,train,0.01,1678.70507,167.870507,17.896323060445596,26.45281942561293,0.6843378782378196,35.637363678134335,10
HPG,GOOD,UNCERTAINTY_AWARE_UCB_009,Uncertainty-Aware UCB-VAE — vae_019 + ucb_009,53,29,test,0.01,2092.1075000000005,209.21075000000005,45.773843318534404,25.812720462112658,1.517814331741773,22.458349051994848,6
HPG,GOOD,UNCERTAINTY_AWARE_UCB_009,Uncertainty-Aware UCB-VAE — vae_019 + ucb_009,53,30,train,0.01,1686.8326100000004,168.68326100000004,17.95601647816771,26.393092556594073,0.6872319468562332,35.26738211666006,10
HPG,GOOD,UNCERTAINTY_AWARE_UCB_009,Uncertainty-Aware UCB-VAE — vae_019 + ucb_009,53,30,test,0.01,2092.1075000000005,209.21075000000005,45.773843318534404,25.812720462112658,1.517814331741773,22.458349051994848,6
HPG,GOOD,UNCERTAINTY_AWARE_UCB_009,Uncertainty-Aware UCB-VAE — vae_019 + ucb_009,53,31,train,0.01,1685.96988,168.596988,17.949687223997902,26.408348167725826,0.6867825618343751,35.38765474337541,10
HPG,GOOD,UNCERTAINTY_AWARE_UCB_009,Uncertainty-Aware UCB-VAE — vae_019 + ucb_009,53,31,test,0.01,2059.5559200000002,205.95559200000002,45.25968243565535,25.711242389641754,1.5089722094863804,22.492970436842047,6
HPG,GOOD,UNCERTAINTY_AWARE_UCB_009,Uncertainty-Aware UCB-VAE — vae_019 + ucb_009,53,32,train,0.01,1702.0747600000004,170.20747600000004,18.067559419227575,26.130207761226202,0.6951553575026758,35.38765474337541,10
HPG,GOOD,UNCERTAINTY_AWARE_UCB_009,Uncertainty-Aware UCB-VAE — vae_019 + ucb_009,53,32,test,0.01,2059.5559200000002,205.95559200000002,45.25968243565535,25.711242389641754,1.5089722094863804,22.492970436842047,6
HPG,GOOD,UNCERTAINTY_AWARE_UCB_009,Uncertainty-Aware UCB-VAE — vae_019 + ucb_009,53,33,train,0.01,1694.8811300000002,169.48811300000003,18.014981497492254,26.0962879262283,0.6940019309908352,35.46117401838794,10
HPG,GOOD,UNCERTAINTY_AWARE_UCB_009,Uncertainty-Aware UCB-VAE — vae_019 + ucb_009,53,33,test,0.01,2059.5559200000002,205.95559200000002,45.25968243565535,25.711242389641754,1.5089722094863804,22.492970436842047,6
HPG,GOOD,UNCERTAINTY_AWARE_UCB_009,Uncertainty-Aware UCB-VAE — vae_019 + ucb_009,53,34,train,0.01,1729.4812600000005,172.94812600000006,18.26681011564577,25.94598885960111,0.7048022290089856,35.82480459191116,8
HPG,GOOD,UNCERTAINTY_AWARE_UCB_009,Uncertainty-Aware UCB-VAE — vae_019 + ucb_009,53,34,test,0.01,2059.5559200000002,205.95559200000002,45.25968243565535,25.711242389641754,1.5089722094863804,22.492970436842047,6
HPG,GOOD,UNCERTAINTY_AWARE_UCB_009,Uncertainty-Aware UCB-VAE — vae_019 + ucb_009,53,35,train,0.01,1733.5106999999998,173.35107,18.295964285552913,25.79020709477236,0.7084601184236516,35.54059346015148,8
HPG,GOOD,UNCERTAINTY_AWARE_UCB_009,Uncertainty-Aware UCB-VAE — vae_019 + ucb_009,53,35,test,0.01,2060.69706,206.069706,45.27776852132956,25.747682003087586,1.5076891507123977,22.486260730007338,6
HPG,GOOD,UNCERTAINTY_AWARE_UCB_009,Uncertainty-Aware UCB-VAE — vae_019 + ucb_009,53,36,train,0.01,1741.75245,174.175245,18.35548443228239,25.733489448845926,0.7114245462770886,35.54059346015148,8
HPG,GOOD,UNCERTAINTY_AWARE_UCB_009,Uncertainty-Aware UCB-VAE — vae_019 + ucb_009,53,36,test,0.01,2060.69706,206.069706,45.27776852132956,25.747682003087586,1.5076891507123977,22.486260730007338,6
HPG,GOOD,UNCERTAINTY_AWARE_UCB_009,Uncertainty-Aware UCB-VAE — vae_019 + ucb_009,53,37,train,0.01,1749.3418300000003,174.93418300000002,18.410161651843595,25.799448917383632,0.7120714558439564,35.7603835656428,8
HPG,GOOD,UNCERTAINTY_AWARE_UCB_009,Uncertainty-Aware UCB-VAE — vae_019 + ucb_009,53,37,test,0.01,2060.69706,206.069706,45.27776852132956,25.747682003087586,1.5076891507123977,22.486260730007338,6
HPG,GOOD,UNCERTAINTY_AWARE_UCB_009,Uncertainty-Aware UCB-VAE — vae_019 + ucb_009,53,38,train,0.01,1754.8094700000001,175.48094700000001,18.44947507068526,25.754607634336885,0.714161917885024,35.76673566251235,8
HPG,GOOD,UNCERTAINTY_AWARE_UCB_009,Uncertainty-Aware UCB-VAE — vae_019 + ucb_009,53,38,test,0.01,2060.69706,206.069706,45.27776852132956,25.747682003087586,1.5076891507123977,22.486260730007338,6
HPG,GOOD,UNCERTAINTY_AWARE_UCB_009,Uncertainty-Aware UCB-VAE — vae_019 + ucb_009,53,39,train,0.01,1759.3428,175.93428,18.4820213643764,25.735070514709417,0.7155857463982835,35.767085305349504,8
HPG,GOOD,UNCERTAINTY_AWARE_UCB_009,Uncertainty-Aware UCB-VAE — vae_019 + ucb_009,53,39,test,0.01,2062.7190800000003,206.27190800000002,45.30980476786657,25.76973843787245,1.507482014618898,22.474381425963085,6
HPG,GOOD,UNCERTAINTY_AWARE_UCB_009,Uncertainty-Aware UCB-VAE — vae_019 + ucb_009,53,40,train,0.01,1764.7597800000003,176.47597800000003,18.520853324549535,25.650684303204084,0.7183865750918406,35.65011554334083,8
HPG,GOOD,UNCERTAINTY_AWARE_UCB_009,Uncertainty-Aware UCB-VAE — vae_019 + ucb_009,53,40,test,0.01,2064.27063,206.42706299999998,45.334377484345566,25.80017090503087,1.5066693901495072,22.465274625590105,6
HPG,GOOD,UNCERTAINTY_AWARE_UCB_009,Uncertainty-Aware UCB-VAE — vae_019 + ucb_009,53,41,train,0.01,1764.9026300000005,176.49026300000006,18.521876495811696,25.667709012477708,0.718114546747635,35.762369600445915,8
HPG,GOOD,UNCERTAINTY_AWARE_UCB_009,Uncertainty-Aware UCB-VAE — vae_019 + ucb_009,53,41,test,0.01,2064.27063,206.42706299999998,45.334377484345566,25.80017090503087,1.5066693901495072,22.465274625590105,6
HPG,GOOD,UNCERTAINTY_AWARE_UCB_009,Uncertainty-Aware UCB-VAE — vae_019 + ucb_009,53,42,train,0.01,1768.6552300000003,176.86552300000002,18.548738949373323,25.595692484690495,0.7203127681491374,35.68595747871722,8
HPG,GOOD,UNCERTAINTY_AWARE_UCB_009,Uncertainty-Aware UCB-VAE — vae_019 + ucb_009,53,42,test,0.01,2066.14804,206.614804,45.364099938331506,25.83209904228677,1.505925137583086,22.454265057913165,6
HPG,GOOD,UNCERTAINTY_AWARE_UCB_009,Uncertainty-Aware UCB-VAE — vae_019 + ucb_009,53,43,train,0.01,1766.7311499999996,176.67311499999997,18.534969487105492,25.550811734546798,0.7206761553784748,35.666387397071055,8
HPG,GOOD,UNCERTAINTY_AWARE_UCB_009,Uncertainty-Aware UCB-VAE — vae_019 + ucb_009,53,43,test,0.01,1983.7795,198.37795,44.04849537846347,25.680022240754113,1.477742517235506,22.468610364885617,6
HPG,GOOD,UNCERTAINTY_AWARE_UCB_009,Uncertainty-Aware UCB-VAE — vae_019 + ucb_009,53,44,train,0.01,1766.15317,176.615317,18.530831680422686,25.54922625897815,0.7205671565769172,35.666387397071055,8
HPG,GOOD,UNCERTAINTY_AWARE_UCB_009,Uncertainty-Aware UCB-VAE — vae_019 + ucb_009,53,44,test,0.01,1985.4649900000004,198.54649900000004,44.07565723126447,25.580014010010878,1.4832547709377635,22.458458105411975,6
HPG,GOOD,UNCERTAINTY_AWARE_UCB_009,Uncertainty-Aware UCB-VAE — vae_019 + ucb_009,53,45,train,0.01,1760.4450399999996,176.04450399999996,18.489927983084485,25.54327269605419,0.71931093022088,35.666387397071055,8
HPG,GOOD,UNCERTAINTY_AWARE_UCB_009,Uncertainty-Aware UCB-VAE — vae_019 + ucb_009,53,45,test,0.01,1985.37991,198.537991,44.074286402739695,25.52868591717521,1.4856818490464945,22.458970350306785,6
HPG,GOOD,UNCERTAINTY_AWARE_UCB_009,Uncertainty-Aware UCB-VAE — vae_019 + ucb_009,54,1,train,0.03,142.66077999999789,14.266077999999787,2.2532625235632375,3.0089224949830427,0.09747594903311875,3.4316662361070187,0
HPG,GOOD,UNCERTAINTY_AWARE_UCB_009,Uncertainty-Aware UCB-VAE — vae_019 + ucb_009,54,1,test,0.03,24.9854399999997,2.49854399999997,0.8273331082987889,0.5913202111978105,-1.9807388005610447,0.5361476385234969,0
HPG,GOOD,UNCERTAINTY_AWARE_UCB_009,Uncertainty-Aware UCB-VAE — vae_019 + ucb_009,54,2,train,0.027,138.37231999999813,13.837231999999814,2.189040925797836,2.9663734581822667,0.07707802125328296,3.431131963890841,0
HPG,GOOD,UNCERTAINTY_AWARE_UCB_009,Uncertainty-Aware UCB-VAE — vae_019 + ucb_009,54,2,test,0.027,26.10788999999977,2.610788999999977,0.8641835039180812,0.7204002912861297,-1.5737445705541588,0.4919497433525399,0
HPG,GOOD,UNCERTAINTY_AWARE_UCB_009,Uncertainty-Aware UCB-VAE — vae_019 + ucb_009,54,3,train,0.024300000000000002,143.57037999999784,14.357037999999783,2.2668583759935412,2.9580249338558944,0.10317273960075787,3.3289099956005845,0
HPG,GOOD,UNCERTAINTY_AWARE_UCB_009,Uncertainty-Aware UCB-VAE — vae_019 + ucb_009,54,3,test,0.024300000000000002,29.414039999999886,2.941403999999989,0.9725696878313039,0.7287106201534623,-1.4077786099462783,0.4919497433525399,0
HPG,GOOD,UNCERTAINTY_AWARE_UCB_009,Uncertainty-Aware UCB-VAE — vae_019 + ucb_009,54,4,train,0.02187,144.27075999999852,14.427075999999852,2.277320866479293,2.9576446278959763,0.10667190123709872,3.328262539368226,0
HPG,GOOD,UNCERTAINTY_AWARE_UCB_009,Uncertainty-Aware UCB-VAE — vae_019 + ucb_009,54,4,test,0.02187,31.039199999999937,3.103919999999994,1.025762644170558,0.7290852582635687,-1.3345436321055764,0.4439777261268173,0
HPG,GOOD,UNCERTAINTY_AWARE_UCB_009,Uncertainty-Aware UCB-VAE — vae_019 + ucb_009,54,5,train,0.019683,149.137139999998,14.9137139999998,2.349869419697348,2.958415514063901,0.13083412711962938,3.3227406631817566,0
HPG,GOOD,UNCERTAINTY_AWARE_UCB_009,Uncertainty-Aware UCB-VAE — vae_019 + ucb_009,54,5,test,0.019683,31.076549999999997,3.107655,1.0269844866752642,0.8556416615745284,-1.1345614908410795,0.8521448869674806,0
HPG,GOOD,UNCERTAINTY_AWARE_UCB_009,Uncertainty-Aware UCB-VAE — vae_019 + ucb_009,54,6,train,0.0177147,152.40989999999852,15.24098999999985,2.398516316402355,2.9452931565166334,0.14756291520407305,3.224003858219229,0
HPG,GOOD,UNCERTAINTY_AWARE_UCB_009,Uncertainty-Aware UCB-VAE — vae_019 + ucb_009,54,6,test,0.0177147,30.155279999999948,3.015527999999995,0.9968380766729457,0.8580616247608243,-1.1662493165419412,0.852917397617525,0
HPG,GOOD,UNCERTAINTY_AWARE_UCB_009,Uncertainty-Aware UCB-VAE — vae_019 + ucb_009,54,7,train,0.015943230000000003,146.76491999999894,14.676491999999893,2.3145361245670015,2.98640630764866,0.11822105860933033,4.002029391425727,0
HPG,GOOD,UNCERTAINTY_AWARE_UCB_009,Uncertainty-Aware UCB-VAE — vae_019 + ucb_009,54,7,test,0.015943230000000003,30.509039999999914,3.0509039999999916,1.0084161700010474,0.9214705860457211,-1.0728966292075994,1.0236661089831245,0
HPG,GOOD,UNCERTAINTY_AWARE_UCB_009,Uncertainty-Aware UCB-VAE — vae_019 + ucb_009,54,8,train,0.014348907000000001,146.889449999999,14.688944999999897,2.3163924638526456,2.9935483546839308,0.11862182928765942,4.0019487927456145,0
HPG,GOOD,UNCERTAINTY_AWARE_UCB_009,Uncertainty-Aware UCB-VAE — vae_019 + ucb_009,54,8,test,0.014348907000000001,29.17877999999996,2.917877999999996,0.9648647812456224,0.9253301770092828,-1.1151638586434485,1.0250065049076371,0
HPG,GOOD,UNCERTAINTY_AWARE_UCB_009,Uncertainty-Aware UCB-VAE — vae_019 + ucb_009,54,9,train,0.012914016300000003,140.94329999999945,14.094329999999946,2.2275666360596746,2.859515996791331,0.09216726164190094,3.9186844998826986,0
HPG,GOOD,UNCERTAINTY_AWARE_UCB_009,Uncertainty-Aware UCB-VAE — vae_019 + ucb_009,54,9,test,0.012914016300000003,27.815970000000107,2.7815970000000108,0.9202088348300608,0.9266147546082842,-1.1615266934224222,1.0243736857913934,0
HPG,GOOD,UNCERTAINTY_AWARE_UCB_009,Uncertainty-Aware UCB-VAE — vae_019 + ucb_009,54,10,train,0.011622614670000002,138.65298999999936,13.865298999999936,2.1932502412067123,2.8603843052243096,0.08030556524162738,3.9189584699652342,0
HPG,GOOD,UNCERTAINTY_AWARE_UCB_009,Uncertainty-Aware UCB-VAE — vae_019 + ucb_009,54,10,test,0.011622614670000002,27.68867999999975,2.768867999999975,0.916035839649032,0.9269232735215275,-1.1656147608843928,1.024501971157618,0
HPG,GOOD,UNCERTAINTY_AWARE_UCB_009,Uncertainty-Aware UCB-VAE — vae_019 + ucb_009,54,11,train,0.010460353203000003,112.85142999999903,11.285142999999904,1.8026314701190538,2.8148671747365936,-0.05611495172821811,3.967956936385049,0
HPG,GOOD,UNCERTAINTY_AWARE_UCB_009,Uncertainty-Aware UCB-VAE — vae_019 + ucb_009,54,11,test,0.010460353203000003,39.13658999999939,3.9136589999999387,1.2899684488296925,1.0516310190757816,-0.673208252959752,0.8523041346211987,0
HPG,GOOD,UNCERTAINTY_AWARE_UCB_009,Uncertainty-Aware UCB-VAE — vae_019 + ucb_009,54,12,train,0.01,130.6364399999993,13.063643999999929,2.0726813193185922,2.641390134393455,0.039590079119559085,2.32482685287396,0
HPG,GOOD,UNCERTAINTY_AWARE_UCB_009,Uncertainty-Aware UCB-VAE — vae_019 + ucb_009,54,12,test,0.01,38.967899999999645,3.8967899999999647,1.2844783580887587,1.062088945799308,-0.6715982629747758,0.8516407147710667,0
HPG,GOOD,UNCERTAINTY_AWARE_UCB_009,Uncertainty-Aware UCB-VAE — vae_019 + ucb_009,54,13,train,0.01,149.07833999999843,14.907833999999841,2.348994351139244,2.698262368831381,0.14039856627437697,2.2506578508384867,0
HPG,GOOD,UNCERTAINTY_AWARE_UCB_009,Uncertainty-Aware UCB-VAE — vae_019 + ucb_009,54,13,test,0.01,36.63878999999952,3.6638789999999517,1.2086156714270047,1.0232110120600333,-0.7710120457155766,0.8482476409296653,0
HPG,GOOD,UNCERTAINTY_AWARE_UCB_009,Uncertainty-Aware UCB-VAE — vae_019 + ucb_009,54,14,train,0.01,143.0065199999981,14.300651999999808,2.258431384269133,2.6574484578587114,0.10853633158500424,2.2525878575404144,0
HPG,GOOD,UNCERTAINTY_AWARE_UCB_009,Uncertainty-Aware UCB-VAE — vae_019 + ucb_009,54,14,test,0.01,36.90281999999934,3.6902819999999337,1.2172212360265444,1.05147147739124,-0.7418944499166551,0.8482476409296653,0
HPG,GOOD,UNCERTAINTY_AWARE_UCB_009,Uncertainty-Aware UCB-VAE — vae_019 + ucb_009,54,15,train,0.01,156.52524999999832,15.652524999999832,2.4595245668333376,2.7456591327914937,0.178106528000194,2.241511146489226,0
HPG,GOOD,UNCERTAINTY_AWARE_UCB_009,Uncertainty-Aware UCB-VAE — vae_019 + ucb_009,54,15,test,0.01,34.504949999999326,3.4504949999999326,1.1390135028735315,1.1354817649682958,-0.7545242315622538,0.8485885599910301,0
HPG,GOOD,UNCERTAINTY_AWARE_UCB_009,Uncertainty-Aware UCB-VAE — vae_019 + ucb_009,54,16,train,0.01,155.76295999999797,15.576295999999799,2.4482376129539407,2.679819323189087,0.17766907292154824,2.2605940702760416,0
HPG,GOOD,UNCERTAINTY_AWARE_UCB_009,Uncertainty-Aware UCB-VAE — vae_019 + ucb_009,54,16,test,0.01,35.063099999999395,3.5063099999999396,1.157228619038908,1.2420769970928363,-0.6741971279188208,1.1069480357633095,0
HPG,GOOD,UNCERTAINTY_AWARE_UCB_009,Uncertainty-Aware UCB-VAE — vae_019 + ucb_009,54,17,train,0.01,158.76248999999848,15.876248999999849,2.4926148328050513,2.684964096435302,0.19365272031784062,2.5561871409845405,0
HPG,GOOD,UNCERTAINTY_AWARE_UCB_009,Uncertainty-Aware UCB-VAE — vae_019 + ucb_009,54,17,test,0.01,34.98854999999958,3.4988549999999576,1.1547960730184048,1.248190326760986,-0.672767873663739,1.1070912532184314,0
HPG,GOOD,UNCERTAINTY_AWARE_UCB_009,Uncertainty-Aware UCB-VAE — vae_019 + ucb_009,54,18,train,0.01,147.6449099999984,14.764490999999838,2.327650330444242,2.6758449897099963,0.13348659423360293,2.5996898220467988,0
HPG,GOOD,UNCERTAINTY_AWARE_UCB_009,Uncertainty-Aware UCB-VAE — vae_019 + ucb_009,54,18,test,0.01,38.927789999999504,3.8927789999999503,1.2831728730024583,1.3189847747921903,-0.5394506977761513,0.9290336683177705,0
HPG,GOOD,UNCERTAINTY_AWARE_UCB_009,Uncertainty-Aware UCB-VAE — vae_019 + ucb_009,54,19,train,0.01,147.53909999999746,14.753909999999745,2.3260739213764925,2.6988941955230334,0.1320013270440291,2.6002597351227354,0
HPG,GOOD,UNCERTAINTY_AWARE_UCB_009,Uncertainty-Aware UCB-VAE — vae_019 + ucb_009,54,19,test,0.01,40.26597000000015,4.026597000000015,1.3267093368586558,1.3206076806252325,-0.5061066777572817,0.9278199015782238,0
HPG,GOOD,UNCERTAINTY_AWARE_UCB_009,Uncertainty-Aware UCB-VAE — vae_019 + ucb_009,54,20,train,0.01,147.46689999999762,14.746689999999763,2.3249981810150144,2.72462843833966,0.13062136101397334,2.602031898816757,0
HPG,GOOD,UNCERTAINTY_AWARE_UCB_009,Uncertainty-Aware UCB-VAE — vae_019 + ucb_009,54,20,test,0.01,40.034429999999475,4.0034429999999475,1.3191790646242874,1.4101095080263988,-0.478409527413659,1.1527479548277892,0
HPG,GOOD,UNCERTAINTY_AWARE_UCB_009,Uncertainty-Aware UCB-VAE — vae_019 + ucb_009,54,21,train,0.01,148.41181999999867,14.841181999999867,2.3390725132049317,2.7692714846862128,0.13396845459397488,2.8549721524488327,0
HPG,GOOD,UNCERTAINTY_AWARE_UCB_009,Uncertainty-Aware UCB-VAE — vae_019 + ucb_009,54,21,test,0.01,74.35361999999964,7.435361999999963,2.423361526290102,1.5863796339406722,0.26225684295930285,1.137037149004332,0
HPG,GOOD,UNCERTAINTY_AWARE_UCB_009,Uncertainty-Aware UCB-VAE — vae_019 + ucb_009,54,22,train,0.01,151.45980999999847,15.145980999999848,2.3844058730692064,3.039213227236758,0.13935413755331266,2.9970010588123808,0
HPG,GOOD,UNCERTAINTY_AWARE_UCB_009,Uncertainty-Aware UCB-VAE — vae_019 + ucb_009,54,22,test,0.01,72.93797999999947,7.293797999999947,2.378283156822958,1.59518718199145,0.23319514911814276,1.3152356024914835,0
HPG,GOOD,UNCERTAINTY_AWARE_UCB_009,Uncertainty-Aware UCB-VAE — vae_019 + ucb_009,54,23,train,0.01,198.1601799999994,19.81601799999994,3.0667870342135473,3.321238509914917,0.33201144230039237,3.0055616780051064,0
HPG,GOOD,UNCERTAINTY_AWARE_UCB_009,Uncertainty-Aware UCB-VAE — vae_019 + ucb_009,54,23,test,0.01,88.02989999999932,8.802989999999932,2.856832837041323,1.7636355557288252,0.47795351502317834,1.3155708641696253,0
HPG,GOOD,UNCERTAINTY_AWARE_UCB_009,Uncertainty-Aware UCB-VAE — vae_019 + ucb_009,54,24,train,0.01,215.41163999999867,21.541163999999867,3.3132664217962127,3.4472425592122478,0.39102002867363705,2.8978195837415077,0
HPG,GOOD,UNCERTAINTY_AWARE_UCB_009,Uncertainty-Aware UCB-VAE — vae_019 + ucb_009,54,24,test,0.01,79.86359999999922,7.986359999999923,2.598440632203247,1.846315606310334,0.32060630468804563,1.7431881089755317,0
HPG,GOOD,UNCERTAINTY_AWARE_UCB_009,Uncertainty-Aware UCB-VAE — vae_019 + ucb_009,54,25,train,0.01,211.62639999999783,21.162639999999783,3.2594357032092347,3.421072291878883,0.3783800648637243,3.291112164113931,0
HPG,GOOD,UNCERTAINTY_AWARE_UCB_009,Uncertainty-Aware UCB-VAE — vae_019 + ucb_009,54,25,test,0.01,82.39970999999923,8.239970999999924,2.678825340804325,1.9787600441549307,0.3401560315067256,2.197336301348577,0
HPG,GOOD,UNCERTAINTY_AWARE_UCB_009,Uncertainty-Aware UCB-VAE — vae_019 + ucb_009,54,26,train,0.01,220.71534999999903,22.071534999999905,3.3884572170451266,3.4221081915956244,0.41508800093351783,3.579047035133228,0
HPG,GOOD,UNCERTAINTY_AWARE_UCB_009,Uncertainty-Aware UCB-VAE — vae_019 + ucb_009,54,26,test,0.01,89.85604999999964,8.985604999999964,2.9144376865785304,2.332979509666066,0.39040242309297013,2.848855965413709,0
HPG,GOOD,UNCERTAINTY_AWARE_UCB_009,Uncertainty-Aware UCB-VAE — vae_019 + ucb_009,54,27,train,0.01,209.41644999999767,20.941644999999767,3.2279427297939867,3.530180737986294,0.3590390300029179,3.5761863431008893,0
HPG,GOOD,UNCERTAINTY_AWARE_UCB_009,Uncertainty-Aware UCB-VAE — vae_019 + ucb_009,54,27,test,0.01,70.58096999999952,7.058096999999952,2.303140666281789,2.780910506237272,0.11659831164216557,4.631925178428177,0
HPG,GOOD,UNCERTAINTY_AWARE_UCB_009,Uncertainty-Aware UCB-VAE — vae_019 + ucb_009,54,28,train,0.01,213.03677999999877,21.303677999999877,3.2795093737675307,3.9221487444147414,0.33972058594957555,3.9272121037037575,0
HPG,GOOD,UNCERTAINTY_AWARE_UCB_009,Uncertainty-Aware UCB-VAE — vae_019 + ucb_009,54,28,test,0.01,75.99778999999967,7.599778999999966,2.4756673637063242,2.8075229880711823,0.17600420828280475,4.3389769658479285,0
HPG,GOOD,UNCERTAINTY_AWARE_UCB_009,Uncertainty-Aware UCB-VAE — vae_019 + ucb_009,54,29,train,0.01,239.74866999999858,23.974866999999858,3.6560718015221205,4.060777955572817,0.41991115608879775,3.961773191924235,0
HPG,GOOD,UNCERTAINTY_AWARE_UCB_009,Uncertainty-Aware UCB-VAE — vae_019 + ucb_009,54,29,test,0.01,66.32282999999961,6.632282999999961,2.167109473412099,2.8901000658167395,0.06705131985990995,5.201443120943697,0
HPG,GOOD,UNCERTAINTY_AWARE_UCB_009,Uncertainty-Aware UCB-VAE — vae_019 + ucb_009,54,30,train,0.01,230.9005499999987,23.09005499999987,3.532093200701003,4.562560775537514,0.35199867118146383,4.259436768867166,0
HPG,GOOD,UNCERTAINTY_AWARE_UCB_009,Uncertainty-Aware UCB-VAE — vae_019 + ucb_009,54,30,test,0.01,71.27805999999941,7.127805999999941,2.3253756615142285,3.193378523836785,0.11223075936822731,5.486872572769601,0
HPG,GOOD,UNCERTAINTY_AWARE_UCB_009,Uncertainty-Aware UCB-VAE — vae_019 + ucb_009,54,31,train,0.01,222.50179999999955,22.250179999999954,3.413722493309712,4.591825194714574,0.3249098045149256,4.31237739216959,0
HPG,GOOD,UNCERTAINTY_AWARE_UCB_009,Uncertainty-Aware UCB-VAE — vae_019 + ucb_009,54,31,test,0.01,68.16430999999989,6.816430999999988,2.2259820000209096,3.2100050124655417,0.08142586707226358,5.37075181024294,0
HPG,GOOD,UNCERTAINTY_AWARE_UCB_009,Uncertainty-Aware UCB-VAE — vae_019 + ucb_009,54,32,train,0.01,257.32228999999893,25.732228999999897,3.9001410827554928,4.692403925745898,0.41983906018458617,4.267953545711115,0
HPG,GOOD,UNCERTAINTY_AWARE_UCB_009,Uncertainty-Aware UCB-VAE — vae_019 + ucb_009,54,32,test,0.01,74.51383999999962,7.451383999999963,2.428460935139154,3.1848685524914697,0.14418155284880926,4.679279202944022,0
HPG,GOOD,UNCERTAINTY_AWARE_UCB_009,Uncertainty-Aware UCB-VAE — vae_019 + ucb_009,54,33,train,0.01,252.3654400000014,25.236544000000137,3.8315875972777524,4.765026742082355,0.400183523111971,4.426458400422065,0
HPG,GOOD,UNCERTAINTY_AWARE_UCB_009,Uncertainty-Aware UCB-VAE — vae_019 + ucb_009,54,33,test,0.01,79.1851099999999,7.918510999999989,2.576913849925222,3.0756686219830716,0.1954588293061055,4.659762111633275,0
HPG,GOOD,UNCERTAINTY_AWARE_UCB_009,Uncertainty-Aware UCB-VAE — vae_019 + ucb_009,54,34,train,0.01,247.37925000000064,24.737925000000065,3.762399949339712,4.87765455275635,0.37826558139745103,4.7270636417370815,0
HPG,GOOD,UNCERTAINTY_AWARE_UCB_009,Uncertainty-Aware UCB-VAE — vae_019 + ucb_009,54,34,test,0.01,78.11085999999978,7.811085999999976,2.5428121528385583,3.256629405993414,0.17610844998480604,4.727125814186009,0
HPG,GOOD,UNCERTAINTY_AWARE_UCB_009,Uncertainty-Aware UCB-VAE — vae_019 + ucb_009,54,35,train,0.01,268.95364999999947,26.89536499999995,4.060123820268768,5.021247990598835,0.4264374686725889,4.82987883957002,0
HPG,GOOD,UNCERTAINTY_AWARE_UCB_009,Uncertainty-Aware UCB-VAE — vae_019 + ucb_009,54,35,test,0.01,73.14324999999985,7.314324999999985,2.384822045397872,3.2933549867171634,0.1275139799994629,4.74817791955885,0
HPG,GOOD,UNCERTAINTY_AWARE_UCB_009,Uncertainty-Aware UCB-VAE — vae_019 + ucb_009,54,36,train,0.01,267.6725999999983,26.767259999999826,4.042563703875612,5.053877458905869,0.4206400575255253,5.406406920059094,0
HPG,GOOD,UNCERTAINTY_AWARE_UCB_009,Uncertainty-Aware UCB-VAE — vae_019 + ucb_009,54,36,test,0.01,69.91582999999991,6.991582999999991,2.2819157832051795,3.3109326925659612,0.09652518515552798,4.748732260332952,0
HPG,GOOD,UNCERTAINTY_AWARE_UCB_009,Uncertainty-Aware UCB-VAE — vae_019 + ucb_009,54,37,train,0.01,272.33796999999845,27.233796999999843,4.10644378435423,5.126647527962409,0.4274709032256369,5.246920809838243,0
HPG,GOOD,UNCERTAINTY_AWARE_UCB_009,Uncertainty-Aware UCB-VAE — vae_019 + ucb_009,54,37,test,0.01,75.01972999999953,7.5019729999999525,2.444558846855638,3.3656017370762377,0.14288252405176122,5.491687367034347,0
HPG,GOOD,UNCERTAINTY_AWARE_UCB_009,Uncertainty-Aware UCB-VAE — vae_019 + ucb_009,54,38,train,0.01,271.31283999999937,27.13128399999994,4.092424046116849,5.139807157833399,0.42386551856712135,5.388485187255557,0
HPG,GOOD,UNCERTAINTY_AWARE_UCB_009,Uncertainty-Aware UCB-VAE — vae_019 + ucb_009,54,38,test,0.01,70.72857999999951,7.072857999999951,2.307849769254622,3.799508114593536,0.09535701935961248,5.208323594250505,0
HPG,GOOD,UNCERTAINTY_AWARE_UCB_009,Uncertainty-Aware UCB-VAE — vae_019 + ucb_009,54,39,train,0.01,277.0189799999996,27.701897999999957,4.170342235295821,5.288221788534352,0.4277061332185804,5.698790905864158,0
HPG,GOOD,UNCERTAINTY_AWARE_UCB_009,Uncertainty-Aware UCB-VAE — vae_019 + ucb_009,54,39,test,0.01,55.77109999999925,5.577109999999925,1.8284557338008822,3.8307301136384115,-0.028129934348343617,6.676297430248993,0
HPG,GOOD,UNCERTAINTY_AWARE_UCB_009,Uncertainty-Aware UCB-VAE — vae_019 + ucb_009,54,40,train,0.01,269.5005499999986,26.95005499999986,4.067616007688102,5.329392510605186,0.4061330862654387,6.038636963212778,0
HPG,GOOD,UNCERTAINTY_AWARE_UCB_009,Uncertainty-Aware UCB-VAE — vae_019 + ucb_009,54,40,test,0.01,68.08204999999975,6.808204999999975,2.22335357268193,4.0586952421881195,0.07134505497330579,5.917611292558222,0
HPG,GOOD,UNCERTAINTY_AWARE_UCB_009,Uncertainty-Aware UCB-VAE — vae_019 + ucb_009,54,41,train,0.01,282.36337999999796,28.236337999999794,4.243058255765519,5.459906767166244,0.42884042913502385,6.245971794380398,0
HPG,GOOD,UNCERTAINTY_AWARE_UCB_009,Uncertainty-Aware UCB-VAE — vae_019 + ucb_009,54,41,test,0.01,65.30486000000042,6.530486000000042,2.134535673676896,4.048419073820706,0.049870638225029906,5.932299475527822,0
HPG,GOOD,UNCERTAINTY_AWARE_UCB_009,Uncertainty-Aware UCB-VAE — vae_019 + ucb_009,54,42,train,0.01,277.79345999999896,27.779345999999894,4.180895512590288,5.5195824946468806,0.41389161051269974,6.377512738025803,0
HPG,GOOD,UNCERTAINTY_AWARE_UCB_009,Uncertainty-Aware UCB-VAE — vae_019 + ucb_009,54,42,test,0.01,67.77791000000002,6.777791000000002,2.2136343138905,4.093437146994123,0.06875422845489845,5.919216300426874,0
HPG,GOOD,UNCERTAINTY_AWARE_UCB_009,Uncertainty-Aware UCB-VAE — vae_019 + ucb_009,54,43,train,0.01,316.9067499999978,31.690674999999786,4.7070613054876365,5.835049378420553,0.4817002705959017,6.806333167537818,0
HPG,GOOD,UNCERTAINTY_AWARE_UCB_009,Uncertainty-Aware UCB-VAE — vae_019 + ucb_009,54,43,test,0.01,72.86786000000006,7.286786000000006,2.376049288924942,4.213713770217639,0.10579831197386189,5.892469732231882,0
HPG,GOOD,UNCERTAINTY_AWARE_UCB_009,Uncertainty-Aware UCB-VAE — vae_019 + ucb_009,54,44,train,0.01,325.96619999999893,32.596619999999895,4.827072580091651,5.894712919762016,0.49702660787122493,6.803862383777154,0
HPG,GOOD,UNCERTAINTY_AWARE_UCB_009,Uncertainty-Aware UCB-VAE — vae_019 + ucb_009,54,44,test,0.01,73.31300999999985,7.331300999999985,2.3902291313113944,4.209706339310337,0.10916194052122308,5.891214864773783,0
HPG,GOOD,UNCERTAINTY_AWARE_UCB_009,Uncertainty-Aware UCB-VAE — vae_019 + ucb_009,54,45,train,0.01,345.93107999999916,34.593107999999916,5.089156808740247,5.787897227607599,0.548647797888398,6.77238225251144,0
HPG,GOOD,UNCERTAINTY_AWARE_UCB_009,Uncertainty-Aware UCB-VAE — vae_019 + ucb_009,54,45,test,0.01,80.5933500000001,8.05933500000001,2.621583711259956,4.252310985272657,0.16176690388867004,5.8795172415601105,0
HPG,GOOD,UNCERTAINTY_AWARE_UCB_009,Uncertainty-Aware UCB-VAE — vae_019 + ucb_009,55,1,train,0.03,2361.281969999999,236.1281969999999,22.453613797857976,28.074729175317437,0.7969363039555072,37.633535826708,11
HPG,GOOD,UNCERTAINTY_AWARE_UCB_009,Uncertainty-Aware UCB-VAE — vae_019 + ucb_009,55,1,test,0.03,1788.9168400000003,178.89168400000003,40.83676242706309,22.698090126267246,1.54034126611809,21.09577859060698,5
HPG,GOOD,UNCERTAINTY_AWARE_UCB_009,Uncertainty-Aware UCB-VAE — vae_019 + ucb_009,55,2,train,0.027,2374.7530599999996,237.475306,22.535476443374392,28.1660455295052,0.7976611982855168,37.65501643267798,11
HPG,GOOD,UNCERTAINTY_AWARE_UCB_009,Uncertainty-Aware UCB-VAE — vae_019 + ucb_009,55,2,test,0.027,1791.181250000001,179.1181250000001,40.87492969088791,22.681034304972897,1.54253105231143,21.081841164585526,5
HPG,GOOD,UNCERTAINTY_AWARE_UCB_009,Uncertainty-Aware UCB-VAE — vae_019 + ucb_009,55,3,train,0.024300000000000002,2387.15138,238.71513799999997,22.610579785440944,28.177487983889755,0.7996472570137445,37.62476676901833,11
HPG,GOOD,UNCERTAINTY_AWARE_UCB_009,Uncertainty-Aware UCB-VAE — vae_019 + ucb_009,55,3,test,0.024300000000000002,1786.0480600000005,178.60480600000005,40.78837868367877,22.686352259099607,1.5394976533283786,20.96975603101752,5
HPG,GOOD,UNCERTAINTY_AWARE_UCB_009,Uncertainty-Aware UCB-VAE — vae_019 + ucb_009,55,4,train,0.02187,2384.37105,238.43710500000003,22.59375776084902,28.182171600565415,0.799070208280008,37.64484713072206,11
HPG,GOOD,UNCERTAINTY_AWARE_UCB_009,Uncertainty-Aware UCB-VAE — vae_019 + ucb_009,55,4,test,0.02187,1785.8416900000002,178.58416900000003,40.784896847084525,22.688675002511907,1.539253592467423,20.97102292268953,5
HPG,GOOD,UNCERTAINTY_AWARE_UCB_009,Uncertainty-Aware UCB-VAE — vae_019 + ucb_009,55,5,train,0.019683,2392.55165,239.25516499999998,22.643220578726584,28.206134669709513,0.8000747912841878,37.64509145400145,11
HPG,GOOD,UNCERTAINTY_AWARE_UCB_009,Uncertainty-Aware UCB-VAE — vae_019 + ucb_009,55,5,test,0.019683,1785.8416900000002,178.58416900000003,40.784896847084525,22.688675002511907,1.539253592467423,20.97102292268953,5
HPG,GOOD,UNCERTAINTY_AWARE_UCB_009,Uncertainty-Aware UCB-VAE — vae_019 + ucb_009,55,6,train,0.0177147,2399.49197,239.94919700000003,22.685106390792974,28.233869685807427,0.8007860671255101,37.65425609602647,11
HPG,GOOD,UNCERTAINTY_AWARE_UCB_009,Uncertainty-Aware UCB-VAE — vae_019 + ucb_009,55,6,test,0.0177147,1785.8416900000002,178.58416900000003,40.784896847084525,22.688675002511907,1.539253592467423,20.97102292268953,5
HPG,GOOD,UNCERTAINTY_AWARE_UCB_009,Uncertainty-Aware UCB-VAE — vae_019 + ucb_009,55,7,train,0.015943230000000003,2375.05391,237.505391,22.537301573374346,28.175842977252486,0.7975372504715926,37.65283610495649,11
HPG,GOOD,UNCERTAINTY_AWARE_UCB_009,Uncertainty-Aware UCB-VAE — vae_019 + ucb_009,55,7,test,0.015943230000000003,1786.4312400000003,178.64312400000003,40.79484317037772,22.685397672664482,1.5397566334812678,20.967404120463335,5
HPG,GOOD,UNCERTAINTY_AWARE_UCB_009,Uncertainty-Aware UCB-VAE — vae_019 + ucb_009,55,8,train,0.014348907000000001,2375.66651,237.56665099999998,22.541017540228747,28.162489288855948,0.7978905894003636,37.64839723518328,11
HPG,GOOD,UNCERTAINTY_AWARE_UCB_009,Uncertainty-Aware UCB-VAE — vae_019 + ucb_009,55,8,test,0.014348907000000001,1785.5816700000005,178.55816700000005,40.78050959295203,22.695222311233355,1.5387369227967975,20.972619386097236,5
HPG,GOOD,UNCERTAINTY_AWARE_UCB_009,Uncertainty-Aware UCB-VAE — vae_019 + ucb_009,55,9,train,0.012914016300000003,2367.63954,236.76395400000004,22.492282184120093,28.154213091141294,0.7966172689598189,37.64704400854182,11
HPG,GOOD,UNCERTAINTY_AWARE_UCB_009,Uncertainty-Aware UCB-VAE — vae_019 + ucb_009,55,9,test,0.012914016300000003,1785.2862900000005,178.52862900000005,40.775525387169,22.69857366003166,1.5383862971408446,20.97443324675168,5
HPG,GOOD,UNCERTAINTY_AWARE_UCB_009,Uncertainty-Aware UCB-VAE — vae_019 + ucb_009,55,10,train,0.011622614670000002,2384.491,238.44910000000002,22.59448374024471,28.16778164152105,0.7993577089016782,37.6439803741172,11
HPG,GOOD,UNCERTAINTY_AWARE_UCB_009,Uncertainty-Aware UCB-VAE — vae_019 + ucb_009,55,10,test,0.011622614670000002,1785.5362200000004,178.55362200000005,40.779742698162245,22.69579640888931,1.5386795904927508,20.97289846367284,5
HPG,GOOD,UNCERTAINTY_AWARE_UCB_009,Uncertainty-Aware UCB-VAE — vae_019 + ucb_009,55,11,train,0.010460353203000003,2384.491,238.44910000000002,22.59448374024471,28.16778164152105,0.7993577089016782,37.6439803741172,11
HPG,GOOD,UNCERTAINTY_AWARE_UCB_009,Uncertainty-Aware UCB-VAE — vae_019 + ucb_009,55,11,test,0.010460353203000003,1813.7936800000002,181.37936800000003,41.25494196874471,22.76937551702057,1.549313290059452,20.97750346191009,5
HPG,GOOD,UNCERTAINTY_AWARE_UCB_009,Uncertainty-Aware UCB-VAE — vae_019 + ucb_009,55,12,train,0.01,2384.491,238.44910000000002,22.59448374024471,28.16778164152105,0.7993577089016782,37.6439803741172,11
HPG,GOOD,UNCERTAINTY_AWARE_UCB_009,Uncertainty-Aware UCB-VAE — vae_019 + ucb_009,55,12,test,0.01,1790.2707500000006,179.02707500000005,40.859585439063515,22.697973985384372,1.5410648805254659,20.943866787006872,5
HPG,GOOD,UNCERTAINTY_AWARE_UCB_009,Uncertainty-Aware UCB-VAE — vae_019 + ucb_009,55,13,train,0.01,2384.491,238.44910000000002,22.59448374024471,28.16778164152105,0.7993577089016782,37.6439803741172,11
HPG,GOOD,UNCERTAINTY_AWARE_UCB_009,Uncertainty-Aware UCB-VAE — vae_019 + ucb_009,55,13,test,0.01,1790.1855400000004,179.01855400000005,40.85814926213829,22.698933351131437,1.540964143413489,20.944388576155706,5
HPG,GOOD,UNCERTAINTY_AWARE_UCB_009,Uncertainty-Aware UCB-VAE — vae_019 + ucb_009,55,14,train,0.01,2391.0093100000004,239.10093100000003,22.633902647343508,28.18318411606333,0.8002254266832648,37.65621307565932,11
HPG,GOOD,UNCERTAINTY_AWARE_UCB_009,Uncertainty-Aware UCB-VAE — vae_019 + ucb_009,55,14,test,0.01,1778.2476600000005,177.82476600000004,40.65665210526343,22.63620423906808,1.5382584533319812,21.017748862611818,5
HPG,GOOD,UNCERTAINTY_AWARE_UCB_009,Uncertainty-Aware UCB-VAE — vae_019 + ucb_009,55,15,train,0.01,2407.3335300000003,240.73335300000002,22.73234570121967,28.21510104365344,0.8025077289679172,37.65691033003796,11
HPG,GOOD,UNCERTAINTY_AWARE_UCB_009,Uncertainty-Aware UCB-VAE — vae_019 + ucb_009,55,15,test,0.01,1778.2476600000005,177.82476600000004,40.65665210526343,22.63620423906808,1.5382584533319812,21.017748862611818,5
HPG,GOOD,UNCERTAINTY_AWARE_UCB_009,Uncertainty-Aware UCB-VAE — vae_019 + ucb_009,55,16,train,0.01,2407.3335300000003,240.73335300000002,22.73234570121967,28.21510104365344,0.8025077289679172,37.65691033003796,11
HPG,GOOD,UNCERTAINTY_AWARE_UCB_009,Uncertainty-Aware UCB-VAE — vae_019 + ucb_009,55,16,test,0.01,1784.366810000001,178.4366810000001,40.76000794044836,22.60943468604079,1.5430777642448135,20.98008157098127,5
HPG,GOOD,UNCERTAINTY_AWARE_UCB_009,Uncertainty-Aware UCB-VAE — vae_019 + ucb_009,55,17,train,0.01,2415.9972100000005,241.59972100000005,22.78443247402833,28.230221948972922,0.8037445959291514,37.65366485900514,11
HPG,GOOD,UNCERTAINTY_AWARE_UCB_009,Uncertainty-Aware UCB-VAE — vae_019 + ucb_009,55,17,test,0.01,1784.366810000001,178.4366810000001,40.76000794044836,22.60943468604079,1.5430777642448135,20.98008157098127,5
HPG,GOOD,UNCERTAINTY_AWARE_UCB_009,Uncertainty-Aware UCB-VAE — vae_019 + ucb_009,55,18,train,0.01,2431.8080299999997,243.18080299999997,22.879205487619704,28.256384930755164,0.8060153702910242,37.658028065659515,11
HPG,GOOD,UNCERTAINTY_AWARE_UCB_009,Uncertainty-Aware UCB-VAE — vae_019 + ucb_009,55,18,test,0.01,1784.466230000001,178.4466230000001,40.7616859496227,22.60583423731589,1.54334074231712,20.979470691718735,5
HPG,GOOD,UNCERTAINTY_AWARE_UCB_009,Uncertainty-Aware UCB-VAE — vae_019 + ucb_009,55,19,train,0.01,2442.1122699999996,244.21122699999995,22.940775471087616,28.25471052461691,0.8078347470313963,37.64314353904743,11
HPG,GOOD,UNCERTAINTY_AWARE_UCB_009,Uncertainty-Aware UCB-VAE — vae_019 + ucb_009,55,19,test,0.01,1816.3477100000005,181.63477100000006,41.29773559102527,22.645586075104195,1.5578902173328015,20.651875625426307,5
HPG,GOOD,UNCERTAINTY_AWARE_UCB_009,Uncertainty-Aware UCB-VAE — vae_019 + ucb_009,55,20,train,0.01,2442.3018899999997,244.23018899999994,22.941907050826305,28.25326904003797,0.8078945282262118,37.6417963783894,11
HPG,GOOD,UNCERTAINTY_AWARE_UCB_009,Uncertainty-Aware UCB-VAE — vae_019 + ucb_009,55,20,test,0.01,1817.1098300000008,181.71098300000008,41.31050015699786,22.637051736007187,1.558793744856604,20.647300654823745,5
HPG,GOOD,UNCERTAINTY_AWARE_UCB_009,Uncertainty-Aware UCB-VAE — vae_019 + ucb_009,55,21,train,0.01,2442.2587799999997,244.22587799999997,22.941649791371344,28.253643136171114,0.8078800670568622,37.64210264613579,11
HPG,GOOD,UNCERTAINTY_AWARE_UCB_009,Uncertainty-Aware UCB-VAE — vae_019 + ucb_009,55,21,test,0.01,1817.1098300000008,181.71098300000008,41.31050015699786,22.637051736007187,1.558793744856604,20.647300654823745,5
HPG,GOOD,UNCERTAINTY_AWARE_UCB_009,Uncertainty-Aware UCB-VAE — vae_019 + ucb_009,55,22,train,0.01,2464.6611999999996,246.46611999999996,23.07497630297599,28.302112516926847,0.8108444537892396,37.657936981259446,11
HPG,GOOD,UNCERTAINTY_AWARE_UCB_009,Uncertainty-Aware UCB-VAE — vae_019 + ucb_009,55,22,test,0.01,1815.8705900000004,181.58705900000004,41.28974325084227,22.65119178884628,1.5573094428655392,20.654740786472402,5
HPG,GOOD,UNCERTAINTY_AWARE_UCB_009,Uncertainty-Aware UCB-VAE — vae_019 + ucb_009,55,23,train,0.01,2464.71825,246.47182499999997,23.07531491449335,28.301638373431633,0.8108631416372585,37.65753422282054,11
HPG,GOOD,UNCERTAINTY_AWARE_UCB_009,Uncertainty-Aware UCB-VAE — vae_019 + ucb_009,55,23,test,0.01,1815.8705900000004,181.58705900000004,41.28974325084227,22.65119178884628,1.5573094428655392,20.654740786472402,5
HPG,GOOD,UNCERTAINTY_AWARE_UCB_009,Uncertainty-Aware UCB-VAE — vae_019 + ucb_009,55,24,train,0.01,2464.79704,246.479704,23.075782552807865,28.301092886376367,0.8108869011755824,37.65697799969534,11
HPG,GOOD,UNCERTAINTY_AWARE_UCB_009,Uncertainty-Aware UCB-VAE — vae_019 + ucb_009,55,24,test,0.01,1815.8705900000004,181.58705900000004,41.28974325084227,22.65119178884628,1.5573094428655392,20.654740786472402,5
HPG,GOOD,UNCERTAINTY_AWARE_UCB_009,Uncertainty-Aware UCB-VAE — vae_019 + ucb_009,55,25,train,0.01,2464.92962,246.492962,23.076569428205907,28.29789407226249,0.8109696985139498,37.65604207965596,11
HPG,GOOD,UNCERTAINTY_AWARE_UCB_009,Uncertainty-Aware UCB-VAE — vae_019 + ucb_009,55,25,test,0.01,1815.8705900000004,181.58705900000004,41.28974325084227,22.65119178884628,1.5573094428655392,20.654740786472402,5
HPG,GOOD,UNCERTAINTY_AWARE_UCB_009,Uncertainty-Aware UCB-VAE — vae_019 + ucb_009,55,26,train,0.01,2457.4664799999996,245.74664799999994,23.03223587651413,28.287015704001668,0.8098879918755422,37.65075294140919,11
HPG,GOOD,UNCERTAINTY_AWARE_UCB_009,Uncertainty-Aware UCB-VAE — vae_019 + ucb_009,55,26,test,0.01,1815.5779700000007,181.55779700000008,41.284841063718616,22.65448331931669,1.556961976341353,20.656498396917968,5
HPG,GOOD,UNCERTAINTY_AWARE_UCB_009,Uncertainty-Aware UCB-VAE — vae_019 + ucb_009,55,27,train,0.01,2457.20444,245.720444,23.030677823237266,28.28911487266049,0.8098035647502007,37.652606674725895,11
HPG,GOOD,UNCERTAINTY_AWARE_UCB_009,Uncertainty-Aware UCB-VAE — vae_019 + ucb_009,55,27,test,0.01,1815.5779700000007,181.55779700000008,41.284841063718616,22.65448331931669,1.556961976341353,20.656498396917968,5
HPG,GOOD,UNCERTAINTY_AWARE_UCB_009,Uncertainty-Aware UCB-VAE — vae_019 + ucb_009,55,28,train,0.01,2457.4664799999996,245.74664799999994,23.03223587651413,28.287015704001668,0.8098879918755422,37.65075294140919,11
HPG,GOOD,UNCERTAINTY_AWARE_UCB_009,Uncertainty-Aware UCB-VAE — vae_019 + ucb_009,55,28,test,0.01,1815.5779700000007,181.55779700000008,41.284841063718616,22.65448331931669,1.556961976341353,20.656498396917968,5
HPG,GOOD,UNCERTAINTY_AWARE_UCB_009,Uncertainty-Aware UCB-VAE — vae_019 + ucb_009,55,29,train,0.01,2457.3835,245.73834999999997,23.03174249965427,28.2817684445329,0.809971875574895,37.651339941926736,11
HPG,GOOD,UNCERTAINTY_AWARE_UCB_009,Uncertainty-Aware UCB-VAE — vae_019 + ucb_009,55,29,test,0.01,1815.4810300000004,181.54810300000003,41.28321697815025,22.655576243267834,1.556846739777949,20.657080729154266,5
HPG,GOOD,UNCERTAINTY_AWARE_UCB_009,Uncertainty-Aware UCB-VAE — vae_019 + ucb_009,55,30,train,0.01,2456.95384,245.69538400000002,23.02918769858755,28.285250826429365,0.8098326506837544,37.65437964952558,11
HPG,GOOD,UNCERTAINTY_AWARE_UCB_009,Uncertainty-Aware UCB-VAE — vae_019 + ucb_009,55,30,test,0.01,1815.6767300000006,181.56767300000004,41.28649560237767,22.653040159352724,1.5570987486934413,20.655905165447127,5
HPG,GOOD,UNCERTAINTY_AWARE_UCB_009,Uncertainty-Aware UCB-VAE — vae_019 + ucb_009,55,31,train,0.01,2456.95384,245.69538400000002,23.02918769858755,28.285250826429365,0.8098326506837544,37.65437964952558,11
HPG,GOOD,UNCERTAINTY_AWARE_UCB_009,Uncertainty-Aware UCB-VAE — vae_019 + ucb_009,55,31,test,0.01,1816.3073600000007,181.63073600000007,41.29705971437387,22.65247346283304,1.5574637394556519,20.637566783060997,5
HPG,GOOD,UNCERTAINTY_AWARE_UCB_009,Uncertainty-Aware UCB-VAE — vae_019 + ucb_009,55,32,train,0.01,2452.7796499999995,245.27796499999997,23.004353774295172,28.258598874176005,0.8096090280033622,37.625769880757545,11
HPG,GOOD,UNCERTAINTY_AWARE_UCB_009,Uncertainty-Aware UCB-VAE — vae_019 + ucb_009,55,32,test,0.01,1816.2174500000006,181.62174500000006,41.295553667140304,22.653484258683598,1.5573570075666108,20.63810637349473,5
HPG,GOOD,UNCERTAINTY_AWARE_UCB_009,Uncertainty-Aware UCB-VAE — vae_019 + ucb_009,55,33,train,0.01,2433.8584899999996,243.38584899999995,22.891469673907807,28.233328201235768,0.8067995532676034,37.643419260171626,11
HPG,GOOD,UNCERTAINTY_AWARE_UCB_009,Uncertainty-Aware UCB-VAE — vae_019 + ucb_009,55,33,test,0.01,1816.2275400000003,181.62275400000004,41.2957226823782,22.65323591617651,1.557376907252993,20.63804581745144,5
HPG,GOOD,UNCERTAINTY_AWARE_UCB_009,Uncertainty-Aware UCB-VAE — vae_019 + ucb_009,55,34,train,0.01,2425.47619,242.547619,22.841295000930973,28.22200149302262,0.805549626153495,37.64461384314163,11
HPG,GOOD,UNCERTAINTY_AWARE_UCB_009,Uncertainty-Aware UCB-VAE — vae_019 + ucb_009,55,34,test,0.01,1816.2275400000003,181.62275400000004,41.2957226823782,22.65323591617651,1.557376907252993,20.63804581745144,5
HPG,GOOD,UNCERTAINTY_AWARE_UCB_009,Uncertainty-Aware UCB-VAE — vae_019 + ucb_009,55,35,train,0.01,2425.4222499999996,242.54222499999995,22.840971796511855,28.222411808072007,0.8055325793427823,37.644998947177726,11
HPG,GOOD,UNCERTAINTY_AWARE_UCB_009,Uncertainty-Aware UCB-VAE — vae_019 + ucb_009,55,35,test,0.01,1814.5859000000005,181.45859000000004,41.268218645592384,22.658740513477273,1.5561902542703776,20.647902944486432,5
HPG,GOOD,UNCERTAINTY_AWARE_UCB_009,Uncertainty-Aware UCB-VAE — vae_019 + ucb_009,55,36,train,0.01,2423.8506799999996,242.38506799999996,22.83155320587442,28.237266831863888,0.8049822573376139,37.656222613953794,11
HPG,GOOD,UNCERTAINTY_AWARE_UCB_009,Uncertainty-Aware UCB-VAE — vae_019 + ucb_009,55,36,test,0.01,1819.8610000000008,181.98610000000008,41.356559715901085,22.66221014835777,1.5587600175905538,20.623906535425064,5
HPG,GOOD,UNCERTAINTY_AWARE_UCB_009,Uncertainty-Aware UCB-VAE — vae_019 + ucb_009,55,37,train,0.01,2423.7505799999994,242.37505799999997,22.830953173670455,28.230253050485327,0.8050944147161813,37.6569377239068,11
HPG,GOOD,UNCERTAINTY_AWARE_UCB_009,Uncertainty-Aware UCB-VAE — vae_019 + ucb_009,55,37,test,0.01,1819.8610000000008,181.98610000000008,41.356559715901085,22.66221014835777,1.5587600175905538,20.623906535425064,5
HPG,GOOD,UNCERTAINTY_AWARE_UCB_009,Uncertainty-Aware UCB-VAE — vae_019 + ucb_009,55,38,train,0.01,2401.53056,240.15305600000002,22.69739603603973,28.17478521616712,0.8022284818168706,37.63132266223978,10
HPG,GOOD,UNCERTAINTY_AWARE_UCB_009,Uncertainty-Aware UCB-VAE — vae_019 + ucb_009,55,38,test,0.01,1817.4724700000006,181.74724700000007,41.31657312011801,22.663574147525523,1.5574248482739605,20.630576983834647,5
HPG,GOOD,UNCERTAINTY_AWARE_UCB_009,Uncertainty-Aware UCB-VAE — vae_019 + ucb_009,55,39,train,0.01,2393.2705100000003,239.327051,22.64756231202989,28.15955642451997,0.8010545611012352,37.63161820361315,10
HPG,GOOD,UNCERTAINTY_AWARE_UCB_009,Uncertainty-Aware UCB-VAE — vae_019 + ucb_009,55,39,test,0.01,1816.3113100000005,181.63113100000007,41.297125878544016,22.66221212535207,1.5568949064717112,20.637543077977696,5
HPG,GOOD,UNCERTAINTY_AWARE_UCB_009,Uncertainty-Aware UCB-VAE — vae_019 + ucb_009,55,40,train,0.01,2407.45541,240.74554099999997,22.733079218637386,28.179013311715494,0.8031913179164593,37.65522063462573,10
HPG,GOOD,UNCERTAINTY_AWARE_UCB_009,Uncertainty-Aware UCB-VAE — vae_019 + ucb_009,55,40,test,0.01,1796.0936300000003,179.60936300000003,40.95765837705778,22.634634852009242,1.5478391816548687,20.61252541386168,5
HPG,GOOD,UNCERTAINTY_AWARE_UCB_009,Uncertainty-Aware UCB-VAE — vae_019 + ucb_009,55,41,train,0.01,2374.4081800000004,237.44081800000006,22.533384035215075,28.126764442261475,0.7983200752491896,37.66233877717995,10
HPG,GOOD,UNCERTAINTY_AWARE_UCB_009,Uncertainty-Aware UCB-VAE — vae_019 + ucb_009,55,41,test,0.01,1777.78879,177.778879,40.64889542697267,22.583624174108774,1.5410744530599014,20.691835053275263,5
HPG,GOOD,UNCERTAINTY_AWARE_UCB_009,Uncertainty-Aware UCB-VAE — vae_019 + ucb_009,55,42,train,0.01,2374.5368700000004,237.45368700000006,22.534164826186597,28.123034453351686,0.7984110452072417,37.659861845084905,10
HPG,GOOD,UNCERTAINTY_AWARE_UCB_009,Uncertainty-Aware UCB-VAE — vae_019 + ucb_009,55,42,test,0.01,1751.1903700000003,175.11903700000002,40.19781279700321,22.49584458180227,1.5318624006486066,20.673971544299096,5
HPG,GOOD,UNCERTAINTY_AWARE_UCB_009,Uncertainty-Aware UCB-VAE — vae_019 + ucb_009,55,43,train,0.01,2387.91616,238.791616,22.615204970295324,28.11459693065882,0.8009374224124081,37.59221023855701,9
HPG,GOOD,UNCERTAINTY_AWARE_UCB_009,Uncertainty-Aware UCB-VAE — vae_019 + ucb_009,55,43,test,0.01,1745.7536000000005,174.57536000000005,40.10525339770521,22.484545915388534,1.5295664314808823,20.557512981751298,5
HPG,GOOD,UNCERTAINTY_AWARE_UCB_009,Uncertainty-Aware UCB-VAE — vae_019 + ucb_009,55,44,train,0.01,2384.1700100000003,238.417001,22.592540948320796,28.10918175978611,0.8003747790963275,37.64989599665387,9
HPG,GOOD,UNCERTAINTY_AWARE_UCB_009,Uncertainty-Aware UCB-VAE — vae_019 + ucb_009,55,44,test,0.01,1745.2603500000005,174.52603500000006,40.09684992407716,22.481325578384027,1.5294856581001095,20.56054149725921,5
HPG,GOOD,UNCERTAINTY_AWARE_UCB_009,Uncertainty-Aware UCB-VAE — vae_019 + ucb_009,55,45,train,0.01,2351.3581400000003,235.13581400000004,22.39313256097766,28.062226427453624,0.7953913892375469,37.649609056996134,9
HPG,GOOD,UNCERTAINTY_AWARE_UCB_009,Uncertainty-Aware UCB-VAE — vae_019 + ucb_009,55,45,test,0.01,1737.0000100000007,173.70000100000007,39.955969253527954,22.48122775933225,1.5250036752414655,20.579005856751067,5
HPG,GOOD,UNCERTAINTY_AWARE_UCB_009,Uncertainty-Aware UCB-VAE — vae_019 + ucb_009,56,1,train,0.03,11.132329999998774,1.1132329999998776,0.1851491228763491,2.081205149773217,-0.8609133141996725,6.717907471506349,0
HPG,GOOD,UNCERTAINTY_AWARE_UCB_009,Uncertainty-Aware UCB-VAE — vae_019 + ucb_009,56,1,test,0.03,68.30775000000062,6.830775000000062,2.230564969699289,1.2925076735965733,0.17228375519825573,1.0747862329684543,0
HPG,GOOD,UNCERTAINTY_AWARE_UCB_009,Uncertainty-Aware UCB-VAE — vae_019 + ucb_009,56,2,train,0.027,11.019889999998895,1.1019889999998895,0.1832875657437949,2.1071068223765557,-0.8509622674682569,6.919263254213526,0
HPG,GOOD,UNCERTAINTY_AWARE_UCB_009,Uncertainty-Aware UCB-VAE — vae_019 + ucb_009,56,2,test,0.027,51.851060000000416,5.185106000000041,1.7020692467218046,1.1731262673357954,-0.2549241775668105,1.100879658320465,0
HPG,GOOD,UNCERTAINTY_AWARE_UCB_009,Uncertainty-Aware UCB-VAE — vae_019 + ucb_009,56,3,train,0.024300000000000002,22.425179999999273,2.2425179999999276,0.37124125505587635,2.1655998849969453,-0.7400871718006437,6.851284518789622,0
HPG,GOOD,UNCERTAINTY_AWARE_UCB_009,Uncertainty-Aware UCB-VAE — vae_019 + ucb_009,56,3,test,0.024300000000000002,56.70796000000064,5.670796000000064,1.8586148544225578,1.229393455308495,-0.11712607219621747,1.1019586462476596,0
HPG,GOOD,UNCERTAINTY_AWARE_UCB_009,Uncertainty-Aware UCB-VAE — vae_019 + ucb_009,56,4,train,0.02187,24.455679999999347,2.445567999999935,0.4045196149893959,2.1879047452439075,-0.7170349462834876,6.6142640686443865,0
HPG,GOOD,UNCERTAINTY_AWARE_UCB_009,Uncertainty-Aware UCB-VAE — vae_019 + ucb_009,56,4,test,0.02187,56.51032000000055,5.651032000000054,1.8522539687305883,1.2300696865770933,-0.12215111231142453,1.121595034270991,0
HPG,GOOD,UNCERTAINTY_AWARE_UCB_009,Uncertainty-Aware UCB-VAE — vae_019 + ucb_009,56,5,train,0.019683,27.384129999998777,2.738412999999878,0.45241807518394683,2.2469770703708125,-0.6761873011261182,6.712725138144257,0
HPG,GOOD,UNCERTAINTY_AWARE_UCB_009,Uncertainty-Aware UCB-VAE — vae_019 + ucb_009,56,5,test,0.019683,57.63916000000063,5.763916000000062,1.888574124770992,1.2338168020802125,-0.09273652045371411,1.1802603191373282,0
HPG,GOOD,UNCERTAINTY_AWARE_UCB_009,Uncertainty-Aware UCB-VAE — vae_019 + ucb_009,56,6,train,0.0177147,27.960849999999027,2.796084999999903,0.4618376460296947,2.249161467030073,-0.6713028072396973,6.769831939466118,0
HPG,GOOD,UNCERTAINTY_AWARE_UCB_009,Uncertainty-Aware UCB-VAE — vae_019 + ucb_009,56,6,test,0.0177147,57.459740000000465,5.7459740000000465,1.8828030559002729,1.2280784656261896,-0.09785715202280035,1.1802603191373282,0
HPG,GOOD,UNCERTAINTY_AWARE_UCB_009,Uncertainty-Aware UCB-VAE — vae_019 + ucb_009,56,7,train,0.015943230000000003,28.638969999999063,2.8638969999999064,0.47290775467299095,2.2642603497388083,-0.6617664516087426,6.763643814606963,0
HPG,GOOD,UNCERTAINTY_AWARE_UCB_009,Uncertainty-Aware UCB-VAE — vae_019 + ucb_009,56,7,test,0.015943230000000003,64.88590000000045,6.488590000000044,2.121123441281725,1.3281633300449127,0.08705950134895277,1.2095946456482758,0
HPG,GOOD,UNCERTAINTY_AWARE_UCB_009,Uncertainty-Aware UCB-VAE — vae_019 + ucb_009,56,8,train,0.014348907000000001,27.13010999999915,2.713010999999915,0.4482677679774394,2.268608059777966,-0.6713618966467977,6.9157563196021785,0
HPG,GOOD,UNCERTAINTY_AWARE_UCB_009,Uncertainty-Aware UCB-VAE — vae_019 + ucb_009,56,8,test,0.014348907000000001,64.28037000000018,6.428037000000017,2.1017323011532474,1.3215132229332511,0.07300644069469238,1.2043249717464146,0
HPG,GOOD,UNCERTAINTY_AWARE_UCB_009,Uncertainty-Aware UCB-VAE — vae_019 + ucb_009,56,9,train,0.012914016300000003,95.90686999999957,9.590686999999958,1.5419782376671964,2.731149600169619,-0.15342905222349912,6.947874854861998,0
HPG,GOOD,UNCERTAINTY_AWARE_UCB_009,Uncertainty-Aware UCB-VAE — vae_019 + ucb_009,56,9,test,0.012914016300000003,64.40031000000022,6.4400310000000225,2.1055737734460234,1.3195919262868194,0.075955453917292,1.2043249717464146,0
HPG,GOOD,UNCERTAINTY_AWARE_UCB_009,Uncertainty-Aware UCB-VAE — vae_019 + ucb_009,56,10,train,0.011622614670000002,88.53861999999981,8.85386199999998,1.4275862177655751,2.6818359379860186,-0.199144559433051,7.03240494248651,0
HPG,GOOD,UNCERTAINTY_AWARE_UCB_009,Uncertainty-Aware UCB-VAE — vae_019 + ucb_009,56,10,test,0.011622614670000002,62.598180000000184,6.259818000000019,2.047824231662343,1.278114488453569,0.03356772854203937,1.2211257578739314,0
HPG,GOOD,UNCERTAINTY_AWARE_UCB_009,Uncertainty-Aware UCB-VAE — vae_019 + ucb_009,56,11,train,0.010460353203000003,101.6861799999997,10.16861799999997,1.6312545511956156,2.8072084230453442,-0.11694084614729817,7.059205271073616,0
HPG,GOOD,UNCERTAINTY_AWARE_UCB_009,Uncertainty-Aware UCB-VAE — vae_019 + ucb_009,56,11,test,0.010460353203000003,53.636160000000245,5.363616000000024,1.7596617121597324,1.2126106210287413,-0.19937225985461443,1.2310406830519804,0
HPG,GOOD,UNCERTAINTY_AWARE_UCB_009,Uncertainty-Aware UCB-VAE — vae_019 + ucb_009,56,12,train,0.01,92.41970999999944,9.241970999999944,1.4879202144210124,2.748833796471518,-0.17180632247505853,7.169534930282942,0
HPG,GOOD,UNCERTAINTY_AWARE_UCB_009,Uncertainty-Aware UCB-VAE — vae_019 + ucb_009,56,12,test,0.01,53.85082000000034,5.385082000000034,1.7665828826580965,1.212553091053772,-0.19375203801024832,1.2484488700012164,0
HPG,GOOD,UNCERTAINTY_AWARE_UCB_009,Uncertainty-Aware UCB-VAE — vae_019 + ucb_009,56,13,train,0.01,105.33847999999989,10.533847999999988,1.6874727714242033,2.828293314153795,-0.0961281468654617,6.682499066856297,0
HPG,GOOD,UNCERTAINTY_AWARE_UCB_009,Uncertainty-Aware UCB-VAE — vae_019 + ucb_009,56,13,test,0.01,54.37805000000003,5.4378050000000036,1.7835780998376238,1.2076941007035968,-0.1807009396695215,1.2484488700012164,0
HPG,GOOD,UNCERTAINTY_AWARE_UCB_009,Uncertainty-Aware UCB-VAE — vae_019 + ucb_009,56,14,train,0.01,104.03322000000003,10.403322000000003,1.667399278912951,2.8349441571453196,-0.10286210322013169,6.726966834763013,0
HPG,GOOD,UNCERTAINTY_AWARE_UCB_009,Uncertainty-Aware UCB-VAE — vae_019 + ucb_009,56,14,test,0.01,44.61158000000023,4.461158000000023,1.467833025455323,1.1104943191668284,-0.4783656389503012,1.2484488700012164,0
HPG,GOOD,UNCERTAINTY_AWARE_UCB_009,Uncertainty-Aware UCB-VAE — vae_019 + ucb_009,56,15,train,0.01,100.90990999999963,10.090990999999963,1.6192857753924539,2.8255626368045825,-0.12019978217074251,7.006701659050986,0
HPG,GOOD,UNCERTAINTY_AWARE_UCB_009,Uncertainty-Aware UCB-VAE — vae_019 + ucb_009,56,15,test,0.01,46.236550000000534,4.623655000000054,1.520503462686662,1.1067351242821446,-0.43296103461446916,1.2484488700012164,0
HPG,GOOD,UNCERTAINTY_AWARE_UCB_009,Uncertainty-Aware UCB-VAE — vae_019 + ucb_009,56,16,train,0.01,100.01307999999949,10.001307999999948,1.605449412712856,2.8291001936899067,-0.12487019241966095,6.99394047370428,0
HPG,GOOD,UNCERTAINTY_AWARE_UCB_009,Uncertainty-Aware UCB-VAE — vae_019 + ucb_009,56,16,test,0.01,41.89787000000024,4.189787000000024,1.3797512542268464,1.0845588317840456,-0.5704435944566094,1.2484488700012164,0
HPG,GOOD,UNCERTAINTY_AWARE_UCB_009,Uncertainty-Aware UCB-VAE — vae_019 + ucb_009,56,17,train,0.01,95.17726999999923,9.517726999999923,1.530679828301884,2.78221704916813,-0.15413829302911147,6.995338008497239,0
HPG,GOOD,UNCERTAINTY_AWARE_UCB_009,Uncertainty-Aware UCB-VAE — vae_019 + ucb_009,56,17,test,0.01,32.385730000000194,3.2385730000000197,1.0697934954172483,0.9858095949635617,-0.9404042318299471,1.254952624224609,0
HPG,GOOD,UNCERTAINTY_AWARE_UCB_009,Uncertainty-Aware UCB-VAE — vae_019 + ucb_009,56,18,train,0.01,98.43159999999966,9.843159999999965,1.581027307287064,2.784170717189481,-0.13604548427988636,6.681293260307533,0
HPG,GOOD,UNCERTAINTY_AWARE_UCB_009,Uncertainty-Aware UCB-VAE — vae_019 + ucb_009,56,18,test,0.01,33.666760000000295,3.3666760000000293,1.1116470345766905,0.9805274309216185,-0.9031403629400041,1.2385021853030787,0
HPG,GOOD,UNCERTAINTY_AWARE_UCB_009,Uncertainty-Aware UCB-VAE — vae_019 + ucb_009,56,19,train,0.01,83.60254999999893,8.360254999999892,1.350592502870862,2.658769146375884,-0.22991113542015953,6.6798807211639515,0
HPG,GOOD,UNCERTAINTY_AWARE_UCB_009,Uncertainty-Aware UCB-VAE — vae_019 + ucb_009,56,19,test,0.01,31.83662000000004,3.1836620000000035,1.051842497630573,0.9658314002244736,-0.9785181560706261,1.2608777596913816,0
HPG,GOOD,UNCERTAINTY_AWARE_UCB_009,Uncertainty-Aware UCB-VAE — vae_019 + ucb_009,56,20,train,0.01,83.27522999999906,8.327522999999907,1.3454765854815642,2.6589980583928265,-0.23180434104985576,6.68018466992903,0
HPG,GOOD,UNCERTAINTY_AWARE_UCB_009,Uncertainty-Aware UCB-VAE — vae_019 + ucb_009,56,20,test,0.01,30.09887999999978,3.009887999999978,0.9949919350634717,0.9736770791542236,-1.0285684768535484,1.2608777596913816,0
HPG,GOOD,UNCERTAINTY_AWARE_UCB_009,Uncertainty-Aware UCB-VAE — vae_019 + ucb_009,56,21,train,0.01,82.6465699999992,8.26465699999992,1.3356471983947182,2.6673106349600912,-0.23466748034718737,6.745861452609366,0
HPG,GOOD,UNCERTAINTY_AWARE_UCB_009,Uncertainty-Aware UCB-VAE — vae_019 + ucb_009,56,21,test,0.01,27.697459999999637,2.7697459999999636,0.9163236886935655,0.9837962730231128,-1.0973915437374877,1.2800009607254823,0
HPG,GOOD,UNCERTAINTY_AWARE_UCB_009,Uncertainty-Aware UCB-VAE — vae_019 + ucb_009,56,22,train,0.01,83.87381999999957,8.387381999999958,1.3548313995854766,2.6768292058752468,-0.22660315631128905,6.676003033972296,0
HPG,GOOD,UNCERTAINTY_AWARE_UCB_009,Uncertainty-Aware UCB-VAE — vae_019 + ucb_009,56,22,test,0.01,26.88098999999943,2.688098999999943,0.8895490125445882,0.9841477221355868,-1.1240597052440613,1.3009543041047427,0
HPG,GOOD,UNCERTAINTY_AWARE_UCB_009,Uncertainty-Aware UCB-VAE — vae_019 + ucb_009,56,23,train,0.01,82.75607999999943,8.275607999999943,1.3373597792838643,2.682429330812208,-0.23255819751360507,6.683205556730421,0
HPG,GOOD,UNCERTAINTY_AWARE_UCB_009,Uncertainty-Aware UCB-VAE — vae_019 + ucb_009,56,23,test,0.01,26.294449999999642,2.6294449999999645,0.8703057261298497,0.9557803930096466,-1.1777426411012648,1.1830728903813303,0
HPG,GOOD,UNCERTAINTY_AWARE_UCB_009,Uncertainty-Aware UCB-VAE — vae_019 + ucb_009,56,24,train,0.01,146.95704000000023,14.695704000000024,2.317399941724374,3.119080700616417,0.11535223191527474,5.533984817952443,0
HPG,GOOD,UNCERTAINTY_AWARE_UCB_009,Uncertainty-Aware UCB-VAE — vae_019 + ucb_009,56,24,test,0.01,27.457879999999705,2.7457879999999704,0.9084685596280284,0.9522720724141959,-1.14224561162378,1.1830728903813303,0
HPG,GOOD,UNCERTAINTY_AWARE_UCB_009,Uncertainty-Aware UCB-VAE — vae_019 + ucb_009,56,25,train,0.01,146.81357000000048,14.681357000000048,2.315261358605225,3.1531476587591376,0.11377592156159307,5.482388838674094,0
HPG,GOOD,UNCERTAINTY_AWARE_UCB_009,Uncertainty-Aware UCB-VAE — vae_019 + ucb_009,56,25,test,0.01,27.629739999999856,2.7629739999999856,0.914103471191674,0.9667299491046462,-1.11922178695357,1.1945658667138415,0
HPG,GOOD,UNCERTAINTY_AWARE_UCB_009,Uncertainty-Aware UCB-VAE — vae_019 + ucb_009,56,26,train,0.01,146.9281000000003,14.692810000000032,2.316968576131484,3.1532487006348067,0.11430719613367445,5.500251171180179,0
HPG,GOOD,UNCERTAINTY_AWARE_UCB_009,Uncertainty-Aware UCB-VAE — vae_019 + ucb_009,56,26,test,0.01,28.73578999999995,2.873578999999995,0.9503534070268715,0.9907823013480668,-1.0554280181351516,1.4072226508103367,0
HPG,GOOD,UNCERTAINTY_AWARE_UCB_009,Uncertainty-Aware UCB-VAE — vae_019 + ucb_009,56,27,train,0.01,153.35639000000037,15.335639000000038,2.412563662498335,3.205517536722812,0.14235097353816484,5.616864218804647,0
HPG,GOOD,UNCERTAINTY_AWARE_UCB_009,Uncertainty-Aware UCB-VAE — vae_019 + ucb_009,56,27,test,0.01,27.57235999999989,2.757235999999989,0.9122221769537919,0.9941977639143307,-1.0899104923359009,1.4072226508103367,0
HPG,GOOD,UNCERTAINTY_AWARE_UCB_009,Uncertainty-Aware UCB-VAE — vae_019 + ucb_009,56,28,train,0.01,148.3570000000002,14.83570000000002,2.3382562474911106,3.16224103318138,0.12070920086218034,5.6158956133664795,0
HPG,GOOD,UNCERTAINTY_AWARE_UCB_009,Uncertainty-Aware UCB-VAE — vae_019 + ucb_009,56,28,test,0.01,27.57235999999989,2.757235999999989,0.9122221769537919,0.9941977639143307,-1.0899104923359009,1.4072226508103367,0
HPG,GOOD,UNCERTAINTY_AWARE_UCB_009,Uncertainty-Aware UCB-VAE — vae_019 + ucb_009,56,29,train,0.01,150.46868000000063,15.046868000000064,2.369675577734287,3.1633745867978686,0.13046801983025752,5.698910634018092,0
HPG,GOOD,UNCERTAINTY_AWARE_UCB_009,Uncertainty-Aware UCB-VAE — vae_019 + ucb_009,56,29,test,0.01,28.096120000000155,2.8096120000000155,0.929391883498587,0.9961459048159387,-1.0706165883809817,1.4228602445145666,0
HPG,GOOD,UNCERTAINTY_AWARE_UCB_009,Uncertainty-Aware UCB-VAE — vae_019 + ucb_009,56,30,train,0.01,149.56763000000024,14.956763000000024,2.3562748870313177,3.162355815896366,0.12632308952991678,5.628491754951368,0
HPG,GOOD,UNCERTAINTY_AWARE_UCB_009,Uncertainty-Aware UCB-VAE — vae_019 + ucb_009,56,30,test,0.01,29.519250000000056,2.9519250000000055,0.9760149990778677,1.014530819777157,-1.0053411706506432,1.3386975162765165,0
HPG,GOOD,UNCERTAINTY_AWARE_UCB_009,Uncertainty-Aware UCB-VAE — vae_019 + ucb_009,56,31,train,0.01,148.53655000000003,14.853655000000005,2.340929612688325,3.166365673462135,0.12142565684095627,5.63600828333024,0
HPG,GOOD,UNCERTAINTY_AWARE_UCB_009,Uncertainty-Aware UCB-VAE — vae_019 + ucb_009,56,31,test,0.01,29.085690000000113,2.908569000000011,0.9618157037555308,1.0166331037523877,-1.0171260875592503,1.3817276960582219,0
HPG,GOOD,UNCERTAINTY_AWARE_UCB_009,Uncertainty-Aware UCB-VAE — vae_019 + ucb_009,56,32,train,0.01,148.85042999999996,14.885042999999994,2.3456022150651012,3.166481066789474,0.12287715035657328,5.633761145159329,0
HPG,GOOD,UNCERTAINTY_AWARE_UCB_009,Uncertainty-Aware UCB-VAE — vae_019 + ucb_009,56,32,test,0.01,29.01908000000003,2.9019080000000033,0.9596338415851502,1.0167051056995922,-1.0191869036368246,1.388338638661929,0
HPG,GOOD,UNCERTAINTY_AWARE_UCB_009,Uncertainty-Aware UCB-VAE — vae_019 + ucb_009,56,33,train,0.01,147.60729000000015,14.760729000000014,2.327089863176557,3.174677140921546,0.11689255810459954,5.762994201230383,0
HPG,GOOD,UNCERTAINTY_AWARE_UCB_009,Uncertainty-Aware UCB-VAE — vae_019 + ucb_009,56,33,test,0.01,37.49532999999997,3.7495329999999965,1.2365276806785452,1.099639084562162,-0.691520807364459,1.388338638661929,0
HPG,GOOD,UNCERTAINTY_AWARE_UCB_009,Uncertainty-Aware UCB-VAE — vae_019 + ucb_009,56,34,train,0.01,153.78204000000005,15.378204000000007,2.418877823877863,3.2283044061616453,0.14349986427416553,5.69187005702349,0
HPG,GOOD,UNCERTAINTY_AWARE_UCB_009,Uncertainty-Aware UCB-VAE — vae_019 + ucb_009,56,34,test,0.01,37.49532999999997,3.7495329999999965,1.2365276806785452,1.099639084562162,-0.691520807364459,1.388338638661929,0
HPG,GOOD,UNCERTAINTY_AWARE_UCB_009,Uncertainty-Aware UCB-VAE — vae_019 + ucb_009,56,35,train,0.01,146.35107000000016,14.635107000000017,2.308365753985453,3.1665126745103525,0.11128162279191811,5.63512056083824,0
HPG,GOOD,UNCERTAINTY_AWARE_UCB_009,Uncertainty-Aware UCB-VAE — vae_019 + ucb_009,56,35,test,0.01,37.094479999999976,3.709447999999998,1.2234671213505521,1.1016094836268993,-0.7020201292726885,1.4281223999994566,0
HPG,GOOD,UNCERTAINTY_AWARE_UCB_009,Uncertainty-Aware UCB-VAE — vae_019 + ucb_009,56,36,train,0.01,153.9356700000003,15.39356700000003,2.4211563197953367,3.193044400865993,0.14543726402764665,5.413189876719165,0
HPG,GOOD,UNCERTAINTY_AWARE_UCB_009,Uncertainty-Aware UCB-VAE — vae_019 + ucb_009,56,36,test,0.01,37.094479999999976,3.709447999999998,1.2234671213505521,1.1016094836268993,-0.7020201292726885,1.4281223999994566,0
HPG,GOOD,UNCERTAINTY_AWARE_UCB_009,Uncertainty-Aware UCB-VAE — vae_019 + ucb_009,56,37,train,0.01,150.45750999999996,15.045750999999996,2.369509507605261,3.225081009967713,0.12853269154735417,5.806644443315764,0
HPG,GOOD,UNCERTAINTY_AWARE_UCB_009,Uncertainty-Aware UCB-VAE — vae_019 + ucb_009,56,37,test,0.01,37.67186000000015,3.7671860000000152,1.2422783434912432,1.1023307162707123,-0.6846330290358377,1.4234874950363365,0
HPG,GOOD,UNCERTAINTY_AWARE_UCB_009,Uncertainty-Aware UCB-VAE — vae_019 + ucb_009,56,38,train,0.01,165.24565999999982,16.524565999999982,2.588205605304328,3.3197892925699692,0.1906492593800824,5.601996685235963,0
HPG,GOOD,UNCERTAINTY_AWARE_UCB_009,Uncertainty-Aware UCB-VAE — vae_019 + ucb_009,56,38,test,0.01,37.505440000000135,3.7505440000000134,1.2368570428664682,1.1025346966920666,-0.6893795262559769,1.4234874950363365,0
HPG,GOOD,UNCERTAINTY_AWARE_UCB_009,Uncertainty-Aware UCB-VAE — vae_019 + ucb_009,56,39,train,0.01,167.04685000000018,16.704685000000016,2.614684517145549,3.297172839174451,0.199626970191766,5.350385253589699,0
HPG,GOOD,UNCERTAINTY_AWARE_UCB_009,Uncertainty-Aware UCB-VAE — vae_019 + ucb_009,56,39,test,0.01,38.03283999999985,3.8032839999999855,1.2540356435129851,1.1092986052889982,-0.6697556960727208,1.4388749825198588,0
HPG,GOOD,UNCERTAINTY_AWARE_UCB_009,Uncertainty-Aware UCB-VAE — vae_019 + ucb_009,56,40,train,0.01,198.15563000000066,19.815563000000065,3.066721637487624,3.518097685599246,0.3152783353109486,5.48563720417436,0
HPG,GOOD,UNCERTAINTY_AWARE_UCB_009,Uncertainty-Aware UCB-VAE — vae_019 + ucb_009,56,40,test,0.01,38.03283999999985,3.8032839999999855,1.2540356435129851,1.1092986052889982,-0.6697556960727208,1.4388749825198588,0
HPG,GOOD,UNCERTAINTY_AWARE_UCB_009,Uncertainty-Aware UCB-VAE — vae_019 + ucb_009,56,41,train,0.01,183.47362000000044,18.347362000000047,2.854613114525706,3.3905514425739316,0.26454730361740475,5.526701399047348,0
HPG,GOOD,UNCERTAINTY_AWARE_UCB_009,Uncertainty-Aware UCB-VAE — vae_019 + ucb_009,56,41,test,0.01,36.638369999999895,3.6638369999999894,1.2086019811486048,1.2292249216140545,-0.6399244766453305,1.4388749825198588,0
HPG,GOOD,UNCERTAINTY_AWARE_UCB_009,Uncertainty-Aware UCB-VAE — vae_019 + ucb_009,56,42,train,0.01,184.09060000000045,18.409060000000043,2.8635705167404657,3.3905453724792984,0.2671392371249111,5.502104340031602,0
HPG,GOOD,UNCERTAINTY_AWARE_UCB_009,Uncertainty-Aware UCB-VAE — vae_019 + ucb_009,56,42,test,0.01,38.42887999999971,3.8428879999999705,1.2669317325558316,1.2376403849920397,-0.5887606324951257,1.3235253473763067,0
HPG,GOOD,UNCERTAINTY_AWARE_UCB_009,Uncertainty-Aware UCB-VAE — vae_019 + ucb_009,56,43,train,0.01,186.27351000000044,18.627351000000044,2.895231133864895,3.4407727749383317,0.2727580374864374,5.546750865169784,0
HPG,GOOD,UNCERTAINTY_AWARE_UCB_009,Uncertainty-Aware UCB-VAE — vae_019 + ucb_009,56,43,test,0.01,38.42887999999971,3.8428879999999705,1.2669317325558316,1.2376403849920397,-0.5887606324951257,1.3235253473763067,0
HPG,GOOD,UNCERTAINTY_AWARE_UCB_009,Uncertainty-Aware UCB-VAE — vae_019 + ucb_009,56,44,train,0.01,188.86266999999998,18.886266999999997,2.9327210925005787,3.43668989557974,0.2837364798408623,5.586527931547032,0
HPG,GOOD,UNCERTAINTY_AWARE_UCB_009,Uncertainty-Aware UCB-VAE — vae_019 + ucb_009,56,44,test,0.01,38.442569999999705,3.8442569999999705,1.2673774558560558,1.2376238359349265,-0.58841169364176,1.322167751224708,0
HPG,GOOD,UNCERTAINTY_AWARE_UCB_009,Uncertainty-Aware UCB-VAE — vae_019 + ucb_009,56,45,train,0.01,196.0390400000001,19.60390400000001,3.036277633575102,3.5098113347421562,0.3074475566946555,5.644683289822874,0
HPG,GOOD,UNCERTAINTY_AWARE_UCB_009,Uncertainty-Aware UCB-VAE — vae_019 + ucb_009,56,45,test,0.01,37.80948999999964,3.780948999999964,1.2467613430751312,1.217245837801685,-0.6152572488123326,1.322167751224708,0
HPG,GOOD,UNCERTAINTY_AWARE_UCB_009,Uncertainty-Aware UCB-VAE — vae_019 + ucb_009,57,1,train,0.03,2152.375720000001,215.2375720000001,21.147770290582102,27.82216861344437,0.7627426104239878,39.690154197044805,10
HPG,GOOD,UNCERTAINTY_AWARE_UCB_009,Uncertainty-Aware UCB-VAE — vae_019 + ucb_009,57,1,test,0.03,1675.78593,167.578593,38.90302715686693,24.19754875778176,1.4020269502892124,22.389941040011504,7
HPG,GOOD,UNCERTAINTY_AWARE_UCB_009,Uncertainty-Aware UCB-VAE — vae_019 + ucb_009,57,2,train,0.027,2185.935950000001,218.5935950000001,21.362318631715404,27.784769648774944,0.7698220755802956,39.67536135643607,10
HPG,GOOD,UNCERTAINTY_AWARE_UCB_009,Uncertainty-Aware UCB-VAE — vae_019 + ucb_009,57,2,test,0.027,1662.42222,166.24222199999997,38.67102922177248,24.283289054657324,1.3910179108703995,22.479864307692218,7
HPG,GOOD,UNCERTAINTY_AWARE_UCB_009,Uncertainty-Aware UCB-VAE — vae_019 + ucb_009,57,3,train,0.024300000000000002,2176.8058400000004,217.68058400000007,21.304137546801982,27.741905209039146,0.7688388434623172,39.694319301870955,10
HPG,GOOD,UNCERTAINTY_AWARE_UCB_009,Uncertainty-Aware UCB-VAE — vae_019 + ucb_009,57,3,test,0.024300000000000002,1675.69852,167.569852,38.901512204098985,24.25937581244805,1.39903566342728,22.39052687699577,7
HPG,GOOD,UNCERTAINTY_AWARE_UCB_009,Uncertainty-Aware UCB-VAE — vae_019 + ucb_009,57,4,train,0.02187,2144.4707000000008,214.44707000000008,21.096957330601306,27.66015691121998,0.764058888832615,40.29861860326102,10
HPG,GOOD,UNCERTAINTY_AWARE_UCB_009,Uncertainty-Aware UCB-VAE — vae_019 + ucb_009,57,4,test,0.02187,1676.9798,167.69798,38.92371550229783,24.250011316055627,1.4001448943476633,22.381942583854038,7
HPG,GOOD,UNCERTAINTY_AWARE_UCB_009,Uncertainty-Aware UCB-VAE — vae_019 + ucb_009,57,5,train,0.019683,2102.402900000001,210.24029000000007,20.82474464507986,27.679952245829476,0.7555064993598541,40.38213917039313,10
HPG,GOOD,UNCERTAINTY_AWARE_UCB_009,Uncertainty-Aware UCB-VAE — vae_019 + ucb_009,57,5,test,0.019683,1676.97784,167.69778399999998,38.92368154286912,24.250132975461007,1.4001380641026535,22.381955710394536,7
HPG,GOOD,UNCERTAINTY_AWARE_UCB_009,Uncertainty-Aware UCB-VAE — vae_019 + ucb_009,57,6,train,0.0177147,2195.6311100000007,219.56311100000008,21.42394862965329,27.739246396354734,0.7724698705912015,39.33577384772767,10
HPG,GOOD,UNCERTAINTY_AWARE_UCB_009,Uncertainty-Aware UCB-VAE — vae_019 + ucb_009,57,6,test,0.0177147,1676.9798,167.69798,38.92371550229783,24.250011316055627,1.4001448943476633,22.381942583854038,7
HPG,GOOD,UNCERTAINTY_AWARE_UCB_009,Uncertainty-Aware UCB-VAE — vae_019 + ucb_009,57,7,train,0.015943230000000003,2184.136250000001,218.41362500000008,21.35086114928104,27.687272694366655,0.7712042507478486,39.333952692232835,10
HPG,GOOD,UNCERTAINTY_AWARE_UCB_009,Uncertainty-Aware UCB-VAE — vae_019 + ucb_009,57,7,test,0.015943230000000003,1675.42976,167.54297599999998,38.896853964099364,24.277145610045533,1.3980535988970404,22.39232834520071,7
HPG,GOOD,UNCERTAINTY_AWARE_UCB_009,Uncertainty-Aware UCB-VAE — vae_019 + ucb_009,57,8,train,0.014348907000000001,2215.344570000001,221.5344570000001,21.548784002369437,27.88626814787359,0.7735774541708622,38.97261638091548,10
HPG,GOOD,UNCERTAINTY_AWARE_UCB_009,Uncertainty-Aware UCB-VAE — vae_019 + ucb_009,57,8,test,0.014348907000000001,1673.72012,167.372012,38.86721459983213,24.320696436766966,1.39510921177454,22.403794661290746,7
HPG,GOOD,UNCERTAINTY_AWARE_UCB_009,Uncertainty-Aware UCB-VAE — vae_019 + ucb_009,57,9,train,0.012914016300000003,2241.182660000001,224.11826600000006,21.711441784324204,27.827693619309652,0.7794572441315146,38.5673645357626,10
HPG,GOOD,UNCERTAINTY_AWARE_UCB_009,Uncertainty-Aware UCB-VAE — vae_019 + ucb_009,57,9,test,0.012914016300000003,1665.1781700000001,166.517817,38.71893670721458,24.32924513594286,1.3902891175809862,22.461260683839026,7
HPG,GOOD,UNCERTAINTY_AWARE_UCB_009,Uncertainty-Aware UCB-VAE — vae_019 + ucb_009,57,10,train,0.011622614670000002,2247.2166200000006,224.72166200000007,21.74927157500872,27.84369749802887,0.7802920962367843,38.263494357241065,10
HPG,GOOD,UNCERTAINTY_AWARE_UCB_009,Uncertainty-Aware UCB-VAE — vae_019 + ucb_009,57,10,test,0.011622614670000002,1687.5909600000005,168.75909600000006,39.107324760264795,24.412590071504958,1.3978818884259185,22.489604318232654,7
HPG,GOOD,UNCERTAINTY_AWARE_UCB_009,Uncertainty-Aware UCB-VAE — vae_019 + ucb_009,57,11,train,0.010460353203000003,2322.2650300000005,232.22650300000004,22.214959504475097,28.107873398221884,0.7892818490638837,37.2975515908031,10
HPG,GOOD,UNCERTAINTY_AWARE_UCB_009,Uncertainty-Aware UCB-VAE — vae_019 + ucb_009,57,11,test,0.010460353203000003,1700.5569500000006,170.05569500000007,39.33102624873841,24.38852543533006,1.4056447097589708,22.403132761469458,7
HPG,GOOD,UNCERTAINTY_AWARE_UCB_009,Uncertainty-Aware UCB-VAE — vae_019 + ucb_009,57,12,train,0.01,2324.2859300000005,232.42859300000003,22.22737788584228,28.10553990196129,0.7896892756227344,37.289514531994094,10
HPG,GOOD,UNCERTAINTY_AWARE_UCB_009,Uncertainty-Aware UCB-VAE — vae_019 + ucb_009,57,12,test,0.01,1691.4905600000006,169.14905600000006,39.17467978949056,24.378884614258507,1.4014762263912615,22.463527364434626,7
HPG,GOOD,UNCERTAINTY_AWARE_UCB_009,Uncertainty-Aware UCB-VAE — vae_019 + ucb_009,57,13,train,0.01,2330.61826,233.061826,22.26624922205376,28.097748753115976,0.7909730735076275,37.5041454071381,10
HPG,GOOD,UNCERTAINTY_AWARE_UCB_009,Uncertainty-Aware UCB-VAE — vae_019 + ucb_009,57,13,test,0.01,1691.4905600000006,169.14905600000006,39.17467978949056,24.378884614258507,1.4014762263912615,22.463527364434626,7
HPG,GOOD,UNCERTAINTY_AWARE_UCB_009,Uncertainty-Aware UCB-VAE — vae_019 + ucb_009,57,14,train,0.01,2345.9777700000004,234.59777700000006,22.360279262983205,28.127666060275757,0.7931876136374043,37.343826217455,10
HPG,GOOD,UNCERTAINTY_AWARE_UCB_009,Uncertainty-Aware UCB-VAE — vae_019 + ucb_009,57,14,test,0.01,1691.4905600000006,169.14905600000006,39.17467978949056,24.378884614258507,1.4014762263912615,22.463527364434626,7
HPG,GOOD,UNCERTAINTY_AWARE_UCB_009,Uncertainty-Aware UCB-VAE — vae_019 + ucb_009,57,15,train,0.01,2366.42522,236.64252199999999,22.484901075987107,28.143650038927507,0.796542743730506,37.33423275024682,10
HPG,GOOD,UNCERTAINTY_AWARE_UCB_009,Uncertainty-Aware UCB-VAE — vae_019 + ucb_009,57,15,test,0.01,1686.8573600000004,168.68573600000005,39.09464653279397,24.400655998649494,1.3980702107968572,22.494516730789595,7
HPG,GOOD,UNCERTAINTY_AWARE_UCB_009,Uncertainty-Aware UCB-VAE — vae_019 + ucb_009,57,16,train,0.01,2354.0447200000003,235.40447200000006,22.409520755575386,28.18928471434691,0.7935012499817454,37.44442236130045,10
HPG,GOOD,UNCERTAINTY_AWARE_UCB_009,Uncertainty-Aware UCB-VAE — vae_019 + ucb_009,57,16,test,0.01,1686.8573600000004,168.68573600000005,39.09464653279397,24.400655998649494,1.3980702107968572,22.494516730789595,7
HPG,GOOD,UNCERTAINTY_AWARE_UCB_009,Uncertainty-Aware UCB-VAE — vae_019 + ucb_009,57,17,train,0.01,2511.8085300000002,251.180853,23.353241132671563,28.44345865641348,0.8161862302911992,37.30240019506631,10
HPG,GOOD,UNCERTAINTY_AWARE_UCB_009,Uncertainty-Aware UCB-VAE — vae_019 + ucb_009,57,17,test,0.01,1686.8573600000004,168.68573600000005,39.09464653279397,24.400655998649494,1.3980702107968572,22.494516730789595,7
HPG,GOOD,UNCERTAINTY_AWARE_UCB_009,Uncertainty-Aware UCB-VAE — vae_019 + ucb_009,57,18,train,0.01,2509.0258900000003,250.90258900000003,23.336904588790098,28.47579769687308,0.8151122996245946,37.23004907424274,10
HPG,GOOD,UNCERTAINTY_AWARE_UCB_009,Uncertainty-Aware UCB-VAE — vae_019 + ucb_009,57,18,test,0.01,1686.8573600000004,168.68573600000005,39.09464653279397,24.400655998649494,1.3980702107968572,22.494516730789595,7
HPG,GOOD,UNCERTAINTY_AWARE_UCB_009,Uncertainty-Aware UCB-VAE — vae_019 + ucb_009,57,19,train,0.01,2566.4783199999997,256.647832,23.672034370964834,28.599199919226358,0.822399707750628,37.28072951987899,10
HPG,GOOD,UNCERTAINTY_AWARE_UCB_009,Uncertainty-Aware UCB-VAE — vae_019 + ucb_009,57,19,test,0.01,1689.0025400000004,168.90025400000005,39.13171349492277,24.38693129404053,1.3998186497374077,22.480157975510316,7
HPG,GOOD,UNCERTAINTY_AWARE_UCB_009,Uncertainty-Aware UCB-VAE — vae_019 + ucb_009,57,20,train,0.01,2567.35302,256.735302,23.6771017892734,28.616803405529645,0.8222130402619849,37.29996342853301,10
HPG,GOOD,UNCERTAINTY_AWARE_UCB_009,Uncertainty-Aware UCB-VAE — vae_019 + ucb_009,57,20,test,0.01,1689.0025400000004,168.90025400000005,39.13171349492277,24.38693129404053,1.3998186497374077,22.480157975510316,7
HPG,GOOD,UNCERTAINTY_AWARE_UCB_009,Uncertainty-Aware UCB-VAE — vae_019 + ucb_009,57,21,train,0.01,2566.9336399999997,256.693364,23.67467231526632,28.61679283513729,0.8221439967577122,37.29996342853301,10
HPG,GOOD,UNCERTAINTY_AWARE_UCB_009,Uncertainty-Aware UCB-VAE — vae_019 + ucb_009,57,21,test,0.01,1689.0025400000004,168.90025400000005,39.13171349492277,24.38693129404053,1.3998186497374077,22.480157975510316,7
HPG,GOOD,UNCERTAINTY_AWARE_UCB_009,Uncertainty-Aware UCB-VAE — vae_019 + ucb_009,57,22,train,0.01,2569.44636,256.94463599999995,23.689224980139766,28.61740047468021,0.8225474718690664,37.310989769143234,10
HPG,GOOD,UNCERTAINTY_AWARE_UCB_009,Uncertainty-Aware UCB-VAE — vae_019 + ucb_009,57,22,test,0.01,1688.0279300000007,168.80279300000007,39.11487547102767,24.400890023841697,1.3986584208350539,22.486679251424555,7
HPG,GOOD,UNCERTAINTY_AWARE_UCB_009,Uncertainty-Aware UCB-VAE — vae_019 + ucb_009,57,23,train,0.01,2553.12801,255.312801,23.59456297455449,28.620713889424426,0.8197837831838052,37.3046443883263,10
HPG,GOOD,UNCERTAINTY_AWARE_UCB_009,Uncertainty-Aware UCB-VAE — vae_019 + ucb_009,57,23,test,0.01,1688.0279300000007,168.80279300000007,39.11487547102767,24.400890023841697,1.3986584208350539,22.486679251424555,7
HPG,GOOD,UNCERTAINTY_AWARE_UCB_009,Uncertainty-Aware UCB-VAE — vae_019 + ucb_009,57,24,train,0.01,2556.54159,255.65415899999996,23.614394904054635,28.633901397508538,0.8201033285989631,37.30013850648078,10
HPG,GOOD,UNCERTAINTY_AWARE_UCB_009,Uncertainty-Aware UCB-VAE — vae_019 + ucb_009,57,24,test,0.01,1687.9721700000005,168.79721700000005,39.1139120004369,24.401634560633887,1.3985946341981834,22.48705246518837,7
HPG,GOOD,UNCERTAINTY_AWARE_UCB_009,Uncertainty-Aware UCB-VAE — vae_019 + ucb_009,57,25,train,0.01,2556.70183,255.670183,23.615325463261172,28.6305968324926,0.8201911969722133,37.299945501286594,10
HPG,GOOD,UNCERTAINTY_AWARE_UCB_009,Uncertainty-Aware UCB-VAE — vae_019 + ucb_009,57,25,test,0.01,1687.9721700000005,168.79721700000005,39.1139120004369,24.401634560633887,1.3985946341981834,22.48705246518837,7
HPG,GOOD,UNCERTAINTY_AWARE_UCB_009,Uncertainty-Aware UCB-VAE — vae_019 + ucb_009,57,26,train,0.01,2556.66205,255.666205,23.615094452757535,28.63212358088439,0.8201560685977676,37.30229875864616,10
HPG,GOOD,UNCERTAINTY_AWARE_UCB_009,Uncertainty-Aware UCB-VAE — vae_019 + ucb_009,57,26,test,0.01,1687.9721700000005,168.79721700000005,39.1139120004369,24.401634560633887,1.3985946341981834,22.48705246518837,7
HPG,GOOD,UNCERTAINTY_AWARE_UCB_009,Uncertainty-Aware UCB-VAE — vae_019 + ucb_009,57,27,train,0.01,2556.2647600000005,255.62647600000003,23.612787191312812,28.67744136026901,0.8192413326443508,37.44817955678079,10
HPG,GOOD,UNCERTAINTY_AWARE_UCB_009,Uncertainty-Aware UCB-VAE — vae_019 + ucb_009,57,27,test,0.01,1699.9936700000007,169.99936700000006,39.32132289413153,24.401075869162074,1.4047617639134962,22.406875516593363,7
HPG,GOOD,UNCERTAINTY_AWARE_UCB_009,Uncertainty-Aware UCB-VAE — vae_019 + ucb_009,57,28,train,0.01,2556.2647600000005,255.62647600000003,23.612787191312812,28.67743979171721,0.8192413616614342,37.44817955678079,10
HPG,GOOD,UNCERTAINTY_AWARE_UCB_009,Uncertainty-Aware UCB-VAE — vae_019 + ucb_009,57,28,test,0.01,1699.0688500000006,169.90688500000007,39.305388538267174,24.414607592364355,1.4036471711410916,22.41302326356884,7
HPG,GOOD,UNCERTAINTY_AWARE_UCB_009,Uncertainty-Aware UCB-VAE — vae_019 + ucb_009,57,29,train,0.01,2556.6820800000005,255.66820800000002,23.615210771286655,28.67761898743223,0.8193070729848487,37.44817955678079,10
HPG,GOOD,UNCERTAINTY_AWARE_UCB_009,Uncertainty-Aware UCB-VAE — vae_019 + ucb_009,57,29,test,0.01,1699.0688500000006,169.90688500000007,39.305388538267174,24.414607592364355,1.4036471711410916,22.41302326356884,7
HPG,GOOD,UNCERTAINTY_AWARE_UCB_009,Uncertainty-Aware UCB-VAE — vae_019 + ucb_009,57,30,train,0.01,2571.68852,257.168852,23.702203467952,28.69243071669204,0.8215045283568808,37.369789168828554,10
HPG,GOOD,UNCERTAINTY_AWARE_UCB_009,Uncertainty-Aware UCB-VAE — vae_019 + ucb_009,57,30,test,0.01,1699.0688500000006,169.90688500000007,39.305388538267174,24.414607592364355,1.4036471711410916,22.41302326356884,7
HPG,GOOD,UNCERTAINTY_AWARE_UCB_009,Uncertainty-Aware UCB-VAE — vae_019 + ucb_009,57,31,train,0.01,2565.3155400000005,256.5315540000001,23.66529640966968,28.69572738447638,0.8203943567560773,37.32404816969707,10
HPG,GOOD,UNCERTAINTY_AWARE_UCB_009,Uncertainty-Aware UCB-VAE — vae_019 + ucb_009,57,31,test,0.01,1699.0688500000006,169.90688500000007,39.305388538267174,24.414607592364355,1.4036471711410916,22.41302326356884,7
HPG,GOOD,UNCERTAINTY_AWARE_UCB_009,Uncertainty-Aware UCB-VAE — vae_019 + ucb_009,57,32,train,0.01,2564.6773600000006,256.46773600000006,23.661597570024217,28.705937183852008,0.820097823825563,37.344452015622146,10
HPG,GOOD,UNCERTAINTY_AWARE_UCB_009,Uncertainty-Aware UCB-VAE — vae_019 + ucb_009,57,32,test,0.01,1673.4726300000002,167.34726300000003,38.86292291591778,24.381066067498388,1.3921291657642145,22.405455515146755,7
HPG,GOOD,UNCERTAINTY_AWARE_UCB_009,Uncertainty-Aware UCB-VAE — vae_019 + ucb_009,57,33,train,0.01,2564.3055200000003,256.43055200000003,23.6594421611551,28.706513232409787,0.820026162848743,37.359116314577676,10
HPG,GOOD,UNCERTAINTY_AWARE_UCB_009,Uncertainty-Aware UCB-VAE — vae_019 + ucb_009,57,33,test,0.01,1671.1379200000001,167.11379200000002,38.822424058634255,24.3326287608911,1.393220880611876,22.421135394786077,7
HPG,GOOD,UNCERTAINTY_AWARE_UCB_009,Uncertainty-Aware UCB-VAE — vae_019 + ucb_009,57,34,train,0.01,2542.04176,254.20417600000002,23.530045363066108,28.75757391281085,0.8154011017034677,37.46642897774669,10
HPG,GOOD,UNCERTAINTY_AWARE_UCB_009,Uncertainty-Aware UCB-VAE — vae_019 + ucb_009,57,34,test,0.01,1671.1379200000001,167.11379200000002,38.822424058634255,24.3326287608911,1.393220880611876,22.421135394786077,7
HPG,GOOD,UNCERTAINTY_AWARE_UCB_009,Uncertainty-Aware UCB-VAE — vae_019 + ucb_009,57,35,train,0.01,2552.41435,255.241435,23.590414807241956,28.799093075117128,0.8163506199234013,37.61964094371912,11
HPG,GOOD,UNCERTAINTY_AWARE_UCB_009,Uncertainty-Aware UCB-VAE — vae_019 + ucb_009,57,35,test,0.01,1671.1379200000001,167.11379200000002,38.822424058634255,24.3326287608911,1.393220880611876,22.421135394786077,7
HPG,GOOD,UNCERTAINTY_AWARE_UCB_009,Uncertainty-Aware UCB-VAE — vae_019 + ucb_009,57,36,train,0.01,2559.47024,255.947024,23.631396896177037,28.801660665134893,0.8174651705374114,37.61686587533717,11
HPG,GOOD,UNCERTAINTY_AWARE_UCB_009,Uncertainty-Aware UCB-VAE — vae_019 + ucb_009,57,36,test,0.01,1671.1379200000001,167.11379200000002,38.822424058634255,24.3326287608911,1.393220880611876,22.421135394786077,7
HPG,GOOD,UNCERTAINTY_AWARE_UCB_009,Uncertainty-Aware UCB-VAE — vae_019 + ucb_009,57,37,train,0.01,2563.64483,256.364483,23.65561194143,28.804685047271562,0.8180955085526727,37.61258441841016,11
HPG,GOOD,UNCERTAINTY_AWARE_UCB_009,Uncertainty-Aware UCB-VAE — vae_019 + ucb_009,57,37,test,0.01,1671.1379200000001,167.11379200000002,38.822424058634255,24.3326287608911,1.393220880611876,22.421135394786077,7
HPG,GOOD,UNCERTAINTY_AWARE_UCB_009,Uncertainty-Aware UCB-VAE — vae_019 + ucb_009,57,38,train,0.01,2559.23445,255.923445,23.630028471677768,28.817528697116636,0.8171329585303154,37.66010450697658,11
HPG,GOOD,UNCERTAINTY_AWARE_UCB_009,Uncertainty-Aware UCB-VAE — vae_019 + ucb_009,57,38,test,0.01,1671.1379200000001,167.11379200000002,38.822424058634255,24.3326287608911,1.393220880611876,22.421135394786077,7
HPG,GOOD,UNCERTAINTY_AWARE_UCB_009,Uncertainty-Aware UCB-VAE — vae_019 + ucb_009,57,39,train,0.01,2547.8587100000004,254.78587100000004,23.56391866167882,28.82801467896799,0.8150681553782959,37.66010450697658,11
HPG,GOOD,UNCERTAINTY_AWARE_UCB_009,Uncertainty-Aware UCB-VAE — vae_019 + ucb_009,57,39,test,0.01,1671.2093000000004,167.12093000000004,38.823662595367715,24.33167352929618,1.3933029139818802,22.420655682483705,7
HPG,GOOD,UNCERTAINTY_AWARE_UCB_009,Uncertainty-Aware UCB-VAE — vae_019 + ucb_009,57,40,train,0.01,2555.5747100000003,255.55747100000002,23.60877921600524,28.834706214008122,0.8162141411431423,37.64914470546186,11
HPG,GOOD,UNCERTAINTY_AWARE_UCB_009,Uncertainty-Aware UCB-VAE — vae_019 + ucb_009,57,40,test,0.01,1671.2093000000004,167.12093000000004,38.823662595367715,24.33167352929618,1.3933029139818802,22.420655682483705,7
HPG,GOOD,UNCERTAINTY_AWARE_UCB_009,Uncertainty-Aware UCB-VAE — vae_019 + ucb_009,57,41,train,0.01,2559.22359,255.92235900000003,23.629965443055067,28.845639695789206,0.816613078004521,37.59132408566766,11
HPG,GOOD,UNCERTAINTY_AWARE_UCB_009,Uncertainty-Aware UCB-VAE — vae_019 + ucb_009,57,41,test,0.01,1671.2093000000004,167.12093000000004,38.823662595367715,24.33167352929618,1.3933029139818802,22.420655682483705,7
HPG,GOOD,UNCERTAINTY_AWARE_UCB_009,Uncertainty-Aware UCB-VAE — vae_019 + ucb_009,57,42,train,0.01,2562.8313,256.28313,23.65089484939491,28.84780247770864,0.8171651624134646,37.59763085167529,11
HPG,GOOD,UNCERTAINTY_AWARE_UCB_009,Uncertainty-Aware UCB-VAE — vae_019 + ucb_009,57,42,test,0.01,1671.2093000000004,167.12093000000004,38.823662595367715,24.33167352929618,1.3933029139818802,22.420655682483705,7
HPG,GOOD,UNCERTAINTY_AWARE_UCB_009,Uncertainty-Aware UCB-VAE — vae_019 + ucb_009,57,43,train,0.01,2556.30058,255.63005800000002,23.61299522474749,28.845793107836254,0.8161293709656234,37.67712353674935,11
HPG,GOOD,UNCERTAINTY_AWARE_UCB_009,Uncertainty-Aware UCB-VAE — vae_019 + ucb_009,57,43,test,0.01,1671.2093000000004,167.12093000000004,38.823662595367715,24.33167352929618,1.3933029139818802,22.420655682483705,7
HPG,GOOD,UNCERTAINTY_AWARE_UCB_009,Uncertainty-Aware UCB-VAE — vae_019 + ucb_009,57,44,train,0.01,2553.21007,255.321007,23.595039905952532,28.85859719977803,0.8153862368994911,37.85714513461398,11
HPG,GOOD,UNCERTAINTY_AWARE_UCB_009,Uncertainty-Aware UCB-VAE — vae_019 + ucb_009,57,44,test,0.01,1665.8644700000004,166.58644700000005,38.73086172844935,24.37602741523311,1.3884492898822731,22.45663270712422,7
HPG,GOOD,UNCERTAINTY_AWARE_UCB_009,Uncertainty-Aware UCB-VAE — vae_019 + ucb_009,57,45,train,0.01,2553.21007,255.321007,23.595039905952532,28.85859719977803,0.8153862368994911,37.85714513461398,11
HPG,GOOD,UNCERTAINTY_AWARE_UCB_009,Uncertainty-Aware UCB-VAE — vae_019 + ucb_009,57,45,test,0.01,1665.8644700000004,166.58644700000005,38.73086172844935,24.37602741523311,1.3884492898822731,22.45663270712422,7
HPG,GOOD,UNCERTAINTY_AWARE_UCB_009,Uncertainty-Aware UCB-VAE — vae_019 + ucb_009,58,1,train,0.03,451.7555500000012,45.175555000000124,6.426587451010701,17.37206272195589,0.3333976286160082,36.70555489859048,5
HPG,GOOD,UNCERTAINTY_AWARE_UCB_009,Uncertainty-Aware UCB-VAE — vae_019 + ucb_009,58,1,test,0.03,1665.32298,166.532298,38.7214530691137,30.204667627918013,1.1729318430200342,33.76755973718779,10
HPG,GOOD,UNCERTAINTY_AWARE_UCB_009,Uncertainty-Aware UCB-VAE — vae_019 + ucb_009,58,2,train,0.027,456.8192400000012,45.681924000000116,6.488522124234897,17.369787858528873,0.33679529384087425,36.92738088106785,5
HPG,GOOD,UNCERTAINTY_AWARE_UCB_009,Uncertainty-Aware UCB-VAE — vae_019 + ucb_009,58,2,test,0.027,1667.80649,166.780649,38.76459483006678,30.201695871739688,1.1740618838518797,33.767999839015395,10
HPG,GOOD,UNCERTAINTY_AWARE_UCB_009,Uncertainty-Aware UCB-VAE — vae_019 + ucb_009,58,3,train,0.024300000000000002,458.63885000000164,45.86388500000017,6.5107342294060455,17.325255937362293,0.3384364179346101,37.122331710961944,5
HPG,GOOD,UNCERTAINTY_AWARE_UCB_009,Uncertainty-Aware UCB-VAE — vae_019 + ucb_009,58,3,test,0.024300000000000002,1664.4659299999998,166.44659299999998,38.70655879418956,30.196875225742335,1.1728105762570127,33.767999839015395,10
HPG,GOOD,UNCERTAINTY_AWARE_UCB_009,Uncertainty-Aware UCB-VAE — vae_019 + ucb_009,58,4,train,0.02187,435.86524000000145,43.586524000000146,6.231055589695522,17.381980474943138,0.3226325276076525,36.77670626275247,5
HPG,GOOD,UNCERTAINTY_AWARE_UCB_009,Uncertainty-Aware UCB-VAE — vae_019 + ucb_009,58,4,test,0.02187,1664.4659299999998,166.44659299999998,38.70655879418956,30.196875225742335,1.1728105762570127,33.767999839015395,10
HPG,GOOD,UNCERTAINTY_AWARE_UCB_009,Uncertainty-Aware UCB-VAE — vae_019 + ucb_009,58,5,train,0.019683,429.87710000000106,42.987710000000106,6.156903161406491,17.33957518723973,0.318933500801654,36.77935225957791,5
HPG,GOOD,UNCERTAINTY_AWARE_UCB_009,Uncertainty-Aware UCB-VAE — vae_019 + ucb_009,58,5,test,0.019683,1664.4659299999998,166.44659299999998,38.70655879418956,30.196875225742335,1.1728105762570127,33.767999839015395,10
HPG,GOOD,UNCERTAINTY_AWARE_UCB_009,Uncertainty-Aware UCB-VAE — vae_019 + ucb_009,58,6,train,0.0177147,429.1964900000007,42.91964900000007,6.148458659668976,17.228089709670662,0.31942263946996485,37.010628463674315,5
HPG,GOOD,UNCERTAINTY_AWARE_UCB_009,Uncertainty-Aware UCB-VAE — vae_019 + ucb_009,58,6,test,0.0177147,1664.4759400000003,166.447594,38.70673277176038,30.192669186328853,1.172937085644159,33.767033738292966,10
HPG,GOOD,UNCERTAINTY_AWARE_UCB_009,Uncertainty-Aware UCB-VAE — vae_019 + ucb_009,58,7,train,0.015943230000000003,431.54376000000116,43.15437600000011,6.177567708561993,17.245595987935403,0.3208729940857102,36.969664508469016,5
HPG,GOOD,UNCERTAINTY_AWARE_UCB_009,Uncertainty-Aware UCB-VAE — vae_019 + ucb_009,58,7,test,0.015943230000000003,1664.4759400000003,166.447594,38.70673277176038,30.192669186328853,1.172937085644159,33.767033738292966,10
HPG,GOOD,UNCERTAINTY_AWARE_UCB_009,Uncertainty-Aware UCB-VAE — vae_019 + ucb_009,58,8,train,0.014348907000000001,452.1147600000006,45.21147600000006,6.430986921207316,17.23537741510535,0.3349120436911638,37.11282984571961,5
HPG,GOOD,UNCERTAINTY_AWARE_UCB_009,Uncertainty-Aware UCB-VAE — vae_019 + ucb_009,58,8,test,0.014348907000000001,1662.2236899999998,166.222369,38.667576841380225,30.16728613281844,1.1727261957787467,33.7442739108843,10
HPG,GOOD,UNCERTAINTY_AWARE_UCB_009,Uncertainty-Aware UCB-VAE — vae_019 + ucb_009,58,9,train,0.012914016300000003,449.72494000000097,44.9724940000001,6.401700232967111,17.290330720018343,0.3327888646675482,37.16061449201219,5
HPG,GOOD,UNCERTAINTY_AWARE_UCB_009,Uncertainty-Aware UCB-VAE — vae_019 + ucb_009,58,9,test,0.012914016300000003,1662.2236899999998,166.222369,38.667576841380225,30.16728613281844,1.1727261957787467,33.7442739108843,10
HPG,GOOD,UNCERTAINTY_AWARE_UCB_009,Uncertainty-Aware UCB-VAE — vae_019 + ucb_009,58,10,train,0.011622614670000002,452.7600400000006,45.27600400000006,6.438887793901182,17.210856519733735,0.33557953438115995,37.13167243136717,5
HPG,GOOD,UNCERTAINTY_AWARE_UCB_009,Uncertainty-Aware UCB-VAE — vae_019 + ucb_009,58,10,test,0.011622614670000002,1684.12732,168.412732,39.04744514705798,30.252520947433542,1.179364404957521,33.727254709946116,10
HPG,GOOD,UNCERTAINTY_AWARE_UCB_009,Uncertainty-Aware UCB-VAE — vae_019 + ucb_009,58,11,train,0.010460353203000003,451.1408900000006,45.11408900000006,6.419057220858981,17.217383271086522,0.33442581857297354,37.16126706117973,5
HPG,GOOD,UNCERTAINTY_AWARE_UCB_009,Uncertainty-Aware UCB-VAE — vae_019 + ucb_009,58,11,test,0.010460353203000003,1684.12732,168.412732,39.04744514705798,30.252520947433542,1.179364404957521,33.727254709946116,10
HPG,GOOD,UNCERTAINTY_AWARE_UCB_009,Uncertainty-Aware UCB-VAE — vae_019 + ucb_009,58,12,train,0.01,443.6457000000007,44.36457000000007,6.327018904935566,17.18772414566684,0.32962541834534453,37.2284839955869,5
HPG,GOOD,UNCERTAINTY_AWARE_UCB_009,Uncertainty-Aware UCB-VAE — vae_019 + ucb_009,58,12,test,0.01,1684.12732,168.412732,39.04744514705798,30.252520947433542,1.179364404957521,33.727254709946116,10
HPG,GOOD,UNCERTAINTY_AWARE_UCB_009,Uncertainty-Aware UCB-VAE — vae_019 + ucb_009,58,13,train,0.01,443.74694000000045,44.37469400000004,6.328264745697609,17.137773251390087,0.33015655232144364,37.20898249876903,5
HPG,GOOD,UNCERTAINTY_AWARE_UCB_009,Uncertainty-Aware UCB-VAE — vae_019 + ucb_009,58,13,test,0.01,1684.12732,168.412732,39.04744514705798,30.252520947433542,1.179364404957521,33.727254709946116,10
HPG,GOOD,UNCERTAINTY_AWARE_UCB_009,Uncertainty-Aware UCB-VAE — vae_019 + ucb_009,58,14,train,0.01,426.81511000000046,42.68151100000004,6.118885884152725,17.01151863513958,0.31964217151103963,37.14773355883757,5
HPG,GOOD,UNCERTAINTY_AWARE_UCB_009,Uncertainty-Aware UCB-VAE — vae_019 + ucb_009,58,14,test,0.01,1684.12732,168.412732,39.04744514705798,30.252520947433542,1.179364404957521,33.727254709946116,10
HPG,GOOD,UNCERTAINTY_AWARE_UCB_009,Uncertainty-Aware UCB-VAE — vae_019 + ucb_009,58,15,train,0.01,423.3281700000002,42.33281700000002,6.075509637657528,17.00403628942934,0.31728002941244177,37.02862312339896,5
HPG,GOOD,UNCERTAINTY_AWARE_UCB_009,Uncertainty-Aware UCB-VAE — vae_019 + ucb_009,58,15,test,0.01,1684.12732,168.412732,39.04744514705798,30.252520947433542,1.179364404957521,33.727254709946116,10
HPG,GOOD,UNCERTAINTY_AWARE_UCB_009,Uncertainty-Aware UCB-VAE — vae_019 + ucb_009,58,16,train,0.01,436.8918400000007,43.68918400000007,6.2437423246269,17.074327809646846,0.3260460497126609,36.936527220810675,5
HPG,GOOD,UNCERTAINTY_AWARE_UCB_009,Uncertainty-Aware UCB-VAE — vae_019 + ucb_009,58,16,test,0.01,1663.1363500000002,166.31363500000003,38.68344632225702,30.113113695584726,1.174682714560536,33.65618984641653,10
HPG,GOOD,UNCERTAINTY_AWARE_UCB_009,Uncertainty-Aware UCB-VAE — vae_019 + ucb_009,58,17,train,0.01,433.0607400000008,43.30607400000008,6.1963589939665775,17.031254998607885,0.32379815455763356,36.95672868891803,5
HPG,GOOD,UNCERTAINTY_AWARE_UCB_009,Uncertainty-Aware UCB-VAE — vae_019 + ucb_009,58,17,test,0.01,1663.1363500000002,166.31363500000003,38.68344632225702,30.113113695584726,1.174682714560536,33.65618984641653,10
HPG,GOOD,UNCERTAINTY_AWARE_UCB_009,Uncertainty-Aware UCB-VAE — vae_019 + ucb_009,58,18,train,0.01,418.36044000000015,41.836044000000015,6.0135597845931255,16.887552740397236,0.3148039916748556,37.07791364131284,5
HPG,GOOD,UNCERTAINTY_AWARE_UCB_009,Uncertainty-Aware UCB-VAE — vae_019 + ucb_009,58,18,test,0.01,1660.0488500000001,166.004885,38.629745755905496,30.155805277256686,1.1721618114503332,34.01503980436316,10
HPG,GOOD,UNCERTAINTY_AWARE_UCB_009,Uncertainty-Aware UCB-VAE — vae_019 + ucb_009,58,19,train,0.01,417.2642100000003,41.72642100000003,5.99986496266709,16.877701202290492,0.31411620406157165,37.09628140726407,5
HPG,GOOD,UNCERTAINTY_AWARE_UCB_009,Uncertainty-Aware UCB-VAE — vae_019 + ucb_009,58,19,test,0.01,1663.2498300000002,166.32498300000003,38.68541927775373,30.043288401312772,1.1767703321826106,33.645237487777166,10
HPG,GOOD,UNCERTAINTY_AWARE_UCB_009,Uncertainty-Aware UCB-VAE — vae_019 + ucb_009,58,20,train,0.01,418.10065000000054,41.81006500000005,6.01031511532768,16.920120649250048,0.3143476363715196,37.05095429760751,5
HPG,GOOD,UNCERTAINTY_AWARE_UCB_009,Uncertainty-Aware UCB-VAE — vae_019 + ucb_009,58,20,test,0.01,1663.2498300000002,166.32498300000003,38.68541927775373,30.043288401312772,1.1767703321826106,33.645237487777166,10
HPG,GOOD,UNCERTAINTY_AWARE_UCB_009,Uncertainty-Aware UCB-VAE — vae_019 + ucb_009,58,21,train,0.01,424.6685500000008,42.46685500000007,6.092193931429368,16.959851391697523,0.31860628099572796,36.91964320898594,5
HPG,GOOD,UNCERTAINTY_AWARE_UCB_009,Uncertainty-Aware UCB-VAE — vae_019 + ucb_009,58,21,test,0.01,1664.5604200000002,166.45604200000002,38.708201048641854,30.076276601796764,1.1763647895619391,33.758880272855414,10
HPG,GOOD,UNCERTAINTY_AWARE_UCB_009,Uncertainty-Aware UCB-VAE — vae_019 + ucb_009,58,22,train,0.01,424.6685500000008,42.46685500000007,6.092193931429368,16.959851391697523,0.31860628099572796,36.91964320898594,5
HPG,GOOD,UNCERTAINTY_AWARE_UCB_009,Uncertainty-Aware UCB-VAE — vae_019 + ucb_009,58,22,test,0.01,1664.5604200000002,166.45604200000002,38.708201048641854,30.076276601796764,1.1763647895619391,33.758880272855414,10
HPG,GOOD,UNCERTAINTY_AWARE_UCB_009,Uncertainty-Aware UCB-VAE — vae_019 + ucb_009,58,23,train,0.01,410.16173000000026,41.01617300000003,5.9109217524881075,16.89483066776554,0.3089624010727462,37.040269718603696,5
HPG,GOOD,UNCERTAINTY_AWARE_UCB_009,Uncertainty-Aware UCB-VAE — vae_019 + ucb_009,58,23,test,0.01,1660.70215,166.07021500000002,38.641111996725726,30.061788386185484,1.1751688582984792,33.89112315096309,10
HPG,GOOD,UNCERTAINTY_AWARE_UCB_009,Uncertainty-Aware UCB-VAE — vae_019 + ucb_009,58,24,train,0.01,406.99195000000054,40.69919500000005,5.871106641517487,16.846184404569275,0.30711417835097965,36.79488689366273,5
HPG,GOOD,UNCERTAINTY_AWARE_UCB_009,Uncertainty-Aware UCB-VAE — vae_019 + ucb_009,58,24,test,0.01,1663.66289,166.36628900000002,38.69260023772745,29.94166642257309,1.179931666677319,33.605371597227496,10
HPG,GOOD,UNCERTAINTY_AWARE_UCB_009,Uncertainty-Aware UCB-VAE — vae_019 + ucb_009,58,25,train,0.01,401.8250900000005,40.18250900000005,5.80604608537254,16.73901022856316,0.3042961330430068,37.02105750983083,5
HPG,GOOD,UNCERTAINTY_AWARE_UCB_009,Uncertainty-Aware UCB-VAE — vae_019 + ucb_009,58,25,test,0.01,1663.66289,166.36628900000002,38.69260023772745,29.94166642257309,1.179931666677319,33.605371597227496,10
HPG,GOOD,UNCERTAINTY_AWARE_UCB_009,Uncertainty-Aware UCB-VAE — vae_019 + ucb_009,58,26,train,0.01,403.84506000000033,40.38450600000003,5.831505075665189,16.74312674385996,0.3057129240162153,36.97046175979355,5
HPG,GOOD,UNCERTAINTY_AWARE_UCB_009,Uncertainty-Aware UCB-VAE — vae_019 + ucb_009,58,26,test,0.01,1663.66289,166.36628900000002,38.69260023772745,29.94166642257309,1.179931666677319,33.605371597227496,10
HPG,GOOD,UNCERTAINTY_AWARE_UCB_009,Uncertainty-Aware UCB-VAE — vae_019 + ucb_009,58,27,train,0.01,404.48475000000053,40.44847500000005,5.839561141810323,16.74000419654217,0.3061993710604249,36.95360257571665,5
HPG,GOOD,UNCERTAINTY_AWARE_UCB_009,Uncertainty-Aware UCB-VAE — vae_019 + ucb_009,58,27,test,0.01,1684.4725400000002,168.44725400000002,39.05341563944273,30.072260099053622,1.1847931228488895,33.693936299217505,10
HPG,GOOD,UNCERTAINTY_AWARE_UCB_009,Uncertainty-Aware UCB-VAE — vae_019 + ucb_009,58,28,train,0.01,398.4489600000004,39.84489600000004,5.763426237064517,16.678088198186337,0.30236221484939657,37.00357552054821,5
HPG,GOOD,UNCERTAINTY_AWARE_UCB_009,Uncertainty-Aware UCB-VAE — vae_019 + ucb_009,58,28,test,0.01,1684.4725400000002,168.44725400000002,39.05341563944273,30.072260099053622,1.1847931228488895,33.693936299217505,10
HPG,GOOD,UNCERTAINTY_AWARE_UCB_009,Uncertainty-Aware UCB-VAE — vae_019 + ucb_009,58,29,train,0.01,398.29015000000027,39.82901500000003,5.761419329619111,16.672699020326693,0.3022901931826084,36.98775845805025,5
HPG,GOOD,UNCERTAINTY_AWARE_UCB_009,Uncertainty-Aware UCB-VAE — vae_019 + ucb_009,58,29,test,0.01,1663.3147700000004,166.33147700000004,38.68654829494715,29.915064027950972,1.1805726680559805,33.63896989727627,10
HPG,GOOD,UNCERTAINTY_AWARE_UCB_009,Uncertainty-Aware UCB-VAE — vae_019 + ucb_009,58,30,train,0.01,399.1228100000003,39.91228100000003,5.7719396766218845,16.65910971709495,0.30300258978091965,36.86930858471489,5
HPG,GOOD,UNCERTAINTY_AWARE_UCB_009,Uncertainty-Aware UCB-VAE — vae_019 + ucb_009,58,30,test,0.01,1684.7428100000002,168.47428100000002,39.05808953363916,30.048269774919984,1.1856108192476609,33.667851579712206,10
HPG,GOOD,UNCERTAINTY_AWARE_UCB_009,Uncertainty-Aware UCB-VAE — vae_019 + ucb_009,58,31,train,0.01,399.1228100000003,39.91228100000003,5.7719396766218845,16.65910971709495,0.30300258978091965,36.86930858471489,5
HPG,GOOD,UNCERTAINTY_AWARE_UCB_009,Uncertainty-Aware UCB-VAE — vae_019 + ucb_009,58,31,test,0.01,1684.7428100000002,168.47428100000002,39.05808953363916,30.048269774919984,1.1856108192476609,33.667851579712206,10
HPG,GOOD,UNCERTAINTY_AWARE_UCB_009,Uncertainty-Aware UCB-VAE — vae_019 + ucb_009,58,32,train,0.01,398.0679400000008,39.80679400000008,5.758610907514972,16.63983679478955,0.30240273503784976,36.88717602456376,5
HPG,GOOD,UNCERTAINTY_AWARE_UCB_009,Uncertainty-Aware UCB-VAE — vae_019 + ucb_009,58,32,test,0.01,1684.7428100000002,168.47428100000002,39.05808953363916,30.048269774919984,1.1856108192476609,33.667851579712206,10
HPG,GOOD,UNCERTAINTY_AWARE_UCB_009,Uncertainty-Aware UCB-VAE — vae_019 + ucb_009,58,33,train,0.01,390.40987000000086,39.04098700000009,5.661595712671841,16.596355839107584,0.297178720500927,36.873268209229785,5
HPG,GOOD,UNCERTAINTY_AWARE_UCB_009,Uncertainty-Aware UCB-VAE — vae_019 + ucb_009,58,33,test,0.01,1684.7428100000002,168.47428100000002,39.05808953363916,30.048269774919984,1.1856108192476609,33.667851579712206,10
HPG,GOOD,UNCERTAINTY_AWARE_UCB_009,Uncertainty-Aware UCB-VAE — vae_019 + ucb_009,58,34,train,0.01,390.02080000000115,39.00208000000012,5.656654964129615,16.597733490747267,0.29688405339540597,36.87989700060901,5
HPG,GOOD,UNCERTAINTY_AWARE_UCB_009,Uncertainty-Aware UCB-VAE — vae_019 + ucb_009,58,34,test,0.01,1684.7428100000002,168.47428100000002,39.05808953363916,30.048269774919984,1.1856108192476609,33.667851579712206,10
HPG,GOOD,UNCERTAINTY_AWARE_UCB_009,Uncertainty-Aware UCB-VAE — vae_019 + ucb_009,58,35,train,0.01,398.5047100000006,39.85047100000006,5.764130713741755,16.619019939616997,0.30288681696879727,36.93547485713614,5
HPG,GOOD,UNCERTAINTY_AWARE_UCB_009,Uncertainty-Aware UCB-VAE — vae_019 + ucb_009,58,35,test,0.01,1662.1761500000002,166.21761500000002,38.66675010881331,29.907483901416626,1.1803174037926505,33.7488621654641,10
HPG,GOOD,UNCERTAINTY_AWARE_UCB_009,Uncertainty-Aware UCB-VAE — vae_019 + ucb_009,58,36,train,0.01,398.80549000000065,39.880549000000066,5.767931072505994,16.600364577262535,0.30325962849047977,36.93037609391361,5
HPG,GOOD,UNCERTAINTY_AWARE_UCB_009,Uncertainty-Aware UCB-VAE — vae_019 + ucb_009,58,36,test,0.01,1662.1761500000002,166.21761500000002,38.66675010881331,29.907483901416626,1.1803174037926505,33.7488621654641,10
HPG,GOOD,UNCERTAINTY_AWARE_UCB_009,Uncertainty-Aware UCB-VAE — vae_019 + ucb_009,58,37,train,0.01,398.86399000000074,39.886399000000075,5.768670141614729,16.62173568077533,0.30312895151178615,36.92938457697231,5
HPG,GOOD,UNCERTAINTY_AWARE_UCB_009,Uncertainty-Aware UCB-VAE — vae_019 + ucb_009,58,37,test,0.01,1662.1761500000002,166.21761500000002,38.66675010881331,29.907483901416626,1.1803174037926505,33.7488621654641,10
HPG,GOOD,UNCERTAINTY_AWARE_UCB_009,Uncertainty-Aware UCB-VAE — vae_019 + ucb_009,58,38,train,0.01,398.59426000000053,39.859426000000056,5.7652622501883855,16.624973896852786,0.30290662774572463,36.93395667602157,5
HPG,GOOD,UNCERTAINTY_AWARE_UCB_009,Uncertainty-Aware UCB-VAE — vae_019 + ucb_009,58,38,test,0.01,1662.1761500000002,166.21761500000002,38.66675010881331,29.907483901416626,1.1803174037926505,33.7488621654641,10
HPG,GOOD,UNCERTAINTY_AWARE_UCB_009,Uncertainty-Aware UCB-VAE — vae_019 + ucb_009,58,39,train,0.01,404.9063300000007,40.490633000000074,5.844868724705421,16.60271049207408,0.30765865236834533,36.8855908278977,5
HPG,GOOD,UNCERTAINTY_AWARE_UCB_009,Uncertainty-Aware UCB-VAE — vae_019 + ucb_009,58,39,test,0.01,1662.1761500000002,166.21761500000002,38.66675010881331,29.907483901416626,1.1803174037926505,33.7488621654641,10
HPG,GOOD,UNCERTAINTY_AWARE_UCB_009,Uncertainty-Aware UCB-VAE — vae_019 + ucb_009,58,40,train,0.01,399.65474000000063,39.965474000000064,5.778657683296173,16.59489428125585,0.303923976608809,36.91598737107856,5
HPG,GOOD,UNCERTAINTY_AWARE_UCB_009,Uncertainty-Aware UCB-VAE — vae_019 + ucb_009,58,40,test,0.01,1662.1761500000002,166.21761500000002,38.66675010881331,29.907483901416626,1.1803174037926505,33.7488621654641,10
HPG,GOOD,UNCERTAINTY_AWARE_UCB_009,Uncertainty-Aware UCB-VAE — vae_019 + ucb_009,58,41,train,0.01,398.5928700000004,39.85928700000004,5.765244686878823,16.51653341105847,0.303801442599045,36.933980240358316,5
HPG,GOOD,UNCERTAINTY_AWARE_UCB_009,Uncertainty-Aware UCB-VAE — vae_019 + ucb_009,58,41,test,0.01,1662.1285700000003,166.21285700000004,38.66592267078941,29.837656238634157,1.182368035537195,33.75345428058624,10
HPG,GOOD,UNCERTAINTY_AWARE_UCB_009,Uncertainty-Aware UCB-VAE — vae_019 + ucb_009,58,42,train,0.01,422.86318000000074,42.28631800000007,6.06971864709458,16.526707078380777,0.3212684332322807,36.93413624508676,5
HPG,GOOD,UNCERTAINTY_AWARE_UCB_009,Uncertainty-Aware UCB-VAE — vae_019 + ucb_009,58,42,test,0.01,1660.5570000000002,166.05570000000003,38.63858680936714,29.85342237621878,1.18124364530389,33.75345428058624,10
HPG,GOOD,UNCERTAINTY_AWARE_UCB_009,Uncertainty-Aware UCB-VAE — vae_019 + ucb_009,58,43,train,0.01,423.9638200000006,42.39638200000006,6.0834234808683885,16.527428840911178,0.3220498558660964,36.85048609975017,5
HPG,GOOD,UNCERTAINTY_AWARE_UCB_009,Uncertainty-Aware UCB-VAE — vae_019 + ucb_009,58,43,test,0.01,1661.7181600000004,166.17181600000004,38.65878504364415,29.888892537529433,1.1807042979435083,34.12527645264624,10
HPG,GOOD,UNCERTAINTY_AWARE_UCB_009,Uncertainty-Aware UCB-VAE — vae_019 + ucb_009,58,44,train,0.01,408.67762000000107,40.867762000000106,5.892289369092385,16.453885874147733,0.3116959625225159,36.90658249396623,5
HPG,GOOD,UNCERTAINTY_AWARE_UCB_009,Uncertainty-Aware UCB-VAE — vae_019 + ucb_009,58,44,test,0.01,1661.7181600000004,166.17181600000004,38.65878504364415,29.888892537529433,1.1807042979435083,34.12527645264624,10
HPG,GOOD,UNCERTAINTY_AWARE_UCB_009,Uncertainty-Aware UCB-VAE — vae_019 + ucb_009,58,45,train,0.01,408.35557000000085,40.83555700000009,5.88824400657415,16.432606472682924,0.3116526960554961,36.91200277361825,5
HPG,GOOD,UNCERTAINTY_AWARE_UCB_009,Uncertainty-Aware UCB-VAE — vae_019 + ucb_009,58,45,test,0.01,1661.7181600000004,166.17181600000004,38.65878504364415,29.888892537529433,1.1807042979435083,34.12527645264624,10
HPG,GOOD,UNCERTAINTY_AWARE_UCB_009,Uncertainty-Aware UCB-VAE — vae_019 + ucb_009,59,1,train,0.03,-45.314689999999246,-4.531468999999925,-0.7718423370326355,3.6949068230822055,-0.7342314927541261,9.862449247793688,0
HPG,GOOD,UNCERTAINTY_AWARE_UCB_009,Uncertainty-Aware UCB-VAE — vae_019 + ucb_009,59,1,test,0.03,1344.7623300000005,134.47623300000004,32.91182369282832,20.094065404609545,1.4226051783203977,20.085220321316516,3
HPG,GOOD,UNCERTAINTY_AWARE_UCB_009,Uncertainty-Aware UCB-VAE — vae_019 + ucb_009,59,2,train,0.027,-45.314689999999246,-4.531468999999925,-0.7718423370326355,3.6949068230822055,-0.7342314927541261,9.862449247793688,0
HPG,GOOD,UNCERTAINTY_AWARE_UCB_009,Uncertainty-Aware UCB-VAE — vae_019 + ucb_009,59,2,test,0.027,1349.7238700000003,134.97238700000003,33.00565512845248,20.09945871029388,1.4257987603323847,20.050244533462102,3
HPG,GOOD,UNCERTAINTY_AWARE_UCB_009,Uncertainty-Aware UCB-VAE — vae_019 + ucb_009,59,3,train,0.024300000000000002,-40.136809999999514,-4.013680999999951,-0.6821226141227044,3.7169088470260037,-0.7051352968823921,9.369003531897123,0
HPG,GOOD,UNCERTAINTY_AWARE_UCB_009,Uncertainty-Aware UCB-VAE — vae_019 + ucb_009,59,3,test,0.024300000000000002,1350.6182600000002,135.06182600000002,33.022555570526,20.158484406201683,1.4228482025430136,20.04395259145991,3
HPG,GOOD,UNCERTAINTY_AWARE_UCB_009,Uncertainty-Aware UCB-VAE — vae_019 + ucb_009,59,4,train,0.02187,-37.34649999999965,-3.734649999999965,-0.633940543816558,3.775980635289413,-0.6805609726231154,9.103090355940294,0
HPG,GOOD,UNCERTAINTY_AWARE_UCB_009,Uncertainty-Aware UCB-VAE — vae_019 + ucb_009,59,4,test,0.02187,1382.8498700000005,138.28498700000006,33.62876844196221,20.282392713342148,1.4378893325198494,20.033104125242346,3
HPG,GOOD,UNCERTAINTY_AWARE_UCB_009,Uncertainty-Aware UCB-VAE — vae_019 + ucb_009,59,5,train,0.019683,-39.23649999999952,-3.9236499999999523,-0.6665636509201711,3.781914456700244,-0.6881925564309317,9.283205075293482,0
HPG,GOOD,UNCERTAINTY_AWARE_UCB_009,Uncertainty-Aware UCB-VAE — vae_019 + ucb_009,59,5,test,0.019683,1358.0256300000005,135.80256300000008,33.16236126323548,20.419654310044987,1.412390310183667,19.991993894508173,3
HPG,GOOD,UNCERTAINTY_AWARE_UCB_009,Uncertainty-Aware UCB-VAE — vae_019 + ucb_009,59,6,train,0.0177147,-48.327519999999595,-4.832751999999959,-0.8242338438328889,3.8340841453526604,-0.7200996078981897,10.172868054992271,0
HPG,GOOD,UNCERTAINTY_AWARE_UCB_009,Uncertainty-Aware UCB-VAE — vae_019 + ucb_009,59,6,test,0.0177147,1360.4483900000005,136.04483900000005,33.208024606247655,20.48253914502034,1.4103638581817406,20.187869760493065,3
HPG,GOOD,UNCERTAINTY_AWARE_UCB_009,Uncertainty-Aware UCB-VAE — vae_019 + ucb_009,59,7,train,0.015943230000000003,-48.50753999999961,-4.85075399999996,-0.8273686673280767,3.8353948571129144,-0.7206718027291106,10.190019295002058,0
HPG,GOOD,UNCERTAINTY_AWARE_UCB_009,Uncertainty-Aware UCB-VAE — vae_019 + ucb_009,59,7,test,0.015943230000000003,1305.92254,130.592254,32.172684583075295,20.50582412023099,1.3707670472468498,20.292955213498058,4
HPG,GOOD,UNCERTAINTY_AWARE_UCB_009,Uncertainty-Aware UCB-VAE — vae_019 + ucb_009,59,8,train,0.014348907000000001,-48.50753999999961,-4.85075399999996,-0.8273686673280767,3.8353948571129144,-0.7206718027291106,10.190019295002058,0
HPG,GOOD,UNCERTAINTY_AWARE_UCB_009,Uncertainty-Aware UCB-VAE — vae_019 + ucb_009,59,8,test,0.014348907000000001,1322.8393100000008,132.28393100000005,32.49563004068059,20.59912034069098,1.377388345902643,20.40499973447459,4
HPG,GOOD,UNCERTAINTY_AWARE_UCB_009,Uncertainty-Aware UCB-VAE — vae_019 + ucb_009,59,9,train,0.012914016300000003,-48.50753999999961,-4.85075399999996,-0.8273686673280767,3.8353948571129144,-0.7206718027291106,10.190019295002058,0
HPG,GOOD,UNCERTAINTY_AWARE_UCB_009,Uncertainty-Aware UCB-VAE — vae_019 + ucb_009,59,9,test,0.012914016300000003,1322.7456400000005,132.27456400000005,32.493846177081394,20.63048370355523,1.3755422897098317,20.476992540276996,4
HPG,GOOD,UNCERTAINTY_AWARE_UCB_009,Uncertainty-Aware UCB-VAE — vae_019 + ucb_009,59,10,train,0.011622614670000002,-48.50753999999961,-4.85075399999996,-0.8273686673280767,3.8353948571129144,-0.7206718027291106,10.190019295002058,0
HPG,GOOD,UNCERTAINTY_AWARE_UCB_009,Uncertainty-Aware UCB-VAE — vae_019 + ucb_009,59,10,test,0.011622614670000002,1324.8749300000009,132.4874930000001,32.53438482098983,20.661630097836984,1.3752648445743707,20.461597484992357,4
HPG,GOOD,UNCERTAINTY_AWARE_UCB_009,Uncertainty-Aware UCB-VAE — vae_019 + ucb_009,59,11,train,0.010460353203000003,-68.03455999999937,-6.803455999999937,-1.1703775615339418,3.9731057710494566,-0.7822816388222287,12.050438174548168,0
HPG,GOOD,UNCERTAINTY_AWARE_UCB_009,Uncertainty-Aware UCB-VAE — vae_019 + ucb_009,59,11,test,0.010460353203000003,1324.8749300000009,132.4874930000001,32.53438482098983,20.661630097836984,1.3752648445743707,20.461597484992357,4
HPG,GOOD,UNCERTAINTY_AWARE_UCB_009,Uncertainty-Aware UCB-VAE — vae_019 + ucb_009,59,12,train,0.01,-74.00285999999983,-7.400285999999983,-1.2764101337951583,3.966517993073489,-0.8109481131865194,12.619062470462037,0
HPG,GOOD,UNCERTAINTY_AWARE_UCB_009,Uncertainty-Aware UCB-VAE — vae_019 + ucb_009,59,12,test,0.01,1325.1448400000004,132.51448400000004,32.53952175583726,20.661242977882864,1.3754752576242115,20.4596476521032,4
HPG,GOOD,UNCERTAINTY_AWARE_UCB_009,Uncertainty-Aware UCB-VAE — vae_019 + ucb_009,59,13,train,0.01,-73.96343999999976,-7.396343999999977,-1.2757079346743083,3.9666583189796363,-0.8107371328937306,12.61530676620036,0
HPG,GOOD,UNCERTAINTY_AWARE_UCB_009,Uncertainty-Aware UCB-VAE — vae_019 + ucb_009,59,13,test,0.01,1323.7303800000004,132.37303800000004,32.51259729742833,20.677738673941995,1.3735546084766075,20.469869858164895,4
HPG,GOOD,UNCERTAINTY_AWARE_UCB_009,Uncertainty-Aware UCB-VAE — vae_019 + ucb_009,59,14,train,0.01,-74.14345999999978,-7.414345999999977,-1.2789148824095542,3.9679236908783193,-0.8112917898889819,12.632458006210149,0
HPG,GOOD,UNCERTAINTY_AWARE_UCB_009,Uncertainty-Aware UCB-VAE — vae_019 + ucb_009,59,14,test,0.01,1325.2457300000005,132.52457300000003,32.54144179521632,20.637285389139244,1.3769091338092831,20.28623524185675,4
HPG,GOOD,UNCERTAINTY_AWARE_UCB_009,Uncertainty-Aware UCB-VAE — vae_019 + ucb_009,59,15,train,0.01,-62.65627999999947,-6.265627999999947,-1.0753106319060013,4.038068130774103,-0.7450310940362876,11.538027491736084,0
HPG,GOOD,UNCERTAINTY_AWARE_UCB_009,Uncertainty-Aware UCB-VAE — vae_019 + ucb_009,59,15,test,0.01,1325.1121700000008,132.51121700000007,32.538900000592804,20.708390218457705,1.3727956269171293,20.45988364078441,4
HPG,GOOD,UNCERTAINTY_AWARE_UCB_009,Uncertainty-Aware UCB-VAE — vae_019 + ucb_009,59,16,train,0.01,-62.65627999999947,-6.265627999999947,-1.0753106319060013,4.038068130774103,-0.7450310940362876,11.538027491736084,0
HPG,GOOD,UNCERTAINTY_AWARE_UCB_009,Uncertainty-Aware UCB-VAE — vae_019 + ucb_009,59,16,test,0.01,1333.9612500000007,133.39612500000007,32.70709797977616,20.73008024321754,1.3777139595131223,20.3961614861986,4
HPG,GOOD,UNCERTAINTY_AWARE_UCB_009,Uncertainty-Aware UCB-VAE — vae_019 + ucb_009,59,17,train,0.01,-62.65627999999947,-6.265627999999947,-1.0753106319060013,4.038068130774103,-0.7450310940362876,11.538027491736084,0
HPG,GOOD,UNCERTAINTY_AWARE_UCB_009,Uncertainty-Aware UCB-VAE — vae_019 + ucb_009,59,17,test,0.01,1352.0328600000007,135.20328600000008,33.04927718590325,20.817677827193673,1.3852197072686012,20.48121930090916,4
HPG,GOOD,UNCERTAINTY_AWARE_UCB_009,Uncertainty-Aware UCB-VAE — vae_019 + ucb_009,59,18,train,0.01,-61.90957999999932,-6.190957999999933,-1.0621478402770612,4.035661150237987,-0.7421740397307103,11.529825040909378,0
HPG,GOOD,UNCERTAINTY_AWARE_UCB_009,Uncertainty-Aware UCB-VAE — vae_019 + ucb_009,59,18,test,0.01,1356.8142900000007,135.68142900000007,33.13951862563251,20.815688382796225,1.3886043890728847,20.420228227932547,4
HPG,GOOD,UNCERTAINTY_AWARE_UCB_009,Uncertainty-Aware UCB-VAE — vae_019 + ucb_009,59,19,train,0.01,-61.90957999999932,-6.190957999999933,-1.0621478402770612,4.035661150237987,-0.7421740397307103,11.529825040909378,0
HPG,GOOD,UNCERTAINTY_AWARE_UCB_009,Uncertainty-Aware UCB-VAE — vae_019 + ucb_009,59,19,test,0.01,1360.4460200000008,136.04460200000008,33.20797995256592,20.85319619479325,1.3889543078478135,20.39441903633449,4
HPG,GOOD,UNCERTAINTY_AWARE_UCB_009,Uncertainty-Aware UCB-VAE — vae_019 + ucb_009,59,20,train,0.01,-46.25570999999945,-4.625570999999945,-0.7881913657141193,3.9493258597066947,-0.6886694653315512,10.039477217744027,0
HPG,GOOD,UNCERTAINTY_AWARE_UCB_009,Uncertainty-Aware UCB-VAE — vae_019 + ucb_009,59,20,test,0.01,1359.194230000001,135.9194230000001,33.1843905318701,20.854899041454697,1.3880137776943269,20.403307614821443,4
HPG,GOOD,UNCERTAINTY_AWARE_UCB_009,Uncertainty-Aware UCB-VAE — vae_019 + ucb_009,59,21,train,0.01,-46.25570999999945,-4.625570999999945,-0.7881913657141193,3.9493258597066947,-0.6886694653315512,10.039477217744027,0
HPG,GOOD,UNCERTAINTY_AWARE_UCB_009,Uncertainty-Aware UCB-VAE — vae_019 + ucb_009,59,21,test,0.01,1360.3656100000007,136.0365610000001,33.20646491269712,20.88258542914255,1.3872449925754615,20.394989770420015,4
HPG,GOOD,UNCERTAINTY_AWARE_UCB_009,Uncertainty-Aware UCB-VAE — vae_019 + ucb_009,59,22,train,0.01,-46.25570999999945,-4.625570999999945,-0.7881913657141193,3.9493258597066947,-0.6886694653315512,10.039477217744027,0
HPG,GOOD,UNCERTAINTY_AWARE_UCB_009,Uncertainty-Aware UCB-VAE — vae_019 + ucb_009,59,22,test,0.01,1367.639970000001,136.7639970000001,33.343385407416505,20.85486013665127,1.3937616506243697,20.423922212945804,4
HPG,GOOD,UNCERTAINTY_AWARE_UCB_009,Uncertainty-Aware UCB-VAE — vae_019 + ucb_009,59,23,train,0.01,-58.759229999999434,-5.875922999999943,-1.0067095180022578,4.043900224907008,-0.7266068015929787,11.229891716772354,0
HPG,GOOD,UNCERTAINTY_AWARE_UCB_009,Uncertainty-Aware UCB-VAE — vae_019 + ucb_009,59,23,test,0.01,1366.1615500000007,136.61615500000005,33.315580792124976,20.82746551899495,1.3943169020080943,20.409559858034424,4
HPG,GOOD,UNCERTAINTY_AWARE_UCB_009,Uncertainty-Aware UCB-VAE — vae_019 + ucb_009,59,24,train,0.01,-60.41756999999939,-6.041756999999938,-1.035872878019961,4.050054868314974,-0.7327793536866242,11.247650012548425,0
HPG,GOOD,UNCERTAINTY_AWARE_UCB_009,Uncertainty-Aware UCB-VAE — vae_019 + ucb_009,59,24,test,0.01,1408.0361000000003,140.80361000000005,34.09868060731387,20.92096323724887,1.417125230237263,20.314407510739752,4
HPG,GOOD,UNCERTAINTY_AWARE_UCB_009,Uncertainty-Aware UCB-VAE — vae_019 + ucb_009,59,25,train,0.01,-63.73489999999947,-6.373489999999947,-1.0943399216311822,4.000297415785096,-0.7573185890418045,11.703607095352172,0
HPG,GOOD,UNCERTAINTY_AWARE_UCB_009,Uncertainty-Aware UCB-VAE — vae_019 + ucb_009,59,25,test,0.01,1406.9740400000005,140.69740400000006,34.07893150886654,20.971887835117872,1.4134815449361064,20.37950915064796,4
HPG,GOOD,UNCERTAINTY_AWARE_UCB_009,Uncertainty-Aware UCB-VAE — vae_019 + ucb_009,59,26,train,0.01,-67.2229599999996,-6.722295999999959,-1.1560024248374878,4.061855019856941,-0.7606995914184849,12.03569255588496,0
HPG,GOOD,UNCERTAINTY_AWARE_UCB_009,Uncertainty-Aware UCB-VAE — vae_019 + ucb_009,59,26,test,0.01,1436.2866700000004,143.62866700000004,34.6218861388988,21.243544332237256,1.417221123950236,20.546071282985835,4
HPG,GOOD,UNCERTAINTY_AWARE_UCB_009,Uncertainty-Aware UCB-VAE — vae_019 + ucb_009,59,27,train,0.01,-69.15221999999949,-6.9152219999999485,-1.1901907381521193,4.115312419026553,-0.7587629193333502,12.219370358327412,0
HPG,GOOD,UNCERTAINTY_AWARE_UCB_009,Uncertainty-Aware UCB-VAE — vae_019 + ucb_009,59,27,test,0.01,1447.9351800000004,144.79351800000003,34.836441929291496,21.30081768732347,1.4214990257547875,20.489834814360876,4
HPG,GOOD,UNCERTAINTY_AWARE_UCB_009,Uncertainty-Aware UCB-VAE — vae_019 + ucb_009,59,28,train,0.01,-69.15221999999949,-6.9152219999999485,-1.1901907381521193,4.115312419026553,-0.7587629193333502,12.219370358327412,0
HPG,GOOD,UNCERTAINTY_AWARE_UCB_009,Uncertainty-Aware UCB-VAE — vae_019 + ucb_009,59,28,test,0.01,1455.2218200000007,145.52218200000007,34.97031015723233,21.327994731076686,1.424636131763115,20.33415824251082,4
HPG,GOOD,UNCERTAINTY_AWARE_UCB_009,Uncertainty-Aware UCB-VAE — vae_019 + ucb_009,59,29,train,0.01,-69.69261999999958,-6.969261999999958,-1.1997777182538694,4.06816671465471,-0.7704391274472292,12.270819869766992,0
HPG,GOOD,UNCERTAINTY_AWARE_UCB_009,Uncertainty-Aware UCB-VAE — vae_019 + ucb_009,59,29,test,0.01,1456.3919500000006,145.63919500000006,34.991782805100804,21.32353341412018,1.4256399865650706,20.326193108363768,4
HPG,GOOD,UNCERTAINTY_AWARE_UCB_009,Uncertainty-Aware UCB-VAE — vae_019 + ucb_009,59,30,train,0.01,-56.5020899999995,-5.65020899999995,-0.9670844254641375,4.062340882573209,-0.7132050177161238,11.014997656352831,0
HPG,GOOD,UNCERTAINTY_AWARE_UCB_009,Uncertainty-Aware UCB-VAE — vae_019 + ucb_009,59,30,test,0.01,1504.1830100000006,150.41830100000007,35.8630192379892,21.56031004630162,1.4423101760362576,20.409600380916476,4
HPG,GOOD,UNCERTAINTY_AWARE_UCB_009,Uncertainty-Aware UCB-VAE — vae_019 + ucb_009,59,31,train,0.01,-56.149949999999535,-5.614994999999953,-0.960909573422597,4.06335249917732,-0.7114693678176578,10.965542379696563,0
HPG,GOOD,UNCERTAINTY_AWARE_UCB_009,Uncertainty-Aware UCB-VAE — vae_019 + ucb_009,59,31,test,0.01,1463.4613900000008,146.34613900000008,35.121366915462104,21.422244367726094,1.4245586103967085,20.458670207823754,4
HPG,GOOD,UNCERTAINTY_AWARE_UCB_009,Uncertainty-Aware UCB-VAE — vae_019 + ucb_009,59,32,train,0.01,-56.149949999999535,-5.614994999999953,-0.960909573422597,4.06335249917732,-0.7114693678176578,10.965542379696563,0
HPG,GOOD,UNCERTAINTY_AWARE_UCB_009,Uncertainty-Aware UCB-VAE — vae_019 + ucb_009,59,32,test,0.01,1463.0263300000006,146.30263300000007,35.11339934568234,21.43965338629699,1.4233035184599023,20.461636483441985,4
HPG,GOOD,UNCERTAINTY_AWARE_UCB_009,Uncertainty-Aware UCB-VAE — vae_019 + ucb_009,59,33,train,0.01,-58.99823999999967,-5.899823999999967,-1.0109100771128254,4.096484876493048,-0.7178192637105141,11.23676619894301,0
HPG,GOOD,UNCERTAINTY_AWARE_UCB_009,Uncertainty-Aware UCB-VAE — vae_019 + ucb_009,59,33,test,0.01,1513.5875600000004,151.35875600000003,36.033158159717836,21.691356899376583,1.44072221755976,20.38166965223035,4
HPG,GOOD,UNCERTAINTY_AWARE_UCB_009,Uncertainty-Aware UCB-VAE — vae_019 + ucb_009,59,34,train,0.01,-54.71197999999936,-5.471197999999935,-0.935714353654038,4.164586453830386,-0.6870131541594192,10.995305754600727,0
HPG,GOOD,UNCERTAINTY_AWARE_UCB_009,Uncertainty-Aware UCB-VAE — vae_019 + ucb_009,59,34,test,0.01,1521.3575,152.13575,36.17340553143637,21.756863449620983,1.4418112763217503,20.471501810354667,4
HPG,GOOD,UNCERTAINTY_AWARE_UCB_009,Uncertainty-Aware UCB-VAE — vae_019 + ucb_009,59,35,train,0.01,-61.55571999999961,-6.155571999999961,-1.0559130607155187,4.25108600389435,-0.70097862066487,11.469001608423447,0
HPG,GOOD,UNCERTAINTY_AWARE_UCB_009,Uncertainty-Aware UCB-VAE — vae_019 + ucb_009,59,35,test,0.01,1513.6983200000004,151.36983200000006,36.03515940461879,21.801838795287352,1.4346032636038455,20.522664733237175,4
HPG,GOOD,UNCERTAINTY_AWARE_UCB_009,Uncertainty-Aware UCB-VAE — vae_019 + ucb_009,59,36,train,0.01,-63.76560999999947,-6.376560999999947,-1.0948819825871259,4.27342086019864,-0.7063903900462866,11.679461672357526,0
HPG,GOOD,UNCERTAINTY_AWARE_UCB_009,Uncertainty-Aware UCB-VAE — vae_019 + ucb_009,59,36,test,0.01,1524.1531200000004,152.41531200000006,36.223796023332945,21.85303842723624,1.4381158844388138,20.6804932023461,4
HPG,GOOD,UNCERTAINTY_AWARE_UCB_009,Uncertainty-Aware UCB-VAE — vae_019 + ucb_009,59,37,train,0.01,-70.88320999999974,-7.088320999999974,-1.2209157886553967,4.471775140403881,-0.7018556536753793,12.357310140406776,0
HPG,GOOD,UNCERTAINTY_AWARE_UCB_009,Uncertainty-Aware UCB-VAE — vae_019 + ucb_009,59,37,test,0.01,1622.19643,162.219643,37.96798165806135,22.241923651274618,1.474316847671206,20.809621913425808,4
HPG,GOOD,UNCERTAINTY_AWARE_UCB_009,Uncertainty-Aware UCB-VAE — vae_019 + ucb_009,59,38,train,0.01,-75.36951999999951,-7.536951999999951,-1.3007702265695142,4.228539117486096,-0.764043640250404,11.59312620832972,0
HPG,GOOD,UNCERTAINTY_AWARE_UCB_009,Uncertainty-Aware UCB-VAE — vae_019 + ucb_009,59,38,test,0.01,1619.4806200000003,161.94806200000002,37.920257832632245,22.2606458127015,1.4717001045875822,20.82725074867989,4
HPG,GOOD,UNCERTAINTY_AWARE_UCB_009,Uncertainty-Aware UCB-VAE — vae_019 + ucb_009,59,39,train,0.01,-75.86921999999959,-7.586921999999959,-1.309684639364439,4.23969382827926,-0.7640709022504721,11.641365517470224,0
HPG,GOOD,UNCERTAINTY_AWARE_UCB_009,Uncertainty-Aware UCB-VAE — vae_019 + ucb_009,59,39,test,0.01,1622.9783300000004,162.29783300000005,37.981715564288685,22.290707601596242,1.4720256391363162,20.80455198449657,4
HPG,GOOD,UNCERTAINTY_AWARE_UCB_009,Uncertainty-Aware UCB-VAE — vae_019 + ucb_009,59,40,train,0.01,-77.57940999999937,-7.757940999999938,-1.3402240385026243,4.251696339701095,-0.7691366177379478,11.806461343163594,0
HPG,GOOD,UNCERTAINTY_AWARE_UCB_009,Uncertainty-Aware UCB-VAE — vae_019 + ucb_009,59,40,test,0.01,1624.7733400000002,162.477334,38.013234217353784,22.29130340319508,1.473020852897274,20.79292227487431,4
HPG,GOOD,UNCERTAINTY_AWARE_UCB_009,Uncertainty-Aware UCB-VAE — vae_019 + ucb_009,59,41,train,0.01,-72.73203999999919,-7.273203999999919,-1.2537851996655802,4.280395489493234,-0.7430748084858296,11.370370072537186,0
HPG,GOOD,UNCERTAINTY_AWARE_UCB_009,Uncertainty-Aware UCB-VAE — vae_019 + ucb_009,59,41,test,0.01,1624.5867500000004,162.45867500000003,38.00995854483311,22.293505608867385,1.4727902425314918,20.794130569272877,4
HPG,GOOD,UNCERTAINTY_AWARE_UCB_009,Uncertainty-Aware UCB-VAE — vae_019 + ucb_009,59,42,train,0.01,-72.73203999999919,-7.273203999999919,-1.2537851996655802,4.280395489493234,-0.7430748084858296,11.370370072537186,0
HPG,GOOD,UNCERTAINTY_AWARE_UCB_009,Uncertainty-Aware UCB-VAE — vae_019 + ucb_009,59,42,test,0.01,1618.0960400000004,161.80960400000004,37.89591448504528,22.368635057755323,1.4648757108942034,20.824024202625072,4
HPG,GOOD,UNCERTAINTY_AWARE_UCB_009,Uncertainty-Aware UCB-VAE — vae_019 + ucb_009,59,43,train,0.01,117.51369000000113,11.751369000000112,1.873769513941692,8.358676340876233,0.026563890418966337,16.174908436491858,0
HPG,GOOD,UNCERTAINTY_AWARE_UCB_009,Uncertainty-Aware UCB-VAE — vae_019 + ucb_009,59,43,test,0.01,1616.7560300000005,161.67560300000005,37.8723465888114,22.38312692742323,1.4633037905238901,20.832737230365968,4
HPG,GOOD,UNCERTAINTY_AWARE_UCB_009,Uncertainty-Aware UCB-VAE — vae_019 + ucb_009,59,44,train,0.01,115.58516000000145,11.558516000000145,1.8443735076356438,8.352906257991194,0.023037491525394135,16.3326609358626,0
HPG,GOOD,UNCERTAINTY_AWARE_UCB_009,Uncertainty-Aware UCB-VAE — vae_019 + ucb_009,59,44,test,0.01,1613.4408400000002,161.344084,37.81400495225369,22.480334587682215,1.4560604831231387,20.854324660828734,4
HPG,GOOD,UNCERTAINTY_AWARE_UCB_009,Uncertainty-Aware UCB-VAE — vae_019 + ucb_009,59,45,train,0.01,93.85593000000108,9.385593000000108,1.5102019082589235,8.329404745599907,-0.01691271397882069,17.99158866016599,0
HPG,GOOD,UNCERTAINTY_AWARE_UCB_009,Uncertainty-Aware UCB-VAE — vae_019 + ucb_009,59,45,test,0.01,1613.5762300000006,161.35762300000005,37.81638854841678,22.45758803541994,1.4573936064171427,21.0865540439379,4
HPG,GOOD,UNCERTAINTY_AWARE_UCB_009,Uncertainty-Aware UCB-VAE — vae_019 + ucb_009,60,1,train,0.03,815.1896700000013,81.51896700000013,10.47455062463085,18.845181389824596,0.5214121202577674,37.64772008780539,7
HPG,GOOD,UNCERTAINTY_AWARE_UCB_009,Uncertainty-Aware UCB-VAE — vae_019 + ucb_009,60,1,test,0.03,2037.17693,203.71769300000003,44.9040829443802,31.816201140228557,1.2669861337735322,38.191802965877685,11
HPG,GOOD,UNCERTAINTY_AWARE_UCB_009,Uncertainty-Aware UCB-VAE — vae_019 + ucb_009,60,2,train,0.027,809.8239400000011,80.98239400000011,10.419918965226248,18.828557997122232,0.5190547443941468,37.60921549898755,7
HPG,GOOD,UNCERTAINTY_AWARE_UCB_009,Uncertainty-Aware UCB-VAE — vae_019 + ucb_009,60,2,test,0.027,2037.17693,203.71769300000003,44.9040829443802,31.816201140228557,1.2669861337735322,38.191802965877685,11
HPG,GOOD,UNCERTAINTY_AWARE_UCB_009,Uncertainty-Aware UCB-VAE — vae_019 + ucb_009,60,3,train,0.024300000000000002,823.0102900000004,82.30102900000004,10.553936563965237,18.771463078781597,0.5265848289072214,37.597628311549954,7
HPG,GOOD,UNCERTAINTY_AWARE_UCB_009,Uncertainty-Aware UCB-VAE — vae_019 + ucb_009,60,3,test,0.024300000000000002,2032.9849300000005,203.29849300000004,44.837278637410364,31.908054726994344,1.2627994353198895,38.34655404373701,11
HPG,GOOD,UNCERTAINTY_AWARE_UCB_009,Uncertainty-Aware UCB-VAE — vae_019 + ucb_009,60,4,train,0.02187,844.897640000001,84.4897640000001,10.774613667120825,18.74015441923449,0.5378854374296336,37.58047972660991,7
HPG,GOOD,UNCERTAINTY_AWARE_UCB_009,Uncertainty-Aware UCB-VAE — vae_019 + ucb_009,60,4,test,0.02187,2032.9849300000005,203.29849300000004,44.837278637410364,31.908054726994344,1.2627994353198895,38.34655404373701,11
HPG,GOOD,UNCERTAINTY_AWARE_UCB_009,Uncertainty-Aware UCB-VAE — vae_019 + ucb_009,60,5,train,0.019683,843.8072000000013,84.38072000000012,10.76367116254584,18.733884945097536,0.5374704817442292,37.59492874649627,7
HPG,GOOD,UNCERTAINTY_AWARE_UCB_009,Uncertainty-Aware UCB-VAE — vae_019 + ucb_009,60,5,test,0.019683,2033.5363800000005,203.35363800000005,44.84607013476116,31.894394235130964,1.263395153077901,38.32612522275031,11
HPG,GOOD,UNCERTAINTY_AWARE_UCB_009,Uncertainty-Aware UCB-VAE — vae_019 + ucb_009,60,6,train,0.0177147,776.6857000000007,77.66857000000007,10.079497480020017,18.68069435385758,0.5049879402340159,37.612412242369004,7
HPG,GOOD,UNCERTAINTY_AWARE_UCB_009,Uncertainty-Aware UCB-VAE — vae_019 + ucb_009,60,6,test,0.0177147,2033.5363800000005,203.35363800000005,44.84607013476116,31.894394235130964,1.263395153077901,38.32612522275031,11
HPG,GOOD,UNCERTAINTY_AWARE_UCB_009,Uncertainty-Aware UCB-VAE — vae_019 + ucb_009,60,7,train,0.015943230000000003,773.4184100000007,77.34184100000007,10.045647654399502,18.640545865530598,0.5040055250933175,37.598227919116496,7
HPG,GOOD,UNCERTAINTY_AWARE_UCB_009,Uncertainty-Aware UCB-VAE — vae_019 + ucb_009,60,7,test,0.015943230000000003,2033.5363800000005,203.35363800000005,44.84607013476116,31.894394235130964,1.263395153077901,38.32612522275031,11
HPG,GOOD,UNCERTAINTY_AWARE_UCB_009,Uncertainty-Aware UCB-VAE — vae_019 + ucb_009,60,8,train,0.014348907000000001,806.2870600000001,80.62870600000001,10.383834088609012,18.578678663332862,0.521735452913569,37.5663152181325,7
HPG,GOOD,UNCERTAINTY_AWARE_UCB_009,Uncertainty-Aware UCB-VAE — vae_019 + ucb_009,60,8,test,0.014348907000000001,2033.5363800000005,203.35363800000005,44.84607013476116,31.894394235130964,1.263395153077901,38.32612522275031,11
HPG,GOOD,UNCERTAINTY_AWARE_UCB_009,Uncertainty-Aware UCB-VAE — vae_019 + ucb_009,60,9,train,0.012914016300000003,792.1782600000006,79.21782600000006,10.239301414363844,18.620502850916672,0.5138785466558776,37.62548060434539,7
HPG,GOOD,UNCERTAINTY_AWARE_UCB_009,Uncertainty-Aware UCB-VAE — vae_019 + ucb_009,60,9,test,0.012914016300000003,2033.5363800000005,203.35363800000005,44.84607013476116,31.894394235130964,1.263395153077901,38.32612522275031,11
HPG,GOOD,UNCERTAINTY_AWARE_UCB_009,Uncertainty-Aware UCB-VAE — vae_019 + ucb_009,60,10,train,0.011622614670000002,792.2548900000002,79.22548900000001,10.240088979362728,18.582847970306123,0.5145810888890392,37.62443519248146,7
HPG,GOOD,UNCERTAINTY_AWARE_UCB_009,Uncertainty-Aware UCB-VAE — vae_019 + ucb_009,60,10,test,0.011622614670000002,2037.17693,203.71769300000003,44.9040829443802,31.816201140228557,1.2669861337735322,38.191802965877685,11
HPG,GOOD,UNCERTAINTY_AWARE_UCB_009,Uncertainty-Aware UCB-VAE — vae_019 + ucb_009,60,11,train,0.010460353203000003,805.4093300000002,80.54093300000001,10.374869969499434,18.642944387681645,0.5201474515083936,37.55756460399927,7
HPG,GOOD,UNCERTAINTY_AWARE_UCB_009,Uncertainty-Aware UCB-VAE — vae_019 + ucb_009,60,11,test,0.010460353203000003,2037.17693,203.71769300000003,44.9040829443802,31.816201140228557,1.2669861337735322,38.191802965877685,11
HPG,GOOD,UNCERTAINTY_AWARE_UCB_009,Uncertainty-Aware UCB-VAE — vae_019 + ucb_009,60,12,train,0.01,543.5376500000002,54.353765000000024,7.522310897474727,17.102329802400156,0.396514265629645,36.34353688115879,6
HPG,GOOD,UNCERTAINTY_AWARE_UCB_009,Uncertainty-Aware UCB-VAE — vae_019 + ucb_009,60,12,test,0.01,2037.17693,203.71769300000003,44.9040829443802,31.816201140228557,1.2669861337735322,38.191802965877685,11
HPG,GOOD,UNCERTAINTY_AWARE_UCB_009,Uncertainty-Aware UCB-VAE — vae_019 + ucb_009,60,13,train,0.01,535.3458000000005,53.534580000000055,7.426753268764386,17.087762804634963,0.3914580275116633,36.343505392033286,6
HPG,GOOD,UNCERTAINTY_AWARE_UCB_009,Uncertainty-Aware UCB-VAE — vae_019 + ucb_009,60,13,test,0.01,2085.60653,208.56065300000003,45.67144791797184,31.91768555545295,1.2806088581995763,38.216762045556834,11
HPG,GOOD,UNCERTAINTY_AWARE_UCB_009,Uncertainty-Aware UCB-VAE — vae_019 + ucb_009,60,14,train,0.01,535.4731400000005,53.54731400000004,7.428241930952018,17.16479263358418,0.3905499180068844,36.34150635736319,6
HPG,GOOD,UNCERTAINTY_AWARE_UCB_009,Uncertainty-Aware UCB-VAE — vae_019 + ucb_009,60,14,test,0.01,2085.60653,208.56065300000003,45.67144791797184,31.91768555545295,1.2806088581995763,38.216762045556834,11
HPG,GOOD,UNCERTAINTY_AWARE_UCB_009,Uncertainty-Aware UCB-VAE — vae_019 + ucb_009,60,15,train,0.01,518.8930600000003,51.88930600000003,7.233542597058218,17.163440495042593,0.3799039766670179,36.31113258786065,6
HPG,GOOD,UNCERTAINTY_AWARE_UCB_009,Uncertainty-Aware UCB-VAE — vae_019 + ucb_009,60,15,test,0.01,2036.8800100000003,203.68800100000004,44.8993532070064,31.811491084327987,1.2670208601865158,38.2027228954151,11
HPG,GOOD,UNCERTAINTY_AWARE_UCB_009,Uncertainty-Aware UCB-VAE — vae_019 + ucb_009,60,16,train,0.01,518.9366400000004,51.89366400000004,7.234056670963707,17.203958529056887,0.3794403851001516,36.30765601965774,6
HPG,GOOD,UNCERTAINTY_AWARE_UCB_009,Uncertainty-Aware UCB-VAE — vae_019 + ucb_009,60,16,test,0.01,2036.8800100000003,203.68800100000004,44.8993532070064,31.811491084327987,1.2670208601865158,38.2027228954151,11
HPG,GOOD,UNCERTAINTY_AWARE_UCB_009,Uncertainty-Aware UCB-VAE — vae_019 + ucb_009,60,17,train,0.01,756.3492600000009,75.63492600000009,9.867958372739905,18.443912558287423,0.4985615889431912,37.55195589103733,7
HPG,GOOD,UNCERTAINTY_AWARE_UCB_009,Uncertainty-Aware UCB-VAE — vae_019 + ucb_009,60,17,test,0.01,2036.8800100000003,203.68800100000004,44.8993532070064,31.811491084327987,1.2670208601865158,38.2027228954151,11
HPG,GOOD,UNCERTAINTY_AWARE_UCB_009,Uncertainty-Aware UCB-VAE — vae_019 + ucb_009,60,18,train,0.01,510.7935000000007,51.07935000000007,7.13778538402563,17.109049078099346,0.37530318114017797,36.178702385668174,6
HPG,GOOD,UNCERTAINTY_AWARE_UCB_009,Uncertainty-Aware UCB-VAE — vae_019 + ucb_009,60,18,test,0.01,2036.8800100000003,203.68800100000004,44.8993532070064,31.811491084327987,1.2670208601865158,38.2027228954151,11
HPG,GOOD,UNCERTAINTY_AWARE_UCB_009,Uncertainty-Aware UCB-VAE — vae_019 + ucb_009,60,19,train,0.01,493.75028000000043,49.37502800000004,6.934886836142451,16.96044888162274,0.36581916458894514,36.16690233388399,6
HPG,GOOD,UNCERTAINTY_AWARE_UCB_009,Uncertainty-Aware UCB-VAE — vae_019 + ucb_009,60,19,test,0.01,2036.8800100000003,203.68800100000004,44.8993532070064,31.811491084327987,1.2670208601865158,38.2027228954151,11
HPG,GOOD,UNCERTAINTY_AWARE_UCB_009,Uncertainty-Aware UCB-VAE — vae_019 + ucb_009,60,20,train,0.01,510.81945000000087,51.08194500000008,7.138092860490941,17.07102951532489,0.37577407223501613,36.09727437783701,6
HPG,GOOD,UNCERTAINTY_AWARE_UCB_009,Uncertainty-Aware UCB-VAE — vae_019 + ucb_009,60,20,test,0.01,2036.8800100000003,203.68800100000004,44.8993532070064,31.811491084327987,1.2670208601865158,38.2027228954151,11
HPG,GOOD,UNCERTAINTY_AWARE_UCB_009,Uncertainty-Aware UCB-VAE — vae_019 + ucb_009,60,21,train,0.01,510.9331500000005,51.09331500000005,7.139440017654497,17.057537007444132,0.37601332155162714,36.04314128403285,6
HPG,GOOD,UNCERTAINTY_AWARE_UCB_009,Uncertainty-Aware UCB-VAE — vae_019 + ucb_009,60,21,test,0.01,2036.8800100000003,203.68800100000004,44.8993532070064,31.811491084327987,1.2670208601865158,38.2027228954151,11
HPG,GOOD,UNCERTAINTY_AWARE_UCB_009,Uncertainty-Aware UCB-VAE — vae_019 + ucb_009,60,22,train,0.01,510.92344000000094,51.09234400000009,7.139324973493388,16.93907369049061,0.3774468703257593,36.015614023874,6
HPG,GOOD,UNCERTAINTY_AWARE_UCB_009,Uncertainty-Aware UCB-VAE — vae_019 + ucb_009,60,22,test,0.01,2036.9368000000004,203.69368000000003,44.900257857616445,31.8104989917606,1.2670702336407818,38.19725422069934,11
HPG,GOOD,UNCERTAINTY_AWARE_UCB_009,Uncertainty-Aware UCB-VAE — vae_019 + ucb_009,60,23,train,0.01,765.353180000001,76.5353180000001,9.961867233417344,18.35122210636334,0.5048478032647798,37.317632302747086,7
HPG,GOOD,UNCERTAINTY_AWARE_UCB_009,Uncertainty-Aware UCB-VAE — vae_019 + ucb_009,60,23,test,0.01,2059.268,205.9268,45.2551184418732,31.855868202445652,1.2734299533498832,38.17166967333077,11
HPG,GOOD,UNCERTAINTY_AWARE_UCB_009,Uncertainty-Aware UCB-VAE — vae_019 + ucb_009,60,24,train,0.01,761.9741500000007,76.19741500000006,9.926671576652257,18.415443775029754,0.5019788752915224,37.341284549897956,7
HPG,GOOD,UNCERTAINTY_AWARE_UCB_009,Uncertainty-Aware UCB-VAE — vae_019 + ucb_009,60,24,test,0.01,2059.268,205.9268,45.2551184418732,31.855868202445652,1.2734299533498832,38.17166967333077,11
HPG,GOOD,UNCERTAINTY_AWARE_UCB_009,Uncertainty-Aware UCB-VAE — vae_019 + ucb_009,60,25,train,0.01,586.8184400000014,58.68184400000014,8.020278975418393,8.802254302915983,0.7010126494716729,10.154032338737103,0
HPG,GOOD,UNCERTAINTY_AWARE_UCB_009,Uncertainty-Aware UCB-VAE — vae_019 + ucb_009,60,25,test,0.01,2059.21482,205.92148200000003,45.25427542227527,31.85668410405119,1.2733871261900356,38.17678231301241,11
HPG,GOOD,UNCERTAINTY_AWARE_UCB_009,Uncertainty-Aware UCB-VAE — vae_019 + ucb_009,60,26,train,0.01,721.3847400000011,72.1384740000001,9.499441320641,18.09716553197081,0.48589692024524833,37.111521248455006,7
HPG,GOOD,UNCERTAINTY_AWARE_UCB_009,Uncertainty-Aware UCB-VAE — vae_019 + ucb_009,60,26,test,0.01,2059.21482,205.92148200000003,45.25427542227527,31.85668410405119,1.2733871261900356,38.17678231301241,11
HPG,GOOD,UNCERTAINTY_AWARE_UCB_009,Uncertainty-Aware UCB-VAE — vae_019 + ucb_009,60,27,train,0.01,717.0280200000011,71.7028020000001,9.453086821103707,18.068056721286986,0.48402420400835366,37.151991835904035,7
HPG,GOOD,UNCERTAINTY_AWARE_UCB_009,Uncertainty-Aware UCB-VAE — vae_019 + ucb_009,60,27,test,0.01,2059.21482,205.92148200000003,45.25427542227527,31.85668410405119,1.2733871261900356,38.17678231301241,11
HPG,GOOD,UNCERTAINTY_AWARE_UCB_009,Uncertainty-Aware UCB-VAE — vae_019 + ucb_009,60,28,train,0.01,492.32249000000047,49.232249000000046,6.9178016874668735,16.885652528766542,0.3657422118293352,35.98433900433766,5
HPG,GOOD,UNCERTAINTY_AWARE_UCB_009,Uncertainty-Aware UCB-VAE — vae_019 + ucb_009,60,28,test,0.01,2059.47508,205.94750800000003,45.25840102088823,31.892357269872935,1.2724122315874775,38.35056599266711,11
HPG,GOOD,UNCERTAINTY_AWARE_UCB_009,Uncertainty-Aware UCB-VAE — vae_019 + ucb_009,60,29,train,0.01,717.0476000000008,71.70476000000008,9.453295366844095,18.133064107727296,0.4829494763897053,37.17449735579222,7
HPG,GOOD,UNCERTAINTY_AWARE_UCB_009,Uncertainty-Aware UCB-VAE — vae_019 + ucb_009,60,29,test,0.01,2059.47508,205.94750800000003,45.25840102088823,31.892357269872935,1.2724122315874775,38.35056599266711,11
HPG,GOOD,UNCERTAINTY_AWARE_UCB_009,Uncertainty-Aware UCB-VAE — vae_019 + ucb_009,60,30,train,0.01,716.0607000000009,71.60607000000009,9.442781470238938,18.07014897848859,0.48346310638090345,37.15291848884389,7
HPG,GOOD,UNCERTAINTY_AWARE_UCB_009,Uncertainty-Aware UCB-VAE — vae_019 + ucb_009,60,30,test,0.01,2059.47508,205.94750800000003,45.25840102088823,31.892357269872935,1.2724122315874775,38.35056599266711,11
HPG,GOOD,UNCERTAINTY_AWARE_UCB_009,Uncertainty-Aware UCB-VAE — vae_019 + ucb_009,60,31,train,0.01,475.7752200000011,47.57752200000011,6.718794734282385,16.855520976102603,0.354939788967006,36.03138128938296,6
HPG,GOOD,UNCERTAINTY_AWARE_UCB_009,Uncertainty-Aware UCB-VAE — vae_019 + ucb_009,60,31,test,0.01,2061.7873900000004,206.17873900000006,45.295045116478484,31.824142587394583,1.2752509035986077,38.265773935892554,11
HPG,GOOD,UNCERTAINTY_AWARE_UCB_009,Uncertainty-Aware UCB-VAE — vae_019 + ucb_009,60,32,train,0.01,683.1676900000014,68.31676900000014,9.089442124156921,18.033850532516478,0.4659887266171206,37.185578136188916,7
HPG,GOOD,UNCERTAINTY_AWARE_UCB_009,Uncertainty-Aware UCB-VAE — vae_019 + ucb_009,60,32,test,0.01,2064.15976,206.415976,45.332621852621344,31.755257515673442,1.27814396653826,38.17916828669626,11
HPG,GOOD,UNCERTAINTY_AWARE_UCB_009,Uncertainty-Aware UCB-VAE — vae_019 + ucb_009,60,33,train,0.01,459.19042000000036,45.91904200000004,6.517462724247758,16.802972806278866,0.34418281169189846,36.008418902712144,5
HPG,GOOD,UNCERTAINTY_AWARE_UCB_009,Uncertainty-Aware UCB-VAE — vae_019 + ucb_009,60,33,test,0.01,2064.15976,206.415976,45.332621852621344,31.755257515673442,1.27814396653826,38.17916828669626,11
HPG,GOOD,UNCERTAINTY_AWARE_UCB_009,Uncertainty-Aware UCB-VAE — vae_019 + ucb_009,60,34,train,0.01,450.0991500000007,45.00991500000006,6.406288743495914,16.82609294787075,0.337678780799062,36.013419878956796,5
HPG,GOOD,UNCERTAINTY_AWARE_UCB_009,Uncertainty-Aware UCB-VAE — vae_019 + ucb_009,60,34,test,0.01,2085.9149200000006,208.59149200000004,45.67630854866809,31.802080441750213,1.284188656664239,38.21133971181131,11
HPG,GOOD,UNCERTAINTY_AWARE_UCB_009,Uncertainty-Aware UCB-VAE — vae_019 + ucb_009,60,35,train,0.01,641.1578600000016,64.11578600000016,8.629708203190201,9.673813932195104,0.7048229814681202,18.788213913226436,0
HPG,GOOD,UNCERTAINTY_AWARE_UCB_009,Uncertainty-Aware UCB-VAE — vae_019 + ucb_009,60,35,test,0.01,2085.9149200000006,208.59149200000004,45.67630854866809,31.802080441750213,1.284188656664239,38.21133971181131,11
HPG,GOOD,UNCERTAINTY_AWARE_UCB_009,Uncertainty-Aware UCB-VAE — vae_019 + ucb_009,60,36,train,0.01,634.6688900000017,63.46688900000017,8.557824514914492,9.623595563026157,0.7010557982616976,18.79380604146574,0
HPG,GOOD,UNCERTAINTY_AWARE_UCB_009,Uncertainty-Aware UCB-VAE — vae_019 + ucb_009,60,36,test,0.01,2085.9149200000006,208.59149200000004,45.67630854866809,31.802080441750213,1.284188656664239,38.21133971181131,11
HPG,GOOD,UNCERTAINTY_AWARE_UCB_009,Uncertainty-Aware UCB-VAE — vae_019 + ucb_009,60,37,train,0.01,623.2551500000015,62.32551500000015,8.430806361485255,17.80022468970773,0.4354257071021975,37.02624325565939,7
HPG,GOOD,UNCERTAINTY_AWARE_UCB_009,Uncertainty-Aware UCB-VAE — vae_019 + ucb_009,60,37,test,0.01,2085.63464,208.56346400000004,45.671890981827445,31.845252466877888,1.282785501997909,38.36677230644351,11
HPG,GOOD,UNCERTAINTY_AWARE_UCB_009,Uncertainty-Aware UCB-VAE — vae_019 + ucb_009,60,38,train,0.01,459.4025500000016,45.940255000000164,6.52004989272108,16.897557316372875,0.3433219088771553,36.38064244376791,7
HPG,GOOD,UNCERTAINTY_AWARE_UCB_009,Uncertainty-Aware UCB-VAE — vae_019 + ucb_009,60,38,test,0.01,2085.63464,208.56346400000004,45.671890981827445,31.845252466877888,1.282785501997909,38.36677230644351,11
HPG,GOOD,UNCERTAINTY_AWARE_UCB_009,Uncertainty-Aware UCB-VAE — vae_019 + ucb_009,60,39,train,0.01,460.0841400000015,46.00841400000015,6.528360544458001,16.863396842326104,0.3441388243107952,36.36938570392778,7
HPG,GOOD,UNCERTAINTY_AWARE_UCB_009,Uncertainty-Aware UCB-VAE — vae_019 + ucb_009,60,39,test,0.01,2085.63464,208.56346400000004,45.671890981827445,31.845252466877888,1.282785501997909,38.36677230644351,11
HPG,GOOD,UNCERTAINTY_AWARE_UCB_009,Uncertainty-Aware UCB-VAE — vae_019 + ucb_009,60,40,train,0.01,469.67767000000094,46.967767000000094,6.644993322022441,16.947577765200734,0.3497822748601809,36.38319906109219,7
HPG,GOOD,UNCERTAINTY_AWARE_UCB_009,Uncertainty-Aware UCB-VAE — vae_019 + ucb_009,60,40,test,0.01,2086.8458500000006,208.68458500000006,45.69097926355563,31.80918519474676,1.284290964015193,38.32265622128245,11
HPG,GOOD,UNCERTAINTY_AWARE_UCB_009,Uncertainty-Aware UCB-VAE — vae_019 + ucb_009,60,41,train,0.01,624.1950400000019,62.419504000000195,8.441294014126633,8.826714916946274,0.7437808905374133,13.113645298817517,0
HPG,GOOD,UNCERTAINTY_AWARE_UCB_009,Uncertainty-Aware UCB-VAE — vae_019 + ucb_009,60,41,test,0.01,2086.8458500000006,208.68458500000006,45.69097926355563,31.80918519474676,1.284290964015193,38.32265622128245,11
HPG,GOOD,UNCERTAINTY_AWARE_UCB_009,Uncertainty-Aware UCB-VAE — vae_019 + ucb_009,60,42,train,0.01,589.3256500000014,58.93256500000014,8.048777556999308,8.515536330961936,0.7248375338718047,12.841298382060476,0
HPG,GOOD,UNCERTAINTY_AWARE_UCB_009,Uncertainty-Aware UCB-VAE — vae_019 + ucb_009,60,42,test,0.01,2086.4254300000002,208.64254300000002,45.684354144419004,31.81665004979326,1.2839205267953544,38.33795774205265,11
HPG,GOOD,UNCERTAINTY_AWARE_UCB_009,Uncertainty-Aware UCB-VAE — vae_019 + ucb_009,60,43,train,0.01,462.9722100000017,46.29722100000017,6.563539073262881,16.907293698849504,0.34565803425147257,36.255538864642574,7
HPG,GOOD,UNCERTAINTY_AWARE_UCB_009,Uncertainty-Aware UCB-VAE — vae_019 + ucb_009,60,43,test,0.01,2086.6170900000006,208.6617090000001,45.687374461429606,31.808842305785777,1.2842215016248653,38.31975540680872,11
HPG,GOOD,UNCERTAINTY_AWARE_UCB_009,Uncertainty-Aware UCB-VAE — vae_019 + ucb_009,60,44,train,0.01,585.3799700000015,58.53799700000015,8.003911452867186,8.823070542959242,0.6978310073029782,13.420092183480254,0
HPG,GOOD,UNCERTAINTY_AWARE_UCB_009,Uncertainty-Aware UCB-VAE — vae_019 + ucb_009,60,44,test,0.01,2086.2978800000005,208.62978800000005,45.68234404995353,31.814578647262888,1.2839382417478573,38.33137595248881,11
HPG,GOOD,UNCERTAINTY_AWARE_UCB_009,Uncertainty-Aware UCB-VAE — vae_019 + ucb_009,60,45,train,0.01,594.3018900000013,59.430189000000134,8.105230003473253,8.875567847143033,0.7048846055570388,13.448544469061147,0
HPG,GOOD,UNCERTAINTY_AWARE_UCB_009,Uncertainty-Aware UCB-VAE — vae_019 + ucb_009,60,45,test,0.01,2086.2978800000005,208.62978800000005,45.68234404995353,31.814578647262888,1.2839382417478573,38.33137595248881,11
HPG,GOOD,EPSILON_GREEDY,Epsilon-Greedy — Battle strategy,41,1,train,1.0,773.5023099999974,77.35023099999974,10.046517525954224,21.512995350248527,0.463432313874194,37.100604140372596,9
HPG,GOOD,EPSILON_GREEDY,Epsilon-Greedy — Battle strategy,41,1,test,1.0,2112.4240300000006,211.24240300000005,46.09292323266332,31.58241689173516,1.3000021555078438,38.15967048602732,11
HPG,GOOD,EPSILON_GREEDY,Epsilon-Greedy — Battle strategy,41,2,train,0.95,806.4060299999978,80.64060299999977,10.385048831372234,21.762646531438637,0.474835794238349,37.019199857907594,9
HPG,GOOD,EPSILON_GREEDY,Epsilon-Greedy — Battle strategy,41,2,test,0.95,2112.4240300000006,211.24240300000005,46.09292323266332,31.58241689173516,1.3000021555078438,38.15967048602732,11
HPG,GOOD,EPSILON_GREEDY,Epsilon-Greedy — Battle strategy,41,3,train,0.9025,806.3136199999981,80.63136199999981,10.384105285172707,21.76818765321869,0.47473015611856806,37.014258665283336,9
HPG,GOOD,EPSILON_GREEDY,Epsilon-Greedy — Battle strategy,41,3,test,0.9025,2112.4240300000006,211.24240300000005,46.09292323266332,31.58241689173516,1.3000021555078438,38.15967048602732,11
HPG,GOOD,EPSILON_GREEDY,Epsilon-Greedy — Battle strategy,41,4,train,0.8573749999999999,813.0416199999981,81.30416199999982,10.452696228105562,21.80327086263055,0.4771890252244842,36.99474206110744,9
HPG,GOOD,EPSILON_GREEDY,Epsilon-Greedy — Battle strategy,41,4,test,0.8573749999999999,2112.4240300000006,211.24240300000005,46.09292323266332,31.58241689173516,1.3000021555078438,38.15967048602732,11
HPG,GOOD,EPSILON_GREEDY,Epsilon-Greedy — Battle strategy,41,5,train,0.8145062499999999,800.4774699999978,80.04774699999977,10.324434049760157,21.84004476735057,0.47138231972461964,37.0045434866543,9
HPG,GOOD,EPSILON_GREEDY,Epsilon-Greedy — Battle strategy,41,5,test,0.8145062499999999,2112.4240300000006,211.24240300000005,46.09292323266332,31.58241689173516,1.3000021555078438,38.15967048602732,11
HPG,GOOD,EPSILON_GREEDY,Epsilon-Greedy — Battle strategy,41,6,train,0.7737809374999998,806.4289599999981,80.64289599999982,10.385282950396624,21.804344108327143,0.474352503919785,37.037893345904756,9
HPG,GOOD,EPSILON_GREEDY,Epsilon-Greedy — Battle strategy,41,6,test,0.7737809374999998,2112.4240300000006,211.24240300000005,46.09292323266332,31.58241689173516,1.3000021555078438,38.15967048602732,11
HPG,GOOD,EPSILON_GREEDY,Epsilon-Greedy — Battle strategy,41,7,train,0.7350918906249998,816.080059999998,81.6080059999998,10.483603194227475,21.83853820690689,0.47806387350720136,37.083381208529936,9
HPG,GOOD,EPSILON_GREEDY,Epsilon-Greedy — Battle strategy,41,7,test,0.7350918906249998,2112.4240300000006,211.24240300000005,46.09292323266332,31.58241689173516,1.3000021555078438,38.15967048602732,11
HPG,GOOD,EPSILON_GREEDY,Epsilon-Greedy — Battle strategy,41,8,train,0.6983372960937497,780.8746399999968,78.08746399999968,10.122820030094726,22.23012159241039,0.45863947756374523,37.02297999469899,9
HPG,GOOD,EPSILON_GREEDY,Epsilon-Greedy — Battle strategy,41,8,test,0.6983372960937497,2112.4240300000006,211.24240300000005,46.09292323266332,31.58241689173516,1.3000021555078438,38.15967048602732,11
HPG,GOOD,EPSILON_GREEDY,Epsilon-Greedy — Battle strategy,41,9,train,0.6634204312890623,783.4040399999972,78.34040399999972,10.148938324797241,22.200178227775833,0.46003981496553686,37.08730064556273,9
HPG,GOOD,EPSILON_GREEDY,Epsilon-Greedy — Battle strategy,41,9,test,0.6634204312890623,2112.4240300000006,211.24240300000005,46.09292323266332,31.58241689173516,1.3000021555078438,38.15967048602732,11
HPG,GOOD,EPSILON_GREEDY,Epsilon-Greedy — Battle strategy,41,10,train,0.6302494097246091,782.4574899999968,78.24574899999969,10.13916797277028,22.180414470642244,0.45985055082506937,37.10020709259162,9
HPG,GOOD,EPSILON_GREEDY,Epsilon-Greedy — Battle strategy,41,10,test,0.6302494097246091,2112.4240300000006,211.24240300000005,46.09292323266332,31.58241689173516,1.3000021555078438,38.15967048602732,11
HPG,GOOD,EPSILON_GREEDY,Epsilon-Greedy — Battle strategy,41,11,train,0.5987369392383787,779.6007499999971,77.9600749999997,10.109654286790605,22.13477605904586,0.4591221614349704,37.00748470534463,9
HPG,GOOD,EPSILON_GREEDY,Epsilon-Greedy — Battle strategy,41,11,test,0.5987369392383787,2093.4812400000005,209.34812400000004,45.79546244858259,31.51974014693057,1.2954659214063486,38.15967048602732,11
HPG,GOOD,EPSILON_GREEDY,Epsilon-Greedy — Battle strategy,41,12,train,0.5688000922764597,775.800289999997,77.5800289999997,10.07032956723528,22.152228946416848,0.45730888829602556,37.07633640767427,9
HPG,GOOD,EPSILON_GREEDY,Epsilon-Greedy — Battle strategy,41,12,test,0.5688000922764597,2093.4812400000005,209.34812400000004,45.79546244858259,31.51974014693057,1.2954659214063486,38.15967048602732,11
HPG,GOOD,EPSILON_GREEDY,Epsilon-Greedy — Battle strategy,41,13,train,0.5403600876626367,781.7550099999969,78.1755009999997,10.131914133422404,22.118292277548253,0.46022362060341176,37.09294757742479,9
HPG,GOOD,EPSILON_GREEDY,Epsilon-Greedy — Battle strategy,41,13,test,0.5403600876626367,2093.4812400000005,209.34812400000004,45.79546244858259,31.51974014693057,1.2954659214063486,38.15967048602732,11
HPG,GOOD,EPSILON_GREEDY,Epsilon-Greedy — Battle strategy,41,14,train,0.5133420832795048,757.0811899999972,75.70811899999971,9.87560719250602,21.83522209462715,0.452576776431634,37.03894281588028,9
HPG,GOOD,EPSILON_GREEDY,Epsilon-Greedy — Battle strategy,41,14,test,0.5133420832795048,2093.4812400000005,209.34812400000004,45.79546244858259,31.51974014693057,1.2954659214063486,38.15967048602732,11
HPG,GOOD,EPSILON_GREEDY,Epsilon-Greedy — Battle strategy,41,15,train,0.48767497911552954,756.3179199999963,75.63179199999963,9.867630803993466,21.756849264464478,0.4530866437470217,36.99677257672624,9
HPG,GOOD,EPSILON_GREEDY,Epsilon-Greedy — Battle strategy,41,15,test,0.48767497911552954,2093.4812400000005,209.34812400000004,45.79546244858259,31.51974014693057,1.2954659214063486,38.15967048602732,11
HPG,GOOD,EPSILON_GREEDY,Epsilon-Greedy — Battle strategy,41,16,train,0.46329123015975304,806.8686599999978,80.68686599999978,10.389771880064757,21.012833762156696,0.48439042985778125,37.07759776002507,9
HPG,GOOD,EPSILON_GREEDY,Epsilon-Greedy — Battle strategy,41,16,test,0.46329123015975304,2112.4240300000006,211.24240300000005,46.09292323266332,31.58241689173516,1.3000021555078438,38.15967048602732,11
HPG,GOOD,EPSILON_GREEDY,Epsilon-Greedy — Battle strategy,41,17,train,0.44012666865176536,806.8942899999979,80.68942899999979,10.39003351055705,21.01248489180345,0.48440638452902435,37.07725297763573,9
HPG,GOOD,EPSILON_GREEDY,Epsilon-Greedy — Battle strategy,41,17,test,0.44012666865176536,2112.4240300000006,211.24240300000005,46.09292323266332,31.58241689173516,1.3000021555078438,38.15967048602732,11
HPG,GOOD,EPSILON_GREEDY,Epsilon-Greedy — Battle strategy,41,18,train,0.4181203352191771,781.7644099999968,78.17644099999968,10.132011213958346,22.133150007436207,0.46006607523078286,37.075966503432106,9
HPG,GOOD,EPSILON_GREEDY,Epsilon-Greedy — Battle strategy,41,18,test,0.4181203352191771,2093.4812400000005,209.34812400000004,45.79546244858259,31.51974014693057,1.2954659214063486,38.15967048602732,11
HPG,GOOD,EPSILON_GREEDY,Epsilon-Greedy — Battle strategy,41,19,train,0.3972143184582182,792.1487499999969,79.21487499999968,10.238998117791432,22.148581603072305,0.4643226034106862,37.065927181536004,9
HPG,GOOD,EPSILON_GREEDY,Epsilon-Greedy — Battle strategy,41,19,test,0.3972143184582182,2093.8203800000006,209.38203800000002,45.800798654526844,31.523708188305015,1.2954592014664232,38.15967048602732,11
HPG,GOOD,EPSILON_GREEDY,Epsilon-Greedy — Battle strategy,41,20,train,0.37735360253530725,757.0089399999968,75.70089399999968,9.874852283139113,21.837701222594138,0.4525096752676697,37.00004068649536,9
HPG,GOOD,EPSILON_GREEDY,Epsilon-Greedy — Battle strategy,41,20,test,0.37735360253530725,2093.4812400000005,209.34812400000004,45.79546244858259,31.51974014693057,1.2954659214063486,38.15967048602732,11
HPG,GOOD,EPSILON_GREEDY,Epsilon-Greedy — Battle strategy,41,21,train,0.3584859224085419,773.5340299999964,77.35340299999964,10.046846388607179,21.70257748922677,0.4612517031585129,36.996357252552514,9
HPG,GOOD,EPSILON_GREEDY,Epsilon-Greedy — Battle strategy,41,21,test,0.3584859224085419,2093.4812400000005,209.34812400000004,45.79546244858259,31.51974014693057,1.2954659214063486,38.15967048602732,11
HPG,GOOD,EPSILON_GREEDY,Epsilon-Greedy — Battle strategy,41,22,train,0.3405616262881148,783.8602799999962,78.38602799999961,10.153646121819815,21.704809015047125,0.4657402341796805,37.06424444120701,9
HPG,GOOD,EPSILON_GREEDY,Epsilon-Greedy — Battle strategy,41,22,test,0.3405616262881148,2093.8203800000006,209.38203800000002,45.800798654526844,31.523708188305015,1.2954592014664232,38.15967048602732,11
HPG,GOOD,EPSILON_GREEDY,Epsilon-Greedy — Battle strategy,41,23,train,0.323533544973709,781.7527299999965,78.17527299999966,10.131890586164282,21.673770796345636,0.46518247945955665,37.06748876015203,9
HPG,GOOD,EPSILON_GREEDY,Epsilon-Greedy — Battle strategy,41,23,test,0.323533544973709,2093.8203800000006,209.38203800000002,45.800798654526844,31.523708188305015,1.2954592014664232,38.15967048602732,11
HPG,GOOD,EPSILON_GREEDY,Epsilon-Greedy — Battle strategy,41,24,train,0.3073568677250236,774.0473799999968,77.40473799999968,10.052167953513358,21.70779258692161,0.46142194608239195,37.08342214478215,9
HPG,GOOD,EPSILON_GREEDY,Epsilon-Greedy — Battle strategy,41,24,test,0.3073568677250236,2093.8203800000006,209.38203800000002,45.800798654526844,31.523708188305015,1.2954592014664232,38.15967048602732,11
HPG,GOOD,EPSILON_GREEDY,Epsilon-Greedy — Battle strategy,41,25,train,0.2919890243387724,773.7276399999967,77.37276399999966,10.048853567974291,21.653792213245126,0.4618969335710196,37.08780379654139,9
HPG,GOOD,EPSILON_GREEDY,Epsilon-Greedy — Battle strategy,41,25,test,0.2919890243387724,2093.8203800000006,209.38203800000002,45.800798654526844,31.523708188305015,1.2954592014664232,38.15967048602732,11
HPG,GOOD,EPSILON_GREEDY,Epsilon-Greedy — Battle strategy,41,26,train,0.27738957312183377,777.9606399999966,77.79606399999966,10.092692069878307,21.621941335069245,0.46411980214201987,37.046791234456215,9
HPG,GOOD,EPSILON_GREEDY,Epsilon-Greedy — Battle strategy,41,26,test,0.27738957312183377,2093.8203800000006,209.38203800000002,45.800798654526844,31.523708188305015,1.2954592014664232,38.15967048602732,11
HPG,GOOD,EPSILON_GREEDY,Epsilon-Greedy — Battle strategy,41,27,train,0.26352009446574204,777.9937899999966,77.79937899999966,10.093035040228315,21.681990617899984,0.46344287717391874,37.04633823839112,9
HPG,GOOD,EPSILON_GREEDY,Epsilon-Greedy — Battle strategy,41,27,test,0.26352009446574204,2093.8203800000006,209.38203800000002,45.800798654526844,31.523708188305015,1.2954592014664232,38.15967048602732,11
HPG,GOOD,EPSILON_GREEDY,Epsilon-Greedy — Battle strategy,41,28,train,0.2503440897424549,781.6613099999963,78.16613099999962,10.130946403057361,21.546325725389384,0.4666267158797925,37.02332655228724,9
HPG,GOOD,EPSILON_GREEDY,Epsilon-Greedy — Battle strategy,41,28,test,0.2503440897424549,2093.8203800000006,209.38203800000002,45.800798654526844,31.523708188305015,1.2954592014664232,38.15967048602732,11
HPG,GOOD,EPSILON_GREEDY,Epsilon-Greedy — Battle strategy,41,29,train,0.23782688525533216,773.6197299999967,77.36197299999968,10.047734873862414,21.385071365414415,0.4649732727048136,36.978314997576554,9
HPG,GOOD,EPSILON_GREEDY,Epsilon-Greedy — Battle strategy,41,29,test,0.23782688525533216,2093.8203800000006,209.38203800000002,45.800798654526844,31.523708188305015,1.2954592014664232,38.15967048602732,11
HPG,GOOD,EPSILON_GREEDY,Epsilon-Greedy — Battle strategy,41,30,train,0.22593554099256555,775.8545299999962,77.58545299999962,10.070891300791196,21.412320227185866,0.4656489697786455,37.07559403902288,9
HPG,GOOD,EPSILON_GREEDY,Epsilon-Greedy — Battle strategy,41,30,test,0.22593554099256555,2093.8203800000006,209.38203800000002,45.800798654526844,31.523708188305015,1.2954592014664232,38.15967048602732,11
HPG,GOOD,EPSILON_GREEDY,Epsilon-Greedy — Battle strategy,41,31,train,0.21463876394293727,765.268939999997,76.5268939999997,9.96099047981771,21.36238221298826,0.46152242441046654,37.04579315026802,9
HPG,GOOD,EPSILON_GREEDY,Epsilon-Greedy — Battle strategy,41,31,test,0.21463876394293727,2093.8203800000006,209.38203800000002,45.800798654526844,31.523708188305015,1.2954592014664232,38.15967048602732,11
HPG,GOOD,EPSILON_GREEDY,Epsilon-Greedy — Battle strategy,41,32,train,0.2039068257457904,768.7291999999966,76.87291999999965,9.99697554658201,21.30529502928051,0.46374430360614477,37.04096038179178,9
HPG,GOOD,EPSILON_GREEDY,Epsilon-Greedy — Battle strategy,41,32,test,0.2039068257457904,2093.8203800000006,209.38203800000002,45.800798654526844,31.523708188305015,1.2954592014664232,38.15967048602732,11
HPG,GOOD,EPSILON_GREEDY,Epsilon-Greedy — Battle strategy,41,33,train,0.19371148445850087,770.7567999999965,77.07567999999965,10.01803438960438,21.289026475112628,0.4648432913868452,36.99613184187566,9
HPG,GOOD,EPSILON_GREEDY,Epsilon-Greedy — Battle strategy,41,33,test,0.19371148445850087,2093.8203800000006,209.38203800000002,45.800798654526844,31.523708188305015,1.2954592014664232,38.15967048602732,11
HPG,GOOD,EPSILON_GREEDY,Epsilon-Greedy — Battle strategy,41,34,train,0.18402591023557582,778.4428199999966,77.84428199999965,10.09768018609918,21.34042764476376,0.4676532377642604,37.00637300389768,9
HPG,GOOD,EPSILON_GREEDY,Epsilon-Greedy — Battle strategy,41,34,test,0.18402591023557582,2093.8203800000006,209.38203800000002,45.800798654526844,31.523708188305015,1.2954592014664232,38.15967048602732,11
HPG,GOOD,EPSILON_GREEDY,Epsilon-Greedy — Battle strategy,41,35,train,0.174824614723797,785.0920699999965,78.50920699999965,10.166351568165922,21.382027566599188,0.4700978211071392,37.030626532712596,9
HPG,GOOD,EPSILON_GREEDY,Epsilon-Greedy — Battle strategy,41,35,test,0.174824614723797,2094.4628400000006,209.44628400000008,45.810906387674486,31.520915914646032,1.2957665720452463,38.15967048602732,11
HPG,GOOD,EPSILON_GREEDY,Epsilon-Greedy — Battle strategy,41,36,train,0.16608338398760716,789.9311899999966,78.99311899999965,10.216194667688994,21.548165126583367,0.4702279397436289,37.09602308729862,9
HPG,GOOD,EPSILON_GREEDY,Epsilon-Greedy — Battle strategy,41,36,test,0.16608338398760716,2112.8028500000005,211.28028500000005,46.09885957061506,31.59529466730965,1.2997310621622251,38.15967048602732,11
HPG,GOOD,EPSILON_GREEDY,Epsilon-Greedy — Battle strategy,41,37,train,0.1577792147882268,789.925799999997,78.9925799999997,10.216139212977104,21.50390850315786,0.4707526441066937,37.053937541777266,9
HPG,GOOD,EPSILON_GREEDY,Epsilon-Greedy — Battle strategy,41,37,test,0.1577792147882268,2112.8028500000005,211.28028500000005,46.09885957061506,31.59529466730965,1.2997310621622251,38.15967048602732,11
HPG,GOOD,EPSILON_GREEDY,Epsilon-Greedy — Battle strategy,41,38,train,0.14989025404881545,781.5955399999971,78.15955399999972,10.130267107447576,21.513000255810173,0.46699022372045995,37.0465028714493,9
HPG,GOOD,EPSILON_GREEDY,Epsilon-Greedy — Battle strategy,41,38,test,0.14989025404881545,2112.8028500000005,211.28028500000005,46.09885957061506,31.59529466730965,1.2997310621622251,38.15967048602732,11
HPG,GOOD,EPSILON_GREEDY,Epsilon-Greedy — Battle strategy,41,39,train,0.14239574134637467,781.8175599999968,78.18175599999968,10.132560124070089,21.46770408799731,0.4676227737025118,37.02119625090634,9
HPG,GOOD,EPSILON_GREEDY,Epsilon-Greedy — Battle strategy,41,39,test,0.14239574134637467,2112.8028500000005,211.28028500000005,46.09885957061506,31.59529466730965,1.2997310621622251,38.15967048602732,11
HPG,GOOD,EPSILON_GREEDY,Epsilon-Greedy — Battle strategy,41,40,train,0.13527595427905592,781.6352099999963,78.16352099999962,10.13067683561002,21.422289675038208,0.4680822265960106,36.993022474360785,9
HPG,GOOD,EPSILON_GREEDY,Epsilon-Greedy — Battle strategy,41,40,test,0.13527595427905592,2112.5170800000005,211.25170800000004,46.09438142689222,31.60518858176834,1.299327059914633,38.15734108894272,11
HPG,GOOD,EPSILON_GREEDY,Epsilon-Greedy — Battle strategy,41,41,train,0.12851215656510312,785.2087399999966,78.52087399999967,10.167554596318084,21.431433692060946,0.4695538194638478,37.06271797320417,9
HPG,GOOD,EPSILON_GREEDY,Epsilon-Greedy — Battle strategy,41,41,test,0.12851215656510312,2112.5170800000005,211.25170800000004,46.09438142689222,31.60518858176834,1.299327059914633,38.15734108894272,11
HPG,GOOD,EPSILON_GREEDY,Epsilon-Greedy — Battle strategy,41,42,train,0.12208654873684796,773.4060399999962,77.34060399999963,10.045519399877477,21.372219926858055,0.46502765616922875,36.91760125659151,9
HPG,GOOD,EPSILON_GREEDY,Epsilon-Greedy — Battle strategy,41,42,test,0.12208654873684796,2112.5170800000005,211.25170800000004,46.09438142689222,31.60518858176834,1.299327059914633,38.15734108894272,11
HPG,GOOD,EPSILON_GREEDY,Epsilon-Greedy — Battle strategy,41,43,train,0.11598222130000556,773.4360699999963,77.34360699999964,10.045830755360274,21.36511794421371,0.4651243398675857,36.891791269110335,9
HPG,GOOD,EPSILON_GREEDY,Epsilon-Greedy — Battle strategy,41,43,test,0.11598222130000556,2112.5170800000005,211.25170800000004,46.09438142689222,31.60518858176834,1.299327059914633,38.15734108894272,11
HPG,GOOD,EPSILON_GREEDY,Epsilon-Greedy — Battle strategy,41,44,train,0.11018311023500528,781.7621099999967,78.17621099999967,10.131987460249615,21.415037211748455,0.4682248827921867,36.95869346562213,9
HPG,GOOD,EPSILON_GREEDY,Epsilon-Greedy — Battle strategy,41,44,test,0.11018311023500528,2112.4123300000006,211.24123300000005,46.09273987894251,31.60520266574992,1.2992908773950687,38.15734108894272,11
HPG,GOOD,EPSILON_GREEDY,Epsilon-Greedy — Battle strategy,41,45,train,0.10467395472325501,782.8630599999972,78.28630599999971,10.143354822277306,21.415101827172624,0.46871154615110555,36.980659046232475,9
HPG,GOOD,EPSILON_GREEDY,Epsilon-Greedy — Battle strategy,41,45,test,0.10467395472325501,2112.4123300000006,211.24123300000005,46.09273987894251,31.60520266574992,1.2992908773950687,38.15734108894272,11
HPG,GOOD,EPSILON_GREEDY,Epsilon-Greedy — Battle strategy,42,1,train,1.0,-29.957370000000537,-2.995737000000054,-0.5069072854488765,5.523785909495866,-0.4272333884470024,17.356428668865913,0
HPG,GOOD,EPSILON_GREEDY,Epsilon-Greedy — Battle strategy,42,1,test,1.0,318.2262799999987,31.822627999999874,9.663129452323883,13.567310548804205,0.6027950569854069,22.29336950229586,0
HPG,GOOD,EPSILON_GREEDY,Epsilon-Greedy — Battle strategy,42,2,train,0.95,-30.450400000000172,-3.045040000000017,-0.5153582731220907,5.526279923452047,-0.4285662401936725,17.363972728350724,0
HPG,GOOD,EPSILON_GREEDY,Epsilon-Greedy — Battle strategy,42,2,test,0.95,319.0179399999988,31.90179399999988,9.685112880849278,13.562180845683924,0.6044559989686371,22.282639906034053,0
HPG,GOOD,EPSILON_GREEDY,Epsilon-Greedy — Battle strategy,42,3,train,0.9025,-30.90553000000068,-3.0905530000000683,-0.5231627977830389,5.528418489577307,-0.4298106203664477,17.37094268762834,0
HPG,GOOD,EPSILON_GREEDY,Epsilon-Greedy — Battle strategy,42,3,test,0.9025,326.4162099999987,32.64162099999987,9.890130177236966,13.523231774699884,0.6196703820850054,22.182866040696933,0
HPG,GOOD,EPSILON_GREEDY,Epsilon-Greedy — Battle strategy,42,4,train,0.8573749999999999,-35.09425999999996,-3.509425999999996,-0.5951344391192492,5.527486918934709,-0.4431008810544042,17.4293852031832,0
HPG,GOOD,EPSILON_GREEDY,Epsilon-Greedy — Battle strategy,42,4,test,0.8573749999999999,317.4676099999988,31.74676099999988,9.642053861852308,13.542568887950562,0.602225671938681,22.303661676211227,0
HPG,GOOD,EPSILON_GREEDY,Epsilon-Greedy — Battle strategy,42,5,train,0.8145062499999999,-40.25327000000061,-4.025327000000061,-0.6841361384925859,5.4530989548727895,-0.4664622960460418,17.83118585854894,0
HPG,GOOD,EPSILON_GREEDY,Epsilon-Greedy — Battle strategy,42,5,test,0.8145062499999999,316.17561999999884,31.617561999999882,9.60614421152255,13.553449753817995,0.599424051753709,22.3212107981604,0
HPG,GOOD,EPSILON_GREEDY,Epsilon-Greedy — Battle strategy,42,6,train,0.7737809374999998,-40.800070000000915,-4.080007000000092,-0.6935927081256787,5.4559115172999535,-0.4679543195170397,17.839827378283655,0
HPG,GOOD,EPSILON_GREEDY,Epsilon-Greedy — Battle strategy,42,6,test,0.7737809374999998,313.61790999999835,31.361790999999833,9.534985746725022,13.612589077346682,0.5926186519657682,22.356033793915515,0
HPG,GOOD,EPSILON_GREEDY,Epsilon-Greedy — Battle strategy,42,7,train,0.7350918906249998,-39.49561999999969,-3.949561999999969,-0.6710404618295418,5.535502840658075,-0.45630010402186433,17.49756333368299,0
HPG,GOOD,EPSILON_GREEDY,Epsilon-Greedy — Battle strategy,42,7,test,0.7350918906249998,313.2214799999979,31.32214799999979,9.52394834453223,13.54660699768819,0.5940996889955764,22.361440881150617,0
HPG,GOOD,EPSILON_GREEDY,Epsilon-Greedy — Battle strategy,42,8,train,0.6983372960937497,-38.844760000000406,-3.8844760000000407,-0.659797476067947,5.325130109535758,-0.47431739808555073,17.838212305748993,0
HPG,GOOD,EPSILON_GREEDY,Epsilon-Greedy — Battle strategy,42,8,test,0.6983372960937497,323.07976999999823,32.30797699999982,9.797766908841199,13.5077623476511,0.6139783235245948,22.22775079135119,0
HPG,GOOD,EPSILON_GREEDY,Epsilon-Greedy — Battle strategy,42,9,train,0.6634204312890623,-51.972490000000334,-5.197249000000034,-0.8878029162923351,5.5052305060608315,-0.49914000175145873,18.00952120423011,0
HPG,GOOD,EPSILON_GREEDY,Epsilon-Greedy — Battle strategy,42,9,test,0.6634204312890623,322.47718999999825,32.247718999999826,9.781069042351142,13.513670076937116,0.6126386490274661,22.235876604086133,0
HPG,GOOD,EPSILON_GREEDY,Epsilon-Greedy — Battle strategy,42,10,train,0.6302494097246091,-51.553370000000086,-5.155337000000008,-0.8804830243424822,5.5030458658388905,-0.4980062254303486,18.002766176867155,0
HPG,GOOD,EPSILON_GREEDY,Epsilon-Greedy — Battle strategy,42,10,test,0.6302494097246091,325.24121999999807,32.52412199999981,9.857620390539989,13.51428617168327,0.6177870919150219,22.198652355501014,0
HPG,GOOD,EPSILON_GREEDY,Epsilon-Greedy — Battle strategy,42,11,train,0.5987369392383787,-39.895959999999604,-3.9895959999999606,-0.6779591058539536,5.372491816729282,-0.4731178284529019,16.828196238588653,0
HPG,GOOD,EPSILON_GREEDY,Epsilon-Greedy — Battle strategy,42,11,test,0.5987369392383787,325.67286999999806,32.56728699999981,9.86956557310059,13.574871173905882,0.616436089923666,22.19285040842337,0
HPG,GOOD,EPSILON_GREEDY,Epsilon-Greedy — Battle strategy,42,12,train,0.5688000922764597,-40.61561999999981,-4.061561999999981,-0.6904022571066148,5.188661218303437,-0.4941789638986013,17.119385735956733,0
HPG,GOOD,EPSILON_GREEDY,Epsilon-Greedy — Battle strategy,42,12,test,0.5688000922764597,322.9958999999981,32.2995899999998,9.79544312250631,13.57301345099979,0.6115109658328034,22.228881425486787,0
HPG,GOOD,EPSILON_GREEDY,Epsilon-Greedy — Battle strategy,42,13,train,0.5403600876626367,-35.935689999999795,-3.59356899999998,-0.6096234449496807,5.193705769725013,-0.47785709647358765,16.71017579994144,0
HPG,GOOD,EPSILON_GREEDY,Epsilon-Greedy — Battle strategy,42,13,test,0.5403600876626367,328.39342999999803,32.83934299999981,9.944792901054168,13.641278331552794,0.619134758082967,22.15635216396177,0
HPG,GOOD,EPSILON_GREEDY,Epsilon-Greedy — Battle strategy,42,14,train,0.5133420832795048,-34.10301000000027,-3.4103010000000267,-0.5780791025772891,5.259998850920587,-0.46508661396168777,16.682896776297884,0
HPG,GOOD,EPSILON_GREEDY,Epsilon-Greedy — Battle strategy,42,14,test,0.5133420832795048,326.24396999999817,32.62439699999982,9.885365817226699,13.666497863766324,0.6142700115730814,22.185178728059906,0
HPG,GOOD,EPSILON_GREEDY,Epsilon-Greedy — Battle strategy,42,15,train,0.48767497911552954,-19.238669999999047,-1.9238669999999045,-0.32405742949249694,4.981977856966411,-0.44224266868040885,14.884267862514294,0
HPG,GOOD,EPSILON_GREEDY,Epsilon-Greedy — Battle strategy,42,15,test,0.48767497911552954,331.6107099999981,33.16107099999981,10.033622910348816,13.786211724703149,0.6199455243306884,22.474466257115814,0
HPG,GOOD,EPSILON_GREEDY,Epsilon-Greedy — Battle strategy,42,16,train,0.46329123015975304,-19.238669999999047,-1.9238669999999045,-0.32405742949249694,4.981977856966411,-0.44224266868040885,14.884267862514294,0
HPG,GOOD,EPSILON_GREEDY,Epsilon-Greedy — Battle strategy,42,16,test,0.46329123015975304,333.46635999999785,33.34663599999978,10.084792936255504,13.700785606961343,0.6263715124356569,22.449432892510536,0
HPG,GOOD,EPSILON_GREEDY,Epsilon-Greedy — Battle strategy,42,17,train,0.44012666865176536,-28.581969999999387,-2.858196999999939,-0.48335056111170616,4.701654267752748,-0.5057896454529427,14.972005934230204,0
HPG,GOOD,EPSILON_GREEDY,Epsilon-Greedy — Battle strategy,42,17,test,0.44012666865176536,344.79277999999795,34.479277999999795,10.396098028262802,13.72451678958412,0.6461831866920635,22.297836398008013,0
HPG,GOOD,EPSILON_GREEDY,Epsilon-Greedy — Battle strategy,42,18,train,0.4181203352191771,-28.787499999999795,-2.8787499999999797,-0.48686894436679173,4.703658952720083,-0.5063123007847758,14.974782522928958,0
HPG,GOOD,EPSILON_GREEDY,Epsilon-Greedy — Battle strategy,42,18,test,0.4181203352191771,344.88218999999776,34.48821899999977,10.398548488926007,13.723955975565778,0.646366415916593,22.296647849826073,0
HPG,GOOD,EPSILON_GREEDY,Epsilon-Greedy — Battle strategy,42,19,train,0.3972143184582182,-27.134909999999877,-2.713490999999988,-0.45859647314852037,4.696057990953405,-0.5011057174277562,14.952486116763398,0
HPG,GOOD,EPSILON_GREEDY,Epsilon-Greedy — Battle strategy,42,19,test,0.3972143184582182,344.88218999999776,34.48821899999977,10.398548488926007,13.723955975565778,0.646366415916593,22.296647849826073,0
HPG,GOOD,EPSILON_GREEDY,Epsilon-Greedy — Battle strategy,42,20,train,0.37735360253530725,-27.366609999999923,-2.7366609999999922,-0.46255797917162944,4.697017434950018,-0.5018485143990246,14.955608163029849,0
HPG,GOOD,EPSILON_GREEDY,Epsilon-Greedy — Battle strategy,42,20,test,0.37735360253530725,344.8923599999978,34.48923599999978,10.398827211332296,13.724390101194869,0.6463687534029856,22.29651266564732,0
HPG,GOOD,EPSILON_GREEDY,Epsilon-Greedy — Battle strategy,42,21,train,0.3584859224085419,-29.070669999999268,-2.907066999999927,-0.4917174306939165,4.557242935934801,-0.5251418051180154,14.606016854118572,0
HPG,GOOD,EPSILON_GREEDY,Epsilon-Greedy — Battle strategy,42,21,test,0.3584859224085419,345.4682399999981,34.54682399999981,10.414607680238564,13.658470012510298,0.6498845406052234,22.288860485225896,0
HPG,GOOD,EPSILON_GREEDY,Epsilon-Greedy — Battle strategy,42,22,train,0.3405616262881148,-32.733420000000706,-3.2733420000000706,-0.5545380612404505,4.572495086354641,-0.5371700737179907,14.65456493162123,0
HPG,GOOD,EPSILON_GREEDY,Epsilon-Greedy — Battle strategy,42,22,test,0.3405616262881148,346.4040999999977,34.64040999999977,10.44024285517331,13.652999458564205,0.6517978187922079,22.276436158563225,0
HPG,GOOD,EPSILON_GREEDY,Epsilon-Greedy — Battle strategy,42,23,train,0.323533544973709,-10.031069999999772,-1.0031069999999773,-0.16830963192551174,4.154500659912727,-0.5014982565243017,12.316345557763128,0
HPG,GOOD,EPSILON_GREEDY,Epsilon-Greedy — Battle strategy,42,23,test,0.323533544973709,345.05874999999764,34.50587499999976,10.403387151693089,13.67632713423973,0.6484692885885585,22.294301168289966,0
HPG,GOOD,EPSILON_GREEDY,Epsilon-Greedy — Battle strategy,42,24,train,0.3073568677250236,-1.2927899999999681,-0.1292789999999968,-0.02161235006283846,3.7151399176713125,-0.525584506549256,11.834440345821152,0
HPG,GOOD,EPSILON_GREEDY,Epsilon-Greedy — Battle strategy,42,24,test,0.3073568677250236,345.69101999999816,34.569101999999816,10.420711170220919,13.649992149542644,0.6506140076299908,22.285901637109248,0
HPG,GOOD,EPSILON_GREEDY,Epsilon-Greedy — Battle strategy,42,25,train,0.2919890243387724,-27.868810000000394,-2.7868810000000392,-0.4711470756691427,3.5240332361722118,-0.6850419419699787,12.126936231782986,0
HPG,GOOD,EPSILON_GREEDY,Epsilon-Greedy — Battle strategy,42,25,test,0.2919890243387724,347.4872699999987,34.748726999999874,10.469898346294372,13.596206326058704,0.6559421856784406,22.2620734501161,0
HPG,GOOD,EPSILON_GREEDY,Epsilon-Greedy — Battle strategy,42,26,train,0.27738957312183377,-27.292880000000196,-2.7292880000000195,-0.46129729037877043,3.5221392908012286,-0.6825949571148506,12.12044435394828,0
HPG,GOOD,EPSILON_GREEDY,Epsilon-Greedy — Battle strategy,42,26,test,0.27738957312183377,346.45635999999877,34.645635999999875,10.441674016595748,13.594678501655325,0.6541145104567272,22.275742771539356,0
HPG,GOOD,EPSILON_GREEDY,Epsilon-Greedy — Battle strategy,42,27,train,0.26352009446574204,-29.8331500000005,-2.9833150000000503,-0.5047786046498359,3.5078466562010595,-0.6980840851436535,12.14913065986112,0
HPG,GOOD,EPSILON_GREEDY,Epsilon-Greedy — Battle strategy,42,27,test,0.26352009446574204,346.65655999999854,34.665655999999856,10.447156232918807,13.619542363192208,0.6535328892187316,22.273086912157872,0
HPG,GOOD,EPSILON_GREEDY,Epsilon-Greedy — Battle strategy,42,28,train,0.2503440897424549,-30.29327000000046,-3.029327000000046,-0.5126645318753287,3.5085099589106195,-0.7002244458610163,12.154341151907772,0
HPG,GOOD,EPSILON_GREEDY,Epsilon-Greedy — Battle strategy,42,28,test,0.2503440897424549,346.65655999999854,34.665655999999856,10.447156232918807,13.619542363192208,0.6535328892187316,22.273086912157872,0
HPG,GOOD,EPSILON_GREEDY,Epsilon-Greedy — Battle strategy,42,29,train,0.23782688525533216,-30.364830000000325,-3.0364830000000325,-0.5138912679479635,3.5086758379714484,-0.7005442014286951,12.155058890188341,0
HPG,GOOD,EPSILON_GREEDY,Epsilon-Greedy — Battle strategy,42,29,test,0.23782688525533216,348.31159999999863,34.83115999999986,10.492456566042163,13.603897414396254,0.6571553038095245,22.25115533472046,0
HPG,GOOD,EPSILON_GREEDY,Epsilon-Greedy — Battle strategy,42,30,train,0.22593554099256555,-16.7162500000004,-1.67162500000004,-0.2812696449762342,3.3144065380389884,-0.6725343018437109,10.912527171683744,0
HPG,GOOD,EPSILON_GREEDY,Epsilon-Greedy — Battle strategy,42,30,test,0.22593554099256555,346.0394899999985,34.60394899999985,10.430256831729512,13.666132754938989,0.6506453028376191,22.28127501486428,0
HPG,GOOD,EPSILON_GREEDY,Epsilon-Greedy — Battle strategy,42,31,train,0.21463876394293727,-16.7162500000004,-1.67162500000004,-0.2812696449762342,3.3144065380389884,-0.6725343018437109,10.912527171683744,0
HPG,GOOD,EPSILON_GREEDY,Epsilon-Greedy — Battle strategy,42,31,test,0.21463876394293727,347.50142999999866,34.750142999999866,10.470285919655531,13.656673879048114,0.6536665063770296,22.261885812799594,0
HPG,GOOD,EPSILON_GREEDY,Epsilon-Greedy — Battle strategy,42,32,train,0.2039068257457904,5.318519999999353,0.5318519999999353,0.08866883119673652,3.6715297218711083,-0.501986153502061,10.693337641737326,0
HPG,GOOD,EPSILON_GREEDY,Epsilon-Greedy — Battle strategy,42,32,test,0.2039068257457904,338.77016999999864,33.87701699999987,10.230785817008293,13.680929625050897,0.6368234276070758,22.378189158967654,0
HPG,GOOD,EPSILON_GREEDY,Epsilon-Greedy — Battle strategy,42,33,train,0.19371148445850087,10.393759999999247,1.0393759999999248,0.1729181998823215,3.677968737361477,-0.4779653311621988,10.644093879469452,0
HPG,GOOD,EPSILON_GREEDY,Epsilon-Greedy — Battle strategy,42,33,test,0.19371148445850087,338.8500899999988,33.885008999999876,10.232982749031972,13.680053553976403,0.637001767138256,22.377119087001113,0
HPG,GOOD,EPSILON_GREEDY,Epsilon-Greedy — Battle strategy,42,34,train,0.18402591023557582,-17.326880000000983,-1.7326880000000984,-0.2916193609053708,3.424294478158938,-0.652929810662906,10.918729407065724,0
HPG,GOOD,EPSILON_GREEDY,Epsilon-Greedy — Battle strategy,42,34,test,0.18402591023557582,346.38919999999894,34.63891999999989,10.439834805814963,13.647328911462067,0.6519899125572634,22.276633860054627,0
HPG,GOOD,EPSILON_GREEDY,Epsilon-Greedy — Battle strategy,42,35,train,0.174824614723797,-17.149530000000595,-1.7149530000000597,-0.2886128609163485,3.4591463290855016,-0.6451243921293718,10.916927317464625,0
HPG,GOOD,EPSILON_GREEDY,Epsilon-Greedy — Battle strategy,42,35,test,0.174824614723797,351.5885399999986,35.15885399999986,10.582040994440911,13.447725745852116,0.6692777424041906,22.207858501311357,0
HPG,GOOD,EPSILON_GREEDY,Epsilon-Greedy — Battle strategy,42,36,train,0.16608338398760716,-10.719080000000758,-1.0719080000000758,-0.17990561067395827,3.446872556445219,-0.6156549246878584,10.851985616474579,0
HPG,GOOD,EPSILON_GREEDY,Epsilon-Greedy — Battle strategy,42,36,test,0.16608338398760716,352.93418999999835,35.29341899999984,10.618786240606703,13.447055658537725,0.6717840026987685,22.19012775574467,0
HPG,GOOD,EPSILON_GREEDY,Epsilon-Greedy — Battle strategy,42,37,train,0.1577792147882268,17.486149999999725,1.7486149999999725,0.29006389967802804,3.7254186956030333,-0.439767549411148,9.543279305132362,0
HPG,GOOD,EPSILON_GREEDY,Epsilon-Greedy — Battle strategy,42,37,test,0.1577792147882268,305.18162999999845,30.51816299999984,9.299622323188416,14.024144784543374,0.5638582643899538,22.47166721101542,0
HPG,GOOD,EPSILON_GREEDY,Epsilon-Greedy — Battle strategy,42,38,train,0.14989025404881545,-0.9665200000008554,-0.09665200000008553,-0.01615570036790359,3.3626748095758074,-0.5827601170950912,9.70634990968094,0
HPG,GOOD,EPSILON_GREEDY,Epsilon-Greedy — Battle strategy,42,38,test,0.14989025404881545,304.1522499999985,30.41522499999985,9.270834392052052,14.036327278943453,0.5616058623760642,22.485858531790388,0
HPG,GOOD,EPSILON_GREEDY,Epsilon-Greedy — Battle strategy,42,39,train,0.14239574134637467,14.03888999999981,1.403888999999981,0.23321041088957273,3.241169097375179,-0.5283225968843931,8.5422400791073,0
HPG,GOOD,EPSILON_GREEDY,Epsilon-Greedy — Battle strategy,42,39,test,0.14239574134637467,297.88394999999855,29.788394999999856,9.09520581317922,13.895709912874812,0.5542582892830392,22.202928920295097,0
HPG,GOOD,EPSILON_GREEDY,Epsilon-Greedy — Battle strategy,42,40,train,0.13527595427905592,14.095599999999877,1.4095599999999877,0.23414699466299815,3.2383022252153144,-0.5285278914271474,8.541793359219675,0
HPG,GOOD,EPSILON_GREEDY,Epsilon-Greedy — Battle strategy,42,40,test,0.13527595427905592,297.88394999999855,29.788394999999856,9.09520581317922,13.895709912874812,0.5542582892830392,22.202928920295097,0
HPG,GOOD,EPSILON_GREEDY,Epsilon-Greedy — Battle strategy,42,41,train,0.12851215656510312,21.561780000000226,2.1561780000000224,0.3570740997335342,3.2140777721497185,-0.4942849656053978,8.483385468358701,0
HPG,GOOD,EPSILON_GREEDY,Epsilon-Greedy — Battle strategy,42,41,test,0.12851215656510312,298.6495499999987,29.86495499999987,9.116687052075022,13.886455625653426,0.5559590867308271,22.192422033309605,0
HPG,GOOD,EPSILON_GREEDY,Epsilon-Greedy — Battle strategy,42,42,train,0.12208654873684796,29.99345999999923,2.9993459999999232,0.4950012197504572,3.1012306091776853,-0.46874826953063364,7.437011017482871,0
HPG,GOOD,EPSILON_GREEDY,Epsilon-Greedy — Battle strategy,42,42,test,0.12208654873684796,305.5502099999985,30.555020999999847,9.309926458021533,13.945430399204012,0.566940080439755,22.466590218227342,0
HPG,GOOD,EPSILON_GREEDY,Epsilon-Greedy — Battle strategy,42,43,train,0.11598222130000556,20.592049999999517,2.059204999999952,0.3411503256613546,3.0786963437899084,-0.5226086642340689,7.5017099292769505,0
HPG,GOOD,EPSILON_GREEDY,Epsilon-Greedy — Battle strategy,42,43,test,0.11598222130000556,305.1133399999985,30.511333999999852,9.297712974300843,13.953051848132548,0.5659021931431666,22.472608121283727,0
HPG,GOOD,EPSILON_GREEDY,Epsilon-Greedy — Battle strategy,42,44,train,0.11018311023500528,17.375389999999243,1.737538999999924,0.2882397011331861,3.0628681398012154,-0.5428407984159719,7.5241056789020515,0
HPG,GOOD,EPSILON_GREEDY,Epsilon-Greedy — Battle strategy,42,44,test,0.11018311023500528,305.1133399999985,30.511333999999852,9.297712974300843,13.953051848132548,0.5659021931431666,22.472608121283727,0
HPG,GOOD,EPSILON_GREEDY,Epsilon-Greedy — Battle strategy,42,45,train,0.10467395472325501,24.13436999999908,2.413436999999908,0.39925724801446183,3.090126647951114,-0.5016616695970096,7.4772005462713755,0
HPG,GOOD,EPSILON_GREEDY,Epsilon-Greedy — Battle strategy,42,45,test,0.10467395472325501,288.0886099999984,28.80886099999984,8.819619827211866,13.704778517752247,0.5415509818124865,22.338240796716676,0
HPG,GOOD,EPSILON_GREEDY,Epsilon-Greedy — Battle strategy,43,1,train,1.0,331.4191599999988,33.141915999999874,4.898979521317726,7.493359079014628,0.4144892252671014,11.454055965998657,0
HPG,GOOD,EPSILON_GREEDY,Epsilon-Greedy — Battle strategy,43,1,test,1.0,923.3311899999983,92.33311899999983,24.404517844499797,16.097028801056933,1.3182465742862555,19.296357727170165,0
HPG,GOOD,EPSILON_GREEDY,Epsilon-Greedy — Battle strategy,43,2,train,0.95,338.65112999999906,33.86511299999991,4.993968423439377,7.446704102988325,0.428878029888428,11.01539610404628,0
HPG,GOOD,EPSILON_GREEDY,Epsilon-Greedy — Battle strategy,43,2,test,0.95,843.2156699999996,84.32156699999996,22.649841944093517,15.44828920571875,1.2746294304776655,19.15340821823545,0
HPG,GOOD,EPSILON_GREEDY,Epsilon-Greedy — Battle strategy,43,3,train,0.9025,351.4928699999982,35.14928699999982,5.161590996094501,7.456919718662669,0.44997460083817714,11.461767106205519,0
HPG,GOOD,EPSILON_GREEDY,Epsilon-Greedy — Battle strategy,43,3,test,0.9025,824.4003599999996,82.44003599999996,22.230413794981587,15.51845196175112,1.2473981559364251,19.03422258342968,0
HPG,GOOD,EPSILON_GREEDY,Epsilon-Greedy — Battle strategy,43,4,train,0.8573749999999999,349.3979299999992,34.939792999999916,5.134336661838135,7.4695075825737325,0.44584117902624204,11.454217681605854,0
HPG,GOOD,EPSILON_GREEDY,Epsilon-Greedy — Battle strategy,43,4,test,0.8573749999999999,837.7667599999993,83.77667599999992,22.52867016628153,15.269460674533702,1.281247199573549,18.140979502960512,0
HPG,GOOD,EPSILON_GREEDY,Epsilon-Greedy — Battle strategy,43,5,train,0.8145062499999999,351.4965599999973,35.14965599999973,5.161638970469817,7.593841782141333,0.4432279590618337,11.15968671715894,0
HPG,GOOD,EPSILON_GREEDY,Epsilon-Greedy — Battle strategy,43,5,test,0.8145062499999999,837.1609499999988,83.71609499999988,22.51518350788768,15.140107589690066,1.2901778278096734,18.1460335991661,0
HPG,GOOD,EPSILON_GREEDY,Epsilon-Greedy — Battle strategy,43,6,train,0.7737809374999998,347.30382999999756,34.730382999999755,5.10705801150475,7.601069890678488,0.4359875321150825,11.495464075522566,0
HPG,GOOD,EPSILON_GREEDY,Epsilon-Greedy — Battle strategy,43,6,test,0.7737809374999998,822.4502099999997,82.24502099999998,22.18677680999548,15.016694295044907,1.2815901545436956,17.97865375687247,0
HPG,GOOD,EPSILON_GREEDY,Epsilon-Greedy — Battle strategy,43,7,train,0.7350918906249998,360.6153899999981,36.06153899999981,5.279862673155766,7.582990263059486,0.45869705519378995,11.355515999721387,0
HPG,GOOD,EPSILON_GREEDY,Epsilon-Greedy — Battle strategy,43,7,test,0.7350918906249998,810.6112000000003,81.06112000000003,21.921194662165245,14.988232413963818,1.2691613872628245,18.18972519952298,0
HPG,GOOD,EPSILON_GREEDY,Epsilon-Greedy — Battle strategy,43,8,train,0.6983372960937497,357.7106299999987,35.77106299999987,5.242274890067211,7.728521130255207,0.446843582783628,11.424886915345015,0
HPG,GOOD,EPSILON_GREEDY,Epsilon-Greedy — Battle strategy,43,8,test,0.6983372960937497,765.9698400000004,76.59698400000005,20.909229902604665,14.63345458546067,1.239142788145104,17.976524839812775,0
HPG,GOOD,EPSILON_GREEDY,Epsilon-Greedy — Battle strategy,43,9,train,0.6634204312890623,371.17145999999866,37.11714599999987,5.415898536794117,7.759939325737383,0.4667806311246848,11.110400988539574,0
HPG,GOOD,EPSILON_GREEDY,Epsilon-Greedy — Battle strategy,43,9,test,0.6634204312890623,805.0790500000005,80.50790500000005,21.796696384267623,14.595458856140016,1.2923032487223884,17.941537825018948,0
HPG,GOOD,EPSILON_GREEDY,Epsilon-Greedy — Battle strategy,43,10,train,0.6302494097246091,373.28653999999915,37.328653999999915,5.443050572619712,7.800383095424518,0.4680960816544577,11.499875393675014,0
HPG,GOOD,EPSILON_GREEDY,Epsilon-Greedy — Battle strategy,43,10,test,0.6302494097246091,805.6484400000002,80.56484400000001,21.80952194610237,14.592201041048197,1.2932843935438174,17.936747437594892,0
HPG,GOOD,EPSILON_GREEDY,Epsilon-Greedy — Battle strategy,43,11,train,0.5987369392383787,408.50651999999855,40.850651999999855,5.890140228789487,7.865349202882609,0.5191466244170146,10.948318869531096,0
HPG,GOOD,EPSILON_GREEDY,Epsilon-Greedy — Battle strategy,43,11,test,0.5987369392383787,806.0579500000001,80.60579500000001,21.818744530817625,14.600614475891113,1.2931455479623983,17.93330373249682,0
HPG,GOOD,EPSILON_GREEDY,Epsilon-Greedy — Battle strategy,43,12,train,0.5688000922764597,428.95079999999894,42.89507999999989,6.145409498411847,8.078219687064468,0.5376429468754131,11.83474236084695,0
HPG,GOOD,EPSILON_GREEDY,Epsilon-Greedy — Battle strategy,43,12,test,0.5688000922764597,807.4179499999998,80.74179499999998,21.849363132792575,14.584812766078867,1.2961186549599328,17.92187652434543,0
HPG,GOOD,EPSILON_GREEDY,Epsilon-Greedy — Battle strategy,43,13,train,0.5403600876626367,443.0294299999987,44.302942999999864,6.319433629916049,8.06600286005378,0.5588241376818385,10.961025524896586,0
HPG,GOOD,EPSILON_GREEDY,Epsilon-Greedy — Battle strategy,43,13,test,0.5403600876626367,772.0544600000001,77.20544600000001,21.04815631366621,14.565341182255503,1.2521866371338333,18.161125141378246,0
HPG,GOOD,EPSILON_GREEDY,Epsilon-Greedy — Battle strategy,43,14,train,0.5133420832795048,445.86391999999773,44.586391999999776,6.354299256652318,8.142006804708528,0.5584286475599838,10.976768381536326,0
HPG,GOOD,EPSILON_GREEDY,Epsilon-Greedy — Battle strategy,43,14,test,0.5133420832795048,769.8677400000008,76.98677400000008,20.998264903767506,14.604253218634497,1.246403915840896,18.180070755399935,0
HPG,GOOD,EPSILON_GREEDY,Epsilon-Greedy — Battle strategy,43,15,train,0.48767497911552954,435.3381999999983,43.533819999999835,6.224539487958358,8.126136177281563,0.5442052683610769,11.443621550341755,0
HPG,GOOD,EPSILON_GREEDY,Epsilon-Greedy — Battle strategy,43,15,test,0.48767497911552954,809.4270700000002,80.94270700000001,21.894567743141558,14.274172053523998,1.3238029554647117,17.243680899439138,0
HPG,GOOD,EPSILON_GREEDY,Epsilon-Greedy — Battle strategy,43,16,train,0.46329123015975304,447.0783399999982,44.70783399999982,6.369219803681214,8.038068497152363,0.5663646780875671,10.823274809433894,0
HPG,GOOD,EPSILON_GREEDY,Epsilon-Greedy — Battle strategy,43,16,test,0.46329123015975304,758.22108,75.822108,20.731844832059252,13.866938740399831,1.2891531878206484,17.23596196232447,0
HPG,GOOD,EPSILON_GREEDY,Epsilon-Greedy — Battle strategy,43,17,train,0.44012666865176536,458.93338999999855,45.893338999999855,6.514327529035913,8.119552211236666,0.5784369967725468,10.788830564913296,0
HPG,GOOD,EPSILON_GREEDY,Epsilon-Greedy — Battle strategy,43,17,test,0.44012666865176536,717.7638800000004,71.77638800000004,19.797137442746582,13.65798502976086,1.2496116458953668,16.711741341566647,0
HPG,GOOD,EPSILON_GREEDY,Epsilon-Greedy — Battle strategy,43,18,train,0.4181203352191771,454.67019999999843,45.46701999999984,6.462258862569459,8.134214094779308,0.571476536699886,10.820447984506659,0
HPG,GOOD,EPSILON_GREEDY,Epsilon-Greedy — Battle strategy,43,18,test,0.4181203352191771,702.4202499999997,70.24202499999997,19.438809597922212,13.523240371263897,1.2384524838963007,17.072902370495342,0
HPG,GOOD,EPSILON_GREEDY,Epsilon-Greedy — Battle strategy,43,19,train,0.3972143184582182,455.84292999999957,45.58429299999996,6.476594713411732,8.231837657901918,0.5673188292735962,10.804324232795173,0
HPG,GOOD,EPSILON_GREEDY,Epsilon-Greedy — Battle strategy,43,19,test,0.3972143184582182,703.85652,70.38565200000001,19.47244260406007,13.444330506261275,1.2470375961614928,17.068923810348206,0
HPG,GOOD,EPSILON_GREEDY,Epsilon-Greedy — Battle strategy,43,20,train,0.37735360253530725,472.33424999999875,47.233424999999876,6.67717840616433,8.374338695317396,0.5817528001168251,11.25743179523851,0
HPG,GOOD,EPSILON_GREEDY,Epsilon-Greedy — Battle strategy,43,20,test,0.37735360253530725,671.3085500000011,67.13085500000011,18.705583732508636,13.254545176882818,1.214202826555436,16.702057460765317,0
HPG,GOOD,EPSILON_GREEDY,Epsilon-Greedy — Battle strategy,43,21,train,0.3584859224085419,485.0377299999991,48.50377299999991,6.8304186204749096,8.472792831337784,0.5930668572547699,10.935974503980816,0
HPG,GOOD,EPSILON_GREEDY,Epsilon-Greedy — Battle strategy,43,21,test,0.3584859224085419,670.4825800000012,67.04825800000013,18.685994239809077,13.249741754801414,1.2133426130440144,16.709154522972447,0
HPG,GOOD,EPSILON_GREEDY,Epsilon-Greedy — Battle strategy,43,22,train,0.3405616262881148,479.8863599999995,47.98863599999995,6.76841050606225,8.565002065661764,0.5807576220282996,11.2511629701743,0
HPG,GOOD,EPSILON_GREEDY,Epsilon-Greedy — Battle strategy,43,22,test,0.3405616262881148,668.6417500000002,66.86417500000003,18.6423121331315,13.071097641274093,1.2253100202318157,16.72499338599385,0
HPG,GOOD,EPSILON_GREEDY,Epsilon-Greedy — Battle strategy,43,23,train,0.323533544973709,479.93515999999954,47.99351599999995,6.768998764729828,8.549449476759504,0.5817234227211894,11.316586461787082,0
HPG,GOOD,EPSILON_GREEDY,Epsilon-Greedy — Battle strategy,43,23,test,0.323533544973709,686.7926900000018,68.67926900000018,19.071632695019105,13.34880412371802,1.2297334370124462,16.89440975977428,0
HPG,GOOD,EPSILON_GREEDY,Epsilon-Greedy — Battle strategy,43,24,train,0.3073568677250236,471.296229999999,47.1296229999999,6.664608314560949,8.540067884155258,0.570711324394761,11.139281080656401,0
HPG,GOOD,EPSILON_GREEDY,Epsilon-Greedy — Battle strategy,43,24,test,0.3073568677250236,702.5243200000007,70.25243200000007,19.44124723083278,13.48429565080107,1.2418096398921412,16.77223489467955,0
HPG,GOOD,EPSILON_GREEDY,Epsilon-Greedy — Battle strategy,43,25,train,0.2919890243387724,469.62338999999884,46.96233899999988,6.644335202215301,8.671285605748185,0.5611640610828215,11.04845418910437,0
HPG,GOOD,EPSILON_GREEDY,Epsilon-Greedy — Battle strategy,43,25,test,0.2919890243387724,702.9637999999998,70.29637999999998,19.451540081897267,13.332392088623092,1.2550745353042867,16.78406478432188,0
HPG,GOOD,EPSILON_GREEDY,Epsilon-Greedy — Battle strategy,43,26,train,0.27738957312183377,595.4647200000018,59.54647200000017,8.118400451860651,9.55891518348504,0.6624194077108809,12.075618173746596,0
HPG,GOOD,EPSILON_GREEDY,Epsilon-Greedy — Battle strategy,43,26,test,0.27738957312183377,697.4587099999992,69.74587099999991,19.322480025012645,13.348584661905047,1.24558144291202,16.803284000481256,0
HPG,GOOD,EPSILON_GREEDY,Epsilon-Greedy — Battle strategy,43,27,train,0.26352009446574204,586.8740500000008,58.68740500000008,8.020911481462157,9.54144879636866,0.6539191123697716,12.950551090343115,0
HPG,GOOD,EPSILON_GREEDY,Epsilon-Greedy — Battle strategy,43,27,test,0.26352009446574204,703.5719999999994,70.35719999999995,19.46578152511258,13.478424987261597,1.243821999177301,17.071363983047444,0
HPG,GOOD,EPSILON_GREEDY,Epsilon-Greedy — Battle strategy,43,28,train,0.2503440897424549,648.8969200000015,64.88969200000015,8.715131290477206,10.183426173201442,0.682390905315618,14.614448034575078,0
HPG,GOOD,EPSILON_GREEDY,Epsilon-Greedy — Battle strategy,43,28,test,0.2503440897424549,747.14156,74.714156,20.477304880276414,14.0072187064767,1.2624969753135826,17.01778873613689,0
HPG,GOOD,EPSILON_GREEDY,Epsilon-Greedy — Battle strategy,43,29,train,0.23782688525533216,662.3630000000012,66.23630000000011,8.862975904060534,10.22236671309945,0.6935879354296298,14.2929455663387,0
HPG,GOOD,EPSILON_GREEDY,Epsilon-Greedy — Battle strategy,43,29,test,0.23782688525533216,736.6070699999996,73.66070699999996,20.234287246170936,14.053318285621458,1.2443967622011638,17.10610558642104,0
HPG,GOOD,EPSILON_GREEDY,Epsilon-Greedy — Battle strategy,43,30,train,0.22593554099256555,664.2731400000011,66.42731400000011,8.883866550418485,10.284895465677668,0.6918762416413717,14.36580477417606,0
HPG,GOOD,EPSILON_GREEDY,Epsilon-Greedy — Battle strategy,43,30,test,0.22593554099256555,759.8789199999999,75.98789199999999,20.769839926654953,14.139508611724574,1.2692274949775548,16.80755810765945,0
HPG,GOOD,EPSILON_GREEDY,Epsilon-Greedy — Battle strategy,43,31,train,0.21463876394293727,672.6994100000018,67.26994100000017,8.975784537437015,10.440712179904148,0.6912584040265273,14.493997880646361,0
HPG,GOOD,EPSILON_GREEDY,Epsilon-Greedy — Battle strategy,43,31,test,0.21463876394293727,747.6197599999996,74.76197599999996,20.488313174702277,14.057314290642479,1.2591563436504516,17.015153307479,0
HPG,GOOD,EPSILON_GREEDY,Epsilon-Greedy — Battle strategy,43,32,train,0.2039068257457904,662.8959600000012,66.28959600000012,8.868806742952874,10.481342151452019,0.6795288993758656,14.90791747775054,0
HPG,GOOD,EPSILON_GREEDY,Epsilon-Greedy — Battle strategy,43,32,test,0.2039068257457904,789.4018599999997,78.94018599999997,21.442502584641552,14.285564659208411,1.296747168683676,16.874690193397285,0
HPG,GOOD,EPSILON_GREEDY,Epsilon-Greedy — Battle strategy,43,33,train,0.19371148445850087,675.9832400000023,67.59832400000023,9.011501789724253,10.402576412601036,0.6965835663408262,14.155622643407403,0
HPG,GOOD,EPSILON_GREEDY,Epsilon-Greedy — Battle strategy,43,33,test,0.19371148445850087,795.0803199999993,79.50803199999994,21.571033569604946,14.388383639679883,1.2958802550808561,17.032457303873556,0
HPG,GOOD,EPSILON_GREEDY,Epsilon-Greedy — Battle strategy,43,34,train,0.18402591023557582,683.0902000000019,68.30902000000019,9.088602955238834,10.520649661750946,0.6967231542037198,14.942882967575036,0
HPG,GOOD,EPSILON_GREEDY,Epsilon-Greedy — Battle strategy,43,34,test,0.18402591023557582,777.146109999999,77.7146109999999,21.164166841431364,14.313603130495892,1.2783861301720758,16.873541671815737,0
HPG,GOOD,EPSILON_GREEDY,Epsilon-Greedy — Battle strategy,43,35,train,0.174824614723797,688.8112500000011,68.88112500000011,9.150472063244731,10.489829855709413,0.7039148189423409,14.570379369396974,0
HPG,GOOD,EPSILON_GREEDY,Epsilon-Greedy — Battle strategy,43,35,test,0.174824614723797,755.8082699999998,75.58082699999997,20.676504343470437,14.32177767557278,1.2494461168211868,16.76524414325023,0
HPG,GOOD,EPSILON_GREEDY,Epsilon-Greedy — Battle strategy,43,36,train,0.16608338398760716,690.0356800000018,69.00356800000019,9.16369072349692,10.453036896105136,0.7071951085134548,14.258251582860145,0
HPG,GOOD,EPSILON_GREEDY,Epsilon-Greedy — Battle strategy,43,36,test,0.16608338398760716,764.3927899999992,76.43927899999991,20.87317006572229,14.204388803729678,1.2701223989790025,16.770623579850984,0
HPG,GOOD,EPSILON_GREEDY,Epsilon-Greedy — Battle strategy,43,37,train,0.1577792147882268,667.7318200000022,66.77318200000022,8.921642363609328,10.378659462064673,0.6899337295903339,14.343179434471509,0
HPG,GOOD,EPSILON_GREEDY,Epsilon-Greedy — Battle strategy,43,37,test,0.1577792147882268,762.6294999999993,76.26294999999993,20.83282634954895,14.053670219785296,1.2798284778607774,16.785032280142296,0
HPG,GOOD,EPSILON_GREEDY,Epsilon-Greedy — Battle strategy,43,38,train,0.14989025404881545,674.0218200000027,67.40218200000027,8.990175019706093,10.397260231906678,0.6949846415906097,14.187942463744093,0
HPG,GOOD,EPSILON_GREEDY,Epsilon-Greedy — Battle strategy,43,38,test,0.14989025404881545,780.0128700000002,78.00128700000003,21.229387039430513,14.513584186308877,1.2664646895980298,17.260718307157013,0
HPG,GOOD,EPSILON_GREEDY,Epsilon-Greedy — Battle strategy,43,39,train,0.14239574134637467,679.194320000001,67.9194320000001,9.046371439464584,10.418617714616905,0.6987659699624088,14.363086869167013,0
HPG,GOOD,EPSILON_GREEDY,Epsilon-Greedy — Battle strategy,43,39,test,0.14239574134637467,771.9686399999996,77.19686399999996,21.04619904910581,14.569085622979209,1.2517788667575955,17.747360630561754,0
HPG,GOOD,EPSILON_GREEDY,Epsilon-Greedy — Battle strategy,43,40,train,0.13527595427905592,658.0505600000008,65.80505600000008,8.815738376872439,10.39636783146933,0.6794907167606697,14.196868168136875,0
HPG,GOOD,EPSILON_GREEDY,Epsilon-Greedy — Battle strategy,43,40,test,0.13527595427905592,809.3792800000006,80.93792800000006,21.89349287046818,14.453200166347838,1.3091105941377519,16.841121109513924,0
HPG,GOOD,EPSILON_GREEDY,Epsilon-Greedy — Battle strategy,43,41,train,0.12851215656510312,646.8155700000016,64.68155700000015,8.692190409669976,10.464176858186129,0.6648140566308988,14.790112337223535,0
HPG,GOOD,EPSILON_GREEDY,Epsilon-Greedy — Battle strategy,43,41,test,0.12851215656510312,815.6161700000007,81.56161700000007,22.033610880662803,14.63209524720952,1.3027807259870539,17.7638270869793,0
HPG,GOOD,EPSILON_GREEDY,Epsilon-Greedy — Battle strategy,43,42,train,0.12208654873684796,652.0998000000013,65.20998000000013,8.750386733625849,10.438339005131093,0.6713747602941498,14.45474392133454,0
HPG,GOOD,EPSILON_GREEDY,Epsilon-Greedy — Battle strategy,43,42,test,0.12208654873684796,846.4413099999997,84.64413099999997,22.721460683554362,14.640905906874488,1.3406333809305733,17.802892217677062,0
HPG,GOOD,EPSILON_GREEDY,Epsilon-Greedy — Battle strategy,43,43,train,0.11598222130000556,659.6579900000022,65.96579900000023,8.833357764307625,10.528828831600597,0.6738158870474764,15.104465543389336,0
HPG,GOOD,EPSILON_GREEDY,Epsilon-Greedy — Battle strategy,43,43,test,0.11598222130000556,842.6020100000001,84.260201,22.636207428234044,14.75780633452347,1.3264550522259844,17.83434897271445,0
HPG,GOOD,EPSILON_GREEDY,Epsilon-Greedy — Battle strategy,43,44,train,0.11018311023500528,652.6877000000006,65.26877000000006,8.756851810703804,10.42946026215977,0.6724305211143952,14.580255337646586,0
HPG,GOOD,EPSILON_GREEDY,Epsilon-Greedy — Battle strategy,43,44,test,0.11018311023500528,877.1617000000006,87.71617000000006,23.39940409198824,14.862556688960352,1.3600633373031035,17.358505239340754,0
HPG,GOOD,EPSILON_GREEDY,Epsilon-Greedy — Battle strategy,43,45,train,0.10467395472325501,646.6299899999992,64.66299899999993,8.690143752993595,10.47629307221101,0.6639804932854747,14.886906724149876,0
HPG,GOOD,EPSILON_GREEDY,Epsilon-Greedy — Battle strategy,43,45,test,0.10467395472325501,867.8734800000002,86.78734800000002,23.195214368891936,14.97180323038375,1.3401156042697477,17.432063597824225,0
HPG,GOOD,EPSILON_GREEDY,Epsilon-Greedy — Battle strategy,44,1,train,1.0,1218.1959899999983,121.81959899999984,14.238302868337339,21.250793912832965,0.6440977589774685,37.64172771675841,8
HPG,GOOD,EPSILON_GREEDY,Epsilon-Greedy — Battle strategy,44,1,test,1.0,2221.8129899999994,222.18129899999997,47.787499453020274,31.213891551925727,1.3488322792979313,38.35845245051781,10
HPG,GOOD,EPSILON_GREEDY,Epsilon-Greedy — Battle strategy,44,2,train,0.95,1294.6431499999976,129.46431499999974,14.886884717029659,21.430103671472903,0.6671536407157406,37.61499613742732,8
HPG,GOOD,EPSILON_GREEDY,Epsilon-Greedy — Battle strategy,44,2,test,0.95,2222.3529799999997,222.23529799999997,47.79576881019085,31.186331886188857,1.3499253376567601,38.33959297206525,10
HPG,GOOD,EPSILON_GREEDY,Epsilon-Greedy — Battle strategy,44,3,train,0.9025,1211.6582299999977,121.16582299999979,14.18197613431742,21.233558284488225,0.6421045485728452,37.62317100986763,8
HPG,GOOD,EPSILON_GREEDY,Epsilon-Greedy — Battle strategy,44,3,test,0.9025,2198.5757999999996,219.85757999999996,47.43076907214117,31.157345527879254,1.342916339052297,38.24025104358523,10
HPG,GOOD,EPSILON_GREEDY,Epsilon-Greedy — Battle strategy,44,4,train,0.8573749999999999,1299.5280099999977,129.95280099999977,14.927713157173983,21.563085418376204,0.666014849070716,37.65048318030629,8
HPG,GOOD,EPSILON_GREEDY,Epsilon-Greedy — Battle strategy,44,4,test,0.8573749999999999,2198.6158399999995,219.86158399999997,47.43138523660087,31.159092136108452,1.3428720695935539,38.23884900771468,10
HPG,GOOD,EPSILON_GREEDY,Epsilon-Greedy — Battle strategy,44,5,train,0.8145062499999999,1192.370919999998,119.2370919999998,14.014992421641237,21.081680373775278,0.6382119291860325,37.654870364697395,8
HPG,GOOD,EPSILON_GREEDY,Epsilon-Greedy — Battle strategy,44,5,test,0.8145062499999999,2195.86988,219.58698800000002,47.389116507300464,31.185567869841503,1.3410765327272858,38.335240058651436,10
HPG,GOOD,EPSILON_GREEDY,Epsilon-Greedy — Battle strategy,44,6,train,0.7737809374999998,1204.479879999998,120.44798799999981,14.119970374198232,21.203262864085143,0.640134089636625,37.61159662749038,8
HPG,GOOD,EPSILON_GREEDY,Epsilon-Greedy — Battle strategy,44,6,test,0.7737809374999998,2184.01765,218.40176499999998,47.206396324080636,31.108392686125846,1.3396249743842552,38.334758295172136,10
HPG,GOOD,EPSILON_GREEDY,Epsilon-Greedy — Battle strategy,44,7,train,0.7350918906249998,1197.2314399999982,119.72314399999982,14.057188307460278,21.15879202948419,0.6384099314530245,37.600722433746284,8
HPG,GOOD,EPSILON_GREEDY,Epsilon-Greedy — Battle strategy,44,7,test,0.7350918906249998,2185.61806,218.561806,47.23109551241001,31.093600380167274,1.340649897939572,38.27852174728765,10
HPG,GOOD,EPSILON_GREEDY,Epsilon-Greedy — Battle strategy,44,8,train,0.6983372960937497,1203.1153199999976,120.31153199999976,14.108164444397818,21.19481794982055,0.6398119545652394,37.62673465151732,8
HPG,GOOD,EPSILON_GREEDY,Epsilon-Greedy — Battle strategy,44,8,test,0.6983372960937497,2185.61806,218.561806,47.23109551241001,31.093600380167274,1.340649897939572,38.27852174728765,10
HPG,GOOD,EPSILON_GREEDY,Epsilon-Greedy — Battle strategy,44,9,train,0.6634204312890623,1203.1153199999976,120.31153199999976,14.108164444397818,21.19481794982055,0.6398119545652394,37.62673465151732,8
HPG,GOOD,EPSILON_GREEDY,Epsilon-Greedy — Battle strategy,44,9,test,0.6634204312890623,2185.3678099999997,218.536781,47.22723393992825,31.098646421667013,1.3403988780090046,38.28730435620682,10
HPG,GOOD,EPSILON_GREEDY,Epsilon-Greedy — Battle strategy,44,10,train,0.6302494097246091,1192.3573299999975,119.23573299999974,14.014874332877847,21.156284549980306,0.6366890206834253,37.65502198079172,8
HPG,GOOD,EPSILON_GREEDY,Epsilon-Greedy — Battle strategy,44,10,test,0.6302494097246091,2180.6826799999994,218.06826799999993,47.15490102115454,31.117431696689508,1.3381885542618286,38.31783317644981,10
HPG,GOOD,EPSILON_GREEDY,Epsilon-Greedy — Battle strategy,44,11,train,0.5987369392383787,1201.0958299999984,120.10958299999983,14.090680995265558,21.081090148544394,0.6413953401517871,37.64916065005281,8
HPG,GOOD,EPSILON_GREEDY,Epsilon-Greedy — Battle strategy,44,11,test,0.5987369392383787,2191.5557799999997,219.155578,47.32266041489264,31.131307910327955,1.341411729776179,38.31439770840265,10
HPG,GOOD,EPSILON_GREEDY,Epsilon-Greedy — Battle strategy,44,12,train,0.5688000922764597,1176.4795699999986,117.64795699999986,13.87648800295851,20.954088504331143,0.6349660462538061,37.64890362999038,8
HPG,GOOD,EPSILON_GREEDY,Epsilon-Greedy — Battle strategy,44,12,test,0.5688000922764597,2194.8498499999996,219.48498499999997,47.373408961019514,31.05584188640924,1.345029748419319,38.19894988196239,10
HPG,GOOD,EPSILON_GREEDY,Epsilon-Greedy — Battle strategy,44,13,train,0.5403600876626367,1203.113699999998,120.31136999999981,14.108150424827514,21.120545304350703,0.6413194658229597,37.62675263055889,8
HPG,GOOD,EPSILON_GREEDY,Epsilon-Greedy — Battle strategy,44,13,test,0.5403600876626367,2194.8498499999996,219.48498499999997,47.373408961019514,31.05584188640924,1.345029748419319,38.19894988196239,10
HPG,GOOD,EPSILON_GREEDY,Epsilon-Greedy — Battle strategy,44,14,train,0.5133420832795048,1202.0044499999976,120.20044499999976,14.09854889707085,21.179840827219344,0.6397112266733684,37.63906731484065,8
HPG,GOOD,EPSILON_GREEDY,Epsilon-Greedy — Battle strategy,44,14,test,0.5133420832795048,2191.5557799999997,219.155578,47.32266041489264,31.131307910327955,1.341411729776179,38.31439770840265,10
HPG,GOOD,EPSILON_GREEDY,Epsilon-Greedy — Battle strategy,44,15,train,0.48767497911552954,1177.1236699999977,117.71236699999976,13.882118144561929,21.22568605901673,0.6297564677833204,37.641667245113155,8
HPG,GOOD,EPSILON_GREEDY,Epsilon-Greedy — Battle strategy,44,15,test,0.48767497911552954,2191.5557799999997,219.155578,47.32266041489264,31.131307910327955,1.341411729776179,38.31439770840265,10
HPG,GOOD,EPSILON_GREEDY,Epsilon-Greedy — Battle strategy,44,16,train,0.46329123015975304,1186.6198899999972,118.6619889999997,13.964964947385305,21.14722775209429,0.6347806078671065,37.62734149747629,8
HPG,GOOD,EPSILON_GREEDY,Epsilon-Greedy — Battle strategy,44,16,test,0.46329123015975304,2191.5557799999997,219.155578,47.32266041489264,31.131307910327955,1.341411729776179,38.31439770840265,10
HPG,GOOD,EPSILON_GREEDY,Epsilon-Greedy — Battle strategy,44,17,train,0.44012666865176536,1186.4897599999972,118.64897599999973,13.963831695819762,21.14702633132291,0.6347372069473317,37.628796664034965,8
HPG,GOOD,EPSILON_GREEDY,Epsilon-Greedy — Battle strategy,44,17,test,0.44012666865176536,2191.5557799999997,219.155578,47.32266041489264,31.131307910327955,1.341411729776179,38.31439770840265,10
HPG,GOOD,EPSILON_GREEDY,Epsilon-Greedy — Battle strategy,44,18,train,0.4181203352191771,1192.3974599999974,119.23974599999974,14.015223036202617,21.173760067604835,0.6363511993713604,37.65457427615431,8
HPG,GOOD,EPSILON_GREEDY,Epsilon-Greedy — Battle strategy,44,18,test,0.4181203352191771,2191.485809999999,219.14858099999992,47.3215820765158,31.133060922402173,1.3413300756666091,38.316857528078394,10
HPG,GOOD,EPSILON_GREEDY,Epsilon-Greedy — Battle strategy,44,19,train,0.3972143184582182,1192.5275899999974,119.25275899999974,14.016353743806276,21.173961008442653,0.6363944146687498,37.6531225725484,8
HPG,GOOD,EPSILON_GREEDY,Epsilon-Greedy — Battle strategy,44,19,test,0.3972143184582182,2193.0373599999994,219.30373599999996,47.345489998295,31.1339275899914,1.3418249210434727,38.316857528078394,10
HPG,GOOD,EPSILON_GREEDY,Epsilon-Greedy — Battle strategy,44,20,train,0.37735360253530725,1177.014699999998,117.7014699999998,13.881165724560196,21.224344232246498,0.629743137302338,37.64289131425351,8
HPG,GOOD,EPSILON_GREEDY,Epsilon-Greedy — Battle strategy,44,20,test,0.37735360253530725,2193.6631099999995,219.36631099999997,47.35513002557814,31.13572414830748,1.341976351693071,38.31104720880627,10
HPG,GOOD,EPSILON_GREEDY,Epsilon-Greedy — Battle strategy,44,21,train,0.3584859224085419,1187.3748399999981,118.73748399999981,13.971538405301853,21.155162448398677,0.6348961594098237,37.618901559687004,8
HPG,GOOD,EPSILON_GREEDY,Epsilon-Greedy — Battle strategy,44,21,test,0.3584859224085419,2193.4978199999996,219.34978199999998,47.35258376335374,31.134450910002375,1.3419629920599374,38.316857528078394,10
HPG,GOOD,EPSILON_GREEDY,Epsilon-Greedy — Battle strategy,44,22,train,0.3405616262881148,1177.2849699999979,117.72849699999979,13.88352786654259,21.2181490375048,0.6299638140553754,37.639855494823784,8
HPG,GOOD,EPSILON_GREEDY,Epsilon-Greedy — Battle strategy,44,22,test,0.3405616262881148,2193.4978199999996,219.34978199999998,47.35258376335374,31.134450910002375,1.3419629920599374,38.316857528078394,10
HPG,GOOD,EPSILON_GREEDY,Epsilon-Greedy — Battle strategy,44,23,train,0.323533544973709,1178.6223599999976,117.86223599999977,13.895212973928128,21.20871633888793,0.6306381801511177,37.62484040762065,8
HPG,GOOD,EPSILON_GREEDY,Epsilon-Greedy — Battle strategy,44,23,test,0.323533544973709,2193.583029999999,219.35830299999986,47.35389641878476,31.136798217199534,1.341913853223497,38.31386198278968,10
HPG,GOOD,EPSILON_GREEDY,Epsilon-Greedy — Battle strategy,44,24,train,0.3073568677250236,1184.694619999998,118.4694619999998,13.948192784104684,21.23186197365495,0.6323921193433073,37.64888214106891,8
HPG,GOOD,EPSILON_GREEDY,Epsilon-Greedy — Battle strategy,44,24,test,0.3073568677250236,2193.2680999999993,219.3268099999999,47.34904482296698,31.13419397913087,1.3418945472307866,38.324935635720955,10
HPG,GOOD,EPSILON_GREEDY,Epsilon-Greedy — Battle strategy,44,25,train,0.2919890243387724,1186.6739499999976,118.66739499999977,13.965435718387376,21.253241415196037,0.6326868087825354,37.62673700966967,8
HPG,GOOD,EPSILON_GREEDY,Epsilon-Greedy — Battle strategy,44,25,test,0.2919890243387724,2196.654229999999,219.66542299999992,47.40119252200348,31.036300399533186,1.3462883481226855,38.20620617733971,10
HPG,GOOD,EPSILON_GREEDY,Epsilon-Greedy — Battle strategy,44,26,train,0.27738957312183377,1180.761059999998,118.0761059999998,13.91388691440949,21.24876683707435,0.6306257238460953,37.600853767716174,8
HPG,GOOD,EPSILON_GREEDY,Epsilon-Greedy — Battle strategy,44,26,test,0.27738957312183377,2196.654229999999,219.66542299999992,47.40119252200348,31.036300399533186,1.3462883481226855,38.20620617733971,10
HPG,GOOD,EPSILON_GREEDY,Epsilon-Greedy — Battle strategy,44,27,train,0.26352009446574204,1180.761059999998,118.0761059999998,13.91388691440949,21.24876683707435,0.6306257238460953,37.600853767716174,8
HPG,GOOD,EPSILON_GREEDY,Epsilon-Greedy — Battle strategy,44,27,test,0.26352009446574204,2196.5641399999995,219.65641399999996,47.39980557808545,31.038058064835234,1.3461992099911746,38.20935551860987,10
HPG,GOOD,EPSILON_GREEDY,Epsilon-Greedy — Battle strategy,44,28,train,0.2503440897424549,1177.2083099999982,117.72083099999982,13.882857888009426,21.283452701947756,0.6286512309660894,37.64071653183108,8
HPG,GOOD,EPSILON_GREEDY,Epsilon-Greedy — Battle strategy,44,28,test,0.2503440897424549,2196.5641399999995,219.65641399999996,47.39980557808545,31.038058064835234,1.3461992099911746,38.20935551860987,10
HPG,GOOD,EPSILON_GREEDY,Epsilon-Greedy — Battle strategy,44,29,train,0.23782688525533216,1299.4914999999983,129.94914999999983,14.92740826882204,21.658923472776465,0.6640045069626643,37.650871502700035,8
HPG,GOOD,EPSILON_GREEDY,Epsilon-Greedy — Battle strategy,44,29,test,0.23782688525533216,2189.6683499999995,218.96683499999995,47.293566883950945,31.054314928470443,1.3433224846673517,38.20935551860987,10
HPG,GOOD,EPSILON_GREEDY,Epsilon-Greedy — Battle strategy,44,30,train,0.22593554099256555,1323.8788199999985,132.38788199999985,15.130169968195894,21.799573544036708,0.6692777554846429,37.65350347614,8
HPG,GOOD,EPSILON_GREEDY,Epsilon-Greedy — Battle strategy,44,30,test,0.22593554099256555,2214.9902,221.49902000000003,47.68293625595699,31.111798384317257,1.3499390486421963,38.225762349440586,10
HPG,GOOD,EPSILON_GREEDY,Epsilon-Greedy — Battle strategy,44,31,train,0.21463876394293727,1841.5099999999989,184.1509999999999,19.064343198150937,23.3015869901384,0.7861316020360019,37.65091020485612,9
HPG,GOOD,EPSILON_GREEDY,Epsilon-Greedy — Battle strategy,44,31,test,0.21463876394293727,2214.9902,221.49902000000003,47.68293625595699,31.111798384317257,1.3499390486421963,38.225762349440586,10
HPG,GOOD,EPSILON_GREEDY,Epsilon-Greedy — Battle strategy,44,32,train,0.2039068257457904,1841.5099999999989,184.1509999999999,19.064343198150937,23.3015869901384,0.7861316020360019,37.65091020485612,9
HPG,GOOD,EPSILON_GREEDY,Epsilon-Greedy — Battle strategy,44,32,test,0.2039068257457904,2219.9005799999995,221.99005799999995,47.75820555520962,31.112514606826338,1.3515617902859247,38.225762349440586,10
HPG,GOOD,EPSILON_GREEDY,Epsilon-Greedy — Battle strategy,44,33,train,0.19371148445850087,1820.3128499999984,182.03128499999985,18.91547450934312,23.63484678933057,0.7729817834158278,37.621063823210335,9
HPG,GOOD,EPSILON_GREEDY,Epsilon-Greedy — Battle strategy,44,33,test,0.19371148445850087,2215.04025,221.50402499999998,47.6837038390453,31.11205145027461,1.3499472838071171,38.22796780424317,10
HPG,GOOD,EPSILON_GREEDY,Epsilon-Greedy — Battle strategy,44,34,train,0.18402591023557582,1820.3128499999984,182.03128499999985,18.91547450934312,23.63484678933057,0.7729817834158278,37.621063823210335,9
HPG,GOOD,EPSILON_GREEDY,Epsilon-Greedy — Battle strategy,44,34,test,0.18402591023557582,2215.04025,221.50402499999998,47.6837038390453,31.11205145027461,1.3499472838071171,38.22796780424317,10
HPG,GOOD,EPSILON_GREEDY,Epsilon-Greedy — Battle strategy,44,35,train,0.174824614723797,1820.3128499999984,182.03128499999985,18.91547450934312,23.63484678933057,0.7729817834158278,37.621063823210335,9
HPG,GOOD,EPSILON_GREEDY,Epsilon-Greedy — Battle strategy,44,35,test,0.174824614723797,2215.04025,221.50402499999998,47.6837038390453,31.11205145027461,1.3499472838071171,38.22796780424317,10
HPG,GOOD,EPSILON_GREEDY,Epsilon-Greedy — Battle strategy,44,36,train,0.16608338398760716,1820.3128499999984,182.03128499999985,18.91547450934312,23.63484678933057,0.7729817834158278,37.621063823210335,9
HPG,GOOD,EPSILON_GREEDY,Epsilon-Greedy — Battle strategy,44,36,test,0.16608338398760716,2219.9506299999994,221.9950629999999,47.75897235834836,31.11276763612053,1.35156998777229,38.22796780424317,10
HPG,GOOD,EPSILON_GREEDY,Epsilon-Greedy — Battle strategy,44,37,train,0.1577792147882268,1828.1823899999986,182.81823899999983,18.97085112349741,23.51244221152573,0.7777850837786284,37.62411481316277,9
HPG,GOOD,EPSILON_GREEDY,Epsilon-Greedy — Battle strategy,44,37,test,0.1577792147882268,2219.9506299999994,221.9950629999999,47.75897235834836,31.11276763612053,1.35156998777229,38.22796780424317,10
HPG,GOOD,EPSILON_GREEDY,Epsilon-Greedy — Battle strategy,44,38,train,0.14989025404881545,1820.7249299999985,182.07249299999987,18.918377437354117,23.528466085093623,0.7755202820389413,37.61749190609785,9
HPG,GOOD,EPSILON_GREEDY,Epsilon-Greedy — Battle strategy,44,38,test,0.14989025404881545,2213.7575699999998,221.375757,47.66402972857728,31.115186673690364,1.3494119753033689,38.22685851262889,10
HPG,GOOD,EPSILON_GREEDY,Epsilon-Greedy — Battle strategy,44,39,train,0.14239574134637467,1820.5007899999982,182.05007899999984,18.916798510377465,23.557268860083745,0.7748017914503289,37.619434671657466,9
HPG,GOOD,EPSILON_GREEDY,Epsilon-Greedy — Battle strategy,44,39,test,0.14239574134637467,2217.5638999999996,221.75638999999995,47.722397041834675,31.128004105362773,1.3502580814022094,38.25383096828072,10
HPG,GOOD,EPSILON_GREEDY,Epsilon-Greedy — Battle strategy,44,40,train,0.13527595427905592,1820.5007899999982,182.05007899999984,18.916798510377465,23.557268860083745,0.7748017914503289,37.619434671657466,9
HPG,GOOD,EPSILON_GREEDY,Epsilon-Greedy — Battle strategy,44,40,test,0.13527595427905592,2218.04438,221.80443799999998,47.72976158452102,31.151206308934526,1.3496501258868623,38.34803394425747,10
HPG,GOOD,EPSILON_GREEDY,Epsilon-Greedy — Battle strategy,44,41,train,0.12851215656510312,1820.7009899999985,182.07009899999983,18.91820879991981,23.518244955492467,0.7757497612713443,37.617699399905916,9
HPG,GOOD,EPSILON_GREEDY,Epsilon-Greedy — Battle strategy,44,41,test,0.12851215656510312,2218.04438,221.80443799999998,47.72976158452102,31.151206308934526,1.3496501258868623,38.34803394425747,10
HPG,GOOD,EPSILON_GREEDY,Epsilon-Greedy — Battle strategy,44,42,train,0.12208654873684796,1826.9710299999983,182.69710299999983,18.96233535333178,23.515045796381635,0.7774160918072752,37.63458998880054,9
HPG,GOOD,EPSILON_GREEDY,Epsilon-Greedy — Battle strategy,44,42,test,0.12208654873684796,2217.769929999999,221.7769929999999,47.72555505014569,31.156812580426934,1.3493714858396335,38.357621179630385,10
HPG,GOOD,EPSILON_GREEDY,Epsilon-Greedy — Battle strategy,44,43,train,0.11598222130000556,1827.5085199999985,182.75085199999984,18.96611424284087,23.50699114990109,0.7777391041021728,37.62994135084633,9
HPG,GOOD,EPSILON_GREEDY,Epsilon-Greedy — Battle strategy,44,43,test,0.11598222130000556,2218.04438,221.80443799999998,47.72976158452102,31.151206308934526,1.3496501258868623,38.34803394425747,10
HPG,GOOD,EPSILON_GREEDY,Epsilon-Greedy — Battle strategy,44,44,train,0.11018311023500528,1729.5303499999982,172.9530349999998,18.26716551170884,24.086896365747403,0.7400203992781325,37.62406567917385,9
HPG,GOOD,EPSILON_GREEDY,Epsilon-Greedy — Battle strategy,44,44,test,0.11018311023500528,2218.04438,221.80443799999998,47.72976158452102,31.151206308934526,1.3496501258868623,38.34803394425747,10
HPG,GOOD,EPSILON_GREEDY,Epsilon-Greedy — Battle strategy,44,45,train,0.10467395472325501,1728.9532499999982,172.89532499999981,18.262987153730425,24.094558515198546,0.7397131517945637,37.62923575794135,9
HPG,GOOD,EPSILON_GREEDY,Epsilon-Greedy — Battle strategy,44,45,test,0.10467395472325501,2218.04438,221.80443799999998,47.72976158452102,31.151206308934526,1.3496501258868623,38.34803394425747,10
HPG,GOOD,EPSILON_GREEDY,Epsilon-Greedy — Battle strategy,45,1,train,1.0,2276.6438200000007,227.66438200000007,21.93293006911683,28.721736256885688,0.7703321469664929,37.65185354493955,11
HPG,GOOD,EPSILON_GREEDY,Epsilon-Greedy — Battle strategy,45,1,test,1.0,2061.8801,206.18800999999996,45.29651394425886,32.09241923995588,1.2673797500091932,39.82514544754833,12
HPG,GOOD,EPSILON_GREEDY,Epsilon-Greedy — Battle strategy,45,2,train,0.95,2120.2194100000006,212.02194100000008,20.940404891243446,28.459791393107842,0.7458206733817223,37.65493986127431,11
HPG,GOOD,EPSILON_GREEDY,Epsilon-Greedy — Battle strategy,45,2,test,0.95,2061.8801,206.18800999999996,45.29651394425886,32.09241923995588,1.2673797500091932,39.82514544754833,12
HPG,GOOD,EPSILON_GREEDY,Epsilon-Greedy — Battle strategy,45,3,train,0.9025,2120.2194100000006,212.02194100000008,20.940404891243446,28.459791393107842,0.7458206733817223,37.65493986127431,11
HPG,GOOD,EPSILON_GREEDY,Epsilon-Greedy — Battle strategy,45,3,test,0.9025,2061.74442,206.174442,45.29436432194414,32.09577275365516,1.267234509790028,39.830181521963056,12
HPG,GOOD,EPSILON_GREEDY,Epsilon-Greedy — Battle strategy,45,4,train,0.8573749999999999,2120.7590400000004,212.07590400000004,20.94389944044117,28.46441980845624,0.7458472270078279,37.65071024792718,11
HPG,GOOD,EPSILON_GREEDY,Epsilon-Greedy — Battle strategy,45,4,test,0.8573749999999999,2061.74442,206.174442,45.29436432194414,32.09577275365516,1.267234509790028,39.830181521963056,12
HPG,GOOD,EPSILON_GREEDY,Epsilon-Greedy — Battle strategy,45,5,train,0.8145062499999999,2260.776060000001,226.0776060000001,21.834069057344884,28.69679388333036,0.767900503284669,37.64767901357613,11
HPG,GOOD,EPSILON_GREEDY,Epsilon-Greedy — Battle strategy,45,5,test,0.8145062499999999,2060.05069,206.00506900000002,45.26752466549071,32.13786980482816,1.2654172346842842,39.89315555442377,12
HPG,GOOD,EPSILON_GREEDY,Epsilon-Greedy — Battle strategy,45,6,train,0.7737809374999998,2145.3562700000007,214.53562700000006,21.102655006096207,28.51166906924784,0.7497243621575984,37.651023933730386,11
HPG,GOOD,EPSILON_GREEDY,Epsilon-Greedy — Battle strategy,45,6,test,0.7737809374999998,2060.05069,206.00506900000002,45.26752466549071,32.13786980482816,1.2654172346842842,39.89315555442377,12
HPG,GOOD,EPSILON_GREEDY,Epsilon-Greedy — Battle strategy,45,7,train,0.7350918906249998,2138.9112000000005,213.89112000000003,21.061157457928115,28.480567056754364,0.7490188716312295,37.63725036281058,11
HPG,GOOD,EPSILON_GREEDY,Epsilon-Greedy — Battle strategy,45,7,test,0.7350918906249998,2060.05069,206.00506900000002,45.26752466549071,32.13786980482816,1.2654172346842842,39.89315555442377,12
HPG,GOOD,EPSILON_GREEDY,Epsilon-Greedy — Battle strategy,45,8,train,0.6983372960937497,2064.9404600000007,206.49404600000008,20.57973199298404,28.35976763178364,0.7368249132311548,37.63738866833596,11
HPG,GOOD,EPSILON_GREEDY,Epsilon-Greedy — Battle strategy,45,8,test,0.6983372960937497,2060.05069,206.00506900000002,45.26752466549071,32.13786980482816,1.2654172346842842,39.89315555442377,12
HPG,GOOD,EPSILON_GREEDY,Epsilon-Greedy — Battle strategy,45,9,train,0.6634204312890623,2137.5672100000006,213.75672100000008,21.052495035650388,28.497470731939128,0.748489337824223,37.647723633574884,11
HPG,GOOD,EPSILON_GREEDY,Epsilon-Greedy — Battle strategy,45,9,test,0.6634204312890623,2059.7046,205.97046,45.2620391401007,32.14652835411746,1.2650448544397184,39.9060479258425,12
HPG,GOOD,EPSILON_GREEDY,Epsilon-Greedy — Battle strategy,45,10,train,0.6302494097246091,2146.117550000001,214.6117550000001,21.10755194331737,28.504050682877075,0.7499918690959015,37.645105265436364,11
HPG,GOOD,EPSILON_GREEDY,Epsilon-Greedy — Battle strategy,45,10,test,0.6302494097246091,2063.45835,206.345835,45.32151401113109,32.06814707925104,1.2686349807471533,39.81721590891711,12
HPG,GOOD,EPSILON_GREEDY,Epsilon-Greedy — Battle strategy,45,11,train,0.5987369392383787,2146.117550000001,214.6117550000001,21.10755194331737,28.504050682877075,0.7499918690959015,37.645105265436364,11
HPG,GOOD,EPSILON_GREEDY,Epsilon-Greedy — Battle strategy,45,11,test,0.5987369392383787,2063.45835,206.345835,45.32151401113109,32.06814707925104,1.2686349807471533,39.81721590891711,12
HPG,GOOD,EPSILON_GREEDY,Epsilon-Greedy — Battle strategy,45,12,train,0.5688000922764597,2268.4924000000005,226.84924000000004,21.88219415281094,28.72426493695661,0.7688260984875641,37.65139917614014,11
HPG,GOOD,EPSILON_GREEDY,Epsilon-Greedy — Battle strategy,45,12,test,0.5688000922764597,2063.45835,206.345835,45.32151401113109,32.06814707925104,1.2686349807471533,39.81721590891711,12
HPG,GOOD,EPSILON_GREEDY,Epsilon-Greedy — Battle strategy,45,13,train,0.5403600876626367,2276.742440000001,227.6742440000001,21.93354325393939,28.734229510345305,0.7701383052333265,37.65111742364634,11
HPG,GOOD,EPSILON_GREEDY,Epsilon-Greedy — Battle strategy,45,13,test,0.5403600876626367,2063.45835,206.345835,45.32151401113109,32.06814707925104,1.2686349807471533,39.81721590891711,12
HPG,GOOD,EPSILON_GREEDY,Epsilon-Greedy — Battle strategy,45,14,train,0.5133420832795048,2276.732680000001,227.67326800000012,21.933482570342978,28.734711460752642,0.770128455015928,37.65119027314198,11
HPG,GOOD,EPSILON_GREEDY,Epsilon-Greedy — Battle strategy,45,14,test,0.5133420832795048,2085.6539500000003,208.56539500000002,45.67219534039238,32.17852844209951,1.2729128888841408,39.96355341721154,12
HPG,GOOD,EPSILON_GREEDY,Epsilon-Greedy — Battle strategy,45,15,train,0.48767497911552954,2277.1557000000007,227.71557000000007,21.936112593577526,28.727789925933404,0.7703210752918812,37.64803307343351,11
HPG,GOOD,EPSILON_GREEDY,Epsilon-Greedy — Battle strategy,45,15,test,0.48767497911552954,2085.6539500000003,208.56539500000002,45.67219534039238,32.17852844209951,1.2729128888841408,39.96355341721154,12
HPG,GOOD,EPSILON_GREEDY,Epsilon-Greedy — Battle strategy,45,16,train,0.46329123015975304,2276.8477800000005,227.68477800000005,21.934198204404165,28.732947044226076,0.7701788618334539,37.650331174591976,11
HPG,GOOD,EPSILON_GREEDY,Epsilon-Greedy — Battle strategy,45,16,test,0.46329123015975304,2085.6539500000003,208.56539500000002,45.67219534039238,32.17852844209951,1.2729128888841408,39.96355341721154,12
HPG,GOOD,EPSILON_GREEDY,Epsilon-Greedy — Battle strategy,45,17,train,0.44012666865176536,2276.8477800000005,227.68477800000005,21.934198204404165,28.732947044226076,0.7701788618334539,37.650331174591976,11
HPG,GOOD,EPSILON_GREEDY,Epsilon-Greedy — Battle strategy,45,17,test,0.44012666865176536,2063.45835,206.345835,45.32151401113109,32.06814707925104,1.2686349807471533,39.81721590891711,12
HPG,GOOD,EPSILON_GREEDY,Epsilon-Greedy — Battle strategy,45,18,train,0.4181203352191771,2276.3899400000005,227.63899400000005,21.931351460947603,28.736209039173062,0.7700418960455698,37.653748693333206,11
HPG,GOOD,EPSILON_GREEDY,Epsilon-Greedy — Battle strategy,45,18,test,0.4181203352191771,2085.6539500000003,208.56539500000002,45.67219534039238,32.17852844209951,1.2729128888841408,39.96355341721154,12
HPG,GOOD,EPSILON_GREEDY,Epsilon-Greedy — Battle strategy,45,19,train,0.3972143184582182,2276.3899400000005,227.63899400000005,21.931351460947603,28.736209039173062,0.7700418960455698,37.653748693333206,11
HPG,GOOD,EPSILON_GREEDY,Epsilon-Greedy — Battle strategy,45,19,test,0.3972143184582182,2085.6539500000003,208.56539500000002,45.67219534039238,32.17852844209951,1.2729128888841408,39.96355341721154,12
HPG,GOOD,EPSILON_GREEDY,Epsilon-Greedy — Battle strategy,45,20,train,0.37735360253530725,2276.3899400000005,227.63899400000005,21.931351460947603,28.736209039173062,0.7700418960455698,37.653748693333206,11
HPG,GOOD,EPSILON_GREEDY,Epsilon-Greedy — Battle strategy,45,20,test,0.37735360253530725,2085.6539500000003,208.56539500000002,45.67219534039238,32.17852844209951,1.2729128888841408,39.96355341721154,12
HPG,GOOD,EPSILON_GREEDY,Epsilon-Greedy — Battle strategy,45,21,train,0.3584859224085419,2269.9839600000005,226.99839600000007,21.891485764633288,28.703757032002187,0.7694396649331632,37.64024123101471,11
HPG,GOOD,EPSILON_GREEDY,Epsilon-Greedy — Battle strategy,45,21,test,0.3584859224085419,2085.6539500000003,208.56539500000002,45.67219534039238,32.17852844209951,1.2729128888841408,39.96355341721154,12
HPG,GOOD,EPSILON_GREEDY,Epsilon-Greedy — Battle strategy,45,22,train,0.3405616262881148,2269.7539200000006,226.97539200000008,21.89005297015756,28.70751877124309,0.7693348488795554,37.64196166487054,11
HPG,GOOD,EPSILON_GREEDY,Epsilon-Greedy — Battle strategy,45,22,test,0.3405616262881148,2085.6539500000003,208.56539500000002,45.67219534039238,32.17852844209951,1.2729128888841408,39.96355341721154,12
HPG,GOOD,EPSILON_GREEDY,Epsilon-Greedy — Battle strategy,45,23,train,0.323533544973709,2269.9766800000007,226.99766800000006,21.891440422745557,28.703871683929066,0.7694364212006373,37.640295674607735,11
HPG,GOOD,EPSILON_GREEDY,Epsilon-Greedy — Battle strategy,45,23,test,0.323533544973709,2085.8986500000005,208.5898650000001,45.67605212022363,32.171213302098685,1.2732110823283573,39.93335453209914,12
HPG,GOOD,EPSILON_GREEDY,Epsilon-Greedy — Battle strategy,45,24,train,0.3073568677250236,2270.128510000001,227.0128510000001,21.89238604528456,28.70300599863275,0.7694782725787063,37.63916024420482,11
HPG,GOOD,EPSILON_GREEDY,Epsilon-Greedy — Battle strategy,45,24,test,0.3073568677250236,2085.8986500000005,208.5898650000001,45.67605212022363,32.171213302098685,1.2732110823283573,39.93335453209914,12
HPG,GOOD,EPSILON_GREEDY,Epsilon-Greedy — Battle strategy,45,25,train,0.2919890243387724,2270.128510000001,227.0128510000001,21.89238604528456,28.70300599863275,0.7694782725787063,37.63916024420482,11
HPG,GOOD,EPSILON_GREEDY,Epsilon-Greedy — Battle strategy,45,25,test,0.2919890243387724,2085.8986500000005,208.5898650000001,45.67605212022363,32.171213302098685,1.2732110823283573,39.93335453209914,12
HPG,GOOD,EPSILON_GREEDY,Epsilon-Greedy — Battle strategy,45,26,train,0.27738957312183377,2270.128510000001,227.0128510000001,21.89238604528456,28.70300599863275,0.7694782725787063,37.63916024420482,11
HPG,GOOD,EPSILON_GREEDY,Epsilon-Greedy — Battle strategy,45,26,test,0.27738957312183377,2085.8986500000005,208.5898650000001,45.67605212022363,32.171213302098685,1.2732110823283573,39.93335453209914,12
HPG,GOOD,EPSILON_GREEDY,Epsilon-Greedy — Battle strategy,45,27,train,0.26352009446574204,2269.950550000001,226.9950550000001,21.891277677063115,28.704298388035358,0.7694245237559321,37.64049108951557,11
HPG,GOOD,EPSILON_GREEDY,Epsilon-Greedy — Battle strategy,45,27,test,0.26352009446574204,2085.8986500000005,208.5898650000001,45.67605212022363,32.171213302098685,1.2732110823283573,39.93335453209914,12
HPG,GOOD,EPSILON_GREEDY,Epsilon-Greedy — Battle strategy,45,28,train,0.2503440897424549,2269.950550000001,226.9950550000001,21.891277677063115,28.704298388035358,0.7694245237559321,37.64049108951557,11
HPG,GOOD,EPSILON_GREEDY,Epsilon-Greedy — Battle strategy,45,28,test,0.2503440897424549,2085.8986500000005,208.5898650000001,45.67605212022363,32.171213302098685,1.2732110823283573,39.93335453209914,12
HPG,GOOD,EPSILON_GREEDY,Epsilon-Greedy — Battle strategy,45,29,train,0.23782688525533216,2270.128510000001,227.0128510000001,21.89238604528456,28.70300599863275,0.7694782725787063,37.63916024420482,11
HPG,GOOD,EPSILON_GREEDY,Epsilon-Greedy — Battle strategy,45,29,test,0.23782688525533216,2085.8986500000005,208.5898650000001,45.67605212022363,32.171213302098685,1.2732110823283573,39.93335453209914,12
HPG,GOOD,EPSILON_GREEDY,Epsilon-Greedy — Battle strategy,45,30,train,0.22593554099256555,2270.128510000001,227.0128510000001,21.89238604528456,28.70300599863275,0.7694782725787063,37.63916024420482,11
HPG,GOOD,EPSILON_GREEDY,Epsilon-Greedy — Battle strategy,45,30,test,0.22593554099256555,2063.32267,206.33226699999997,45.31936512660879,32.0714937673587,1.268489699155484,39.822239364640325,12
HPG,GOOD,EPSILON_GREEDY,Epsilon-Greedy — Battle strategy,45,31,train,0.21463876394293727,2270.128510000001,227.0128510000001,21.89238604528456,28.70300599863275,0.7694782725787063,37.63916024420482,11
HPG,GOOD,EPSILON_GREEDY,Epsilon-Greedy — Battle strategy,45,31,test,0.21463876394293727,2063.32267,206.33226699999997,45.31936512660879,32.0714937673587,1.268489699155484,39.822239364640325,12
HPG,GOOD,EPSILON_GREEDY,Epsilon-Greedy — Battle strategy,45,32,train,0.2039068257457904,2270.128510000001,227.0128510000001,21.89238604528456,28.70300599863275,0.7694782725787063,37.63916024420482,11
HPG,GOOD,EPSILON_GREEDY,Epsilon-Greedy — Battle strategy,45,32,test,0.2039068257457904,2248.7419200000004,224.87419200000005,48.19876682992863,32.31372460901644,1.322421261277385,40.280444865881925,12
HPG,GOOD,EPSILON_GREEDY,Epsilon-Greedy — Battle strategy,45,33,train,0.19371148445850087,2301.583560000001,230.15835600000008,22.087509368706158,28.76733428855942,0.7740082655703414,37.649606481808135,11
HPG,GOOD,EPSILON_GREEDY,Epsilon-Greedy — Battle strategy,45,33,test,0.19371148445850087,2248.7419200000004,224.87419200000005,48.19876682992863,32.31372460901644,1.322421261277385,40.280444865881925,12
HPG,GOOD,EPSILON_GREEDY,Epsilon-Greedy — Battle strategy,45,34,train,0.18402591023557582,2301.583560000001,230.15835600000008,22.087509368706158,28.76733428855942,0.7740082655703414,37.649606481808135,11
HPG,GOOD,EPSILON_GREEDY,Epsilon-Greedy — Battle strategy,45,34,test,0.18402591023557582,2248.7419200000004,224.87419200000005,48.19876682992863,32.31372460901644,1.322421261277385,40.280444865881925,12
HPG,GOOD,EPSILON_GREEDY,Epsilon-Greedy — Battle strategy,45,35,train,0.174824614723797,2301.583560000001,230.15835600000008,22.087509368706158,28.76733428855942,0.7740082655703414,37.649606481808135,11
HPG,GOOD,EPSILON_GREEDY,Epsilon-Greedy — Battle strategy,45,35,test,0.174824614723797,2248.7419200000004,224.87419200000005,48.19876682992863,32.31372460901644,1.322421261277385,40.280444865881925,12
HPG,GOOD,EPSILON_GREEDY,Epsilon-Greedy — Battle strategy,45,36,train,0.16608338398760716,2301.352410000001,230.13524100000006,22.086081147199543,28.772038861216114,0.7738874604140552,37.651318867249,11
HPG,GOOD,EPSILON_GREEDY,Epsilon-Greedy — Battle strategy,45,36,test,0.16608338398760716,2248.7419200000004,224.87419200000005,48.19876682992863,32.31372460901644,1.322421261277385,40.280444865881925,12
HPG,GOOD,EPSILON_GREEDY,Epsilon-Greedy — Battle strategy,45,37,train,0.1577792147882268,2301.352410000001,230.13524100000006,22.086081147199543,28.772038861216114,0.7738874604140552,37.651318867249,11
HPG,GOOD,EPSILON_GREEDY,Epsilon-Greedy — Battle strategy,45,37,test,0.1577792147882268,2248.7419200000004,224.87419200000005,48.19876682992863,32.31372460901644,1.322421261277385,40.280444865881925,12
HPG,GOOD,EPSILON_GREEDY,Epsilon-Greedy — Battle strategy,45,38,train,0.14989025404881545,2301.352410000001,230.13524100000006,22.086081147199543,28.772038861216114,0.7738874604140552,37.651318867249,11
HPG,GOOD,EPSILON_GREEDY,Epsilon-Greedy — Battle strategy,45,38,test,0.14989025404881545,2248.7419200000004,224.87419200000005,48.19876682992863,32.31372460901644,1.322421261277385,40.280444865881925,12
HPG,GOOD,EPSILON_GREEDY,Epsilon-Greedy — Battle strategy,45,39,train,0.14239574134637467,2301.215290000001,230.1215290000001,22.08523387559671,28.772980450480105,0.7738471593017242,37.652334741384756,11
HPG,GOOD,EPSILON_GREEDY,Epsilon-Greedy — Battle strategy,45,39,test,0.14239574134637467,2248.7419200000004,224.87419200000005,48.19876682992863,32.31372460901644,1.322421261277385,40.280444865881925,12
HPG,GOOD,EPSILON_GREEDY,Epsilon-Greedy — Battle strategy,45,40,train,0.13527595427905592,2300.757450000001,230.07574500000007,22.08240464610349,28.776214845630626,0.7737110849966118,37.65572711499565,11
HPG,GOOD,EPSILON_GREEDY,Epsilon-Greedy — Battle strategy,45,40,test,0.13527595427905592,2248.7419200000004,224.87419200000005,48.19876682992863,32.31372460901644,1.322421261277385,40.280444865881925,12
HPG,GOOD,EPSILON_GREEDY,Epsilon-Greedy — Battle strategy,45,41,train,0.12851215656510312,2301.652150000001,230.16521500000007,22.087933154167217,28.765912379877328,0.7740447188086349,37.64909838926801,11
HPG,GOOD,EPSILON_GREEDY,Epsilon-Greedy — Battle strategy,45,41,test,0.12851215656510312,2248.7419200000004,224.87419200000005,48.19876682992863,32.31372460901644,1.322421261277385,40.280444865881925,12
HPG,GOOD,EPSILON_GREEDY,Epsilon-Greedy — Battle strategy,45,42,train,0.12208654873684796,2301.652150000001,230.16521500000007,22.087933154167217,28.765912379877328,0.7740447188086349,37.64909838926801,11
HPG,GOOD,EPSILON_GREEDY,Epsilon-Greedy — Battle strategy,45,42,test,0.12208654873684796,2248.7419200000004,224.87419200000005,48.19876682992863,32.31372460901644,1.322421261277385,40.280444865881925,12
HPG,GOOD,EPSILON_GREEDY,Epsilon-Greedy — Battle strategy,45,43,train,0.11598222130000556,2301.652150000001,230.16521500000007,22.087933154167217,28.765912379877328,0.7740447188086349,37.64909838926801,11
HPG,GOOD,EPSILON_GREEDY,Epsilon-Greedy — Battle strategy,45,43,test,0.11598222130000556,2248.7419200000004,224.87419200000005,48.19876682992863,32.31372460901644,1.322421261277385,40.280444865881925,12
HPG,GOOD,EPSILON_GREEDY,Epsilon-Greedy — Battle strategy,45,44,train,0.11018311023500528,2301.652150000001,230.16521500000007,22.087933154167217,28.765912379877328,0.7740447188086349,37.64909838926801,11
HPG,GOOD,EPSILON_GREEDY,Epsilon-Greedy — Battle strategy,45,44,test,0.11018311023500528,2248.7419200000004,224.87419200000005,48.19876682992863,32.31372460901644,1.322421261277385,40.280444865881925,12
HPG,GOOD,EPSILON_GREEDY,Epsilon-Greedy — Battle strategy,45,45,train,0.10467395472325501,2300.661850000001,230.06618500000008,22.081813843146225,28.766653372335128,0.7738554891554184,37.656435542041415,11
HPG,GOOD,EPSILON_GREEDY,Epsilon-Greedy — Battle strategy,45,45,test,0.10467395472325501,2248.7419200000004,224.87419200000005,48.19876682992863,32.31372460901644,1.322421261277385,40.280444865881925,12
HPG,GOOD,EPSILON_GREEDY,Epsilon-Greedy — Battle strategy,46,1,train,1.0,25.74736999999982,2.5747369999999816,0.42566085825288535,0.5829614537413201,-2.6927842409046816,1.1157826184063349,0
HPG,GOOD,EPSILON_GREEDY,Epsilon-Greedy — Battle strategy,46,1,test,1.0,34.45212999999899,3.4452129999998986,1.1372893934509465,1.276632331276799,-0.6711209034672168,1.3379280418203057,0
HPG,GOOD,EPSILON_GREEDY,Epsilon-Greedy — Battle strategy,46,2,train,0.95,26.14158999999995,2.614158999999995,0.43210868718561724,0.582673150822031,-2.6830032880816734,1.1383669809225676,0
HPG,GOOD,EPSILON_GREEDY,Epsilon-Greedy — Battle strategy,46,2,test,0.95,37.45564999999874,3.7455649999998744,1.2352349704393806,1.2879597418971787,-0.5896676156081295,1.3340348596769236,0
HPG,GOOD,EPSILON_GREEDY,Epsilon-Greedy — Battle strategy,46,3,train,0.9025,25.514290000000074,2.5514290000000073,0.42184765052741824,0.6043286583476086,-2.603704602363384,1.176001589798438,0
HPG,GOOD,EPSILON_GREEDY,Epsilon-Greedy — Battle strategy,46,3,test,0.9025,40.833129999998846,4.083312999999884,1.3451501130338661,1.37633823581614,-0.4718141116572823,1.3340348596769236,0
HPG,GOOD,EPSILON_GREEDY,Epsilon-Greedy — Battle strategy,46,4,train,0.8573749999999999,25.962090000000444,2.5962090000000444,0.4291730562779872,0.6372032831243148,-2.457506509950652,1.18846783914875,0
HPG,GOOD,EPSILON_GREEDY,Epsilon-Greedy — Battle strategy,46,4,test,0.8573749999999999,41.355609999998705,4.13556099999987,1.3621322304401717,1.3703944877974816,-0.46164746115562727,1.3333599300248655,0
HPG,GOOD,EPSILON_GREEDY,Epsilon-Greedy — Battle strategy,46,5,train,0.8145062499999999,25.962090000000444,2.5962090000000444,0.4291730562779872,0.6372032831243148,-2.457506509950652,1.18846783914875,0
HPG,GOOD,EPSILON_GREEDY,Epsilon-Greedy — Battle strategy,46,5,test,0.8145062499999999,40.89606999999887,4.089606999999887,1.347196146613805,1.4214030249780327,-0.4549879076692543,1.3333599300248655,0
HPG,GOOD,EPSILON_GREEDY,Epsilon-Greedy — Battle strategy,46,6,train,0.7737809374999998,21.047850000000267,2.1047850000000268,0.34863651008658625,0.6572051450376837,-2.5056654185103153,1.6384044776697118,0
HPG,GOOD,EPSILON_GREEDY,Epsilon-Greedy — Battle strategy,46,6,test,0.7737809374999998,40.30027999999879,4.030027999999879,1.3278250907161393,1.5000770337150808,-0.44315111721024575,1.333651995333104,0
HPG,GOOD,EPSILON_GREEDY,Epsilon-Greedy — Battle strategy,46,7,train,0.7350918906249998,22.707830000000172,2.270783000000017,0.37587697104231044,0.660759305057209,-2.4507116350216793,1.6384578765317348,0
HPG,GOOD,EPSILON_GREEDY,Epsilon-Greedy — Battle strategy,46,7,test,0.7350918906249998,42.01195999999891,4.20119599999989,1.3834574701291347,1.5250050313833494,-0.3995325858916849,1.3314446896312746,0
HPG,GOOD,EPSILON_GREEDY,Epsilon-Greedy — Battle strategy,46,8,train,0.6983372960937497,21.340640000000008,2.134064000000001,0.3534439053310079,0.6697801418740515,-2.4512816488368814,1.7032631815565094,0
HPG,GOOD,EPSILON_GREEDY,Epsilon-Greedy — Battle strategy,46,8,test,0.6983372960937497,44.264259999998785,4.4264259999998785,1.4565682031656646,1.5404821150386443,-0.3483933657193258,1.3285513330088525,0
HPG,GOOD,EPSILON_GREEDY,Epsilon-Greedy — Battle strategy,46,9,train,0.6634204312890623,22.253040000000397,2.22530400000004,0.3684174801319662,0.6723100455973129,-2.419644157349653,1.70378698664372,0
HPG,GOOD,EPSILON_GREEDY,Epsilon-Greedy — Battle strategy,46,9,test,0.6634204312890623,45.84120999999914,4.584120999999914,1.5076942569303808,1.561847135008765,-0.31103739173977674,1.3285707914959768,0
HPG,GOOD,EPSILON_GREEDY,Epsilon-Greedy — Battle strategy,46,10,train,0.6302494097246091,25.04836000000023,2.504836000000023,0.4142228335857423,0.6968152292782199,-2.2682525094056034,1.7949865780175607,0
HPG,GOOD,EPSILON_GREEDY,Epsilon-Greedy — Battle strategy,46,10,test,0.6302494097246091,45.39111999999909,4.539111999999909,1.493107197891641,1.5365796224027202,-0.3257949004008491,1.329147998597839,0
HPG,GOOD,EPSILON_GREEDY,Epsilon-Greedy — Battle strategy,46,11,train,0.5987369392383787,24.792440000000397,2.47924400000004,0.4100335444960024,0.7023492582847467,-2.2563178787973133,1.8545308315514546,0
HPG,GOOD,EPSILON_GREEDY,Epsilon-Greedy — Battle strategy,46,11,test,0.5987369392383787,45.42998999999918,4.542998999999917,1.4943671087151111,1.562246414684739,-0.31939049073934644,1.4236990414409196,0
HPG,GOOD,EPSILON_GREEDY,Epsilon-Greedy — Battle strategy,46,12,train,0.5688000922764597,-0.8749199999997472,-0.08749199999997473,-0.014624017882369778,1.1469348076759527,-1.750907371162201,5.98404354726015,0
HPG,GOOD,EPSILON_GREEDY,Epsilon-Greedy — Battle strategy,46,12,test,0.5688000922764597,46.87273999999911,4.687273999999912,1.5411095568100608,1.882087523437739,-0.23763379725721728,1.8155697750439868,0
HPG,GOOD,EPSILON_GREEDY,Epsilon-Greedy — Battle strategy,46,13,train,0.5403600876626367,0.4672799999999597,0.04672799999999597,0.007806075753391539,1.2775657330412673,-1.5529259349856201,6.364369988381386,0
HPG,GOOD,EPSILON_GREEDY,Epsilon-Greedy — Battle strategy,46,13,test,0.5403600876626367,47.284639999998944,4.728463999999894,1.5544464847159434,1.9164346491642927,-0.22615536745829726,1.8142933940824981,0
HPG,GOOD,EPSILON_GREEDY,Epsilon-Greedy — Battle strategy,46,14,train,0.5133420832795048,-0.9593100000000732,-0.09593100000000732,-0.016035134656022798,1.284593177358574,-1.563084494613951,6.513434570246937,0
HPG,GOOD,EPSILON_GREEDY,Epsilon-Greedy — Battle strategy,46,14,test,0.5133420832795048,47.81242999999881,4.781242999999881,1.5715307138014278,2.0676797805384166,-0.19998101341053118,2.362085695836415,0
HPG,GOOD,EPSILON_GREEDY,Epsilon-Greedy — Battle strategy,46,15,train,0.48767497911552954,-3.7238800000003494,-0.3723880000000349,-0.062317536456246714,1.258906590401064,-1.6323391618300063,6.5427820169234385,0
HPG,GOOD,EPSILON_GREEDY,Epsilon-Greedy — Battle strategy,46,15,test,0.48767497911552954,44.7609099999986,4.476090999999861,1.4726755612609388,2.0977294816587646,-0.2434114728103595,2.3689454801194603,0
HPG,GOOD,EPSILON_GREEDY,Epsilon-Greedy — Battle strategy,46,16,train,0.46329123015975304,4.834460000000149,0.48344600000001486,0.08061490590656195,1.532432799258811,-1.2444054260740203,7.031660899101166,0
HPG,GOOD,EPSILON_GREEDY,Epsilon-Greedy — Battle strategy,46,16,test,0.46329123015975304,41.238929999998845,4.123892999999885,1.3583402838832859,2.3925566842273165,-0.2579232430616525,3.291989630736472,0
HPG,GOOD,EPSILON_GREEDY,Epsilon-Greedy — Battle strategy,46,17,train,0.44012666865176536,9.126429999999687,0.9126429999999688,0.15191350268564108,1.5785672128849324,-1.1620710983535891,7.051351682282626,0
HPG,GOOD,EPSILON_GREEDY,Epsilon-Greedy — Battle strategy,46,17,test,0.44012666865176536,46.888879999998835,4.688887999999883,1.5416322203630983,2.820635403822763,-0.1505237914462836,3.8254154284890234,0
HPG,GOOD,EPSILON_GREEDY,Epsilon-Greedy — Battle strategy,46,18,train,0.4181203352191771,15.701359999999454,1.5701359999999454,0.260648545941633,1.6120025706810444,-1.0697289594284385,7.0685854003789546,0
HPG,GOOD,EPSILON_GREEDY,Epsilon-Greedy — Battle strategy,46,18,test,0.4181203352191771,50.64640999999892,5.064640999999892,1.6631669660008397,2.8249863375584616,-0.10774576294894568,3.822470936784127,0
HPG,GOOD,EPSILON_GREEDY,Epsilon-Greedy — Battle strategy,46,19,train,0.3972143184582182,17.859169999998926,1.7859169999998925,0.29620626000095296,1.6493508738891587,-1.0234485130642772,7.095763172959043,0
HPG,GOOD,EPSILON_GREEDY,Epsilon-Greedy — Battle strategy,46,19,test,0.3972143184582182,42.270229999999174,4.227022999999917,1.391846377720607,2.8482049710405395,-0.20081722062208737,3.8310009739522712,0
HPG,GOOD,EPSILON_GREEDY,Epsilon-Greedy — Battle strategy,46,20,train,0.37735360253530725,56.803110000000515,5.680311000000052,0.9273976395567596,2.0003041358368447,-0.5242823067815954,5.851922946313496,0
HPG,GOOD,EPSILON_GREEDY,Epsilon-Greedy — Battle strategy,46,20,test,0.37735360253530725,47.00159999999937,4.700159999999937,1.5452822959845625,2.8782352954549633,-0.14568776564675742,3.8139281840885704,0
HPG,GOOD,EPSILON_GREEDY,Epsilon-Greedy — Battle strategy,46,21,train,0.3584859224085419,71.41188000000125,7.141188000000125,1.15918103627779,2.1411302272593202,-0.38035144130687215,5.918767158670731,0
HPG,GOOD,EPSILON_GREEDY,Epsilon-Greedy — Battle strategy,46,21,test,0.3584859224085419,43.53123999999934,4.3531239999999345,1.4327855641274923,2.8889110737490733,-0.18355690648663453,3.8188608075008323,0
HPG,GOOD,EPSILON_GREEDY,Epsilon-Greedy — Battle strategy,46,22,train,0.3405616262881148,83.83677000000125,8.383677000000125,1.3542525040623365,2.207191903395486,-0.2802625259530784,5.981746258887899,0
HPG,GOOD,EPSILON_GREEDY,Epsilon-Greedy — Battle strategy,46,22,test,0.3405616262881148,44.814079999999194,4.481407999999919,1.4743996689881245,2.9238858917919917,-0.16693275487273077,3.8197226586470068,0
HPG,GOOD,EPSILON_GREEDY,Epsilon-Greedy — Battle strategy,46,23,train,0.323533544973709,146.005210000003,14.600521000000299,2.303207669094731,2.6153559596644125,0.126728271415979,5.952462001619492,0
HPG,GOOD,EPSILON_GREEDY,Epsilon-Greedy — Battle strategy,46,23,test,0.323533544973709,44.95906999999943,4.495906999999943,1.4791008649512882,3.15607275504862,-0.1509192760918057,4.355508427758222,0
HPG,GOOD,EPSILON_GREEDY,Epsilon-Greedy — Battle strategy,46,24,train,0.3073568677250236,152.98288000000298,15.298288000000298,2.407021355321226,2.640633442210071,0.16451669948682257,5.950546908762629,0
HPG,GOOD,EPSILON_GREEDY,Epsilon-Greedy — Battle strategy,46,24,test,0.3073568677250236,46.57917999999927,4.657917999999927,1.531602231342255,3.2491272267632607,-0.12969909819140946,4.374502855138949,0
HPG,GOOD,EPSILON_GREEDY,Epsilon-Greedy — Battle strategy,46,25,train,0.2919890243387724,145.6925700000029,14.569257000000288,2.298543904566319,2.6542922319805586,0.12352055128622903,5.957152215719529,0
HPG,GOOD,EPSILON_GREEDY,Epsilon-Greedy — Battle strategy,46,25,test,0.2919890243387724,43.190019999999095,4.31900199999991,1.4217109760168878,3.2465436361232594,-0.16330969581664512,4.375495988986356,0
HPG,GOOD,EPSILON_GREEDY,Epsilon-Greedy — Battle strategy,46,26,train,0.27738957312183377,145.53330000000324,14.553330000000322,2.2961676085107685,2.7096593931042174,0.1206795985744568,5.7438483874519175,0
HPG,GOOD,EPSILON_GREEDY,Epsilon-Greedy — Battle strategy,46,26,test,0.27738957312183377,48.80469999999923,4.880469999999923,1.603634354348471,3.245128112915589,-0.10796223704347759,4.352422654111881,0
HPG,GOOD,EPSILON_GREEDY,Epsilon-Greedy — Battle strategy,46,27,train,0.26352009446574204,141.08537000000297,14.108537000000295,2.2296934225266796,2.683461126940312,0.0971549935519624,5.753220718900314,0
HPG,GOOD,EPSILON_GREEDY,Epsilon-Greedy — Battle strategy,46,27,test,0.26352009446574204,56.583069999999225,5.6583069999999225,1.8545954616070226,3.3681982985507695,-0.029287795451242722,4.492783519483802,0
HPG,GOOD,EPSILON_GREEDY,Epsilon-Greedy — Battle strategy,46,28,train,0.2503440897424549,126.1608800000015,12.61608800000015,2.005058841012164,2.5754388908672774,0.013952682711875662,5.795766902243856,0
HPG,GOOD,EPSILON_GREEDY,Epsilon-Greedy — Battle strategy,46,28,test,0.2503440897424549,64.2662899999998,6.42662899999998,2.101281324011528,3.452776360939997,0.04259008530704359,4.473929355365887,0
HPG,GOOD,EPSILON_GREEDY,Epsilon-Greedy — Battle strategy,46,29,train,0.23782688525533216,124.67413000000124,12.467413000000125,1.982545591134044,2.8146875753841796,0.007145587015685603,5.794887468900637,0
HPG,GOOD,EPSILON_GREEDY,Epsilon-Greedy — Battle strategy,46,29,test,0.23782688525533216,38.428329999999505,3.8428329999999504,1.2669138254020718,3.693387547192762,-0.18085543056524625,4.826122573426097,0
HPG,GOOD,EPSILON_GREEDY,Epsilon-Greedy — Battle strategy,46,30,train,0.22593554099256555,149.9106400000021,14.99106400000021,2.3613772674343503,3.4868302934048843,0.11911882944914408,5.9001682603068195,0
HPG,GOOD,EPSILON_GREEDY,Epsilon-Greedy — Battle strategy,46,30,test,0.22593554099256555,70.54728999999884,7.054728999999884,2.3020661351976557,4.707515347962566,0.08402024438830512,5.911636300308403,0
HPG,GOOD,EPSILON_GREEDY,Epsilon-Greedy — Battle strategy,46,31,train,0.21463876394293727,175.25379000000225,17.525379000000225,2.7349038330912734,3.839585044997574,0.20723948619900875,7.380695434761892,0
HPG,GOOD,EPSILON_GREEDY,Epsilon-Greedy — Battle strategy,46,31,test,0.21463876394293727,65.45043999999893,6.545043999999893,2.1391953265236685,4.715143314827377,0.05004039811302767,5.9067175901467355,0
HPG,GOOD,EPSILON_GREEDY,Epsilon-Greedy — Battle strategy,46,32,train,0.2039068257457904,172.10391000000277,17.21039100000028,2.6888457660897425,3.952811910785731,0.19097122971763514,8.082758360300849,0
HPG,GOOD,EPSILON_GREEDY,Epsilon-Greedy — Battle strategy,46,32,test,0.2039068257457904,64.45613999999887,6.445613999999887,2.10736181415061,4.782727913153737,0.04346399701707865,5.912152146003251,0
HPG,GOOD,EPSILON_GREEDY,Epsilon-Greedy — Battle strategy,46,33,train,0.19371148445850087,214.2255900000025,21.422559000000252,3.296414387613922,5.225718447925867,0.26949582471532485,11.411200414482826,0
HPG,GOOD,EPSILON_GREEDY,Epsilon-Greedy — Battle strategy,46,33,test,0.19371148445850087,72.90865999999914,7.290865999999914,2.3773490983916234,4.783402438615323,0.09887764371921552,5.866269481862505,0
HPG,GOOD,EPSILON_GREEDY,Epsilon-Greedy — Battle strategy,46,34,train,0.18402591023557582,196.3882500000027,19.63882500000027,3.041303590270461,5.348417544493236,0.21788047872988217,12.840962864981458,0
HPG,GOOD,EPSILON_GREEDY,Epsilon-Greedy — Battle strategy,46,34,test,0.18402591023557582,36.69939999999906,3.669939999999906,1.2105912702486288,5.366288533179421,-0.12077581311515756,7.96564013647728,0
HPG,GOOD,EPSILON_GREEDY,Epsilon-Greedy — Battle strategy,46,35,train,0.174824614723797,187.19497000000274,18.719497000000274,2.9085812954647627,5.397865409187256,0.19228629785765464,13.596438749459994,0
HPG,GOOD,EPSILON_GREEDY,Epsilon-Greedy — Battle strategy,46,35,test,0.174824614723797,33.17263999999932,3.317263999999932,1.0955073468254417,5.392929811379112,-0.14108919755578325,7.974239290270313,0
HPG,GOOD,EPSILON_GREEDY,Epsilon-Greedy — Battle strategy,46,36,train,0.16608338398760716,192.77932000000283,19.277932000000284,2.9893035143555124,5.463028277697192,0.20512300887544133,13.915550848242189,0
HPG,GOOD,EPSILON_GREEDY,Epsilon-Greedy — Battle strategy,46,36,test,0.16608338398760716,17.717499999999518,1.7717499999999518,0.5880713262446102,5.582713814785492,-0.22488474693330787,10.11415494263975,0
HPG,GOOD,EPSILON_GREEDY,Epsilon-Greedy — Battle strategy,46,37,train,0.1577792147882268,210.46201000000292,21.04620100000029,3.2428484897009557,5.563353928551244,0.24700800964273695,14.464380008900568,0
HPG,GOOD,EPSILON_GREEDY,Epsilon-Greedy — Battle strategy,46,37,test,0.1577792147882268,-0.40708000000040556,-0.04070800000004056,-0.013592882460433664,6.08139810022403,-0.300657902607846,11.467570311524735,0
HPG,GOOD,EPSILON_GREEDY,Epsilon-Greedy — Battle strategy,46,38,train,0.14989025404881545,204.26301000000285,20.426301000000286,3.154316815520186,5.668107037926084,0.22820956009501447,15.222588963293738,0
HPG,GOOD,EPSILON_GREEDY,Epsilon-Greedy — Battle strategy,46,38,test,0.14989025404881545,-16.968960000000607,-1.6968960000000606,-0.5697692761926998,6.23027668735954,-0.38184592641608517,12.85377632265456,0
HPG,GOOD,EPSILON_GREEDY,Epsilon-Greedy — Battle strategy,46,39,train,0.14239574134637467,210.33509000000254,21.033509000000254,3.241039659044609,5.615797016749187,0.24490788466230373,14.681009189476946,0
HPG,GOOD,EPSILON_GREEDY,Epsilon-Greedy — Battle strategy,46,39,test,0.14239574134637467,-19.708780000000388,-1.9708780000000388,-0.6623775397707643,6.239585329927796,-0.3961723549419086,12.857061169253232,0
HPG,GOOD,EPSILON_GREEDY,Epsilon-Greedy — Battle strategy,46,40,train,0.13527595427905592,201.61795000000325,20.161795000000325,3.116425536824674,6.12946972687792,0.20942297272537325,17.856410029395324,0
HPG,GOOD,EPSILON_GREEDY,Epsilon-Greedy — Battle strategy,46,40,test,0.13527595427905592,-17.50433000000021,-1.750433000000021,-0.5878517125052052,6.252221882095591,-0.3832057166721317,12.88052744589109,0
HPG,GOOD,EPSILON_GREEDY,Epsilon-Greedy — Battle strategy,46,41,train,0.12851215656510312,95.3974800000035,9.539748000000351,1.534090607553562,7.806029599686205,-0.02035430792595813,28.74093350406782,0
HPG,GOOD,EPSILON_GREEDY,Epsilon-Greedy — Battle strategy,46,41,test,0.12851215656510312,-15.518920000000662,-1.5518920000000662,-0.5208262458046731,6.522294923373543,-0.35432724582136355,13.631907002637833,0
HPG,GOOD,EPSILON_GREEDY,Epsilon-Greedy — Battle strategy,46,42,train,0.12208654873684796,103.89481000000251,10.38948100000025,1.6652695232378667,7.990059365710129,-0.0017640441441061719,28.936738157560487,0
HPG,GOOD,EPSILON_GREEDY,Epsilon-Greedy — Battle strategy,46,42,test,0.12208654873684796,-14.588900000001104,-1.4588900000001104,-0.48946066101359653,6.674520409684834,-0.34000667322012096,13.647550336476552,0
HPG,GOOD,EPSILON_GREEDY,Epsilon-Greedy — Battle strategy,46,43,train,0.11598222130000556,105.91811000000234,10.591811000000234,1.696380526408614,8.124670551463243,0.0034024482374049297,29.38239286081829,0
HPG,GOOD,EPSILON_GREEDY,Epsilon-Greedy — Battle strategy,46,43,test,0.11598222130000556,-9.403990000000931,-0.940399000000093,-0.3149563293932012,6.6949783830262675,-0.31249744047583483,13.647550336476552,0
HPG,GOOD,EPSILON_GREEDY,Epsilon-Greedy — Battle strategy,46,44,train,0.11018311023500528,102.47066000000245,10.247066000000245,1.6433427773373976,8.162308989300561,-0.002685796472592235,29.32726100437757,0
HPG,GOOD,EPSILON_GREEDY,Epsilon-Greedy — Battle strategy,46,44,test,0.11018311023500528,-17.493210000001113,-1.7493210000001111,-0.5874760612307628,6.77640892591427,-0.3484738361586022,13.994644760341085,0
HPG,GOOD,EPSILON_GREEDY,Epsilon-Greedy — Battle strategy,46,45,train,0.10467395472325501,109.35824000000275,10.935824000000276,1.7491685671016333,8.181137525263681,0.010338543662979554,28.913784461126074,0
HPG,GOOD,EPSILON_GREEDY,Epsilon-Greedy — Battle strategy,46,45,test,0.10467395472325501,-10.660270000000878,-1.0660270000000878,-0.3571819764079942,6.817648754557412,-0.31188917838173624,14.472674737448557,0
HPG,GOOD,EPSILON_GREEDY,Epsilon-Greedy — Battle strategy,47,1,train,1.0,1100.5856699999972,110.05856699999971,13.20316477165029,11.748123060997186,0.9533954619480707,12.39068107020009,2
HPG,GOOD,EPSILON_GREEDY,Epsilon-Greedy — Battle strategy,47,1,test,1.0,1546.0995200000002,154.60995200000002,36.61808991216267,22.880161671861934,1.3964299196306753,30.721422508563446,4
HPG,GOOD,EPSILON_GREEDY,Epsilon-Greedy — Battle strategy,47,2,train,0.95,1092.5921599999974,109.25921599999975,13.13107310344115,11.771432385577402,0.9462751968425646,12.300969607821873,2
HPG,GOOD,EPSILON_GREEDY,Epsilon-Greedy — Battle strategy,47,2,test,0.95,1546.0995200000002,154.60995200000002,36.61808991216267,22.880161671861934,1.3964299196306753,30.721422508563446,4
HPG,GOOD,EPSILON_GREEDY,Epsilon-Greedy — Battle strategy,47,3,train,0.9025,1142.6229699999972,114.26229699999972,13.578571786168347,11.73820455001703,0.9825505860328498,11.835417425173238,2
HPG,GOOD,EPSILON_GREEDY,Epsilon-Greedy — Battle strategy,47,3,test,0.9025,1546.41952,154.641952,36.62382232600474,22.873324470755065,1.396963506424063,30.71250418820688,4
HPG,GOOD,EPSILON_GREEDY,Epsilon-Greedy — Battle strategy,47,4,train,0.8573749999999999,1175.3023499999958,117.53023499999959,13.866194219768957,12.019650821886712,0.9835477618345635,12.144505899622374,2
HPG,GOOD,EPSILON_GREEDY,Epsilon-Greedy — Battle strategy,47,4,test,0.8573749999999999,1546.41952,154.641952,36.62382232600474,22.873324470755065,1.396963506424063,30.71250418820688,4
HPG,GOOD,EPSILON_GREEDY,Epsilon-Greedy — Battle strategy,47,5,train,0.8145062499999999,1172.1444399999964,117.21444399999963,13.838558059084471,12.038058453232631,0.9801924962857598,12.1428754634622,2
HPG,GOOD,EPSILON_GREEDY,Epsilon-Greedy — Battle strategy,47,5,test,0.8145062499999999,1562.6133099999997,156.26133099999998,36.9132901274591,22.889820031870283,1.4054129720865798,30.71250418820688,4
HPG,GOOD,EPSILON_GREEDY,Epsilon-Greedy — Battle strategy,47,6,train,0.7737809374999998,1171.9230099999968,117.19230099999969,13.836618979426163,12.072489441850424,0.9775951175504816,12.144008549975213,2
HPG,GOOD,EPSILON_GREEDY,Epsilon-Greedy — Battle strategy,47,6,test,0.7737809374999998,1562.6133099999997,156.26133099999998,36.9132901274591,22.889820031870283,1.4054129720865798,30.71250418820688,4
HPG,GOOD,EPSILON_GREEDY,Epsilon-Greedy — Battle strategy,47,7,train,0.7350918906249998,1289.7065099999977,128.97065099999978,14.845549876343235,11.712355151459938,1.080061439097576,11.77551070284539,2
HPG,GOOD,EPSILON_GREEDY,Epsilon-Greedy — Battle strategy,47,7,test,0.7350918906249998,1564.8323599999999,156.48323599999998,36.95286115301004,22.956979646072824,1.4032413071806158,30.721422508563446,4
HPG,GOOD,EPSILON_GREEDY,Epsilon-Greedy — Battle strategy,47,8,train,0.6983372960937497,1299.1241499999974,129.91241499999975,14.924340371564693,11.909931395506112,1.0698994522358432,11.851546980816481,2
HPG,GOOD,EPSILON_GREEDY,Epsilon-Greedy — Battle strategy,47,8,test,0.6983372960937497,1554.50131,155.450131,36.76843901733022,23.091805554207763,1.3905081471141694,30.81767645057645,4
HPG,GOOD,EPSILON_GREEDY,Epsilon-Greedy — Battle strategy,47,9,train,0.6634204312890623,1290.971039999998,129.0971039999998,14.856144942993543,11.90090333815817,1.065588622156479,11.755793048362797,2
HPG,GOOD,EPSILON_GREEDY,Epsilon-Greedy — Battle strategy,47,9,test,0.6634204312890623,1505.806810000001,150.5806810000001,35.89242597683258,23.097912506493092,1.3622416191630624,30.619649199207643,4
HPG,GOOD,EPSILON_GREEDY,Epsilon-Greedy — Battle strategy,47,10,train,0.6302494097246091,1291.5808699999975,129.15808699999977,14.861252760230247,11.893498431008844,1.0665562271701217,11.748691239690686,2
HPG,GOOD,EPSILON_GREEDY,Epsilon-Greedy — Battle strategy,47,10,test,0.6302494097246091,1509.1467300000008,150.91467300000008,35.95287147132999,23.280239840925322,1.3553288192603763,31.56959839739032,4
HPG,GOOD,EPSILON_GREEDY,Epsilon-Greedy — Battle strategy,47,11,train,0.5987369392383787,1289.893659999997,128.9893659999997,14.847118249744984,11.931758945261905,1.0624771373195216,11.756629429947584,2
HPG,GOOD,EPSILON_GREEDY,Epsilon-Greedy — Battle strategy,47,11,test,0.5987369392383787,1509.1467300000008,150.91467300000008,35.95287147132999,23.280239840925322,1.3553288192603763,31.56959839739032,4
HPG,GOOD,EPSILON_GREEDY,Epsilon-Greedy — Battle strategy,47,12,train,0.5688000922764597,1307.065729999998,130.7065729999998,14.99057310920826,11.973286331521878,1.0697274574291302,11.919144339869174,2
HPG,GOOD,EPSILON_GREEDY,Epsilon-Greedy — Battle strategy,47,12,test,0.5688000922764597,1509.1467300000008,150.91467300000008,35.95287147132999,23.280239840925322,1.3553288192603763,31.56959839739032,4
HPG,GOOD,EPSILON_GREEDY,Epsilon-Greedy — Battle strategy,47,13,train,0.5403600876626367,1328.8063299999972,132.88063299999973,15.170923014098591,12.043738200541423,1.0772995208944507,12.058837970697823,2
HPG,GOOD,EPSILON_GREEDY,Epsilon-Greedy — Battle strategy,47,13,test,0.5403600876626367,1545.8132899999996,154.58132899999995,36.612962040477996,23.179864194572335,1.3811982989373184,31.68697354674364,4
HPG,GOOD,EPSILON_GREEDY,Epsilon-Greedy — Battle strategy,47,14,train,0.5133420832795048,1326.4023299999972,132.6402329999997,15.15104967754528,12.3321507923397,1.0535755221554723,12.772792267687036,2
HPG,GOOD,EPSILON_GREEDY,Epsilon-Greedy — Battle strategy,47,14,test,0.5133420832795048,1275.5993099999992,127.55993099999992,31.589833891386498,23.23214528793935,1.216539793774688,31.40153852468726,4
HPG,GOOD,EPSILON_GREEDY,Epsilon-Greedy — Battle strategy,47,15,train,0.48767497911552954,1355.8475499999977,135.58475499999977,15.393297748359892,12.506036255312189,1.0576302762793284,12.983303027205775,3
HPG,GOOD,EPSILON_GREEDY,Epsilon-Greedy — Battle strategy,47,15,test,0.48767497911552954,1508.5520600000004,150.85520600000004,35.94211312444047,23.52207822149349,1.3434315730119382,31.32691764767092,4
HPG,GOOD,EPSILON_GREEDY,Epsilon-Greedy — Battle strategy,47,16,train,0.46329123015975304,1359.838849999997,135.9838849999997,15.425940114094217,12.49618247469675,1.0606500360817175,12.924236969805788,3
HPG,GOOD,EPSILON_GREEDY,Epsilon-Greedy — Battle strategy,47,16,test,0.46329123015975304,1508.3131200000007,150.83131200000005,35.9377899133805,23.541703185767368,1.3423724301154065,31.33392367272569,4
HPG,GOOD,EPSILON_GREEDY,Epsilon-Greedy — Battle strategy,47,17,train,0.44012666865176536,879.599439999999,87.95994399999991,11.120062341225756,16.71864350162462,0.6002808655469017,31.769666037446143,5
HPG,GOOD,EPSILON_GREEDY,Epsilon-Greedy — Battle strategy,47,17,test,0.44012666865176536,1508.3131200000007,150.83131200000005,35.9377899133805,23.541703185767368,1.3423724301154065,31.33392367272569,4
HPG,GOOD,EPSILON_GREEDY,Epsilon-Greedy — Battle strategy,47,18,train,0.4181203352191771,895.9685799999986,89.59685799999986,11.281172702338171,16.77358324605532,0.6075826155012548,31.882379262298443,5
HPG,GOOD,EPSILON_GREEDY,Epsilon-Greedy — Battle strategy,47,18,test,0.4181203352191771,1340.9475399999997,134.09475399999997,32.83958933580982,24.871252932563042,1.1906188280176053,37.98738367079743,7
HPG,GOOD,EPSILON_GREEDY,Epsilon-Greedy — Battle strategy,47,19,train,0.3972143184582182,904.288699999998,90.4288699999998,11.36261835733572,16.811977089577553,0.6109670155605494,31.8608877892909,5
HPG,GOOD,EPSILON_GREEDY,Epsilon-Greedy — Battle strategy,47,19,test,0.3972143184582182,1361.5069900000003,136.15069900000003,33.227966932227226,24.91993241435569,1.200536771511871,37.8273321054786,7
HPG,GOOD,EPSILON_GREEDY,Epsilon-Greedy — Battle strategy,47,20,train,0.37735360253530725,885.3969799999979,88.53969799999979,11.17725678121304,16.927120534181178,0.5980540775328529,32.37636195801791,5
HPG,GOOD,EPSILON_GREEDY,Epsilon-Greedy — Battle strategy,47,20,test,0.37735360253530725,1361.8573000000001,136.18573,33.23456489933933,24.930443579401015,1.2003354778235673,37.81501701185122,7
HPG,GOOD,EPSILON_GREEDY,Epsilon-Greedy — Battle strategy,47,21,train,0.3584859224085419,889.460729999998,88.94607299999979,11.217259609801843,17.06059762336481,0.5968284700297286,32.530551609768146,5
HPG,GOOD,EPSILON_GREEDY,Epsilon-Greedy — Battle strategy,47,21,test,0.3584859224085419,1479.9337599999994,147.99337599999996,35.422350316528764,25.318191000621614,1.2504770248195063,38.22086300466409,7
HPG,GOOD,EPSILON_GREEDY,Epsilon-Greedy — Battle strategy,47,22,train,0.3405616262881148,896.1108999999974,89.61108999999973,11.282568373110301,17.14076809718601,0.5982946362396815,32.980860683752745,5
HPG,GOOD,EPSILON_GREEDY,Epsilon-Greedy — Battle strategy,47,22,test,0.3405616262881148,1426.1341199999993,142.61341199999993,34.43432663059796,25.51918756159409,1.213826475074423,39.395713219525405,8
HPG,GOOD,EPSILON_GREEDY,Epsilon-Greedy — Battle strategy,47,23,train,0.323533544973709,834.8487399999985,83.48487399999985,10.67356888901736,17.446397843019824,0.5591073798480203,35.53168928844107,5
HPG,GOOD,EPSILON_GREEDY,Epsilon-Greedy — Battle strategy,47,23,test,0.323533544973709,1424.923789999999,142.4923789999999,34.411931982284386,25.539457749155115,1.2124116851480053,39.477698059839014,8
HPG,GOOD,EPSILON_GREEDY,Epsilon-Greedy — Battle strategy,47,24,train,0.3073568677250236,841.7248199999981,84.1724819999998,10.742759611500773,17.47455325260047,0.5620984587003398,35.57065880786395,5
HPG,GOOD,EPSILON_GREEDY,Epsilon-Greedy — Battle strategy,47,24,test,0.3073568677250236,1424.633609999999,142.4633609999999,34.406561696241496,25.60551145265094,1.2097951972298107,39.477698059839014,8
HPG,GOOD,EPSILON_GREEDY,Epsilon-Greedy — Battle strategy,47,25,train,0.2919890243387724,851.138329999998,85.1138329999998,10.837135207589244,17.51187681570807,0.5661846627727046,35.5647179845732,5
HPG,GOOD,EPSILON_GREEDY,Epsilon-Greedy — Battle strategy,47,25,test,0.2919890243387724,1426.7516799999994,142.67516799999993,34.44575043124347,25.66672662759146,1.20865446000881,39.31114399345009,8
HPG,GOOD,EPSILON_GREEDY,Epsilon-Greedy — Battle strategy,47,26,train,0.27738957312183377,860.8035399999972,86.08035399999972,10.933619234941162,17.543030733430765,0.5704985299587233,35.76724082888237,5
HPG,GOOD,EPSILON_GREEDY,Epsilon-Greedy — Battle strategy,47,26,test,0.27738957312183377,1449.0630299999993,144.90630299999992,34.857179839206886,25.761859827695403,1.2170544718531107,39.38736101391845,8
HPG,GOOD,EPSILON_GREEDY,Epsilon-Greedy — Battle strategy,47,27,train,0.26352009446574204,865.0790799999968,86.50790799999967,10.976167172455487,17.586167123424193,0.5717318497924325,35.757781561840304,5
HPG,GOOD,EPSILON_GREEDY,Epsilon-Greedy — Battle strategy,47,27,test,0.26352009446574204,1427.5484399999991,142.7548439999999,34.46048626388614,25.75404267607007,1.2058609288655555,39.31806891751885,8
HPG,GOOD,EPSILON_GREEDY,Epsilon-Greedy — Battle strategy,47,28,train,0.2503440897424549,873.4370199999962,87.34370199999962,11.05910692574481,17.63135913764165,0.5749936792674774,35.76445552040398,5
HPG,GOOD,EPSILON_GREEDY,Epsilon-Greedy — Battle strategy,47,28,test,0.2503440897424549,1427.3116399999994,142.73116399999995,34.456107056787275,25.857566502836843,1.2019233857786582,39.28883852700931,8
HPG,GOOD,EPSILON_GREEDY,Epsilon-Greedy — Battle strategy,47,29,train,0.23782688525533216,900.839819999997,90.0839819999997,11.328893307514566,17.746158516781865,0.5862054117006373,35.82977597144111,5
HPG,GOOD,EPSILON_GREEDY,Epsilon-Greedy — Battle strategy,47,29,test,0.23782688525533216,1427.4951499999993,142.74951499999992,34.459500782170196,25.995952324186987,1.19698285410359,39.27174189286618,8
HPG,GOOD,EPSILON_GREEDY,Epsilon-Greedy — Battle strategy,47,30,train,0.22593554099256555,889.9482799999971,88.99482799999971,11.222054149099536,18.06858443228488,0.5735985571321373,36.55602396069685,7
HPG,GOOD,EPSILON_GREEDY,Epsilon-Greedy — Battle strategy,47,30,test,0.22593554099256555,1424.3933599999991,142.4393359999999,34.402115127785834,26.08027751039853,1.1923064227685338,39.552325692380386,8
HPG,GOOD,EPSILON_GREEDY,Epsilon-Greedy — Battle strategy,47,31,train,0.21463876394293727,896.2672399999965,89.62672399999964,11.284101431400329,18.108336414757513,0.5758552633109405,36.584034293713415,7
HPG,GOOD,EPSILON_GREEDY,Epsilon-Greedy — Battle strategy,47,31,test,0.21463876394293727,1651.5485199999994,165.15485199999992,38.48168556241027,26.671740995234295,1.2843648753816448,39.56733637132507,8
HPG,GOOD,EPSILON_GREEDY,Epsilon-Greedy — Battle strategy,47,32,train,0.2039068257457904,898.2381399999965,89.82381399999964,11.303418905246243,18.375531538091614,0.5710787530189023,36.55899279135376,7
HPG,GOOD,EPSILON_GREEDY,Epsilon-Greedy — Battle strategy,47,32,test,0.2039068257457904,1651.697239999999,165.1697239999999,38.48427870816966,26.693583776335593,1.2836010558205317,39.55348093331207,8
HPG,GOOD,EPSILON_GREEDY,Epsilon-Greedy — Battle strategy,47,33,train,0.19371148445850087,898.1096599999976,89.81096599999975,11.30216013738352,18.27672179045448,0.5731274731176439,36.63785368148641,7
HPG,GOOD,EPSILON_GREEDY,Epsilon-Greedy — Battle strategy,47,33,test,0.19371148445850087,1652.3663299999994,165.23663299999993,38.49594405037544,26.691845441221417,1.2839850894719707,39.53124627196066,8
HPG,GOOD,EPSILON_GREEDY,Epsilon-Greedy — Battle strategy,47,34,train,0.18402591023557582,862.210449999998,86.22104499999979,10.947629047860175,18.552855428126723,0.5499848131321932,37.917405307362316,7
HPG,GOOD,EPSILON_GREEDY,Epsilon-Greedy — Battle strategy,47,34,test,0.18402591023557582,1651.7751199999993,165.17751199999992,38.48563661863038,26.714672101991493,1.2828344727896337,39.58632610996272,8
HPG,GOOD,EPSILON_GREEDY,Epsilon-Greedy — Battle strategy,47,35,train,0.174824614723797,863.7191099999982,86.37191099999983,10.962642281046397,18.582548438513,0.5501386859854047,37.941452965792436,7
HPG,GOOD,EPSILON_GREEDY,Epsilon-Greedy — Battle strategy,47,35,test,0.174824614723797,1652.7658099999994,165.27658099999994,38.50290790518518,26.694589836943333,1.2840676649369756,39.45392804602355,8
HPG,GOOD,EPSILON_GREEDY,Epsilon-Greedy — Battle strategy,47,36,train,0.16608338398760716,886.2337199999981,88.62337199999982,11.185499367286212,18.69709874774644,0.5587303795784345,37.91408210039127,7
HPG,GOOD,EPSILON_GREEDY,Epsilon-Greedy — Battle strategy,47,36,test,0.16608338398760716,1628.0086599999995,162.80086599999996,38.070007088974236,26.658496533332883,1.2736449168374668,39.65564056586422,8
HPG,GOOD,EPSILON_GREEDY,Epsilon-Greedy — Battle strategy,47,37,train,0.1577792147882268,880.5813699999978,88.05813699999977,11.129759696317532,18.68470953954881,0.5562789754880654,38.013671714602296,7
HPG,GOOD,EPSILON_GREEDY,Epsilon-Greedy — Battle strategy,47,37,test,0.1577792147882268,1640.1368899999984,164.01368899999983,38.28241785403943,26.764819916961446,1.2754052225418882,39.57927914027939,8
HPG,GOOD,EPSILON_GREEDY,Epsilon-Greedy — Battle strategy,47,38,train,0.14989025404881545,880.3616399999976,88.03616399999976,11.12759005070718,18.85045952575106,0.5529217111929324,38.016540366940866,7
HPG,GOOD,EPSILON_GREEDY,Epsilon-Greedy — Battle strategy,47,38,test,0.14989025404881545,1639.7064599999985,163.97064599999985,38.27489054860236,26.76467638053741,1.2752064036237691,39.57927914027939,8
HPG,GOOD,EPSILON_GREEDY,Epsilon-Greedy — Battle strategy,47,39,train,0.14239574134637467,889.3157199999982,88.93157199999983,11.215833390792817,18.873615808033172,0.5567196882422427,38.00532152045588,7
HPG,GOOD,EPSILON_GREEDY,Epsilon-Greedy — Battle strategy,47,39,test,0.14239574134637467,1640.1368899999984,164.01368899999983,38.28241785403943,26.764819916961446,1.2754052225418882,39.57927914027939,8
HPG,GOOD,EPSILON_GREEDY,Epsilon-Greedy — Battle strategy,47,40,train,0.13527595427905592,881.8307599999976,88.18307599999976,11.142092340750342,18.826932395019398,0.5540860099253292,37.997368714968914,7
HPG,GOOD,EPSILON_GREEDY,Epsilon-Greedy — Battle strategy,47,40,test,0.13527595427905592,1640.1368899999984,164.01368899999983,38.28241785403943,26.764819916961446,1.2754052225418882,39.57927914027939,8
HPG,GOOD,EPSILON_GREEDY,Epsilon-Greedy — Battle strategy,47,41,train,0.12851215656510312,896.5678399999986,89.65678399999986,11.287048796625921,18.935729565246383,0.5589285774570253,37.88500014821171,7
HPG,GOOD,EPSILON_GREEDY,Epsilon-Greedy — Battle strategy,47,41,test,0.12851215656510312,1617.0385199999982,161.7038519999998,37.877315649490725,26.70226102348632,1.266739253539017,39.652952767406205,8
HPG,GOOD,EPSILON_GREEDY,Epsilon-Greedy — Battle strategy,47,42,train,0.12208654873684796,883.4817699999994,88.34817699999994,11.158378892800979,19.080050476188617,0.5500189115243772,37.925793827155765,7
HPG,GOOD,EPSILON_GREEDY,Epsilon-Greedy — Battle strategy,47,42,test,0.12208654873684796,1639.8363699999986,163.98363699999987,38.277162484402005,26.812765673701268,1.2734710019294444,39.56769691829328,8
HPG,GOOD,EPSILON_GREEDY,Epsilon-Greedy — Battle strategy,47,43,train,0.11598222130000556,930.735999999999,93.0735999999999,11.619557389933167,19.25066508064838,0.568530498910252,37.98251341979096,7
HPG,GOOD,EPSILON_GREEDY,Epsilon-Greedy — Battle strategy,47,43,test,0.11598222130000556,1639.4720399999983,163.94720399999983,38.27079069736767,26.81664830015232,1.2731524442104876,39.56769691829328,8
HPG,GOOD,EPSILON_GREEDY,Epsilon-Greedy — Battle strategy,47,44,train,0.11018311023500528,944.9427699999983,94.49427699999983,11.756369928655142,19.25475953529901,0.5748713068476732,37.884718952241556,7
HPG,GOOD,EPSILON_GREEDY,Epsilon-Greedy — Battle strategy,47,44,test,0.11018311023500528,1649.0909499999984,164.90909499999984,38.43882028119185,26.79663878608316,1.2784457562933973,39.098112907416564,8
HPG,GOOD,EPSILON_GREEDY,Epsilon-Greedy — Battle strategy,47,45,train,0.10467395472325501,963.0966099999987,96.30966099999986,11.929986898423216,19.35303595214356,0.5810250710595289,38.015296577122896,7
HPG,GOOD,EPSILON_GREEDY,Epsilon-Greedy — Battle strategy,47,45,test,0.10467395472325501,1676.4285399999985,167.64285399999986,38.914163586868746,26.85473892959046,1.289078664020707,38.57872310604933,8
HPG,GOOD,EPSILON_GREEDY,Epsilon-Greedy — Battle strategy,48,1,train,1.0,3245.9711400000006,324.59711400000003,27.328661142891676,29.540292108222776,0.9050248065643676,37.650155299164496,13
HPG,GOOD,EPSILON_GREEDY,Epsilon-Greedy — Battle strategy,48,1,test,1.0,83.86700000000019,8.386700000000019,2.725275381972847,9.63147215121353,0.12066610551981055,20.444601657445464,0
HPG,GOOD,EPSILON_GREEDY,Epsilon-Greedy — Battle strategy,48,2,train,0.95,3245.8756900000008,324.5875690000001,27.32818287723053,29.54153813903599,0.9049862327209593,37.65070511636581,13
HPG,GOOD,EPSILON_GREEDY,Epsilon-Greedy — Battle strategy,48,2,test,0.95,83.86700000000019,8.386700000000019,2.725275381972847,9.63147215121353,0.12066610551981055,20.444601657445464,0
HPG,GOOD,EPSILON_GREEDY,Epsilon-Greedy — Battle strategy,48,3,train,0.9025,3245.709390000001,324.57093900000007,27.327349586277517,29.543020896590928,0.9049331605423854,37.65166308663598,13
HPG,GOOD,EPSILON_GREEDY,Epsilon-Greedy — Battle strategy,48,3,test,0.9025,98.10323000000017,9.810323000000016,3.173792407682563,9.565589687465021,0.166555938280322,20.2283636366338,0
HPG,GOOD,EPSILON_GREEDY,Epsilon-Greedy — Battle strategy,48,4,train,0.8573749999999999,3238.0468200000014,323.8046820000001,27.288924697806994,29.533150531746223,0.9041053251434206,37.64849097433623,13
HPG,GOOD,EPSILON_GREEDY,Epsilon-Greedy — Battle strategy,48,4,test,0.8573749999999999,95.25339000000008,9.525339000000008,3.0843187103577696,9.667469596033696,0.1568096395168956,20.567134182706774,0
HPG,GOOD,EPSILON_GREEDY,Epsilon-Greedy — Battle strategy,48,5,train,0.8145062499999999,3238.0468200000014,323.8046820000001,27.288924697806994,29.533150531746223,0.9041053251434206,37.64849097433623,13
HPG,GOOD,EPSILON_GREEDY,Epsilon-Greedy — Battle strategy,48,5,test,0.8145062499999999,95.25339000000008,9.525339000000008,3.0843187103577696,9.667469596033696,0.1568096395168956,20.567134182706774,0
HPG,GOOD,EPSILON_GREEDY,Epsilon-Greedy — Battle strategy,48,6,train,0.7737809374999998,3238.1336200000005,323.81336200000004,27.289360290870455,29.532739707732812,0.9041255179358427,37.647990072712325,13
HPG,GOOD,EPSILON_GREEDY,Epsilon-Greedy — Battle strategy,48,6,test,0.7737809374999998,95.96483000000012,9.596483000000013,3.1066696221895285,9.641260074689061,0.15922985221124167,20.481701291177032,0
HPG,GOOD,EPSILON_GREEDY,Epsilon-Greedy — Battle strategy,48,7,train,0.7350918906249998,3238.527290000001,323.85272900000007,27.291335772732683,29.529362282185318,0.9042483851845359,37.64571846648158,13
HPG,GOOD,EPSILON_GREEDY,Epsilon-Greedy — Battle strategy,48,7,test,0.7350918906249998,96.76137000000017,9.676137000000017,3.131682607821573,9.600001667413196,0.1620361737569559,20.359229424432662,0
HPG,GOOD,EPSILON_GREEDY,Epsilon-Greedy — Battle strategy,48,8,train,0.6983372960937497,3246.4567000000006,324.64567000000005,27.331093970983478,29.541139670626098,0.9050727421251835,37.64735859396664,13
HPG,GOOD,EPSILON_GREEDY,Epsilon-Greedy — Battle strategy,48,8,test,0.6983372960937497,95.39738000000011,9.539738000000012,3.0888431439437314,9.666295047054756,0.15727276672819734,20.564937718665117,0
HPG,GOOD,EPSILON_GREEDY,Epsilon-Greedy — Battle strategy,48,9,train,0.6634204312890623,3278.3487600000008,327.8348760000001,27.490379438504608,29.564999100188555,0.9088509357859705,37.65286040124423,13
HPG,GOOD,EPSILON_GREEDY,Epsilon-Greedy — Battle strategy,48,9,test,0.6634204312890623,98.35613000000012,9.835613000000013,3.181724991082091,9.83083186945019,0.16546664589607166,20.76545116340749,0
HPG,GOOD,EPSILON_GREEDY,Epsilon-Greedy — Battle strategy,48,10,train,0.6302494097246091,3271.068330000001,327.1068330000001,27.45410453093269,29.55871621179592,0.9080094089146836,37.647526472259315,13
HPG,GOOD,EPSILON_GREEDY,Epsilon-Greedy — Battle strategy,48,10,test,0.6302494097246091,99.36691999999994,9.936691999999994,3.213417773998528,9.858106985390574,0.16840762875204612,20.95467035084729,0
HPG,GOOD,EPSILON_GREEDY,Epsilon-Greedy — Battle strategy,48,11,train,0.5987369392383787,3271.8631000000014,327.18631000000016,27.45806699362152,29.553583017945417,0.9082221179177485,37.64297605137499,13
HPG,GOOD,EPSILON_GREEDY,Epsilon-Greedy — Battle strategy,48,11,test,0.5987369392383787,86.94256000000019,8.694256000000019,2.8225027268058867,9.589489212197847,0.13067733945812748,20.098646831352653,0
HPG,GOOD,EPSILON_GREEDY,Epsilon-Greedy — Battle strategy,48,12,train,0.5688000922764597,3253.208450000001,325.32084500000013,27.364898649022408,29.543386614338413,0.9059350911360555,37.65610338712917,13
HPG,GOOD,EPSILON_GREEDY,Epsilon-Greedy — Battle strategy,48,12,test,0.5688000922764597,90.96528000000035,9.096528000000035,2.9493963253312216,9.479224436589128,0.14413800191118076,19.672653000733913,0
HPG,GOOD,EPSILON_GREEDY,Epsilon-Greedy — Battle strategy,48,13,train,0.5403600876626367,3253.8813900000014,325.38813900000014,27.368265476652653,29.546051265523225,0.9059690691311688,37.65223384594215,13
HPG,GOOD,EPSILON_GREEDY,Epsilon-Greedy — Battle strategy,48,13,test,0.5403600876626367,90.96528000000035,9.096528000000035,2.9493963253312216,9.479224436589128,0.14413800191118076,19.672653000733913,0
HPG,GOOD,EPSILON_GREEDY,Epsilon-Greedy — Battle strategy,48,14,train,0.5133420832795048,3253.7159500000007,325.37159500000007,27.36743779470927,29.547515938354223,0.9059165298541499,37.653185085697636,13
HPG,GOOD,EPSILON_GREEDY,Epsilon-Greedy — Battle strategy,48,14,test,0.5133420832795048,88.64823000000024,8.864823000000024,2.876344907317141,9.50374313822512,0.13651644954735437,19.81023337201167,0
HPG,GOOD,EPSILON_GREEDY,Epsilon-Greedy — Battle strategy,48,15,train,0.48767497911552954,3246.652470000001,324.6652470000001,27.332074782688398,29.543120078440342,0.9050576995597756,37.64519292135351,13
HPG,GOOD,EPSILON_GREEDY,Epsilon-Greedy — Battle strategy,48,15,test,0.48767497911552954,87.69399999999996,8.769399999999997,2.8462300537402285,9.53733327040911,0.13329101754325506,19.915675982554323,0
HPG,GOOD,EPSILON_GREEDY,Epsilon-Greedy — Battle strategy,48,16,train,0.46329123015975304,3246.647710000001,324.66477100000014,27.332050935437735,29.543455569275668,0.9050501699122312,37.64522033381506,13
HPG,GOOD,EPSILON_GREEDY,Epsilon-Greedy — Battle strategy,48,16,test,0.46329123015975304,89.17252000000008,8.917252000000007,2.892883661123169,9.532038034158282,0.13808825898499008,19.893626411011446,0
HPG,GOOD,EPSILON_GREEDY,Epsilon-Greedy — Battle strategy,48,17,train,0.44012666865176536,3261.199740000001,326.11997400000007,27.40485174853071,29.55333225443565,0.9068002095391524,37.65598956590278,13
HPG,GOOD,EPSILON_GREEDY,Epsilon-Greedy — Battle strategy,48,17,test,0.44012666865176536,93.53815000000031,9.353815000000033,3.030392181601993,9.511778978335922,0.1522744107725049,19.828804570645087,0
HPG,GOOD,EPSILON_GREEDY,Epsilon-Greedy — Battle strategy,48,18,train,0.4181203352191771,3277.8000200000015,327.7800020000002,27.487647121315817,29.564719670318457,0.9087832719867401,37.6549673486177,13
HPG,GOOD,EPSILON_GREEDY,Epsilon-Greedy — Battle strategy,48,18,test,0.4181203352191771,93.81316000000015,9.381316000000016,3.0390421880092333,9.509569615317126,0.15317396101019476,19.824735302044544,0
HPG,GOOD,EPSILON_GREEDY,Epsilon-Greedy — Battle strategy,48,19,train,0.3972143184582182,3274.3614700000007,327.43614700000006,27.47051904981468,29.554516548009897,0.9085360730094636,37.62764688147171,13
HPG,GOOD,EPSILON_GREEDY,Epsilon-Greedy — Battle strategy,48,19,test,0.3972143184582182,93.19209000000023,9.319209000000024,3.019505350098095,9.556281615914902,0.15090048143790524,19.97408448378988,0
HPG,GOOD,EPSILON_GREEDY,Epsilon-Greedy — Battle strategy,48,20,train,0.37735360253530725,3273.2593000000015,327.32593000000014,27.46502650255278,29.555311532870824,0.9083724484964423,37.633952740849466,13
HPG,GOOD,EPSILON_GREEDY,Epsilon-Greedy — Battle strategy,48,20,test,0.37735360253530725,93.19209000000023,9.319209000000024,3.019505350098095,9.556281615914902,0.15090048143790524,19.97408448378988,0
HPG,GOOD,EPSILON_GREEDY,Epsilon-Greedy — Battle strategy,48,21,train,0.3584859224085419,3314.2606800000003,331.42606800000004,27.668562686299758,29.582852602584996,0.9132486042179652,37.63561519174423,13
HPG,GOOD,EPSILON_GREEDY,Epsilon-Greedy — Battle strategy,48,21,test,0.3584859224085419,84.2170799999999,8.42170799999999,2.7363516844919555,9.62870947065588,0.1217929824479379,20.158164009121208,0
HPG,GOOD,EPSILON_GREEDY,Epsilon-Greedy — Battle strategy,48,22,train,0.3405616262881148,3318.6598400000003,331.865984,27.690304865078886,29.589096858541442,0.9136990942669725,37.65553981420428,13
HPG,GOOD,EPSILON_GREEDY,Epsilon-Greedy — Battle strategy,48,22,test,0.3405616262881148,108.79691999999977,10.879691999999977,3.508159387851295,9.440154925546246,0.2019044992543611,18.45905798876104,0
HPG,GOOD,EPSILON_GREEDY,Epsilon-Greedy — Battle strategy,48,23,train,0.323533544973709,3318.5908600000002,331.859086,27.68996408431532,29.588674773771324,0.9136988312703199,37.65633801694997,13
HPG,GOOD,EPSILON_GREEDY,Epsilon-Greedy — Battle strategy,48,23,test,0.323533544973709,108.79691999999977,10.879691999999977,3.508159387851295,9.440154925546246,0.2019044992543611,18.45905798876104,0
HPG,GOOD,EPSILON_GREEDY,Epsilon-Greedy — Battle strategy,48,24,train,0.3073568677250236,3290.305480000001,329.0305480000001,27.549842663485524,29.564604697800828,0.9104518291124438,37.63280589887912,13
HPG,GOOD,EPSILON_GREEDY,Epsilon-Greedy — Battle strategy,48,24,test,0.3073568677250236,108.41729999999961,10.841729999999963,3.496326408880379,9.440567176404548,0.20068398968888712,18.464311616940407,0
HPG,GOOD,EPSILON_GREEDY,Epsilon-Greedy — Battle strategy,48,25,train,0.2919890243387724,3290.350620000001,329.0350620000001,27.55006689230475,29.56446267541302,0.9104608035204984,37.632548628223574,13
HPG,GOOD,EPSILON_GREEDY,Epsilon-Greedy — Battle strategy,48,25,test,0.2919890243387724,105.2213399999996,10.522133999999959,3.3965992561479252,9.469120702591473,0.19014292875050745,18.508659921838394,0
HPG,GOOD,EPSILON_GREEDY,Epsilon-Greedy — Battle strategy,48,26,train,0.27738957312183377,3290.350620000001,329.0350620000001,27.55006689230475,29.56446267541302,0.9104608035204984,37.632548628223574,13
HPG,GOOD,EPSILON_GREEDY,Epsilon-Greedy — Battle strategy,48,26,test,0.27738957312183377,106.47358999999983,10.647358999999982,3.4356974878855695,9.42976715912339,0.194566526750803,18.454821793973316,0
HPG,GOOD,EPSILON_GREEDY,Epsilon-Greedy — Battle strategy,48,27,train,0.26352009446574204,3289.2701800000013,328.92701800000015,27.544699366038138,29.56310831149137,0.9103452515141489,37.63870744739556,13
HPG,GOOD,EPSILON_GREEDY,Epsilon-Greedy — Battle strategy,48,27,test,0.26352009446574204,106.84559999999988,10.684559999999987,3.447306848067444,9.426608482065534,0.19579509789974162,18.44966140626761,0
HPG,GOOD,EPSILON_GREEDY,Epsilon-Greedy — Battle strategy,48,28,train,0.2503440897424549,3288.7702500000014,328.8770250000002,27.542215378809654,29.565061227173768,0.9102386453692969,37.64155787460787,13
HPG,GOOD,EPSILON_GREEDY,Epsilon-Greedy — Battle strategy,48,28,test,0.2503440897424549,98.6358700000003,9.86358700000003,3.190498033760991,9.273363826620175,0.17058039491596877,17.569953929823548,0
HPG,GOOD,EPSILON_GREEDY,Epsilon-Greedy — Battle strategy,48,29,train,0.23782688525533216,3280.783190000001,328.0783190000001,27.502497571011375,29.561408071233846,0.9092504686585937,37.640252277185354,13
HPG,GOOD,EPSILON_GREEDY,Epsilon-Greedy — Battle strategy,48,29,test,0.23782688525533216,98.6358700000003,9.86358700000003,3.190498033760991,9.273363826620175,0.17058039491596877,17.569953929823548,0
HPG,GOOD,EPSILON_GREEDY,Epsilon-Greedy — Battle strategy,48,30,train,0.22593554099256555,3281.900880000001,328.1900880000001,27.508059298092014,29.559827825561964,0.9094320794803565,37.633868408387336,13
HPG,GOOD,EPSILON_GREEDY,Epsilon-Greedy — Battle strategy,48,30,test,0.22593554099256555,98.6358700000003,9.86358700000003,3.190498033760991,9.273363826620175,0.17058039491596877,17.569953929823548,0
HPG,GOOD,EPSILON_GREEDY,Epsilon-Greedy — Battle strategy,48,31,train,0.21463876394293727,3282.176770000001,328.2176770000001,27.50943196574309,29.56148357631922,0.9094343200305116,37.62828622728428,13
HPG,GOOD,EPSILON_GREEDY,Epsilon-Greedy — Battle strategy,48,31,test,0.21463876394293727,101.4224700000002,10.14224700000002,3.2778086272496676,9.271199604561232,0.17975580715108197,17.532792262426447,0
HPG,GOOD,EPSILON_GREEDY,Epsilon-Greedy — Battle strategy,48,32,train,0.2039068257457904,3259.140010000001,325.9140010000001,27.39455993573412,29.53341314773688,0.9069383729743117,37.61896519317862,13
HPG,GOOD,EPSILON_GREEDY,Epsilon-Greedy — Battle strategy,48,32,test,0.2039068257457904,112.33428000000026,11.233428000000027,3.6182914675325195,9.426314834561495,0.21338492746610346,17.837634566596066,0
HPG,GOOD,EPSILON_GREEDY,Epsilon-Greedy — Battle strategy,48,33,train,0.19371148445850087,3264.326790000001,326.4326790000001,27.420468700701583,29.540667619301814,0.9074830782762299,37.636369278557375,13
HPG,GOOD,EPSILON_GREEDY,Epsilon-Greedy — Battle strategy,48,33,test,0.19371148445850087,112.33428000000026,11.233428000000027,3.6182914675325195,9.426314834561495,0.21338492746610346,17.837634566596066,0
HPG,GOOD,EPSILON_GREEDY,Epsilon-Greedy — Battle strategy,48,34,train,0.18402591023557582,3264.597700000001,326.4597700000001,27.42182121645673,29.540223738862615,0.9075285165528761,37.63481582436249,13
HPG,GOOD,EPSILON_GREEDY,Epsilon-Greedy — Battle strategy,48,34,test,0.18402591023557582,107.07944000000043,10.707944000000042,3.454602990333555,9.419014119568999,0.1966276495491476,17.837634566596066,0
HPG,GOOD,EPSILON_GREEDY,Epsilon-Greedy — Battle strategy,48,35,train,0.174824614723797,3264.7622100000017,326.4762210000002,27.422642496239803,29.540020850279653,0.907554742241911,37.633872552440785,13
HPG,GOOD,EPSILON_GREEDY,Epsilon-Greedy — Battle strategy,48,35,test,0.174824614723797,108.39812000000052,10.839812000000052,3.495728485345939,9.41970860283819,0.2008556764932253,17.837634566596066,0
HPG,GOOD,EPSILON_GREEDY,Epsilon-Greedy — Battle strategy,48,36,train,0.16608338398760716,3306.2970600000017,330.62970600000017,27.629156692396005,29.53832802975407,0.9131258818195462,37.641072431798904,13
HPG,GOOD,EPSILON_GREEDY,Epsilon-Greedy — Battle strategy,48,36,test,0.16608338398760716,108.5144300000004,10.85144300000004,3.499354265149246,9.445344104526455,0.20093946627091216,17.887005209343968,0
HPG,GOOD,EPSILON_GREEDY,Epsilon-Greedy — Battle strategy,48,37,train,0.1577792147882268,3291.2796500000013,329.12796500000013,27.554681327483486,29.529013880443834,0.9113242958581482,37.63337182070702,13
HPG,GOOD,EPSILON_GREEDY,Epsilon-Greedy — Battle strategy,48,37,test,0.1577792147882268,104.76506000000018,10.476506000000017,3.382345771407258,9.528938492212857,0.18809465225755828,17.937372005048534,0
HPG,GOOD,EPSILON_GREEDY,Epsilon-Greedy — Battle strategy,48,38,train,0.14989025404881545,3291.2936400000017,329.1293640000002,27.554750808598104,29.52879390819788,0.9113309292630623,37.64091020645396,13
HPG,GOOD,EPSILON_GREEDY,Epsilon-Greedy — Battle strategy,48,38,test,0.14989025404881545,100.41083000000026,10.041083000000025,3.246128648388402,9.354810766060409,0.1756925654547583,17.545640458183225,0
HPG,GOOD,EPSILON_GREEDY,Epsilon-Greedy — Battle strategy,48,39,train,0.14239574134637467,3292.1545000000015,329.21545000000015,27.559025893279298,29.524487376233505,0.9115357720228824,37.63113411275022,13
HPG,GOOD,EPSILON_GREEDY,Epsilon-Greedy — Battle strategy,48,39,test,0.14239574134637467,93.40479000000028,9.340479000000029,3.026197031110156,9.28772677784248,0.15325597782061895,17.609968630781232,0
HPG,GOOD,EPSILON_GREEDY,Epsilon-Greedy — Battle strategy,48,40,train,0.13527595427905592,3242.973540000002,324.29735400000015,27.31363696883553,29.482447686668685,0.9058208357082685,37.64058132466527,13
HPG,GOOD,EPSILON_GREEDY,Epsilon-Greedy — Battle strategy,48,40,test,0.13527595427905592,94.32041000000027,9.432041000000027,3.0549931382036766,9.252475541059365,0.15651697963221997,17.50250926161631,0
HPG,GOOD,EPSILON_GREEDY,Epsilon-Greedy — Battle strategy,48,41,train,0.12851215656510312,3242.973540000002,324.29735400000015,27.31363696883553,29.482447686668685,0.9058208357082685,37.64058132466527,13
HPG,GOOD,EPSILON_GREEDY,Epsilon-Greedy — Battle strategy,48,41,test,0.12851215656510312,93.40479000000028,9.340479000000029,3.026197031110156,9.28772677784248,0.15325597782061895,17.609968630781232,0
HPG,GOOD,EPSILON_GREEDY,Epsilon-Greedy — Battle strategy,48,42,train,0.12208654873684796,3243.2058400000014,324.3205840000001,27.314801588117344,29.48198279883024,0.9058621446251243,37.659203719537814,13
HPG,GOOD,EPSILON_GREEDY,Epsilon-Greedy — Battle strategy,48,42,test,0.12208654873684796,93.40479000000028,9.340479000000029,3.026197031110156,9.28772677784248,0.15325597782061895,17.609968630781232,0
HPG,GOOD,EPSILON_GREEDY,Epsilon-Greedy — Battle strategy,48,43,train,0.11598222130000556,3243.2690900000016,324.3269090000001,27.315118678228533,29.485089715691455,0.905806122712281,37.70565611626577,13
HPG,GOOD,EPSILON_GREEDY,Epsilon-Greedy — Battle strategy,48,43,test,0.11598222130000556,64.86597000000006,6.486597000000007,2.1204853314799044,9.16701783070853,0.057355531765272624,17.090733323013914,0
HPG,GOOD,EPSILON_GREEDY,Epsilon-Greedy — Battle strategy,48,44,train,0.11018311023500528,3245.216010000001,324.5216010000001,27.324877212885212,29.49118297940401,0.905942787295444,37.697922453878256,13
HPG,GOOD,EPSILON_GREEDY,Epsilon-Greedy — Battle strategy,48,44,test,0.11018311023500528,64.5674899999999,6.4567489999999905,2.1109277808000204,9.16789029174395,0.05633400593341421,17.094731964373043,0
HPG,GOOD,EPSILON_GREEDY,Epsilon-Greedy — Battle strategy,48,45,train,0.10467395472325501,3243.4423300000017,324.34423300000014,27.315987159112076,29.478387054883715,0.9059692765109134,37.70782929111145,13
HPG,GOOD,EPSILON_GREEDY,Epsilon-Greedy — Battle strategy,48,45,test,0.10467395472325501,65.81206999999995,6.581206999999995,2.150768366236,9.167616461132964,0.06060430504339222,17.094731964373043,0
HPG,GOOD,EPSILON_GREEDY,Epsilon-Greedy — Battle strategy,49,1,train,1.0,1190.004079999997,119.0004079999997,13.994416834342594,21.621667090606735,0.626376356057671,37.247300129855724,3
HPG,GOOD,EPSILON_GREEDY,Epsilon-Greedy — Battle strategy,49,1,test,1.0,581.7182799999994,58.171827999999934,16.542023894702673,13.96013165509775,1.02724298723714,13.992742064235768,4
HPG,GOOD,EPSILON_GREEDY,Epsilon-Greedy — Battle strategy,49,2,train,0.95,1247.5278599999988,124.75278599999989,14.489325369472162,21.904642580943907,0.6410421225751991,37.20788382101475,3
HPG,GOOD,EPSILON_GREEDY,Epsilon-Greedy — Battle strategy,49,2,test,0.95,578.5674799999995,57.856747999999946,16.464464300639502,13.989990383451618,1.0205685427470244,14.017774502636907,4
HPG,GOOD,EPSILON_GREEDY,Epsilon-Greedy — Battle strategy,49,3,train,0.9025,1192.77358,119.277358,14.018491013410394,21.588756841181624,0.62798989624064,37.21828491463846,3
HPG,GOOD,EPSILON_GREEDY,Epsilon-Greedy — Battle strategy,49,3,test,0.9025,578.5674799999995,57.856747999999946,16.464464300639502,13.989990383451618,1.0205685427470244,14.017774502636907,4
HPG,GOOD,EPSILON_GREEDY,Epsilon-Greedy — Battle strategy,49,4,train,0.8573749999999999,1194.0374599999996,119.40374599999997,14.029469012339524,21.594396957058624,0.6283326232725039,37.25068093054291,3
HPG,GOOD,EPSILON_GREEDY,Epsilon-Greedy — Battle strategy,49,4,test,0.8573749999999999,572.4559599999995,57.245595999999956,16.313729585629154,14.035278305938792,1.0084628959296003,14.013251658500527,4
HPG,GOOD,EPSILON_GREEDY,Epsilon-Greedy — Battle strategy,49,5,train,0.8145062499999999,1209.7594399999994,120.97594399999994,14.165590929481109,21.61411381576878,0.6335273570748978,37.23656211925554,3
HPG,GOOD,EPSILON_GREEDY,Epsilon-Greedy — Battle strategy,49,5,test,0.8145062499999999,575.23471,57.523470999999994,16.38231305163107,13.99977404083861,1.014895423859756,13.986104097230118,3
HPG,GOOD,EPSILON_GREEDY,Epsilon-Greedy — Battle strategy,49,6,train,0.7737809374999998,1202.4101600000004,120.24101600000003,14.102061138707711,21.635596162079874,0.6305135995092438,37.18307460788546,4
HPG,GOOD,EPSILON_GREEDY,Epsilon-Greedy — Battle strategy,49,6,test,0.7737809374999998,578.9339699999996,57.89339699999996,16.473491057272938,14.008247249736637,1.019981340195833,13.986104097230118,3
HPG,GOOD,EPSILON_GREEDY,Epsilon-Greedy — Battle strategy,49,7,train,0.7350918906249998,1228.7476300000008,122.87476300000006,14.328920593210913,21.683862942419196,0.638837642868382,37.19304163135962,3
HPG,GOOD,EPSILON_GREEDY,Epsilon-Greedy — Battle strategy,49,7,test,0.7350918906249998,578.7154299999993,57.871542999999924,16.468108520722957,14.010482835504398,1.0195095120138473,13.988235356544918,3
HPG,GOOD,EPSILON_GREEDY,Epsilon-Greedy — Battle strategy,49,8,train,0.6983372960937497,1209.7879499999995,120.97879499999995,14.16583703716987,21.718595708343464,0.63153211582422,37.26759077072919,3
HPG,GOOD,EPSILON_GREEDY,Epsilon-Greedy — Battle strategy,49,8,test,0.6983372960937497,581.3620499999993,58.13620499999993,16.5332601564929,14.088111877148043,1.0186559731606502,14.15943665223682,3
HPG,GOOD,EPSILON_GREEDY,Epsilon-Greedy — Battle strategy,49,9,train,0.6634204312890623,1203.6708499999968,120.36708499999969,14.11297152574036,21.69805961053299,0.6297709131918675,37.33493330789936,3
HPG,GOOD,EPSILON_GREEDY,Epsilon-Greedy — Battle strategy,49,9,test,0.6634204312890623,581.3620499999993,58.13620499999993,16.5332601564929,14.088111877148043,1.0186559731606502,14.15943665223682,3
HPG,GOOD,EPSILON_GREEDY,Epsilon-Greedy — Battle strategy,49,10,train,0.6302494097246091,1202.418279999998,120.2418279999998,14.102131428250297,21.716108822830222,0.6289844286922933,37.33426960052255,3
HPG,GOOD,EPSILON_GREEDY,Epsilon-Greedy — Battle strategy,49,10,test,0.6302494097246091,581.3542899999993,58.13542899999993,16.533069235397278,14.103839534669438,1.0176660698797404,14.15951301810637,4
HPG,GOOD,EPSILON_GREEDY,Epsilon-Greedy — Battle strategy,49,11,train,0.5987369392383787,1221.6637199999973,122.16637199999974,14.268123346229267,21.78368322463878,0.6344484299758806,37.33487333604834,3
HPG,GOOD,EPSILON_GREEDY,Epsilon-Greedy — Battle strategy,49,11,test,0.5987369392383787,607.0506899999996,60.70506899999996,17.161893677993056,14.154123354918077,1.0527209107490043,14.106830111663532,4
HPG,GOOD,EPSILON_GREEDY,Epsilon-Greedy — Battle strategy,49,12,train,0.5688000922764597,1209.7316900000014,120.97316900000014,14.1653513798222,21.772640153083707,0.6304939973482518,37.32141015258194,3
HPG,GOOD,EPSILON_GREEDY,Epsilon-Greedy — Battle strategy,49,12,test,0.5688000922764597,604.6144399999994,60.46144399999994,17.102564138764322,14.184207465200064,1.0472004804310648,14.13030727754496,4
HPG,GOOD,EPSILON_GREEDY,Epsilon-Greedy — Battle strategy,49,13,train,0.5403600876626367,1271.9252599999977,127.19252599999977,14.696048335152256,22.000432840570078,0.6474823694665982,37.34017726518161,3
HPG,GOOD,EPSILON_GREEDY,Epsilon-Greedy — Battle strategy,49,13,test,0.5403600876626367,604.0450099999994,60.40450099999993,17.088688266481288,14.190220012317017,1.0459777552091125,14.135805917682372,4
HPG,GOOD,EPSILON_GREEDY,Epsilon-Greedy — Battle strategy,49,14,train,0.5133420832795048,1284.6460799999963,128.46460799999963,14.803101417880171,21.96888279209123,0.6523846678239003,37.36604340111998,3
HPG,GOOD,EPSILON_GREEDY,Epsilon-Greedy — Battle strategy,49,14,test,0.5133420832795048,603.574959999999,60.3574959999999,17.077231613923495,14.183801938221457,1.045700913944959,14.07469911986764,4
HPG,GOOD,EPSILON_GREEDY,Epsilon-Greedy — Battle strategy,49,15,train,0.48767497911552954,1279.9386599999957,127.99386599999958,14.763543750135288,21.96682453409742,0.6508421110008089,37.358906814424245,3
HPG,GOOD,EPSILON_GREEDY,Epsilon-Greedy — Battle strategy,49,15,test,0.48767497911552954,601.1387099999988,60.11387099999988,17.017816378404827,14.21388142617141,1.040200065879351,14.098069371526126,4
HPG,GOOD,EPSILON_GREEDY,Epsilon-Greedy — Battle strategy,49,16,train,0.46329123015975304,1272.9576399999964,127.29576399999965,14.704755001323356,22.116993342033503,0.6455902348067363,37.35913140394197,3
HPG,GOOD,EPSILON_GREEDY,Epsilon-Greedy — Battle strategy,49,16,test,0.46329123015975304,601.1387099999988,60.11387099999988,17.017816378404827,14.21388142617141,1.040200065879351,14.098069371526126,4
HPG,GOOD,EPSILON_GREEDY,Epsilon-Greedy — Battle strategy,49,17,train,0.44012666865176536,1304.5134699999958,130.45134699999957,14.969308009275316,22.28306133660347,0.6528694622066873,37.3774307880452,3
HPG,GOOD,EPSILON_GREEDY,Epsilon-Greedy — Battle strategy,49,17,test,0.44012666865176536,601.7292999999991,60.1729299999999,17.032225207061337,14.2169435470146,1.0408759718782015,14.098069371526126,4
HPG,GOOD,EPSILON_GREEDY,Epsilon-Greedy — Battle strategy,49,18,train,0.4181203352191771,1313.1864099999975,131.31864099999976,15.041490095006882,22.276655540785306,0.6558369789657003,37.33629734823701,3
HPG,GOOD,EPSILON_GREEDY,Epsilon-Greedy — Battle strategy,49,18,test,0.4181203352191771,604.075959999999,60.4075959999999,17.089442540511413,14.196608159992405,1.0456237078299537,14.072583536818046,4
HPG,GOOD,EPSILON_GREEDY,Epsilon-Greedy — Battle strategy,49,19,train,0.3972143184582182,2626.932590000002,262.69325900000024,24.01985385173717,26.207851923923563,0.8831956826811136,37.39125257185114,5
HPG,GOOD,EPSILON_GREEDY,Epsilon-Greedy — Battle strategy,49,19,test,0.3972143184582182,614.988879999999,61.498887999999894,17.354796268087313,14.184045667342223,1.0624617556857863,14.112132243416099,4
HPG,GOOD,EPSILON_GREEDY,Epsilon-Greedy — Battle strategy,49,20,train,0.37735360253530725,1303.8265999999953,130.38265999999953,14.963581747526323,22.242229987211363,0.6534337450151028,37.34314081697393,3
HPG,GOOD,EPSILON_GREEDY,Epsilon-Greedy — Battle strategy,49,20,test,0.37735360253530725,614.988879999999,61.498887999999894,17.354796268087313,14.184045667342223,1.0624617556857863,14.112132243416099,4
HPG,GOOD,EPSILON_GREEDY,Epsilon-Greedy — Battle strategy,49,21,train,0.3584859224085419,2733.295750000002,273.3295750000002,24.620253716855146,26.462694828636845,0.8956425519718594,37.35003399156175,5
HPG,GOOD,EPSILON_GREEDY,Epsilon-Greedy — Battle strategy,49,21,test,0.3584859224085419,615.1587099999992,61.51587099999992,17.35891632684041,14.182233887400214,1.0628281022632164,14.110521630445024,4
HPG,GOOD,EPSILON_GREEDY,Epsilon-Greedy — Battle strategy,49,22,train,0.3405616262881148,2739.1288600000016,273.9128860000001,24.652766492911592,26.490730512396375,0.895967560242946,37.412544121496346,5
HPG,GOOD,EPSILON_GREEDY,Epsilon-Greedy — Battle strategy,49,22,test,0.3405616262881148,625.7780799999996,62.577807999999955,17.615970064974395,14.215583388068223,1.0761190647423802,14.1115637497968,4
HPG,GOOD,EPSILON_GREEDY,Epsilon-Greedy — Battle strategy,49,23,train,0.323533544973709,2741.3499600000014,274.1349960000001,24.66513542649169,26.49371626093111,0.8962742434483194,37.413124419720226,5
HPG,GOOD,EPSILON_GREEDY,Epsilon-Greedy — Battle strategy,49,23,test,0.323533544973709,633.9764499999997,63.39764499999997,17.8136567630238,14.284809638371133,1.083407503149391,14.246969872777631,4
HPG,GOOD,EPSILON_GREEDY,Epsilon-Greedy — Battle strategy,49,24,train,0.3073568677250236,2681.625450000002,268.16254500000014,24.330389506432493,26.44025852766268,0.8872789852828386,37.381195355893794,5
HPG,GOOD,EPSILON_GREEDY,Epsilon-Greedy — Battle strategy,49,24,test,0.3073568677250236,648.2148699999996,64.82148699999996,18.15542234774321,14.358133500139097,1.0988555173473338,14.220512184344669,4
HPG,GOOD,EPSILON_GREEDY,Epsilon-Greedy — Battle strategy,49,25,train,0.2919890243387724,2681.2762900000016,268.1276290000002,24.328419265233613,26.446366648088176,0.887073763477756,37.39612019266998,5
HPG,GOOD,EPSILON_GREEDY,Epsilon-Greedy — Battle strategy,49,25,test,0.2919890243387724,655.1918399999997,65.51918399999998,18.322173286080258,14.328824601418047,1.1106928170421542,14.154607662988102,4
HPG,GOOD,EPSILON_GREEDY,Epsilon-Greedy — Battle strategy,49,26,train,0.27738957312183377,2730.9450000000015,273.09450000000015,24.607139068164496,26.45664750664914,0.8953828141561142,37.40928248280564,5
HPG,GOOD,EPSILON_GREEDY,Epsilon-Greedy — Battle strategy,49,26,test,0.27738957312183377,647.2688199999996,64.72688199999995,18.13277539017111,14.391409653154467,1.0953045914271256,14.154607662988102,4
HPG,GOOD,EPSILON_GREEDY,Epsilon-Greedy — Battle strategy,49,27,train,0.26352009446574204,2738.186520000002,273.8186520000002,24.647516910368328,26.49511737337965,0.8957026626818555,37.40928248280564,5
HPG,GOOD,EPSILON_GREEDY,Epsilon-Greedy — Battle strategy,49,27,test,0.26352009446574204,648.0582399999992,64.80582399999992,18.15167346871922,14.383168413584757,1.09696730835519,14.147189243221678,4
HPG,GOOD,EPSILON_GREEDY,Epsilon-Greedy — Battle strategy,49,28,train,0.2503440897424549,2745.1573400000025,274.5157340000003,24.68632386680931,26.501201475295638,0.8967472276981572,37.42266007529412,5
HPG,GOOD,EPSILON_GREEDY,Epsilon-Greedy — Battle strategy,49,28,test,0.2503440897424549,642.8523599999992,64.28523599999993,18.026937456116897,14.384731067909232,1.089488239891624,14.147189243221678,4
HPG,GOOD,EPSILON_GREEDY,Epsilon-Greedy — Battle strategy,49,29,train,0.23782688525533216,2851.7779200000014,285.1777920000001,25.27251453569224,26.705924822746486,0.9096252477590799,37.4077986077894,5
HPG,GOOD,EPSILON_GREEDY,Epsilon-Greedy — Battle strategy,49,29,test,0.23782688525533216,643.1482599999997,64.31482599999997,18.034034449799364,14.390217551830384,1.0895464656359255,14.14958141694576,4
HPG,GOOD,EPSILON_GREEDY,Epsilon-Greedy — Battle strategy,49,30,train,0.22593554099256555,2869.293300000001,286.9293300000001,25.367516641624043,26.734533050364096,0.9117991161793902,37.3898886033072,5
HPG,GOOD,EPSILON_GREEDY,Epsilon-Greedy — Battle strategy,49,30,test,0.22593554099256555,643.0952699999996,64.30952699999996,18.032763577284115,14.390676107141779,1.0894411482919737,14.150079304953206,4
HPG,GOOD,EPSILON_GREEDY,Epsilon-Greedy — Battle strategy,49,31,train,0.21463876394293727,2875.5877200000014,287.55877200000015,25.401569621777288,26.7247707342482,0.9130593806378876,37.40569399375176,5
HPG,GOOD,EPSILON_GREEDY,Epsilon-Greedy — Battle strategy,49,31,test,0.21463876394293727,643.0952699999996,64.30952699999996,18.032763577284115,14.390676107141779,1.0894411482919737,14.150079304953206,4
HPG,GOOD,EPSILON_GREEDY,Epsilon-Greedy — Battle strategy,49,32,train,0.2039068257457904,2867.641010000002,286.7641010000002,25.35857006345934,26.6988137370607,0.9123929367028767,37.40569399375176,5
HPG,GOOD,EPSILON_GREEDY,Epsilon-Greedy — Battle strategy,49,32,test,0.2039068257457904,643.0952699999996,64.30952699999996,18.032763577284115,14.390676107141779,1.0894411482919737,14.150079304953206,4
HPG,GOOD,EPSILON_GREEDY,Epsilon-Greedy — Battle strategy,49,33,train,0.19371148445850087,2850.389900000001,285.0389900000001,25.2649706424787,26.673178051533515,0.9101896229618852,37.38543760055593,5
HPG,GOOD,EPSILON_GREEDY,Epsilon-Greedy — Battle strategy,49,33,test,0.19371148445850087,643.0952699999996,64.30952699999996,18.032763577284115,14.390676107141779,1.0894411482919737,14.150079304953206,4
HPG,GOOD,EPSILON_GREEDY,Epsilon-Greedy — Battle strategy,49,34,train,0.18402591023557582,2849.949730000002,284.99497300000024,25.262577844047506,26.666164851639735,0.9102862476681235,37.38543760055593,5
HPG,GOOD,EPSILON_GREEDY,Epsilon-Greedy — Battle strategy,49,34,test,0.18402591023557582,643.18787,64.318787,18.03498440857394,14.389223847558426,1.0896679788629355,14.149209268778499,4
HPG,GOOD,EPSILON_GREEDY,Epsilon-Greedy — Battle strategy,49,35,train,0.174824614723797,2906.8979900000018,290.68979900000016,25.5702776823453,26.818890814330736,0.915855864714985,37.426701774611345,5
HPG,GOOD,EPSILON_GREEDY,Epsilon-Greedy — Battle strategy,49,35,test,0.174824614723797,643.18787,64.318787,18.03498440857394,14.389223847558426,1.0896679788629355,14.149209268778499,4
HPG,GOOD,EPSILON_GREEDY,Epsilon-Greedy — Battle strategy,49,36,train,0.16608338398760716,2909.5434400000017,290.95434400000016,25.584480416988264,26.832643918055215,0.9159489659872192,37.48870800172671,5
HPG,GOOD,EPSILON_GREEDY,Epsilon-Greedy — Battle strategy,49,36,test,0.16608338398760716,647.2459099999992,64.72459099999992,18.132226853163736,14.541531359218753,1.0854770802266647,14.70615677912776,4
HPG,GOOD,EPSILON_GREEDY,Epsilon-Greedy — Battle strategy,49,37,train,0.1577792147882268,2913.725220000002,291.37252200000023,25.60691498969261,26.83707417545601,0.916514434911107,37.48870800172671,5
HPG,GOOD,EPSILON_GREEDY,Epsilon-Greedy — Battle strategy,49,37,test,0.1577792147882268,645.6396599999994,64.56396599999994,18.09375553219501,14.545092407897059,1.0829975868334152,14.708173646383052,4
HPG,GOOD,EPSILON_GREEDY,Epsilon-Greedy — Battle strategy,49,38,train,0.14989025404881545,2919.0152000000016,291.9015200000002,25.63526629001536,26.86847400045388,0.9166117787903599,37.51029824797513,5
HPG,GOOD,EPSILON_GREEDY,Epsilon-Greedy — Battle strategy,49,38,test,0.14989025404881545,649.6490299999996,64.96490299999996,18.18973738827687,14.54863226954178,1.0883771027691065,14.708173646383052,4
HPG,GOOD,EPSILON_GREEDY,Epsilon-Greedy — Battle strategy,49,39,train,0.14239574134637467,2918.9063800000013,291.89063800000014,25.634683397568935,26.882709884475148,0.9162572786953823,37.51029824797513,5
HPG,GOOD,EPSILON_GREEDY,Epsilon-Greedy — Battle strategy,49,39,test,0.14239574134637467,649.6490299999996,64.96490299999996,18.18973738827687,14.54863226954178,1.0883771027691065,14.708173646383052,4
HPG,GOOD,EPSILON_GREEDY,Epsilon-Greedy — Battle strategy,49,40,train,0.13527595427905592,2934.1321300000013,293.41321300000016,25.71610915786502,26.88476073222227,0.9186401560027704,37.47632391952078,5
HPG,GOOD,EPSILON_GREEDY,Epsilon-Greedy — Battle strategy,49,40,test,0.13527595427905592,656.4002999999993,65.64002999999994,18.351008116732537,14.688635858903831,1.0887107745990328,14.811671750526525,4
HPG,GOOD,EPSILON_GREEDY,Epsilon-Greedy — Battle strategy,49,41,train,0.12851215656510312,2950.3124400000015,295.0312440000002,25.80235263575752,26.871152335003895,0.9215510909654244,37.55462317635324,6
HPG,GOOD,EPSILON_GREEDY,Epsilon-Greedy — Battle strategy,49,41,test,0.12851215656510312,659.7725699999992,65.97725699999992,18.43139915620915,14.66619214592703,1.094804301332105,14.77880723748417,4
HPG,GOOD,EPSILON_GREEDY,Epsilon-Greedy — Battle strategy,49,42,train,0.12208654873684796,2977.4172900000012,297.74172900000013,25.94616850559539,26.87289355561942,0.9258002992055244,37.52266463768502,7
HPG,GOOD,EPSILON_GREEDY,Epsilon-Greedy — Battle strategy,49,42,test,0.12208654873684796,670.1629199999993,67.01629199999994,18.67841114648783,14.70098415466487,1.1067961721891837,14.787447783894628,4
HPG,GOOD,EPSILON_GREEDY,Epsilon-Greedy — Battle strategy,49,43,train,0.11598222130000556,2982.048170000001,298.2048170000001,25.970657836291466,26.863679322892985,0.9267560784131823,37.52266463768502,7
HPG,GOOD,EPSILON_GREEDY,Epsilon-Greedy — Battle strategy,49,43,test,0.11598222130000556,655.2815999999993,65.52815999999993,18.324315514141244,14.738448716747875,1.0839833487125783,14.738772979588294,4
HPG,GOOD,EPSILON_GREEDY,Epsilon-Greedy — Battle strategy,49,44,train,0.11018311023500528,3013.2985400000016,301.3298540000001,26.135300805573223,26.902354855678084,0.9307119948348378,37.530708053701964,6
HPG,GOOD,EPSILON_GREEDY,Epsilon-Greedy — Battle strategy,49,44,test,0.11018311023500528,641.3785299999995,64.13785299999995,17.9915757907825,14.821090065949132,1.0596798268398584,14.755811139912298,4
HPG,GOOD,EPSILON_GREEDY,Epsilon-Greedy — Battle strategy,49,45,train,0.10467395472325501,3035.25679,303.525679,26.250350525686027,26.8867102555162,0.934520724560705,37.530708053701964,6
HPG,GOOD,EPSILON_GREEDY,Epsilon-Greedy — Battle strategy,49,45,test,0.10467395472325501,645.6175799999996,64.56175799999995,18.09322651949159,14.80735680932577,1.0663661213210274,14.714257773162656,4
HPG,GOOD,EPSILON_GREEDY,Epsilon-Greedy — Battle strategy,50,1,train,1.0,138.4166199999995,13.841661999999952,2.189705367299344,3.421319578721889,0.07119651106552602,4.430854697920801,0
HPG,GOOD,EPSILON_GREEDY,Epsilon-Greedy — Battle strategy,50,1,test,1.0,0.0,0.0,0.0,0.0,0.0,0.0,0
HPG,GOOD,EPSILON_GREEDY,Epsilon-Greedy — Battle strategy,50,2,train,0.95,142.24429999999893,14.224429999999893,2.2470343601060927,3.5315825241807826,0.08607822667957012,4.702002224361325,0
HPG,GOOD,EPSILON_GREEDY,Epsilon-Greedy — Battle strategy,50,2,test,0.95,0.0,0.0,0.0,0.0,0.0,0.0,0
HPG,GOOD,EPSILON_GREEDY,Epsilon-Greedy — Battle strategy,50,3,train,0.9025,171.93641999999932,17.193641999999933,2.686393814147947,4.013643941342659,0.18803761068018154,5.267062843467859,0
HPG,GOOD,EPSILON_GREEDY,Epsilon-Greedy — Battle strategy,50,3,test,0.9025,-0.20999000000006163,-0.020999000000006162,-0.007011353975816537,0.04687334527267955,-42.818080035231766,0.06848745407694899,0
HPG,GOOD,EPSILON_GREEDY,Epsilon-Greedy — Battle strategy,50,4,train,0.8573749999999999,174.10538999999926,17.410538999999925,2.718123660976679,4.0177942506030115,0.1956431595213996,5.267062843467859,0
HPG,GOOD,EPSILON_GREEDY,Epsilon-Greedy — Battle strategy,50,4,test,0.8573749999999999,-0.20999000000006163,-0.020999000000006162,-0.007011353975816537,0.04687334527267955,-42.818080035231766,0.06848745407694899,0
HPG,GOOD,EPSILON_GREEDY,Epsilon-Greedy — Battle strategy,50,5,train,0.8145062499999999,193.31399999999917,19.331399999999917,2.997015833023675,4.417551092490165,0.2436670164340213,5.87982439125477,0
HPG,GOOD,EPSILON_GREEDY,Epsilon-Greedy — Battle strategy,50,5,test,0.8145062499999999,-0.041720000000054824,-0.004172000000005483,-0.0013929105802890085,0.08549145874993602,-23.41007603361523,0.10191628103398837,0
HPG,GOOD,EPSILON_GREEDY,Epsilon-Greedy — Battle strategy,50,6,train,0.7737809374999998,215.6656899999998,21.566568999999983,3.3168743190884253,4.555518122438354,0.30631601324102226,5.993576030564046,0
HPG,GOOD,EPSILON_GREEDY,Epsilon-Greedy — Battle strategy,50,6,test,0.7737809374999998,-0.20160999999995965,-0.020160999999995967,-0.006731535449566728,0.08590594653132685,-23.35949887539112,0.11788965204884308,0
HPG,GOOD,EPSILON_GREEDY,Epsilon-Greedy — Battle strategy,50,7,train,0.7350918906249998,229.72697000000085,22.972697000000082,3.5155934529673916,4.814324570614932,0.33262935565928226,6.221321205111438,0
HPG,GOOD,EPSILON_GREEDY,Epsilon-Greedy — Battle strategy,50,7,test,0.7350918906249998,0.4456300000001647,0.04456300000001647,0.014875887107668184,0.11713917339120057,-16.945666766354428,0.11781347299321811,0
HPG,GOOD,EPSILON_GREEDY,Epsilon-Greedy — Battle strategy,50,8,train,0.6983372960937497,240.0760100000009,24.00760100000009,3.6606442886396584,5.094419477062029,0.3447877393054295,6.512376054698662,0
HPG,GOOD,EPSILON_GREEDY,Epsilon-Greedy — Battle strategy,50,8,test,0.6983372960937497,1.3947300000002087,0.13947300000002086,0.046543753951122646,0.14322174898843437,-13.637535688657632,0.14528880689240894,0
HPG,GOOD,EPSILON_GREEDY,Epsilon-Greedy — Battle strategy,50,9,train,0.6634204312890623,348.66191999999955,34.866191999999955,5.124753099034596,6.252870016341053,0.5177064362035123,7.54150503206445,0
HPG,GOOD,EPSILON_GREEDY,Epsilon-Greedy — Battle strategy,50,9,test,0.6634204312890623,6.924529999999891,0.6924529999999891,0.23065573825329366,0.30584971193044513,-5.781553239997838,0.14521548915856017,0
HPG,GOOD,EPSILON_GREEDY,Epsilon-Greedy — Battle strategy,50,10,train,0.6302494097246091,368.3159799999994,36.831597999999936,5.379186328470187,6.872036935708374,0.5124557037034181,7.958306456666922,0
HPG,GOOD,EPSILON_GREEDY,Epsilon-Greedy — Battle strategy,50,10,test,0.6302494097246091,9.98065999999983,0.998065999999983,0.33211924504732426,0.35500413085659205,-4.694504713519849,0.17256091720870753,0
HPG,GOOD,EPSILON_GREEDY,Epsilon-Greedy — Battle strategy,50,11,train,0.5987369392383787,478.31527000000256,47.83152700000026,6.749463192826322,7.943868516226038,0.6173840298874463,9.546442566147832,0
HPG,GOOD,EPSILON_GREEDY,Epsilon-Greedy — Battle strategy,50,11,test,0.5987369392383787,9.98065999999983,0.998065999999983,0.33211924504732426,0.35500413085659205,-4.694504713519849,0.17256091720870753,0
HPG,GOOD,EPSILON_GREEDY,Epsilon-Greedy — Battle strategy,50,12,train,0.5688000922764597,478.9728800000021,47.89728800000021,6.7573959958658225,8.252706196242002,0.598218224313363,9.530538449631287,0
HPG,GOOD,EPSILON_GREEDY,Epsilon-Greedy — Battle strategy,50,12,test,0.5688000922764597,16.133010000000013,1.6133010000000014,0.5357586443709872,0.4411119207888843,-3.3159625006597113,0.17254942913952315,0
HPG,GOOD,EPSILON_GREEDY,Epsilon-Greedy — Battle strategy,50,13,train,0.5403600876626367,491.2971500000024,49.12971500000024,6.905523914275391,8.605493140391511,0.5933973844270963,9.714680582776257,0
HPG,GOOD,EPSILON_GREEDY,Epsilon-Greedy — Battle strategy,50,13,test,0.5403600876626367,16.11888999999985,1.611888999999985,0.5352922217459977,0.4585521780789906,-3.190689859932099,0.20400021749154176,0
HPG,GOOD,EPSILON_GREEDY,Epsilon-Greedy — Battle strategy,50,14,train,0.5133420832795048,563.8247200000019,56.38247200000019,7.7571530726456395,9.827394998035837,0.61251656305352,12.034611653098946,0
HPG,GOOD,EPSILON_GREEDY,Epsilon-Greedy — Battle strategy,50,14,test,0.5133420832795048,15.786509999999794,1.5786509999999796,0.5243115444792945,0.46067511504638314,-3.1997639461364917,0.23850521558247995,0
HPG,GOOD,EPSILON_GREEDY,Epsilon-Greedy — Battle strategy,50,15,train,0.48767497911552954,570.3142400000013,57.03142400000013,7.831739770397128,9.947237735541945,0.6133478803051339,12.050655194657772,0
HPG,GOOD,EPSILON_GREEDY,Epsilon-Greedy — Battle strategy,50,15,test,0.48767497911552954,25.87536,2.587536,0.8565516749910129,0.6310443602773467,-1.809581996240762,0.33761504056262764,0
HPG,GOOD,EPSILON_GREEDY,Epsilon-Greedy — Battle strategy,50,16,train,0.46329123015975304,563.1049100000012,56.31049100000012,7.748864127926924,9.817165767040017,0.6122656699334931,12.095381716840256,0
HPG,GOOD,EPSILON_GREEDY,Epsilon-Greedy — Battle strategy,50,16,test,0.46329123015975304,25.7209899999998,2.57209899999998,0.8514844861357007,0.7247022068790683,-1.5818004031969408,0.492527592107413,0
HPG,GOOD,EPSILON_GREEDY,Epsilon-Greedy — Battle strategy,50,17,train,0.44012666865176536,586.8987000000009,58.68987000000009,8.021191843727493,10.294569925834807,0.613263642593884,12.266882390936233,0
HPG,GOOD,EPSILON_GREEDY,Epsilon-Greedy — Battle strategy,50,17,test,0.44012666865176536,25.936859999999797,2.59368599999998,0.8585702684590801,0.726594609171316,-1.567956142183642,0.49242145135518456,0
HPG,GOOD,EPSILON_GREEDY,Epsilon-Greedy — Battle strategy,50,18,train,0.4181203352191771,571.2067100000004,57.12067100000004,7.841977200925121,9.94338896491404,0.614511897831073,11.895488998968657,0
HPG,GOOD,EPSILON_GREEDY,Epsilon-Greedy — Battle strategy,50,18,test,0.4181203352191771,25.7209899999998,2.57209899999998,0.8514844861357007,0.7247022068790683,-1.5818004031969408,0.492527592107413,0
HPG,GOOD,EPSILON_GREEDY,Epsilon-Greedy — Battle strategy,50,19,train,0.3972143184582182,566.9372900000014,56.69372900000015,7.792959214798145,9.85959243438391,0.614243112084534,11.618091660673262,0
HPG,GOOD,EPSILON_GREEDY,Epsilon-Greedy — Battle strategy,50,19,test,0.3972143184582182,28.692369999999755,2.8692369999999756,0.9489308397272911,0.7643351458283751,-1.3725668801930393,0.492527592107413,0
HPG,GOOD,EPSILON_GREEDY,Epsilon-Greedy — Battle strategy,50,20,train,0.37735360253530725,579.19984,57.919984,7.933450266319286,10.227758296741401,0.6085852248093967,12.086613002895719,0
HPG,GOOD,EPSILON_GREEDY,Epsilon-Greedy — Battle strategy,50,20,test,0.37735360253530725,28.938379999999825,2.893837999999983,0.9569903245038258,0.7660870166932664,-1.3589505252073952,0.4924066355093946,0
HPG,GOOD,EPSILON_GREEDY,Epsilon-Greedy — Battle strategy,50,21,train,0.3584859224085419,604.0089700000003,60.40089700000003,8.214929919395342,10.41128189054669,0.6249126721879408,12.531949107514635,0
HPG,GOOD,EPSILON_GREEDY,Epsilon-Greedy — Battle strategy,50,21,test,0.3584859224085419,28.962139999999863,2.8962139999999863,0.9577686531716756,0.8393632161295739,-1.2386934563007352,0.49255977230941594,0
HPG,GOOD,EPSILON_GREEDY,Epsilon-Greedy — Battle strategy,50,22,train,0.3405616262881148,597.7096300000003,59.77096300000003,8.143804157101364,10.469213785278388,0.6156945970057589,12.667223613584358,0
HPG,GOOD,EPSILON_GREEDY,Epsilon-Greedy — Battle strategy,50,22,test,0.3405616262881148,28.962139999999863,2.8962139999999863,0.9577686531716756,0.8393632161295739,-1.2386934563007352,0.49255977230941594,0
HPG,GOOD,EPSILON_GREEDY,Epsilon-Greedy — Battle strategy,50,23,train,0.323533544973709,634.8297800000009,63.48297800000009,8.559609697542792,10.713358540068997,0.6402098168691683,13.102688371875063,0
HPG,GOOD,EPSILON_GREEDY,Epsilon-Greedy — Battle strategy,50,23,test,0.323533544973709,27.710339999999633,2.7710339999999634,0.9167459517537058,0.8417422170999787,-1.2836328662636376,0.5822162382229825,0
HPG,GOOD,EPSILON_GREEDY,Epsilon-Greedy — Battle strategy,50,24,train,0.3073568677250236,630.6062099999995,63.06062099999995,8.512697773371114,10.679162842487234,0.637836407018421,12.941230192675954,0
HPG,GOOD,EPSILON_GREEDY,Epsilon-Greedy — Battle strategy,50,24,test,0.3073568677250236,27.836979999999812,2.783697999999981,0.9208975803348229,0.8416607360315288,-1.2788518635291646,0.5816709216467598,0
HPG,GOOD,EPSILON_GREEDY,Epsilon-Greedy — Battle strategy,50,25,train,0.2919890243387724,610.9732600000002,61.09732600000002,8.293293341612573,10.502912645953167,0.6273249979585943,12.885492297942932,0
HPG,GOOD,EPSILON_GREEDY,Epsilon-Greedy — Battle strategy,50,25,test,0.2919890243387724,27.836979999999812,2.783697999999981,0.9208975803348229,0.8416607360315288,-1.2788518635291646,0.5816709216467598,0
HPG,GOOD,EPSILON_GREEDY,Epsilon-Greedy — Battle strategy,50,26,train,0.27738957312183377,655.18671,65.518671,8.784311813441459,10.886881700979139,0.6508826788520092,13.393007099568777,0
HPG,GOOD,EPSILON_GREEDY,Epsilon-Greedy — Battle strategy,50,26,test,0.27738957312183377,27.836979999999812,2.783697999999981,0.9208975803348229,0.8416607360315288,-1.2788518635291646,0.5816709216467598,0
HPG,GOOD,EPSILON_GREEDY,Epsilon-Greedy — Battle strategy,50,27,train,0.26352009446574204,663.2718,66.32718,8.872917677636295,11.109725444531314,0.6474157481903884,14.071292495959051,0
HPG,GOOD,EPSILON_GREEDY,Epsilon-Greedy — Battle strategy,50,27,test,0.26352009446574204,28.177409999999554,2.8177409999999554,0.9320561798237037,0.8415112626067941,-1.265892765114009,0.5846346832628855,0
HPG,GOOD,EPSILON_GREEDY,Epsilon-Greedy — Battle strategy,50,28,train,0.2503440897424549,697.4389500000002,69.74389500000002,9.243445205773892,11.549646769330382,0.6567365441594937,15.186913570671118,0
HPG,GOOD,EPSILON_GREEDY,Epsilon-Greedy — Battle strategy,50,28,test,0.2503440897424549,26.695549999999685,2.669554999999969,0.8834658627457026,0.8834376204019452,-1.260116569842853,0.6643670285879496,0
HPG,GOOD,EPSILON_GREEDY,Epsilon-Greedy — Battle strategy,50,29,train,0.23782688525533216,687.6836400000002,68.76836400000002,9.138291586535697,11.483902531435527,0.6513791431183649,15.097388613662922,0
HPG,GOOD,EPSILON_GREEDY,Epsilon-Greedy — Battle strategy,50,29,test,0.23782688525533216,36.90589999999929,3.690589999999929,1.2173216142590038,1.208187018430051,-0.6441173234918193,1.120351304413308,0
HPG,GOOD,EPSILON_GREEDY,Epsilon-Greedy — Battle strategy,50,30,train,0.22593554099256555,695.46488,69.546488,9.222207173363506,11.537244713912541,0.6556186469618773,15.185252874717929,0
HPG,GOOD,EPSILON_GREEDY,Epsilon-Greedy — Battle strategy,50,30,test,0.22593554099256555,36.90589999999929,3.690589999999929,1.2173216142590038,1.208187018430051,-0.6441173234918193,1.120351304413308,0
HPG,GOOD,EPSILON_GREEDY,Epsilon-Greedy — Battle strategy,50,31,train,0.21463876394293727,678.4327600000001,67.84327600000002,9.038106560524483,11.476745280548123,0.6436406234492401,15.126359645028636,0
HPG,GOOD,EPSILON_GREEDY,Epsilon-Greedy — Battle strategy,50,31,test,0.21463876394293727,37.39601999999945,3.7396019999999455,1.2332922595202689,1.207899912281946,-0.6311623604881729,1.119823453110687,0
HPG,GOOD,EPSILON_GREEDY,Epsilon-Greedy — Battle strategy,50,32,train,0.2039068257457904,697.1880800000004,69.71880800000004,9.240747362269786,11.638534439019352,0.6523918947467757,15.294665013863304,0
HPG,GOOD,EPSILON_GREEDY,Epsilon-Greedy — Battle strategy,50,32,test,0.2039068257457904,36.14517999999953,3.614517999999953,1.1925234584985844,1.217841265962309,-0.659110536392841,1.1198068217975463,0
HPG,GOOD,EPSILON_GREEDY,Epsilon-Greedy — Battle strategy,50,33,train,0.19371148445850087,703.74494,70.37449400000001,9.311150660392741,11.649129252207585,0.6574866577158474,15.272986150805764,0
HPG,GOOD,EPSILON_GREEDY,Epsilon-Greedy — Battle strategy,50,33,test,0.19371148445850087,40.5173199999997,4.05173199999997,1.3348826171427852,1.2726627029735103,-0.5193053162571111,1.1210574846111898,0
HPG,GOOD,EPSILON_GREEDY,Epsilon-Greedy — Battle strategy,50,34,train,0.18402591023557582,703.6561700000007,70.36561700000007,9.310199014017929,11.832573269034587,0.6490280071129693,15.372467366154963,0
HPG,GOOD,EPSILON_GREEDY,Epsilon-Greedy — Battle strategy,50,34,test,0.18402591023557582,43.70239999999944,4.370239999999944,1.438339800446009,1.3159502427842977,-0.42396326781254173,1.121630765763938,0
HPG,GOOD,EPSILON_GREEDY,Epsilon-Greedy — Battle strategy,50,35,train,0.174824614723797,738.8656200000019,73.88656200000018,9.68445680374721,12.017048303747966,0.6695921193935036,15.457048557179952,0
HPG,GOOD,EPSILON_GREEDY,Epsilon-Greedy — Battle strategy,50,35,test,0.174824614723797,43.68934999999942,4.368934999999942,1.4379163421228247,1.31607104324163,-0.42424153897000494,1.1216448593393902,0
HPG,GOOD,EPSILON_GREEDY,Epsilon-Greedy — Battle strategy,50,36,train,0.16608338398760716,751.9091200000012,75.19091200000013,9.821501004361766,12.043656072541069,0.6788441004345421,15.445281510296399,0
HPG,GOOD,EPSILON_GREEDY,Epsilon-Greedy — Battle strategy,50,36,test,0.16608338398760716,44.11968999999954,4.411968999999954,1.4518785484972874,1.3169848054796323,-0.41344800819274213,1.1219825414440558,0
HPG,GOOD,EPSILON_GREEDY,Epsilon-Greedy — Battle strategy,50,37,train,0.1577792147882268,758.0677300000011,75.80677300000012,9.88591254135629,12.009867242074051,0.6853473490384753,15.440071575172135,0
HPG,GOOD,EPSILON_GREEDY,Epsilon-Greedy — Battle strategy,50,37,test,0.1577792147882268,44.11968999999954,4.411968999999954,1.4518785484972874,1.3169848054796323,-0.41344800819274213,1.1219825414440558,0
HPG,GOOD,EPSILON_GREEDY,Epsilon-Greedy — Battle strategy,50,38,train,0.14989025404881545,781.7403800000016,78.17403800000015,10.131763038080077,12.197552961330816,0.6951440724278918,15.581250846877797,0
HPG,GOOD,EPSILON_GREEDY,Epsilon-Greedy — Battle strategy,50,38,test,0.14989025404881545,44.11968999999954,4.411968999999954,1.4518785484972874,1.3169848054796323,-0.41344800819274213,1.1219825414440558,0
HPG,GOOD,EPSILON_GREEDY,Epsilon-Greedy — Battle strategy,50,39,train,0.14239574134637467,851.340900000001,85.1340900000001,10.839161685259135,12.330759630969435,0.7413629591275467,15.558696870032307,0
HPG,GOOD,EPSILON_GREEDY,Epsilon-Greedy — Battle strategy,50,39,test,0.14239574134637467,44.11968999999954,4.411968999999954,1.4518785484972874,1.3169848054796323,-0.41344800819274213,1.1219825414440558,0
HPG,GOOD,EPSILON_GREEDY,Epsilon-Greedy — Battle strategy,50,40,train,0.13527595427905592,866.904300000002,86.69043000000019,10.994306067444493,12.456079871368969,0.7464745742480509,15.582639829464263,0
HPG,GOOD,EPSILON_GREEDY,Epsilon-Greedy — Battle strategy,50,40,test,0.13527595427905592,43.90381999999954,4.390381999999954,1.444875213355279,1.316147273604628,-0.4189843807929335,1.1222158658586345,0
HPG,GOOD,EPSILON_GREEDY,Epsilon-Greedy — Battle strategy,50,41,train,0.12851215656510312,862.1736600000013,86.21736600000013,10.947262810458348,12.518736077940423,0.7399462908783468,15.572059990217339,0
HPG,GOOD,EPSILON_GREEDY,Epsilon-Greedy — Battle strategy,50,41,test,0.12851215656510312,43.90381999999954,4.390381999999954,1.444875213355279,1.316147273604628,-0.4189843807929335,1.1222158658586345,0
HPG,GOOD,EPSILON_GREEDY,Epsilon-Greedy — Battle strategy,50,42,train,0.12208654873684796,882.982080000002,88.2982080000002,11.153450906436358,12.56494732773294,0.752598007750927,15.582093503120687,0
HPG,GOOD,EPSILON_GREEDY,Epsilon-Greedy — Battle strategy,50,42,test,0.12208654873684796,43.91686999999956,4.391686999999956,1.445298613723578,1.3160263215420134,-0.41870575833918205,1.1222017579301165,0
HPG,GOOD,EPSILON_GREEDY,Epsilon-Greedy — Battle strategy,50,43,train,0.11598222130000556,886.8848500000022,88.68848500000021,11.19191143341698,12.665776123141582,0.7503614342354218,15.583286329267434,0
HPG,GOOD,EPSILON_GREEDY,Epsilon-Greedy — Battle strategy,50,43,test,0.11598222130000556,44.7074699999996,4.47074699999996,1.4709426395301817,1.3034246416243183,-0.40341595913347783,1.1213477272911645,0
HPG,GOOD,EPSILON_GREEDY,Epsilon-Greedy — Battle strategy,50,44,train,0.11018311023500528,930.8481200000015,93.08481200000016,11.620640393918947,12.743849703978702,0.7770200220650658,15.577044131935514,0
HPG,GOOD,EPSILON_GREEDY,Epsilon-Greedy — Battle strategy,50,44,test,0.11018311023500528,44.7074699999996,4.47074699999996,1.4709426395301817,1.3034246416243183,-0.40341595913347783,1.1213477272911645,0
HPG,GOOD,EPSILON_GREEDY,Epsilon-Greedy — Battle strategy,50,45,train,0.10467395472325501,952.0774500000023,95.20774500000023,11.824763854448438,12.749118267824047,0.7912152967489953,15.58171310435235,0
HPG,GOOD,EPSILON_GREEDY,Epsilon-Greedy — Battle strategy,50,45,test,0.10467395472325501,45.407329999999774,4.540732999999977,1.493632623718577,1.3054139393168303,-0.38558916299136087,1.1205928007446602,0
HPG,GOOD,EPSILON_GREEDY,Epsilon-Greedy — Battle strategy,51,1,train,1.0,30.159410000000435,3.0159410000000433,0.4977064122696273,1.3343610744990995,-1.1168121233474166,3.184342496592476,0
HPG,GOOD,EPSILON_GREEDY,Epsilon-Greedy — Battle strategy,51,1,test,1.0,0.0,0.0,0.0,0.0,0.0,0.0,0
HPG,GOOD,EPSILON_GREEDY,Epsilon-Greedy — Battle strategy,51,2,train,0.95,29.579990000000407,2.9579990000000405,0.4882595623280972,1.3254113660003968,-1.1315979446249576,3.180762453726417,0
HPG,GOOD,EPSILON_GREEDY,Epsilon-Greedy — Battle strategy,51,2,test,0.95,0.0,0.0,0.0,0.0,0.0,0.0,0
HPG,GOOD,EPSILON_GREEDY,Epsilon-Greedy — Battle strategy,51,3,train,0.9025,29.877060000000256,2.9877060000000255,0.4931035375655979,1.330586430301951,-1.1234904408446829,3.1798594217652436,0
HPG,GOOD,EPSILON_GREEDY,Epsilon-Greedy — Battle strategy,51,3,test,0.9025,0.0,0.0,0.0,0.0,0.0,0.0,0
HPG,GOOD,EPSILON_GREEDY,Epsilon-Greedy — Battle strategy,51,4,train,0.8573749999999999,29.075420000000577,2.9075420000000576,0.48002945729173074,1.3411148782649178,-1.1243530080764206,3.182297419148335,0
HPG,GOOD,EPSILON_GREEDY,Epsilon-Greedy — Battle strategy,51,4,test,0.8573749999999999,0.0,0.0,0.0,0.0,0.0,0.0,0
HPG,GOOD,EPSILON_GREEDY,Epsilon-Greedy — Battle strategy,51,5,train,0.8145062499999999,36.20753000000059,3.620753000000059,0.596051532839148,1.451544156546234,-0.9575490897788463,3.306496301781851,0
HPG,GOOD,EPSILON_GREEDY,Epsilon-Greedy — Battle strategy,51,5,test,0.8145062499999999,0.0,0.0,0.0,0.0,0.0,0.0,0
HPG,GOOD,EPSILON_GREEDY,Epsilon-Greedy — Battle strategy,51,6,train,0.7737809374999998,51.17314000000033,5.117314000000033,0.8373594514466065,1.8216913285621348,-0.6269805689565656,3.823821202005765,0
HPG,GOOD,EPSILON_GREEDY,Epsilon-Greedy — Battle strategy,51,6,test,0.7737809374999998,0.0,0.0,0.0,0.0,0.0,0.0,0
HPG,GOOD,EPSILON_GREEDY,Epsilon-Greedy — Battle strategy,51,7,train,0.7350918906249998,56.818459999999504,5.68184599999995,0.9276425801765242,2.0703136062799077,-0.505739915902417,4.380704515616817,0
HPG,GOOD,EPSILON_GREEDY,Epsilon-Greedy — Battle strategy,51,7,test,0.7350918906249998,0.0,0.0,0.0,0.0,0.0,0.0,0
HPG,GOOD,EPSILON_GREEDY,Epsilon-Greedy — Battle strategy,51,8,train,0.6983372960937497,54.34537999999975,5.434537999999975,0.8881412595199922,2.0947011577430974,-0.5184627475519527,4.387465551906491,0
HPG,GOOD,EPSILON_GREEDY,Epsilon-Greedy — Battle strategy,51,8,test,0.6983372960937497,0.0,0.0,0.0,0.0,0.0,0.0,0
HPG,GOOD,EPSILON_GREEDY,Epsilon-Greedy — Battle strategy,51,9,train,0.6634204312890623,68.3547700000006,6.8354770000000595,1.110895546120494,2.4329006855642445,-0.3517962333896974,4.7355780384017,0
HPG,GOOD,EPSILON_GREEDY,Epsilon-Greedy — Battle strategy,51,9,test,0.6634204312890623,0.0,0.0,0.0,0.0,0.0,0.0,0
HPG,GOOD,EPSILON_GREEDY,Epsilon-Greedy — Battle strategy,51,10,train,0.6302494097246091,86.17823000000021,8.61782300000002,1.390804787549782,2.767056339739236,-0.20538668339932248,5.049803973831397,0
HPG,GOOD,EPSILON_GREEDY,Epsilon-Greedy — Battle strategy,51,10,test,0.6302494097246091,0.0,0.0,0.0,0.0,0.0,0.0,0
HPG,GOOD,EPSILON_GREEDY,Epsilon-Greedy — Battle strategy,51,11,train,0.5987369392383787,85.83672000000001,8.583672000000002,1.3854776017771409,2.770673832063388,-0.20699568792428935,5.05519630713866,0
HPG,GOOD,EPSILON_GREEDY,Epsilon-Greedy — Battle strategy,51,11,test,0.5987369392383787,0.04250999999999294,0.004250999999999294,0.0014192465874529603,0.004076581254949794,-490.25771471799516,0.0023788422827529213,0
HPG,GOOD,EPSILON_GREEDY,Epsilon-Greedy — Battle strategy,51,12,train,0.5688000922764597,131.64777999999978,13.16477799999998,2.08793104646372,3.6712987995808777,0.041409430726605065,5.333469263414019,0
HPG,GOOD,EPSILON_GREEDY,Epsilon-Greedy — Battle strategy,51,12,test,0.5688000922764597,0.04250999999999294,0.004250999999999294,0.0014192465874529603,0.004076581254949794,-490.25771471799516,0.0023788422827529213,0
HPG,GOOD,EPSILON_GREEDY,Epsilon-Greedy — Battle strategy,51,13,train,0.5403600876626367,194.74907000000098,19.4749070000001,3.0177013156063914,4.414637307969056,0.24843460189453326,5.335271078052028,0
HPG,GOOD,EPSILON_GREEDY,Epsilon-Greedy — Battle strategy,51,13,test,0.5403600876626367,1.9349999999999454,0.19349999999999454,0.06456158538210577,0.09045267574439099,-21.394376702978548,0.008775520827617603,0
HPG,GOOD,EPSILON_GREEDY,Epsilon-Greedy — Battle strategy,51,14,train,0.5133420832795048,193.263470000001,19.3263470000001,2.996287102551598,4.314058658588641,0.24835079161940635,5.334778161578338,0
HPG,GOOD,EPSILON_GREEDY,Epsilon-Greedy — Battle strategy,51,14,test,0.5133420832795048,1.9349999999999454,0.19349999999999454,0.06456158538210577,0.09045267574439099,-21.394376702978548,0.008775520827617603,0
HPG,GOOD,EPSILON_GREEDY,Epsilon-Greedy — Battle strategy,51,15,train,0.48767497911552954,2244.3819600000006,224.43819600000006,21.7315070297609,25.77948502819102,0.8207008813243553,37.31800044778184,5
HPG,GOOD,EPSILON_GREEDY,Epsilon-Greedy — Battle strategy,51,15,test,0.48767497911552954,2.3107199999999466,0.23107199999999467,0.077087911976359,0.0933017721019841,-20.606382679063664,0.008775520827617603,0
HPG,GOOD,EPSILON_GREEDY,Epsilon-Greedy — Battle strategy,51,16,train,0.46329123015975304,2235.8211500000007,223.58211500000004,21.677778656131608,25.955406839053918,0.8151755629203857,37.41087833556054,5
HPG,GOOD,EPSILON_GREEDY,Epsilon-Greedy — Battle strategy,51,16,test,0.46329123015975304,6.752700000000004,0.6752700000000005,0.22494489514484073,0.34975210532708617,-5.071768117927709,0.3220520170846589,0
HPG,GOOD,EPSILON_GREEDY,Epsilon-Greedy — Battle strategy,51,17,train,0.44012666865176536,2386.7572600000003,238.67572600000005,22.608195913475114,26.528326107840307,0.8322166908047557,37.58131426670735,5
HPG,GOOD,EPSILON_GREEDY,Epsilon-Greedy — Battle strategy,51,17,test,0.44012666865176536,8.508330000000115,0.8508330000000114,0.2832634620360208,0.37127094328984217,-4.620336659530932,0.3220520170846589,0
HPG,GOOD,EPSILON_GREEDY,Epsilon-Greedy — Battle strategy,51,18,train,0.4181203352191771,2418.6348700000003,241.86348700000005,22.800268458559536,26.656329590953572,0.8354265726012173,37.56352532856341,6
HPG,GOOD,EPSILON_GREEDY,Epsilon-Greedy — Battle strategy,51,18,test,0.4181203352191771,8.959470000000124,0.8959470000000124,0.2982385199779003,0.37193518042303714,-4.571783213786904,0.3220520170846589,0
HPG,GOOD,EPSILON_GREEDY,Epsilon-Greedy — Battle strategy,51,19,train,0.3972143184582182,2448.580750000001,244.8580750000001,22.97934759876352,26.81586058675616,0.8375336267141678,37.60974823625883,6
HPG,GOOD,EPSILON_GREEDY,Epsilon-Greedy — Battle strategy,51,19,test,0.3972143184582182,14.011560000000259,1.401156000000026,0.46563282615585955,0.45161509681096595,-3.393819235174305,0.3220520170846589,0
HPG,GOOD,EPSILON_GREEDY,Epsilon-Greedy — Battle strategy,51,20,train,0.37735360253530725,2440.286390000001,244.0286390000001,22.929876658711578,26.799567068970305,0.836364748814673,37.611913804462596,6
HPG,GOOD,EPSILON_GREEDY,Epsilon-Greedy — Battle strategy,51,20,test,0.37735360253530725,14.99316000000033,1.499316000000033,0.49809234647137934,0.5370434751586992,-2.7927995471420437,0.3220520170846589,0
HPG,GOOD,EPSILON_GREEDY,Epsilon-Greedy — Battle strategy,51,21,train,0.3584859224085419,2440.286390000001,244.0286390000001,22.929876658711578,26.799567068970305,0.836364748814673,37.611913804462596,6
HPG,GOOD,EPSILON_GREEDY,Epsilon-Greedy — Battle strategy,51,21,test,0.3584859224085419,14.08182000000022,1.408182000000022,0.467956877100395,0.46463921235722616,-3.2935628875594416,0.3220520170846589,0
HPG,GOOD,EPSILON_GREEDY,Epsilon-Greedy — Battle strategy,51,22,train,0.3405616262881148,2509.3072900000016,250.93072900000016,23.338557144574224,27.073271747050153,0.843000932821701,37.622152105058255,6
HPG,GOOD,EPSILON_GREEDY,Epsilon-Greedy — Battle strategy,51,22,test,0.3405616262881148,14.08182000000022,1.408182000000022,0.467956877100395,0.46463921235722616,-3.2935628875594416,0.3220520170846589,0
HPG,GOOD,EPSILON_GREEDY,Epsilon-Greedy — Battle strategy,51,23,train,0.323533544973709,2489.1453200000014,248.91453200000012,23.219873184292595,27.113887903271355,0.8385624504704148,37.622152105058255,6
HPG,GOOD,EPSILON_GREEDY,Epsilon-Greedy — Battle strategy,51,23,test,0.323533544973709,15.125520000000279,1.5125520000000279,0.502467622948366,0.5950222477041702,-2.5127766532712776,0.3909714495473786,0
HPG,GOOD,EPSILON_GREEDY,Epsilon-Greedy — Battle strategy,51,24,train,0.3073568677250236,2503.6682500000015,250.36682500000015,23.305420118916608,27.08693822307665,0.8417113021434791,37.622152105058255,6
HPG,GOOD,EPSILON_GREEDY,Epsilon-Greedy — Battle strategy,51,24,test,0.3073568677250236,14.08182000000022,1.408182000000022,0.467956877100395,0.46463921235722616,-3.2935628875594416,0.3220520170846589,0
HPG,GOOD,EPSILON_GREEDY,Epsilon-Greedy — Battle strategy,51,25,train,0.2919890243387724,2492.6524900000013,249.2652490000001,23.240559200397513,27.112509490058567,0.8392143188918582,37.61363708793283,6
HPG,GOOD,EPSILON_GREEDY,Epsilon-Greedy — Battle strategy,51,25,test,0.2919890243387724,15.580320000000142,1.5580320000000143,0.5174985422392808,0.47243612669825574,-3.1343902153016234,0.3220520170846589,0
HPG,GOOD,EPSILON_GREEDY,Epsilon-Greedy — Battle strategy,51,26,train,0.27738957312183377,2509.607940000001,250.96079400000008,23.340322626377375,27.120452083811063,0.8420600679497029,37.61363708793283,6
HPG,GOOD,EPSILON_GREEDY,Epsilon-Greedy — Battle strategy,51,26,test,0.27738957312183377,15.580320000000142,1.5580320000000143,0.5174985422392808,0.47243612669825574,-3.1343902153016234,0.3220520170846589,0
HPG,GOOD,EPSILON_GREEDY,Epsilon-Greedy — Battle strategy,51,27,train,0.26352009446574204,2509.607940000001,250.96079400000008,23.340322626377375,27.120452083811063,0.8420600679497029,37.61363708793283,6
HPG,GOOD,EPSILON_GREEDY,Epsilon-Greedy — Battle strategy,51,27,test,0.26352009446574204,16.963560000000143,1.6963560000000144,0.5631864138881504,0.4940135196065674,-2.904947140853418,0.3220520170846589,0
HPG,GOOD,EPSILON_GREEDY,Epsilon-Greedy — Battle strategy,51,28,train,0.2503440897424549,2505.1444500000016,250.51444500000017,23.31409909050599,27.16437184416706,0.8403486020223628,37.61363708793283,6
HPG,GOOD,EPSILON_GREEDY,Epsilon-Greedy — Battle strategy,51,28,test,0.2503440897424549,14.96556000000021,1.4965560000000209,0.4971799562531354,0.4998762279138301,-3.0026584733944266,0.3220520170846589,0
HPG,GOOD,EPSILON_GREEDY,Epsilon-Greedy — Battle strategy,51,29,train,0.23782688525533216,2504.748190000001,250.47481900000014,23.311769671770556,27.169265913860734,0.8401751943964237,37.60275360203762,6
HPG,GOOD,EPSILON_GREEDY,Epsilon-Greedy — Battle strategy,51,29,test,0.23782688525533216,14.96556000000021,1.4965560000000209,0.4971799562531354,0.4998762279138301,-3.0026584733944266,0.3220520170846589,0
HPG,GOOD,EPSILON_GREEDY,Epsilon-Greedy — Battle strategy,51,30,train,0.22593554099256555,2364.0269900000017,236.40269900000015,22.470317186422626,27.45432905395992,0.8091216847638422,37.621655040851,6
HPG,GOOD,EPSILON_GREEDY,Epsilon-Greedy — Battle strategy,51,30,test,0.22593554099256555,21.216479999999933,2.1216479999999933,0.7033999081501374,0.978183104622809,-1.3204805254574565,0.9953248615444613,0
HPG,GOOD,EPSILON_GREEDY,Epsilon-Greedy — Battle strategy,51,31,train,0.21463876394293727,2358.138790000002,235.81387900000016,22.43447365509297,27.481601888861658,0.8075179977749412,37.621655040851,7
HPG,GOOD,EPSILON_GREEDY,Epsilon-Greedy — Battle strategy,51,31,test,0.21463876394293727,26.224480000000085,2.6224480000000083,0.8680096515241598,1.4931803808690636,-0.7509984732581034,1.9394963053464478,0
HPG,GOOD,EPSILON_GREEDY,Epsilon-Greedy — Battle strategy,51,32,train,0.2039068257457904,2343.1672000000012,234.31672000000012,22.34310002655233,27.551046204883395,0.8034443661325238,37.62848673465549,7
HPG,GOOD,EPSILON_GREEDY,Epsilon-Greedy — Battle strategy,51,32,test,0.2039068257457904,27.268180000000257,2.7268180000000255,0.9022479846387155,1.5373757645005959,-0.7068174006923058,1.9375560095916475,0
HPG,GOOD,EPSILON_GREEDY,Epsilon-Greedy — Battle strategy,51,33,train,0.19371148445850087,2348.895650000001,234.88956500000006,22.3781017059431,27.601287121124795,0.8035300060643102,37.619286444089276,7
HPG,GOOD,EPSILON_GREEDY,Epsilon-Greedy — Battle strategy,51,33,test,0.19371148445850087,27.268180000000257,2.7268180000000255,0.9022479846387155,1.5373757645005959,-0.7068174006923058,1.9375560095916475,0
HPG,GOOD,EPSILON_GREEDY,Epsilon-Greedy — Battle strategy,51,34,train,0.18402591023557582,2343.195650000001,234.3195650000001,22.343273983661582,27.61020909636135,0.8023206896023501,37.6283077495451,7
HPG,GOOD,EPSILON_GREEDY,Epsilon-Greedy — Battle strategy,51,34,test,0.18402591023557582,27.268180000000257,2.7268180000000255,0.9022479846387155,1.5373757645005959,-0.7068174006923058,1.9375560095916475,0
HPG,GOOD,EPSILON_GREEDY,Epsilon-Greedy — Battle strategy,51,35,train,0.174824614723797,2353.872590000001,235.38725900000009,22.408471086828108,27.676926688128173,0.8029972325712283,37.609483362428584,7
HPG,GOOD,EPSILON_GREEDY,Epsilon-Greedy — Battle strategy,51,35,test,0.174824614723797,1997.7890200000015,199.77890200000016,44.273950567464794,24.068645478241592,1.567050503005356,38.30813221536121,8
HPG,GOOD,EPSILON_GREEDY,Epsilon-Greedy — Battle strategy,51,36,train,0.16608338398760716,2334.6337600000006,233.46337600000004,22.29086669544733,27.708296978679588,0.798904980717659,37.785720659292735,8
HPG,GOOD,EPSILON_GREEDY,Epsilon-Greedy — Battle strategy,51,36,test,0.16608338398760716,1992.0507200000015,199.20507200000014,44.18168915442631,24.06973626809673,1.5643186705977323,38.30813221536121,8
HPG,GOOD,EPSILON_GREEDY,Epsilon-Greedy — Battle strategy,51,37,train,0.1577792147882268,2358.2304900000004,235.82304900000003,22.43503226616712,27.817361928611096,0.8011357133077325,37.804220886194116,8
HPG,GOOD,EPSILON_GREEDY,Epsilon-Greedy — Battle strategy,51,37,test,0.1577792147882268,1973.8455900000004,197.38455900000002,43.88820135521991,24.043468488179524,1.5572475699895922,38.30813221536121,8
HPG,GOOD,EPSILON_GREEDY,Epsilon-Greedy — Battle strategy,51,38,train,0.14989025404881545,2358.3147700000004,235.83147700000004,22.435545665446277,27.8119403842201,0.8012530454148824,37.80240476069794,8
HPG,GOOD,EPSILON_GREEDY,Epsilon-Greedy — Battle strategy,51,38,test,0.14989025404881545,1976.00299,197.600299,43.92304354472785,24.03359664812793,1.5588020759123218,38.30813221536121,8
HPG,GOOD,EPSILON_GREEDY,Epsilon-Greedy — Battle strategy,51,39,train,0.14239574134637467,2357.2780300000004,235.72780300000002,22.429229523448925,27.816858906716725,0.800973881906899,37.81604200138921,8
HPG,GOOD,EPSILON_GREEDY,Epsilon-Greedy — Battle strategy,51,39,test,0.14239574134637467,1964.29083,196.429083,43.733688441180576,24.03037521337992,1.5534714265829415,38.30813221536121,8
HPG,GOOD,EPSILON_GREEDY,Epsilon-Greedy — Battle strategy,51,40,train,0.13527595427905592,2387.9738800000005,238.79738800000007,22.61555401012021,27.92530484279185,0.8044431740035046,37.85675093648923,9
HPG,GOOD,EPSILON_GREEDY,Epsilon-Greedy — Battle strategy,51,40,test,0.13527595427905592,1947.1470800000006,194.71470800000006,43.45561792586028,23.947682533789127,1.549893090902614,38.28703779566413,8
HPG,GOOD,EPSILON_GREEDY,Epsilon-Greedy — Battle strategy,51,41,train,0.12851215656510312,2364.93429,236.49342900000002,22.4758355914642,27.905405024392977,0.8006955518139617,37.978820988699816,9
HPG,GOOD,EPSILON_GREEDY,Epsilon-Greedy — Battle strategy,51,41,test,0.12851215656510312,1947.9167500000003,194.79167500000003,43.46812499180097,23.94751949740346,1.5502679914733464,38.28703779566413,8
HPG,GOOD,EPSILON_GREEDY,Epsilon-Greedy — Battle strategy,51,42,train,0.12208654873684796,2423.83376,242.383376,22.83145178287571,28.089756582027174,0.8076931466481042,38.09932975896059,9
HPG,GOOD,EPSILON_GREEDY,Epsilon-Greedy — Battle strategy,51,42,test,0.12208654873684796,1947.9167500000003,194.79167500000003,43.46812499180097,23.94751949740346,1.5502679914733464,38.28703779566413,8
HPG,GOOD,EPSILON_GREEDY,Epsilon-Greedy — Battle strategy,51,43,train,0.11598222130000556,2427.38999,242.738999,22.852759604036432,28.182575158370792,0.8065821458298883,38.179765465855404,9
HPG,GOOD,EPSILON_GREEDY,Epsilon-Greedy — Battle strategy,51,43,test,0.11598222130000556,1949.1352500000003,194.91352500000002,43.48792105646746,23.951797247581823,1.5506130541784433,38.29151042803467,8
HPG,GOOD,EPSILON_GREEDY,Epsilon-Greedy — Battle strategy,51,44,train,0.11018311023500528,2429.1839900000004,242.91839900000002,22.8635017054414,28.237163955183565,0.8058820507768029,38.14505405749881,10
HPG,GOOD,EPSILON_GREEDY,Epsilon-Greedy — Battle strategy,51,44,test,0.11018311023500528,1924.5430400000005,192.45430400000006,43.087330006667315,23.967405934630122,1.5380394360920577,38.29151042803467,8
HPG,GOOD,EPSILON_GREEDY,Epsilon-Greedy — Battle strategy,51,45,train,0.10467395472325501,2429.2468500000004,242.92468500000007,22.86387801324954,28.366327177034755,0.8035138117354644,38.14387279834627,10
HPG,GOOD,EPSILON_GREEDY,Epsilon-Greedy — Battle strategy,51,45,test,0.10467395472325501,1924.99428,192.499428,43.09470058113985,23.973532656058907,1.5379234120648533,38.29151042803467,8
HPG,GOOD,EPSILON_GREEDY,Epsilon-Greedy — Battle strategy,52,1,train,1.0,3277.6127100000012,327.76127100000014,27.486714389956823,29.655840778146462,0.9068741142913977,37.657068705447585,13
HPG,GOOD,EPSILON_GREEDY,Epsilon-Greedy — Battle strategy,52,1,test,1.0,1069.17747,106.917747,27.477723913503294,19.171396986422515,1.2625782162998886,20.96187307610508,2
HPG,GOOD,EPSILON_GREEDY,Epsilon-Greedy — Battle strategy,52,2,train,0.95,3270.9042100000015,327.09042100000016,27.45328620590872,29.635004513984743,0.9064113712451364,37.64846627119278,13
HPG,GOOD,EPSILON_GREEDY,Epsilon-Greedy — Battle strategy,52,2,test,0.95,1055.3011000000006,105.53011000000005,27.191663394682152,19.351984030300365,1.2409320470769791,21.860442994006192,2
HPG,GOOD,EPSILON_GREEDY,Epsilon-Greedy — Battle strategy,52,3,train,0.9025,3270.9042100000015,327.09042100000016,27.45328620590872,29.635004513984743,0.9064113712451364,37.64846627119278,13
HPG,GOOD,EPSILON_GREEDY,Epsilon-Greedy — Battle strategy,52,3,test,0.9025,1074.8143799999993,107.48143799999994,27.593563479834238,19.36930267519165,1.2563529332508538,21.796753532684292,2
HPG,GOOD,EPSILON_GREEDY,Epsilon-Greedy — Battle strategy,52,4,train,0.8573749999999999,3270.293600000002,327.02936000000017,27.450241389959462,29.642072415550537,0.9061843115581505,37.65196321400759,13
HPG,GOOD,EPSILON_GREEDY,Epsilon-Greedy — Battle strategy,52,4,test,0.8573749999999999,970.5803100000007,97.05803100000008,25.41663011416024,23.890792658677086,0.9875280789975279,38.32938130507805,7
HPG,GOOD,EPSILON_GREEDY,Epsilon-Greedy — Battle strategy,52,5,train,0.8145062499999999,3270.293600000002,327.02936000000017,27.450241389959462,29.642072415550537,0.9061843115581505,37.65196321400759,13
HPG,GOOD,EPSILON_GREEDY,Epsilon-Greedy — Battle strategy,52,5,test,0.8145062499999999,979.7415800000003,97.97415800000003,25.61099522470409,23.92475066752157,0.9929548078702483,38.32938130507805,7
HPG,GOOD,EPSILON_GREEDY,Epsilon-Greedy — Battle strategy,52,6,train,0.7737809374999998,3279.134060000001,327.9134060000001,27.494289140880213,29.638433351184123,0.9074362794095603,37.64837155126208,13
HPG,GOOD,EPSILON_GREEDY,Epsilon-Greedy — Battle strategy,52,6,test,0.7737809374999998,1107.1302100000007,110.71302100000007,28.253646116671472,19.39753487783751,1.281545268512273,21.84097761635086,2
HPG,GOOD,EPSILON_GREEDY,Epsilon-Greedy — Battle strategy,52,7,train,0.7350918906249998,3279.744670000002,327.9744670000002,27.497328716914993,29.631388817099523,0.90766302070803,37.64488198561898,13
HPG,GOOD,EPSILON_GREEDY,Epsilon-Greedy — Battle strategy,52,7,test,0.7350918906249998,1081.9279200000014,108.19279200000014,27.739449247783575,19.43281302825064,1.258783953180187,22.21923639274276,2
HPG,GOOD,EPSILON_GREEDY,Epsilon-Greedy — Battle strategy,52,8,train,0.6983372960937497,3269.3426500000014,326.93426500000015,27.445498741255392,29.65636503828976,0.9057629657855466,37.65741056633134,13
HPG,GOOD,EPSILON_GREEDY,Epsilon-Greedy — Battle strategy,52,8,test,0.6983372960937497,1150.560100000002,115.05601000000019,29.130207321255153,19.313568452542242,1.32170550882343,21.0355814607903,2
HPG,GOOD,EPSILON_GREEDY,Epsilon-Greedy — Battle strategy,52,9,train,0.6634204312890623,3246.927480000001,324.6927480000001,27.333452524805722,29.620283671554166,0.9035098081727851,37.644647414583446,13
HPG,GOOD,EPSILON_GREEDY,Epsilon-Greedy — Battle strategy,52,9,test,0.6634204312890623,1123.0018599999999,112.30018599999998,28.575372707610992,19.246575180778912,1.3031531037979482,20.98199712180318,2
HPG,GOOD,EPSILON_GREEDY,Epsilon-Greedy — Battle strategy,52,10,train,0.6302494097246091,3294.833340000002,329.4833340000002,27.572324613085208,29.652713359907906,0.909224134543604,37.65251314946884,13
HPG,GOOD,EPSILON_GREEDY,Epsilon-Greedy — Battle strategy,52,10,test,0.6302494097246091,1043.1345000000008,104.31345000000007,26.93978926091414,19.042662736432895,1.2475866090630388,21.11607589678309,2
HPG,GOOD,EPSILON_GREEDY,Epsilon-Greedy — Battle strategy,52,11,train,0.5987369392383787,3294.833340000002,329.4833340000002,27.572324613085208,29.652713359907906,0.909224134543604,37.65251314946884,13
HPG,GOOD,EPSILON_GREEDY,Epsilon-Greedy — Battle strategy,52,11,test,0.5987369392383787,1003.2702899999995,100.32702899999994,26.10744914745109,19.02396000761672,1.2138829537204254,21.11607589678309,2
HPG,GOOD,EPSILON_GREEDY,Epsilon-Greedy — Battle strategy,52,12,train,0.5688000922764597,3252.9953400000013,325.2995340000001,27.36383233272992,29.648664134071627,0.9037391965224211,37.656989355345566,13
HPG,GOOD,EPSILON_GREEDY,Epsilon-Greedy — Battle strategy,52,12,test,0.5688000922764597,968.4703700000005,96.84703700000004,25.371780476412376,18.89206288084658,1.18993876717427,20.919838106686417,2
HPG,GOOD,EPSILON_GREEDY,Epsilon-Greedy — Battle strategy,52,13,train,0.5403600876626367,3277.5972200000015,327.7597220000001,27.486637254224554,29.654032051425915,0.9069099230871486,37.65715727833135,13
HPG,GOOD,EPSILON_GREEDY,Epsilon-Greedy — Battle strategy,52,13,test,0.5403600876626367,968.7810800000007,96.87810800000007,25.37838704905453,18.89138458902129,1.1902548142539453,20.919838106686417,2
HPG,GOOD,EPSILON_GREEDY,Epsilon-Greedy — Battle strategy,52,14,train,0.5133420832795048,3277.5972200000015,327.7597220000001,27.486637254224554,29.654032051425915,0.9069099230871486,37.65715727833135,13
HPG,GOOD,EPSILON_GREEDY,Epsilon-Greedy — Battle strategy,52,14,test,0.5133420832795048,897.3925999999997,89.73925999999996,23.841836608724854,18.645325978109557,1.137117898835912,20.919838106686417,2
HPG,GOOD,EPSILON_GREEDY,Epsilon-Greedy — Battle strategy,52,15,train,0.48767497911552954,3278.7042200000014,327.8704220000002,27.49214920922851,29.64735569830555,0.9071953273870669,37.65082842525868,13
HPG,GOOD,EPSILON_GREEDY,Epsilon-Greedy — Battle strategy,52,15,test,0.48767497911552954,1081.977640000001,108.19776400000009,27.74046774516814,19.819329043283133,1.2381709580137052,20.919838106686417,3
HPG,GOOD,EPSILON_GREEDY,Epsilon-Greedy — Battle strategy,52,16,train,0.46329123015975304,3278.033190000001,327.8033190000001,27.488808170210376,29.654834497309178,0.9069509748868135,37.65466453108842,13
HPG,GOOD,EPSILON_GREEDY,Epsilon-Greedy — Battle strategy,52,16,test,0.46329123015975304,880.190399999999,88.0190399999999,23.465840677014825,18.770661849605872,1.114514377655662,21.13059232219861,2
HPG,GOOD,EPSILON_GREEDY,Epsilon-Greedy — Battle strategy,52,17,train,0.44012666865176536,3278.4572000000007,327.8457200000001,27.490919354533805,29.651804770528827,0.9070695644674874,37.652240484123325,13
HPG,GOOD,EPSILON_GREEDY,Epsilon-Greedy — Battle strategy,52,17,test,0.44012666865176536,863.91067,86.39106699999999,23.107891163348484,18.640587807176143,1.105376469133546,21.34919770173255,2
HPG,GOOD,EPSILON_GREEDY,Epsilon-Greedy — Battle strategy,52,18,train,0.4181203352191771,3286.566600000001,328.6566600000001,27.531263293689978,29.655113588360145,0.9080785033525824,37.65282594860279,13
HPG,GOOD,EPSILON_GREEDY,Epsilon-Greedy — Battle strategy,52,18,test,0.4181203352191771,862.8471299999999,86.284713,23.084434292157564,18.637732900740527,1.1044861529128422,21.382771816447445,2
HPG,GOOD,EPSILON_GREEDY,Epsilon-Greedy — Battle strategy,52,19,train,0.3972143184582182,3287.748380000001,328.7748380000001,27.53713729353937,29.640522224260778,0.9085372018148278,37.64608413772537,13
HPG,GOOD,EPSILON_GREEDY,Epsilon-Greedy — Battle strategy,52,19,test,0.3972143184582182,863.5200699999998,86.35200699999997,23.099277334188663,18.603229891736483,1.1068448539147946,21.166391477441934,2
HPG,GOOD,EPSILON_GREEDY,Epsilon-Greedy — Battle strategy,52,20,train,0.37735360253530725,3295.529730000001,329.5529730000001,27.575780610603772,29.643269486598918,0.9095122074886575,37.648547757871995,13
HPG,GOOD,EPSILON_GREEDY,Epsilon-Greedy — Battle strategy,52,20,test,0.37735360253530725,862.0027000000002,86.20027000000002,23.06580364012043,18.60392684694979,1.105341739348024,21.166391477441934,2
HPG,GOOD,EPSILON_GREEDY,Epsilon-Greedy — Battle strategy,52,21,train,0.3584859224085419,3303.7957700000006,330.37957700000004,27.616767154534116,29.647375420555665,0.9105213798185329,37.64824776790279,13
HPG,GOOD,EPSILON_GREEDY,Epsilon-Greedy — Battle strategy,52,21,test,0.3584859224085419,877.1404999999993,87.71404999999993,23.39893880407078,18.51392842205053,1.1244895080052681,21.19996559215683,2
HPG,GOOD,EPSILON_GREEDY,Epsilon-Greedy — Battle strategy,52,22,train,0.3405616262881148,3279.7351400000007,327.9735140000001,27.497281279982634,29.627147793716947,0.9077494576767348,37.64493644349927,13
HPG,GOOD,EPSILON_GREEDY,Epsilon-Greedy — Battle strategy,52,22,test,0.3405616262881148,879.3897499999996,87.93897499999997,23.448284813157482,18.27322105886184,1.1390840946468384,20.459206560782526,2
HPG,GOOD,EPSILON_GREEDY,Epsilon-Greedy — Battle strategy,52,23,train,0.323533544973709,3220.0018100000007,322.00018100000005,27.19820669445263,29.623831272134943,0.8998163327218842,37.65786958317137,13
HPG,GOOD,EPSILON_GREEDY,Epsilon-Greedy — Battle strategy,52,23,test,0.323533544973709,874.054949999999,87.4054949999999,23.331181197784325,18.297693402878025,1.1326015458309124,20.459206560782526,2
HPG,GOOD,EPSILON_GREEDY,Epsilon-Greedy — Battle strategy,52,24,train,0.3073568677250236,3310.7033300000003,331.07033300000006,27.65096751770195,29.657064640156467,0.9112321218054952,37.655655449324165,13
HPG,GOOD,EPSILON_GREEDY,Epsilon-Greedy — Battle strategy,52,24,test,0.3073568677250236,869.4121899999993,86.94121899999993,23.22908762455964,18.282228367191745,1.1288620995673977,20.459206560782526,2
HPG,GOOD,EPSILON_GREEDY,Epsilon-Greedy — Battle strategy,52,25,train,0.2919890243387724,3303.1438500000004,330.3143850000001,27.613537040502155,29.650376297235386,0.9103727307436279,37.65195276897768,13
HPG,GOOD,EPSILON_GREEDY,Epsilon-Greedy — Battle strategy,52,25,test,0.2919890243387724,892.1697700000002,89.21697700000001,23.727919863713453,18.31906449904686,1.149084190509098,20.797857419181177,2
HPG,GOOD,EPSILON_GREEDY,Epsilon-Greedy — Battle strategy,52,26,train,0.27738957312183377,3303.1438500000004,330.3143850000001,27.613537040502155,29.650376297235386,0.9103727307436279,37.65195276897768,13
HPG,GOOD,EPSILON_GREEDY,Epsilon-Greedy — Battle strategy,52,26,test,0.27738957312183377,876.5488199999998,87.65488199999997,23.385951469265763,18.40750072462514,1.1293608906636512,20.804958188281027,2
HPG,GOOD,EPSILON_GREEDY,Epsilon-Greedy — Battle strategy,52,27,train,0.26352009446574204,3303.6344100000006,330.363441,27.615967690708043,29.6450200614622,0.9105490124098854,37.64916474345973,13
HPG,GOOD,EPSILON_GREEDY,Epsilon-Greedy — Battle strategy,52,27,test,0.26352009446574204,880.7046299999995,88.07046299999996,23.47711357928832,18.361375969383293,1.1357891684552464,20.612147758440255,2
HPG,GOOD,EPSILON_GREEDY,Epsilon-Greedy — Battle strategy,52,28,train,0.2503440897424549,3310.7435399999995,331.0743539999999,27.651166469756717,29.662078475001586,0.9111336649393378,37.655427296626286,13
HPG,GOOD,EPSILON_GREEDY,Epsilon-Greedy — Battle strategy,52,28,test,0.2503440897424549,879.3750999999995,87.93750999999995,23.447963535990766,18.347022564392027,1.1352466833843544,20.60199162322103,2
HPG,GOOD,EPSILON_GREEDY,Epsilon-Greedy — Battle strategy,52,29,train,0.23782688525533216,3312.6260299999994,331.26260299999996,27.660478971716795,29.636540515504954,0.911913646626658,37.64474908782774,13
HPG,GOOD,EPSILON_GREEDY,Epsilon-Greedy — Battle strategy,52,29,test,0.23782688525533216,880.6523599999994,88.06523599999994,23.475967814957354,18.338071983301024,1.1369550896228202,20.60162531384616,2
HPG,GOOD,EPSILON_GREEDY,Epsilon-Greedy — Battle strategy,52,30,train,0.22593554099256555,3295.4989700000006,329.54989700000004,27.575627966793427,29.634773217609023,0.9096845771994077,37.64872289417058,13
HPG,GOOD,EPSILON_GREEDY,Epsilon-Greedy — Battle strategy,52,30,test,0.22593554099256555,877.3523599999996,87.73523599999996,23.403588453299285,18.33906667062583,1.1336923295981574,20.60162531384616,2
HPG,GOOD,EPSILON_GREEDY,Epsilon-Greedy — Battle strategy,52,31,train,0.21463876394293727,3295.4989700000006,329.54989700000004,27.575627966793427,29.634773217609023,0.9096845771994077,37.64872289417058,13
HPG,GOOD,EPSILON_GREEDY,Epsilon-Greedy — Battle strategy,52,31,test,0.21463876394293727,891.3359899999998,89.13359899999999,23.709714651824875,18.236900556563413,1.1526509837021393,20.60162531384616,2
HPG,GOOD,EPSILON_GREEDY,Epsilon-Greedy — Battle strategy,52,32,train,0.2039068257457904,3311.9825899999996,331.19825899999995,27.6572963151394,29.642034786659593,0.9117137886975956,37.64839824618485,13
HPG,GOOD,EPSILON_GREEDY,Epsilon-Greedy — Battle strategy,52,32,test,0.2039068257457904,865.5075199999994,86.55075199999995,23.14309369844807,18.31172331525468,1.1235247245555193,20.64330103920515,2
HPG,GOOD,EPSILON_GREEDY,Epsilon-Greedy — Battle strategy,52,33,train,0.19371148445850087,3326.77042,332.677042,27.73034186171952,29.663917125161703,0.9132053126698322,37.657660152068004,13
HPG,GOOD,EPSILON_GREEDY,Epsilon-Greedy — Battle strategy,52,33,test,0.19371148445850087,865.3475599999995,86.53475599999994,23.139568287429068,18.312318566210838,1.1233370719334084,20.64330103920515,2
HPG,GOOD,EPSILON_GREEDY,Epsilon-Greedy — Battle strategy,52,34,train,0.18402591023557582,3303.5366600000007,330.3536660000001,27.61548337273294,29.63836901583377,0.9106741695842773,37.64972025824934,13
HPG,GOOD,EPSILON_GREEDY,Epsilon-Greedy — Battle strategy,52,34,test,0.18402591023557582,877.1938099999993,87.71938099999993,23.40010882093686,18.139568212243642,1.1439853278167276,20.595775278127988,2
HPG,GOOD,EPSILON_GREEDY,Epsilon-Greedy — Battle strategy,52,35,train,0.174824614723797,3303.5366600000007,330.3536660000001,27.61548337273294,29.63836901583377,0.9106741695842773,37.64972025824934,13
HPG,GOOD,EPSILON_GREEDY,Epsilon-Greedy — Battle strategy,52,35,test,0.174824614723797,827.01776,82.701776,22.288932502634417,17.979534529163814,1.1020444594419556,20.585958404178665,2
HPG,GOOD,EPSILON_GREEDY,Epsilon-Greedy — Battle strategy,52,36,train,0.16608338398760716,3311.9285499999996,331.19285499999995,27.65702899830007,29.639763009605737,0.9117537770372295,37.648704756876185,13
HPG,GOOD,EPSILON_GREEDY,Epsilon-Greedy — Battle strategy,52,36,test,0.16608338398760716,821.7177599999998,82.17177599999998,22.170379312750477,17.956720834467145,1.0977899189040832,20.585958404178665,2
HPG,GOOD,EPSILON_GREEDY,Epsilon-Greedy — Battle strategy,52,37,train,0.1577792147882268,3311.9285499999996,331.19285499999995,27.65702899830007,29.639763009605737,0.9117537770372295,37.648704756876185,13
HPG,GOOD,EPSILON_GREEDY,Epsilon-Greedy — Battle strategy,52,37,test,0.1577792147882268,821.7177599999998,82.17177599999998,22.170379312750477,17.956720834467145,1.0977899189040832,20.585958404178665,2
HPG,GOOD,EPSILON_GREEDY,Epsilon-Greedy — Battle strategy,52,38,train,0.14989025404881545,3311.9285499999996,331.19285499999995,27.65702899830007,29.639763009605737,0.9117537770372295,37.648704756876185,13
HPG,GOOD,EPSILON_GREEDY,Epsilon-Greedy — Battle strategy,52,38,test,0.14989025404881545,820.4577999999995,82.04577999999995,22.14216207084949,17.941879212153292,1.097258355291423,20.585226433537336,2
HPG,GOOD,EPSILON_GREEDY,Epsilon-Greedy — Battle strategy,52,39,train,0.14239574134637467,3302.7553400000006,330.27553400000005,27.611611868750984,29.647238949106193,0.910385728750178,37.65416110137419,13
HPG,GOOD,EPSILON_GREEDY,Epsilon-Greedy — Battle strategy,52,39,test,0.14239574134637467,782.9963799999991,78.29963799999992,21.297189097466806,17.850997169383266,1.0628713326229315,20.585226433537336,2
HPG,GOOD,EPSILON_GREEDY,Epsilon-Greedy — Battle strategy,52,40,train,0.13527595427905592,3302.1275300000007,330.2127530000001,27.6085005949682,29.658196897582723,0.9100750310006458,37.65773018813362,13
HPG,GOOD,EPSILON_GREEDY,Epsilon-Greedy — Battle strategy,52,40,test,0.13527595427905592,824.1320399999997,82.41320399999998,22.224411651738407,17.909007926371885,1.1027169031071098,20.476075754125215,2
HPG,GOOD,EPSILON_GREEDY,Epsilon-Greedy — Battle strategy,52,41,train,0.12851215656510312,3296.155100000001,329.6155100000001,27.578883757151583,29.637224614309236,0.9097199579321543,37.644987480880786,13
HPG,GOOD,EPSILON_GREEDY,Epsilon-Greedy — Battle strategy,52,41,test,0.12851215656510312,840.3737099999996,84.03737099999996,22.586672818773266,17.92973343230049,1.1182424573933312,20.595652440221652,2
HPG,GOOD,EPSILON_GREEDY,Epsilon-Greedy — Battle strategy,52,42,train,0.12208654873684796,3302.0728100000006,330.2072810000001,27.608229398030225,29.65670008213038,0.910099210659415,37.65804130224915,13
HPG,GOOD,EPSILON_GREEDY,Epsilon-Greedy — Battle strategy,52,42,test,0.12208654873684796,842.0306999999996,84.20306999999995,22.623511140566087,17.754270623060222,1.1292426095506647,19.874128677310917,2
HPG,GOOD,EPSILON_GREEDY,Epsilon-Greedy — Battle strategy,52,43,train,0.11598222130000556,3303.191320000001,330.3191320000001,27.61377225721977,29.64904155305331,0.9104067620311685,37.651682962178114,13
HPG,GOOD,EPSILON_GREEDY,Epsilon-Greedy — Battle strategy,52,43,test,0.11598222130000556,782.541089999999,78.2541089999999,21.286847247584205,17.621734119069437,1.073921535241794,19.96827785479146,2
HPG,GOOD,EPSILON_GREEDY,Epsilon-Greedy — Battle strategy,52,44,train,0.11018311023500528,3302.104160000001,330.21041600000007,27.608384771627435,29.662588342567155,0.9099819250443054,37.66813162508136,14
HPG,GOOD,EPSILON_GREEDY,Epsilon-Greedy — Battle strategy,52,44,test,0.11018311023500528,779.4320899999993,77.94320899999994,21.216179663982793,17.621967449687954,1.0705900118182476,19.96827785479146,2
HPG,GOOD,EPSILON_GREEDY,Epsilon-Greedy — Battle strategy,52,45,train,0.10467395472325501,3303.299180000001,330.3299180000001,27.61430670200138,29.650181588027735,0.9103966795744806,37.651069929124596,13
HPG,GOOD,EPSILON_GREEDY,Epsilon-Greedy — Battle strategy,52,45,test,0.10467395472325501,784.8096299999997,78.48096299999997,21.338359377291315,17.62493530176286,1.0761783241560359,20.006579771077337,2
HPG,GOOD,EPSILON_GREEDY,Epsilon-Greedy — Battle strategy,53,1,train,1.0,-39.24955000000068,-3.924955000000068,-0.6667890914516139,15.054203521570283,-0.10223083012092687,37.40424460840407,7
HPG,GOOD,EPSILON_GREEDY,Epsilon-Greedy — Battle strategy,53,1,test,1.0,2087.7525000000005,208.77525000000006,45.7052645123313,25.715115965001267,1.5207519433051846,22.48369298699649,6
HPG,GOOD,EPSILON_GREEDY,Epsilon-Greedy — Battle strategy,53,2,train,0.95,-41.31796000000054,-4.131796000000055,-0.7025534382526732,15.07920589926911,-0.10422067933758065,37.43235176938526,7
HPG,GOOD,EPSILON_GREEDY,Epsilon-Greedy — Battle strategy,53,2,test,0.95,2089.18393,208.91839300000004,45.72781254910376,25.750695745282403,1.5196128164897844,22.475356467641927,6
HPG,GOOD,EPSILON_GREEDY,Epsilon-Greedy — Battle strategy,53,3,train,0.9025,-41.714730000000486,-4.171473000000049,-0.7094212321100968,15.084168108751097,-0.1045992150034336,37.442450699170806,7
HPG,GOOD,EPSILON_GREEDY,Epsilon-Greedy — Battle strategy,53,3,test,0.9025,2089.18393,208.91839300000004,45.72781254910376,25.750695745282403,1.5196128164897844,22.475356467641927,6
HPG,GOOD,EPSILON_GREEDY,Epsilon-Greedy — Battle strategy,53,4,train,0.8573749999999999,-41.78006000000039,-4.178006000000039,-0.7105522729463742,15.085143703844942,-0.10465885134283903,37.444114056780556,7
HPG,GOOD,EPSILON_GREEDY,Epsilon-Greedy — Battle strategy,53,4,test,0.8573749999999999,2089.18393,208.91839300000004,45.72781254910376,25.750695745282403,1.5196128164897844,22.475356467641927,6
HPG,GOOD,EPSILON_GREEDY,Epsilon-Greedy — Battle strategy,53,5,train,0.8145062499999999,150.50172999999927,15.050172999999928,2.370166941199603,16.28339024825551,0.10372771588091116,37.63479691184355,7
HPG,GOOD,EPSILON_GREEDY,Epsilon-Greedy — Battle strategy,53,5,test,0.8145062499999999,2093.3380800000004,209.33380800000006,45.7932097773778,25.804789973386722,1.5187198270514648,22.451198038238076,6
HPG,GOOD,EPSILON_GREEDY,Epsilon-Greedy — Battle strategy,53,6,train,0.7737809374999998,175.61835999999948,17.561835999999946,2.7402279950163644,16.38324455403591,0.12628824418506873,37.62516469715503,7
HPG,GOOD,EPSILON_GREEDY,Epsilon-Greedy — Battle strategy,53,6,test,0.7737809374999998,2093.3380800000004,209.33380800000006,45.7932097773778,25.804789973386722,1.5187198270514648,22.451198038238076,6
HPG,GOOD,EPSILON_GREEDY,Epsilon-Greedy — Battle strategy,53,7,train,0.7350918906249998,175.38548999999966,17.538548999999968,2.7368273319515524,16.38596233420218,0.12609061898635918,37.6300084645406,7
HPG,GOOD,EPSILON_GREEDY,Epsilon-Greedy — Battle strategy,53,7,test,0.7350918906249998,2093.3380800000004,209.33380800000006,45.7932097773778,25.804789973386722,1.5187198270514648,22.451198038238076,6
HPG,GOOD,EPSILON_GREEDY,Epsilon-Greedy — Battle strategy,53,8,train,0.6983372960937497,198.71286999999916,19.871286999999917,3.074729257913611,16.408452777538418,0.14631950392066198,37.50877622204577,7
HPG,GOOD,EPSILON_GREEDY,Epsilon-Greedy — Battle strategy,53,8,test,0.6983372960937497,2094.1388800000004,209.41388800000004,45.80580974513624,25.848981646424228,1.5169032874968418,22.446546961131585,6
HPG,GOOD,EPSILON_GREEDY,Epsilon-Greedy — Battle strategy,53,9,train,0.6634204312890623,198.8027799999993,19.88027799999993,3.0760209872822797,16.407449709646336,0.14639550158805495,37.50694458388394,7
HPG,GOOD,EPSILON_GREEDY,Epsilon-Greedy — Battle strategy,53,9,test,0.6634204312890623,2094.1388800000004,209.41388800000004,45.80580974513624,25.848981646424228,1.5169032874968418,22.446546961131585,6
HPG,GOOD,EPSILON_GREEDY,Epsilon-Greedy — Battle strategy,53,10,train,0.6302494097246091,206.88094999999953,20.688094999999954,3.1917513967046673,16.43476045495319,0.15331147176988635,37.49773051482444,7
HPG,GOOD,EPSILON_GREEDY,Epsilon-Greedy — Battle strategy,53,10,test,0.6302494097246091,2094.1388800000004,209.41388800000004,45.80580974513624,25.848981646424228,1.5169032874968418,22.446546961131585,6
HPG,GOOD,EPSILON_GREEDY,Epsilon-Greedy — Battle strategy,53,11,train,0.5987369392383787,408.3107400000001,40.831074000000015,5.887680822981856,17.327867228922493,0.30423257791416963,37.55761200917795,7
HPG,GOOD,EPSILON_GREEDY,Epsilon-Greedy — Battle strategy,53,11,test,0.5987369392383787,2094.1388800000004,209.41388800000004,45.80580974513624,25.848981646424228,1.5169032874968418,22.446546961131585,6
HPG,GOOD,EPSILON_GREEDY,Epsilon-Greedy — Battle strategy,53,12,train,0.5688000922764597,412.6710200000002,41.26710200000002,5.942387723584397,17.37751726923448,0.30685672732126107,37.62464173594818,7
HPG,GOOD,EPSILON_GREEDY,Epsilon-Greedy — Battle strategy,53,12,test,0.5688000922764597,2094.1388800000004,209.41388800000004,45.80580974513624,25.848981646424228,1.5169032874968418,22.446546961131585,6
HPG,GOOD,EPSILON_GREEDY,Epsilon-Greedy — Battle strategy,53,13,train,0.5403600876626367,439.34855000000016,43.93485500000002,6.274071752840271,17.448611249077867,0.32438809551170855,37.590452025185606,7
HPG,GOOD,EPSILON_GREEDY,Epsilon-Greedy — Battle strategy,53,13,test,0.5403600876626367,2094.1388800000004,209.41388800000004,45.80580974513624,25.848981646424228,1.5169032874968418,22.446546961131585,6
HPG,GOOD,EPSILON_GREEDY,Epsilon-Greedy — Battle strategy,53,14,train,0.5133420832795048,461.3160700000001,46.13160700000001,6.543373317084611,17.53826894074761,0.3381796928112217,37.63605072759338,7
HPG,GOOD,EPSILON_GREEDY,Epsilon-Greedy — Battle strategy,53,14,test,0.5133420832795048,2116.13428,211.61342800000003,46.15104437517805,26.042242537843148,1.516701762322208,22.47351273268454,6
HPG,GOOD,EPSILON_GREEDY,Epsilon-Greedy — Battle strategy,53,15,train,0.48767497911552954,477.9505500000005,47.79505500000005,6.745062278548941,17.584621359503057,0.3486008270001763,37.63275147439414,7
HPG,GOOD,EPSILON_GREEDY,Epsilon-Greedy — Battle strategy,53,15,test,0.48767497911552954,2115.2896200000005,211.52896200000004,46.137816813277176,26.054520523844744,1.515759936557192,22.4783883610955,6
HPG,GOOD,EPSILON_GREEDY,Epsilon-Greedy — Battle strategy,53,16,train,0.46329123015975304,484.9004800000007,48.490048000000066,6.828768838406152,17.633262252470587,0.3526083303594871,37.65361660330271,7
HPG,GOOD,EPSILON_GREEDY,Epsilon-Greedy — Battle strategy,53,16,test,0.46329123015975304,2116.6209500000004,211.66209500000005,46.15866465023899,26.089456848381676,1.5146313764569574,22.470704489168714,6
HPG,GOOD,EPSILON_GREEDY,Epsilon-Greedy — Battle strategy,53,17,train,0.44012666865176536,484.91091000000074,48.491091000000075,6.828894214282233,17.633212966925456,0.3526155430822633,37.6534449665878,7
HPG,GOOD,EPSILON_GREEDY,Epsilon-Greedy — Battle strategy,53,17,test,0.44012666865176536,2116.6209500000004,211.66209500000005,46.15866465023899,26.089456848381676,1.5146313764569574,22.470704489168714,6
HPG,GOOD,EPSILON_GREEDY,Epsilon-Greedy — Battle strategy,53,18,train,0.4181203352191771,485.3191100000006,48.53191100000006,6.833800487036346,17.63905612356821,0.35281943985233055,37.646728831310476,7
HPG,GOOD,EPSILON_GREEDY,Epsilon-Greedy — Battle strategy,53,18,test,0.4181203352191771,2116.6209500000004,211.66209500000005,46.15866465023899,26.089456848381676,1.5146313764569574,22.470704489168714,6
HPG,GOOD,EPSILON_GREEDY,Epsilon-Greedy — Battle strategy,53,19,train,0.3972143184582182,488.1052200000006,48.81052200000006,6.867257582175923,17.61370638940563,0.35486846231264285,37.60095272738535,7
HPG,GOOD,EPSILON_GREEDY,Epsilon-Greedy — Battle strategy,53,19,test,0.3972143184582182,2141.3490800000004,214.13490800000002,46.54481870384617,26.262895566046563,1.5164566296620832,22.481634386496253,7
HPG,GOOD,EPSILON_GREEDY,Epsilon-Greedy — Battle strategy,53,20,train,0.37735360253530725,489.56539000000066,48.95653900000006,6.8847712502019265,17.600315136917573,0.35594459512131693,37.577006399670886,7
HPG,GOOD,EPSILON_GREEDY,Epsilon-Greedy — Battle strategy,53,20,test,0.37735360253530725,2141.3490800000004,214.13490800000002,46.54481870384617,26.262895566046563,1.5164566296620832,22.481634386496253,7
HPG,GOOD,EPSILON_GREEDY,Epsilon-Greedy — Battle strategy,53,21,train,0.3584859224085419,488.23510000000056,48.823510000000056,6.868815977320497,17.609273728240044,0.35499697908423167,37.588315756075154,7
HPG,GOOD,EPSILON_GREEDY,Epsilon-Greedy — Battle strategy,53,21,test,0.3584859224085419,2141.3490800000004,214.13490800000002,46.54481870384617,26.262895566046563,1.5164566296620832,22.481634386496253,7
HPG,GOOD,EPSILON_GREEDY,Epsilon-Greedy — Battle strategy,53,22,train,0.3405616262881148,493.4394200000006,49.34394200000006,6.931168197597626,17.635663067069878,0.35806667056886743,37.63778383400617,7
HPG,GOOD,EPSILON_GREEDY,Epsilon-Greedy — Battle strategy,53,22,test,0.3405616262881148,2143.5913200000005,214.35913200000005,46.57973322155933,26.262777694693153,1.5173739826520132,22.468802033755473,7
HPG,GOOD,EPSILON_GREEDY,Epsilon-Greedy — Battle strategy,53,23,train,0.323533544973709,509.9918400000008,50.999184000000085,7.128284504085425,17.703219064620768,0.367871070813573,37.64930839271816,7
HPG,GOOD,EPSILON_GREEDY,Epsilon-Greedy — Battle strategy,53,23,test,0.323533544973709,2143.5913200000005,214.35913200000005,46.57973322155933,26.262777694693153,1.5173739826520132,22.468802033755473,7
HPG,GOOD,EPSILON_GREEDY,Epsilon-Greedy — Battle strategy,53,24,train,0.3073568677250236,694.0388200000009,69.4038820000001,9.206852089479533,18.68227100743799,0.4619067494929011,37.448913276225895,7
HPG,GOOD,EPSILON_GREEDY,Epsilon-Greedy — Battle strategy,53,24,test,0.3073568677250236,2143.5913200000005,214.35913200000005,46.57973322155933,26.262777694693153,1.5173739826520132,22.468802033755473,7
HPG,GOOD,EPSILON_GREEDY,Epsilon-Greedy — Battle strategy,53,25,train,0.2919890243387724,1693.6639799999984,169.36639799999983,18.00607384219508,25.608739306748518,0.7019909692810821,35.870060770306026,10
HPG,GOOD,EPSILON_GREEDY,Epsilon-Greedy — Battle strategy,53,25,test,0.2919890243387724,2143.5913200000005,214.35913200000005,46.57973322155933,26.262777694693153,1.5173739826520132,22.468802033755473,7
HPG,GOOD,EPSILON_GREEDY,Epsilon-Greedy — Battle strategy,53,26,train,0.27738957312183377,1693.6639799999984,169.36639799999983,18.00607384219508,25.608739306748518,0.7019909692810821,35.870060770306026,10
HPG,GOOD,EPSILON_GREEDY,Epsilon-Greedy — Battle strategy,53,26,test,0.27738957312183377,2143.7159100000003,214.37159100000005,46.58167275915199,26.260929311491576,1.5175130418969398,22.46808943404365,7
HPG,GOOD,EPSILON_GREEDY,Epsilon-Greedy — Battle strategy,53,27,train,0.26352009446574204,1659.4539299999988,165.94539299999988,17.754327264387214,26.0145702743348,0.6867626303924838,35.85979567419438,10
HPG,GOOD,EPSILON_GREEDY,Epsilon-Greedy — Battle strategy,53,27,test,0.26352009446574204,2145.09729,214.50972900000002,46.60317377095444,26.301214015122937,1.5161545970103518,22.460191578991086,7
HPG,GOOD,EPSILON_GREEDY,Epsilon-Greedy — Battle strategy,53,28,train,0.2503440897424549,1663.1091799999986,166.31091799999987,17.781353969751713,26.009456442683575,0.6877360603263092,35.72782512649329,10
HPG,GOOD,EPSILON_GREEDY,Epsilon-Greedy — Battle strategy,53,28,test,0.2503440897424549,2145.09729,214.50972900000002,46.60317377095444,26.301214015122937,1.5161545970103518,22.460191578991086,7
HPG,GOOD,EPSILON_GREEDY,Epsilon-Greedy — Battle strategy,53,29,train,0.23782688525533216,1654.4217499999986,165.44217499999988,17.717068956281977,26.089110445549263,0.6843186045953494,35.72599260269575,10
HPG,GOOD,EPSILON_GREEDY,Epsilon-Greedy — Battle strategy,53,29,test,0.23782688525533216,2147.1093,214.71093,46.6344792109588,26.399951126221556,1.5122872002091867,22.80286843863711,7
HPG,GOOD,EPSILON_GREEDY,Epsilon-Greedy — Battle strategy,53,30,train,0.22593554099256555,1654.4748899999995,165.44748899999996,17.717462712576214,26.386590431603242,0.6795726317416501,35.72551880746066,10
HPG,GOOD,EPSILON_GREEDY,Epsilon-Greedy — Battle strategy,53,30,test,0.22593554099256555,2165.99159,216.599159,46.92762656672487,26.52377998735811,1.5140277194128096,23.009654421593122,7
HPG,GOOD,EPSILON_GREEDY,Epsilon-Greedy — Battle strategy,53,31,train,0.21463876394293727,1649.7637699999996,164.97637699999996,17.682528759643002,26.454705927492633,0.6773715914349951,35.85206626013749,10
HPG,GOOD,EPSILON_GREEDY,Epsilon-Greedy — Battle strategy,53,31,test,0.21463876394293727,2168.5841800000003,216.85841800000003,46.967785487848566,26.6224026168191,1.5104410386784175,23.639119318840677,7
HPG,GOOD,EPSILON_GREEDY,Epsilon-Greedy — Battle strategy,53,32,train,0.2039068257457904,1658.42992,165.842992,17.746750246351283,26.371262588267612,0.6807676734102603,35.85367694838827,10
HPG,GOOD,EPSILON_GREEDY,Epsilon-Greedy — Battle strategy,53,32,test,0.2039068257457904,2168.5841800000003,216.85841800000003,46.967785487848566,26.6224026168191,1.5104410386784175,23.639119318840677,7
HPG,GOOD,EPSILON_GREEDY,Epsilon-Greedy — Battle strategy,53,33,train,0.19371148445850087,1664.9282899999998,166.49282899999997,17.794792850131437,26.35810900930687,0.6825384200181983,35.67791370457577,10
HPG,GOOD,EPSILON_GREEDY,Epsilon-Greedy — Battle strategy,53,33,test,0.19371148445850087,2165.99159,216.599159,46.92762656672487,26.52377998735811,1.5140277194128096,23.009654421593122,7
HPG,GOOD,EPSILON_GREEDY,Epsilon-Greedy — Battle strategy,53,34,train,0.18402591023557582,1674.0665200000003,167.406652,17.862187182132814,26.48360680649338,0.6827369568534922,35.65439905362689,10
HPG,GOOD,EPSILON_GREEDY,Epsilon-Greedy — Battle strategy,53,34,test,0.18402591023557582,2167.64324,216.764324,46.953212966701344,26.5630609710498,1.5128433833844153,23.318806769319504,7
HPG,GOOD,EPSILON_GREEDY,Epsilon-Greedy — Battle strategy,53,35,train,0.174824614723797,1675.6071300000003,167.56071300000005,17.873530259426794,26.47779986488908,0.6831952020940469,35.575018679440454,10
HPG,GOOD,EPSILON_GREEDY,Epsilon-Greedy — Battle strategy,53,35,test,0.174824614723797,2167.64324,216.764324,46.953212966701344,26.5630609710498,1.5128433833844153,23.318806769319504,7
HPG,GOOD,EPSILON_GREEDY,Epsilon-Greedy — Battle strategy,53,36,train,0.16608338398760716,1676.2291800000003,167.62291800000003,17.87810869663373,26.4669108890897,0.6835162817558748,35.56953238429829,10
HPG,GOOD,EPSILON_GREEDY,Epsilon-Greedy — Battle strategy,53,36,test,0.16608338398760716,2167.64324,216.764324,46.953212966701344,26.5630609710498,1.5128433833844153,23.318806769319504,7
HPG,GOOD,EPSILON_GREEDY,Epsilon-Greedy — Battle strategy,53,37,train,0.1577792147882268,1677.1767400000003,167.71767400000004,17.885081262328907,26.462521274645006,0.683812643658827,35.561178439528106,10
HPG,GOOD,EPSILON_GREEDY,Epsilon-Greedy — Battle strategy,53,37,test,0.1577792147882268,2171.28688,217.128688,47.00962670455118,26.659364994817373,1.5097910159402885,23.857204551000795,7
HPG,GOOD,EPSILON_GREEDY,Epsilon-Greedy — Battle strategy,53,38,train,0.14989025404881545,1676.8796700000003,167.68796700000001,17.88289551106739,26.48888224782792,0.6833247906711142,35.56379706654541,10
HPG,GOOD,EPSILON_GREEDY,Epsilon-Greedy — Battle strategy,53,38,test,0.14989025404881545,2171.28688,217.128688,47.00962670455118,26.659364994817373,1.5097910159402885,23.857204551000795,7
HPG,GOOD,EPSILON_GREEDY,Epsilon-Greedy — Battle strategy,53,39,train,0.14239574134637467,1678.03742,167.803742,17.891412745311253,26.487148097669895,0.6836273197818632,35.51922357065104,10
HPG,GOOD,EPSILON_GREEDY,Epsilon-Greedy — Battle strategy,53,39,test,0.14239574134637467,2171.28688,217.128688,47.00962670455118,26.659364994817373,1.5097910159402885,23.857204551000795,7
HPG,GOOD,EPSILON_GREEDY,Epsilon-Greedy — Battle strategy,53,40,train,0.13527595427905592,1663.7184100000004,166.37184100000005,17.78585557643313,26.442471161610126,0.6809166728844351,35.85780094032973,10
HPG,GOOD,EPSILON_GREEDY,Epsilon-Greedy — Battle strategy,53,40,test,0.13527595427905592,2118.2514100000003,211.82514100000006,46.184188605484565,26.42106727086102,1.499598997037231,23.28900649078431,7
HPG,GOOD,EPSILON_GREEDY,Epsilon-Greedy — Battle strategy,53,41,train,0.12851215656510312,1665.1170100000004,166.51170100000004,17.796186602930764,26.441128005207894,0.6812725707140724,35.82313266574522,10
HPG,GOOD,EPSILON_GREEDY,Epsilon-Greedy — Battle strategy,53,41,test,0.12851215656510312,2118.2514100000003,211.82514100000006,46.184188605484565,26.42106727086102,1.499598997037231,23.28900649078431,7
HPG,GOOD,EPSILON_GREEDY,Epsilon-Greedy — Battle strategy,53,42,train,0.12208654873684796,1665.1170100000004,166.51170100000004,17.796186602930764,26.441128005207894,0.6812725707140724,35.82313266574522,10
HPG,GOOD,EPSILON_GREEDY,Epsilon-Greedy — Battle strategy,53,42,test,0.12208654873684796,2118.2514100000003,211.82514100000006,46.184188605484565,26.42106727086102,1.499598997037231,23.28900649078431,7
HPG,GOOD,EPSILON_GREEDY,Epsilon-Greedy — Battle strategy,53,43,train,0.11598222130000556,1672.7164000000002,167.27164000000002,17.852242152913366,26.51065893200587,0.6819917020151111,35.834271224945745,10
HPG,GOOD,EPSILON_GREEDY,Epsilon-Greedy — Battle strategy,53,43,test,0.11598222130000556,2118.2514100000003,211.82514100000006,46.184188605484565,26.42106727086102,1.499598997037231,23.28900649078431,7
HPG,GOOD,EPSILON_GREEDY,Epsilon-Greedy — Battle strategy,53,44,train,0.11018311023500528,1666.72381,166.672381,17.808049966034822,26.428407379163804,0.6818568647752934,35.73905521054247,10
HPG,GOOD,EPSILON_GREEDY,Epsilon-Greedy — Battle strategy,53,44,test,0.11018311023500528,2119.3224800000003,211.93224800000002,46.2009507798455,26.469324017771466,1.4977857183225722,23.610257998440346,7
HPG,GOOD,EPSILON_GREEDY,Epsilon-Greedy — Battle strategy,53,45,train,0.10467395472325501,1659.61751,165.96175100000002,17.75553742649576,26.409161382038043,0.6804618377784408,35.947935880181234,10
HPG,GOOD,EPSILON_GREEDY,Epsilon-Greedy — Battle strategy,53,45,test,0.10467395472325501,2119.3224800000003,211.93224800000002,46.2009507798455,26.469324017771466,1.4977857183225722,23.610257998440346,7
HPG,GOOD,EPSILON_GREEDY,Epsilon-Greedy — Battle strategy,54,1,train,1.0,147.60357999999815,14.760357999999815,2.327034590322996,3.036122329035205,0.12083746214186271,3.5108959258856522,0
HPG,GOOD,EPSILON_GREEDY,Epsilon-Greedy — Battle strategy,54,1,test,1.0,27.614129999999705,2.7614129999999704,0.9135916795313337,0.6446130804642487,-1.6833146777303474,0.44400690724278274,0
HPG,GOOD,EPSILON_GREEDY,Epsilon-Greedy — Battle strategy,54,2,train,0.95,150.08895999999822,15.008895999999822,2.3640293320744465,3.0379200374313586,0.1327887227966821,3.509574840458945,0
HPG,GOOD,EPSILON_GREEDY,Epsilon-Greedy — Battle strategy,54,2,test,0.95,27.614129999999705,2.7614129999999704,0.9135916795313337,0.6446130804642487,-1.6833146777303474,0.44400690724278274,0
HPG,GOOD,EPSILON_GREEDY,Epsilon-Greedy — Battle strategy,54,3,train,0.9025,149.58822999999848,14.958822999999846,2.356581354225318,3.0379815417340716,0.13037017453533023,3.509574840458945,0
HPG,GOOD,EPSILON_GREEDY,Epsilon-Greedy — Battle strategy,54,3,test,0.9025,27.614129999999705,2.7614129999999704,0.9135916795313337,0.6446130804642487,-1.6833146777303474,0.44400690724278274,0
HPG,GOOD,EPSILON_GREEDY,Epsilon-Greedy — Battle strategy,54,4,train,0.8573749999999999,150.24402999999847,15.024402999999847,2.366335332625047,3.0381466709750735,0.13352918190356897,3.509574840458945,0
HPG,GOOD,EPSILON_GREEDY,Epsilon-Greedy — Battle strategy,54,4,test,0.8573749999999999,27.614129999999705,2.7614129999999704,0.9135916795313337,0.6446130804642487,-1.6833146777303474,0.44400690724278274,0
HPG,GOOD,EPSILON_GREEDY,Epsilon-Greedy — Battle strategy,54,5,train,0.8145062499999999,150.1029599999979,15.01029599999979,2.3642375326084375,3.042891669723262,0.13268888186834496,3.5090031904611596,0
HPG,GOOD,EPSILON_GREEDY,Epsilon-Greedy — Battle strategy,54,5,test,0.8145062499999999,26.532899999999472,2.653289999999947,0.8781297106287722,0.6474003627348744,-1.7305327484019615,0.44400690724278274,0
HPG,GOOD,EPSILON_GREEDY,Epsilon-Greedy — Battle strategy,54,6,train,0.7737809374999998,141.45979999999827,14.145979999999827,2.2352975794264873,3.132276642391011,0.08919060977453552,4.443542941583267,0
HPG,GOOD,EPSILON_GREEDY,Epsilon-Greedy — Battle strategy,54,6,test,0.7737809374999998,22.524119999999584,2.2524119999999583,0.7464329743035458,0.7696626983187344,-1.6248738380349932,0.8560596440787814,0
HPG,GOOD,EPSILON_GREEDY,Epsilon-Greedy — Battle strategy,54,7,train,0.7350918906249998,145.35055999999872,14.535055999999871,2.2934408028489894,3.1154454599520034,0.10791574123670682,4.389196231750734,0
HPG,GOOD,EPSILON_GREEDY,Epsilon-Greedy — Battle strategy,54,7,test,0.7350918906249998,25.92692999999963,2.592692999999963,0.8582443449217658,0.872865091634482,-1.3042353765942238,0.852679173489641,0
HPG,GOOD,EPSILON_GREEDY,Epsilon-Greedy — Battle strategy,54,8,train,0.6983372960937497,145.73617999999874,14.573617999999874,2.299194514402303,3.1020319403663383,0.11007464935465894,4.389834213233735,0
HPG,GOOD,EPSILON_GREEDY,Epsilon-Greedy — Battle strategy,54,8,test,0.6983372960937497,21.58355999999958,2.1583559999999578,0.7154838313630174,0.8280006677844023,-1.5470742917361557,0.8555273966410151,0
HPG,GOOD,EPSILON_GREEDY,Epsilon-Greedy — Battle strategy,54,9,train,0.6634204312890623,144.66748999999913,14.466748999999911,2.283244974286136,3.0715860425724153,0.10573898438510153,4.431861220313085,0
HPG,GOOD,EPSILON_GREEDY,Epsilon-Greedy — Battle strategy,54,9,test,0.6634204312890623,26.556839999999738,2.6556839999999737,0.8789151593268985,0.8773748301850401,-1.2740421468770768,0.8521511200105506,0
HPG,GOOD,EPSILON_GREEDY,Epsilon-Greedy — Battle strategy,54,10,train,0.6302494097246091,123.03350999999884,12.303350999999886,1.9576735628225483,3.073952529856839,0.0010449875286474247,4.433396162217049,0
HPG,GOOD,EPSILON_GREEDY,Epsilon-Greedy — Battle strategy,54,10,test,0.6302494097246091,21.58355999999958,2.1583559999999578,0.7154838313630174,0.8280006677844023,-1.5470742917361557,0.8555273966410151,0
HPG,GOOD,EPSILON_GREEDY,Epsilon-Greedy — Battle strategy,54,11,train,0.5987369392383787,122.3033199999984,12.230331999999839,1.946594047098671,3.066640036240365,-0.0026018535589834337,4.437998141320802,0
HPG,GOOD,EPSILON_GREEDY,Epsilon-Greedy — Battle strategy,54,11,test,0.5987369392383787,28.414259999999786,2.8414259999999785,0.939818186937047,0.8802495954891916,-1.2010306503821544,0.8515738196697589,0
HPG,GOOD,EPSILON_GREEDY,Epsilon-Greedy — Battle strategy,54,12,train,0.5688000922764597,120.13040999999862,12.013040999999863,1.9135879078244544,3.033697259945221,-0.013731405468463288,4.379864227171961,0
HPG,GOOD,EPSILON_GREEDY,Epsilon-Greedy — Battle strategy,54,12,test,0.5688000922764597,29.22707999999966,2.922707999999966,0.9664467310160685,0.8748302618051951,-1.178260808155181,0.8514621420778743,0
HPG,GOOD,EPSILON_GREEDY,Epsilon-Greedy — Battle strategy,54,13,train,0.5403600876626367,131.56954999999812,13.156954999999812,2.086751842236989,3.020086061600761,0.0427831663376409,4.009402565448439,0
HPG,GOOD,EPSILON_GREEDY,Epsilon-Greedy — Battle strategy,54,13,test,0.5403600876626367,29.22707999999966,2.922707999999966,0.9664467310160685,0.8748302618051951,-1.178260808155181,0.8514621420778743,0
HPG,GOOD,EPSILON_GREEDY,Epsilon-Greedy — Battle strategy,54,14,train,0.5133420832795048,130.38614999999845,13.038614999999846,2.0689055091485775,3.023152278968468,0.03693585787390782,4.057422072712358,0
HPG,GOOD,EPSILON_GREEDY,Epsilon-Greedy — Battle strategy,54,14,test,0.5133420832795048,30.409679999999753,3.040967999999975,1.0051645170419787,0.8824839834659556,-1.1243573374553262,0.8498662009421448,0
HPG,GOOD,EPSILON_GREEDY,Epsilon-Greedy — Battle strategy,54,15,train,0.48767497911552954,161.57365999999843,16.157365999999843,2.5341185475122874,3.2699904780654467,0.1768286047328122,3.97315290664982,0
HPG,GOOD,EPSILON_GREEDY,Epsilon-Greedy — Battle strategy,54,15,test,0.48767497911552954,30.388829999999643,3.0388829999999647,1.0044821539329396,0.8825049780764193,-1.1250987724392685,0.8498835754768964,0
HPG,GOOD,EPSILON_GREEDY,Epsilon-Greedy — Battle strategy,54,16,train,0.46329123015975304,157.19584999999847,15.719584999999848,2.4694487777371155,3.211522992172046,0.1596387055208249,3.9913487615079997,0
HPG,GOOD,EPSILON_GREEDY,Epsilon-Greedy — Battle strategy,54,16,test,0.46329123015975304,31.1766599999994,3.1176659999999403,1.0302592717361891,0.8839121504230659,-1.0943163736718704,0.8498835754768964,0
HPG,GOOD,EPSILON_GREEDY,Epsilon-Greedy — Battle strategy,54,17,train,0.44012666865176536,167.4825799999985,16.74825799999985,2.6210849778391276,3.46866134758312,0.1932881858501103,4.442754164858558,0
HPG,GOOD,EPSILON_GREEDY,Epsilon-Greedy — Battle strategy,54,17,test,0.44012666865176536,33.793559999999616,3.379355999999962,1.1157879374775082,0.9161633863391958,-0.9627669904173068,0.8495909031527868,0
HPG,GOOD,EPSILON_GREEDY,Epsilon-Greedy — Battle strategy,54,18,train,0.4181203352191771,172.79369999999903,17.2793699999999,2.6989407981798275,3.493158514351513,0.2140814127193587,4.483124603883603,0
HPG,GOOD,EPSILON_GREEDY,Epsilon-Greedy — Battle strategy,54,18,test,0.4181203352191771,32.807909999999765,3.2807909999999767,1.0835906903659875,0.9174199437858178,-0.9962798830488376,0.8494678565588246,0
HPG,GOOD,EPSILON_GREEDY,Epsilon-Greedy — Battle strategy,54,19,train,0.3972143184582182,177.5378699999992,17.75378699999992,2.7682377619382192,3.503873442837007,0.23295502473337712,4.495967091984046,0
HPG,GOOD,EPSILON_GREEDY,Epsilon-Greedy — Battle strategy,54,19,test,0.3972143184582182,33.94907999999964,3.394907999999964,1.120866286423472,0.9260499457867704,-0.9469466443777911,0.8485188790134924,0
HPG,GOOD,EPSILON_GREEDY,Epsilon-Greedy — Battle strategy,54,20,train,0.37735360253530725,173.74299999999835,17.374299999999835,2.7128256592063416,3.486249275019899,0.2183488883017575,4.494394715943181,0
HPG,GOOD,EPSILON_GREEDY,Epsilon-Greedy — Battle strategy,54,20,test,0.37735360253530725,29.121479999999565,2.9121479999999567,0.9629879940882713,0.9469122605248885,-1.0915069633963113,0.8501225411359815,0
HPG,GOOD,EPSILON_GREEDY,Epsilon-Greedy — Battle strategy,54,21,train,0.3584859224085419,201.30674999999837,20.130674999999837,3.111962936998802,3.6337572410464594,0.3186104227672569,4.100083105977053,0
HPG,GOOD,EPSILON_GREEDY,Epsilon-Greedy — Battle strategy,54,21,test,0.3584859224085419,33.64916999999946,3.364916999999946,1.111072571873284,0.9594429711444749,-0.9237933350772782,0.8483137653816151,0
HPG,GOOD,EPSILON_GREEDY,Epsilon-Greedy — Battle strategy,54,22,train,0.3405616262881148,227.41734999999835,22.741734999999835,3.4830834037524294,4.583723801432123,0.3401513745581306,5.2674240630442055,0
HPG,GOOD,EPSILON_GREEDY,Epsilon-Greedy — Battle strategy,54,22,test,0.3405616262881148,34.77128999999968,3.4771289999999686,1.1477062731184429,1.017017604165094,-0.8351839800138678,1.0176780826211227,0
HPG,GOOD,EPSILON_GREEDY,Epsilon-Greedy — Battle strategy,54,23,train,0.323533544973709,234.66039999999862,23.46603999999986,3.584866085074978,4.59936387421781,0.3607169525778452,5.267519483779138,0
HPG,GOOD,EPSILON_GREEDY,Epsilon-Greedy — Battle strategy,54,23,test,0.323533544973709,36.41295999999943,3.6412959999999432,1.2012540059225918,1.0216705501837704,-0.7793368112345995,0.8457612113870855,0
HPG,GOOD,EPSILON_GREEDY,Epsilon-Greedy — Battle strategy,54,24,train,0.3073568677250236,237.59368999999947,23.759368999999946,3.625944584676044,4.75887047123922,0.3585980683125821,5.325173207035617,0
HPG,GOOD,EPSILON_GREEDY,Epsilon-Greedy — Battle strategy,54,24,test,0.3073568677250236,30.721279999999524,3.0721279999999527,1.0153612316629923,1.0612232816539715,-0.9238005913691195,0.8928616702032945,0
HPG,GOOD,EPSILON_GREEDY,Epsilon-Greedy — Battle strategy,54,25,train,0.2919890243387724,248.4890799999987,24.84890799999987,3.7778196930930097,5.03838254701251,0.37074210652614725,5.642830130478645,0
HPG,GOOD,EPSILON_GREEDY,Epsilon-Greedy — Battle strategy,54,25,test,0.2919890243387724,31.882849999999507,3.1882849999999503,1.0533540514495732,1.061936782890262,-0.8876291685433493,0.8915425748078221,0
HPG,GOOD,EPSILON_GREEDY,Epsilon-Greedy — Battle strategy,54,26,train,0.27738957312183377,241.42810999999847,24.14281099999985,3.679520609920961,5.338798982107125,0.334887546113442,6.652328007899564,0
HPG,GOOD,EPSILON_GREEDY,Epsilon-Greedy — Battle strategy,54,26,test,0.27738957312183377,39.565879999999424,3.9565879999999423,1.303937204624317,1.2789627953554994,-0.5406482388820029,1.0954386920791046,0
HPG,GOOD,EPSILON_GREEDY,Epsilon-Greedy — Battle strategy,54,27,train,0.26352009446574204,241.87300999999798,24.1873009999998,3.68572800045468,5.414673896403567,0.3320641996139732,6.686210383992633,0
HPG,GOOD,EPSILON_GREEDY,Epsilon-Greedy — Battle strategy,54,27,test,0.26352009446574204,49.802029999999604,4.98020299999996,1.6358813236865721,1.3357104032236655,-0.2712866742136796,1.0945875063033934,0
HPG,GOOD,EPSILON_GREEDY,Epsilon-Greedy — Battle strategy,54,28,train,0.2503440897424549,254.32762999999886,25.432762999999888,3.858751761469481,5.407267387660804,0.3635564130157524,5.806860677122263,0
HPG,GOOD,EPSILON_GREEDY,Epsilon-Greedy — Battle strategy,54,28,test,0.2503440897424549,43.42273999999907,4.3422739999999065,1.429264365057703,1.4133293650438838,-0.4001605648849524,1.369845729522134,0
HPG,GOOD,EPSILON_GREEDY,Epsilon-Greedy — Battle strategy,54,29,train,0.23782688525533216,256.49222999999984,25.64922299999998,3.888677021161535,5.5660015694373675,0.3599743405956916,6.719453723926957,0
HPG,GOOD,EPSILON_GREEDY,Epsilon-Greedy — Battle strategy,54,29,test,0.23782688525533216,49.846429999999145,4.984642999999914,1.6373164476104929,1.4900249044962122,-0.24077657741330863,1.6339966763696288,0
HPG,GOOD,EPSILON_GREEDY,Epsilon-Greedy — Battle strategy,54,30,train,0.22593554099256555,281.6629899999996,28.166298999999956,4.2335431231567355,5.842642728237861,0.40286600801227584,6.658756937760188,0
HPG,GOOD,EPSILON_GREEDY,Epsilon-Greedy — Battle strategy,54,30,test,0.22593554099256555,77.56492999999932,7.756492999999932,2.525473117692223,1.7264773560695434,0.3002553644537765,1.2791699082280967,0
HPG,GOOD,EPSILON_GREEDY,Epsilon-Greedy — Battle strategy,54,31,train,0.21463876394293727,284.44831999999906,28.444831999999902,4.271357562516442,5.977080780513309,0.4012541891419,7.011835670997403,0
HPG,GOOD,EPSILON_GREEDY,Epsilon-Greedy — Battle strategy,54,31,test,0.21463876394293727,80.27543999999921,8.02754399999992,2.611502886290107,1.7352857953534646,0.34733842260449416,1.200695106307479,0
HPG,GOOD,EPSILON_GREEDY,Epsilon-Greedy — Battle strategy,54,32,train,0.2039068257457904,285.0252899999982,28.50252899999982,4.279182132203974,6.017765224304618,0.4002049930125742,6.940123826667112,0
HPG,GOOD,EPSILON_GREEDY,Epsilon-Greedy — Battle strategy,54,32,test,0.2039068257457904,80.27543999999921,8.02754399999992,2.611502886290107,1.7352857953534646,0.34733842260449416,1.200695106307479,0
HPG,GOOD,EPSILON_GREEDY,Epsilon-Greedy — Battle strategy,54,33,train,0.19371148445850087,284.2654799999975,28.42654799999975,4.268877369845048,6.064363953924062,0.39594743868577315,6.751262573709084,0
HPG,GOOD,EPSILON_GREEDY,Epsilon-Greedy — Battle strategy,54,33,test,0.19371148445850087,67.56020999999896,6.756020999999896,2.2066762450114075,1.716712428153064,0.11976998991442238,1.2605606741814683,0
HPG,GOOD,EPSILON_GREEDY,Epsilon-Greedy — Battle strategy,54,34,train,0.18402591023557582,283.52645999999845,28.352645999999844,4.258849694874733,6.314720749116015,0.3811687478482798,6.939967872318431,0
HPG,GOOD,EPSILON_GREEDY,Epsilon-Greedy — Battle strategy,54,34,test,0.18402591023557582,82.48491999999919,8.24849199999992,2.6815239829923954,1.7374742978069264,0.38633499242356284,1.407785261548273,0
HPG,GOOD,EPSILON_GREEDY,Epsilon-Greedy — Battle strategy,54,35,train,0.174824614723797,285.1799799999985,28.51799799999985,4.281279460791776,6.335561398951336,0.38354960762479273,6.946002912301978,0
HPG,GOOD,EPSILON_GREEDY,Epsilon-Greedy — Battle strategy,54,35,test,0.174824614723797,84.64668999999935,8.464668999999937,2.749941009084078,1.9050548196098256,0.3890514395889702,1.6822470770851088,0
HPG,GOOD,EPSILON_GREEDY,Epsilon-Greedy — Battle strategy,54,36,train,0.16608338398760716,281.748529999998,28.174852999999807,4.234705457042587,6.337544535226239,0.3763373537380848,7.033444820260891,0
HPG,GOOD,EPSILON_GREEDY,Epsilon-Greedy — Battle strategy,54,36,test,0.16608338398760716,86.22764999999913,8.622764999999912,2.7999187190354213,1.9804207581709354,0.3996340206551093,1.6121672359755614,0
HPG,GOOD,EPSILON_GREEDY,Epsilon-Greedy — Battle strategy,54,37,train,0.1577792147882268,332.6302299999993,33.26302299999993,4.9149163284909925,7.028052076624205,0.439311371538491,9.527462275368787,0
HPG,GOOD,EPSILON_GREEDY,Epsilon-Greedy — Battle strategy,54,37,test,0.1577792147882268,88.79648999999904,8.879648999999903,2.8810223142506253,1.982104425002725,0.43925131101459935,1.6648999479832727,0
HPG,GOOD,EPSILON_GREEDY,Epsilon-Greedy — Battle strategy,54,38,train,0.14989025404881545,409.41827999999873,40.94182799999987,5.901590089838771,8.277622868106443,0.4986214003273381,12.242716145383833,0
HPG,GOOD,EPSILON_GREEDY,Epsilon-Greedy — Battle strategy,54,38,test,0.14989025404881545,84.5326699999996,8.45326699999996,2.746334704270015,2.0148772849488816,0.36716630726451616,1.5755384820249616,0
HPG,GOOD,EPSILON_GREEDY,Epsilon-Greedy — Battle strategy,54,39,train,0.14239574134637467,405.6161699999991,40.56161699999991,5.853802429755661,8.371979590419587,0.4884933258232548,12.525151159172434,0
HPG,GOOD,EPSILON_GREEDY,Epsilon-Greedy — Battle strategy,54,39,test,0.14239574134637467,83.24908999999934,8.324908999999934,2.7057192963923837,2.0478893208963287,0.3421953985567534,1.7382389754628718,0
HPG,GOOD,EPSILON_GREEDY,Epsilon-Greedy — Battle strategy,54,40,train,0.13527595427905592,403.3547899999992,40.33547899999992,5.825328690749565,8.346055309700743,0.4864990144941007,12.400278646752499,0
HPG,GOOD,EPSILON_GREEDY,Epsilon-Greedy — Battle strategy,54,40,test,0.13527595427905592,82.55834999999956,8.255834999999955,2.6838494333329077,2.0422642773837754,0.3326144494052209,1.7382389754628718,0
HPG,GOOD,EPSILON_GREEDY,Epsilon-Greedy — Battle strategy,54,41,train,0.12851215656510312,398.6110599999988,39.86110599999988,5.7654745250102835,8.339232834824315,0.479983092089004,12.400342858316789,0
HPG,GOOD,EPSILON_GREEDY,Epsilon-Greedy — Battle strategy,54,41,test,0.12851215656510312,83.29156999999941,8.329156999999942,2.7070639735700563,2.051078963717178,0.34233596680637746,1.7382389754628718,0
HPG,GOOD,EPSILON_GREEDY,Epsilon-Greedy — Battle strategy,54,42,train,0.12208654873684796,402.21073999999885,40.22107399999989,5.810909041011003,8.36685553630274,0.4838549903650369,12.97857060942513,0
HPG,GOOD,EPSILON_GREEDY,Epsilon-Greedy — Battle strategy,54,42,test,0.12208654873684796,84.52297999999928,8.452297999999928,2.746028210485929,1.995406057603149,0.37040293957366816,1.7382389754628718,0
HPG,GOOD,EPSILON_GREEDY,Epsilon-Greedy — Battle strategy,54,43,train,0.11598222130000556,401.8678799999991,40.186787999999915,5.806585712146406,8.3877835812686,0.48236387506942036,12.895623041247747,0
HPG,GOOD,EPSILON_GREEDY,Epsilon-Greedy — Battle strategy,54,43,test,0.11598222130000556,86.73238999999944,8.673238999999944,2.815864483374053,1.995850577326537,0.4044990700741033,1.7382389754628718,0
HPG,GOOD,EPSILON_GREEDY,Epsilon-Greedy — Battle strategy,54,44,train,0.11018311023500528,395.37029999999845,39.537029999999845,5.724486840981746,8.485213159854135,0.46856178498858625,14.069607766932752,0
HPG,GOOD,EPSILON_GREEDY,Epsilon-Greedy — Battle strategy,54,44,test,0.11018311023500528,77.20837999999935,7.720837999999936,2.5141457357308328,1.9713851219208274,0.2596299895425978,1.644857008679056,0
HPG,GOOD,EPSILON_GREEDY,Epsilon-Greedy — Battle strategy,54,45,train,0.10467395472325501,395.9463299999986,39.59463299999986,5.731778000985455,8.553584723783674,0.466308187138678,13.806551840812109,0
HPG,GOOD,EPSILON_GREEDY,Epsilon-Greedy — Battle strategy,54,45,test,0.10467395472325501,90.49734999999987,9.049734999999986,2.934651870494376,2.004761487150165,0.4606069907726802,1.6016907820825976,0
HPG,GOOD,EPSILON_GREEDY,Epsilon-Greedy — Battle strategy,55,1,train,1.0,2401.82235,240.182235,22.699154590917068,28.05338737100427,0.8045309138701443,37.637496858552275,11
HPG,GOOD,EPSILON_GREEDY,Epsilon-Greedy — Battle strategy,55,1,test,1.0,1767.19016,176.719016,40.469499546306544,22.663525967294717,1.5307716101498279,21.086159013468578,5
HPG,GOOD,EPSILON_GREEDY,Epsilon-Greedy — Battle strategy,55,2,train,0.95,2432.2850399999993,243.2285039999999,22.882059118663744,28.043345353092192,0.8100787866179354,37.65462852537883,11
HPG,GOOD,EPSILON_GREEDY,Epsilon-Greedy — Battle strategy,55,2,test,0.95,1769.0208400000006,176.90208400000006,40.50051889677864,22.647772152538916,1.5326596869209996,21.074802282247575,5
HPG,GOOD,EPSILON_GREEDY,Epsilon-Greedy — Battle strategy,55,3,train,0.9025,2410.1937799999996,241.01937799999996,22.749553949962653,27.989458452073183,0.8072085730085653,37.63638918547451,11
HPG,GOOD,EPSILON_GREEDY,Epsilon-Greedy — Battle strategy,55,3,test,0.9025,1777.1246200000005,177.71246200000007,40.6376668724715,22.681564847120484,1.535031136134135,21.02467658812373,5
HPG,GOOD,EPSILON_GREEDY,Epsilon-Greedy — Battle strategy,55,4,train,0.8573749999999999,2416.4504399999996,241.64504399999998,22.787154301041703,27.986531211522898,0.8083669697249403,37.650420002893,11
HPG,GOOD,EPSILON_GREEDY,Epsilon-Greedy — Battle strategy,55,4,test,0.8573749999999999,1768.9864100000004,176.89864100000003,40.49993563512104,22.648054516471927,1.5326249572460977,21.075015757907124,5
HPG,GOOD,EPSILON_GREEDY,Epsilon-Greedy — Battle strategy,55,5,train,0.8145062499999999,2417.2269199999996,241.72269199999997,22.7918166743901,27.926933331878057,0.8096327198135659,37.644862169455685,11
HPG,GOOD,EPSILON_GREEDY,Epsilon-Greedy — Battle strategy,55,5,test,0.8145062499999999,1775.5505200000002,177.55505200000002,40.611047763605,22.696381332764496,1.5333378970508895,21.034394469233302,5
HPG,GOOD,EPSILON_GREEDY,Epsilon-Greedy — Battle strategy,55,6,train,0.7737809374999998,2417.6585199999995,241.76585199999994,22.794407834602627,27.93186925562291,0.8096146628909654,37.64177360305691,11
HPG,GOOD,EPSILON_GREEDY,Epsilon-Greedy — Battle strategy,55,6,test,0.7737809374999998,1764.8401300000005,176.48401300000006,40.42966019824228,22.640364004375048,1.5308474277219197,21.06637866347206,5
HPG,GOOD,EPSILON_GREEDY,Epsilon-Greedy — Battle strategy,55,7,train,0.7350918906249998,2417.5649299999995,241.75649299999998,22.793845979423043,27.93129031161782,0.8096091549713896,37.64244329804248,11
HPG,GOOD,EPSILON_GREEDY,Epsilon-Greedy — Battle strategy,55,7,test,0.7350918906249998,1764.8401300000005,176.48401300000006,40.42966019824228,22.640364004375048,1.5308474277219197,21.06637866347206,5
HPG,GOOD,EPSILON_GREEDY,Epsilon-Greedy — Battle strategy,55,8,train,0.6983372960937497,2425.4806699999995,242.54806699999995,22.841321844563023,27.984554184455902,0.8099944904614074,37.64458185858533,11
HPG,GOOD,EPSILON_GREEDY,Epsilon-Greedy — Battle strategy,55,8,test,0.6983372960937497,1764.8401300000005,176.48401300000006,40.42966019824228,22.640364004375048,1.5308474277219197,21.06637866347206,5
HPG,GOOD,EPSILON_GREEDY,Epsilon-Greedy — Battle strategy,55,9,train,0.6634204312890623,2425.731669999999,242.57316699999993,22.842825760273012,27.983462003885794,0.8100591614091625,37.64278995352602,11
HPG,GOOD,EPSILON_GREEDY,Epsilon-Greedy — Battle strategy,55,9,test,0.6634204312890623,1764.8401300000005,176.48401300000006,40.42966019824228,22.640364004375048,1.5308474277219197,21.06637866347206,5
HPG,GOOD,EPSILON_GREEDY,Epsilon-Greedy — Battle strategy,55,10,train,0.6302494097246091,2434.1918299999993,243.41918299999992,22.89346286659717,27.926105184897143,0.8126377110923729,37.631555151696915,11
HPG,GOOD,EPSILON_GREEDY,Epsilon-Greedy — Battle strategy,55,10,test,0.6302494097246091,1764.9328100000002,176.49328100000002,40.431231801424914,22.63924832226934,1.5309614504510898,21.06580349296062,5
HPG,GOOD,EPSILON_GREEDY,Epsilon-Greedy — Battle strategy,55,11,train,0.5987369392383787,2420.3459199999998,242.034592,22.810535820215506,27.817726888059248,0.8122691985449713,37.61301971247044,11
HPG,GOOD,EPSILON_GREEDY,Epsilon-Greedy — Battle strategy,55,11,test,0.5987369392383787,1763.9174000000003,176.39174000000003,40.414011268347735,22.60025504228307,1.532667475160881,20.9271034589421,5
HPG,GOOD,EPSILON_GREEDY,Epsilon-Greedy — Battle strategy,55,12,train,0.5688000922764597,2417.25326,241.725326,22.791974817417792,27.827784196319254,0.8115293986654897,37.63513741666657,11
HPG,GOOD,EPSILON_GREEDY,Epsilon-Greedy — Battle strategy,55,12,test,0.5688000922764597,1737.0964800000002,173.70964800000002,39.95761618947973,22.477591519218848,1.52525206165467,20.912925410095003,5
HPG,GOOD,EPSILON_GREEDY,Epsilon-Greedy — Battle strategy,55,13,train,0.5403600876626367,2415.43333,241.543333,22.781045729674922,27.913719280532266,0.8095652274235866,37.65770268391367,11
HPG,GOOD,EPSILON_GREEDY,Epsilon-Greedy — Battle strategy,55,13,test,0.5403600876626367,1737.4550100000001,173.74550100000002,39.96373667518427,22.473234971330523,1.5256999480292524,20.910690014533973,5
HPG,GOOD,EPSILON_GREEDY,Epsilon-Greedy — Battle strategy,55,14,train,0.5133420832795048,2416.7861099999996,241.67861099999993,22.78916993949638,27.9108211334276,0.8098592697236956,37.64801716662583,11
HPG,GOOD,EPSILON_GREEDY,Epsilon-Greedy — Battle strategy,55,14,test,0.5133420832795048,1480.3780299999999,148.03780299999997,35.430449556094665,21.92160356523377,1.4076225961131152,20.876172545681605,4
HPG,GOOD,EPSILON_GREEDY,Epsilon-Greedy — Battle strategy,55,15,train,0.48767497911552954,2423.6965399999995,242.36965399999994,22.830629234127375,27.92821715922691,0.8107487983814243,37.657323794555566,11
HPG,GOOD,EPSILON_GREEDY,Epsilon-Greedy — Battle strategy,55,15,test,0.48767497911552954,1490.8341500000001,149.08341500000003,35.620790899258914,21.981682114901275,1.41080361535682,20.80455021903871,4
HPG,GOOD,EPSILON_GREEDY,Epsilon-Greedy — Battle strategy,55,16,train,0.46329123015975304,2391.0015,239.10014999999999,22.63385545483263,27.950179862864754,0.8045441780904288,37.65626940931885,11
HPG,GOOD,EPSILON_GREEDY,Epsilon-Greedy — Battle strategy,55,16,test,0.46329123015975304,1491.0975900000003,149.10975900000003,35.625579634027616,21.978656922520713,1.4111291202315046,20.80275205420968,4
HPG,GOOD,EPSILON_GREEDY,Epsilon-Greedy — Battle strategy,55,17,train,0.44012666865176536,2399.07894,239.907894,22.68261569054353,27.813111053247034,0.8085768914151198,37.65722801334996,11
HPG,GOOD,EPSILON_GREEDY,Epsilon-Greedy — Battle strategy,55,17,test,0.44012666865176536,1559.3941200000004,155.93941200000003,36.85584359212748,22.172919526833706,1.441596842110119,20.93291827172747,4
HPG,GOOD,EPSILON_GREEDY,Epsilon-Greedy — Battle strategy,55,18,train,0.4181203352191771,2410.2210699999996,241.02210699999995,22.74971807809214,27.714226248978264,0.8124629738170296,37.636193498404936,10
HPG,GOOD,EPSILON_GREEDY,Epsilon-Greedy — Battle strategy,55,18,test,0.4181203352191771,1557.8613300000006,155.78613300000006,36.82847399606304,22.18048193283389,1.4402741052933088,20.943154002151214,4
HPG,GOOD,EPSILON_GREEDY,Epsilon-Greedy — Battle strategy,55,19,train,0.3972143184582182,2386.5138699999998,238.651387,22.606723630711656,27.75984463199283,0.8073455057008386,37.62936916081436,10
HPG,GOOD,EPSILON_GREEDY,Epsilon-Greedy — Battle strategy,55,19,test,0.3972143184582182,1491.3190600000003,149.13190600000004,35.62960518948908,21.975307823887928,1.4114465009189074,20.80124060487689,4
HPG,GOOD,EPSILON_GREEDY,Epsilon-Greedy — Battle strategy,55,20,train,0.37735360253530725,2391.7385999999997,239.17385999999996,22.63830903800543,27.775211223562295,0.8079878426018199,37.650953437406734,10
HPG,GOOD,EPSILON_GREEDY,Epsilon-Greedy — Battle strategy,55,20,test,0.37735360253530725,1490.62203,149.06220299999998,35.61693479914136,21.983154101165443,1.4105937590014328,20.805998314411482,4
HPG,GOOD,EPSILON_GREEDY,Epsilon-Greedy — Battle strategy,55,21,train,0.3584859224085419,2395.0781399999996,239.50781399999994,22.65847655750626,27.75176601315713,0.8090343615189406,37.62688743710334,10
HPG,GOOD,EPSILON_GREEDY,Epsilon-Greedy — Battle strategy,55,21,test,0.3584859224085419,1485.5341200000003,148.55341200000004,35.524376758998756,21.844425540685183,1.4150225876797329,20.25047891138993,4
HPG,GOOD,EPSILON_GREEDY,Epsilon-Greedy — Battle strategy,55,22,train,0.3405616262881148,2398.9462699999995,239.89462699999993,22.68181559540463,27.76327770979338,0.8095056174483343,37.65818272702148,10
HPG,GOOD,EPSILON_GREEDY,Epsilon-Greedy — Battle strategy,55,22,test,0.3405616262881148,1410.7377000000001,141.07377,34.148890957380054,21.627224551015225,1.379676322174346,20.30253420340999,4
HPG,GOOD,EPSILON_GREEDY,Epsilon-Greedy — Battle strategy,55,23,train,0.323533544973709,2402.6350999999995,240.26350999999994,22.704052196169798,27.741408800835455,0.8105850593420258,37.63165536718277,10
HPG,GOOD,EPSILON_GREEDY,Epsilon-Greedy — Battle strategy,55,23,test,0.323533544973709,1406.43599,140.643599,34.06892420678229,21.606207478280343,1.3780291278471108,20.332373864104245,4
HPG,GOOD,EPSILON_GREEDY,Epsilon-Greedy — Battle strategy,55,24,train,0.3073568677250236,2423.666099999999,242.3666099999999,22.830446761495594,27.696158670786648,0.8152096773705015,37.657541266407954,10
HPG,GOOD,EPSILON_GREEDY,Epsilon-Greedy — Battle strategy,55,24,test,0.3073568677250236,1353.1119400000002,135.31119400000003,33.06965367372725,21.5126278777219,1.348149339483642,20.282945637942802,4
HPG,GOOD,EPSILON_GREEDY,Epsilon-Greedy — Battle strategy,55,25,train,0.2919890243387724,2415.5920099999994,241.55920099999992,22.78199883165488,27.612798627356206,0.815396161998444,37.65656632258085,10
HPG,GOOD,EPSILON_GREEDY,Epsilon-Greedy — Battle strategy,55,25,test,0.2919890243387724,1337.0268500000002,133.70268500000003,32.76526797189025,21.455531943514643,1.3404532473365578,20.181846659803785,4
HPG,GOOD,EPSILON_GREEDY,Epsilon-Greedy — Battle strategy,55,26,train,0.27738957312183377,2415.7670299999995,241.57670299999995,22.783050036101148,27.64902831638659,0.8147210884288273,37.65531302449862,11
HPG,GOOD,EPSILON_GREEDY,Epsilon-Greedy — Battle strategy,55,26,test,0.27738957312183377,1337.12685,133.71268500000002,32.767164623166664,21.454365546873795,1.3405814098981215,20.181135423059953,4
HPG,GOOD,EPSILON_GREEDY,Epsilon-Greedy — Battle strategy,55,27,train,0.26352009446574204,2385.524479999999,238.5524479999999,22.600737835438633,27.684755654659842,0.8086094027489816,37.63651411877467,11
HPG,GOOD,EPSILON_GREEDY,Epsilon-Greedy — Battle strategy,55,27,test,0.26352009446574204,1343.0781200000006,134.30781200000007,32.879942257796515,21.24647885538248,1.3556012869031815,20.168833821360852,4
HPG,GOOD,EPSILON_GREEDY,Epsilon-Greedy — Battle strategy,55,28,train,0.2503440897424549,2368.2979599999994,236.82979599999996,22.496283389543258,27.691003862360482,0.8053857677229662,37.653475910583815,11
HPG,GOOD,EPSILON_GREEDY,Epsilon-Greedy — Battle strategy,55,28,test,0.2503440897424549,1261.295970000001,126.1295970000001,31.31310892987735,20.948078913299987,1.3150607140711605,20.08882185282472,4
HPG,GOOD,EPSILON_GREEDY,Epsilon-Greedy — Battle strategy,55,29,train,0.23782688525533216,2316.845329999999,231.6845329999999,22.181624489720164,28.016918371543415,0.7899901538699444,37.67190835840567,11
HPG,GOOD,EPSILON_GREEDY,Epsilon-Greedy — Battle strategy,55,29,test,0.23782688525533216,1320.592360000001,132.05923600000008,32.452825614989436,20.74521361874452,1.3677252369833408,18.046609424073864,4
HPG,GOOD,EPSILON_GREEDY,Epsilon-Greedy — Battle strategy,55,30,train,0.22593554099256555,2317.160989999999,231.71609899999987,22.183567267296176,28.01407456029899,0.7900993986303878,37.669580342976424,11
HPG,GOOD,EPSILON_GREEDY,Epsilon-Greedy — Battle strategy,55,30,test,0.22593554099256555,1218.581470000002,121.8581470000002,30.479712712186036,20.039728701997177,1.3334335647256177,17.57714704453906,4
HPG,GOOD,EPSILON_GREEDY,Epsilon-Greedy — Battle strategy,55,31,train,0.21463876394293727,2319.6155599999993,231.96155599999994,22.19866904060939,28.02603837959864,0.790327338868118,37.65148752383355,11
HPG,GOOD,EPSILON_GREEDY,Epsilon-Greedy — Battle strategy,55,31,test,0.21463876394293727,1218.4983900000016,121.84983900000015,30.47808137995167,20.03571440732485,1.3335972192806387,17.577706039772448,4
HPG,GOOD,EPSILON_GREEDY,Epsilon-Greedy — Battle strategy,55,32,train,0.2039068257457904,2336.4279799999995,233.64279799999994,22.30185838227856,28.101064265788,0.7920010626303858,37.648643982975486,11
HPG,GOOD,EPSILON_GREEDY,Epsilon-Greedy — Battle strategy,55,32,test,0.2039068257457904,1211.2321500000007,121.12321500000007,30.335246110631143,19.946547785791722,1.3331512701834478,17.14746399078211,4
HPG,GOOD,EPSILON_GREEDY,Epsilon-Greedy — Battle strategy,55,33,train,0.19371148445850087,2319.4184799999994,231.94184799999994,22.197456846853434,28.06637823704007,0.78956219472022,37.652939573525444,11
HPG,GOOD,EPSILON_GREEDY,Epsilon-Greedy — Battle strategy,55,33,test,0.19371148445850087,1211.2321500000007,121.12321500000007,30.335246110631143,19.946547785791722,1.3331512701834478,17.14746399078211,4
HPG,GOOD,EPSILON_GREEDY,Epsilon-Greedy — Battle strategy,55,34,train,0.18402591023557582,2296.09962,229.60996200000002,22.05360291878058,27.988788058294272,0.7867257575815076,37.633045531919436,9
HPG,GOOD,EPSILON_GREEDY,Epsilon-Greedy — Battle strategy,55,34,test,0.18402591023557582,1205.582320000001,120.55823200000009,30.22396901706321,19.916938818786523,1.3305311698500306,17.18442198862124,4
HPG,GOOD,EPSILON_GREEDY,Epsilon-Greedy — Battle strategy,55,35,train,0.174824614723797,2276.2711,227.62711,21.93061248709107,27.95872084669276,0.7836334543510076,37.65834941725616,9
HPG,GOOD,EPSILON_GREEDY,Epsilon-Greedy — Battle strategy,55,35,test,0.174824614723797,1210.665140000001,121.0665140000001,30.324087034200243,19.66364989008017,1.3490732992060959,17.088463415498772,4
HPG,GOOD,EPSILON_GREEDY,Epsilon-Greedy — Battle strategy,55,36,train,0.16608338398760716,2276.37558,227.63755799999998,21.931262168422762,27.960129198668188,0.7836271932876027,37.65756941082433,9
HPG,GOOD,EPSILON_GREEDY,Epsilon-Greedy — Battle strategy,55,36,test,0.16608338398760716,1210.6567200000013,121.06567200000013,30.32392130948809,19.66373726636941,1.34906167732781,17.088519696658853,4
HPG,GOOD,EPSILON_GREEDY,Epsilon-Greedy — Battle strategy,55,37,train,0.1577792147882268,2270.72484,227.07248399999997,21.89609973405313,27.95559876768382,0.7826672104838558,37.652855851598495,9
HPG,GOOD,EPSILON_GREEDY,Epsilon-Greedy — Battle strategy,55,37,test,0.1577792147882268,1210.6567200000013,121.06567200000013,30.32392130948809,19.66373726636941,1.34906167732781,17.088519696658853,4
HPG,GOOD,EPSILON_GREEDY,Epsilon-Greedy — Battle strategy,55,38,train,0.14989025404881545,2278.62628,227.862628,21.945253364936512,27.979655960345756,0.7836890243665245,37.655170996134416,9
HPG,GOOD,EPSILON_GREEDY,Epsilon-Greedy — Battle strategy,55,38,test,0.14989025404881545,1210.6567200000013,121.06567200000013,30.32392130948809,19.66373726636941,1.34906167732781,17.088519696658853,4
HPG,GOOD,EPSILON_GREEDY,Epsilon-Greedy — Battle strategy,55,39,train,0.14239574134637467,2286.57946,228.657946,21.99462932525085,28.004490210289983,0.7847005139918424,37.65708980103902,9
HPG,GOOD,EPSILON_GREEDY,Epsilon-Greedy — Battle strategy,55,39,test,0.14239574134637467,1210.956540000001,121.09565400000011,30.329822188574095,19.660692383888335,1.34947166375562,17.086515861233863,4
HPG,GOOD,EPSILON_GREEDY,Epsilon-Greedy — Battle strategy,55,40,train,0.13527595427905592,2271.08216,227.10821599999997,21.898324700338968,27.968354152758003,0.7825098333369234,37.94965483587923,9
HPG,GOOD,EPSILON_GREEDY,Epsilon-Greedy — Battle strategy,55,40,test,0.13527595427905592,1210.6567200000013,121.06567200000013,30.32392130948809,19.66373726636941,1.34906167732781,17.088519696658853,4
HPG,GOOD,EPSILON_GREEDY,Epsilon-Greedy — Battle strategy,55,41,train,0.12851215656510312,2241.88636,224.188636,21.71585663738678,27.88173567294527,0.7786601208925749,38.50056090509798,9
HPG,GOOD,EPSILON_GREEDY,Epsilon-Greedy — Battle strategy,55,41,test,0.12851215656510312,1208.8140700000013,120.88140700000012,30.28764365561949,19.686618794427645,1.3463008006104562,17.100845305072582,4
HPG,GOOD,EPSILON_GREEDY,Epsilon-Greedy — Battle strategy,55,42,train,0.12208654873684796,2244.6919399999997,224.46919399999996,21.733450274415755,27.87157337095772,0.7793693729489397,38.41009166218192,9
HPG,GOOD,EPSILON_GREEDY,Epsilon-Greedy — Battle strategy,55,42,test,0.12208654873684796,1209.3137700000016,120.93137700000017,30.297483621681167,19.680843850387273,1.347023838443624,17.097501021781525,4
HPG,GOOD,EPSILON_GREEDY,Epsilon-Greedy — Battle strategy,55,43,train,0.11598222130000556,2244.61632,224.461632,21.732976231766443,27.873350927360207,0.7793232426713351,38.41066608512111,9
HPG,GOOD,EPSILON_GREEDY,Epsilon-Greedy — Battle strategy,55,43,test,0.11598222130000556,1212.2290500000013,121.22290500000013,30.354861043832138,19.43664782981474,1.36374887235517,16.25945632293309,3
HPG,GOOD,EPSILON_GREEDY,Epsilon-Greedy — Battle strategy,55,44,train,0.11018311023500528,2247.2701199999997,224.72701199999995,21.749606730222304,27.872957265519453,0.7798235898175516,38.40232199751548,9
HPG,GOOD,EPSILON_GREEDY,Epsilon-Greedy — Battle strategy,55,44,test,0.11018311023500528,812.669800000001,81.2669800000001,21.967457736528175,16.637383454792406,1.16158155058481,16.106742044709375,2
HPG,GOOD,EPSILON_GREEDY,Epsilon-Greedy — Battle strategy,55,45,train,0.10467395472325501,2222.0592199999996,222.205922,21.59115894851473,27.807217220566187,0.7762878309209446,38.68368755218391,9
HPG,GOOD,EPSILON_GREEDY,Epsilon-Greedy — Battle strategy,55,45,test,0.10467395472325501,741.8245500000014,74.18245500000013,20.3547704162228,16.1288159964641,1.110171330657259,16.168809688792184,2
HPG,GOOD,EPSILON_GREEDY,Epsilon-Greedy — Battle strategy,56,1,train,1.0,11.286199999999212,1.1286199999999211,0.18769631586930124,2.0513915694259732,-0.8724746689576266,6.773895817387811,0
HPG,GOOD,EPSILON_GREEDY,Epsilon-Greedy — Battle strategy,56,1,test,1.0,79.04206000000022,7.904206000000022,2.572374082297957,1.400547806270138,0.39926577132431523,1.0724166324101017,0
HPG,GOOD,EPSILON_GREEDY,Epsilon-Greedy — Battle strategy,56,2,train,0.95,8.346099999999069,0.8346099999999069,0.13896940020208248,2.0824605296729497,-0.8827163845951077,7.0257984945543805,0
HPG,GOOD,EPSILON_GREEDY,Epsilon-Greedy — Battle strategy,56,2,test,0.95,78.71393000000012,7.871393000000011,2.561959187981011,1.402696914003439,0.39140885212393256,1.0724166324101017,0
HPG,GOOD,EPSILON_GREEDY,Epsilon-Greedy — Battle strategy,56,3,train,0.9025,4.146779999998898,0.41467799999988986,0.06916753595584968,2.065789531973572,-0.9240591291669887,7.002417435221406,0
HPG,GOOD,EPSILON_GREEDY,Epsilon-Greedy — Battle strategy,56,3,test,0.9025,76.47449000000051,7.647449000000052,2.490822622525668,1.4231954257752633,0.33703696367530467,1.0844394988070885,0
HPG,GOOD,EPSILON_GREEDY,Epsilon-Greedy — Battle strategy,56,4,train,0.8573749999999999,4.334499999999252,0.43344999999992523,0.07229303874158877,2.0806524247937905,-0.9157957619449436,6.9841812192583435,0
HPG,GOOD,EPSILON_GREEDY,Epsilon-Greedy — Battle strategy,56,4,test,0.8573749999999999,88.33156000000008,8.83315600000001,2.866352966328245,1.5830476273411072,0.5364273300475169,1.108193129897037,0
HPG,GOOD,EPSILON_GREEDY,Epsilon-Greedy — Battle strategy,56,5,train,0.8145062499999999,6.041669999999044,0.6041669999999044,0.10069478758745198,2.0766910287379656,-0.9037978992310102,6.890020587709582,0
HPG,GOOD,EPSILON_GREEDY,Epsilon-Greedy — Battle strategy,56,5,test,0.8145062499999999,111.3932000000002,11.139320000000021,3.589014710321936,1.768662528625814,0.879225474261387,1.121595034270991,0
HPG,GOOD,EPSILON_GREEDY,Epsilon-Greedy — Battle strategy,56,6,train,0.7737809374999998,24.537079999998696,2.4537079999998697,0.4058525537262936,2.169685130589042,-0.7226217121800843,6.888231072611386,0
HPG,GOOD,EPSILON_GREEDY,Epsilon-Greedy — Battle strategy,56,6,test,0.7737809374999998,111.35226000000011,11.135226000000012,3.5877407026700947,1.7991669167120516,0.8639350887915866,1.2609455863021262,0
HPG,GOOD,EPSILON_GREEDY,Epsilon-Greedy — Battle strategy,56,7,train,0.7350918906249998,27.590749999998707,2.7590749999998705,0.455793306916763,2.244969248634401,-0.6753020387366231,7.05128861661265,0
HPG,GOOD,EPSILON_GREEDY,Epsilon-Greedy — Battle strategy,56,7,test,0.7350918906249998,174.70281999999952,17.47028199999995,5.5228770292553575,2.6053929380636704,1.316544668946451,1.2924143282394864,0
HPG,GOOD,EPSILON_GREEDY,Epsilon-Greedy — Battle strategy,56,8,train,0.6983372960937497,30.372879999999213,3.037287999999921,0.5011857065058134,2.2487020676308656,-0.6538759624564412,7.012145617463286,0
HPG,GOOD,EPSILON_GREEDY,Epsilon-Greedy — Battle strategy,56,8,test,0.6983372960937497,184.8347699999997,18.483476999999972,5.825875963910265,2.641573447178046,1.4078432130052567,1.321748654750434,0
HPG,GOOD,EPSILON_GREEDY,Epsilon-Greedy — Battle strategy,56,9,train,0.6634204312890623,31.60947999999871,3.160947999999871,0.5213289366863938,2.224191643852182,-0.6522377441585545,6.8988785903743715,0
HPG,GOOD,EPSILON_GREEDY,Epsilon-Greedy — Battle strategy,56,9,test,0.6634204312890623,203.98417999999947,20.398417999999946,6.393863896158791,2.8829955272647467,1.4786593271625466,1.3613275802109233,0
HPG,GOOD,EPSILON_GREEDY,Epsilon-Greedy — Battle strategy,56,10,train,0.6302494097246091,32.25086999999894,3.225086999999894,0.5317687498466839,2.199364059284158,-0.6550869927202702,6.900436304353451,0
HPG,GOOD,EPSILON_GREEDY,Epsilon-Greedy — Battle strategy,56,10,test,0.6302494097246091,213.40755999999965,21.340755999999963,6.671161869047348,2.939501436514344,1.539696371541848,1.435378185800376,0
HPG,GOOD,EPSILON_GREEDY,Epsilon-Greedy — Battle strategy,56,11,train,0.5987369392383787,109.58030999999983,10.958030999999982,1.7525714955125338,2.7091368034221555,-0.07773889344184445,6.787061396534738,0
HPG,GOOD,EPSILON_GREEDY,Epsilon-Greedy — Battle strategy,56,11,test,0.5987369392383787,216.8209499999998,21.682094999999983,6.771252328127941,3.2510652049200415,1.4240649467793458,1.7550020366018355,0
HPG,GOOD,EPSILON_GREEDY,Epsilon-Greedy — Battle strategy,56,12,train,0.5688000922764597,111.36503999999945,11.136503999999945,1.779899537412133,2.7563846087269663,-0.06611327744782416,6.863159108120549,0
HPG,GOOD,EPSILON_GREEDY,Epsilon-Greedy — Battle strategy,56,12,test,0.5688000922764597,242.27651999999966,24.227651999999967,7.511848891978468,3.5228632710926195,1.5137840994620078,1.733954762064686,0
HPG,GOOD,EPSILON_GREEDY,Epsilon-Greedy — Battle strategy,56,13,train,0.5403600876626367,111.17878999999948,11.117878999999949,1.7770493596469317,2.7574311506003153,-0.0671023619124678,6.864398794257018,0
HPG,GOOD,EPSILON_GREEDY,Epsilon-Greedy — Battle strategy,56,13,test,0.5403600876626367,257.9664500000001,25.796645000000012,7.963303359944551,5.750582007695646,1.018530345796601,8.207377197814756,0
HPG,GOOD,EPSILON_GREEDY,Epsilon-Greedy — Battle strategy,56,14,train,0.5133420832795048,107.12261999999964,10.712261999999964,1.7148790088039823,2.7615357365428705,-0.0892807222716886,6.853009446168295,0
HPG,GOOD,EPSILON_GREEDY,Epsilon-Greedy — Battle strategy,56,14,test,0.5133420832795048,264.86681000000044,26.486681000000047,8.160663750857577,5.941052996942931,1.018616276056707,8.36780505081828,0
HPG,GOOD,EPSILON_GREEDY,Epsilon-Greedy — Battle strategy,56,15,train,0.48767497911552954,117.89463999999975,11.789463999999976,1.8795712226794103,2.8361401585673196,-0.028654094223023244,6.898246510410861,0
HPG,GOOD,EPSILON_GREEDY,Epsilon-Greedy — Battle strategy,56,15,test,0.48767497911552954,271.07027000000016,27.107027000000016,8.337480484157545,6.058848751507312,1.0270519112459768,8.679452539580312,0
HPG,GOOD,EPSILON_GREEDY,Epsilon-Greedy — Battle strategy,56,16,train,0.46329123015975304,110.00674999999978,11.000674999999978,1.759104533050082,2.8509600555296775,-0.07022723337800327,7.046844234134765,0
HPG,GOOD,EPSILON_GREEDY,Epsilon-Greedy — Battle strategy,56,16,test,0.46329123015975304,295.77487999999994,29.577487999999995,9.035985744704899,6.352350509678501,1.0840448636248115,8.811959077224058,0
HPG,GOOD,EPSILON_GREEDY,Epsilon-Greedy — Battle strategy,56,17,train,0.44012666865176536,111.44419999999991,11.144419999999991,1.7811107998705777,2.851866642118402,-0.06254572723481776,6.898979115963052,0
HPG,GOOD,EPSILON_GREEDY,Epsilon-Greedy — Battle strategy,56,17,test,0.44012666865176536,316.78125999999975,31.678125999999974,9.622980329604403,6.446151022532436,1.1528244494023394,8.76828564134427,0
HPG,GOOD,EPSILON_GREEDY,Epsilon-Greedy — Battle strategy,56,18,train,0.4181203352191771,118.43253999999934,11.843253999999934,1.887760410569994,2.9387103507777743,-0.023893672140237656,6.742493904454412,0
HPG,GOOD,EPSILON_GREEDY,Epsilon-Greedy — Battle strategy,56,18,test,0.4181203352191771,328.46854999999914,32.84685499999991,9.946868618563665,6.427597635986933,1.2020532231517966,8.71358391004131,0
HPG,GOOD,EPSILON_GREEDY,Epsilon-Greedy — Battle strategy,56,19,train,0.3972143184582182,99.73190999999906,9.973190999999906,1.6011095655549035,2.8095413059882866,-0.1274721534835994,6.745473976298356,0
HPG,GOOD,EPSILON_GREEDY,Epsilon-Greedy — Battle strategy,56,19,test,0.3972143184582182,333.7362099999991,33.373620999999915,10.092230168113137,6.501794686802744,1.2094764243576157,8.724489018452434,0
HPG,GOOD,EPSILON_GREEDY,Epsilon-Greedy — Battle strategy,56,20,train,0.37735360253530725,90.21490999999878,9.021490999999878,1.4536671505549492,2.7976683463696084,-0.1805008631810975,6.907193019633792,0
HPG,GOOD,EPSILON_GREEDY,Epsilon-Greedy — Battle strategy,56,20,test,0.37735360253530725,357.6706300000001,35.76706300000001,10.74792941307534,7.052215210247163,1.2049149895558553,9.359782535671195,0
HPG,GOOD,EPSILON_GREEDY,Epsilon-Greedy — Battle strategy,56,21,train,0.3584859224085419,94.18177999999875,9.418177999999875,1.5152537936191202,2.8401870141996697,-0.15582245743100545,6.798205405201106,0
HPG,GOOD,EPSILON_GREEDY,Epsilon-Greedy — Battle strategy,56,21,test,0.3584859224085419,365.90619000000015,36.59061900000001,10.971766404100936,7.136691391499367,1.2198975344172567,9.35193293194311,0
HPG,GOOD,EPSILON_GREEDY,Epsilon-Greedy — Battle strategy,56,22,train,0.3405616262881148,100.48575999999866,10.048575999999866,1.6127431268960768,2.907621099577422,-0.11823401688978662,6.724662156748138,0
HPG,GOOD,EPSILON_GREEDY,Epsilon-Greedy — Battle strategy,56,22,test,0.3405616262881148,402.43103999999994,40.243103999999995,11.953796084999023,7.457226718514343,1.289232744323638,9.678486348068864,0
HPG,GOOD,EPSILON_GREEDY,Epsilon-Greedy — Battle strategy,56,23,train,0.323533544973709,105.86104999999907,10.586104999999908,1.6955038007992362,2.9877252021588605,-0.08678552186588062,6.803186662449462,0
HPG,GOOD,EPSILON_GREEDY,Epsilon-Greedy — Battle strategy,56,23,test,0.323533544973709,423.3043399999999,42.33043399999999,12.507376573615181,7.522117558395594,1.3445893712145924,9.417353647220844,0
HPG,GOOD,EPSILON_GREEDY,Epsilon-Greedy — Battle strategy,56,24,train,0.3073568677250236,108.0497899999989,10.80497899999989,1.7291067771248558,2.990629285446948,-0.07553060094944297,6.88622284786821,0
HPG,GOOD,EPSILON_GREEDY,Epsilon-Greedy — Battle strategy,56,24,test,0.3073568677250236,422.3865199999998,42.23865199999997,12.483149166087282,7.529315579254166,1.3405035673530818,9.41639624831821,0
HPG,GOOD,EPSILON_GREEDY,Epsilon-Greedy — Battle strategy,56,25,train,0.2919890243387724,135.51337999999805,13.551337999999804,2.1461149878442276,3.176063804660137,0.06061645098769454,6.567229161468381,0
HPG,GOOD,EPSILON_GREEDY,Epsilon-Greedy — Battle strategy,56,25,test,0.2919890243387724,456.7295100000001,45.67295100000001,13.38268960547393,8.02291665858254,1.3625175517788843,10.206767044803794,0
HPG,GOOD,EPSILON_GREEDY,Epsilon-Greedy — Battle strategy,56,26,train,0.27738957312183377,134.7550699999979,13.475506999999789,2.13471413699855,3.158819488174116,0.05721109579168421,6.566093139463012,0
HPG,GOOD,EPSILON_GREEDY,Epsilon-Greedy — Battle strategy,56,26,test,0.27738957312183377,427.08508000000006,42.70850800000001,12.607066001233846,7.5138192906074135,1.3578273701209165,9.382436127809163,0
HPG,GOOD,EPSILON_GREEDY,Epsilon-Greedy — Battle strategy,56,27,train,0.26352009446574204,121.12066999999797,12.112066999999797,1.9286363993846978,3.072426575781921,-0.008373040788400515,6.00767393890922,0
HPG,GOOD,EPSILON_GREEDY,Epsilon-Greedy — Battle strategy,56,27,test,0.26352009446574204,448.0349700000006,44.80349700000006,13.156301970507545,8.0752605966572,1.3293689775866888,10.504705831670295,0
HPG,GOOD,EPSILON_GREEDY,Epsilon-Greedy — Battle strategy,56,28,train,0.2503440897424549,132.25789999999893,13.225789999999893,2.0971253950291757,3.1860282697197415,0.04533527125774385,6.072782518151016,0
HPG,GOOD,EPSILON_GREEDY,Epsilon-Greedy — Battle strategy,56,28,test,0.2503440897424549,429.4193400000004,42.94193400000004,12.66852726106742,8.007338868409363,1.2857855719569333,10.38940601086121,0
HPG,GOOD,EPSILON_GREEDY,Epsilon-Greedy — Battle strategy,56,29,train,0.23782688525533216,138.09298999999874,13.809298999999871,2.1848508485579288,3.2502015380648666,0.07173197564295639,6.270316673963238,0
HPG,GOOD,EPSILON_GREEDY,Epsilon-Greedy — Battle strategy,56,29,test,0.23782688525533216,448.1418100000001,44.814181000000005,13.159089348106278,8.301718938917771,1.2956162907807263,10.492323374818794,0
HPG,GOOD,EPSILON_GREEDY,Epsilon-Greedy — Battle strategy,56,30,train,0.22593554099256555,128.37024999999903,12.837024999999901,2.0384687460812234,3.20201022474464,0.027165387814388178,6.235706363487427,0
HPG,GOOD,EPSILON_GREEDY,Epsilon-Greedy — Battle strategy,56,30,test,0.22593554099256555,376.4558999999995,37.64558999999995,11.25719085848036,7.664195923966815,1.1746824153834692,9.95225301096836,0
HPG,GOOD,EPSILON_GREEDY,Epsilon-Greedy — Battle strategy,56,31,train,0.21463876394293727,137.08827999999903,13.708827999999903,2.169772656059288,3.3524871495133524,0.06610539969770028,6.229059607579782,0
HPG,GOOD,EPSILON_GREEDY,Epsilon-Greedy — Battle strategy,56,31,test,0.21463876394293727,394.7643600000001,39.476436000000014,11.749090360360537,7.948152935079557,1.1912093480573522,9.95332243074033,0
HPG,GOOD,EPSILON_GREEDY,Epsilon-Greedy — Battle strategy,56,32,train,0.2039068257457904,151.21875999999838,15.121875999999837,2.38082433065101,3.4391368900857415,0.12582779356377258,5.990736610573999,0
HPG,GOOD,EPSILON_GREEDY,Epsilon-Greedy — Battle strategy,56,32,test,0.2039068257457904,436.9356499999999,43.69356499999999,12.865979241047466,8.290576854085177,1.2658153273375305,9.949112121941765,0
HPG,GOOD,EPSILON_GREEDY,Epsilon-Greedy — Battle strategy,56,33,train,0.19371148445850087,175.4770199999973,17.54770199999973,2.7381640360210957,3.5577858611137243,0.22160312993649306,5.1770676185617255,0
HPG,GOOD,EPSILON_GREEDY,Epsilon-Greedy — Battle strategy,56,33,test,0.19371148445850087,435.7575200000001,43.57575200000001,12.835075540553763,8.299567686651258,1.2612204060188636,9.95801368381862,0
HPG,GOOD,EPSILON_GREEDY,Epsilon-Greedy — Battle strategy,56,34,train,0.18402591023557582,212.1559099999979,21.21559099999979,3.2669743991061706,4.043261327229887,0.32765090543102254,5.458813054685685,0
HPG,GOOD,EPSILON_GREEDY,Epsilon-Greedy — Battle strategy,56,34,test,0.18402591023557582,436.56467999999995,43.65646799999999,12.856250093844546,8.646044017189475,1.2162243902917942,9.952018397539405,0
HPG,GOOD,EPSILON_GREEDY,Epsilon-Greedy — Battle strategy,56,35,train,0.174824614723797,183.42763999999784,18.342763999999782,2.853945414713488,3.7399898656891613,0.24295950426821886,5.173739175098764,0
HPG,GOOD,EPSILON_GREEDY,Epsilon-Greedy — Battle strategy,56,35,test,0.174824614723797,443.7505099999994,44.375050999999935,13.04441045060878,8.691027481439237,1.229619619984134,10.021845239206753,0
HPG,GOOD,EPSILON_GREEDY,Epsilon-Greedy — Battle strategy,56,36,train,0.16608338398760716,176.4627799999978,17.64627799999978,2.752554582704314,3.675464135881955,0.21950476073465472,5.17744873499043,0
HPG,GOOD,EPSILON_GREEDY,Epsilon-Greedy — Battle strategy,56,36,test,0.16608338398760716,447.25004999999965,44.72500499999996,13.135819779192648,8.68922702766799,1.2391972103327986,9.984594773607093,0
HPG,GOOD,EPSILON_GREEDY,Epsilon-Greedy — Battle strategy,56,37,train,0.1577792147882268,175.6913399999978,17.56913399999978,2.741293626060015,3.7113242919190825,0.2147616431090117,5.178051186889906,0
HPG,GOOD,EPSILON_GREEDY,Epsilon-Greedy — Battle strategy,56,37,test,0.1577792147882268,427.2585399999998,42.72585399999998,12.611635519744514,8.662856835254127,1.1888724164747584,9.869722606369487,0
HPG,GOOD,EPSILON_GREEDY,Epsilon-Greedy — Battle strategy,56,38,train,0.14989025404881545,176.6770899999981,17.66770899999981,2.7556818427373564,3.7295360268013265,0.2176825369607041,5.1907955362094835,0
HPG,GOOD,EPSILON_GREEDY,Epsilon-Greedy — Battle strategy,56,38,test,0.14989025404881545,416.65300999999954,41.66530099999996,12.331567282686873,8.543673232001064,1.1749832095775175,9.79688678253858,0
HPG,GOOD,EPSILON_GREEDY,Epsilon-Greedy — Battle strategy,56,39,train,0.14239574134637467,200.65619999999763,20.06561999999976,3.1026309558766174,4.019171568180845,0.2893945397325737,5.506700261708529,0
HPG,GOOD,EPSILON_GREEDY,Epsilon-Greedy — Battle strategy,56,39,test,0.14239574134637467,414.61915999999974,41.461915999999974,12.27769840385382,8.549648357598281,1.168588292179849,9.752748798079903,0
HPG,GOOD,EPSILON_GREEDY,Epsilon-Greedy — Battle strategy,56,40,train,0.13527595427905592,200.27952999999752,20.02795299999975,3.097225791235969,4.014307638263473,0.2883789235037019,5.454477734887968,0
HPG,GOOD,EPSILON_GREEDY,Epsilon-Greedy — Battle strategy,56,40,test,0.13527595427905592,427.6500899999987,42.76500899999987,12.621948900896118,8.662136672041301,1.1900190528098644,9.900305981461216,0
HPG,GOOD,EPSILON_GREEDY,Epsilon-Greedy — Battle strategy,56,41,train,0.12851215656510312,188.20027999999752,18.820027999999752,2.923136439566365,3.940913062467631,0.2497492772895091,5.50628834327759,0
HPG,GOOD,EPSILON_GREEDY,Epsilon-Greedy — Battle strategy,56,41,test,0.12851215656510312,435.93950999999834,43.593950999999834,12.83985044975795,8.900559828396137,1.1823103207201384,10.347408167673253,0
HPG,GOOD,EPSILON_GREEDY,Epsilon-Greedy — Battle strategy,56,42,train,0.12208654873684796,181.57189999999764,18.157189999999765,2.8269791844938608,3.8653531532018017,0.22946981994868418,5.102676853824053,0
HPG,GOOD,EPSILON_GREEDY,Epsilon-Greedy — Battle strategy,56,42,test,0.12208654873684796,469.5036199999986,46.950361999999856,13.713673805183934,9.314735351031214,1.2169389120647296,10.361476499989065,0
HPG,GOOD,EPSILON_GREEDY,Epsilon-Greedy — Battle strategy,56,43,train,0.11598222130000556,190.71356999999762,19.07135699999976,2.959479692004563,3.9218903330487054,0.25985285390972934,5.3811067485989215,0
HPG,GOOD,EPSILON_GREEDY,Epsilon-Greedy — Battle strategy,56,43,test,0.11598222130000556,481.4629299999983,48.14629299999984,14.021813439298846,9.460084702407938,1.2284022145707052,10.380180746174876,0
HPG,GOOD,EPSILON_GREEDY,Epsilon-Greedy — Battle strategy,56,44,train,0.11018311023500528,191.04550999999742,19.10455099999974,2.96427490914446,3.9451723132058336,0.2597386817714066,5.290054865442959,0
HPG,GOOD,EPSILON_GREEDY,Epsilon-Greedy — Battle strategy,56,44,test,0.11018311023500528,487.9018799999985,48.79018799999985,14.187031483022494,9.434782727773747,1.246854469207546,10.32897264711867,0
HPG,GOOD,EPSILON_GREEDY,Epsilon-Greedy — Battle strategy,56,45,train,0.10467395472325501,194.71545999999717,19.47154599999972,3.0172170888072447,3.9388282993794053,0.2732611064870521,5.300145013337995,0
HPG,GOOD,EPSILON_GREEDY,Epsilon-Greedy — Battle strategy,56,45,test,0.10467395472325501,486.554099999998,48.6554099999998,14.152488051861445,9.327241470041638,1.2568885921842163,10.090520715446457,0
HPG,GOOD,EPSILON_GREEDY,Epsilon-Greedy — Battle strategy,57,1,train,1.0,2181.3996300000003,218.13996300000005,21.333428584724402,27.909865035021998,0.7667535851503704,38.91442069172398,10
HPG,GOOD,EPSILON_GREEDY,Epsilon-Greedy — Battle strategy,57,1,test,1.0,1687.8855400000002,168.788554,39.112415104276124,24.260231180439952,1.4052597850619946,22.48763232312762,7
HPG,GOOD,EPSILON_GREEDY,Epsilon-Greedy — Battle strategy,57,2,train,0.95,2257.442290000001,225.7442290000001,21.813247727394327,27.894871256373428,0.7812875242280071,39.075694403803055,10
HPG,GOOD,EPSILON_GREEDY,Epsilon-Greedy — Battle strategy,57,2,test,0.95,1690.7814600000006,169.07814600000006,39.16243684526661,24.206304918340045,1.409340484171863,22.468264676538567,7
HPG,GOOD,EPSILON_GREEDY,Epsilon-Greedy — Battle strategy,57,3,train,0.9025,2215.760150000001,221.57601500000007,21.551408791555836,27.981252297333974,0.7719773087036783,39.12566387816111,10
HPG,GOOD,EPSILON_GREEDY,Epsilon-Greedy — Battle strategy,57,3,test,0.9025,1691.7447400000005,169.17447400000006,39.17906780332243,24.268973324741573,1.4068236427335963,22.461829740507948,7
HPG,GOOD,EPSILON_GREEDY,Epsilon-Greedy — Battle strategy,57,4,train,0.8573749999999999,2241.3624800000007,224.13624800000008,21.71257000986344,28.04441860441923,0.7756272987365286,38.59870039828742,10
HPG,GOOD,EPSILON_GREEDY,Epsilon-Greedy — Battle strategy,57,4,test,0.8573749999999999,1701.0738800000004,170.10738800000004,39.3399299678227,24.245613905814587,1.412732314309635,22.399699082392715,7
HPG,GOOD,EPSILON_GREEDY,Epsilon-Greedy — Battle strategy,57,5,train,0.8145062499999999,2207.4074400000004,220.74074400000003,21.498599043677945,27.988482216264103,0.7702842148394285,39.16278414792217,10
HPG,GOOD,EPSILON_GREEDY,Epsilon-Greedy — Battle strategy,57,5,test,0.8145062499999999,1703.3447500000007,170.33447500000008,39.37903050549647,24.210551462327043,1.4155906417932278,22.38462741312412,7
HPG,GOOD,EPSILON_GREEDY,Epsilon-Greedy — Battle strategy,57,6,train,0.7737809374999998,2209.9566000000004,220.99566000000004,21.514728160949215,27.988755758965333,0.7707575759439778,39.15370294815241,10
HPG,GOOD,EPSILON_GREEDY,Epsilon-Greedy — Battle strategy,57,6,test,0.7737809374999998,1701.7552800000008,170.1755280000001,39.351664821251234,24.216835995955464,1.414470629184734,22.395174528214408,7
HPG,GOOD,EPSILON_GREEDY,Epsilon-Greedy — Battle strategy,57,7,train,0.7350918906249998,2245.3876900000005,224.53876900000003,21.737811323395583,28.08120455186527,0.7757248785073506,38.47579720584171,10
HPG,GOOD,EPSILON_GREEDY,Epsilon-Greedy — Battle strategy,57,7,test,0.7350918906249998,1701.1976200000004,170.11976200000004,39.34206112515468,24.224236962492952,1.4138262320742916,22.398877302378693,7
HPG,GOOD,EPSILON_GREEDY,Epsilon-Greedy — Battle strategy,57,8,train,0.6983372960937497,1039.31894,103.931894,12.644667336407235,25.226377365252684,0.5229081021955547,38.34546253744543,10
HPG,GOOD,EPSILON_GREEDY,Epsilon-Greedy — Battle strategy,57,8,test,0.6983372960937497,1689.6675000000005,168.96675000000005,39.143199462310086,24.20189979140076,1.4089767759291563,22.47571078899866,7
HPG,GOOD,EPSILON_GREEDY,Epsilon-Greedy — Battle strategy,57,9,train,0.6634204312890623,1046.4007400000003,104.64007400000001,12.709932586728744,25.27039030114569,0.5247478946282833,38.334377591501706,10
HPG,GOOD,EPSILON_GREEDY,Epsilon-Greedy — Battle strategy,57,9,test,0.6634204312890623,1690.0211900000004,169.00211900000005,39.14930803932013,24.1972205053385,1.4093849820862827,22.473346062141193,7
HPG,GOOD,EPSILON_GREEDY,Epsilon-Greedy — Battle strategy,57,10,train,0.6302494097246091,2137.0840500000004,213.70840500000003,21.049380167983855,27.63469080580275,0.7630824993993542,40.54737761309895,10
HPG,GOOD,EPSILON_GREEDY,Epsilon-Greedy — Battle strategy,57,10,test,0.6302494097246091,1701.4170100000006,170.14170100000007,39.34583948967669,24.17297860072632,1.416429671894787,22.397420441404154,7
HPG,GOOD,EPSILON_GREEDY,Epsilon-Greedy — Battle strategy,57,11,train,0.5987369392383787,2197.77239,219.77723899999998,21.437539275025696,27.887770168177422,0.770246806130313,39.50926893489779,10
HPG,GOOD,EPSILON_GREEDY,Epsilon-Greedy — Battle strategy,57,11,test,0.5987369392383787,1700.0599500000008,170.00599500000007,39.322464737923625,24.17308288323824,1.4157243660555934,22.40643504937309,7
HPG,GOOD,EPSILON_GREEDY,Epsilon-Greedy — Battle strategy,57,12,train,0.5688000922764597,2199.3141000000005,219.93141000000006,21.44731977338681,27.890960378066517,0.7704820565396874,39.50926893489779,10
HPG,GOOD,EPSILON_GREEDY,Epsilon-Greedy — Battle strategy,57,12,test,0.5688000922764597,1693.5194000000006,169.35194000000007,39.20969680003472,24.155393822477535,1.4132139320300399,22.449984241506534,7
HPG,GOOD,EPSILON_GREEDY,Epsilon-Greedy — Battle strategy,57,13,train,0.5403600876626367,2256.4190400000007,225.64190400000007,21.806853376953296,28.096617800030433,0.7774915832138977,38.43610099954102,10
HPG,GOOD,EPSILON_GREEDY,Epsilon-Greedy — Battle strategy,57,13,test,0.5403600876626367,1676.84856,167.68485599999997,38.92144157009643,24.110097510217667,1.406778954349467,22.382821560292367,7
HPG,GOOD,EPSILON_GREEDY,Epsilon-Greedy — Battle strategy,57,14,train,0.5133420832795048,2297.4743000000008,229.74743000000007,22.062106787296585,28.22362192099188,0.7827268531526577,37.711440195203934,10
HPG,GOOD,EPSILON_GREEDY,Epsilon-Greedy — Battle strategy,57,14,test,0.5133420832795048,1676.84856,167.68485599999997,38.92144157009643,24.110097510217667,1.406778954349467,22.382821560292367,7
HPG,GOOD,EPSILON_GREEDY,Epsilon-Greedy — Battle strategy,57,15,train,0.48767497911552954,2240.8272800000004,224.08272800000003,21.709211907970637,28.028067923355415,0.7758271624306003,38.550093695624106,10
HPG,GOOD,EPSILON_GREEDY,Epsilon-Greedy — Battle strategy,57,15,test,0.48767497911552954,1690.0651900000003,169.00651900000003,39.15006792552984,24.176141206054353,1.4104263677496833,22.473051918476177,7
HPG,GOOD,EPSILON_GREEDY,Epsilon-Greedy — Battle strategy,57,16,train,0.46329123015975304,2178.4424900000004,217.84424900000005,21.314577238269216,27.81977052908876,0.7677777405239282,39.52526822727678,10
HPG,GOOD,EPSILON_GREEDY,Epsilon-Greedy — Battle strategy,57,16,test,0.46329123015975304,1675.0146600000003,167.50146600000002,38.889658696748654,24.07851202676148,1.407357903293661,22.395111283733108,7
HPG,GOOD,EPSILON_GREEDY,Epsilon-Greedy — Battle strategy,57,17,train,0.44012666865176536,2177.5920400000005,217.75920400000004,21.309153035917117,27.83342011754121,0.7673744218353821,39.523467416823394,10
HPG,GOOD,EPSILON_GREEDY,Epsilon-Greedy — Battle strategy,57,17,test,0.44012666865176536,1663.4050200000006,166.34050200000004,38.688117309794976,24.055037833364647,1.4024287647140081,22.473226530586107,7
HPG,GOOD,EPSILON_GREEDY,Epsilon-Greedy — Battle strategy,57,18,train,0.4181203352191771,2228.690680000001,222.8690680000001,21.632936767432852,28.03873961501172,0.7733823970506457,38.45152343489234,10
HPG,GOOD,EPSILON_GREEDY,Epsilon-Greedy — Battle strategy,57,18,test,0.4181203352191771,1663.0848200000005,166.30848200000005,38.68255040672261,24.05924749709196,1.4020576278462087,22.47538871319992,7
HPG,GOOD,EPSILON_GREEDY,Epsilon-Greedy — Battle strategy,57,19,train,0.3972143184582182,2114.394010000001,211.43940100000006,20.902648539032874,27.585422000361593,0.7595187413250001,40.46699558799919,10
HPG,GOOD,EPSILON_GREEDY,Epsilon-Greedy — Battle strategy,57,19,test,0.3972143184582182,1646.61868,164.661868,38.395671864380574,24.046150677455717,1.3940426888238369,22.406263771310535,7
HPG,GOOD,EPSILON_GREEDY,Epsilon-Greedy — Battle strategy,57,20,train,0.37735360253530725,2123.3671000000004,212.33671000000004,20.960781688397145,27.70090225037552,0.75925051657254,40.463380654064075,10
HPG,GOOD,EPSILON_GREEDY,Epsilon-Greedy — Battle strategy,57,20,test,0.37735360253530725,1635.95327,163.595327,38.20922056314699,24.068061102647377,1.3873644965271488,22.478804751937727,7
HPG,GOOD,EPSILON_GREEDY,Epsilon-Greedy — Battle strategy,57,21,train,0.3584859224085419,2246.3476800000008,224.6347680000001,21.743827383788748,28.094637864816498,0.7756673152434176,38.235293405672124,10
HPG,GOOD,EPSILON_GREEDY,Epsilon-Greedy — Battle strategy,57,21,test,0.3584859224085419,1635.95327,163.595327,38.20922056314699,24.068061102647377,1.3873644965271488,22.478804751937727,7
HPG,GOOD,EPSILON_GREEDY,Epsilon-Greedy — Battle strategy,57,22,train,0.3405616262881148,2189.0359500000004,218.90359500000005,21.382041617781944,27.987553427478947,0.7668444242541834,39.168511200867215,10
HPG,GOOD,EPSILON_GREEDY,Epsilon-Greedy — Battle strategy,57,22,test,0.3405616262881148,1638.8533899999998,163.885339,38.259969751938506,24.057564921705936,1.3893988205885783,22.45903307772591,7
HPG,GOOD,EPSILON_GREEDY,Epsilon-Greedy — Battle strategy,57,23,train,0.323533544973709,2311.572470000001,231.1572470000001,22.14914907606167,28.102244131004113,0.7874601884162595,38.01355572096417,10
HPG,GOOD,EPSILON_GREEDY,Epsilon-Greedy — Battle strategy,57,23,test,0.323533544973709,1622.93345,162.293345,37.98092733047087,23.999269815360254,1.3837324407323954,22.385406220045788,7
HPG,GOOD,EPSILON_GREEDY,Epsilon-Greedy — Battle strategy,57,24,train,0.3073568677250236,2313.368090000001,231.33680900000007,22.160213087985547,28.104647819630397,0.7877393038856484,37.910385932589854,10
HPG,GOOD,EPSILON_GREEDY,Epsilon-Greedy — Battle strategy,57,24,test,0.3073568677250236,1633.4273699999999,163.342737,38.164989535683056,24.079351148876327,1.3854855474868588,22.496053552977674,7
HPG,GOOD,EPSILON_GREEDY,Epsilon-Greedy — Battle strategy,57,25,train,0.2919890243387724,2315.3411800000003,231.53411800000003,22.172364853499026,28.099943268276938,0.7881795366187855,37.83617438510067,10
HPG,GOOD,EPSILON_GREEDY,Epsilon-Greedy — Battle strategy,57,25,test,0.2919890243387724,1624.0271899999998,162.402719,38.000134283666576,23.99148046872054,1.3846863258332918,22.377931905861796,7
HPG,GOOD,EPSILON_GREEDY,Epsilon-Greedy — Battle strategy,57,26,train,0.27738957312183377,2318.6825500000004,231.86825500000006,22.19292978074625,28.120985479097378,0.7884006255890796,37.75048869695342,10
HPG,GOOD,EPSILON_GREEDY,Epsilon-Greedy — Battle strategy,57,26,test,0.27738957312183377,1646.3235,164.63235,38.390518307194995,24.069481154692298,1.3927713989966235,22.408265143288737,7
HPG,GOOD,EPSILON_GREEDY,Epsilon-Greedy — Battle strategy,57,27,train,0.26352009446574204,2311.7583700000005,231.17583700000006,22.15029476174537,28.10862038616777,0.7873712040283221,37.75376475204272,10
HPG,GOOD,EPSILON_GREEDY,Epsilon-Greedy — Battle strategy,57,27,test,0.26352009446574204,1660.5191499999996,166.05191499999995,38.63792831449191,24.16520523156226,1.3956304611561157,22.492728691699163,7
HPG,GOOD,EPSILON_GREEDY,Epsilon-Greedy — Battle strategy,57,28,train,0.2503440897424549,2336.179770000001,233.6179770000001,22.300338100470118,28.096926408827272,0.7919905504628856,37.72883063667985,10
HPG,GOOD,EPSILON_GREEDY,Epsilon-Greedy — Battle strategy,57,28,test,0.2503440897424549,1660.4018099999998,166.04018099999996,38.635886853729716,24.166761867539254,1.3954948307382338,22.493522369256183,7
HPG,GOOD,EPSILON_GREEDY,Epsilon-Greedy — Battle strategy,57,29,train,0.23782688525533216,2325.7092500000012,232.57092500000013,22.236120379322077,28.062674337921568,0.7907273089629422,37.62506555498345,10
HPG,GOOD,EPSILON_GREEDY,Epsilon-Greedy — Battle strategy,57,29,test,0.23782688525533216,1661.45257,166.14525700000002,38.65416565632045,24.203357774680406,1.394298122528526,22.48641711431346,7
HPG,GOOD,EPSILON_GREEDY,Epsilon-Greedy — Battle strategy,57,30,train,0.22593554099256555,2334.987620000001,233.49876200000006,22.293034889897577,28.125865413218897,0.7912465523343775,37.483005911930285,10
HPG,GOOD,EPSILON_GREEDY,Epsilon-Greedy — Battle strategy,57,30,test,0.22593554099256555,1661.45257,166.14525700000002,38.65416565632045,24.203357774680406,1.394298122528526,22.48641711431346,7
HPG,GOOD,EPSILON_GREEDY,Epsilon-Greedy — Battle strategy,57,31,train,0.21463876394293727,2497.8260500000006,249.78260500000005,23.271042367772864,28.53622821253034,0.8120935038447742,37.36179741741952,10
HPG,GOOD,EPSILON_GREEDY,Epsilon-Greedy — Battle strategy,57,31,test,0.21463876394293727,1646.86987,164.686987,38.400057097196026,24.202854891046467,1.3867138586399186,22.40456094075218,7
HPG,GOOD,EPSILON_GREEDY,Epsilon-Greedy — Battle strategy,57,32,train,0.2039068257457904,2497.3980300000007,249.73980300000008,23.268521853719328,28.53712776811973,0.8120043780032683,37.383741892082924,10
HPG,GOOD,EPSILON_GREEDY,Epsilon-Greedy — Battle strategy,57,32,test,0.2039068257457904,1649.15215,164.915215,38.43988806173715,24.18569490774396,1.3887222548794698,22.389101092496645,7
HPG,GOOD,EPSILON_GREEDY,Epsilon-Greedy — Battle strategy,57,33,train,0.19371148445850087,2492.8713700000008,249.2871370000001,23.241849626372545,28.55300511293766,0.8109461407348724,37.47952826041597,10
HPG,GOOD,EPSILON_GREEDY,Epsilon-Greedy — Battle strategy,57,33,test,0.19371148445850087,1649.14158,164.914158,38.439703643950885,24.185694535019262,1.3887167287105182,22.389172643033607,7
HPG,GOOD,EPSILON_GREEDY,Epsilon-Greedy — Battle strategy,57,34,train,0.18402591023557582,2507.982570000001,250.79825700000012,23.330776601527692,28.580052328699473,0.8129967702018321,37.46986867035022,10
HPG,GOOD,EPSILON_GREEDY,Epsilon-Greedy — Battle strategy,57,34,test,0.18402591023557582,1647.35819,164.735819,38.408581312473686,24.224858524563064,1.38593470126237,22.401251333681696,7
HPG,GOOD,EPSILON_GREEDY,Epsilon-Greedy — Battle strategy,57,35,train,0.174824614723797,2548.6325400000005,254.86325400000007,23.568421346423875,28.647761732719413,0.8185298070627585,37.47462649289246,10
HPG,GOOD,EPSILON_GREEDY,Epsilon-Greedy — Battle strategy,57,35,test,0.174824614723797,1647.41561,164.741561,38.40958357908959,24.224089130655788,1.3860011009647104,22.400862231729732,7
HPG,GOOD,EPSILON_GREEDY,Epsilon-Greedy — Battle strategy,57,36,train,0.16608338398760716,2551.3268100000005,255.13268100000005,23.58409211769965,28.64691563415337,0.8189917958533426,37.482108426358494,10
HPG,GOOD,EPSILON_GREEDY,Epsilon-Greedy — Battle strategy,57,36,test,0.16608338398760716,1638.24789,163.824789,38.249377179592315,24.18264233060852,1.383148869551194,22.46315822279435,7
HPG,GOOD,EPSILON_GREEDY,Epsilon-Greedy — Battle strategy,57,37,train,0.1577792147882268,2551.6140700000005,255.16140700000008,23.585762333259463,28.64832662715901,0.8190133879310766,37.482843988250885,10
HPG,GOOD,EPSILON_GREEDY,Epsilon-Greedy — Battle strategy,57,37,test,0.1577792147882268,1634.6624299999999,163.466243,38.18662019690162,24.20379696325635,1.380265723048051,22.487616300919946,7
HPG,GOOD,EPSILON_GREEDY,Epsilon-Greedy — Battle strategy,57,38,train,0.14989025404881545,2541.9762900000005,254.19762900000003,23.529663854165285,28.652850805006313,0.8173303908256494,37.50180644483113,10
HPG,GOOD,EPSILON_GREEDY,Epsilon-Greedy — Battle strategy,57,38,test,0.14989025404881545,1618.87262,161.88726200000002,37.90956918082786,24.14602325250275,1.374639280459236,22.413200536118964,7
HPG,GOOD,EPSILON_GREEDY,Epsilon-Greedy — Battle strategy,57,39,train,0.14239574134637467,2540.0498300000004,254.00498300000004,23.518435294117126,28.650822571092537,0.8170478221242036,37.53948540311548,10
HPG,GOOD,EPSILON_GREEDY,Epsilon-Greedy — Battle strategy,57,39,test,0.14239574134637467,1618.87262,161.88726200000002,37.90956918082786,24.14602325250275,1.374639280459236,22.413200536118964,7
HPG,GOOD,EPSILON_GREEDY,Epsilon-Greedy — Battle strategy,57,40,train,0.13527595427905592,2555.4554100000005,255.54554100000004,23.60808622740882,28.6354400077733,0.819892213271168,37.398782726914135,10
HPG,GOOD,EPSILON_GREEDY,Epsilon-Greedy — Battle strategy,57,40,test,0.13527595427905592,1618.87262,161.88726200000002,37.90956918082786,24.14602325250275,1.374639280459236,22.413200536118964,7
HPG,GOOD,EPSILON_GREEDY,Epsilon-Greedy — Battle strategy,57,41,train,0.12851215656510312,2556.4777400000003,255.647774,23.61402409923421,28.62625453548172,0.8202346622712549,37.35978070168045,10
HPG,GOOD,EPSILON_GREEDY,Epsilon-Greedy — Battle strategy,57,41,test,0.12851215656510312,1634.5517100000002,163.455171,38.18468133858006,24.210947388762918,1.3798712371332338,22.488372420930837,7
HPG,GOOD,EPSILON_GREEDY,Epsilon-Greedy — Battle strategy,57,42,train,0.12208654873684796,2555.6662800000004,255.56662800000004,23.609311113729305,28.630867115276367,0.820013754591693,37.32942619713068,10
HPG,GOOD,EPSILON_GREEDY,Epsilon-Greedy — Battle strategy,57,42,test,0.12208654873684796,1634.5517100000002,163.455171,38.18468133858006,24.210947388762918,1.3798712371332338,22.488372420930837,7
HPG,GOOD,EPSILON_GREEDY,Epsilon-Greedy — Battle strategy,57,43,train,0.11598222130000556,2563.8291800000006,256.3829180000001,23.656680733616554,28.6603943584402,0.8208092299442088,37.370174828140634,10
HPG,GOOD,EPSILON_GREEDY,Epsilon-Greedy — Battle strategy,57,43,test,0.11598222130000556,1636.3435,163.63434999999998,38.21605136133643,24.198224356831,1.3814124411459172,22.476142317942475,7
HPG,GOOD,EPSILON_GREEDY,Epsilon-Greedy — Battle strategy,57,44,train,0.11018311023500528,2546.7409000000007,254.67409000000006,23.557413016006045,28.65757108453939,0.8180337959731319,37.37179767052154,10
HPG,GOOD,EPSILON_GREEDY,Epsilon-Greedy — Battle strategy,57,44,test,0.11018311023500528,1618.88733,161.888733,37.90982780242502,24.21424172206042,1.3714684549234548,22.41309972909361,7
HPG,GOOD,EPSILON_GREEDY,Epsilon-Greedy — Battle strategy,57,45,train,0.10467395472325501,2553.4472500000006,255.34472500000004,23.596418340714997,28.67913593698969,0.8187441468639173,37.33609335537587,10
HPG,GOOD,EPSILON_GREEDY,Epsilon-Greedy — Battle strategy,57,45,test,0.10467395472325501,1621.0114900000003,162.10114900000002,37.94716323984411,24.200441270137667,1.3732370540352425,22.398552461463687,7
HPG,GOOD,EPSILON_GREEDY,Epsilon-Greedy — Battle strategy,58,1,train,1.0,434.92700000000104,43.492700000000106,6.219454199330543,17.36605845472124,0.3221257451475578,36.712852934425904,5
HPG,GOOD,EPSILON_GREEDY,Epsilon-Greedy — Battle strategy,58,1,test,1.0,1665.32298,166.532298,38.7214530691137,30.204667627918013,1.1729318430200342,33.76755973718779,10
HPG,GOOD,EPSILON_GREEDY,Epsilon-Greedy — Battle strategy,58,2,train,0.95,443.717180000001,44.3717180000001,6.3278985321793435,17.395646526531667,0.3277902005173581,36.77342400822607,5
HPG,GOOD,EPSILON_GREEDY,Epsilon-Greedy — Battle strategy,58,2,test,0.95,1665.32298,166.532298,38.7214530691137,30.204667627918013,1.1729318430200342,33.76755973718779,10
HPG,GOOD,EPSILON_GREEDY,Epsilon-Greedy — Battle strategy,58,3,train,0.9025,416.0541700000008,41.60541700000008,5.984738103662934,17.218005497343906,0.3104345361343112,36.552003719136856,5
HPG,GOOD,EPSILON_GREEDY,Epsilon-Greedy — Battle strategy,58,3,test,0.9025,1665.32298,166.532298,38.7214530691137,30.204667627918013,1.1729318430200342,33.76755973718779,10
HPG,GOOD,EPSILON_GREEDY,Epsilon-Greedy — Battle strategy,58,4,train,0.8573749999999999,405.9625600000004,40.59625600000004,5.858160563608217,17.26266376774037,0.30309949611280745,36.57718566038192,5
HPG,GOOD,EPSILON_GREEDY,Epsilon-Greedy — Battle strategy,58,4,test,0.8573749999999999,1665.32298,166.532298,38.7214530691137,30.204667627918013,1.1729318430200342,33.76755973718779,10
HPG,GOOD,EPSILON_GREEDY,Epsilon-Greedy — Battle strategy,58,5,train,0.8145062499999999,405.28509000000076,40.52850900000008,5.849636083721843,17.27036916600393,0.3025705133454554,36.5885774576601,5
HPG,GOOD,EPSILON_GREEDY,Epsilon-Greedy — Battle strategy,58,5,test,0.8145062499999999,1666.8635,166.68634999999998,38.74821703346556,30.19537925689746,1.1738379667727425,33.61887866976521,10
HPG,GOOD,EPSILON_GREEDY,Epsilon-Greedy — Battle strategy,58,6,train,0.7737809374999998,410.68594000000166,41.06859400000017,5.917499087571931,17.176603196090852,0.30704706080490046,36.498540759696745,5
HPG,GOOD,EPSILON_GREEDY,Epsilon-Greedy — Battle strategy,58,6,test,0.7737809374999998,1692.6157500000004,169.26157500000002,39.19410231385145,30.426424880476123,1.1778382920203585,34.85564008588356,10
HPG,GOOD,EPSILON_GREEDY,Epsilon-Greedy — Battle strategy,58,7,train,0.7350918906249998,420.0689300000017,42.006893000000176,6.034885792230882,17.258613462667153,0.31287521088008113,36.35100962982457,6
HPG,GOOD,EPSILON_GREEDY,Epsilon-Greedy — Battle strategy,58,7,test,0.7350918906249998,1694.3341600000003,169.43341600000002,39.22375430456702,30.484161123257547,1.1768846231773873,34.93668541651658,10
HPG,GOOD,EPSILON_GREEDY,Epsilon-Greedy — Battle strategy,58,8,train,0.6983372960937497,419.2681300000015,41.92681300000015,6.024892571165297,17.257192194941023,0.31233584233245437,36.384670672674964,6
HPG,GOOD,EPSILON_GREEDY,Epsilon-Greedy — Battle strategy,58,8,test,0.6983372960937497,1694.3341600000003,169.43341600000002,39.22375430456702,30.484161123257547,1.1768846231773873,34.93668541651658,10
HPG,GOOD,EPSILON_GREEDY,Epsilon-Greedy — Battle strategy,58,9,train,0.6634204312890623,426.5913600000017,42.65913600000017,6.116105169294062,17.205340900892434,0.3178083939171792,36.776155655460634,5
HPG,GOOD,EPSILON_GREEDY,Epsilon-Greedy — Battle strategy,58,9,test,0.6634204312890623,1694.3341600000003,169.43341600000002,39.22375430456702,30.484161123257547,1.1768846231773873,34.93668541651658,10
HPG,GOOD,EPSILON_GREEDY,Epsilon-Greedy — Battle strategy,58,10,train,0.6302494097246091,425.83044000000154,42.58304400000015,6.106645906972541,17.20248463174536,0.3173106835845268,36.792798988351485,5
HPG,GOOD,EPSILON_GREEDY,Epsilon-Greedy — Battle strategy,58,10,test,0.6302494097246091,1694.3341600000003,169.43341600000002,39.22375430456702,30.484161123257547,1.1768846231773873,34.93668541651658,10
HPG,GOOD,EPSILON_GREEDY,Epsilon-Greedy — Battle strategy,58,11,train,0.5987369392383787,432.5943100000013,43.259431000000134,6.190582950580348,17.28766053748006,0.32120492321767713,36.61811476088476,6
HPG,GOOD,EPSILON_GREEDY,Epsilon-Greedy — Battle strategy,58,11,test,0.5987369392383787,1693.9437700000003,169.39437700000005,39.2170190435593,30.48860588237627,1.1765992065905826,34.97436334469089,10
HPG,GOOD,EPSILON_GREEDY,Epsilon-Greedy — Battle strategy,58,12,train,0.5688000922764597,456.232140000001,45.623214000000104,6.481350423159982,17.313425761108768,0.3369192461337961,37.00761692300008,5
HPG,GOOD,EPSILON_GREEDY,Epsilon-Greedy — Battle strategy,58,12,test,0.5688000922764597,1693.9437700000003,169.39437700000005,39.2170190435593,30.48860588237627,1.1765992065905826,34.97436334469089,10
HPG,GOOD,EPSILON_GREEDY,Epsilon-Greedy — Battle strategy,58,13,train,0.5403600876626367,461.5833100000011,46.15833100000011,6.546628614995087,17.341915059837035,0.34021351507808334,37.00317681875212,5
HPG,GOOD,EPSILON_GREEDY,Epsilon-Greedy — Battle strategy,58,13,test,0.5403600876626367,1693.9437700000003,169.39437700000005,39.2170190435593,30.48860588237627,1.1765992065905826,34.97436334469089,10
HPG,GOOD,EPSILON_GREEDY,Epsilon-Greedy — Battle strategy,58,14,train,0.5133420832795048,457.01873000000114,45.70187300000011,6.490958439931194,17.304689370858924,0.3375259627117445,36.940001544831986,5
HPG,GOOD,EPSILON_GREEDY,Epsilon-Greedy — Battle strategy,58,14,test,0.5133420832795048,1693.9437700000003,169.39437700000005,39.2170190435593,30.48860588237627,1.1765992065905826,34.97436334469089,10
HPG,GOOD,EPSILON_GREEDY,Epsilon-Greedy — Battle strategy,58,15,train,0.48767497911552954,456.0266900000013,45.60266900000013,6.478840186490742,17.292661611288953,0.3369848907519459,36.95032801727949,5
HPG,GOOD,EPSILON_GREEDY,Epsilon-Greedy — Battle strategy,58,15,test,0.48767497911552954,1693.9437700000003,169.39437700000005,39.2170190435593,30.48860588237627,1.1765992065905826,34.97436334469089,10
HPG,GOOD,EPSILON_GREEDY,Epsilon-Greedy — Battle strategy,58,16,train,0.46329123015975304,474.6937300000013,47.46937300000013,6.705723522380813,17.3215688192907,0.34910669310594017,36.883072001796094,5
HPG,GOOD,EPSILON_GREEDY,Epsilon-Greedy — Battle strategy,58,16,test,0.46329123015975304,1692.6024300000004,169.26024300000003,39.19387242162004,30.43994373075774,1.1774410606816552,34.85692564648522,10
HPG,GOOD,EPSILON_GREEDY,Epsilon-Greedy — Battle strategy,58,17,train,0.44012666865176536,472.79840000000127,47.27984000000013,6.68279672675296,17.319521124179158,0.34787544655341,36.941453062725465,5
HPG,GOOD,EPSILON_GREEDY,Epsilon-Greedy — Battle strategy,58,17,test,0.44012666865176536,1693.6388200000006,169.36388200000005,39.211757396431565,30.43107305474057,1.1781385837123228,35.00379515441132,10
HPG,GOOD,EPSILON_GREEDY,Epsilon-Greedy — Battle strategy,58,18,train,0.4181203352191771,459.9434500000016,45.99434500000016,6.526645370852324,17.21909570588795,0.340319789412719,37.27516553921076,5
HPG,GOOD,EPSILON_GREEDY,Epsilon-Greedy — Battle strategy,58,18,test,0.4181203352191771,1693.6388200000006,169.36388200000005,39.211757396431565,30.43107305474057,1.1781385837123228,35.00379515441132,10
HPG,GOOD,EPSILON_GREEDY,Epsilon-Greedy — Battle strategy,58,19,train,0.3972143184582182,467.9594800000011,46.79594800000012,6.624151236317499,17.234179700580636,0.34552404479859206,37.24228098294613,5
HPG,GOOD,EPSILON_GREEDY,Epsilon-Greedy — Battle strategy,58,19,test,0.3972143184582182,1691.3165000000004,169.13165000000004,39.17167476091352,30.403977811914153,1.1779618886129797,34.981035327002665,10
HPG,GOOD,EPSILON_GREEDY,Epsilon-Greedy — Battle strategy,58,20,train,0.37735360253530725,471.849020000001,47.1849020000001,6.671303344479962,17.26887101262666,0.3477602614392231,37.314449473974534,5
HPG,GOOD,EPSILON_GREEDY,Epsilon-Greedy — Battle strategy,58,20,test,0.37735360253530725,1691.4143700000004,169.14143700000005,39.173364436426674,30.415754160883296,1.1776613394815107,34.97158954501434,10
HPG,GOOD,EPSILON_GREEDY,Epsilon-Greedy — Battle strategy,58,21,train,0.3584859224085419,473.04965000000084,47.30496500000008,6.6858373763404755,17.278263617249802,0.34845880441864124,37.295001363121806,5
HPG,GOOD,EPSILON_GREEDY,Epsilon-Greedy — Battle strategy,58,21,test,0.3584859224085419,1691.4143700000004,169.14143700000005,39.173364436426674,30.415754160883296,1.1776613394815107,34.97158954501434,10
HPG,GOOD,EPSILON_GREEDY,Epsilon-Greedy — Battle strategy,58,22,train,0.3405616262881148,472.6822200000008,47.26822200000008,6.681390560096512,17.28242016017561,0.34817303257228954,37.30095093489945,5
HPG,GOOD,EPSILON_GREEDY,Epsilon-Greedy — Battle strategy,58,22,test,0.3405616262881148,1691.4143700000004,169.14143700000005,39.173364436426674,30.415754160883296,1.1776613394815107,34.97158954501434,10
HPG,GOOD,EPSILON_GREEDY,Epsilon-Greedy — Battle strategy,58,23,train,0.323533544973709,479.3204200000014,47.93204200000014,6.761587212686826,17.29581550728667,0.35242177624576226,37.32823579091924,5
HPG,GOOD,EPSILON_GREEDY,Epsilon-Greedy — Battle strategy,58,23,test,0.323533544973709,1665.66212,166.56621199999998,38.727345945071654,30.18403511861965,1.17367365750803,33.73482812889599,10
HPG,GOOD,EPSILON_GREEDY,Epsilon-Greedy — Battle strategy,58,24,train,0.3073568677250236,462.67825000000107,46.26782500000011,6.559961099024347,17.262743273153816,0.34171715967448174,37.32821438892146,5
HPG,GOOD,EPSILON_GREEDY,Epsilon-Greedy — Battle strategy,58,24,test,0.3073568677250236,1665.66212,166.56621199999998,38.727345945071654,30.18403511861965,1.17367365750803,33.73482812889599,10
HPG,GOOD,EPSILON_GREEDY,Epsilon-Greedy — Battle strategy,58,25,train,0.2919890243387724,467.0324200000009,46.70324200000009,6.612897320046374,17.234287597731758,0.34490491919685523,37.257336975134486,5
HPG,GOOD,EPSILON_GREEDY,Epsilon-Greedy — Battle strategy,58,25,test,0.2919890243387724,1667.9785500000003,166.79785500000003,38.76758274232137,30.2317954662663,1.1732616378681184,33.75139371610836,10
HPG,GOOD,EPSILON_GREEDY,Epsilon-Greedy — Battle strategy,58,26,train,0.27738957312183377,468.94415000000095,46.894415000000095,6.63609802015348,17.24365887210751,0.3460832074592065,37.42570461537898,5
HPG,GOOD,EPSILON_GREEDY,Epsilon-Greedy — Battle strategy,58,26,test,0.27738957312183377,1667.9785500000003,166.79785500000003,38.76758274232137,30.2317954662663,1.1732616378681184,33.75139371610836,10
HPG,GOOD,EPSILON_GREEDY,Epsilon-Greedy — Battle strategy,58,27,train,0.26352009446574204,456.07034000000067,45.60703400000007,6.4793735371901695,17.234624267932425,0.3375609318697494,37.38542813079902,5
HPG,GOOD,EPSILON_GREEDY,Epsilon-Greedy — Battle strategy,58,27,test,0.26352009446574204,1688.3440700000006,168.83440700000006,39.120337765817425,30.276008677385946,1.1804147375328924,33.573462284455665,10
HPG,GOOD,EPSILON_GREEDY,Epsilon-Greedy — Battle strategy,58,28,train,0.2503440897424549,469.02300000000105,46.9023000000001,6.637054401325204,17.210053229817827,0.34646098991985547,37.494572953267955,5
HPG,GOOD,EPSILON_GREEDY,Epsilon-Greedy — Battle strategy,58,28,test,0.2503440897424549,1667.90022,166.790022,38.766222516654445,30.199941778785984,1.1741551006657454,33.75895362316002,10
HPG,GOOD,EPSILON_GREEDY,Epsilon-Greedy — Battle strategy,58,29,train,0.23782688525533216,464.37176000000136,46.437176000000136,6.580565679278916,17.16930921797092,0.3437698499870633,37.37822226215619,5
HPG,GOOD,EPSILON_GREEDY,Epsilon-Greedy — Battle strategy,58,29,test,0.23782688525533216,1667.90022,166.790022,38.766222516654445,30.199941778785984,1.1741551006657454,33.75895362316002,10
HPG,GOOD,EPSILON_GREEDY,Epsilon-Greedy — Battle strategy,58,30,train,0.22593554099256555,457.49128000000064,45.74912800000007,6.496728452829048,17.292301206470082,0.33795182534921203,37.180557226716815,5
HPG,GOOD,EPSILON_GREEDY,Epsilon-Greedy — Battle strategy,58,30,test,0.22593554099256555,1667.90022,166.790022,38.766222516654445,30.199941778785984,1.1741551006657454,33.75895362316002,10
HPG,GOOD,EPSILON_GREEDY,Epsilon-Greedy — Battle strategy,58,31,train,0.21463876394293727,470.64225000000033,47.06422500000003,6.656685031668941,17.268079648007202,0.3469447076870459,37.41122285775166,5
HPG,GOOD,EPSILON_GREEDY,Epsilon-Greedy — Battle strategy,58,31,test,0.21463876394293727,1667.90022,166.790022,38.766222516654445,30.199941778785984,1.1741551006657454,33.75895362316002,10
HPG,GOOD,EPSILON_GREEDY,Epsilon-Greedy — Battle strategy,58,32,train,0.2039068257457904,472.2006000000001,47.22006000000001,6.675560361320709,17.25723081271196,0.3480890033660963,37.38593668062229,5
HPG,GOOD,EPSILON_GREEDY,Epsilon-Greedy — Battle strategy,58,32,test,0.2039068257457904,1667.90022,166.790022,38.766222516654445,30.199941778785984,1.1741551006657454,33.75895362316002,10
HPG,GOOD,EPSILON_GREEDY,Epsilon-Greedy — Battle strategy,58,33,train,0.19371148445850087,473.92513000000054,47.39251300000005,6.696429138335591,17.263837127372305,0.34916452979872564,37.33542933554241,5
HPG,GOOD,EPSILON_GREEDY,Epsilon-Greedy — Battle strategy,58,33,test,0.19371148445850087,1667.90022,166.790022,38.766222516654445,30.199941778785984,1.1741551006657454,33.75895362316002,10
HPG,GOOD,EPSILON_GREEDY,Epsilon-Greedy — Battle strategy,58,34,train,0.18402591023557582,468.13956000000076,46.813956000000076,6.6263366058388895,17.272769153457794,0.3452348004249881,37.42577720009847,5
HPG,GOOD,EPSILON_GREEDY,Epsilon-Greedy — Battle strategy,58,34,test,0.18402591023557582,1667.90022,166.790022,38.766222516654445,30.199941778785984,1.1741551006657454,33.75895362316002,10
HPG,GOOD,EPSILON_GREEDY,Epsilon-Greedy — Battle strategy,58,35,train,0.174824614723797,460.52268000000095,46.0522680000001,6.533705970466408,17.262045844685797,0.34026143974649686,37.44106233295902,5
HPG,GOOD,EPSILON_GREEDY,Epsilon-Greedy — Battle strategy,58,35,test,0.174824614723797,1667.90022,166.790022,38.766222516654445,30.199941778785984,1.1741551006657454,33.75895362316002,10
HPG,GOOD,EPSILON_GREEDY,Epsilon-Greedy — Battle strategy,58,36,train,0.16608338398760716,462.160710000001,46.216071000000106,6.5536603345915045,17.251168417279704,0.34146282986988696,37.41429405134862,5
HPG,GOOD,EPSILON_GREEDY,Epsilon-Greedy — Battle strategy,58,36,test,0.16608338398760716,1693.2629500000003,169.32629500000002,39.205271540380224,30.58726164960871,1.1735629485976091,36.04268350738186,10
HPG,GOOD,EPSILON_GREEDY,Epsilon-Greedy — Battle strategy,58,37,train,0.1577792147882268,462.6865500000008,46.26865500000008,6.560062131822875,17.24948019522851,0.34182966161939976,37.39230889881556,5
HPG,GOOD,EPSILON_GREEDY,Epsilon-Greedy — Battle strategy,58,37,test,0.1577792147882268,1693.5332200000003,169.35332200000002,39.20993526774579,30.574011638860988,1.174050184916312,36.01659878787656,10
HPG,GOOD,EPSILON_GREEDY,Epsilon-Greedy — Battle strategy,58,38,train,0.14989025404881545,463.9878500000009,46.39878500000009,6.575896467317621,17.23242629558148,0.34286762903705015,37.3710834493067,5
HPG,GOOD,EPSILON_GREEDY,Epsilon-Greedy — Battle strategy,58,38,test,0.14989025404881545,1693.2629500000003,169.32629500000002,39.205271540380224,30.58726164960871,1.1735629485976091,36.04268350738186,10
HPG,GOOD,EPSILON_GREEDY,Epsilon-Greedy — Battle strategy,58,39,train,0.14239574134637467,462.6153700000009,46.26153700000009,6.55919566876797,17.238209135495673,0.3418932798943963,37.3934706083043,5
HPG,GOOD,EPSILON_GREEDY,Epsilon-Greedy — Battle strategy,58,39,test,0.14239574134637467,1693.5332200000003,169.35332200000002,39.20993526774579,30.574011638860988,1.174050184916312,36.01659878787656,10
HPG,GOOD,EPSILON_GREEDY,Epsilon-Greedy — Battle strategy,58,40,train,0.13527595427905592,460.1045100000008,46.01045100000008,6.528608866878316,17.24022969379901,0.34019417141217917,37.421083965205206,5
HPG,GOOD,EPSILON_GREEDY,Epsilon-Greedy — Battle strategy,58,40,test,0.13527595427905592,1691.1377300000004,169.11377300000004,39.16858828259344,30.47139264255845,1.1759711694009052,35.24518425089819,10
HPG,GOOD,EPSILON_GREEDY,Epsilon-Greedy — Battle strategy,58,41,train,0.12851215656510312,461.6139700000008,46.16139700000008,6.547002058199158,17.237783299473904,0.34122828465909627,37.40982184093014,5
HPG,GOOD,EPSILON_GREEDY,Epsilon-Greedy — Battle strategy,58,41,test,0.12851215656510312,1693.5332200000003,169.35332200000002,39.20993526774579,30.574011638860988,1.174050184916312,36.01659878787656,10
HPG,GOOD,EPSILON_GREEDY,Epsilon-Greedy — Battle strategy,58,42,train,0.12208654873684796,459.9488700000004,45.99488700000004,6.52671144946233,17.22626173607729,0.3402272154830616,37.17962464121115,5
HPG,GOOD,EPSILON_GREEDY,Epsilon-Greedy — Battle strategy,58,42,test,0.12208654873684796,1693.5332200000003,169.35332200000002,39.20993526774579,30.574011638860988,1.174050184916312,36.01659878787656,10
HPG,GOOD,EPSILON_GREEDY,Epsilon-Greedy — Battle strategy,58,43,train,0.11598222130000556,436.1061499999996,43.61061499999997,6.234033436598052,17.23468745379244,0.32404920966659434,37.21463138808277,5
HPG,GOOD,EPSILON_GREEDY,Epsilon-Greedy — Battle strategy,58,43,test,0.11598222130000556,1694.5742600000003,169.45742600000003,39.227896342352906,30.558675938164104,1.17490830239877,35.91612431274505,10
HPG,GOOD,EPSILON_GREEDY,Epsilon-Greedy — Battle strategy,58,44,train,0.11018311023500528,436.1061499999996,43.61061499999997,6.234033436598052,17.23468745379244,0.32404920966659434,37.21463138808277,5
HPG,GOOD,EPSILON_GREEDY,Epsilon-Greedy — Battle strategy,58,44,test,0.11018311023500528,1694.5742600000003,169.45742600000003,39.227896342352906,30.558675938164104,1.17490830239877,35.91612431274505,10
HPG,GOOD,EPSILON_GREEDY,Epsilon-Greedy — Battle strategy,58,45,train,0.10467395472325501,453.99602000000027,45.39960200000003,6.454013098482658,17.25629547616992,0.3359502167068826,37.154765829418395,5
HPG,GOOD,EPSILON_GREEDY,Epsilon-Greedy — Battle strategy,58,45,test,0.10467395472325501,1694.5742600000003,169.45742600000003,39.227896342352906,30.558675938164104,1.17490830239877,35.91612431274505,10
HPG,GOOD,EPSILON_GREEDY,Epsilon-Greedy — Battle strategy,59,1,train,1.0,-45.314689999999246,-4.531468999999925,-0.7718423370326355,3.6949068230822055,-0.7342314927541261,9.862449247793688,0
HPG,GOOD,EPSILON_GREEDY,Epsilon-Greedy — Battle strategy,59,1,test,1.0,1219.6724000000013,121.96724000000012,30.50113008931399,19.468756111360374,1.367488784575384,19.876834195053632,3
HPG,GOOD,EPSILON_GREEDY,Epsilon-Greedy — Battle strategy,59,2,train,0.95,-45.314689999999246,-4.531468999999925,-0.7718423370326355,3.6949068230822055,-0.7342314927541261,9.862449247793688,0
HPG,GOOD,EPSILON_GREEDY,Epsilon-Greedy — Battle strategy,59,2,test,0.95,1322.8624900000013,132.28624900000014,32.496071476203326,19.894240976138484,1.4190670447128346,20.02322160022073,3
HPG,GOOD,EPSILON_GREEDY,Epsilon-Greedy — Battle strategy,59,3,train,0.9025,-45.314689999999246,-4.531468999999925,-0.7718423370326355,3.6949068230822055,-0.7342314927541261,9.862449247793688,0
HPG,GOOD,EPSILON_GREEDY,Epsilon-Greedy — Battle strategy,59,3,test,0.9025,1322.8624900000013,132.28624900000014,32.496071476203326,19.894240976138484,1.4190670447128346,20.02322160022073,3
HPG,GOOD,EPSILON_GREEDY,Epsilon-Greedy — Battle strategy,59,4,train,0.8573749999999999,-45.67909999999915,-4.567909999999915,-0.7781719053138403,3.6962895353304224,-0.7356838441533339,9.86587545257144,0
HPG,GOOD,EPSILON_GREEDY,Epsilon-Greedy — Battle strategy,59,4,test,0.8573749999999999,1324.2152100000012,132.42152100000013,32.521827338648414,19.920240766675168,1.4184496560808264,20.013606673933907,3
HPG,GOOD,EPSILON_GREEDY,Epsilon-Greedy — Battle strategy,59,5,train,0.8145062499999999,-45.67909999999915,-4.567909999999915,-0.7781719053138403,3.6962895353304224,-0.7356838441533339,9.86587545257144,0
HPG,GOOD,EPSILON_GREEDY,Epsilon-Greedy — Battle strategy,59,5,test,0.8145062499999999,1366.371990000001,136.63719900000012,33.319539239245174,20.133957474271778,1.4354576462623123,20.146242725338023,3
HPG,GOOD,EPSILON_GREEDY,Epsilon-Greedy — Battle strategy,59,6,train,0.7737809374999998,-45.67909999999915,-4.567909999999915,-0.7781719053138403,3.6962895353304224,-0.7356838441533339,9.86587545257144,0
HPG,GOOD,EPSILON_GREEDY,Epsilon-Greedy — Battle strategy,59,6,test,0.7737809374999998,1370.6465400000006,137.06465400000008,33.39989425401766,20.136030552827762,1.438336806266413,20.11808445850145,3
HPG,GOOD,EPSILON_GREEDY,Epsilon-Greedy — Battle strategy,59,7,train,0.7350918906249998,-45.04250999999931,-4.504250999999932,-0.7671160574771463,3.694308624039748,-0.7330558588147652,9.859891747112298,0
HPG,GOOD,EPSILON_GREEDY,Epsilon-Greedy — Battle strategy,59,7,test,0.7350918906249998,1367.4583800000014,136.74583800000013,33.33997087107215,20.136094378050135,1.4360919663499454,20.140825719028058,3
HPG,GOOD,EPSILON_GREEDY,Epsilon-Greedy — Battle strategy,59,8,train,0.6983372960937497,-45.04250999999931,-4.504250999999932,-0.7671160574771463,3.694308624039748,-0.7330558588147652,9.859891747112298,0
HPG,GOOD,EPSILON_GREEDY,Epsilon-Greedy — Battle strategy,59,8,test,0.6983372960937497,1343.9889000000007,134.39889000000008,32.897184860913754,20.071742766075527,1.4234079005849056,20.090683520835512,3
HPG,GOOD,EPSILON_GREEDY,Epsilon-Greedy — Battle strategy,59,9,train,0.6634204312890623,-45.39277999999945,-4.539277999999944,-0.7731985408812037,3.694829143353829,-0.7346209767980532,9.893263399363326,0
HPG,GOOD,EPSILON_GREEDY,Epsilon-Greedy — Battle strategy,59,9,test,0.6634204312890623,1273.8469099999998,127.38469099999999,31.555992818951317,20.159814489088454,1.3675301980841332,20.15419487142048,3
HPG,GOOD,EPSILON_GREEDY,Epsilon-Greedy — Battle strategy,59,10,train,0.6302494097246091,-47.11141999999927,-4.711141999999927,-0.8030699093503513,3.871207963038973,-0.7072589986317815,10.0173608383058,0
HPG,GOOD,EPSILON_GREEDY,Epsilon-Greedy — Battle strategy,59,10,test,0.6302494097246091,1273.9368799999997,127.39368799999997,31.557730677059226,20.15428698644339,1.3679152363193918,20.15353797990092,3
HPG,GOOD,EPSILON_GREEDY,Epsilon-Greedy — Battle strategy,59,11,train,0.5987369392383787,-37.48162999999931,-3.7481629999999315,-0.6362712380781566,4.118008352387478,-0.6213060558723682,10.121121240048419,0
HPG,GOOD,EPSILON_GREEDY,Epsilon-Greedy — Battle strategy,59,11,test,0.5987369392383787,1299.6018600000002,129.96018600000002,32.05161623453432,20.125746934085758,1.3882649842678554,19.969702656664218,3
HPG,GOOD,EPSILON_GREEDY,Epsilon-Greedy — Battle strategy,59,12,train,0.5688000922764597,-38.255429999999365,-3.825542999999936,-0.6496228314257113,4.12008878637808,-0.62426164341508,10.154727349181993,0
HPG,GOOD,EPSILON_GREEDY,Epsilon-Greedy — Battle strategy,59,12,test,0.5688000922764597,1269.35185,126.935185,31.469107984058574,20.05102545726177,1.3705388197452726,19.965658205837876,3
HPG,GOOD,EPSILON_GREEDY,Epsilon-Greedy — Battle strategy,59,13,train,0.5403600876626367,-40.35218999999927,-4.035218999999927,-0.6858465665044444,4.128229727381893,-0.6318601349882752,10.285004830819865,0
HPG,GOOD,EPSILON_GREEDY,Epsilon-Greedy — Battle strategy,59,13,test,0.5403600876626367,1239.21884,123.92188399999999,30.88368741601373,20.071187695625916,1.3470178473986896,19.960642560244352,3
HPG,GOOD,EPSILON_GREEDY,Epsilon-Greedy — Battle strategy,59,14,train,0.5133420832795048,-42.56470999999931,-4.256470999999931,-0.7241417294974295,4.151705330699322,-0.6374230935602543,10.481821095248549,0
HPG,GOOD,EPSILON_GREEDY,Epsilon-Greedy — Battle strategy,59,14,test,0.5133420832795048,1247.2552699999997,124.72552699999997,31.040328845242616,20.185137173213224,1.346487630612043,20.125577340370235,3
HPG,GOOD,EPSILON_GREEDY,Epsilon-Greedy — Battle strategy,59,15,train,0.48767497911552954,-45.41778999999963,-4.541778999999963,-0.7736329138336995,4.171284402617341,-0.6462945947888421,10.717061160320917,0
HPG,GOOD,EPSILON_GREEDY,Epsilon-Greedy — Battle strategy,59,15,test,0.48767497911552954,1241.64712,124.16471200000001,30.931057466991785,20.066901394581244,1.3490710111763793,19.942786858301144,3
HPG,GOOD,EPSILON_GREEDY,Epsilon-Greedy — Battle strategy,59,16,train,0.46329123015975304,-40.77072999999939,-4.077072999999939,-0.6930851768895518,4.287616111738534,-0.6085128369952254,10.278199831259126,0
HPG,GOOD,EPSILON_GREEDY,Epsilon-Greedy — Battle strategy,59,16,test,0.46329123015975304,1251.4132900000004,125.14132900000004,31.121228114066323,20.143133380252603,1.351952974298163,19.765258467208984,3
HPG,GOOD,EPSILON_GREEDY,Epsilon-Greedy — Battle strategy,59,17,train,0.44012666865176536,-36.810289999999554,-3.6810289999999553,-0.6246947899490096,4.337733230018187,-0.5849741818060659,9.904181858160154,0
HPG,GOOD,EPSILON_GREEDY,Epsilon-Greedy — Battle strategy,59,17,test,0.44012666865176536,1302.7360400000002,130.27360400000003,32.11167700046751,20.388648032600713,1.375213023814576,19.843782271207953,4
HPG,GOOD,EPSILON_GREEDY,Epsilon-Greedy — Battle strategy,59,18,train,0.4181203352191771,-51.14362999999969,-5.114362999999969,-0.873329557192204,4.173509322351419,-0.6702260925294086,11.257800843560437,0
HPG,GOOD,EPSILON_GREEDY,Epsilon-Greedy — Battle strategy,59,18,test,0.4181203352191771,1319.1507200000005,131.91507200000007,32.42534781366755,20.51895272587971,1.379374323724407,20.16202914938601,3
HPG,GOOD,EPSILON_GREEDY,Epsilon-Greedy — Battle strategy,59,19,train,0.3972143184582182,-47.80476999999962,-4.780476999999962,-0.8151336040562063,4.222611934972862,-0.6479203203667926,10.916545272351428,0
HPG,GOOD,EPSILON_GREEDY,Epsilon-Greedy — Battle strategy,59,19,test,0.3972143184582182,1321.0281200000009,132.10281200000009,32.46112900570577,20.507777956771704,1.3813304056628852,20.148592605548355,3
HPG,GOOD,EPSILON_GREEDY,Epsilon-Greedy — Battle strategy,59,20,train,0.37735360253530725,-46.401339999999664,-4.640133999999967,-0.7907227026200947,4.435017748549642,-0.6092097792370054,10.815142638410864,0
HPG,GOOD,EPSILON_GREEDY,Epsilon-Greedy — Battle strategy,59,20,test,0.37735360253530725,1322.5388100000005,132.25388100000004,32.48990711006839,20.53363560010855,1.3809149181401676,20.186857150552243,3
HPG,GOOD,EPSILON_GREEDY,Epsilon-Greedy — Battle strategy,59,21,train,0.3584859224085419,-47.980289999999286,-4.798028999999929,-0.81818866184723,4.364204760817846,-0.6262119255470672,10.964299722580702,0
HPG,GOOD,EPSILON_GREEDY,Epsilon-Greedy — Battle strategy,59,21,test,0.3584859224085419,1315.7157700000007,131.57157700000005,32.35983144210608,20.55306400932204,1.3749979532174805,20.235811958552166,3
HPG,GOOD,EPSILON_GREEDY,Epsilon-Greedy — Battle strategy,59,22,train,0.3405616262881148,-47.56949999999938,-4.7569499999999385,-0.8110392881687689,4.357316010102176,-0.6256023197261993,10.894320257504422,0
HPG,GOOD,EPSILON_GREEDY,Epsilon-Greedy — Battle strategy,59,22,test,0.3405616262881148,1363.1440200000006,136.31440200000006,33.258794230204614,20.788088941011583,1.3945060967740504,20.296732785585057,4
HPG,GOOD,EPSILON_GREEDY,Epsilon-Greedy — Battle strategy,59,23,train,0.323533544973709,-46.011159999999336,-4.601115999999934,-0.78394132804529,4.357016025158909,-0.6193239720167588,10.698684460710929,0
HPG,GOOD,EPSILON_GREEDY,Epsilon-Greedy — Battle strategy,59,23,test,0.323533544973709,1359.1659300000006,135.91659300000006,33.18385713470449,20.769404752558813,1.3928567167347445,20.336538715345366,4
HPG,GOOD,EPSILON_GREEDY,Epsilon-Greedy — Battle strategy,59,24,train,0.3073568677250236,-46.011159999999336,-4.601115999999934,-0.78394132804529,4.357016025158909,-0.6193239720167588,10.698684460710929,0
HPG,GOOD,EPSILON_GREEDY,Epsilon-Greedy — Battle strategy,59,24,test,0.3073568677250236,1352.1520400000004,135.21520400000006,33.051527992031346,20.83042874754175,1.3845892807714981,20.68802191149641,4
HPG,GOOD,EPSILON_GREEDY,Epsilon-Greedy — Battle strategy,59,25,train,0.2919890243387724,-32.945249999999646,-3.2945249999999646,-0.5581772613139746,4.359803636980705,-0.5663098854143661,11.036643073616945,0
HPG,GOOD,EPSILON_GREEDY,Epsilon-Greedy — Battle strategy,59,25,test,0.2919890243387724,1345.2503300000008,134.52503300000006,32.921058491056264,20.81504999290894,1.380721256252648,20.73782922377718,4
HPG,GOOD,EPSILON_GREEDY,Epsilon-Greedy — Battle strategy,59,26,train,0.27738957312183377,140.8988600000007,14.089886000000071,2.2269013244178293,7.3991781467871665,0.06699976613405081,14.0185029271275,0
HPG,GOOD,EPSILON_GREEDY,Epsilon-Greedy — Battle strategy,59,26,test,0.27738957312183377,1345.2459800000006,134.52459800000005,32.92097617832488,20.818882076993383,1.3805021478845534,20.726240759718188,4
HPG,GOOD,EPSILON_GREEDY,Epsilon-Greedy — Battle strategy,59,27,train,0.26352009446574204,140.8988600000007,14.089886000000071,2.2269013244178293,7.3991781467871665,0.06699976613405081,14.0185029271275,0
HPG,GOOD,EPSILON_GREEDY,Epsilon-Greedy — Battle strategy,59,27,test,0.26352009446574204,1344.0105100000005,134.40105100000005,32.89759392049236,20.820983280468866,1.3795346990636166,20.765882321404742,4
HPG,GOOD,EPSILON_GREEDY,Epsilon-Greedy — Battle strategy,59,28,train,0.2503440897424549,144.6860500000007,14.468605000000071,2.2835220766659337,7.437990061252004,0.07455019230148975,13.72968072440808,0
HPG,GOOD,EPSILON_GREEDY,Epsilon-Greedy — Battle strategy,59,28,test,0.2503440897424549,1344.7005400000007,134.47005400000006,32.910654301959184,20.820606079454542,1.3800301733080398,20.741807187896395,4
HPG,GOOD,EPSILON_GREEDY,Epsilon-Greedy — Battle strategy,59,29,train,0.23782688525533216,150.93796000000088,15.09379600000009,2.376651391476714,7.635436877439822,0.08660240259994251,14.000547982281573,0
HPG,GOOD,EPSILON_GREEDY,Epsilon-Greedy — Battle strategy,59,29,test,0.23782688525533216,1336.1430400000004,133.61430400000003,32.74850282746271,20.778032876142376,1.3765407417725923,20.5900789037717,4
HPG,GOOD,EPSILON_GREEDY,Epsilon-Greedy — Battle strategy,59,30,train,0.22593554099256555,140.94834000000128,14.094834000000128,2.2276420885825265,7.617227371395913,0.06733635636493839,14.975137672365124,0
HPG,GOOD,EPSILON_GREEDY,Epsilon-Greedy — Battle strategy,59,30,test,0.22593554099256555,1361.4524599999995,136.14524599999996,33.226939819985056,20.839614093206904,1.3904387908055804,20.444902992790816,4
HPG,GOOD,EPSILON_GREEDY,Epsilon-Greedy — Battle strategy,59,31,train,0.21463876394293727,-35.029359999999656,-3.5029359999999654,-0.5940173306318908,4.415372724468096,-0.5668656470548874,11.119944798586998,0
HPG,GOOD,EPSILON_GREEDY,Epsilon-Greedy — Battle strategy,59,31,test,0.21463876394293727,1354.02389,135.402389,33.08686935917604,20.94291885191754,1.3795562161535142,20.4449640677817,4
HPG,GOOD,EPSILON_GREEDY,Epsilon-Greedy — Battle strategy,59,32,train,0.2039068257457904,159.92711000000077,15.992711000000076,2.5098192810877773,7.537197274586697,0.10414770995542076,13.978242940270407,0
HPG,GOOD,EPSILON_GREEDY,Epsilon-Greedy — Battle strategy,59,32,test,0.2039068257457904,1352.5758300000002,135.257583,33.059530977408905,20.921169971504003,1.3797897454319585,20.249734759251208,4
HPG,GOOD,EPSILON_GREEDY,Epsilon-Greedy — Battle strategy,59,33,train,0.19371148445850087,163.07602000000065,16.307602000000067,2.556264885315662,7.490986301059735,0.11042513295177024,13.804480211234138,0
HPG,GOOD,EPSILON_GREEDY,Epsilon-Greedy — Battle strategy,59,33,test,0.19371148445850087,1359.10653,135.910653,33.18273755223331,20.899919627973443,1.3854158752483092,20.178250812389035,4
HPG,GOOD,EPSILON_GREEDY,Epsilon-Greedy — Battle strategy,59,34,train,0.18402591023557582,165.407290000001,16.540729000000102,2.590583085419218,7.533164102322244,0.11470298259028061,13.825587156358404,0
HPG,GOOD,EPSILON_GREEDY,Epsilon-Greedy — Battle strategy,59,34,test,0.18402591023557582,1376.63267,137.663267,33.51226230034183,20.908021169897165,1.3968459317793875,19.834756133508783,4
HPG,GOOD,EPSILON_GREEDY,Epsilon-Greedy — Battle strategy,59,35,train,0.174824614723797,176.52768000000083,17.652768000000084,2.7535016682807,7.462295871721566,0.13653951845228335,13.78857702809724,0
HPG,GOOD,EPSILON_GREEDY,Epsilon-Greedy — Battle strategy,59,35,test,0.174824614723797,1374.56122,137.45612200000002,33.47339963640677,20.92024597773614,1.3947527757641351,19.843041292005402,4
HPG,GOOD,EPSILON_GREEDY,Epsilon-Greedy — Battle strategy,59,36,train,0.16608338398760716,194.81412000000046,19.481412000000045,3.0186384732991955,7.714976998865569,0.1682391398850014,13.786705657765744,0
HPG,GOOD,EPSILON_GREEDY,Epsilon-Greedy — Battle strategy,59,36,test,0.16608338398760716,1382.8282700000004,138.28282700000005,33.628364023242405,20.935032981456196,1.399472489064312,19.812333115871308,4
HPG,GOOD,EPSILON_GREEDY,Epsilon-Greedy — Battle strategy,59,37,train,0.1577792147882268,192.6992400000006,19.26992400000006,2.9881481783852637,7.7719585645434295,0.16373345194611771,14.232835757390811,1
HPG,GOOD,EPSILON_GREEDY,Epsilon-Greedy — Battle strategy,59,37,test,0.1577792147882268,1415.08561,141.508561,34.22962001353471,21.147204710804413,1.4088806857162928,19.99455353392499,4
HPG,GOOD,EPSILON_GREEDY,Epsilon-Greedy — Battle strategy,59,38,train,0.14989025404881545,149.50662000000125,14.950662000000126,2.3553672114818625,7.685055369041558,0.08383233776661604,14.20268502641784,0
HPG,GOOD,EPSILON_GREEDY,Epsilon-Greedy — Battle strategy,59,38,test,0.14989025404881545,1416.05595,141.605595,34.24762341471479,21.150823009876504,1.4093128838622493,19.99507021156791,4
HPG,GOOD,EPSILON_GREEDY,Epsilon-Greedy — Battle strategy,59,39,train,0.14239574134637467,133.75809000000118,13.375809000000116,2.1197153298609495,8.036542402187877,0.05465384656646849,15.018752307386896,0
HPG,GOOD,EPSILON_GREEDY,Epsilon-Greedy — Battle strategy,59,39,test,0.14239574134637467,1439.6748899999993,143.96748899999994,34.684364657991964,21.261387905694907,1.4184258470214177,20.182175753524792,4
HPG,GOOD,EPSILON_GREEDY,Epsilon-Greedy — Battle strategy,59,40,train,0.13527595427905592,162.37726000000112,16.237726000000112,2.545967407040872,8.219702314933603,0.10636189803407975,15.136821416607043,1
HPG,GOOD,EPSILON_GREEDY,Epsilon-Greedy — Battle strategy,59,40,test,0.13527595427905592,1438.764689999999,143.8764689999999,34.66758632021414,21.289070305435477,1.4162722429997858,20.18837363554558,4
HPG,GOOD,EPSILON_GREEDY,Epsilon-Greedy — Battle strategy,59,41,train,0.12851215656510312,175.55407000000014,17.555407000000013,2.739289206974571,8.340449949869157,0.12880620091061387,14.740946294766363,1
HPG,GOOD,EPSILON_GREEDY,Epsilon-Greedy — Battle strategy,59,41,test,0.12851215656510312,1396.8302099999996,139.68302099999997,33.89001295957761,21.10987593030028,1.3989433746295066,19.851741605424483,4
HPG,GOOD,EPSILON_GREEDY,Epsilon-Greedy — Battle strategy,59,42,train,0.12208654873684796,181.99361000000044,18.199361000000046,2.8331102555214205,8.304128272699936,0.14009295361347082,14.51868907814504,1
HPG,GOOD,EPSILON_GREEDY,Epsilon-Greedy — Battle strategy,59,42,test,0.12208654873684796,1405.96249,140.59624899999997,34.060116250299984,21.15907616564437,1.402204555961909,19.789682803183368,4
HPG,GOOD,EPSILON_GREEDY,Epsilon-Greedy — Battle strategy,59,43,train,0.11598222130000556,191.3569700000005,19.13569700000005,2.968773259359536,8.401937091473211,0.15526424699359265,14.734948134171194,1
HPG,GOOD,EPSILON_GREEDY,Epsilon-Greedy — Battle strategy,59,43,test,0.11598222130000556,1385.1972800000003,138.51972800000004,33.6727046624417,21.213719597756345,1.3854538857779097,19.786975967276145,4
HPG,GOOD,EPSILON_GREEDY,Epsilon-Greedy — Battle strategy,59,44,train,0.11018311023500528,218.47263000000066,21.847263000000066,3.356695402431442,8.79473978308236,0.19529289803662953,16.97010721114906,0
HPG,GOOD,EPSILON_GREEDY,Epsilon-Greedy — Battle strategy,59,44,test,0.11018311023500528,1398.9866700000002,139.89866700000002,33.930219353740895,21.231902318838074,1.3935612080723303,19.837052211392127,4
HPG,GOOD,EPSILON_GREEDY,Epsilon-Greedy — Battle strategy,59,45,train,0.10467395472325501,230.75217000000066,23.075217000000066,3.5300078011956115,9.162352603498574,0.20952672725024726,18.848119239415233,1
HPG,GOOD,EPSILON_GREEDY,Epsilon-Greedy — Battle strategy,59,45,test,0.10467395472325501,1399.8173900000002,139.981739,33.94570139541406,21.23432836980324,1.393973158920395,19.837294535319824,4
HPG,GOOD,EPSILON_GREEDY,Epsilon-Greedy — Battle strategy,60,1,train,1.0,806.2730800000008,80.62730800000008,10.38369134149313,18.746517155824332,0.5187265405792428,37.57843035380838,7
HPG,GOOD,EPSILON_GREEDY,Epsilon-Greedy — Battle strategy,60,1,test,1.0,2037.17693,203.71769300000003,44.9040829443802,31.816201140228557,1.2669861337735322,38.191802965877685,11
HPG,GOOD,EPSILON_GREEDY,Epsilon-Greedy — Battle strategy,60,2,train,0.95,887.273740000001,88.7273740000001,11.1957401865727,19.55278853561534,0.5429972401217265,37.56499876174454,7
HPG,GOOD,EPSILON_GREEDY,Epsilon-Greedy — Battle strategy,60,2,test,0.95,2037.17693,203.71769300000003,44.9040829443802,31.816201140228557,1.2669861337735322,38.191802965877685,11
HPG,GOOD,EPSILON_GREEDY,Epsilon-Greedy — Battle strategy,60,3,train,0.9025,781.9694000000002,78.19694000000001,10.134128186502767,19.01086054813471,0.502136859955364,37.65274510500098,7
HPG,GOOD,EPSILON_GREEDY,Epsilon-Greedy — Battle strategy,60,3,test,0.9025,2085.60653,208.56065300000003,45.67144791797184,31.91768555545295,1.2806088581995763,38.216762045556834,11
HPG,GOOD,EPSILON_GREEDY,Epsilon-Greedy — Battle strategy,60,4,train,0.8573749999999999,798.0362299999997,79.80362299999997,10.299425994094458,18.986327999654176,0.5105032261976548,37.58091645261726,7
HPG,GOOD,EPSILON_GREEDY,Epsilon-Greedy — Battle strategy,60,4,test,0.8573749999999999,2085.7566800000004,208.57566800000004,45.673814519237645,31.926937267874656,1.2803841516302392,38.30085701959519,12
HPG,GOOD,EPSILON_GREEDY,Epsilon-Greedy — Battle strategy,60,5,train,0.8145062499999999,877.1415300000008,87.71415300000008,11.095769973275393,19.664555562999993,0.5364129790111273,37.58960040174543,7
HPG,GOOD,EPSILON_GREEDY,Epsilon-Greedy — Battle strategy,60,5,test,0.8145062499999999,2085.7566800000004,208.57566800000004,45.673814519237645,31.926937267874656,1.2803841516302392,38.30085701959519,12
HPG,GOOD,EPSILON_GREEDY,Epsilon-Greedy — Battle strategy,60,6,train,0.7737809374999998,880.2360000000008,88.02360000000007,11.126349368387922,19.646684652284968,0.5381375112648804,37.569166404048275,7
HPG,GOOD,EPSILON_GREEDY,Epsilon-Greedy — Battle strategy,60,6,test,0.7737809374999998,2085.7566800000004,208.57566800000004,45.673814519237645,31.926937267874656,1.2803841516302392,38.30085701959519,12
HPG,GOOD,EPSILON_GREEDY,Epsilon-Greedy — Battle strategy,60,7,train,0.7350918906249998,883.3082100000008,88.33082100000009,11.156667352385053,19.630191987187075,0.539827582568788,37.61640543221559,7
HPG,GOOD,EPSILON_GREEDY,Epsilon-Greedy — Battle strategy,60,7,test,0.7350918906249998,2085.7566800000004,208.57566800000004,45.673814519237645,31.926937267874656,1.2803841516302392,38.30085701959519,12
HPG,GOOD,EPSILON_GREEDY,Epsilon-Greedy — Battle strategy,60,8,train,0.6983372960937497,877.8247600000009,87.78247600000009,11.102525227212379,19.68284980559518,0.5364127674571587,37.58070720735551,7
HPG,GOOD,EPSILON_GREEDY,Epsilon-Greedy — Battle strategy,60,8,test,0.6983372960937497,2085.7566800000004,208.57566800000004,45.673814519237645,31.926937267874656,1.2803841516302392,38.30085701959519,12
HPG,GOOD,EPSILON_GREEDY,Epsilon-Greedy — Battle strategy,60,9,train,0.6634204312890623,888.7059900000015,88.87059900000015,11.209835506402088,19.72268475052065,0.5406650176690248,37.587276475704506,7
HPG,GOOD,EPSILON_GREEDY,Epsilon-Greedy — Battle strategy,60,9,test,0.6634204312890623,2085.7566800000004,208.57566800000004,45.673814519237645,31.926937267874656,1.2803841516302392,38.30085701959519,12
HPG,GOOD,EPSILON_GREEDY,Epsilon-Greedy — Battle strategy,60,10,train,0.6302494097246091,822.19336,82.219336,10.545657312619428,19.046376432772448,0.5213007094223614,37.55359229904466,7
HPG,GOOD,EPSILON_GREEDY,Epsilon-Greedy — Battle strategy,60,10,test,0.6302494097246091,2085.7566800000004,208.57566800000004,45.673814519237645,31.926937267874656,1.2803841516302392,38.30085701959519,12
HPG,GOOD,EPSILON_GREEDY,Epsilon-Greedy — Battle strategy,60,11,train,0.5987369392383787,822.9276099999997,82.29276099999997,10.553098776555835,19.075142567003603,0.5211584081532845,37.57845791384452,7
HPG,GOOD,EPSILON_GREEDY,Epsilon-Greedy — Battle strategy,60,11,test,0.5987369392383787,2085.7566800000004,208.57566800000004,45.673814519237645,31.926937267874656,1.2803841516302392,38.30085701959519,12
HPG,GOOD,EPSILON_GREEDY,Epsilon-Greedy — Battle strategy,60,12,train,0.5688000922764597,822.6961100000003,82.26961100000003,10.550752843959987,18.996670108218535,0.5224191905681556,37.579109504344935,7
HPG,GOOD,EPSILON_GREEDY,Epsilon-Greedy — Battle strategy,60,12,test,0.5688000922764597,2085.7566800000004,208.57566800000004,45.673814519237645,31.926937267874656,1.2803841516302392,38.30085701959519,12
HPG,GOOD,EPSILON_GREEDY,Epsilon-Greedy — Battle strategy,60,13,train,0.5403600876626367,891.4561800000006,89.14561800000006,11.236876235592419,19.71016003982103,0.5421265160012284,37.61738881046512,7
HPG,GOOD,EPSILON_GREEDY,Epsilon-Greedy — Battle strategy,60,13,test,0.5403600876626367,2060.19209,206.01920900000002,45.26976573611945,31.923980477970936,1.2717258348989187,38.32444639346035,11
HPG,GOOD,EPSILON_GREEDY,Epsilon-Greedy — Battle strategy,60,14,train,0.5133420832795048,814.5688999999998,81.45688999999997,10.468237085424569,19.08375045923706,0.516953715909701,37.580099374520046,7
HPG,GOOD,EPSILON_GREEDY,Epsilon-Greedy — Battle strategy,60,14,test,0.5133420832795048,2060.19209,206.01920900000002,45.26976573611945,31.923980477970936,1.2717258348989187,38.32444639346035,11
HPG,GOOD,EPSILON_GREEDY,Epsilon-Greedy — Battle strategy,60,15,train,0.48767497911552954,895.1684300000009,89.5168430000001,11.273324352069181,19.60626971760359,0.5456530285070331,37.56946778356884,7
HPG,GOOD,EPSILON_GREEDY,Epsilon-Greedy — Battle strategy,60,15,test,0.48767497911552954,2060.19209,206.01920900000002,45.26976573611945,31.923980477970936,1.2717258348989187,38.32444639346035,11
HPG,GOOD,EPSILON_GREEDY,Epsilon-Greedy — Battle strategy,60,16,train,0.46329123015975304,814.4616799999994,81.44616799999994,10.46714642258262,19.032148362176965,0.5177936661011234,37.58915651478604,7
HPG,GOOD,EPSILON_GREEDY,Epsilon-Greedy — Battle strategy,60,16,test,0.46329123015975304,2060.19209,206.01920900000002,45.26976573611945,31.923980477970936,1.2717258348989187,38.32444639346035,11
HPG,GOOD,EPSILON_GREEDY,Epsilon-Greedy — Battle strategy,60,17,train,0.44012666865176536,821.8090899999995,82.18090899999994,10.541761824190932,18.94323933022515,0.5229267258516105,37.558744583217035,7
HPG,GOOD,EPSILON_GREEDY,Epsilon-Greedy — Battle strategy,60,17,test,0.44012666865176536,2036.8800100000003,203.68800100000004,44.8993532070064,31.811491084327987,1.2670208601865158,38.2027228954151,11
HPG,GOOD,EPSILON_GREEDY,Epsilon-Greedy — Battle strategy,60,18,train,0.4181203352191771,819.5989999999995,81.95989999999995,10.519344020394339,18.95348088185545,0.5216666527692332,37.588404893967734,7
HPG,GOOD,EPSILON_GREEDY,Epsilon-Greedy — Battle strategy,60,18,test,0.4181203352191771,2036.8800100000003,203.68800100000004,44.8993532070064,31.811491084327987,1.2670208601865158,38.2027228954151,11
HPG,GOOD,EPSILON_GREEDY,Epsilon-Greedy — Battle strategy,60,19,train,0.3972143184582182,819.5079199999996,81.95079199999996,10.518419674000246,18.94573065127015,0.521758122094979,37.589628229872275,7
HPG,GOOD,EPSILON_GREEDY,Epsilon-Greedy — Battle strategy,60,19,test,0.3972143184582182,2036.8800100000003,203.68800100000004,44.8993532070064,31.811491084327987,1.2670208601865158,38.2027228954151,11
HPG,GOOD,EPSILON_GREEDY,Epsilon-Greedy — Battle strategy,60,20,train,0.37735360253530725,854.7534300000009,85.4753430000001,10.873272354880626,19.466502951984747,0.5294976994708996,37.55913420030499,7
HPG,GOOD,EPSILON_GREEDY,Epsilon-Greedy — Battle strategy,60,20,test,0.37735360253530725,2036.8800100000003,203.68800100000004,44.8993532070064,31.811491084327987,1.2670208601865158,38.2027228954151,11
HPG,GOOD,EPSILON_GREEDY,Epsilon-Greedy — Battle strategy,60,21,train,0.3584859224085419,853.992390000001,85.39923900000011,10.865669749336071,19.462392757169113,0.5292142003926964,37.569161063339706,7
HPG,GOOD,EPSILON_GREEDY,Epsilon-Greedy — Battle strategy,60,21,test,0.3584859224085419,2036.8800100000003,203.68800100000004,44.8993532070064,31.811491084327987,1.2670208601865158,38.2027228954151,11
HPG,GOOD,EPSILON_GREEDY,Epsilon-Greedy — Battle strategy,60,22,train,0.3405616262881148,847.3109400000014,84.73109400000014,10.798811857252023,19.37060341982562,0.5276673505986668,37.55280131873784,7
HPG,GOOD,EPSILON_GREEDY,Epsilon-Greedy — Battle strategy,60,22,test,0.3405616262881148,2036.8800100000003,203.68800100000004,44.8993532070064,31.811491084327987,1.2670208601865158,38.2027228954151,11
HPG,GOOD,EPSILON_GREEDY,Epsilon-Greedy — Battle strategy,60,23,train,0.323533544973709,831.0529799999999,83.10529799999999,10.635281396315378,18.706429662224654,0.5317210933808076,37.54969199210604,7
HPG,GOOD,EPSILON_GREEDY,Epsilon-Greedy — Battle strategy,60,23,test,0.323533544973709,2036.8800100000003,203.68800100000004,44.8993532070064,31.811491084327987,1.2670208601865158,38.2027228954151,11
HPG,GOOD,EPSILON_GREEDY,Epsilon-Greedy — Battle strategy,60,24,train,0.3073568677250236,822.9592400000001,82.29592400000001,10.55341928362894,18.75487891725462,0.5268511030295909,37.556180235118845,7
HPG,GOOD,EPSILON_GREEDY,Epsilon-Greedy — Battle strategy,60,24,test,0.3073568677250236,2036.8800100000003,203.68800100000004,44.8993532070064,31.811491084327987,1.2670208601865158,38.2027228954151,11
HPG,GOOD,EPSILON_GREEDY,Epsilon-Greedy — Battle strategy,60,25,train,0.2919890243387724,822.7031499999998,82.27031499999998,10.550824188290232,18.45889860889663,0.5321955829913511,37.55203860989327,7
HPG,GOOD,EPSILON_GREEDY,Epsilon-Greedy — Battle strategy,60,25,test,0.2919890243387724,2059.2112100000004,205.92112100000003,45.25421819550648,31.85685968819467,1.2733806270541546,38.17712937260719,11
HPG,GOOD,EPSILON_GREEDY,Epsilon-Greedy — Battle strategy,60,26,train,0.27738957312183377,814.6468199999999,81.46468199999998,10.469029669248698,18.78481082892645,0.5222109906882022,37.62223901387174,7
HPG,GOOD,EPSILON_GREEDY,Epsilon-Greedy — Battle strategy,60,26,test,0.27738957312183377,2059.2112100000004,205.92112100000003,45.25421819550648,31.85685968819467,1.2733806270541546,38.17712937260719,11
HPG,GOOD,EPSILON_GREEDY,Epsilon-Greedy — Battle strategy,60,27,train,0.26352009446574204,796.0386100000001,79.60386100000001,10.27894133270204,18.64270950527965,0.5154561067413859,37.552529571550615,7
HPG,GOOD,EPSILON_GREEDY,Epsilon-Greedy — Battle strategy,60,27,test,0.26352009446574204,2059.2112100000004,205.92112100000003,45.25421819550648,31.85685968819467,1.2733806270541546,38.17712937260719,11
HPG,GOOD,EPSILON_GREEDY,Epsilon-Greedy — Battle strategy,60,28,train,0.2503440897424549,806.5451800000005,80.65451800000005,10.38646953740825,18.570264552762474,0.5220368858745486,37.52629654756032,7
HPG,GOOD,EPSILON_GREEDY,Epsilon-Greedy — Battle strategy,60,28,test,0.2503440897424549,2059.2112100000004,205.92112100000003,45.25421819550648,31.85685968819467,1.2733806270541546,38.17712937260719,11
HPG,GOOD,EPSILON_GREEDY,Epsilon-Greedy — Battle strategy,60,29,train,0.23782688525533216,816.81584,81.681584,10.49108105922012,18.406812378831987,0.5302143763022982,37.45139356532201,7
HPG,GOOD,EPSILON_GREEDY,Epsilon-Greedy — Battle strategy,60,29,test,0.23782688525533216,2059.2112100000004,205.92112100000003,45.25421819550648,31.85685968819467,1.2733806270541546,38.17712937260719,11
HPG,GOOD,EPSILON_GREEDY,Epsilon-Greedy — Battle strategy,60,30,train,0.22593554099256555,803.39995,80.339995,10.354334811264598,18.528346401727262,0.521206379432276,37.40746509529521,7
HPG,GOOD,EPSILON_GREEDY,Epsilon-Greedy — Battle strategy,60,30,test,0.22593554099256555,2059.2112100000004,205.92112100000003,45.25421819550648,31.85685968819467,1.2733806270541546,38.17712937260719,11
HPG,GOOD,EPSILON_GREEDY,Epsilon-Greedy — Battle strategy,60,31,train,0.21463876394293727,787.9386900000006,78.79386900000006,10.195685459305581,18.567903938403642,0.5126735479928908,37.3920702456598,7
HPG,GOOD,EPSILON_GREEDY,Epsilon-Greedy — Battle strategy,60,31,test,0.21463876394293727,2059.2112100000004,205.92112100000003,45.25421819550648,31.85685968819467,1.2733806270541546,38.17712937260719,11
HPG,GOOD,EPSILON_GREEDY,Epsilon-Greedy — Battle strategy,60,32,train,0.2039068257457904,792.0300700000005,79.20300700000004,10.237778311732715,18.52408491651695,0.5155322508299851,37.44929676399536,7
HPG,GOOD,EPSILON_GREEDY,Epsilon-Greedy — Battle strategy,60,32,test,0.2039068257457904,2059.2112100000004,205.92112100000003,45.25421819550648,31.85685968819467,1.2733806270541546,38.17712937260719,11
HPG,GOOD,EPSILON_GREEDY,Epsilon-Greedy — Battle strategy,60,33,train,0.19371148445850087,563.9408599999999,56.39408599999999,7.758490180659772,17.23462936883392,0.4076302194210485,36.48047645691276,7
HPG,GOOD,EPSILON_GREEDY,Epsilon-Greedy — Battle strategy,60,33,test,0.19371148445850087,2059.2112100000004,205.92112100000003,45.25421819550648,31.85685968819467,1.2733806270541546,38.17712937260719,11
HPG,GOOD,EPSILON_GREEDY,Epsilon-Greedy — Battle strategy,60,34,train,0.18402591023557582,757.9857100000004,75.79857100000004,9.885055948029331,18.187255534326038,0.5038939867321193,37.21340344628396,7
HPG,GOOD,EPSILON_GREEDY,Epsilon-Greedy — Battle strategy,60,34,test,0.18402591023557582,2059.2112100000004,205.92112100000003,45.25421819550648,31.85685968819467,1.2733806270541546,38.17712937260719,11
HPG,GOOD,EPSILON_GREEDY,Epsilon-Greedy — Battle strategy,60,35,train,0.174824614723797,590.4066300000002,59.040663000000016,8.061053128193386,17.421414215046013,0.4213412701198646,36.60537695152577,7
HPG,GOOD,EPSILON_GREEDY,Epsilon-Greedy — Battle strategy,60,35,test,0.174824614723797,2059.2112100000004,205.92112100000003,45.25421819550648,31.85685968819467,1.2733806270541546,38.17712937260719,11
HPG,GOOD,EPSILON_GREEDY,Epsilon-Greedy — Battle strategy,60,36,train,0.16608338398760716,538.7759899999999,53.87759899999999,7.466817865199515,17.052804354023966,0.39412033905228244,36.24383510393315,6
HPG,GOOD,EPSILON_GREEDY,Epsilon-Greedy — Battle strategy,60,36,test,0.16608338398760716,2059.2112100000004,205.92112100000003,45.25421819550648,31.85685968819467,1.2733806270541546,38.17712937260719,11
HPG,GOOD,EPSILON_GREEDY,Epsilon-Greedy — Battle strategy,60,37,train,0.1577792147882268,535.2994099999999,53.52994099999998,7.4262109231290285,17.147410383133433,0.3906634795996814,36.34333560260145,6
HPG,GOOD,EPSILON_GREEDY,Epsilon-Greedy — Battle strategy,60,37,test,0.1577792147882268,2059.2112100000004,205.92112100000003,45.25421819550648,31.85685968819467,1.2733806270541546,38.17712937260719,11
HPG,GOOD,EPSILON_GREEDY,Epsilon-Greedy — Battle strategy,60,38,train,0.14989025404881545,536.7630900000001,53.67630900000001,7.443316235859165,16.990401570403492,0.39364239574018217,36.17571445611436,6
HPG,GOOD,EPSILON_GREEDY,Epsilon-Greedy — Battle strategy,60,38,test,0.14989025404881545,2059.2112100000004,205.92112100000003,45.25421819550648,31.85685968819467,1.2733806270541546,38.17712937260719,11
HPG,GOOD,EPSILON_GREEDY,Epsilon-Greedy — Battle strategy,60,39,train,0.14239574134637467,532.8564700000004,53.28564700000003,7.397631200079635,17.064800677214738,0.39015658829853994,36.13848617842662,6
HPG,GOOD,EPSILON_GREEDY,Epsilon-Greedy — Battle strategy,60,39,test,0.14239574134637467,2059.2112100000004,205.92112100000003,45.25421819550648,31.85685968819467,1.2733806270541546,38.17712937260719,11
HPG,GOOD,EPSILON_GREEDY,Epsilon-Greedy — Battle strategy,60,40,train,0.13527595427905592,519.1522900000004,51.91522900000004,7.236600318485453,17.09573543978103,0.3809078922333755,36.13955328231429,6
HPG,GOOD,EPSILON_GREEDY,Epsilon-Greedy — Battle strategy,60,40,test,0.13527595427905592,2059.2112100000004,205.92112100000003,45.25421819550648,31.85685968819467,1.2733806270541546,38.17712937260719,11
HPG,GOOD,EPSILON_GREEDY,Epsilon-Greedy — Battle strategy,60,41,train,0.12851215656510312,518.9986700000006,51.899867000000064,7.234788361671174,17.05154343462582,0.38135212136928415,36.09195740779643,6
HPG,GOOD,EPSILON_GREEDY,Epsilon-Greedy — Battle strategy,60,41,test,0.12851215656510312,2059.2112100000004,205.92112100000003,45.25421819550648,31.85685968819467,1.2733806270541546,38.17712937260719,11
HPG,GOOD,EPSILON_GREEDY,Epsilon-Greedy — Battle strategy,60,42,train,0.12208654873684796,536.6888200000008,53.668882000000075,7.442448605549168,17.29420191965165,0.38968805416613594,36.485915747654545,7
HPG,GOOD,EPSILON_GREEDY,Epsilon-Greedy — Battle strategy,60,42,test,0.12208654873684796,2059.2112100000004,205.92112100000003,45.25421819550648,31.85685968819467,1.2733806270541546,38.17712937260719,11
HPG,GOOD,EPSILON_GREEDY,Epsilon-Greedy — Battle strategy,60,43,train,0.11598222130000556,534.8884900000005,53.48884900000005,7.421406260095442,17.19121832239547,0.3898365345639238,36.37854325000137,7
HPG,GOOD,EPSILON_GREEDY,Epsilon-Greedy — Battle strategy,60,43,test,0.11598222130000556,2059.2112100000004,205.92112100000003,45.25421819550648,31.85685968819467,1.2733806270541546,38.17712937260719,11
HPG,GOOD,EPSILON_GREEDY,Epsilon-Greedy — Battle strategy,60,44,train,0.11018311023500528,135.14093000000025,13.514093000000024,2.1405161617914725,15.260180867101178,0.08538705724792323,33.04957276742083,5
HPG,GOOD,EPSILON_GREEDY,Epsilon-Greedy — Battle strategy,60,44,test,0.11018311023500528,2059.2112100000004,205.92112100000003,45.25421819550648,31.85685968819467,1.2733806270541546,38.17712937260719,11
HPG,GOOD,EPSILON_GREEDY,Epsilon-Greedy — Battle strategy,60,45,train,0.10467395472325501,501.1513100000004,50.11513100000005,7.023231292787013,16.989263011367086,0.3703923817204313,36.151960596993355,6
HPG,GOOD,EPSILON_GREEDY,Epsilon-Greedy — Battle strategy,60,45,test,0.10467395472325501,2059.2112100000004,205.92112100000003,45.25421819550648,31.85685968819467,1.2733806270541546,38.17712937260719,11
