ticker,period,model_key,model,seed,episode,split,control,profit,roi,arr,volatility,sharpe,max_drawdown,violations
GAS,BAD,UNCERTAINTY_AWARE_UCB_009,Uncertainty-Aware UCB-VAE — vae_019 + ucb_009,41,1,train,0.03,-222.5464199999999,-22.25464199999999,-2.7601235028929305,29.723335120157586,-0.013461393743886937,73.38943108859412,47
GAS,BAD,UNCERTAINTY_AWARE_UCB_009,Uncertainty-Aware UCB-VAE — vae_019 + ucb_009,41,1,test,0.03,-83.09135000000026,-8.309135000000026,-4.281933233128521,31.827488567709484,-0.04123975128567351,29.615785476015237,11
GAS,BAD,UNCERTAINTY_AWARE_UCB_009,Uncertainty-Aware UCB-VAE — vae_019 + ucb_009,41,2,train,0.027,-222.83872000000008,-22.283872000000006,-2.764189117159288,29.685842482095552,-0.013974527369889935,73.39822619313266,48
GAS,BAD,UNCERTAINTY_AWARE_UCB_009,Uncertainty-Aware UCB-VAE — vae_019 + ucb_009,41,2,test,0.027,-84.06295000000011,-8.40629500000001,-4.3331156836633244,31.833347673186275,-0.04285862665991504,29.691866474558754,11
GAS,BAD,UNCERTAINTY_AWARE_UCB_009,Uncertainty-Aware UCB-VAE — vae_019 + ucb_009,41,3,train,0.024300000000000002,-217.09489999999994,-21.709489999999995,-2.6845459373043834,29.6842667297874,-0.011212706163437544,73.42812225698636,48
GAS,BAD,UNCERTAINTY_AWARE_UCB_009,Uncertainty-Aware UCB-VAE — vae_019 + ucb_009,41,3,test,0.024300000000000002,-84.06295000000011,-8.40629500000001,-4.3331156836633244,31.833347673186275,-0.04285862665991504,29.691866474558754,11
GAS,BAD,UNCERTAINTY_AWARE_UCB_009,Uncertainty-Aware UCB-VAE — vae_019 + ucb_009,41,4,train,0.02187,-217.23744,-21.723744,-2.6865160879630534,29.65105374807393,-0.011626646323350552,73.42812225698636,48
GAS,BAD,UNCERTAINTY_AWARE_UCB_009,Uncertainty-Aware UCB-VAE — vae_019 + ucb_009,41,4,test,0.02187,-84.06295000000011,-8.40629500000001,-4.3331156836633244,31.833347673186275,-0.04285862665991504,29.691866474558754,11
GAS,BAD,UNCERTAINTY_AWARE_UCB_009,Uncertainty-Aware UCB-VAE — vae_019 + ucb_009,41,5,train,0.019683,-188.57785999999976,-18.857785999999976,-2.2966599916618757,29.459715159111983,5.89395176276317e-05,73.32319431819111,46
GAS,BAD,UNCERTAINTY_AWARE_UCB_009,Uncertainty-Aware UCB-VAE — vae_019 + ucb_009,41,5,test,0.019683,-84.06295000000011,-8.40629500000001,-4.3331156836633244,31.833347673186275,-0.04285862665991504,29.691866474558754,11
GAS,BAD,UNCERTAINTY_AWARE_UCB_009,Uncertainty-Aware UCB-VAE — vae_019 + ucb_009,41,6,train,0.0177147,-190.56650999999965,-19.056650999999967,-2.3233131851165933,29.475706280958853,-0.000702309360870161,73.45809551012663,47
GAS,BAD,UNCERTAINTY_AWARE_UCB_009,Uncertainty-Aware UCB-VAE — vae_019 + ucb_009,41,6,test,0.0177147,-84.06295000000011,-8.40629500000001,-4.3331156836633244,31.833347673186275,-0.04285862665991504,29.691866474558754,11
GAS,BAD,UNCERTAINTY_AWARE_UCB_009,Uncertainty-Aware UCB-VAE — vae_019 + ucb_009,41,7,train,0.015943230000000003,-202.1533099999998,-20.21533099999998,-2.479774561345649,29.58223426288485,-0.005114844686537528,73.29406724479892,47
GAS,BAD,UNCERTAINTY_AWARE_UCB_009,Uncertainty-Aware UCB-VAE — vae_019 + ucb_009,41,7,test,0.015943230000000003,-84.06295000000011,-8.40629500000001,-4.3331156836633244,31.833347673186275,-0.04285862665991504,29.691866474558754,11
GAS,BAD,UNCERTAINTY_AWARE_UCB_009,Uncertainty-Aware UCB-VAE — vae_019 + ucb_009,41,8,train,0.014348907000000001,-209.37434000000007,-20.937434000000007,-2.578307748119446,29.70219781299978,-0.007325012898456692,73.28497607371696,47
GAS,BAD,UNCERTAINTY_AWARE_UCB_009,Uncertainty-Aware UCB-VAE — vae_019 + ucb_009,41,8,test,0.014348907000000001,-84.06295000000011,-8.40629500000001,-4.3331156836633244,31.833347673186275,-0.04285862665991504,29.691866474558754,11
GAS,BAD,UNCERTAINTY_AWARE_UCB_009,Uncertainty-Aware UCB-VAE — vae_019 + ucb_009,41,9,train,0.012914016300000003,-209.7063700000001,-20.97063700000001,-2.5828576078425702,29.60438822251696,-0.00849830857948705,73.14939830718178,47
GAS,BAD,UNCERTAINTY_AWARE_UCB_009,Uncertainty-Aware UCB-VAE — vae_019 + ucb_009,41,9,test,0.012914016300000003,-84.06295000000011,-8.40629500000001,-4.3331156836633244,31.833347673186275,-0.04285862665991504,29.691866474558754,11
GAS,BAD,UNCERTAINTY_AWARE_UCB_009,Uncertainty-Aware UCB-VAE — vae_019 + ucb_009,41,10,train,0.011622614670000002,-199.92087000000026,-19.992087000000026,-2.4494726187665794,29.590425684417067,-0.0039770620494050555,73.15826065660852,47
GAS,BAD,UNCERTAINTY_AWARE_UCB_009,Uncertainty-Aware UCB-VAE — vae_019 + ucb_009,41,10,test,0.011622614670000002,-84.35550999999998,-8.435550999999998,-4.348532581035569,31.834725233332655,-0.0433507370426086,29.71477534336679,11
GAS,BAD,UNCERTAINTY_AWARE_UCB_009,Uncertainty-Aware UCB-VAE — vae_019 + ucb_009,41,11,train,0.010460353203000003,-197.80775000000028,-19.780775000000027,-2.4208594148388163,29.527716349926347,-0.0036059812950826977,73.29392302880817,47
GAS,BAD,UNCERTAINTY_AWARE_UCB_009,Uncertainty-Aware UCB-VAE — vae_019 + ucb_009,41,11,test,0.010460353203000003,-84.35550999999998,-8.435550999999998,-4.348532581035569,31.834725233332655,-0.0433507370426086,29.71477534336679,11
GAS,BAD,UNCERTAINTY_AWARE_UCB_009,Uncertainty-Aware UCB-VAE — vae_019 + ucb_009,41,12,train,0.01,-204.72765000000004,-20.472765000000003,-2.5148109690005804,29.681859726145365,-0.005319438919264558,73.19567721172439,47
GAS,BAD,UNCERTAINTY_AWARE_UCB_009,Uncertainty-Aware UCB-VAE — vae_019 + ucb_009,41,12,test,0.01,-85.11689999999999,-8.511689999999998,-4.388666639384409,31.85291555498332,-0.04446613407681707,29.774395878032344,11
GAS,BAD,UNCERTAINTY_AWARE_UCB_009,Uncertainty-Aware UCB-VAE — vae_019 + ucb_009,41,13,train,0.01,-202.81380000000024,-20.281380000000024,-2.4887541444925,29.460275649615024,-0.006694329369290295,73.70724303884087,48
GAS,BAD,UNCERTAINTY_AWARE_UCB_009,Uncertainty-Aware UCB-VAE — vae_019 + ucb_009,41,13,test,0.01,-85.11689999999999,-8.511689999999998,-4.388666639384409,31.85291555498332,-0.04446613407681707,29.774395878032344,11
GAS,BAD,UNCERTAINTY_AWARE_UCB_009,Uncertainty-Aware UCB-VAE — vae_019 + ucb_009,41,14,train,0.01,-203.4631700000001,-20.34631700000001,-2.497588996380129,29.473195945309826,-0.006872173248082422,73.70724303884087,48
GAS,BAD,UNCERTAINTY_AWARE_UCB_009,Uncertainty-Aware UCB-VAE — vae_019 + ucb_009,41,14,test,0.01,-85.11689999999999,-8.511689999999998,-4.388666639384409,31.85291555498332,-0.04446613407681707,29.774395878032344,11
GAS,BAD,UNCERTAINTY_AWARE_UCB_009,Uncertainty-Aware UCB-VAE — vae_019 + ucb_009,41,15,train,0.01,-208.07974999999942,-20.807974999999942,-2.5605839805997177,29.51911018017917,-0.008610222148273401,73.72370051033381,49
GAS,BAD,UNCERTAINTY_AWARE_UCB_009,Uncertainty-Aware UCB-VAE — vae_019 + ucb_009,41,15,test,0.01,-85.11689999999999,-8.511689999999998,-4.388666639384409,31.85291555498332,-0.04446613407681707,29.774395878032344,11
GAS,BAD,UNCERTAINTY_AWARE_UCB_009,Uncertainty-Aware UCB-VAE — vae_019 + ucb_009,41,16,train,0.01,-204.9539100000004,-20.49539100000004,-2.517895153182803,29.506161675326354,-0.007248249505855938,73.7284255680293,48
GAS,BAD,UNCERTAINTY_AWARE_UCB_009,Uncertainty-Aware UCB-VAE — vae_019 + ucb_009,41,16,test,0.01,-85.11689999999999,-8.511689999999998,-4.388666639384409,31.85291555498332,-0.04446613407681707,29.774395878032344,11
GAS,BAD,UNCERTAINTY_AWARE_UCB_009,Uncertainty-Aware UCB-VAE — vae_019 + ucb_009,41,17,train,0.01,-225.83259000000044,-22.583259000000044,-2.805909429716724,29.29248437951493,-0.019614736652066058,73.59983303510886,48
GAS,BAD,UNCERTAINTY_AWARE_UCB_009,Uncertainty-Aware UCB-VAE — vae_019 + ucb_009,41,17,test,0.01,-85.11689999999999,-8.511689999999998,-4.388666639384409,31.85291555498332,-0.04446613407681707,29.774395878032344,11
GAS,BAD,UNCERTAINTY_AWARE_UCB_009,Uncertainty-Aware UCB-VAE — vae_019 + ucb_009,41,18,train,0.01,-203.5753500000004,-20.35753500000004,-2.4991158836105143,29.446895898167146,-0.007187192894022777,73.46826691332757,48
GAS,BAD,UNCERTAINTY_AWARE_UCB_009,Uncertainty-Aware UCB-VAE — vae_019 + ucb_009,41,18,test,0.01,-85.11689999999999,-8.511689999999998,-4.388666639384409,31.85291555498332,-0.04446613407681707,29.774395878032344,11
GAS,BAD,UNCERTAINTY_AWARE_UCB_009,Uncertainty-Aware UCB-VAE — vae_019 + ucb_009,41,19,train,0.01,-202.41110000000003,-20.241110000000003,-2.4832785164671467,29.55410816650223,-0.005525895893815775,73.37416383660694,48
GAS,BAD,UNCERTAINTY_AWARE_UCB_009,Uncertainty-Aware UCB-VAE — vae_019 + ucb_009,41,19,test,0.01,-85.11689999999999,-8.511689999999998,-4.388666639384409,31.85291555498332,-0.04446613407681707,29.774395878032344,11
GAS,BAD,UNCERTAINTY_AWARE_UCB_009,Uncertainty-Aware UCB-VAE — vae_019 + ucb_009,41,20,train,0.01,-471.3571999999998,-47.13571999999998,-6.842207317953108,28.492979003017734,-0.1782801574660656,76.83281686327203,45
GAS,BAD,UNCERTAINTY_AWARE_UCB_009,Uncertainty-Aware UCB-VAE — vae_019 + ucb_009,41,20,test,0.01,-85.11689999999999,-8.511689999999998,-4.388666639384409,31.85291555498332,-0.04446613407681707,29.774395878032344,11
GAS,BAD,UNCERTAINTY_AWARE_UCB_009,Uncertainty-Aware UCB-VAE — vae_019 + ucb_009,41,21,train,0.01,-473.93353000000013,-47.39335300000002,-6.892796269614998,28.584240561385833,-0.17871453592156974,77.07676562646779,46
GAS,BAD,UNCERTAINTY_AWARE_UCB_009,Uncertainty-Aware UCB-VAE — vae_019 + ucb_009,41,21,test,0.01,-83.59690000000012,-8.359690000000011,-4.308561503636888,31.8468841842387,-0.041897507073575334,29.655372496202215,11
GAS,BAD,UNCERTAINTY_AWARE_UCB_009,Uncertainty-Aware UCB-VAE — vae_019 + ucb_009,41,22,train,0.01,-274.2761100000007,-27.42761100000007,-3.5017223351443416,29.05404955438114,-0.04712857507226377,73.17360714122239,48
GAS,BAD,UNCERTAINTY_AWARE_UCB_009,Uncertainty-Aware UCB-VAE — vae_019 + ucb_009,41,22,test,0.01,-83.59690000000012,-8.359690000000011,-4.308561503636888,31.8468841842387,-0.041897507073575334,29.655372496202215,11
GAS,BAD,UNCERTAINTY_AWARE_UCB_009,Uncertainty-Aware UCB-VAE — vae_019 + ucb_009,41,23,train,0.01,-274.2761100000007,-27.42761100000007,-3.5017223351443416,29.05404955438114,-0.04712857507226377,73.17360714122239,48
GAS,BAD,UNCERTAINTY_AWARE_UCB_009,Uncertainty-Aware UCB-VAE — vae_019 + ucb_009,41,23,test,0.01,-83.59690000000012,-8.359690000000011,-4.308561503636888,31.8468841842387,-0.041897507073575334,29.655372496202215,11
GAS,BAD,UNCERTAINTY_AWARE_UCB_009,Uncertainty-Aware UCB-VAE — vae_019 + ucb_009,41,24,train,0.01,-452.0976000000004,-45.20976000000004,-6.470817810349205,27.99140466533137,-0.17222724712290316,76.15169904278771,44
GAS,BAD,UNCERTAINTY_AWARE_UCB_009,Uncertainty-Aware UCB-VAE — vae_019 + ucb_009,41,24,test,0.01,-83.59690000000012,-8.359690000000011,-4.308561503636888,31.8468841842387,-0.041897507073575334,29.655372496202215,11
GAS,BAD,UNCERTAINTY_AWARE_UCB_009,Uncertainty-Aware UCB-VAE — vae_019 + ucb_009,41,25,train,0.01,-458.70559000000037,-45.870559000000036,-6.596915578976315,27.9954451209802,-0.1770188709401542,75.9681027398578,45
GAS,BAD,UNCERTAINTY_AWARE_UCB_009,Uncertainty-Aware UCB-VAE — vae_019 + ucb_009,41,25,test,0.01,-83.59690000000012,-8.359690000000011,-4.308561503636888,31.8468841842387,-0.041897507073575334,29.655372496202215,11
GAS,BAD,UNCERTAINTY_AWARE_UCB_009,Uncertainty-Aware UCB-VAE — vae_019 + ucb_009,41,26,train,0.01,-270.00080000000025,-27.000080000000025,-3.4386794149162014,29.026694555331094,-0.04517845509332484,73.20322638482068,47
GAS,BAD,UNCERTAINTY_AWARE_UCB_009,Uncertainty-Aware UCB-VAE — vae_019 + ucb_009,41,26,test,0.01,-85.03551000000004,-8.503551000000005,-4.384375655292361,31.83799057894769,-0.04449428760755561,29.768022645764486,11
GAS,BAD,UNCERTAINTY_AWARE_UCB_009,Uncertainty-Aware UCB-VAE — vae_019 + ucb_009,41,27,train,0.01,-270.6608000000002,-27.06608000000002,-3.4483901959013963,29.03080342811236,-0.04548055683030905,73.20322638482068,47
GAS,BAD,UNCERTAINTY_AWARE_UCB_009,Uncertainty-Aware UCB-VAE — vae_019 + ucb_009,41,27,test,0.01,-85.03551000000004,-8.503551000000005,-4.384375655292361,31.83799057894769,-0.04449428760755561,29.768022645764486,11
GAS,BAD,UNCERTAINTY_AWARE_UCB_009,Uncertainty-Aware UCB-VAE — vae_019 + ucb_009,41,28,train,0.01,-467.28128000000095,-46.7281280000001,-6.762618154951072,28.532554493660417,-0.1746043612280345,75.64294495018893,45
GAS,BAD,UNCERTAINTY_AWARE_UCB_009,Uncertainty-Aware UCB-VAE — vae_019 + ucb_009,41,28,test,0.01,-85.03551000000004,-8.503551000000005,-4.384375655292361,31.83799057894769,-0.04449428760755561,29.768022645764486,11
GAS,BAD,UNCERTAINTY_AWARE_UCB_009,Uncertainty-Aware UCB-VAE — vae_019 + ucb_009,41,29,train,0.01,-466.68911000000094,-46.668911000000094,-6.751100106034258,28.4485141100446,-0.17553355266320234,75.78846389981933,46
GAS,BAD,UNCERTAINTY_AWARE_UCB_009,Uncertainty-Aware UCB-VAE — vae_019 + ucb_009,41,29,test,0.01,-85.03551000000004,-8.503551000000005,-4.384375655292361,31.83799057894769,-0.04449428760755561,29.768022645764486,11
GAS,BAD,UNCERTAINTY_AWARE_UCB_009,Uncertainty-Aware UCB-VAE — vae_019 + ucb_009,41,30,train,0.01,-342.0256800000011,-34.20256800000011,-4.547532675534782,29.225077259221894,-0.08269164859735514,73.7431641895489,49
GAS,BAD,UNCERTAINTY_AWARE_UCB_009,Uncertainty-Aware UCB-VAE — vae_019 + ucb_009,41,30,test,0.01,-85.03551000000004,-8.503551000000005,-4.384375655292361,31.83799057894769,-0.04449428760755561,29.768022645764486,11
GAS,BAD,UNCERTAINTY_AWARE_UCB_009,Uncertainty-Aware UCB-VAE — vae_019 + ucb_009,41,31,train,0.01,-339.0668800000011,-33.90668800000011,-4.499902480672013,29.243907177270856,-0.08073048114780253,73.44706204777987,48
GAS,BAD,UNCERTAINTY_AWARE_UCB_009,Uncertainty-Aware UCB-VAE — vae_019 + ucb_009,41,31,test,0.01,-85.03551000000004,-8.503551000000005,-4.384375655292361,31.83799057894769,-0.04449428760755561,29.768022645764486,11
GAS,BAD,UNCERTAINTY_AWARE_UCB_009,Uncertainty-Aware UCB-VAE — vae_019 + ucb_009,41,32,train,0.01,-340.03727000000094,-34.0037270000001,-4.515502710701879,29.257092343366686,-0.0811317476472837,73.46735856616631,48
GAS,BAD,UNCERTAINTY_AWARE_UCB_009,Uncertainty-Aware UCB-VAE — vae_019 + ucb_009,41,32,test,0.01,-84.74295000000018,-8.474295000000017,-4.368953082419225,31.83661036092905,-0.044001932434303906,29.745113776956455,11
GAS,BAD,UNCERTAINTY_AWARE_UCB_009,Uncertainty-Aware UCB-VAE — vae_019 + ucb_009,41,33,train,0.01,-336.2895900000009,-33.62895900000009,-4.455366322381171,29.14389760085683,-0.0804025404630414,73.28834817916369,47
GAS,BAD,UNCERTAINTY_AWARE_UCB_009,Uncertainty-Aware UCB-VAE — vae_019 + ucb_009,41,33,test,0.01,-84.74295000000018,-8.474295000000017,-4.368953082419225,31.83661036092905,-0.044001932434303906,29.745113776956455,11
GAS,BAD,UNCERTAINTY_AWARE_UCB_009,Uncertainty-Aware UCB-VAE — vae_019 + ucb_009,41,34,train,0.01,-461.81509000000074,-46.18150900000008,-6.656727039950838,28.337670368279323,-0.17376540227776685,75.85676329721561,45
GAS,BAD,UNCERTAINTY_AWARE_UCB_009,Uncertainty-Aware UCB-VAE — vae_019 + ucb_009,41,34,test,0.01,-84.27447000000006,-8.427447000000006,-4.34426180970503,31.859702236976016,-0.04292841704173475,29.70842951779869,11
GAS,BAD,UNCERTAINTY_AWARE_UCB_009,Uncertainty-Aware UCB-VAE — vae_019 + ucb_009,41,35,train,0.01,-332.9770500000009,-33.297705000000086,-4.402463074295548,29.00438323107411,-0.08027555375858463,72.89828966567295,47
GAS,BAD,UNCERTAINTY_AWARE_UCB_009,Uncertainty-Aware UCB-VAE — vae_019 + ucb_009,41,35,test,0.01,-84.27447000000006,-8.427447000000006,-4.34426180970503,31.859702236976016,-0.04292841704173475,29.70842951779869,11
GAS,BAD,UNCERTAINTY_AWARE_UCB_009,Uncertainty-Aware UCB-VAE — vae_019 + ucb_009,41,36,train,0.01,-414.13321000000064,-41.41332100000007,-5.771515934527005,28.792480268239455,-0.1334701806692427,76.17238642236904,47
GAS,BAD,UNCERTAINTY_AWARE_UCB_009,Uncertainty-Aware UCB-VAE — vae_019 + ucb_009,41,36,test,0.01,-84.27447000000006,-8.427447000000006,-4.34426180970503,31.859702236976016,-0.04292841704173475,29.70842951779869,11
GAS,BAD,UNCERTAINTY_AWARE_UCB_009,Uncertainty-Aware UCB-VAE — vae_019 + ucb_009,41,37,train,0.01,-334.1500000000011,-33.41500000000011,-4.421169030494498,29.078336301004278,-0.08001170465673693,73.1130364634619,47
GAS,BAD,UNCERTAINTY_AWARE_UCB_009,Uncertainty-Aware UCB-VAE — vae_019 + ucb_009,41,37,test,0.01,-82.21543000000008,-8.22154300000001,-4.235814093392687,31.850047600657316,-0.03947008484355068,29.54719668613847,11
GAS,BAD,UNCERTAINTY_AWARE_UCB_009,Uncertainty-Aware UCB-VAE — vae_019 + ucb_009,41,38,train,0.01,-336.02495000000124,-33.602495000000125,-4.451131247773676,29.154267231302732,-0.08012811758497528,73.1348861920538,47
GAS,BAD,UNCERTAINTY_AWARE_UCB_009,Uncertainty-Aware UCB-VAE — vae_019 + ucb_009,41,38,test,0.01,-81.93542999999988,-8.193542999999988,-4.2210760701843375,31.84880731702624,-0.03899942186493112,29.52527132632764,11
GAS,BAD,UNCERTAINTY_AWARE_UCB_009,Uncertainty-Aware UCB-VAE — vae_019 + ucb_009,41,39,train,0.01,-409.98576000000094,-40.99857600000009,-5.697579763637439,28.652891027044657,-0.13276507045510264,75.74277560636162,47
GAS,BAD,UNCERTAINTY_AWARE_UCB_009,Uncertainty-Aware UCB-VAE — vae_019 + ucb_009,41,39,test,0.01,-81.93542999999988,-8.193542999999988,-4.2210760701843375,31.84880731702624,-0.03899942186493112,29.52527132632764,11
GAS,BAD,UNCERTAINTY_AWARE_UCB_009,Uncertainty-Aware UCB-VAE — vae_019 + ucb_009,41,40,train,0.01,-338.00293000000124,-33.800293000000124,-4.482821536148396,29.211874417207405,-0.08053848380427532,73.19802076271654,47
GAS,BAD,UNCERTAINTY_AWARE_UCB_009,Uncertainty-Aware UCB-VAE — vae_019 + ucb_009,41,40,test,0.01,-81.93542999999988,-8.193542999999988,-4.2210760701843375,31.84880731702624,-0.03899942186493112,29.52527132632764,11
GAS,BAD,UNCERTAINTY_AWARE_UCB_009,Uncertainty-Aware UCB-VAE — vae_019 + ucb_009,41,41,train,0.01,-338.91164000000094,-33.891164000000096,-4.497408693100191,29.231562743148288,-0.08080395832691634,73.21557007313932,48
GAS,BAD,UNCERTAINTY_AWARE_UCB_009,Uncertainty-Aware UCB-VAE — vae_019 + ucb_009,41,41,test,0.01,-81.93542999999988,-8.193542999999988,-4.2210760701843375,31.84880731702624,-0.03899942186493112,29.52527132632764,11
GAS,BAD,UNCERTAINTY_AWARE_UCB_009,Uncertainty-Aware UCB-VAE — vae_019 + ucb_009,41,42,train,0.01,-397.41887000000054,-39.741887000000055,-5.476337850849545,28.61843018439923,-0.12502149019907766,75.8467106184413,45
GAS,BAD,UNCERTAINTY_AWARE_UCB_009,Uncertainty-Aware UCB-VAE — vae_019 + ucb_009,41,42,test,0.01,-81.93542999999988,-8.193542999999988,-4.2210760701843375,31.84880731702624,-0.03899942186493112,29.52527132632764,11
GAS,BAD,UNCERTAINTY_AWARE_UCB_009,Uncertainty-Aware UCB-VAE — vae_019 + ucb_009,41,43,train,0.01,-312.5711400000009,-31.25711400000009,-4.081625979069581,28.849111006037504,-0.07057391525701451,72.6701588980189,46
GAS,BAD,UNCERTAINTY_AWARE_UCB_009,Uncertainty-Aware UCB-VAE — vae_019 + ucb_009,41,43,test,0.01,-81.93542999999988,-8.193542999999988,-4.2210760701843375,31.84880731702624,-0.03899942186493112,29.52527132632764,11
GAS,BAD,UNCERTAINTY_AWARE_UCB_009,Uncertainty-Aware UCB-VAE — vae_019 + ucb_009,41,44,train,0.01,-404.22920000000056,-40.422920000000055,-5.595720012796379,28.65090247462031,-0.12899781778186212,75.5632566998256,47
GAS,BAD,UNCERTAINTY_AWARE_UCB_009,Uncertainty-Aware UCB-VAE — vae_019 + ucb_009,41,44,test,0.01,-81.93542999999988,-8.193542999999988,-4.2210760701843375,31.84880731702624,-0.03899942186493112,29.52527132632764,11
GAS,BAD,UNCERTAINTY_AWARE_UCB_009,Uncertainty-Aware UCB-VAE — vae_019 + ucb_009,41,45,train,0.01,-403.2035400000009,-40.32035400000009,-5.57766329941124,28.793556346446252,-0.12626535757336307,75.43539007668336,45
GAS,BAD,UNCERTAINTY_AWARE_UCB_009,Uncertainty-Aware UCB-VAE — vae_019 + ucb_009,41,45,test,0.01,-81.93542999999988,-8.193542999999988,-4.2210760701843375,31.84880731702624,-0.03899942186493112,29.52527132632764,11
GAS,BAD,UNCERTAINTY_AWARE_UCB_009,Uncertainty-Aware UCB-VAE — vae_019 + ucb_009,42,1,train,0.03,218.31003000000078,21.831003000000077,2.2198344121184155,16.293721727558218,0.09442266318174296,48.156581360005255,10
GAS,BAD,UNCERTAINTY_AWARE_UCB_009,Uncertainty-Aware UCB-VAE — vae_019 + ucb_009,42,1,test,0.03,-52.5338999999999,-5.253389999999991,-2.6857061615279676,20.492455352446196,-0.12809191752160706,24.831517450681467,3
GAS,BAD,UNCERTAINTY_AWARE_UCB_009,Uncertainty-Aware UCB-VAE — vae_019 + ucb_009,42,2,train,0.027,234.28018000000134,23.428018000000133,2.3679581402762606,16.4609579691953,0.10397743230900958,47.69340886502623,10
GAS,BAD,UNCERTAINTY_AWARE_UCB_009,Uncertainty-Aware UCB-VAE — vae_019 + ucb_009,42,2,test,0.027,-17.27651999999921,-1.727651999999921,-0.8753445006447591,20.097897045695632,-0.042749499038640115,23.297957627180374,3
GAS,BAD,UNCERTAINTY_AWARE_UCB_009,Uncertainty-Aware UCB-VAE — vae_019 + ucb_009,42,3,train,0.024300000000000002,245.54653000000098,24.554653000000098,2.471432603632806,16.885378789030153,0.11162603281188009,46.28533490987576,10
GAS,BAD,UNCERTAINTY_AWARE_UCB_009,Uncertainty-Aware UCB-VAE — vae_019 + ucb_009,42,3,test,0.024300000000000002,48.147140000000036,4.814714000000003,2.4006707303716457,20.051611068743405,0.11921133680738064,19.570649625237532,3
GAS,BAD,UNCERTAINTY_AWARE_UCB_009,Uncertainty-Aware UCB-VAE — vae_019 + ucb_009,42,4,train,0.02187,244.72735000000057,24.472735000000057,2.463937044876574,16.892725204616653,0.11123021281931561,46.72755117122785,10
GAS,BAD,UNCERTAINTY_AWARE_UCB_009,Uncertainty-Aware UCB-VAE — vae_019 + ucb_009,42,4,test,0.02187,49.04005000000052,4.904005000000052,2.4446702828538447,20.686584345737653,0.12403167882714757,19.984351090909772,4
GAS,BAD,UNCERTAINTY_AWARE_UCB_009,Uncertainty-Aware UCB-VAE — vae_019 + ucb_009,42,5,train,0.019683,242.35494000000062,24.235494000000063,2.442204551928695,16.926810753991887,0.11008418900184462,46.3897996396264,10
GAS,BAD,UNCERTAINTY_AWARE_UCB_009,Uncertainty-Aware UCB-VAE — vae_019 + ucb_009,42,5,test,0.019683,-32.7503099999999,-3.27503099999999,-1.6658466044165432,20.996744121049762,-0.07039127286960825,24.28667949760421,4
GAS,BAD,UNCERTAINTY_AWARE_UCB_009,Uncertainty-Aware UCB-VAE — vae_019 + ucb_009,42,6,train,0.0177147,262.0555299999992,26.20555299999992,2.6215648662707425,16.924892966025283,0.12051314701328156,46.45937410168545,10
GAS,BAD,UNCERTAINTY_AWARE_UCB_009,Uncertainty-Aware UCB-VAE — vae_019 + ucb_009,42,6,test,0.0177147,48.39168000000063,4.839168000000063,2.4127226718058115,20.91495678518041,0.12330974106161162,20.08448592110497,4
GAS,BAD,UNCERTAINTY_AWARE_UCB_009,Uncertainty-Aware UCB-VAE — vae_019 + ucb_009,42,7,train,0.015943230000000003,294.7635100000002,29.476351000000022,2.91392543963509,16.73171982469449,0.13711633617816743,45.63995181962604,10
GAS,BAD,UNCERTAINTY_AWARE_UCB_009,Uncertainty-Aware UCB-VAE — vae_019 + ucb_009,42,7,test,0.015943230000000003,-31.292049999999563,-3.1292049999999563,-1.5910829920210312,21.085884430749203,-0.0656105927711479,24.113205886425163,4
GAS,BAD,UNCERTAINTY_AWARE_UCB_009,Uncertainty-Aware UCB-VAE — vae_019 + ucb_009,42,8,train,0.014348907000000001,319.51665,31.951665000000002,3.130849360545618,16.80148966909367,0.14987457639075574,45.00631845139826,10
GAS,BAD,UNCERTAINTY_AWARE_UCB_009,Uncertainty-Aware UCB-VAE — vae_019 + ucb_009,42,8,test,0.014348907000000001,124.72242000000097,12.472242000000097,6.108900947988127,21.59487300164089,0.29089823994907577,20.258418255877256,4
GAS,BAD,UNCERTAINTY_AWARE_UCB_009,Uncertainty-Aware UCB-VAE — vae_019 + ucb_009,42,9,train,0.012914016300000003,363.9527599999999,36.39527599999999,3.5113474272713496,16.800252142818554,0.1719602894038086,44.700546320829766,11
GAS,BAD,UNCERTAINTY_AWARE_UCB_009,Uncertainty-Aware UCB-VAE — vae_019 + ucb_009,42,9,test,0.012914016300000003,14.517530000000306,1.4517530000000307,0.7297779693066442,21.606417937224442,0.049361820416694,22.653383103471032,4
GAS,BAD,UNCERTAINTY_AWARE_UCB_009,Uncertainty-Aware UCB-VAE — vae_019 + ucb_009,42,10,train,0.011622614670000002,374.5780700000007,37.457807000000074,3.600695734988868,16.901629955986742,0.17711255313336854,44.34097645801826,11
GAS,BAD,UNCERTAINTY_AWARE_UCB_009,Uncertainty-Aware UCB-VAE — vae_019 + ucb_009,42,10,test,0.011622614670000002,14.977880000000141,1.497788000000014,0.7528342531931242,22.051211070111243,0.05377910787740284,22.41047724788771,4
GAS,BAD,UNCERTAINTY_AWARE_UCB_009,Uncertainty-Aware UCB-VAE — vae_019 + ucb_009,42,11,train,0.010460353203000003,237.52212999999915,23.752212999999916,2.397819188563899,18.404036060373784,0.11305696673290935,51.33490611229832,13
GAS,BAD,UNCERTAINTY_AWARE_UCB_009,Uncertainty-Aware UCB-VAE — vae_019 + ucb_009,42,11,test,0.010460353203000003,20.484000000000606,2.0484000000000604,1.028203539044381,22.253667711773826,0.06763326412511078,21.98509182756686,4
GAS,BAD,UNCERTAINTY_AWARE_UCB_009,Uncertainty-Aware UCB-VAE — vae_019 + ucb_009,42,12,train,0.01,242.73853000000054,24.273853000000052,2.445720931658757,18.33916302385532,0.11535991195914246,50.225577270119125,12
GAS,BAD,UNCERTAINTY_AWARE_UCB_009,Uncertainty-Aware UCB-VAE — vae_019 + ucb_009,42,12,test,0.01,14.830130000000736,1.4830130000000736,0.7454348702103486,22.270719341698666,0.05512617045047391,21.800852346334228,4
GAS,BAD,UNCERTAINTY_AWARE_UCB_009,Uncertainty-Aware UCB-VAE — vae_019 + ucb_009,42,13,train,0.01,235.18849000000046,23.518849000000046,2.376331451679059,18.639191001301423,0.11281834197393317,48.18844366243453,14
GAS,BAD,UNCERTAINTY_AWARE_UCB_009,Uncertainty-Aware UCB-VAE — vae_019 + ucb_009,42,13,test,0.01,124.3460399999999,12.434603999999991,6.090985788785441,22.790271356728734,0.2865401498524826,21.071860442962578,4
GAS,BAD,UNCERTAINTY_AWARE_UCB_009,Uncertainty-Aware UCB-VAE — vae_019 + ucb_009,42,14,train,0.01,144.50834999999847,14.450834999999849,1.5120689822165412,19.29806134103394,0.07112268466703918,51.56428959513049,14
GAS,BAD,UNCERTAINTY_AWARE_UCB_009,Uncertainty-Aware UCB-VAE — vae_019 + ucb_009,42,14,test,0.01,135.11438999999973,13.511438999999973,6.602376067983218,22.909292574033195,0.3073413066572324,22.177120086399686,5
GAS,BAD,UNCERTAINTY_AWARE_UCB_009,Uncertainty-Aware UCB-VAE — vae_019 + ucb_009,42,15,train,0.01,245.7796099999996,24.57796099999996,2.4735645024949626,18.773368629912248,0.11844265812683036,48.884608887877015,14
GAS,BAD,UNCERTAINTY_AWARE_UCB_009,Uncertainty-Aware UCB-VAE — vae_019 + ucb_009,42,15,test,0.01,133.90057999999954,13.390057999999955,6.544852643884536,22.919892847841155,0.30494690735370905,22.145432478725834,5
GAS,BAD,UNCERTAINTY_AWARE_UCB_009,Uncertainty-Aware UCB-VAE — vae_019 + ucb_009,42,16,train,0.01,189.48459999999932,18.94845999999993,1.948053387049553,19.265396096279577,0.09332590913521911,48.68151621926529,16
GAS,BAD,UNCERTAINTY_AWARE_UCB_009,Uncertainty-Aware UCB-VAE — vae_019 + ucb_009,42,16,test,0.01,121.23858999999993,12.123858999999994,5.942961839688743,23.179430175014858,0.2796170814212284,22.587682436425524,5
GAS,BAD,UNCERTAINTY_AWARE_UCB_009,Uncertainty-Aware UCB-VAE — vae_019 + ucb_009,42,17,train,0.01,-15.877140000000963,-1.5877140000000962,-0.1777916964097015,20.074621817103914,-0.00822439418515699,51.94911308895165,18
GAS,BAD,UNCERTAINTY_AWARE_UCB_009,Uncertainty-Aware UCB-VAE — vae_019 + ucb_009,42,17,test,0.01,99.4018500000002,9.94018500000002,4.8969790494517,23.073195270207982,0.23669010401376475,22.46842365198035,5
GAS,BAD,UNCERTAINTY_AWARE_UCB_009,Uncertainty-Aware UCB-VAE — vae_019 + ucb_009,42,18,train,0.01,27.474429999997938,2.7474429999997936,0.30181394022525954,20.12765399200465,0.016331510621837696,51.22273940747721,17
GAS,BAD,UNCERTAINTY_AWARE_UCB_009,Uncertainty-Aware UCB-VAE — vae_019 + ucb_009,42,18,test,0.01,142.62331999999947,14.262331999999947,6.957554795230569,23.05180606677046,0.3213727737339849,22.46842365198035,5
GAS,BAD,UNCERTAINTY_AWARE_UCB_009,Uncertainty-Aware UCB-VAE — vae_019 + ucb_009,42,19,train,0.01,52.26761999999712,5.226761999999712,0.5680782476148005,20.20734619790931,0.03029813795785625,51.15062320254844,17
GAS,BAD,UNCERTAINTY_AWARE_UCB_009,Uncertainty-Aware UCB-VAE — vae_019 + ucb_009,42,19,test,0.01,144.02355999999986,14.402355999999985,7.023659249293024,23.2427123161509,0.3232869158790907,22.609279862848904,5
GAS,BAD,UNCERTAINTY_AWARE_UCB_009,Uncertainty-Aware UCB-VAE — vae_019 + ucb_009,42,20,train,0.01,250.85797999999886,25.085797999999887,2.519926735862854,19.129547321584507,0.12211814237536879,49.116563084666915,15
GAS,BAD,UNCERTAINTY_AWARE_UCB_009,Uncertainty-Aware UCB-VAE — vae_019 + ucb_009,42,20,test,0.01,144.64602999999966,14.464602999999965,7.053032795289216,23.240872564090775,0.3244787840895721,22.609279862848904,5
GAS,BAD,UNCERTAINTY_AWARE_UCB_009,Uncertainty-Aware UCB-VAE — vae_019 + ucb_009,42,21,train,0.01,75.14419999999836,7.514419999999836,0.8088583778922853,20.143321111744747,0.04170763900574195,50.55732862910719,16
GAS,BAD,UNCERTAINTY_AWARE_UCB_009,Uncertainty-Aware UCB-VAE — vae_019 + ucb_009,42,21,test,0.01,96.03194999999869,9.603194999999868,4.734646584860291,23.508957473225543,0.229892534555815,22.38297236119077,5
GAS,BAD,UNCERTAINTY_AWARE_UCB_009,Uncertainty-Aware UCB-VAE — vae_019 + ucb_009,42,22,train,0.01,69.53513999999905,6.953513999999905,0.7502464553443611,20.36006033031918,0.04052841031133009,51.904327523151586,17
GAS,BAD,UNCERTAINTY_AWARE_UCB_009,Uncertainty-Aware UCB-VAE — vae_019 + ucb_009,42,22,test,0.01,96.03194999999869,9.603194999999868,4.734646584860291,23.508957473225543,0.229892534555815,22.38297236119077,5
GAS,BAD,UNCERTAINTY_AWARE_UCB_009,Uncertainty-Aware UCB-VAE — vae_019 + ucb_009,42,23,train,0.01,20.699559999999565,2.0699559999999564,0.22806265022663474,20.654031854066794,0.017509285918659977,49.31782175930613,16
GAS,BAD,UNCERTAINTY_AWARE_UCB_009,Uncertainty-Aware UCB-VAE — vae_019 + ucb_009,42,23,test,0.01,258.8197499999999,25.88197499999999,12.313123502832667,23.748496134754323,0.5248255060178877,22.27490019597252,3
GAS,BAD,UNCERTAINTY_AWARE_UCB_009,Uncertainty-Aware UCB-VAE — vae_019 + ucb_009,42,24,train,0.01,-66.02050000000293,-6.602050000000292,-0.7565411664295141,21.23483887569253,-0.024098478217918693,52.051911543702175,23
GAS,BAD,UNCERTAINTY_AWARE_UCB_009,Uncertainty-Aware UCB-VAE — vae_019 + ucb_009,42,24,test,0.01,211.68907999999897,21.1689079999999,10.171670840066117,23.916607815757583,0.44212071107328027,22.313971778015166,3
GAS,BAD,UNCERTAINTY_AWARE_UCB_009,Uncertainty-Aware UCB-VAE — vae_019 + ucb_009,42,25,train,0.01,-107.73322000000121,-10.773322000000121,-1.2594262904311537,21.304484571912845,-0.04735305334639879,53.57271323154214,22
GAS,BAD,UNCERTAINTY_AWARE_UCB_009,Uncertainty-Aware UCB-VAE — vae_019 + ucb_009,42,25,test,0.01,233.61188999999922,23.36118899999992,11.172806482257712,23.93421297552454,0.4798362813589957,22.05830221756811,3
GAS,BAD,UNCERTAINTY_AWARE_UCB_009,Uncertainty-Aware UCB-VAE — vae_019 + ucb_009,42,26,train,0.01,-106.53962000000138,-10.653962000000137,-1.2447486400049557,21.29356167838625,-0.04678229052686928,53.467584874677584,22
GAS,BAD,UNCERTAINTY_AWARE_UCB_009,Uncertainty-Aware UCB-VAE — vae_019 + ucb_009,42,26,test,0.01,225.92721999999935,22.592721999999934,10.8228864947157,24.036463654920404,0.4656551873300696,21.993170492184593,4
GAS,BAD,UNCERTAINTY_AWARE_UCB_009,Uncertainty-Aware UCB-VAE — vae_019 + ucb_009,42,27,train,0.01,-78.15148000000102,-7.815148000000102,-0.900698079200013,21.29567358462782,-0.030295155993400293,53.39990240481411,21
GAS,BAD,UNCERTAINTY_AWARE_UCB_009,Uncertainty-Aware UCB-VAE — vae_019 + ucb_009,42,27,test,0.01,160.5247999999999,16.052479999999992,7.799672961328841,24.227707900467117,0.3493938928758636,22.041960878813786,3
GAS,BAD,UNCERTAINTY_AWARE_UCB_009,Uncertainty-Aware UCB-VAE — vae_019 + ucb_009,42,28,train,0.01,-61.32096000000149,-6.132096000000149,-0.7011416986840935,21.318788070480142,-0.02050387960846002,53.131073583604675,23
GAS,BAD,UNCERTAINTY_AWARE_UCB_009,Uncertainty-Aware UCB-VAE — vae_019 + ucb_009,42,28,test,0.01,120.52457999999979,12.052457999999978,5.908921133413592,24.83710712462406,0.2753562099727855,22.108026354073584,3
GAS,BAD,UNCERTAINTY_AWARE_UCB_009,Uncertainty-Aware UCB-VAE — vae_019 + ucb_009,42,29,train,0.01,-74.6335000000023,-7.463350000000229,-0.8587198757239678,21.597690963088333,-0.024897675928201638,54.874717655113656,22
GAS,BAD,UNCERTAINTY_AWARE_UCB_009,Uncertainty-Aware UCB-VAE — vae_019 + ucb_009,42,29,test,0.01,104.1835000000001,10.418350000000009,5.126894807957227,24.331238224386908,0.24520225566399326,22.157225357297182,3
GAS,BAD,UNCERTAINTY_AWARE_UCB_009,Uncertainty-Aware UCB-VAE — vae_019 + ucb_009,42,30,train,0.01,-126.04763000000094,-12.604763000000094,-1.4868542048385835,21.551965595860494,-0.05513346589466495,54.741240571241775,23
GAS,BAD,UNCERTAINTY_AWARE_UCB_009,Uncertainty-Aware UCB-VAE — vae_019 + ucb_009,42,30,test,0.01,219.7133799999997,21.971337999999967,10.539144957191882,24.971163378918057,0.44706095851732747,22.330472813219323,3
GAS,BAD,UNCERTAINTY_AWARE_UCB_009,Uncertainty-Aware UCB-VAE — vae_019 + ucb_009,42,31,train,0.01,-125.4725900000019,-12.54725900000019,-1.4796492316063725,21.60129464141363,-0.054182374553665195,54.78649495565413,23
GAS,BAD,UNCERTAINTY_AWARE_UCB_009,Uncertainty-Aware UCB-VAE — vae_019 + ucb_009,42,31,test,0.01,222.13846999999964,22.213846999999966,10.649966465911032,24.95902357743793,0.4511845741126072,22.330472813219323,3
GAS,BAD,UNCERTAINTY_AWARE_UCB_009,Uncertainty-Aware UCB-VAE — vae_019 + ucb_009,42,32,train,0.01,-126.0741600000016,-12.60741600000016,-1.4871867145872963,21.727511470078856,-0.05298571858946183,54.928157698216175,23
GAS,BAD,UNCERTAINTY_AWARE_UCB_009,Uncertainty-Aware UCB-VAE — vae_019 + ucb_009,42,32,test,0.01,204.26598999999965,20.426598999999964,9.830654004428085,25.16738804523257,0.41991248921280455,22.330472813219323,3
GAS,BAD,UNCERTAINTY_AWARE_UCB_009,Uncertainty-Aware UCB-VAE — vae_019 + ucb_009,42,33,train,0.01,-124.84311000000105,-12.484311000000105,-1.4717669775559439,21.51771399385483,-0.05486452087561873,55.152582583916264,22
GAS,BAD,UNCERTAINTY_AWARE_UCB_009,Uncertainty-Aware UCB-VAE — vae_019 + ucb_009,42,33,test,0.01,90.57055999999943,9.057055999999942,4.471038235480473,25.280039622155094,0.22066730287265746,24.409987912163057,4
GAS,BAD,UNCERTAINTY_AWARE_UCB_009,Uncertainty-Aware UCB-VAE — vae_019 + ucb_009,42,34,train,0.01,-119.61880000000076,-11.961880000000075,-1.406542709548586,21.66064417327703,-0.05000798420149073,54.90514276143059,22
GAS,BAD,UNCERTAINTY_AWARE_UCB_009,Uncertainty-Aware UCB-VAE — vae_019 + ucb_009,42,34,test,0.01,75.94010999999978,7.594010999999979,3.761620118042308,25.397793070062153,0.19390895449803475,24.71460641565379,4
GAS,BAD,UNCERTAINTY_AWARE_UCB_009,Uncertainty-Aware UCB-VAE — vae_019 + ucb_009,42,35,train,0.01,-121.68859000000259,-12.168859000000259,-1.4323422909718664,21.50150319946673,-0.05317181822423955,54.89593050123164,23
GAS,BAD,UNCERTAINTY_AWARE_UCB_009,Uncertainty-Aware UCB-VAE — vae_019 + ucb_009,42,35,test,0.01,107.15116999999987,10.715116999999987,5.269341034776898,25.422008496074344,0.25089415742542975,24.075258543411568,4
GAS,BAD,UNCERTAINTY_AWARE_UCB_009,Uncertainty-Aware UCB-VAE — vae_019 + ucb_009,42,36,train,0.01,-145.33762000000195,-14.533762000000195,-1.7310240810362254,21.503796347856582,-0.06737389690511274,54.747970823042394,22
GAS,BAD,UNCERTAINTY_AWARE_UCB_009,Uncertainty-Aware UCB-VAE — vae_019 + ucb_009,42,36,test,0.01,103.36427999999978,10.336427999999978,5.087539379882755,25.45549404857007,0.24408455626161513,24.357754169581618,4
GAS,BAD,UNCERTAINTY_AWARE_UCB_009,Uncertainty-Aware UCB-VAE — vae_019 + ucb_009,42,37,train,0.01,-55.910290000001396,-5.591029000000139,-0.6376637126157547,21.32290806473916,-0.01747152846266321,53.77830886449668,19
GAS,BAD,UNCERTAINTY_AWARE_UCB_009,Uncertainty-Aware UCB-VAE — vae_019 + ucb_009,42,37,test,0.01,85.74537999999984,8.574537999999984,4.237593450878152,25.587510041488432,0.21231043223600998,24.38363904010195,4
GAS,BAD,UNCERTAINTY_AWARE_UCB_009,Uncertainty-Aware UCB-VAE — vae_019 + ucb_009,42,38,train,0.01,-73.41474000000176,-7.341474000000176,-0.8442101323276496,21.392046221822923,-0.026544790279917525,53.719533609109746,19
GAS,BAD,UNCERTAINTY_AWARE_UCB_009,Uncertainty-Aware UCB-VAE — vae_019 + ucb_009,42,38,test,0.01,149.5777999999998,14.957779999999978,7.285477358563774,25.53214085096262,0.32538558448978644,23.618481705811462,5
GAS,BAD,UNCERTAINTY_AWARE_UCB_009,Uncertainty-Aware UCB-VAE — vae_019 + ucb_009,42,39,train,0.01,-90.80249000000185,-9.080249000000187,-1.0528420324986687,21.32231520112286,-0.037294743182622464,53.83431872886578,19
GAS,BAD,UNCERTAINTY_AWARE_UCB_009,Uncertainty-Aware UCB-VAE — vae_019 + ucb_009,42,39,test,0.01,148.7666200000001,14.87666200000001,7.247278761935316,25.680448232692072,0.3235922380632968,24.815357442476927,5
GAS,BAD,UNCERTAINTY_AWARE_UCB_009,Uncertainty-Aware UCB-VAE — vae_019 + ucb_009,42,40,train,0.01,-132.36896000000172,-13.236896000000172,-1.5663364026729298,21.274653979212953,-0.062485021684578826,54.05991897575583,19
GAS,BAD,UNCERTAINTY_AWARE_UCB_009,Uncertainty-Aware UCB-VAE — vae_019 + ucb_009,42,40,test,0.01,116.26757999999973,11.626757999999974,5.705743532395857,26.024210254504826,0.26694486528672595,25.83549406501123,5
GAS,BAD,UNCERTAINTY_AWARE_UCB_009,Uncertainty-Aware UCB-VAE — vae_019 + ucb_009,42,41,train,0.01,-120.95342000000176,-12.095342000000176,-1.423172339333545,21.24604875221286,-0.055960603200248725,53.85542584728985,19
GAS,BAD,UNCERTAINTY_AWARE_UCB_009,Uncertainty-Aware UCB-VAE — vae_019 + ucb_009,42,41,test,0.01,137.94025999999963,13.794025999999961,6.736178335894238,25.981565221002413,0.3043935434029522,24.301266440672524,5
GAS,BAD,UNCERTAINTY_AWARE_UCB_009,Uncertainty-Aware UCB-VAE — vae_019 + ucb_009,42,42,train,0.01,-85.21581000000197,-8.521581000000197,-0.9854248251286224,21.03387413310711,-0.03744937480583361,52.4355741648048,18
GAS,BAD,UNCERTAINTY_AWARE_UCB_009,Uncertainty-Aware UCB-VAE — vae_019 + ucb_009,42,42,test,0.01,119.82856999999944,11.982856999999944,5.875728237479305,26.67549745548931,0.2729080607361928,24.439832637339176,7
GAS,BAD,UNCERTAINTY_AWARE_UCB_009,Uncertainty-Aware UCB-VAE — vae_019 + ucb_009,42,43,train,0.01,-146.04026000000192,-14.604026000000193,-1.7400101198246865,21.239722306454183,-0.07131834488764484,54.5710343194201,20
GAS,BAD,UNCERTAINTY_AWARE_UCB_009,Uncertainty-Aware UCB-VAE — vae_019 + ucb_009,42,43,test,0.01,119.82856999999944,11.982856999999944,5.875728237479305,26.67549745548931,0.2729080607361928,24.439832637339176,7
GAS,BAD,UNCERTAINTY_AWARE_UCB_009,Uncertainty-Aware UCB-VAE — vae_019 + ucb_009,42,44,train,0.01,-131.63304000000073,-13.163304000000073,-1.5570567787162926,21.52790625138686,-0.05881237591993496,54.546312124408715,20
GAS,BAD,UNCERTAINTY_AWARE_UCB_009,Uncertainty-Aware UCB-VAE — vae_019 + ucb_009,42,44,test,0.01,119.82856999999944,11.982856999999944,5.875728237479305,26.67549745548931,0.2729080607361928,24.439832637339176,7
GAS,BAD,UNCERTAINTY_AWARE_UCB_009,Uncertainty-Aware UCB-VAE — vae_019 + ucb_009,42,45,train,0.01,-196.0521900000016,-19.605219000000158,-2.397138739351845,21.798750605466157,-0.09503881998758197,54.088105786265764,20
GAS,BAD,UNCERTAINTY_AWARE_UCB_009,Uncertainty-Aware UCB-VAE — vae_019 + ucb_009,42,45,test,0.01,118.73284999999942,11.873284999999942,5.8234523474871125,26.712298729557038,0.27110929708766823,24.030741071637213,7
GAS,BAD,UNCERTAINTY_AWARE_UCB_009,Uncertainty-Aware UCB-VAE — vae_019 + ucb_009,43,1,train,0.03,133.99889999999732,13.399889999999731,1.4080021171942514,15.353173006411524,0.03839450853755206,42.38111282658391,6
GAS,BAD,UNCERTAINTY_AWARE_UCB_009,Uncertainty-Aware UCB-VAE — vae_019 + ucb_009,43,1,test,0.03,20.471670000000245,2.0471670000000244,1.0275877209212858,23.397632948426196,0.07529904787033265,21.512862537274206,3
GAS,BAD,UNCERTAINTY_AWARE_UCB_009,Uncertainty-Aware UCB-VAE — vae_019 + ucb_009,43,2,train,0.027,31.67215999999894,3.1672159999998937,0.3472938834648165,15.290262679089054,-0.03135098611617822,45.14603190480167,7
GAS,BAD,UNCERTAINTY_AWARE_UCB_009,Uncertainty-Aware UCB-VAE — vae_019 + ucb_009,43,2,test,0.027,18.03557999999998,1.8035579999999982,0.9058455308032176,23.449980477066475,0.07049770899059848,21.90708585220521,3
GAS,BAD,UNCERTAINTY_AWARE_UCB_009,Uncertainty-Aware UCB-VAE — vae_019 + ucb_009,43,3,train,0.024300000000000002,226.2866499999982,22.62866499999982,2.294032176185823,15.531742500205251,0.09621393379423333,38.341973837839475,6
GAS,BAD,UNCERTAINTY_AWARE_UCB_009,Uncertainty-Aware UCB-VAE — vae_019 + ucb_009,43,3,test,0.024300000000000002,24.47661999999991,2.447661999999991,1.2274202220092123,23.58519052117487,0.08498239141757498,20.704825839545727,3
GAS,BAD,UNCERTAINTY_AWARE_UCB_009,Uncertainty-Aware UCB-VAE — vae_019 + ucb_009,43,4,train,0.02187,277.7574499999989,27.77574499999989,2.762746630266655,15.564393642581864,0.12595460742731968,38.030644839386454,6
GAS,BAD,UNCERTAINTY_AWARE_UCB_009,Uncertainty-Aware UCB-VAE — vae_019 + ucb_009,43,4,test,0.02187,16.956939999999804,1.6956939999999803,0.8518950153127758,23.54613493157514,0.0689036790915407,20.84122390172898,3
GAS,BAD,UNCERTAINTY_AWARE_UCB_009,Uncertainty-Aware UCB-VAE — vae_019 + ucb_009,43,5,train,0.019683,290.39171999999826,29.039171999999823,2.8752308351082334,15.364337247737328,0.13277412789240742,39.199354884330695,7
GAS,BAD,UNCERTAINTY_AWARE_UCB_009,Uncertainty-Aware UCB-VAE — vae_019 + ucb_009,43,5,test,0.019683,25.145049999999628,2.514504999999963,1.2607347390988677,23.22320939829435,0.08400569722209304,20.704825839545727,3
GAS,BAD,UNCERTAINTY_AWARE_UCB_009,Uncertainty-Aware UCB-VAE — vae_019 + ucb_009,43,6,train,0.0177147,283.02020999999695,28.302020999999694,2.8097211227491314,15.295100505770664,0.12841264375052955,37.54253721901716,6
GAS,BAD,UNCERTAINTY_AWARE_UCB_009,Uncertainty-Aware UCB-VAE — vae_019 + ucb_009,43,6,test,0.0177147,25.145049999999628,2.514504999999963,1.2607347390988677,23.22320939829435,0.08400569722209304,20.704825839545727,3
GAS,BAD,UNCERTAINTY_AWARE_UCB_009,Uncertainty-Aware UCB-VAE — vae_019 + ucb_009,43,7,train,0.015943230000000003,177.50849999999878,17.750849999999875,1.8334119520865944,15.23025177697995,0.06522408032204616,42.18995978091659,7
GAS,BAD,UNCERTAINTY_AWARE_UCB_009,Uncertainty-Aware UCB-VAE — vae_019 + ucb_009,43,7,test,0.015943230000000003,21.675999999999704,2.1675999999999704,1.0877202216466042,23.203434541385214,0.07648242676056322,20.704825839545727,3
GAS,BAD,UNCERTAINTY_AWARE_UCB_009,Uncertainty-Aware UCB-VAE — vae_019 + ucb_009,43,8,train,0.014348907000000001,190.115979999998,19.0115979999998,1.9540687711180782,15.182915641400395,0.07278235975437324,42.62256158330727,7
GAS,BAD,UNCERTAINTY_AWARE_UCB_009,Uncertainty-Aware UCB-VAE — vae_019 + ucb_009,43,8,test,0.014348907000000001,-21.605730000000108,-2.160573000000011,-1.095883531156161,23.645268824585138,-0.013190232827705707,22.10720772925427,3
GAS,BAD,UNCERTAINTY_AWARE_UCB_009,Uncertainty-Aware UCB-VAE — vae_019 + ucb_009,43,9,train,0.012914016300000003,330.656349999997,33.0656349999997,3.2272940366305347,14.86393050002259,0.15529950879179222,37.06158887099468,5
GAS,BAD,UNCERTAINTY_AWARE_UCB_009,Uncertainty-Aware UCB-VAE — vae_019 + ucb_009,43,9,test,0.012914016300000003,-2.7728799999999865,-0.27728799999999865,-0.13998496816370887,23.431730810851896,0.02571031864622999,21.199358549192713,3
GAS,BAD,UNCERTAINTY_AWARE_UCB_009,Uncertainty-Aware UCB-VAE — vae_019 + ucb_009,43,10,train,0.011622614670000002,434.3556399999968,43.43556399999968,4.092212175575183,15.201455711529338,0.21052336921514322,37.246823686968646,5
GAS,BAD,UNCERTAINTY_AWARE_UCB_009,Uncertainty-Aware UCB-VAE — vae_019 + ucb_009,43,10,test,0.011622614670000002,3.8601500000000897,0.38601500000000893,0.19455441520788153,23.417868591190434,0.0399101651161305,21.199358549192713,3
GAS,BAD,UNCERTAINTY_AWARE_UCB_009,Uncertainty-Aware UCB-VAE — vae_019 + ucb_009,43,11,train,0.010460353203000003,465.73504999999636,46.573504999999635,4.34298232393715,15.071513431905705,0.22714022385147262,36.93786546160027,5
GAS,BAD,UNCERTAINTY_AWARE_UCB_009,Uncertainty-Aware UCB-VAE — vae_019 + ucb_009,43,11,test,0.010460353203000003,-1.6842999999998938,-0.1684299999999894,-0.08500656167079734,23.48352065412265,0.028528534296603576,21.199358549192713,3
GAS,BAD,UNCERTAINTY_AWARE_UCB_009,Uncertainty-Aware UCB-VAE — vae_019 + ucb_009,43,12,train,0.01,479.20640999999614,47.92064099999961,4.4491779931913555,14.848783077867397,0.23517821965564548,35.907263835607154,6
GAS,BAD,UNCERTAINTY_AWARE_UCB_009,Uncertainty-Aware UCB-VAE — vae_019 + ucb_009,43,12,test,0.01,-0.45855999999992036,-0.045855999999992035,-0.023136474158891307,23.461658946208587,0.030982449691429676,21.21404909400178,3
GAS,BAD,UNCERTAINTY_AWARE_UCB_009,Uncertainty-Aware UCB-VAE — vae_019 + ucb_009,43,13,train,0.01,497.41852999999605,49.7418529999996,4.591387018751436,14.62480565942625,0.24594058075620528,35.66598454133353,5
GAS,BAD,UNCERTAINTY_AWARE_UCB_009,Uncertainty-Aware UCB-VAE — vae_019 + ucb_009,43,13,test,0.01,-9.260490000000232,-0.9260490000000232,-0.4682583369012727,23.498718462351086,0.012275816744372897,21.388019857703792,3
GAS,BAD,UNCERTAINTY_AWARE_UCB_009,Uncertainty-Aware UCB-VAE — vae_019 + ucb_009,43,14,train,0.01,509.1258699999971,50.91258699999971,4.681993991139866,14.860793372947736,0.25018118195225214,36.28294794485312,4
GAS,BAD,UNCERTAINTY_AWARE_UCB_009,Uncertainty-Aware UCB-VAE — vae_019 + ucb_009,43,14,test,0.01,-23.048110000000293,-2.3048110000000293,-1.1694687406573978,23.4433314708647,-0.01848536299294429,21.4802727959612,3
GAS,BAD,UNCERTAINTY_AWARE_UCB_009,Uncertainty-Aware UCB-VAE — vae_019 + ucb_009,43,15,train,0.01,503.94718999999736,50.39471899999973,4.641991809059354,14.862290240395515,0.24755614167484835,37.105217313686445,4
GAS,BAD,UNCERTAINTY_AWARE_UCB_009,Uncertainty-Aware UCB-VAE — vae_019 + ucb_009,43,15,test,0.01,-43.49261000000024,-4.349261000000024,-2.2183242592478836,23.438763216795202,-0.064119874579383,22.418524423773412,3
GAS,BAD,UNCERTAINTY_AWARE_UCB_009,Uncertainty-Aware UCB-VAE — vae_019 + ucb_009,43,16,train,0.01,495.60525999999686,49.56052599999969,4.577297249676726,14.749168317613726,0.24416164630528367,35.666950307800164,4
GAS,BAD,UNCERTAINTY_AWARE_UCB_009,Uncertainty-Aware UCB-VAE — vae_019 + ucb_009,43,16,test,0.01,-32.36805000000027,-3.2368050000000266,-1.646243097029798,23.290980790670197,-0.04088632355402936,22.678708995115077,3
GAS,BAD,UNCERTAINTY_AWARE_UCB_009,Uncertainty-Aware UCB-VAE — vae_019 + ucb_009,43,17,train,0.01,644.695239999997,64.4695239999997,5.688062819681039,15.149158919259442,0.3119206455243023,36.88324292277575,4
GAS,BAD,UNCERTAINTY_AWARE_UCB_009,Uncertainty-Aware UCB-VAE — vae_019 + ucb_009,43,17,test,0.01,-34.745660000000385,-3.4745660000000385,-1.7682368692374162,23.270239954527476,-0.046480038872186,23.180446938435146,3
GAS,BAD,UNCERTAINTY_AWARE_UCB_009,Uncertainty-Aware UCB-VAE — vae_019 + ucb_009,43,18,train,0.01,677.424889999997,67.74248899999971,5.919869902508057,15.10442718904757,0.32700754601678444,35.56831058130104,4
GAS,BAD,UNCERTAINTY_AWARE_UCB_009,Uncertainty-Aware UCB-VAE — vae_019 + ucb_009,43,18,test,0.01,-47.66120000000001,-4.766120000000001,-2.4335428011676097,22.577828796716318,-0.08499051065436833,21.96667710141637,4
GAS,BAD,UNCERTAINTY_AWARE_UCB_009,Uncertainty-Aware UCB-VAE — vae_019 + ucb_009,43,19,train,0.01,680.028189999997,68.0028189999997,5.938134667151496,15.265098241453856,0.32630847505138366,36.232352481177344,4
GAS,BAD,UNCERTAINTY_AWARE_UCB_009,Uncertainty-Aware UCB-VAE — vae_019 + ucb_009,43,19,test,0.01,-47.96284999999989,-4.796284999999989,-2.449134668483588,22.660646902563634,-0.08453377584139089,21.991553749240676,5
GAS,BAD,UNCERTAINTY_AWARE_UCB_009,Uncertainty-Aware UCB-VAE — vae_019 + ucb_009,43,20,train,0.01,393.6477799999973,39.36477799999973,3.7595246797140103,15.31603118915915,0.18894121166153244,40.8461667282472,4
GAS,BAD,UNCERTAINTY_AWARE_UCB_009,Uncertainty-Aware UCB-VAE — vae_019 + ucb_009,43,20,test,0.01,-42.612969999999905,-4.26129699999999,-2.1729690832619553,22.670892328066696,-0.07189338137321923,21.813980128125134,5
GAS,BAD,UNCERTAINTY_AWARE_UCB_009,Uncertainty-Aware UCB-VAE — vae_019 + ucb_009,43,21,train,0.01,862.7662399999967,86.27662399999967,7.161344875864772,15.464638535059924,0.39893612376702553,35.334959963916255,5
GAS,BAD,UNCERTAINTY_AWARE_UCB_009,Uncertainty-Aware UCB-VAE — vae_019 + ucb_009,43,21,test,0.01,-43.55476999999985,-4.3554769999999845,-2.221530076803424,22.67763873600031,-0.07399961750966057,21.813980128125134,5
GAS,BAD,UNCERTAINTY_AWARE_UCB_009,Uncertainty-Aware UCB-VAE — vae_019 + ucb_009,43,22,train,0.01,750.8998399999964,75.08998399999965,6.425952734057283,15.523135728558332,0.35329380613641087,34.094875940537065,5
GAS,BAD,UNCERTAINTY_AWARE_UCB_009,Uncertainty-Aware UCB-VAE — vae_019 + ucb_009,43,22,test,0.01,-13.849280000000249,-1.3849280000000248,-0.7010949070690664,22.937155864170535,-0.0032240634999068187,20.721719714425973,4
GAS,BAD,UNCERTAINTY_AWARE_UCB_009,Uncertainty-Aware UCB-VAE — vae_019 + ucb_009,43,23,train,0.01,731.5639599999968,73.15639599999967,6.294628129959157,15.470878475881708,0.3459314370663734,35.2733998063236,4
GAS,BAD,UNCERTAINTY_AWARE_UCB_009,Uncertainty-Aware UCB-VAE — vae_019 + ucb_009,43,23,test,0.01,0.6060699999994767,0.060606999999947675,0.030570972055476986,22.734101369379086,0.02709782314603905,20.6996578864801,4
GAS,BAD,UNCERTAINTY_AWARE_UCB_009,Uncertainty-Aware UCB-VAE — vae_019 + ucb_009,43,24,train,0.01,997.7400599999971,99.77400599999972,7.998094241501175,15.544465558605255,0.44808389681015726,35.08370996531481,4
GAS,BAD,UNCERTAINTY_AWARE_UCB_009,Uncertainty-Aware UCB-VAE — vae_019 + ucb_009,43,24,test,0.01,3.630199999999604,0.36301999999996043,0.1829751600145313,22.751521037039904,0.03395332966271843,20.6996578864801,4
GAS,BAD,UNCERTAINTY_AWARE_UCB_009,Uncertainty-Aware UCB-VAE — vae_019 + ucb_009,43,25,train,0.01,796.2706899999969,79.62706899999968,6.729110532633564,15.2699813926268,0.3754250492261297,35.15058684132482,3
GAS,BAD,UNCERTAINTY_AWARE_UCB_009,Uncertainty-Aware UCB-VAE — vae_019 + ucb_009,43,25,test,0.01,-5.3972500000003265,-0.5397250000000327,-0.2726503811212866,22.787369628688186,0.014200088305477658,20.6996578864801,4
GAS,BAD,UNCERTAINTY_AWARE_UCB_009,Uncertainty-Aware UCB-VAE — vae_019 + ucb_009,43,26,train,0.01,778.3608999999967,77.83608999999967,6.61026341300488,15.637648293173731,0.36303331451604953,35.64424352321156,4
GAS,BAD,UNCERTAINTY_AWARE_UCB_009,Uncertainty-Aware UCB-VAE — vae_019 + ucb_009,43,26,test,0.01,19.576759999999922,1.9576759999999922,0.9828818622479307,23.133919208232122,0.07162051203990084,20.6996578864801,3
GAS,BAD,UNCERTAINTY_AWARE_UCB_009,Uncertainty-Aware UCB-VAE — vae_019 + ucb_009,43,27,train,0.01,957.8667699999944,95.78667699999944,7.756271063762776,16.043856410002686,0.42500881560243886,36.5521594869435,4
GAS,BAD,UNCERTAINTY_AWARE_UCB_009,Uncertainty-Aware UCB-VAE — vae_019 + ucb_009,43,27,test,0.01,35.784999999999854,3.5784999999999854,1.789587228280376,23.387850128804207,0.10750093532330862,20.6996578864801,4
GAS,BAD,UNCERTAINTY_AWARE_UCB_009,Uncertainty-Aware UCB-VAE — vae_019 + ucb_009,43,28,train,0.01,871.8919499999965,87.18919499999966,7.219589744235755,15.87754309056916,0.39606407329364973,36.23665489891966,4
GAS,BAD,UNCERTAINTY_AWARE_UCB_009,Uncertainty-Aware UCB-VAE — vae_019 + ucb_009,43,28,test,0.01,39.4373599999999,3.94373599999999,1.9705045124903453,23.3626650058567,0.11498442034450408,20.6996578864801,4
GAS,BAD,UNCERTAINTY_AWARE_UCB_009,Uncertainty-Aware UCB-VAE — vae_019 + ucb_009,43,29,train,0.01,884.7173099999966,88.47173099999965,7.301022491117037,15.842540976887046,0.4013617811853387,36.51760761752652,3
GAS,BAD,UNCERTAINTY_AWARE_UCB_009,Uncertainty-Aware UCB-VAE — vae_019 + ucb_009,43,29,test,0.01,38.93549000000007,3.8935490000000073,1.945663396589259,23.205193303138373,0.11313705503132067,20.134790229294193,4
GAS,BAD,UNCERTAINTY_AWARE_UCB_009,Uncertainty-Aware UCB-VAE — vae_019 + ucb_009,43,30,train,0.01,836.8394499999952,83.68394499999951,6.994472265488461,16.158450642260405,0.3788529522175628,36.799315547539784,4
GAS,BAD,UNCERTAINTY_AWARE_UCB_009,Uncertainty-Aware UCB-VAE — vae_019 + ucb_009,43,30,test,0.01,17.212039999999774,1.7212039999999775,0.8646569532248183,23.09698307818454,0.06626934610382768,20.08492599631213,3
GAS,BAD,UNCERTAINTY_AWARE_UCB_009,Uncertainty-Aware UCB-VAE — vae_019 + ucb_009,43,31,train,0.01,833.1178499999962,83.31178499999963,6.970347336069116,16.299623122660833,0.3755452366649573,36.774810529723084,4
GAS,BAD,UNCERTAINTY_AWARE_UCB_009,Uncertainty-Aware UCB-VAE — vae_019 + ucb_009,43,31,test,0.01,49.851689999999735,4.985168999999973,2.484649029609498,23.631060168539683,0.13767421693994192,18.98191164038881,4
GAS,BAD,UNCERTAINTY_AWARE_UCB_009,Uncertainty-Aware UCB-VAE — vae_019 + ucb_009,43,32,train,0.01,826.7804899999969,82.67804899999969,6.929165620837341,16.259011697439625,0.37371386699864517,37.118397765680115,4
GAS,BAD,UNCERTAINTY_AWARE_UCB_009,Uncertainty-Aware UCB-VAE — vae_019 + ucb_009,43,32,test,0.01,14.002519999999777,1.4002519999999776,0.7039779356103004,23.6874153719919,0.06367392242329713,21.616934012020646,3
GAS,BAD,UNCERTAINTY_AWARE_UCB_009,Uncertainty-Aware UCB-VAE — vae_019 + ucb_009,43,33,train,0.01,927.6503899999971,92.7650389999997,7.570081950065544,16.214116121727308,0.4114082587034322,36.709805754698095,4
GAS,BAD,UNCERTAINTY_AWARE_UCB_009,Uncertainty-Aware UCB-VAE — vae_019 + ucb_009,43,33,test,0.01,99.1903499999994,9.91903499999994,4.88679807731669,23.0663978697695,0.2360448234100508,18.98191164038881,3
GAS,BAD,UNCERTAINTY_AWARE_UCB_009,Uncertainty-Aware UCB-VAE — vae_019 + ucb_009,43,34,train,0.01,908.366919999997,90.8366919999997,7.449899262501636,16.6291617178556,0.3985124061294957,37.655141805400376,5
GAS,BAD,UNCERTAINTY_AWARE_UCB_009,Uncertainty-Aware UCB-VAE — vae_019 + ucb_009,43,34,test,0.01,109.43816999999967,10.943816999999967,5.378986509688266,23.199968912788027,0.25625742528696305,19.017964337087076,3
GAS,BAD,UNCERTAINTY_AWARE_UCB_009,Uncertainty-Aware UCB-VAE — vae_019 + ucb_009,43,35,train,0.01,936.2901999999976,93.62901999999977,7.623582568022669,16.474009413770165,0.4105321331179917,40.23633590609164,4
GAS,BAD,UNCERTAINTY_AWARE_UCB_009,Uncertainty-Aware UCB-VAE — vae_019 + ucb_009,43,35,test,0.01,121.54650999999967,12.154650999999967,5.9576387311970125,23.209580348110173,0.2799125611970263,19.001922019700174,3
GAS,BAD,UNCERTAINTY_AWARE_UCB_009,Uncertainty-Aware UCB-VAE — vae_019 + ucb_009,43,36,train,0.01,726.3808199999969,72.6380819999997,6.259204015938868,16.323498351548796,0.33403393122610775,38.59827248011566,4
GAS,BAD,UNCERTAINTY_AWARE_UCB_009,Uncertainty-Aware UCB-VAE — vae_019 + ucb_009,43,36,test,0.01,121.61484999999993,12.161484999999992,5.960895860950655,22.98705575299661,0.28046216770623417,17.874605076937407,2
GAS,BAD,UNCERTAINTY_AWARE_UCB_009,Uncertainty-Aware UCB-VAE — vae_019 + ucb_009,43,37,train,0.01,886.8831899999966,88.68831899999967,7.314725791920074,16.5013012769127,0.39256394807353556,39.32443440326205,4
GAS,BAD,UNCERTAINTY_AWARE_UCB_009,Uncertainty-Aware UCB-VAE — vae_019 + ucb_009,43,37,test,0.01,119.06526999999983,11.906526999999983,5.83931450909323,22.949407793317473,0.2755354007347965,17.874605076937407,2
GAS,BAD,UNCERTAINTY_AWARE_UCB_009,Uncertainty-Aware UCB-VAE — vae_019 + ucb_009,43,38,train,0.01,892.7867299999969,89.27867299999969,7.352006021635349,16.682402587652938,0.3921851481165203,39.54043322413364,4
GAS,BAD,UNCERTAINTY_AWARE_UCB_009,Uncertainty-Aware UCB-VAE — vae_019 + ucb_009,43,38,test,0.01,134.2282200000002,13.42282200000002,6.560382770054463,22.560561245632318,0.3065516710532101,17.874605076937407,1
GAS,BAD,UNCERTAINTY_AWARE_UCB_009,Uncertainty-Aware UCB-VAE — vae_019 + ucb_009,43,39,train,0.01,954.7195899999974,95.47195899999974,7.736998197878431,16.626560936675737,0.4147016781354964,37.95657799253788,6
GAS,BAD,UNCERTAINTY_AWARE_UCB_009,Uncertainty-Aware UCB-VAE — vae_019 + ucb_009,43,39,test,0.01,142.36919000000012,14.236919000000011,6.94555317417056,22.525792066186213,0.32274298006729385,17.874605076937407,1
GAS,BAD,UNCERTAINTY_AWARE_UCB_009,Uncertainty-Aware UCB-VAE — vae_019 + ucb_009,43,40,train,0.01,889.4029499999972,88.94029499999971,7.330650472680134,16.67530209816181,0.3910801372062329,38.447536485448865,4
GAS,BAD,UNCERTAINTY_AWARE_UCB_009,Uncertainty-Aware UCB-VAE — vae_019 + ucb_009,43,40,test,0.01,141.1466800000003,14.114668000000027,6.887800044771208,22.641090965802864,0.31985075570214744,17.874605076937407,1
GAS,BAD,UNCERTAINTY_AWARE_UCB_009,Uncertainty-Aware UCB-VAE — vae_019 + ucb_009,43,41,train,0.01,714.6572899999992,71.46572899999993,6.178729662626714,17.01826048495074,0.32267600104768845,42.55890452651428,4
GAS,BAD,UNCERTAINTY_AWARE_UCB_009,Uncertainty-Aware UCB-VAE — vae_019 + ucb_009,43,41,test,0.01,145.92764999999986,14.592764999999986,7.113485853965873,22.95770001459777,0.32783540917560267,19.017964337087076,2
GAS,BAD,UNCERTAINTY_AWARE_UCB_009,Uncertainty-Aware UCB-VAE — vae_019 + ucb_009,43,42,train,0.01,923.953379999999,92.39533799999991,7.5471236804201425,16.721141414573793,0.4026464671728792,37.45134120077624,4
GAS,BAD,UNCERTAINTY_AWARE_UCB_009,Uncertainty-Aware UCB-VAE — vae_019 + ucb_009,43,42,test,0.01,146.98870999999986,14.698870999999986,7.163509916669786,22.94698571399817,0.32992365541886043,19.017964337087076,2
GAS,BAD,UNCERTAINTY_AWARE_UCB_009,Uncertainty-Aware UCB-VAE — vae_019 + ucb_009,43,43,train,0.01,951.7133099999971,95.17133099999971,7.718562410056129,16.691514215064522,0.41269470041979095,38.00478925236613,4
GAS,BAD,UNCERTAINTY_AWARE_UCB_009,Uncertainty-Aware UCB-VAE — vae_019 + ucb_009,43,43,test,0.01,149.86546000000044,14.986546000000045,7.299020106087584,22.564676706423867,0.3372435162897013,17.889695660274842,1
GAS,BAD,UNCERTAINTY_AWARE_UCB_009,Uncertainty-Aware UCB-VAE — vae_019 + ucb_009,43,44,train,0.01,1020.7135399999997,102.07135399999999,8.135482491912093,16.63867679144499,0.43689173129943976,36.14199258031239,5
GAS,BAD,UNCERTAINTY_AWARE_UCB_009,Uncertainty-Aware UCB-VAE — vae_019 + ucb_009,43,44,test,0.01,140.12621999999988,14.012621999999988,6.839568567577747,22.66292104179901,0.3178286468778268,17.889695660274842,2
GAS,BAD,UNCERTAINTY_AWARE_UCB_009,Uncertainty-Aware UCB-VAE — vae_019 + ucb_009,43,45,train,0.01,786.7292799999984,78.67292799999984,6.665926704746816,16.716804345805755,0.3531058334301457,40.39074665794576,4
GAS,BAD,UNCERTAINTY_AWARE_UCB_009,Uncertainty-Aware UCB-VAE — vae_019 + ucb_009,43,45,test,0.01,146.3749299999995,14.63749299999995,7.134575830673273,23.060496223127824,0.3283161515899874,19.017964337087076,3
GAS,BAD,UNCERTAINTY_AWARE_UCB_009,Uncertainty-Aware UCB-VAE — vae_019 + ucb_009,44,1,train,0.03,1052.2922599999965,105.22922599999964,8.322084241537508,28.787376881833186,0.354615395977453,65.27263268798556,37
GAS,BAD,UNCERTAINTY_AWARE_UCB_009,Uncertainty-Aware UCB-VAE — vae_019 + ucb_009,44,1,test,0.03,-70.20365999999979,-7.02036599999998,-3.6055542182184874,30.543954329861506,-0.03311511422754708,27.935104238703,9
GAS,BAD,UNCERTAINTY_AWARE_UCB_009,Uncertainty-Aware UCB-VAE — vae_019 + ucb_009,44,2,train,0.027,867.4577899999986,86.74577899999986,7.191320304242188,29.404882779754864,0.31731871495800995,67.70204638932812,40
GAS,BAD,UNCERTAINTY_AWARE_UCB_009,Uncertainty-Aware UCB-VAE — vae_019 + ucb_009,44,2,test,0.027,-74.02703999999983,-7.402703999999984,-3.8057276510808147,30.5929200392214,-0.03938644388993711,28.237634640144766,9
GAS,BAD,UNCERTAINTY_AWARE_UCB_009,Uncertainty-Aware UCB-VAE — vae_019 + ucb_009,44,3,train,0.024300000000000002,951.9095399999976,95.19095399999976,7.719766545597451,28.92116593192614,0.33487713597516905,65.36658702249504,37
GAS,BAD,UNCERTAINTY_AWARE_UCB_009,Uncertainty-Aware UCB-VAE — vae_019 + ucb_009,44,3,test,0.024300000000000002,-57.18923999999993,-5.718923999999992,-2.92722203386514,30.358433003180213,-0.01201097254115534,26.905319674487142,9
GAS,BAD,UNCERTAINTY_AWARE_UCB_009,Uncertainty-Aware UCB-VAE — vae_019 + ucb_009,44,4,train,0.02187,1001.873559999998,100.1873559999998,8.022917049131117,29.172345980190922,0.3442158430062743,65.36658702249504,39
GAS,BAD,UNCERTAINTY_AWARE_UCB_009,Uncertainty-Aware UCB-VAE — vae_019 + ucb_009,44,4,test,0.02187,-61.01261999999997,-6.101261999999997,-3.1260186832251624,30.406080690982368,-0.01827688085676885,27.207850075928906,9
GAS,BAD,UNCERTAINTY_AWARE_UCB_009,Uncertainty-Aware UCB-VAE — vae_019 + ucb_009,44,5,train,0.019683,883.2688399999993,88.32688399999992,7.291850357502083,29.261483998495468,0.3206911927097909,66.8472490480428,39
GAS,BAD,UNCERTAINTY_AWARE_UCB_009,Uncertainty-Aware UCB-VAE — vae_019 + ucb_009,44,5,test,0.019683,-97.64278000000013,-9.764278000000012,-5.05131701717445,30.506827389231656,-0.08305651592488882,31.305120770990236,10
GAS,BAD,UNCERTAINTY_AWARE_UCB_009,Uncertainty-Aware UCB-VAE — vae_019 + ucb_009,44,6,train,0.0177147,895.5195499999977,89.55195499999977,7.369228508572112,29.40628532058071,0.32302476163169525,67.47579452300836,38
GAS,BAD,UNCERTAINTY_AWARE_UCB_009,Uncertainty-Aware UCB-VAE — vae_019 + ucb_009,44,6,test,0.0177147,-97.64278000000013,-9.764278000000012,-5.05131701717445,30.506827389231656,-0.08305651592488882,31.305120770990236,10
GAS,BAD,UNCERTAINTY_AWARE_UCB_009,Uncertainty-Aware UCB-VAE — vae_019 + ucb_009,44,7,train,0.015943230000000003,833.0324499999992,83.30324499999992,6.969793227670706,29.525435829046586,0.310215514430766,67.47579452300836,41
GAS,BAD,UNCERTAINTY_AWARE_UCB_009,Uncertainty-Aware UCB-VAE — vae_019 + ucb_009,44,7,test,0.015943230000000003,-94.34936000000005,-9.434936000000004,-4.876647529506506,30.996807056844816,-0.07093432433200075,31.944651938952727,10
GAS,BAD,UNCERTAINTY_AWARE_UCB_009,Uncertainty-Aware UCB-VAE — vae_019 + ucb_009,44,8,train,0.014348907000000001,993.1850299999994,99.31850299999995,7.970687103904539,29.592574513573528,0.3418886049340985,66.68538468344236,39
GAS,BAD,UNCERTAINTY_AWARE_UCB_009,Uncertainty-Aware UCB-VAE — vae_019 + ucb_009,44,8,test,0.014348907000000001,-94.34936000000005,-9.434936000000004,-4.876647529506506,30.996807056844816,-0.07093432433200075,31.944651938952727,10
GAS,BAD,UNCERTAINTY_AWARE_UCB_009,Uncertainty-Aware UCB-VAE — vae_019 + ucb_009,44,9,train,0.012914016300000003,961.7750799999976,96.17750799999976,7.780166684218526,29.50384540623709,0.3359702962609547,66.16295484399741,38
GAS,BAD,UNCERTAINTY_AWARE_UCB_009,Uncertainty-Aware UCB-VAE — vae_019 + ucb_009,44,9,test,0.012914016300000003,-111.68598999999995,-11.168598999999995,-5.799681011697244,30.90878080750601,-0.10358704711476191,32.33425544062706,11
GAS,BAD,UNCERTAINTY_AWARE_UCB_009,Uncertainty-Aware UCB-VAE — vae_019 + ucb_009,44,10,train,0.011622614670000002,1065.3396699999976,106.53396699999975,8.398438473430803,29.237513839881984,0.3560767064808213,64.70413735461602,40
GAS,BAD,UNCERTAINTY_AWARE_UCB_009,Uncertainty-Aware UCB-VAE — vae_019 + ucb_009,44,10,test,0.011622614670000002,-111.68598999999995,-11.168598999999995,-5.799681011697244,30.90878080750601,-0.10358704711476191,32.33425544062706,11
GAS,BAD,UNCERTAINTY_AWARE_UCB_009,Uncertainty-Aware UCB-VAE — vae_019 + ucb_009,44,11,train,0.010460353203000003,1114.766189999999,111.4766189999999,8.683850314564069,29.370016252217773,0.364828261746044,65.35251885359602,39
GAS,BAD,UNCERTAINTY_AWARE_UCB_009,Uncertainty-Aware UCB-VAE — vae_019 + ucb_009,44,11,test,0.010460353203000003,-111.68598999999995,-11.168598999999995,-5.799681011697244,30.90878080750601,-0.10358704711476191,32.33425544062706,11
GAS,BAD,UNCERTAINTY_AWARE_UCB_009,Uncertainty-Aware UCB-VAE — vae_019 + ucb_009,44,12,train,0.01,1129.4054199999991,112.94054199999992,8.767245974824988,29.338000987558317,0.36753122891927786,65.37233913222413,39
GAS,BAD,UNCERTAINTY_AWARE_UCB_009,Uncertainty-Aware UCB-VAE — vae_019 + ucb_009,44,12,test,0.01,-111.68598999999995,-11.168598999999995,-5.799681011697244,30.90878080750601,-0.10358704711476191,32.33425544062706,11
GAS,BAD,UNCERTAINTY_AWARE_UCB_009,Uncertainty-Aware UCB-VAE — vae_019 + ucb_009,44,13,train,0.01,1070.8688499999998,107.08688499999998,8.430666297672328,29.157563289345024,0.35728811168905145,64.85962908178429,39
GAS,BAD,UNCERTAINTY_AWARE_UCB_009,Uncertainty-Aware UCB-VAE — vae_019 + ucb_009,44,13,test,0.01,-98.08429999999998,-9.808429999999998,-5.074757423968879,30.81017044693173,-0.0800317517210407,31.99601772083618,10
GAS,BAD,UNCERTAINTY_AWARE_UCB_009,Uncertainty-Aware UCB-VAE — vae_019 + ucb_009,44,14,train,0.01,1121.9141200000004,112.19141200000004,8.724633988163234,29.260845963392757,0.3663706761423652,64.85962908178429,39
GAS,BAD,UNCERTAINTY_AWARE_UCB_009,Uncertainty-Aware UCB-VAE — vae_019 + ucb_009,44,14,test,0.01,-98.08429999999998,-9.808429999999998,-5.074757423968879,30.81017044693173,-0.0800317517210407,31.99601772083618,10
GAS,BAD,UNCERTAINTY_AWARE_UCB_009,Uncertainty-Aware UCB-VAE — vae_019 + ucb_009,44,15,train,0.01,1068.7548800000009,106.87548800000009,8.41835368256223,29.49729176610716,0.3561685398924777,67.39899355807411,40
GAS,BAD,UNCERTAINTY_AWARE_UCB_009,Uncertainty-Aware UCB-VAE — vae_019 + ucb_009,44,15,test,0.01,-98.08429999999998,-9.808429999999998,-5.074757423968879,30.81017044693173,-0.0800317517210407,31.99601772083618,10
GAS,BAD,UNCERTAINTY_AWARE_UCB_009,Uncertainty-Aware UCB-VAE — vae_019 + ucb_009,44,16,train,0.01,1064.6307900000002,106.46307900000002,8.394301093851064,29.64516833988059,0.3551180337678387,67.43417532664094,40
GAS,BAD,UNCERTAINTY_AWARE_UCB_009,Uncertainty-Aware UCB-VAE — vae_019 + ucb_009,44,16,test,0.01,-98.08429999999998,-9.808429999999998,-5.074757423968879,30.81017044693173,-0.0800317517210407,31.99601772083618,10
GAS,BAD,UNCERTAINTY_AWARE_UCB_009,Uncertainty-Aware UCB-VAE — vae_019 + ucb_009,44,17,train,0.01,1094.8628300000005,109.48628300000006,8.569639459793166,29.551231644352775,0.36082199061300047,67.5343776125324,40
GAS,BAD,UNCERTAINTY_AWARE_UCB_009,Uncertainty-Aware UCB-VAE — vae_019 + ucb_009,44,17,test,0.01,-120.69023000000016,-12.069023000000016,-6.282605695954613,30.946530551297137,-0.11980490810894369,33.734573699885686,10
GAS,BAD,UNCERTAINTY_AWARE_UCB_009,Uncertainty-Aware UCB-VAE — vae_019 + ucb_009,44,18,train,0.01,1120.3787499999999,112.03787499999997,8.715883994331254,29.553479740645027,0.36540693741172875,67.6106287354346,40
GAS,BAD,UNCERTAINTY_AWARE_UCB_009,Uncertainty-Aware UCB-VAE — vae_019 + ucb_009,44,18,test,0.01,-120.69023000000016,-12.069023000000016,-6.282605695954613,30.946530551297137,-0.11980490810894369,33.734573699885686,10
GAS,BAD,UNCERTAINTY_AWARE_UCB_009,Uncertainty-Aware UCB-VAE — vae_019 + ucb_009,44,19,train,0.01,1129.2128199999997,112.92128199999998,8.766152098134805,29.5272190603984,0.36705124736789746,67.42070534857288,39
GAS,BAD,UNCERTAINTY_AWARE_UCB_009,Uncertainty-Aware UCB-VAE — vae_019 + ucb_009,44,19,test,0.01,-120.69023000000016,-12.069023000000016,-6.282605695954613,30.946530551297137,-0.11980490810894369,33.734573699885686,10
GAS,BAD,UNCERTAINTY_AWARE_UCB_009,Uncertainty-Aware UCB-VAE — vae_019 + ucb_009,44,20,train,0.01,1083.8953299999994,108.38953299999994,8.50629218815271,29.543402398703982,0.358839665785376,67.58729549887586,40
GAS,BAD,UNCERTAINTY_AWARE_UCB_009,Uncertainty-Aware UCB-VAE — vae_019 + ucb_009,44,20,test,0.01,-120.69023000000016,-12.069023000000016,-6.282605695954613,30.946530551297137,-0.11980490810894369,33.734573699885686,10
GAS,BAD,UNCERTAINTY_AWARE_UCB_009,Uncertainty-Aware UCB-VAE — vae_019 + ucb_009,44,21,train,0.01,1064.7803,106.47802999999998,8.395173814327928,29.754995019017656,0.3549263787023669,67.63058450169926,41
GAS,BAD,UNCERTAINTY_AWARE_UCB_009,Uncertainty-Aware UCB-VAE — vae_019 + ucb_009,44,21,test,0.01,-115.59093000000018,-11.559093000000018,-6.008815501017994,30.898355807043703,-0.1110055466724766,33.34240144667748,10
GAS,BAD,UNCERTAINTY_AWARE_UCB_009,Uncertainty-Aware UCB-VAE — vae_019 + ucb_009,44,22,train,0.01,1064.7430699999995,106.47430699999995,8.394956500448325,29.885002952722285,0.3546884051631986,67.63058450169926,41
GAS,BAD,UNCERTAINTY_AWARE_UCB_009,Uncertainty-Aware UCB-VAE — vae_019 + ucb_009,44,22,test,0.01,-115.59093000000018,-11.559093000000018,-6.008815501017994,30.898355807043703,-0.1110055466724766,33.34240144667748,10
GAS,BAD,UNCERTAINTY_AWARE_UCB_009,Uncertainty-Aware UCB-VAE — vae_019 + ucb_009,44,23,train,0.01,1066.7753199999993,106.67753199999991,8.406813782520949,29.92414499851941,0.3549815400711589,67.63364523794401,41
GAS,BAD,UNCERTAINTY_AWARE_UCB_009,Uncertainty-Aware UCB-VAE — vae_019 + ucb_009,44,23,test,0.01,-115.59093000000018,-11.559093000000018,-6.008815501017994,30.898355807043703,-0.1110055466724766,33.34240144667748,10
GAS,BAD,UNCERTAINTY_AWARE_UCB_009,Uncertainty-Aware UCB-VAE — vae_019 + ucb_009,44,24,train,0.01,1178.4651599999993,117.84651599999994,9.043058771836222,29.92184863649252,0.3746913886761782,67.63271620240135,40
GAS,BAD,UNCERTAINTY_AWARE_UCB_009,Uncertainty-Aware UCB-VAE — vae_019 + ucb_009,44,24,test,0.01,-118.14173000000017,-11.814173000000016,-6.145674283641256,31.045002524376475,-0.11372254571130759,33.40793932791356,10
GAS,BAD,UNCERTAINTY_AWARE_UCB_009,Uncertainty-Aware UCB-VAE — vae_019 + ucb_009,44,25,train,0.01,1187.139039999999,118.7139039999999,9.091247830164907,29.868061266410706,0.37631832843962143,67.63271620240135,40
GAS,BAD,UNCERTAINTY_AWARE_UCB_009,Uncertainty-Aware UCB-VAE — vae_019 + ucb_009,44,25,test,0.01,-118.14173000000017,-11.814173000000016,-6.145674283641256,31.045002524376475,-0.11372254571130759,33.40793932791356,10
GAS,BAD,UNCERTAINTY_AWARE_UCB_009,Uncertainty-Aware UCB-VAE — vae_019 + ucb_009,44,26,train,0.01,1111.3612799999996,111.13612799999997,8.664379949408275,30.00660132025748,0.362795291601195,67.63250477812859,42
GAS,BAD,UNCERTAINTY_AWARE_UCB_009,Uncertainty-Aware UCB-VAE — vae_019 + ucb_009,44,26,test,0.01,-118.14173000000017,-11.814173000000016,-6.145674283641256,31.045002524376475,-0.11372254571130759,33.40793932791356,10
GAS,BAD,UNCERTAINTY_AWARE_UCB_009,Uncertainty-Aware UCB-VAE — vae_019 + ucb_009,44,27,train,0.01,1080.71828,108.07182800000001,8.487886487572416,29.722193262310537,0.35791310477324895,67.13674993565184,40
GAS,BAD,UNCERTAINTY_AWARE_UCB_009,Uncertainty-Aware UCB-VAE — vae_019 + ucb_009,44,27,test,0.01,-118.14173000000017,-11.814173000000016,-6.145674283641256,31.045002524376475,-0.11372254571130759,33.40793932791356,10
GAS,BAD,UNCERTAINTY_AWARE_UCB_009,Uncertainty-Aware UCB-VAE — vae_019 + ucb_009,44,28,train,0.01,1120.4004799999993,112.04004799999994,8.716007871752884,29.904726575570407,0.3646147996312349,67.13674993565184,42
GAS,BAD,UNCERTAINTY_AWARE_UCB_009,Uncertainty-Aware UCB-VAE — vae_019 + ucb_009,44,28,test,0.01,-118.14173000000017,-11.814173000000016,-6.145674283641256,31.045002524376475,-0.11372254571130759,33.40793932791356,10
GAS,BAD,UNCERTAINTY_AWARE_UCB_009,Uncertainty-Aware UCB-VAE — vae_019 + ucb_009,44,29,train,0.01,1148.1543900000001,114.81543900000003,8.87331260052453,29.81638046153164,0.3697125385911012,67.13674993565184,40
GAS,BAD,UNCERTAINTY_AWARE_UCB_009,Uncertainty-Aware UCB-VAE — vae_019 + ucb_009,44,29,test,0.01,-118.14173000000017,-11.814173000000016,-6.145674283641256,31.045002524376475,-0.11372254571130759,33.40793932791356,10
GAS,BAD,UNCERTAINTY_AWARE_UCB_009,Uncertainty-Aware UCB-VAE — vae_019 + ucb_009,44,30,train,0.01,1144.8989299999994,114.48989299999994,8.854955003552245,29.82706894989173,0.3691086639287386,67.13674993565184,40
GAS,BAD,UNCERTAINTY_AWARE_UCB_009,Uncertainty-Aware UCB-VAE — vae_019 + ucb_009,44,30,test,0.01,-118.14173000000017,-11.814173000000016,-6.145674283641256,31.045002524376475,-0.11372254571130759,33.40793932791356,10
GAS,BAD,UNCERTAINTY_AWARE_UCB_009,Uncertainty-Aware UCB-VAE — vae_019 + ucb_009,44,31,train,0.01,1115.9764699999996,111.59764699999997,8.690764371229086,30.017675526297786,0.3635797833383806,67.66624854909003,42
GAS,BAD,UNCERTAINTY_AWARE_UCB_009,Uncertainty-Aware UCB-VAE — vae_019 + ucb_009,44,31,test,0.01,-118.14173000000017,-11.814173000000016,-6.145674283641256,31.045002524376475,-0.11372254571130759,33.40793932791356,10
GAS,BAD,UNCERTAINTY_AWARE_UCB_009,Uncertainty-Aware UCB-VAE — vae_019 + ucb_009,44,32,train,0.01,1110.6131799999994,111.06131799999994,8.660098334993682,30.00484735674851,0.36266279176663035,67.66624854909003,42
GAS,BAD,UNCERTAINTY_AWARE_UCB_009,Uncertainty-Aware UCB-VAE — vae_019 + ucb_009,44,32,test,0.01,-114.31835000000024,-11.431835000000024,-5.940610543023849,30.996274551509117,-0.1073288803627786,33.11331637594736,10
GAS,BAD,UNCERTAINTY_AWARE_UCB_009,Uncertainty-Aware UCB-VAE — vae_019 + ucb_009,44,33,train,0.01,1114.183829999999,111.4183829999999,8.68052216986468,29.93040516332463,0.36345968437800763,67.67333903381578,42
GAS,BAD,UNCERTAINTY_AWARE_UCB_009,Uncertainty-Aware UCB-VAE — vae_019 + ucb_009,44,33,test,0.01,-114.31835000000024,-11.431835000000024,-5.940610543023849,30.996274551509117,-0.1073288803627786,33.11331637594736,10
GAS,BAD,UNCERTAINTY_AWARE_UCB_009,Uncertainty-Aware UCB-VAE — vae_019 + ucb_009,44,34,train,0.01,1096.7022799999986,109.67022799999985,8.580235076309783,29.76651148838723,0.36068779552809427,67.66834924095238,40
GAS,BAD,UNCERTAINTY_AWARE_UCB_009,Uncertainty-Aware UCB-VAE — vae_019 + ucb_009,44,34,test,0.01,-114.31835000000024,-11.431835000000024,-5.940610543023849,30.996274551509117,-0.1073288803627786,33.11331637594736,10
GAS,BAD,UNCERTAINTY_AWARE_UCB_009,Uncertainty-Aware UCB-VAE — vae_019 + ucb_009,44,35,train,0.01,1143.048749999999,114.30487499999991,8.844510765907977,29.44603320189218,0.3696736863545886,65.32736185010887,40
GAS,BAD,UNCERTAINTY_AWARE_UCB_009,Uncertainty-Aware UCB-VAE — vae_019 + ucb_009,44,35,test,0.01,-114.31835000000024,-11.431835000000024,-5.940610543023849,30.996274551509117,-0.1073288803627786,33.11331637594736,10
GAS,BAD,UNCERTAINTY_AWARE_UCB_009,Uncertainty-Aware UCB-VAE — vae_019 + ucb_009,44,36,train,0.01,1097.331209999999,109.7331209999999,8.58385594925133,29.761137185057013,0.3608120666848472,67.66834924095238,40
GAS,BAD,UNCERTAINTY_AWARE_UCB_009,Uncertainty-Aware UCB-VAE — vae_019 + ucb_009,44,36,test,0.01,-114.31835000000024,-11.431835000000024,-5.940610543023849,30.996274551509117,-0.1073288803627786,33.11331637594736,10
GAS,BAD,UNCERTAINTY_AWARE_UCB_009,Uncertainty-Aware UCB-VAE — vae_019 + ucb_009,44,37,train,0.01,1125.081439999999,112.50814399999992,8.742666616431727,29.538417101874455,0.3662927693681861,67.01850770081595,40
GAS,BAD,UNCERTAINTY_AWARE_UCB_009,Uncertainty-Aware UCB-VAE — vae_019 + ucb_009,44,37,test,0.01,-114.31835000000024,-11.431835000000024,-5.940610543023849,30.996274551509117,-0.1073288803627786,33.11331637594736,10
GAS,BAD,UNCERTAINTY_AWARE_UCB_009,Uncertainty-Aware UCB-VAE — vae_019 + ucb_009,44,38,train,0.01,1124.8983199999993,112.48983199999994,8.741624702937912,29.58874210222266,0.3661312811575685,67.52657776037603,40
GAS,BAD,UNCERTAINTY_AWARE_UCB_009,Uncertainty-Aware UCB-VAE — vae_019 + ucb_009,44,38,test,0.01,-114.31835000000024,-11.431835000000024,-5.940610543023849,30.996274551509117,-0.1073288803627786,33.11331637594736,10
GAS,BAD,UNCERTAINTY_AWARE_UCB_009,Uncertainty-Aware UCB-VAE — vae_019 + ucb_009,44,39,train,0.01,1124.2091299999997,112.42091299999997,8.737702644237654,29.514070815757666,0.3661820040916458,66.89734194476038,40
GAS,BAD,UNCERTAINTY_AWARE_UCB_009,Uncertainty-Aware UCB-VAE — vae_019 + ucb_009,44,39,test,0.01,-114.31835000000024,-11.431835000000024,-5.940610543023849,30.996274551509117,-0.1073288803627786,33.11331637594736,10
GAS,BAD,UNCERTAINTY_AWARE_UCB_009,Uncertainty-Aware UCB-VAE — vae_019 + ucb_009,44,40,train,0.01,1129.6990099999994,112.96990099999992,8.768913257656052,29.52053658506256,0.3671357713572753,67.01218979198015,40
GAS,BAD,UNCERTAINTY_AWARE_UCB_009,Uncertainty-Aware UCB-VAE — vae_019 + ucb_009,44,40,test,0.01,-111.76755000000026,-11.176755000000025,-5.804044407572939,30.849734808152345,-0.10459383091399196,33.04835647001967,10
GAS,BAD,UNCERTAINTY_AWARE_UCB_009,Uncertainty-Aware UCB-VAE — vae_019 + ucb_009,44,41,train,0.01,1105.270689999999,110.52706899999988,8.629482291893908,29.583975647959143,0.36262381524585724,67.6053103074861,41
GAS,BAD,UNCERTAINTY_AWARE_UCB_009,Uncertainty-Aware UCB-VAE — vae_019 + ucb_009,44,41,test,0.01,-111.76755000000026,-11.176755000000025,-5.804044407572939,30.849734808152345,-0.10459383091399196,33.04835647001967,10
GAS,BAD,UNCERTAINTY_AWARE_UCB_009,Uncertainty-Aware UCB-VAE — vae_019 + ucb_009,44,42,train,0.01,1129.6189099999988,112.96189099999987,8.76845839405387,29.42064454372686,0.3673592204332872,67.6053103074861,40
GAS,BAD,UNCERTAINTY_AWARE_UCB_009,Uncertainty-Aware UCB-VAE — vae_019 + ucb_009,44,42,test,0.01,-111.76755000000026,-11.176755000000025,-5.804044407572939,30.849734808152345,-0.10459383091399196,33.04835647001967,10
GAS,BAD,UNCERTAINTY_AWARE_UCB_009,Uncertainty-Aware UCB-VAE — vae_019 + ucb_009,44,43,train,0.01,1129.643419999999,112.9643419999999,8.768597580523508,29.628010298501735,0.36686671864620873,66.98486895275798,41
GAS,BAD,UNCERTAINTY_AWARE_UCB_009,Uncertainty-Aware UCB-VAE — vae_019 + ucb_009,44,43,test,0.01,-111.76755000000026,-11.176755000000025,-5.804044407572939,30.849734808152345,-0.10459383091399196,33.04835647001967,10
GAS,BAD,UNCERTAINTY_AWARE_UCB_009,Uncertainty-Aware UCB-VAE — vae_019 + ucb_009,44,44,train,0.01,1131.0169600000013,113.10169600000013,8.776395313354147,29.67788781059064,0.3669958892569019,67.65916615927246,40
GAS,BAD,UNCERTAINTY_AWARE_UCB_009,Uncertainty-Aware UCB-VAE — vae_019 + ucb_009,44,44,test,0.01,-111.76755000000026,-11.176755000000025,-5.804044407572939,30.849734808152345,-0.10459383091399196,33.04835647001967,10
GAS,BAD,UNCERTAINTY_AWARE_UCB_009,Uncertainty-Aware UCB-VAE — vae_019 + ucb_009,44,45,train,0.01,1104.9100100000005,110.49100100000004,8.62741286663633,29.6432016494564,0.3624199511367494,67.65916615927246,41
GAS,BAD,UNCERTAINTY_AWARE_UCB_009,Uncertainty-Aware UCB-VAE — vae_019 + ucb_009,44,45,test,0.01,-111.76755000000026,-11.176755000000025,-5.804044407572939,30.849734808152345,-0.10459383091399196,33.04835647001967,10
GAS,BAD,UNCERTAINTY_AWARE_UCB_009,Uncertainty-Aware UCB-VAE — vae_019 + ucb_009,45,1,train,0.03,613.5284599999984,61.352845999999836,5.463481705010609,27.2927337209229,0.2598899814794954,61.6589081077801,33
GAS,BAD,UNCERTAINTY_AWARE_UCB_009,Uncertainty-Aware UCB-VAE — vae_019 + ucb_009,45,1,test,0.03,-65.38980000000015,-6.538980000000015,-3.3541032597669718,32.035920705549955,-0.008692533884083876,28.875056689729945,11
GAS,BAD,UNCERTAINTY_AWARE_UCB_009,Uncertainty-Aware UCB-VAE — vae_019 + ucb_009,45,2,train,0.027,617.0554999999979,61.70554999999979,5.4890893238285,27.255324621086054,0.26077616470803255,61.83217325571179,34
GAS,BAD,UNCERTAINTY_AWARE_UCB_009,Uncertainty-Aware UCB-VAE — vae_019 + ucb_009,45,2,test,0.027,-65.38980000000015,-6.538980000000015,-3.3541032597669718,32.035920705549955,-0.008692533884083876,28.875056689729945,11
GAS,BAD,UNCERTAINTY_AWARE_UCB_009,Uncertainty-Aware UCB-VAE — vae_019 + ucb_009,45,3,train,0.024300000000000002,448.3691399999973,44.83691399999973,4.204798256755793,26.388682609584833,0.21377094812113895,59.95102045800596,34
GAS,BAD,UNCERTAINTY_AWARE_UCB_009,Uncertainty-Aware UCB-VAE — vae_019 + ucb_009,45,3,test,0.024300000000000002,-65.38980000000015,-6.538980000000015,-3.3541032597669718,32.035920705549955,-0.008692533884083876,28.875056689729945,11
GAS,BAD,UNCERTAINTY_AWARE_UCB_009,Uncertainty-Aware UCB-VAE — vae_019 + ucb_009,45,4,train,0.02187,1216.0704199999973,121.60704199999972,9.250761582180811,28.831040799566487,0.384551761723972,57.42269844968075,39
GAS,BAD,UNCERTAINTY_AWARE_UCB_009,Uncertainty-Aware UCB-VAE — vae_019 + ucb_009,45,4,test,0.02187,-65.38980000000015,-6.538980000000015,-3.3541032597669718,32.035920705549955,-0.008692533884083876,28.875056689729945,11
GAS,BAD,UNCERTAINTY_AWARE_UCB_009,Uncertainty-Aware UCB-VAE — vae_019 + ucb_009,45,5,train,0.019683,1333.0356499999975,133.30356499999976,9.877343990010523,28.96197156590712,0.4040426806374774,55.27000214187117,39
GAS,BAD,UNCERTAINTY_AWARE_UCB_009,Uncertainty-Aware UCB-VAE — vae_019 + ucb_009,45,5,test,0.019683,-65.38980000000015,-6.538980000000015,-3.3541032597669718,32.035920705549955,-0.008692533884083876,28.875056689729945,11
GAS,BAD,UNCERTAINTY_AWARE_UCB_009,Uncertainty-Aware UCB-VAE — vae_019 + ucb_009,45,6,train,0.0177147,1326.8291099999974,132.68291099999973,9.844804916114235,29.006038323032435,0.4028419193554196,55.36623112752036,39
GAS,BAD,UNCERTAINTY_AWARE_UCB_009,Uncertainty-Aware UCB-VAE — vae_019 + ucb_009,45,6,test,0.0177147,-47.73216000000002,-4.773216000000002,-2.437210404337986,31.561332623498966,0.016381934230428462,28.48433366246519,10
GAS,BAD,UNCERTAINTY_AWARE_UCB_009,Uncertainty-Aware UCB-VAE — vae_019 + ucb_009,45,7,train,0.015943230000000003,1299.8417699999982,129.98417699999982,9.702415033776601,27.88746467616906,0.4029274310892614,56.86255494807111,38
GAS,BAD,UNCERTAINTY_AWARE_UCB_009,Uncertainty-Aware UCB-VAE — vae_019 + ucb_009,45,7,test,0.015943230000000003,-47.73216000000002,-4.773216000000002,-2.437210404337986,31.561332623498966,0.016381934230428462,28.48433366246519,10
GAS,BAD,UNCERTAINTY_AWARE_UCB_009,Uncertainty-Aware UCB-VAE — vae_019 + ucb_009,45,8,train,0.014348907000000001,1326.3360799999982,132.6336079999998,9.842216797781123,28.17188681583971,0.4062564529702423,57.2652713560285,38
GAS,BAD,UNCERTAINTY_AWARE_UCB_009,Uncertainty-Aware UCB-VAE — vae_019 + ucb_009,45,8,test,0.014348907000000001,-47.73216000000002,-4.773216000000002,-2.437210404337986,31.561332623498966,0.016381934230428462,28.48433366246519,10
GAS,BAD,UNCERTAINTY_AWARE_UCB_009,Uncertainty-Aware UCB-VAE — vae_019 + ucb_009,45,9,train,0.012914016300000003,1326.3182199999978,132.6318219999998,9.842123034106365,28.169813822930735,0.40625934167573907,57.20482317371023,38
GAS,BAD,UNCERTAINTY_AWARE_UCB_009,Uncertainty-Aware UCB-VAE — vae_019 + ucb_009,45,9,test,0.012914016300000003,-47.73216000000002,-4.773216000000002,-2.437210404337986,31.561332623498966,0.016381934230428462,28.48433366246519,10
GAS,BAD,UNCERTAINTY_AWARE_UCB_009,Uncertainty-Aware UCB-VAE — vae_019 + ucb_009,45,10,train,0.011622614670000002,1580.7588899999978,158.0758889999998,11.117138810800743,28.66750585268147,0.4447041041872845,58.69826283586425,40
GAS,BAD,UNCERTAINTY_AWARE_UCB_009,Uncertainty-Aware UCB-VAE — vae_019 + ucb_009,45,10,test,0.011622614670000002,-47.73216000000002,-4.773216000000002,-2.437210404337986,31.561332623498966,0.016381934230428462,28.48433366246519,10
GAS,BAD,UNCERTAINTY_AWARE_UCB_009,Uncertainty-Aware UCB-VAE — vae_019 + ucb_009,45,11,train,0.010460353203000003,1582.7529599999975,158.27529599999974,11.126681697948815,28.64549658751731,0.44512521175856323,58.69112329124363,40
GAS,BAD,UNCERTAINTY_AWARE_UCB_009,Uncertainty-Aware UCB-VAE — vae_019 + ucb_009,45,11,test,0.010460353203000003,-47.73216000000002,-4.773216000000002,-2.437210404337986,31.561332623498966,0.016381934230428462,28.48433366246519,10
GAS,BAD,UNCERTAINTY_AWARE_UCB_009,Uncertainty-Aware UCB-VAE — vae_019 + ucb_009,45,12,train,0.01,1582.7529999999983,158.27529999999982,11.126681889308454,28.66661859045986,0.4450036028113122,58.72343946774332,40
GAS,BAD,UNCERTAINTY_AWARE_UCB_009,Uncertainty-Aware UCB-VAE — vae_019 + ucb_009,45,12,test,0.01,-47.73216000000002,-4.773216000000002,-2.437210404337986,31.561332623498966,0.016381934230428462,28.48433366246519,10
GAS,BAD,UNCERTAINTY_AWARE_UCB_009,Uncertainty-Aware UCB-VAE — vae_019 + ucb_009,45,13,train,0.01,1582.4041099999981,158.24041099999982,11.125012702599335,28.70605932811972,0.4447531407484538,56.902868562516595,40
GAS,BAD,UNCERTAINTY_AWARE_UCB_009,Uncertainty-Aware UCB-VAE — vae_019 + ucb_009,45,13,test,0.01,-47.73216000000002,-4.773216000000002,-2.437210404337986,31.561332623498966,0.016381934230428462,28.48433366246519,10
GAS,BAD,UNCERTAINTY_AWARE_UCB_009,Uncertainty-Aware UCB-VAE — vae_019 + ucb_009,45,14,train,0.01,1583.0310699999977,158.30310699999976,11.12801210994585,28.66904364414883,0.4450552062002392,56.934298794199364,40
GAS,BAD,UNCERTAINTY_AWARE_UCB_009,Uncertainty-Aware UCB-VAE — vae_019 + ucb_009,45,14,test,0.01,-47.73216000000002,-4.773216000000002,-2.437210404337986,31.561332623498966,0.016381934230428462,28.48433366246519,10
GAS,BAD,UNCERTAINTY_AWARE_UCB_009,Uncertainty-Aware UCB-VAE — vae_019 + ucb_009,45,15,train,0.01,1582.517199999998,158.25171999999978,11.125553778538833,28.682838182924154,0.44490019936507497,56.82690239054396,40
GAS,BAD,UNCERTAINTY_AWARE_UCB_009,Uncertainty-Aware UCB-VAE — vae_019 + ucb_009,45,15,test,0.01,-47.73216000000002,-4.773216000000002,-2.437210404337986,31.561332623498966,0.016381934230428462,28.48433366246519,10
GAS,BAD,UNCERTAINTY_AWARE_UCB_009,Uncertainty-Aware UCB-VAE — vae_019 + ucb_009,45,16,train,0.01,1550.4120699999985,155.04120699999987,10.971095353069526,28.42417021916921,0.44140865226362025,56.46411296074895,40
GAS,BAD,UNCERTAINTY_AWARE_UCB_009,Uncertainty-Aware UCB-VAE — vae_019 + ucb_009,45,16,test,0.01,-47.73216000000002,-4.773216000000002,-2.437210404337986,31.561332623498966,0.016381934230428462,28.48433366246519,10
GAS,BAD,UNCERTAINTY_AWARE_UCB_009,Uncertainty-Aware UCB-VAE — vae_019 + ucb_009,45,17,train,0.01,1532.7891999999993,153.2789199999999,10.885575215282618,28.60944206021829,0.43768396217806965,56.593320076680044,40
GAS,BAD,UNCERTAINTY_AWARE_UCB_009,Uncertainty-Aware UCB-VAE — vae_019 + ucb_009,45,17,test,0.01,-47.73216000000002,-4.773216000000002,-2.437210404337986,31.561332623498966,0.016381934230428462,28.48433366246519,10
GAS,BAD,UNCERTAINTY_AWARE_UCB_009,Uncertainty-Aware UCB-VAE — vae_019 + ucb_009,45,18,train,0.01,1532.1678399999992,153.2167839999999,10.882550242270073,28.61745609233012,0.4375453576819653,56.603354595127755,40
GAS,BAD,UNCERTAINTY_AWARE_UCB_009,Uncertainty-Aware UCB-VAE — vae_019 + ucb_009,45,18,test,0.01,-47.73216000000002,-4.773216000000002,-2.437210404337986,31.561332623498966,0.016381934230428462,28.48433366246519,10
GAS,BAD,UNCERTAINTY_AWARE_UCB_009,Uncertainty-Aware UCB-VAE — vae_019 + ucb_009,45,19,train,0.01,688.4551399999991,68.84551399999991,5.997086172156307,27.24149713392596,0.27874522163471444,56.337529611716505,38
GAS,BAD,UNCERTAINTY_AWARE_UCB_009,Uncertainty-Aware UCB-VAE — vae_019 + ucb_009,45,19,test,0.01,-47.73216000000002,-4.773216000000002,-2.437210404337986,31.561332623498966,0.016381934230428462,28.48433366246519,10
GAS,BAD,UNCERTAINTY_AWARE_UCB_009,Uncertainty-Aware UCB-VAE — vae_019 + ucb_009,45,20,train,0.01,697.5378699999987,69.75378699999987,6.060333138357632,27.086130515704582,0.28101124425799073,56.97079369736409,38
GAS,BAD,UNCERTAINTY_AWARE_UCB_009,Uncertainty-Aware UCB-VAE — vae_019 + ucb_009,45,20,test,0.01,-47.73216000000002,-4.773216000000002,-2.437210404337986,31.561332623498966,0.016381934230428462,28.48433366246519,10
GAS,BAD,UNCERTAINTY_AWARE_UCB_009,Uncertainty-Aware UCB-VAE — vae_019 + ucb_009,45,21,train,0.01,681.6017499999994,68.16017499999994,5.94916257700937,27.286420156057577,0.2770671573841565,56.51169642320026,38
GAS,BAD,UNCERTAINTY_AWARE_UCB_009,Uncertainty-Aware UCB-VAE — vae_019 + ucb_009,45,21,test,0.01,-47.73216000000002,-4.773216000000002,-2.437210404337986,31.561332623498966,0.016381934230428462,28.48433366246519,10
GAS,BAD,UNCERTAINTY_AWARE_UCB_009,Uncertainty-Aware UCB-VAE — vae_019 + ucb_009,45,22,train,0.01,683.966619999999,68.39666199999989,5.965718951131449,27.346023646318056,0.2776243974250736,56.284769433134684,38
GAS,BAD,UNCERTAINTY_AWARE_UCB_009,Uncertainty-Aware UCB-VAE — vae_019 + ucb_009,45,22,test,0.01,-47.73216000000002,-4.773216000000002,-2.437210404337986,31.561332623498966,0.016381934230428462,28.48433366246519,10
GAS,BAD,UNCERTAINTY_AWARE_UCB_009,Uncertainty-Aware UCB-VAE — vae_019 + ucb_009,45,23,train,0.01,679.8582099999987,67.98582099999987,5.936942854595295,27.430671167776755,0.2766140467008511,56.45095238820075,38
GAS,BAD,UNCERTAINTY_AWARE_UCB_009,Uncertainty-Aware UCB-VAE — vae_019 + ucb_009,45,23,test,0.01,-47.73216000000002,-4.773216000000002,-2.437210404337986,31.561332623498966,0.016381934230428462,28.48433366246519,10
GAS,BAD,UNCERTAINTY_AWARE_UCB_009,Uncertainty-Aware UCB-VAE — vae_019 + ucb_009,45,24,train,0.01,641.8421299999986,64.18421299999987,5.667661939030366,27.36726464404499,0.26725437820201325,56.79551661565757,38
GAS,BAD,UNCERTAINTY_AWARE_UCB_009,Uncertainty-Aware UCB-VAE — vae_019 + ucb_009,45,24,test,0.01,-47.73216000000002,-4.773216000000002,-2.437210404337986,31.561332623498966,0.016381934230428462,28.48433366246519,10
GAS,BAD,UNCERTAINTY_AWARE_UCB_009,Uncertainty-Aware UCB-VAE — vae_019 + ucb_009,45,25,train,0.01,638.6696199999988,63.86696199999987,5.644940188644965,27.371619293428118,0.2664656583244688,56.872716735019814,38
GAS,BAD,UNCERTAINTY_AWARE_UCB_009,Uncertainty-Aware UCB-VAE — vae_019 + ucb_009,45,25,test,0.01,-47.73216000000002,-4.773216000000002,-2.437210404337986,31.561332623498966,0.016381934230428462,28.48433366246519,10
GAS,BAD,UNCERTAINTY_AWARE_UCB_009,Uncertainty-Aware UCB-VAE — vae_019 + ucb_009,45,26,train,0.01,630.997739999998,63.0997739999998,5.589831601485273,27.498774306043593,0.2645935088254133,57.03587207191977,38
GAS,BAD,UNCERTAINTY_AWARE_UCB_009,Uncertainty-Aware UCB-VAE — vae_019 + ucb_009,45,26,test,0.01,-47.73216000000002,-4.773216000000002,-2.437210404337986,31.561332623498966,0.016381934230428462,28.48433366246519,10
GAS,BAD,UNCERTAINTY_AWARE_UCB_009,Uncertainty-Aware UCB-VAE — vae_019 + ucb_009,45,27,train,0.01,419.5228199999997,41.95228199999997,3.971973468719381,26.761711555787247,0.2061931368381175,56.13340169119707,38
GAS,BAD,UNCERTAINTY_AWARE_UCB_009,Uncertainty-Aware UCB-VAE — vae_019 + ucb_009,45,27,test,0.01,-47.73216000000002,-4.773216000000002,-2.437210404337986,31.561332623498966,0.016381934230428462,28.48433366246519,10
GAS,BAD,UNCERTAINTY_AWARE_UCB_009,Uncertainty-Aware UCB-VAE — vae_019 + ucb_009,45,28,train,0.01,1580.6022099999986,158.06022099999984,11.116388720155301,28.906948903655355,0.44339692894496907,56.83131043086198,40
GAS,BAD,UNCERTAINTY_AWARE_UCB_009,Uncertainty-Aware UCB-VAE — vae_019 + ucb_009,45,28,test,0.01,-47.73216000000002,-4.773216000000002,-2.437210404337986,31.561332623498966,0.016381934230428462,28.48433366246519,10
GAS,BAD,UNCERTAINTY_AWARE_UCB_009,Uncertainty-Aware UCB-VAE — vae_019 + ucb_009,45,29,train,0.01,1560.5192399999983,156.05192399999984,11.019906645561473,28.67018569816382,0.44161669185396163,56.34514890765063,40
GAS,BAD,UNCERTAINTY_AWARE_UCB_009,Uncertainty-Aware UCB-VAE — vae_019 + ucb_009,45,29,test,0.01,-47.73216000000002,-4.773216000000002,-2.437210404337986,31.561332623498966,0.016381934230428462,28.48433366246519,10
GAS,BAD,UNCERTAINTY_AWARE_UCB_009,Uncertainty-Aware UCB-VAE — vae_019 + ucb_009,45,30,train,0.01,1540.2570899999996,154.02570899999998,10.921879709136073,28.670865282585172,0.43850539932783766,56.356323978471465,40
GAS,BAD,UNCERTAINTY_AWARE_UCB_009,Uncertainty-Aware UCB-VAE — vae_019 + ucb_009,45,30,test,0.01,-47.73216000000002,-4.773216000000002,-2.437210404337986,31.561332623498966,0.016381934230428462,28.48433366246519,10
GAS,BAD,UNCERTAINTY_AWARE_UCB_009,Uncertainty-Aware UCB-VAE — vae_019 + ucb_009,45,31,train,0.01,1582.968849999998,158.29688499999978,11.127714475342021,28.858788579163253,0.4440086464956837,56.77710766328522,40
GAS,BAD,UNCERTAINTY_AWARE_UCB_009,Uncertainty-Aware UCB-VAE — vae_019 + ucb_009,45,31,test,0.01,-47.73216000000002,-4.773216000000002,-2.437210404337986,31.561332623498966,0.016381934230428462,28.48433366246519,10
GAS,BAD,UNCERTAINTY_AWARE_UCB_009,Uncertainty-Aware UCB-VAE — vae_019 + ucb_009,45,32,train,0.01,1725.9528599999976,172.59528599999976,11.795435292525248,28.630767692693514,0.46636856806717863,56.40164782939713,40
GAS,BAD,UNCERTAINTY_AWARE_UCB_009,Uncertainty-Aware UCB-VAE — vae_019 + ucb_009,45,32,test,0.01,-47.73216000000002,-4.773216000000002,-2.437210404337986,31.561332623498966,0.016381934230428462,28.48433366246519,10
GAS,BAD,UNCERTAINTY_AWARE_UCB_009,Uncertainty-Aware UCB-VAE — vae_019 + ucb_009,45,33,train,0.01,1726.598909999997,172.6598909999997,11.798380941380394,28.84193836760776,0.4651615662030221,56.86799577760296,40
GAS,BAD,UNCERTAINTY_AWARE_UCB_009,Uncertainty-Aware UCB-VAE — vae_019 + ucb_009,45,33,test,0.01,-47.73216000000002,-4.773216000000002,-2.437210404337986,31.561332623498966,0.016381934230428462,28.48433366246519,10
GAS,BAD,UNCERTAINTY_AWARE_UCB_009,Uncertainty-Aware UCB-VAE — vae_019 + ucb_009,45,34,train,0.01,1728.2094299999972,172.82094299999972,11.80572136724356,28.794802181351653,0.4656833949477847,56.8433903342638,40
GAS,BAD,UNCERTAINTY_AWARE_UCB_009,Uncertainty-Aware UCB-VAE — vae_019 + ucb_009,45,34,test,0.01,-47.73216000000002,-4.773216000000002,-2.437210404337986,31.561332623498966,0.016381934230428462,28.48433366246519,10
GAS,BAD,UNCERTAINTY_AWARE_UCB_009,Uncertainty-Aware UCB-VAE — vae_019 + ucb_009,45,35,train,0.01,1727.084539999997,172.7084539999997,11.800594750859839,28.808262267555186,0.46543979730541496,56.8605741040584,40
GAS,BAD,UNCERTAINTY_AWARE_UCB_009,Uncertainty-Aware UCB-VAE — vae_019 + ucb_009,45,35,test,0.01,-47.73216000000002,-4.773216000000002,-2.437210404337986,31.561332623498966,0.016381934230428462,28.48433366246519,10
GAS,BAD,UNCERTAINTY_AWARE_UCB_009,Uncertainty-Aware UCB-VAE — vae_019 + ucb_009,45,36,train,0.01,1786.896379999997,178.6896379999997,12.070612193154084,28.890760306716622,0.4733509209097555,56.887409517981204,40
GAS,BAD,UNCERTAINTY_AWARE_UCB_009,Uncertainty-Aware UCB-VAE — vae_019 + ucb_009,45,36,test,0.01,-47.73216000000002,-4.773216000000002,-2.437210404337986,31.561332623498966,0.016381934230428462,28.48433366246519,10
GAS,BAD,UNCERTAINTY_AWARE_UCB_009,Uncertainty-Aware UCB-VAE — vae_019 + ucb_009,45,37,train,0.01,1625.221209999997,162.5221209999997,11.328379977531778,28.807252653265454,0.4506158583731043,56.800678480452596,40
GAS,BAD,UNCERTAINTY_AWARE_UCB_009,Uncertainty-Aware UCB-VAE — vae_019 + ucb_009,45,37,test,0.01,-47.73216000000002,-4.773216000000002,-2.437210404337986,31.561332623498966,0.016381934230428462,28.48433366246519,10
GAS,BAD,UNCERTAINTY_AWARE_UCB_009,Uncertainty-Aware UCB-VAE — vae_019 + ucb_009,45,38,train,0.01,647.1933299999989,64.71933299999989,5.70589935371264,26.792396475294794,0.2685133453749336,57.05953394796115,38
GAS,BAD,UNCERTAINTY_AWARE_UCB_009,Uncertainty-Aware UCB-VAE — vae_019 + ucb_009,45,38,test,0.01,-47.73216000000002,-4.773216000000002,-2.437210404337986,31.561332623498966,0.016381934230428462,28.48433366246519,10
GAS,BAD,UNCERTAINTY_AWARE_UCB_009,Uncertainty-Aware UCB-VAE — vae_019 + ucb_009,45,39,train,0.01,741.8887399999987,74.18887399999987,6.3649127664848315,27.434017691635315,0.29141123567748217,56.624064300347534,40
GAS,BAD,UNCERTAINTY_AWARE_UCB_009,Uncertainty-Aware UCB-VAE — vae_019 + ucb_009,45,39,test,0.01,-47.73216000000002,-4.773216000000002,-2.437210404337986,31.561332623498966,0.016381934230428462,28.48433366246519,10
GAS,BAD,UNCERTAINTY_AWARE_UCB_009,Uncertainty-Aware UCB-VAE — vae_019 + ucb_009,45,40,train,0.01,742.040419999998,74.2040419999998,6.365942546220649,27.45161499716889,0.29142859542347543,56.69101622668728,39
GAS,BAD,UNCERTAINTY_AWARE_UCB_009,Uncertainty-Aware UCB-VAE — vae_019 + ucb_009,45,40,test,0.01,-47.73216000000002,-4.773216000000002,-2.437210404337986,31.561332623498966,0.016381934230428462,28.48433366246519,10
GAS,BAD,UNCERTAINTY_AWARE_UCB_009,Uncertainty-Aware UCB-VAE — vae_019 + ucb_009,45,41,train,0.01,1612.997309999998,161.29973099999978,11.270622925194207,28.755375433258852,0.44908565289630425,56.656248458594405,40
GAS,BAD,UNCERTAINTY_AWARE_UCB_009,Uncertainty-Aware UCB-VAE — vae_019 + ucb_009,45,41,test,0.01,-47.73216000000002,-4.773216000000002,-2.437210404337986,31.561332623498966,0.016381934230428462,28.48433366246519,10
GAS,BAD,UNCERTAINTY_AWARE_UCB_009,Uncertainty-Aware UCB-VAE — vae_019 + ucb_009,45,42,train,0.01,946.1862099999994,94.61862099999993,7.684601923828138,27.710576554775535,0.3361229829884756,56.63690349705085,40
GAS,BAD,UNCERTAINTY_AWARE_UCB_009,Uncertainty-Aware UCB-VAE — vae_019 + ucb_009,45,42,test,0.01,-47.73216000000002,-4.773216000000002,-2.437210404337986,31.561332623498966,0.016381934230428462,28.48433366246519,10
GAS,BAD,UNCERTAINTY_AWARE_UCB_009,Uncertainty-Aware UCB-VAE — vae_019 + ucb_009,45,43,train,0.01,1625.0827699999982,162.50827699999982,11.327727197885729,28.659305122079342,0.45142912482611586,56.4655727716931,40
GAS,BAD,UNCERTAINTY_AWARE_UCB_009,Uncertainty-Aware UCB-VAE — vae_019 + ucb_009,45,43,test,0.01,-47.73216000000002,-4.773216000000002,-2.437210404337986,31.561332623498966,0.016381934230428462,28.48433366246519,10
GAS,BAD,UNCERTAINTY_AWARE_UCB_009,Uncertainty-Aware UCB-VAE — vae_019 + ucb_009,45,44,train,0.01,918.4886199999983,91.84886199999983,7.513115841273765,27.723559045521444,0.330324453701459,56.23228672240879,40
GAS,BAD,UNCERTAINTY_AWARE_UCB_009,Uncertainty-Aware UCB-VAE — vae_019 + ucb_009,45,44,test,0.01,-47.73216000000002,-4.773216000000002,-2.437210404337986,31.561332623498966,0.016381934230428462,28.48433366246519,10
GAS,BAD,UNCERTAINTY_AWARE_UCB_009,Uncertainty-Aware UCB-VAE — vae_019 + ucb_009,45,45,train,0.01,1785.2266799999975,178.52266799999973,12.063144613185095,28.697891117066753,0.4743655007186912,56.59817991045328,40
GAS,BAD,UNCERTAINTY_AWARE_UCB_009,Uncertainty-Aware UCB-VAE — vae_019 + ucb_009,45,45,test,0.01,-47.73216000000002,-4.773216000000002,-2.437210404337986,31.561332623498966,0.016381934230428462,28.48433366246519,10
GAS,BAD,UNCERTAINTY_AWARE_UCB_009,Uncertainty-Aware UCB-VAE — vae_019 + ucb_009,46,1,train,0.03,-408.8795499999999,-40.887954999999984,-5.67793751550184,7.131166043579635,-1.071224392724819,48.49498885614744,2
GAS,BAD,UNCERTAINTY_AWARE_UCB_009,Uncertainty-Aware UCB-VAE — vae_019 + ucb_009,46,1,test,0.03,80.53617000000031,8.053617000000031,3.9849912789648334,8.081863389071636,0.2776720099314652,7.995711790518689,0
GAS,BAD,UNCERTAINTY_AWARE_UCB_009,Uncertainty-Aware UCB-VAE — vae_019 + ucb_009,46,2,train,0.027,-412.69541000000004,-41.269541000000004,-5.745831886739428,7.1763314576704635,-1.0741526364561973,48.68165557825257,2
GAS,BAD,UNCERTAINTY_AWARE_UCB_009,Uncertainty-Aware UCB-VAE — vae_019 + ucb_009,46,2,test,0.027,112.01475000000028,11.201475000000027,5.502381216690355,8.273150425133263,0.4488143021963981,7.414726596019413,0
GAS,BAD,UNCERTAINTY_AWARE_UCB_009,Uncertainty-Aware UCB-VAE — vae_019 + ucb_009,46,3,train,0.024300000000000002,-418.0868200000001,-41.808682000000005,-5.842430923799902,7.201970376105277,-1.0844335853036007,49.202977760013844,2
GAS,BAD,UNCERTAINTY_AWARE_UCB_009,Uncertainty-Aware UCB-VAE — vae_019 + ucb_009,46,3,test,0.024300000000000002,130.15691000000015,13.015691000000015,6.367244694389851,8.37531972252308,0.5421475878587434,7.414726596019413,0
GAS,BAD,UNCERTAINTY_AWARE_UCB_009,Uncertainty-Aware UCB-VAE — vae_019 + ucb_009,46,4,train,0.02187,-436.17254000000014,-43.61725400000002,-6.17239265163051,7.303453753707075,-1.116839605998891,51.02822188375738,2
GAS,BAD,UNCERTAINTY_AWARE_UCB_009,Uncertainty-Aware UCB-VAE — vae_019 + ucb_009,46,4,test,0.02187,119.50898000000007,11.950898000000008,5.860483483558676,8.854319081580844,0.46339356208145116,7.490308566309767,0
GAS,BAD,UNCERTAINTY_AWARE_UCB_009,Uncertainty-Aware UCB-VAE — vae_019 + ucb_009,46,5,train,0.019683,-459.18218000000047,-45.91821800000005,-6.60606297423858,7.251267968379173,-1.1897886107202569,52.41436981932506,2
GAS,BAD,UNCERTAINTY_AWARE_UCB_009,Uncertainty-Aware UCB-VAE — vae_019 + ucb_009,46,5,test,0.019683,122.40189999999984,12.240189999999984,5.99840010093029,8.879215811167114,0.47705005120505034,7.28627419497757,0
GAS,BAD,UNCERTAINTY_AWARE_UCB_009,Uncertainty-Aware UCB-VAE — vae_019 + ucb_009,46,6,train,0.0177147,-467.9426700000005,-46.79426700000005,-6.775496033600204,7.29972315146478,-1.2064925491291978,53.26141675392007,2
GAS,BAD,UNCERTAINTY_AWARE_UCB_009,Uncertainty-Aware UCB-VAE — vae_019 + ucb_009,46,6,test,0.0177147,188.01660999999967,18.801660999999967,9.080502737719831,9.67804880996363,0.7423232430473906,7.62884477289721,0
GAS,BAD,UNCERTAINTY_AWARE_UCB_009,Uncertainty-Aware UCB-VAE — vae_019 + ucb_009,46,7,train,0.015943230000000003,-469.35168000000056,-46.935168000000054,-6.8029782810591355,7.291060492479162,-1.212095393612817,53.532119168920666,2
GAS,BAD,UNCERTAINTY_AWARE_UCB_009,Uncertainty-Aware UCB-VAE — vae_019 + ucb_009,46,7,test,0.015943230000000003,190.34145000000035,19.034145000000034,9.188139081951153,9.96588491345958,0.7336541658497463,8.376937667072411,0
GAS,BAD,UNCERTAINTY_AWARE_UCB_009,Uncertainty-Aware UCB-VAE — vae_019 + ucb_009,46,8,train,0.014348907000000001,-446.3033000000005,-44.63033000000005,-6.361354794289243,7.3661543694841916,-1.1342875143939366,52.81494195671971,2
GAS,BAD,UNCERTAINTY_AWARE_UCB_009,Uncertainty-Aware UCB-VAE — vae_019 + ucb_009,46,8,test,0.014348907000000001,173.70000000000027,17.370000000000026,8.415353615825438,10.219338214773678,0.6482401090161347,9.560096387286967,0
GAS,BAD,UNCERTAINTY_AWARE_UCB_009,Uncertainty-Aware UCB-VAE — vae_019 + ucb_009,46,9,train,0.012914016300000003,-446.5263000000002,-44.65263000000002,-6.365548719142488,7.36089891453874,-1.135765398317484,52.89376523548336,2
GAS,BAD,UNCERTAINTY_AWARE_UCB_009,Uncertainty-Aware UCB-VAE — vae_019 + ucb_009,46,9,test,0.012914016300000003,197.47905000000037,19.74790500000004,9.517949238183277,10.458411360948396,0.7328601823211189,10.241070984724182,0
GAS,BAD,UNCERTAINTY_AWARE_UCB_009,Uncertainty-Aware UCB-VAE — vae_019 + ucb_009,46,10,train,0.011622614670000002,-444.3924400000003,-44.43924400000003,-6.325478979888355,7.452491525299668,-1.1150821838528209,52.854676229401385,3
GAS,BAD,UNCERTAINTY_AWARE_UCB_009,Uncertainty-Aware UCB-VAE — vae_019 + ucb_009,46,10,test,0.011622614670000002,158.92312000000084,15.892312000000084,7.724590412632737,11.98948358552747,0.5154153187740186,15.361225968613645,0
GAS,BAD,UNCERTAINTY_AWARE_UCB_009,Uncertainty-Aware UCB-VAE — vae_019 + ucb_009,46,11,train,0.010460353203000003,-458.78777000000014,-45.878777000000014,-6.598492383899934,7.749125854359519,-1.1075105990766831,54.67337400816435,3
GAS,BAD,UNCERTAINTY_AWARE_UCB_009,Uncertainty-Aware UCB-VAE — vae_019 + ucb_009,46,11,test,0.010460353203000003,159.76305000000093,15.976305000000094,7.763970530817232,11.872304131069416,0.5224005967186715,14.648033879824435,0
GAS,BAD,UNCERTAINTY_AWARE_UCB_009,Uncertainty-Aware UCB-VAE — vae_019 + ucb_009,46,12,train,0.01,-446.4354000000005,-44.64354000000005,-6.363838996280647,7.675130732373267,-1.085960750285269,54.139174264119404,2
GAS,BAD,UNCERTAINTY_AWARE_UCB_009,Uncertainty-Aware UCB-VAE — vae_019 + ucb_009,46,12,test,0.01,174.7084300000006,17.47084300000006,8.462336392898461,12.084581073705253,0.5689639133989899,14.871430856256676,0
GAS,BAD,UNCERTAINTY_AWARE_UCB_009,Uncertainty-Aware UCB-VAE — vae_019 + ucb_009,46,13,train,0.01,-492.0217399999999,-49.20217399999999,-7.25430950377659,8.125458907613401,-1.1399841044534564,57.33767386780409,2
GAS,BAD,UNCERTAINTY_AWARE_UCB_009,Uncertainty-Aware UCB-VAE — vae_019 + ucb_009,46,13,test,0.01,102.23105000000032,10.223105000000032,5.033074998096776,12.391097161360918,0.29780725245017625,15.663390351883832,0
GAS,BAD,UNCERTAINTY_AWARE_UCB_009,Uncertainty-Aware UCB-VAE — vae_019 + ucb_009,46,14,train,0.01,-491.0743100000002,-49.10743100000002,-7.235092268872312,8.239984304447635,-1.120444160838038,57.267260729871964,2
GAS,BAD,UNCERTAINTY_AWARE_UCB_009,Uncertainty-Aware UCB-VAE — vae_019 + ucb_009,46,14,test,0.01,112.14491000000044,11.214491000000043,5.508610933695701,12.416409552177491,0.3339294371988603,15.295336329000614,0
GAS,BAD,UNCERTAINTY_AWARE_UCB_009,Uncertainty-Aware UCB-VAE — vae_019 + ucb_009,46,15,train,0.01,-477.1030599999999,-47.71030599999999,-6.955336298975645,8.50559208238834,-1.0471365744543029,56.339220018083616,2
GAS,BAD,UNCERTAINTY_AWARE_UCB_009,Uncertainty-Aware UCB-VAE — vae_019 + ucb_009,46,15,test,0.01,126.90108999999984,12.690108999999982,6.212544264043296,13.744161856870615,0.3626339148373624,16.240045668661026,0
GAS,BAD,UNCERTAINTY_AWARE_UCB_009,Uncertainty-Aware UCB-VAE — vae_019 + ucb_009,46,16,train,0.01,-438.58902999999987,-43.85890299999999,-6.2171900616368125,8.426316210447274,-0.9632575860022239,55.06822937696052,2
GAS,BAD,UNCERTAINTY_AWARE_UCB_009,Uncertainty-Aware UCB-VAE — vae_019 + ucb_009,46,16,test,0.01,84.53620999999976,8.453620999999975,4.17901265218148,15.002773164839475,0.214842892125226,18.515867555550763,0
GAS,BAD,UNCERTAINTY_AWARE_UCB_009,Uncertainty-Aware UCB-VAE — vae_019 + ucb_009,46,17,train,0.01,-445.43866,-44.543866,-6.345107832380126,8.923820404094148,-0.9200913191650203,56.9505358836386,2
GAS,BAD,UNCERTAINTY_AWARE_UCB_009,Uncertainty-Aware UCB-VAE — vae_019 + ucb_009,46,17,test,0.01,109.14015999999992,10.914015999999991,5.364705388154123,15.16913198479134,0.2889526269414807,18.41913123949285,0
GAS,BAD,UNCERTAINTY_AWARE_UCB_009,Uncertainty-Aware UCB-VAE — vae_019 + ucb_009,46,18,train,0.01,-473.4848599999998,-47.34848599999998,-6.883970349477497,8.991833834002765,-0.9771685405264506,58.48297258565876,2
GAS,BAD,UNCERTAINTY_AWARE_UCB_009,Uncertainty-Aware UCB-VAE — vae_019 + ucb_009,46,18,test,0.01,140.13306000000057,14.013306000000055,6.839891927585673,15.367406578166545,0.3779287441086295,17.796270006759034,0
GAS,BAD,UNCERTAINTY_AWARE_UCB_009,Uncertainty-Aware UCB-VAE — vae_019 + ucb_009,46,19,train,0.01,-443.3553399999997,-44.335533999999974,-6.306053630786379,9.184540254883563,-0.8868205789801592,57.65338003905514,2
GAS,BAD,UNCERTAINTY_AWARE_UCB_009,Uncertainty-Aware UCB-VAE — vae_019 + ucb_009,46,19,test,0.01,126.2131600000007,12.621316000000068,6.179828910286611,15.614428397291405,0.33458249481228247,18.511906252696438,0
GAS,BAD,UNCERTAINTY_AWARE_UCB_009,Uncertainty-Aware UCB-VAE — vae_019 + ucb_009,46,20,train,0.01,-399.6988600000003,-39.96988600000003,-5.516170959460953,9.160734625445144,-0.7970673552876114,56.09183365896316,2
GAS,BAD,UNCERTAINTY_AWARE_UCB_009,Uncertainty-Aware UCB-VAE — vae_019 + ucb_009,46,20,test,0.01,79.50593000000049,7.950593000000048,3.934962023026878,16.681660779529984,0.19544137740839404,20.521234254367755,1
GAS,BAD,UNCERTAINTY_AWARE_UCB_009,Uncertainty-Aware UCB-VAE — vae_019 + ucb_009,46,21,train,0.01,-391.5391800000008,-39.153918000000075,-5.374230148385218,9.154653967096026,-0.7811116922450784,55.71522163571666,2
GAS,BAD,UNCERTAINTY_AWARE_UCB_009,Uncertainty-Aware UCB-VAE — vae_019 + ucb_009,46,21,test,0.01,79.13033000000019,7.913033000000018,3.9167167102070355,17.326592202187683,0.19336553843394763,20.58453001167806,1
GAS,BAD,UNCERTAINTY_AWARE_UCB_009,Uncertainty-Aware UCB-VAE — vae_019 + ucb_009,46,22,train,0.01,-382.7192400000008,-38.27192400000008,-5.222694087732494,9.225837633270997,-0.7568631114636153,55.67897014956086,2
GAS,BAD,UNCERTAINTY_AWARE_UCB_009,Uncertainty-Aware UCB-VAE — vae_019 + ucb_009,46,22,test,0.01,58.56697000000054,5.856697000000054,2.9129740153713835,18.734040655746302,0.1405532375169515,22.954686680557028,2
GAS,BAD,UNCERTAINTY_AWARE_UCB_009,Uncertainty-Aware UCB-VAE — vae_019 + ucb_009,46,23,train,0.01,-380.6851300000011,-38.06851300000011,-5.188019144576373,9.441127775481709,-0.7335898940245201,55.69831634711145,2
GAS,BAD,UNCERTAINTY_AWARE_UCB_009,Uncertainty-Aware UCB-VAE — vae_019 + ucb_009,46,23,test,0.01,31.547490000000153,3.154749000000015,1.579288326226247,18.328140077923443,0.06839055677467559,23.646081550499808,2
GAS,BAD,UNCERTAINTY_AWARE_UCB_009,Uncertainty-Aware UCB-VAE — vae_019 + ucb_009,46,24,train,0.01,-360.293050000001,-36.0293050000001,-4.845884754886532,9.599556287492831,-0.6820732645792132,55.82530496545329,2
GAS,BAD,UNCERTAINTY_AWARE_UCB_009,Uncertainty-Aware UCB-VAE — vae_019 + ucb_009,46,24,test,0.01,54.1861200000003,5.418612000000031,2.697890157079219,20.040265204496535,0.13357609864845374,25.250764806266286,3
GAS,BAD,UNCERTAINTY_AWARE_UCB_009,Uncertainty-Aware UCB-VAE — vae_019 + ucb_009,46,25,train,0.01,-392.9934500000004,-39.29934500000004,-5.3994033495483045,10.04445970015802,-0.7060467052842264,57.236699896595965,2
GAS,BAD,UNCERTAINTY_AWARE_UCB_009,Uncertainty-Aware UCB-VAE — vae_019 + ucb_009,46,25,test,0.01,35.95829000000026,3.595829000000026,1.7981781724268897,20.395052077032116,0.09157058033691251,26.655227851588066,3
GAS,BAD,UNCERTAINTY_AWARE_UCB_009,Uncertainty-Aware UCB-VAE — vae_019 + ucb_009,46,26,train,0.01,-378.79088000000013,-37.87908800000001,-5.155819263376404,10.253670864694394,-0.66428652487389,55.490534595364316,2
GAS,BAD,UNCERTAINTY_AWARE_UCB_009,Uncertainty-Aware UCB-VAE — vae_019 + ucb_009,46,26,test,0.01,34.70683000000031,3.470683000000031,1.736120367827243,20.942211215180855,0.09161860898555282,27.344906242951545,5
GAS,BAD,UNCERTAINTY_AWARE_UCB_009,Uncertainty-Aware UCB-VAE — vae_019 + ucb_009,46,27,train,0.01,-363.4983600000013,-36.34983600000013,-4.89901483073284,10.225940349300142,-0.6397100727230449,54.07565978359824,3
GAS,BAD,UNCERTAINTY_AWARE_UCB_009,Uncertainty-Aware UCB-VAE — vae_019 + ucb_009,46,27,test,0.01,32.288980000000265,3.2288980000000267,1.6161178050556169,21.15734242912687,0.08733387223107521,27.428920722347844,5
GAS,BAD,UNCERTAINTY_AWARE_UCB_009,Uncertainty-Aware UCB-VAE — vae_019 + ucb_009,46,28,train,0.01,-333.4718300000012,-33.34718300000012,-4.410350152025789,10.356302664942687,-0.5804882210956757,53.58772690159937,3
GAS,BAD,UNCERTAINTY_AWARE_UCB_009,Uncertainty-Aware UCB-VAE — vae_019 + ucb_009,46,28,test,0.01,-26.587480000000255,-2.6587480000000254,-1.35026353566291,22.741722720317984,-0.033813875215819106,32.62742776849724,6
GAS,BAD,UNCERTAINTY_AWARE_UCB_009,Uncertainty-Aware UCB-VAE — vae_019 + ucb_009,46,29,train,0.01,-316.07602000000065,-31.607602000000067,-4.136124929062168,10.282912707930459,-0.5572895029421112,52.887433505851476,3
GAS,BAD,UNCERTAINTY_AWARE_UCB_009,Uncertainty-Aware UCB-VAE — vae_019 + ucb_009,46,29,test,0.01,-22.85921000000019,-2.2859210000000187,-1.1598286578295092,22.775569407987565,-0.024931066882484938,32.62742776849724,6
GAS,BAD,UNCERTAINTY_AWARE_UCB_009,Uncertainty-Aware UCB-VAE — vae_019 + ucb_009,46,30,train,0.01,-380.3771800000012,-38.03771800000012,-5.182778426210866,10.320848332861242,-0.6620979597736247,55.49570039881174,2
GAS,BAD,UNCERTAINTY_AWARE_UCB_009,Uncertainty-Aware UCB-VAE — vae_019 + ucb_009,46,30,test,0.01,-13.10966000000019,-1.310966000000019,-0.6635301321283538,22.372139222931214,-0.007085320311892319,31.909224527541518,5
GAS,BAD,UNCERTAINTY_AWARE_UCB_009,Uncertainty-Aware UCB-VAE — vae_019 + ucb_009,46,31,train,0.01,-389.0479200000009,-38.904792000000086,-5.331230807100351,10.182981433250356,-0.6880081672390868,56.45771328433966,2
GAS,BAD,UNCERTAINTY_AWARE_UCB_009,Uncertainty-Aware UCB-VAE — vae_019 + ucb_009,46,31,test,0.01,2.096039999999334,0.20960399999993343,0.10568804636676976,21.305963742111164,0.017761345213884824,30.34326752785456,4
GAS,BAD,UNCERTAINTY_AWARE_UCB_009,Uncertainty-Aware UCB-VAE — vae_019 + ucb_009,46,32,train,0.01,-515.5173700000004,-51.551737000000045,-7.7413785674315445,11.310155955940354,-0.8382678398500502,67.92995700578508,8
GAS,BAD,UNCERTAINTY_AWARE_UCB_009,Uncertainty-Aware UCB-VAE — vae_019 + ucb_009,46,32,test,0.01,-43.78269000000034,-4.378269000000035,-2.233285624529857,22.340442396358657,-0.07896618870867228,33.019273668052094,5
GAS,BAD,UNCERTAINTY_AWARE_UCB_009,Uncertainty-Aware UCB-VAE — vae_019 + ucb_009,46,33,train,0.01,-315.24049000000036,-31.524049000000037,-4.123110402369123,11.426013981066307,-0.48943143418183044,57.69178418329659,4
GAS,BAD,UNCERTAINTY_AWARE_UCB_009,Uncertainty-Aware UCB-VAE — vae_019 + ucb_009,46,33,test,0.01,-32.08870000000013,-3.208870000000013,-1.6319195681457455,22.539631856114127,-0.04894285274263678,32.69508559481153,5
GAS,BAD,UNCERTAINTY_AWARE_UCB_009,Uncertainty-Aware UCB-VAE — vae_019 + ucb_009,46,34,train,0.01,-306.8696200000005,-30.68696200000005,-3.993495898359911,11.467782537617612,-0.47535128771417506,58.33804754809425,3
GAS,BAD,UNCERTAINTY_AWARE_UCB_009,Uncertainty-Aware UCB-VAE — vae_019 + ucb_009,46,34,test,0.01,-64.90023999999983,-6.490023999999983,-3.328567185212039,23.520381991727294,-0.11132180881469352,32.52334338699053,6
GAS,BAD,UNCERTAINTY_AWARE_UCB_009,Uncertainty-Aware UCB-VAE — vae_019 + ucb_009,46,35,train,0.01,-272.9666200000006,-27.29666200000006,-3.482377849730234,11.331668380341306,-0.43521120684481235,57.67221091261725,3
GAS,BAD,UNCERTAINTY_AWARE_UCB_009,Uncertainty-Aware UCB-VAE — vae_019 + ucb_009,46,35,test,0.01,-90.11801999999977,-9.011801999999976,-4.652695918674077,23.441028180186017,-0.17150859424883386,32.10896753664402,6
GAS,BAD,UNCERTAINTY_AWARE_UCB_009,Uncertainty-Aware UCB-VAE — vae_019 + ucb_009,46,36,train,0.01,-323.14845000000025,-32.31484500000003,-4.246857391073089,11.500632112332253,-0.49672368796173877,60.5005204278451,6
GAS,BAD,UNCERTAINTY_AWARE_UCB_009,Uncertainty-Aware UCB-VAE — vae_019 + ucb_009,46,36,test,0.01,-52.01622000000009,-5.201622000000009,-2.6588856397522953,22.617500195068605,-0.09445173575928308,29.62473827553915,5
GAS,BAD,UNCERTAINTY_AWARE_UCB_009,Uncertainty-Aware UCB-VAE — vae_019 + ucb_009,46,37,train,0.01,-204.69816000000128,-20.469816000000126,-2.5144090438145583,11.329531884101197,-0.3465812433791985,55.80777746732677,3
GAS,BAD,UNCERTAINTY_AWARE_UCB_009,Uncertainty-Aware UCB-VAE — vae_019 + ucb_009,46,37,test,0.01,-55.7270400000001,-5.5727040000000105,-2.851300567390791,22.731475218915474,-0.10157668962556719,30.343198707286916,5
GAS,BAD,UNCERTAINTY_AWARE_UCB_009,Uncertainty-Aware UCB-VAE — vae_019 + ucb_009,46,38,train,0.01,-223.88412000000096,-22.388412000000095,-2.778740765568233,11.291762097186796,-0.3723779081379909,55.69268825631901,3
GAS,BAD,UNCERTAINTY_AWARE_UCB_009,Uncertainty-Aware UCB-VAE — vae_019 + ucb_009,46,38,test,0.01,-58.99766000000011,-5.899766000000011,-3.021200948091074,22.93498043822553,-0.10627866825399043,30.37120470983041,5
GAS,BAD,UNCERTAINTY_AWARE_UCB_009,Uncertainty-Aware UCB-VAE — vae_019 + ucb_009,46,39,train,0.01,-264.25031000000024,-26.425031000000025,-3.3543993211564094,11.767572962452308,-0.4034119496789706,57.74121006768098,4
GAS,BAD,UNCERTAINTY_AWARE_UCB_009,Uncertainty-Aware UCB-VAE — vae_019 + ucb_009,46,39,test,0.01,-72.79003999999998,-7.279003999999997,-3.7409196541580148,24.639174624937564,-0.11257972054791893,33.31117604847576,7
GAS,BAD,UNCERTAINTY_AWARE_UCB_009,Uncertainty-Aware UCB-VAE — vae_019 + ucb_009,46,40,train,0.01,-365.52288000000044,-36.55228800000005,-4.932695219299699,12.909521467103172,-0.4855233952808432,67.07526657578642,4
GAS,BAD,UNCERTAINTY_AWARE_UCB_009,Uncertainty-Aware UCB-VAE — vae_019 + ucb_009,46,40,test,0.01,-76.1653500000001,-7.6165350000000105,-3.9178576771638274,24.515598797052174,-0.12186861924478266,33.30353084849686,7
GAS,BAD,UNCERTAINTY_AWARE_UCB_009,Uncertainty-Aware UCB-VAE — vae_019 + ucb_009,46,41,train,0.01,-368.63400000000047,-36.86340000000005,-4.98463918525196,13.151698038111673,-0.47837563644152964,66.8123360930619,4
GAS,BAD,UNCERTAINTY_AWARE_UCB_009,Uncertainty-Aware UCB-VAE — vae_019 + ucb_009,46,41,test,0.01,-70.86489000000017,-7.086489000000016,-3.6401437693349914,24.084169493572734,-0.1165343241430245,31.008085527051403,6
GAS,BAD,UNCERTAINTY_AWARE_UCB_009,Uncertainty-Aware UCB-VAE — vae_019 + ucb_009,46,42,train,0.01,-379.6420900000006,-37.96420900000006,-5.170277956630354,13.19747754822205,-0.4912009098874933,67.41094039322701,4
GAS,BAD,UNCERTAINTY_AWARE_UCB_009,Uncertainty-Aware UCB-VAE — vae_019 + ucb_009,46,42,test,0.01,-63.713440000000105,-6.37134400000001,-3.2666896637088216,24.190808968400805,-0.0989548317634059,30.901205446100917,6
GAS,BAD,UNCERTAINTY_AWARE_UCB_009,Uncertainty-Aware UCB-VAE — vae_019 + ucb_009,46,43,train,0.01,-417.55504999999937,-41.755504999999935,-5.832867807869723,13.409633766989327,-0.5340375087684813,69.16249721541826,4
GAS,BAD,UNCERTAINTY_AWARE_UCB_009,Uncertainty-Aware UCB-VAE — vae_019 + ucb_009,46,43,test,0.01,-123.22066999999981,-12.322066999999981,-6.418761445924959,24.331146028133684,-0.2334715883723917,31.047554465639436,6
GAS,BAD,UNCERTAINTY_AWARE_UCB_009,Uncertainty-Aware UCB-VAE — vae_019 + ucb_009,46,44,train,0.01,-371.05969000000005,-37.105969,-5.025297133227524,13.811196908403709,-0.4521474015579956,69.07948503693417,6
GAS,BAD,UNCERTAINTY_AWARE_UCB_009,Uncertainty-Aware UCB-VAE — vae_019 + ucb_009,46,44,test,0.01,-125.30261999999982,-12.530261999999981,-6.5309313027127285,24.766622147615223,-0.22993466317155575,30.422865845188685,6
GAS,BAD,UNCERTAINTY_AWARE_UCB_009,Uncertainty-Aware UCB-VAE — vae_019 + ucb_009,46,45,train,0.01,-460.3548599999999,-46.03548599999999,-6.628601262401657,14.142395571800487,-0.5596577140706674,74.16802414649867,5
GAS,BAD,UNCERTAINTY_AWARE_UCB_009,Uncertainty-Aware UCB-VAE — vae_019 + ucb_009,46,45,test,0.01,-125.68379999999922,-12.568379999999923,-6.551482576810363,25.01482941047784,-0.2262095731775227,31.002648821059765,6
GAS,BAD,UNCERTAINTY_AWARE_UCB_009,Uncertainty-Aware UCB-VAE — vae_019 + ucb_009,47,1,train,0.03,389.7665599999998,38.976655999999984,3.727355782714392,21.340861937546148,0.18593110365847787,57.50244876626854,19
GAS,BAD,UNCERTAINTY_AWARE_UCB_009,Uncertainty-Aware UCB-VAE — vae_019 + ucb_009,47,1,test,0.03,-21.572690000000193,-2.1572690000000194,-1.094198575287364,23.961178926027525,-0.009363077139246247,20.824150505802645,4
GAS,BAD,UNCERTAINTY_AWARE_UCB_009,Uncertainty-Aware UCB-VAE — vae_019 + ucb_009,47,2,train,0.027,405.8029299999996,40.58029299999996,3.85975814152959,21.65972838348031,0.19227968676849166,57.043243577943656,21
GAS,BAD,UNCERTAINTY_AWARE_UCB_009,Uncertainty-Aware UCB-VAE — vae_019 + ucb_009,47,2,test,0.027,0.11368999999956486,0.011368999999956487,0.005735373330151283,23.92186155258472,0.03660660992283539,20.824479184571885,4
GAS,BAD,UNCERTAINTY_AWARE_UCB_009,Uncertainty-Aware UCB-VAE — vae_019 + ucb_009,47,3,train,0.024300000000000002,467.59252000000015,46.75925200000001,4.3576763217807235,21.98912091441257,0.21458593413898153,57.07186045749072,19
GAS,BAD,UNCERTAINTY_AWARE_UCB_009,Uncertainty-Aware UCB-VAE — vae_019 + ucb_009,47,3,test,0.024300000000000002,33.85328999999979,3.3853289999999787,1.6937734135446858,24.19982917482775,0.10830404436350526,21.35780511331263,4
GAS,BAD,UNCERTAINTY_AWARE_UCB_009,Uncertainty-Aware UCB-VAE — vae_019 + ucb_009,47,4,train,0.02187,161.59841000000006,16.159841000000004,1.6794987067496603,22.621344340748305,0.09900380449320213,59.48851347967066,22
GAS,BAD,UNCERTAINTY_AWARE_UCB_009,Uncertainty-Aware UCB-VAE — vae_019 + ucb_009,47,4,test,0.02187,27.22779999999966,2.722779999999966,1.3644699318646314,24.214051403398535,0.09495194131671314,21.891094022337025,4
GAS,BAD,UNCERTAINTY_AWARE_UCB_009,Uncertainty-Aware UCB-VAE — vae_019 + ucb_009,47,5,train,0.019683,469.9928200000004,46.999282000000036,4.376640054823122,22.1535633310359,0.21545879723745454,56.48140318565253,19
GAS,BAD,UNCERTAINTY_AWARE_UCB_009,Uncertainty-Aware UCB-VAE — vae_019 + ucb_009,47,5,test,0.019683,-2.9802500000002965,-0.2980250000000296,-0.1504614993210529,24.374728824866963,0.034004434218766116,21.89964174663195,4
GAS,BAD,UNCERTAINTY_AWARE_UCB_009,Uncertainty-Aware UCB-VAE — vae_019 + ucb_009,47,6,train,0.0177147,461.97748,46.197748,4.313206416545823,22.08620028011975,0.21269853641960018,57.49063016171715,19
GAS,BAD,UNCERTAINTY_AWARE_UCB_009,Uncertainty-Aware UCB-VAE — vae_019 + ucb_009,47,6,test,0.0177147,-2.7520300000003317,-0.27520300000003317,-0.13893166590779327,24.457822057824412,0.03518519912476403,21.881279227900734,4
GAS,BAD,UNCERTAINTY_AWARE_UCB_009,Uncertainty-Aware UCB-VAE — vae_019 + ucb_009,47,7,train,0.015943230000000003,568.1138399999995,56.811383999999954,5.129231519862865,21.93946798577117,0.248441052540681,54.132038796867775,20
GAS,BAD,UNCERTAINTY_AWARE_UCB_009,Uncertainty-Aware UCB-VAE — vae_019 + ucb_009,47,7,test,0.015943230000000003,-17.491029999999682,-1.749102999999968,-0.8862607399654499,24.339700178708334,0.003221745746630245,22.942985082069995,4
GAS,BAD,UNCERTAINTY_AWARE_UCB_009,Uncertainty-Aware UCB-VAE — vae_019 + ucb_009,47,8,train,0.014348907000000001,266.82525999999984,26.682525999999985,2.6646155954585637,22.621499918469492,0.14195371915097443,57.639428036328,22
GAS,BAD,UNCERTAINTY_AWARE_UCB_009,Uncertainty-Aware UCB-VAE — vae_019 + ucb_009,47,8,test,0.014348907000000001,-6.230710000000272,-0.6230710000000272,-0.3148191804947076,24.372804892236243,0.027195271078631393,21.889741646446957,4
GAS,BAD,UNCERTAINTY_AWARE_UCB_009,Uncertainty-Aware UCB-VAE — vae_019 + ucb_009,47,9,train,0.012914016300000003,512.4665599999996,51.24665599999996,4.70773411851817,21.92071464755437,0.2299916400618425,53.311644804375206,19
GAS,BAD,UNCERTAINTY_AWARE_UCB_009,Uncertainty-Aware UCB-VAE — vae_019 + ucb_009,47,9,test,0.012914016300000003,-33.05029000000002,-3.3050290000000015,-1.6812332204881653,24.043020856352886,-0.03337136295245211,22.224355960427623,4
GAS,BAD,UNCERTAINTY_AWARE_UCB_009,Uncertainty-Aware UCB-VAE — vae_019 + ucb_009,47,10,train,0.011622614670000002,394.63856999999894,39.46385699999989,3.767723931799405,22.4611653446746,0.18929422034029075,55.06673512983341,21
GAS,BAD,UNCERTAINTY_AWARE_UCB_009,Uncertainty-Aware UCB-VAE — vae_019 + ucb_009,47,10,test,0.011622614670000002,-33.05029000000002,-3.3050290000000015,-1.6812332204881653,24.043020856352886,-0.03337136295245211,22.224355960427623,4
GAS,BAD,UNCERTAINTY_AWARE_UCB_009,Uncertainty-Aware UCB-VAE — vae_019 + ucb_009,47,11,train,0.010460353203000003,387.3426799999995,38.73426799999995,3.7072252962475183,22.693792390719807,0.18712242188587042,55.295881596592075,21
GAS,BAD,UNCERTAINTY_AWARE_UCB_009,Uncertainty-Aware UCB-VAE — vae_019 + ucb_009,47,11,test,0.010460353203000003,-55.551550000000134,-5.555155000000013,-2.8421925579042107,24.110280576976212,-0.08199474466984014,22.977438777241357,4
GAS,BAD,UNCERTAINTY_AWARE_UCB_009,Uncertainty-Aware UCB-VAE — vae_019 + ucb_009,47,12,train,0.01,356.09764999999925,35.609764999999925,3.4448951463566857,22.79939485167072,0.17608335349195775,54.86371452316349,21
GAS,BAD,UNCERTAINTY_AWARE_UCB_009,Uncertainty-Aware UCB-VAE — vae_019 + ucb_009,47,12,test,0.01,-37.07519000000002,-3.7075190000000022,-1.8879081819033416,24.760288551549518,-0.033842459449401556,22.713992339381335,4
GAS,BAD,UNCERTAINTY_AWARE_UCB_009,Uncertainty-Aware UCB-VAE — vae_019 + ucb_009,47,13,train,0.01,509.3315699999987,50.93315699999987,4.683580378932417,22.7454993749864,0.2287743019288926,51.938344639972186,21
GAS,BAD,UNCERTAINTY_AWARE_UCB_009,Uncertainty-Aware UCB-VAE — vae_019 + ucb_009,47,13,test,0.01,-47.5659999999998,-4.75659999999998,-2.428622554138027,24.90310474450628,-0.054424110965916116,22.673405609286423,5
GAS,BAD,UNCERTAINTY_AWARE_UCB_009,Uncertainty-Aware UCB-VAE — vae_019 + ucb_009,47,14,train,0.01,485.0027799999996,48.50027799999996,4.494606881094909,23.117768152621064,0.2209010571298198,52.30292302368254,23
GAS,BAD,UNCERTAINTY_AWARE_UCB_009,Uncertainty-Aware UCB-VAE — vae_019 + ucb_009,47,14,test,0.01,-49.02559999999994,-4.902559999999994,-2.5040862460126267,24.90482532611759,-0.057519283788756356,22.673405609286423,5
GAS,BAD,UNCERTAINTY_AWARE_UCB_009,Uncertainty-Aware UCB-VAE — vae_019 + ucb_009,47,15,train,0.01,873.4545499999992,87.34545499999993,7.229537725910284,22.560259334700667,0.33621944450550545,53.24343568229142,20
GAS,BAD,UNCERTAINTY_AWARE_UCB_009,Uncertainty-Aware UCB-VAE — vae_019 + ucb_009,47,15,test,0.01,-45.13467999999989,-4.513467999999989,-2.3030464756698787,24.888834319545765,-0.049415217775177406,22.349881419003424,5
GAS,BAD,UNCERTAINTY_AWARE_UCB_009,Uncertainty-Aware UCB-VAE — vae_019 + ucb_009,47,16,train,0.01,898.9268699999989,89.89268699999988,7.390670872145622,22.318418505482576,0.3442046515058828,52.26814578667626,20
GAS,BAD,UNCERTAINTY_AWARE_UCB_009,Uncertainty-Aware UCB-VAE — vae_019 + ucb_009,47,16,test,0.01,-45.13467999999989,-4.513467999999989,-2.3030464756698787,24.888834319545765,-0.049415217775177406,22.349881419003424,5
GAS,BAD,UNCERTAINTY_AWARE_UCB_009,Uncertainty-Aware UCB-VAE — vae_019 + ucb_009,47,17,train,0.01,866.3484499999981,86.63484499999981,7.184238514499497,22.293679447427998,0.335631964686395,52.278941561234774,20
GAS,BAD,UNCERTAINTY_AWARE_UCB_009,Uncertainty-Aware UCB-VAE — vae_019 + ucb_009,47,17,test,0.01,-45.13467999999989,-4.513467999999989,-2.3030464756698787,24.888834319545765,-0.049415217775177406,22.349881419003424,5
GAS,BAD,UNCERTAINTY_AWARE_UCB_009,Uncertainty-Aware UCB-VAE — vae_019 + ucb_009,47,18,train,0.01,583.71246,58.371246,5.244995857133672,22.909987287537,0.2523345601273428,55.388471339482834,21
GAS,BAD,UNCERTAINTY_AWARE_UCB_009,Uncertainty-Aware UCB-VAE — vae_019 + ucb_009,47,18,test,0.01,-41.759489999999914,-4.175948999999991,-2.1289824774727517,24.763004817172796,-0.04377765764898998,22.462205564599678,4
GAS,BAD,UNCERTAINTY_AWARE_UCB_009,Uncertainty-Aware UCB-VAE — vae_019 + ucb_009,47,19,train,0.01,608.8539499999993,60.88539499999993,5.429466254739834,23.15062957626674,0.2597212285923153,55.182339572543185,22
GAS,BAD,UNCERTAINTY_AWARE_UCB_009,Uncertainty-Aware UCB-VAE — vae_019 + ucb_009,47,19,test,0.01,-41.759489999999914,-4.175948999999991,-2.1289824774727517,24.763004817172796,-0.04377765764898998,22.462205564599678,4
GAS,BAD,UNCERTAINTY_AWARE_UCB_009,Uncertainty-Aware UCB-VAE — vae_019 + ucb_009,47,20,train,0.01,523.7232300000001,52.37232300000001,4.794096708385265,23.02486073536669,0.2334232658020949,55.52869503347843,23
GAS,BAD,UNCERTAINTY_AWARE_UCB_009,Uncertainty-Aware UCB-VAE — vae_019 + ucb_009,47,20,test,0.01,-37.348619999999755,-3.7348619999999757,-1.9019640779431413,24.674391787823645,-0.035405378248547587,22.09729768277076,4
GAS,BAD,UNCERTAINTY_AWARE_UCB_009,Uncertainty-Aware UCB-VAE — vae_019 + ucb_009,47,21,train,0.01,970.4862900000007,97.04862900000008,7.833275606930501,22.154901842378255,0.3638318835504627,49.54016851008665,20
GAS,BAD,UNCERTAINTY_AWARE_UCB_009,Uncertainty-Aware UCB-VAE — vae_019 + ucb_009,47,21,test,0.01,-37.348619999999755,-3.7348619999999757,-1.9019640779431413,24.674391787823645,-0.035405378248547587,22.09729768277076,4
GAS,BAD,UNCERTAINTY_AWARE_UCB_009,Uncertainty-Aware UCB-VAE — vae_019 + ucb_009,47,22,train,0.01,1000.6010999999983,100.06010999999984,8.015280433039074,22.073415036336694,0.37202910311260773,48.65416368461848,19
GAS,BAD,UNCERTAINTY_AWARE_UCB_009,Uncertainty-Aware UCB-VAE — vae_019 + ucb_009,47,22,test,0.01,-49.236769999999524,-4.923676999999953,-2.515008829206755,24.79856660185224,-0.05929015569857552,22.595971501079294,5
GAS,BAD,UNCERTAINTY_AWARE_UCB_009,Uncertainty-Aware UCB-VAE — vae_019 + ucb_009,47,23,train,0.01,1031.1832499999985,103.11832499999984,8.197634489404182,22.041851524458053,0.37999627815083564,49.02313573821825,19
GAS,BAD,UNCERTAINTY_AWARE_UCB_009,Uncertainty-Aware UCB-VAE — vae_019 + ucb_009,47,23,test,0.01,-45.34584999999947,-4.5345849999999475,-2.313946979628112,24.782430078828675,-0.05115172265169287,22.27154047628734,5
GAS,BAD,UNCERTAINTY_AWARE_UCB_009,Uncertainty-Aware UCB-VAE — vae_019 + ucb_009,47,24,train,0.01,1038.0354799999989,103.80354799999989,8.238157829604042,21.97273200478409,0.38219309462702034,48.625654320365406,18
GAS,BAD,UNCERTAINTY_AWARE_UCB_009,Uncertainty-Aware UCB-VAE — vae_019 + ucb_009,47,24,test,0.01,-36.70997999999986,-3.6709979999999858,-1.8691373433491032,24.93797984257574,-0.031079860729767587,22.116840752364794,4
GAS,BAD,UNCERTAINTY_AWARE_UCB_009,Uncertainty-Aware UCB-VAE — vae_019 + ucb_009,47,25,train,0.01,1081.887639999998,108.18876399999982,8.494663879607177,21.824410918643615,0.39424548436937495,48.76356225851552,18
GAS,BAD,UNCERTAINTY_AWARE_UCB_009,Uncertainty-Aware UCB-VAE — vae_019 + ucb_009,47,25,test,0.01,-37.95121999999992,-3.7951219999999926,-1.9329482168278456,24.947311293020764,-0.03359022220685519,22.139554051067766,4
GAS,BAD,UNCERTAINTY_AWARE_UCB_009,Uncertainty-Aware UCB-VAE — vae_019 + ucb_009,47,26,train,0.01,1117.8031999999976,111.78031999999976,8.70119341425173,21.944309941047333,0.40204221384382427,48.55653753063435,18
GAS,BAD,UNCERTAINTY_AWARE_UCB_009,Uncertainty-Aware UCB-VAE — vae_019 + ucb_009,47,26,test,0.01,-52.74010999999996,-5.274010999999996,-2.696391733068626,25.117925158284777,-0.06281518539609707,22.23663703561987,5
GAS,BAD,UNCERTAINTY_AWARE_UCB_009,Uncertainty-Aware UCB-VAE — vae_019 + ucb_009,47,27,train,0.01,1127.2120299999988,112.72120299999987,8.754783354253991,22.010069100755597,0.40375123620383757,48.163657560014364,19
GAS,BAD,UNCERTAINTY_AWARE_UCB_009,Uncertainty-Aware UCB-VAE — vae_019 + ucb_009,47,27,test,0.01,-60.52494000000024,-6.052494000000024,-3.100639471753175,25.295586823645362,-0.07708520073785645,22.04259383638984,4
GAS,BAD,UNCERTAINTY_AWARE_UCB_009,Uncertainty-Aware UCB-VAE — vae_019 + ucb_009,47,28,train,0.01,639.4148399999979,63.94148399999978,5.650281020383208,24.11128179572321,0.26755617499564893,53.8470468512958,26
GAS,BAD,UNCERTAINTY_AWARE_UCB_009,Uncertainty-Aware UCB-VAE — vae_019 + ucb_009,47,28,test,0.01,-63.68315000000052,-6.368315000000052,-3.2651109088082664,25.30912945831792,-0.08364157026333598,22.311998739630585,4
GAS,BAD,UNCERTAINTY_AWARE_UCB_009,Uncertainty-Aware UCB-VAE — vae_019 + ucb_009,47,29,train,0.01,595.2260799999981,59.52260799999981,5.3297952738439625,24.07919334806763,0.25490679299955943,53.84038933428188,26
GAS,BAD,UNCERTAINTY_AWARE_UCB_009,Uncertainty-Aware UCB-VAE — vae_019 + ucb_009,47,29,test,0.01,-63.04780000000051,-6.30478000000005,-3.232001456434086,25.107111139747584,-0.08500209799333697,22.257801455322703,4
GAS,BAD,UNCERTAINTY_AWARE_UCB_009,Uncertainty-Aware UCB-VAE — vae_019 + ucb_009,47,30,train,0.01,453.2421299999985,45.32421299999985,4.243721620106333,24.3964743379804,0.21193797167196293,54.326808764997224,27
GAS,BAD,UNCERTAINTY_AWARE_UCB_009,Uncertainty-Aware UCB-VAE — vae_019 + ucb_009,47,30,test,0.01,-63.04780000000051,-6.30478000000005,-3.232001456434086,25.107111139747584,-0.08500209799333697,22.257801455322703,4
GAS,BAD,UNCERTAINTY_AWARE_UCB_009,Uncertainty-Aware UCB-VAE — vae_019 + ucb_009,47,31,train,0.01,503.62335999999846,50.36233599999984,4.639486352352584,24.278043663062313,0.22746840027218346,52.712244895113955,27
GAS,BAD,UNCERTAINTY_AWARE_UCB_009,Uncertainty-Aware UCB-VAE — vae_019 + ucb_009,47,31,test,0.01,-63.04780000000051,-6.30478000000005,-3.232001456434086,25.107111139747584,-0.08500209799333697,22.257801455322703,4
GAS,BAD,UNCERTAINTY_AWARE_UCB_009,Uncertainty-Aware UCB-VAE — vae_019 + ucb_009,47,32,train,0.01,794.3331299999977,79.43331299999977,6.716304063908929,23.651936905127453,0.3108821186830862,49.653207530078554,23
GAS,BAD,UNCERTAINTY_AWARE_UCB_009,Uncertainty-Aware UCB-VAE — vae_019 + ucb_009,47,32,test,0.01,-62.60959000000048,-6.260959000000048,-3.2091718749053255,25.10883850345905,-0.08403594506260453,22.220420811651405,4
GAS,BAD,UNCERTAINTY_AWARE_UCB_009,Uncertainty-Aware UCB-VAE — vae_019 + ucb_009,47,33,train,0.01,834.2783799999984,83.42783799999984,6.97787503228855,23.908096153535162,0.320429860969554,50.67422231680108,23
GAS,BAD,UNCERTAINTY_AWARE_UCB_009,Uncertainty-Aware UCB-VAE — vae_019 + ucb_009,47,33,test,0.01,-62.60959000000048,-6.260959000000048,-3.2091718749053255,25.10883850345905,-0.08403594506260453,22.220420811651405,4
GAS,BAD,UNCERTAINTY_AWARE_UCB_009,Uncertainty-Aware UCB-VAE — vae_019 + ucb_009,47,34,train,0.01,783.4281999999996,78.34281999999996,6.643996902815297,24.082013028427323,0.30681270883728573,49.48463517661327,24
GAS,BAD,UNCERTAINTY_AWARE_UCB_009,Uncertainty-Aware UCB-VAE — vae_019 + ucb_009,47,34,test,0.01,-62.60959000000048,-6.260959000000048,-3.2091718749053255,25.10883850345905,-0.08403594506260453,22.220420811651405,4
GAS,BAD,UNCERTAINTY_AWARE_UCB_009,Uncertainty-Aware UCB-VAE — vae_019 + ucb_009,47,35,train,0.01,1135.3301399999991,113.53301399999991,8.800852690079374,23.98394297828728,0.3912119878352577,49.76961177769916,25
GAS,BAD,UNCERTAINTY_AWARE_UCB_009,Uncertainty-Aware UCB-VAE — vae_019 + ucb_009,47,35,test,0.01,-58.60047000000054,-5.860047000000054,-3.0005523461088535,25.07423687319623,-0.07588723847112977,21.878430701531933,4
GAS,BAD,UNCERTAINTY_AWARE_UCB_009,Uncertainty-Aware UCB-VAE — vae_019 + ucb_009,47,36,train,0.01,532.7124199999985,53.27124199999985,4.86265661967662,24.3909115220827,0.23639769922630707,52.24606969264162,24
GAS,BAD,UNCERTAINTY_AWARE_UCB_009,Uncertainty-Aware UCB-VAE — vae_019 + ucb_009,47,36,test,0.01,-63.04780000000051,-6.30478000000005,-3.232001456434086,25.107111139747584,-0.08500209799333697,22.257801455322703,4
GAS,BAD,UNCERTAINTY_AWARE_UCB_009,Uncertainty-Aware UCB-VAE — vae_019 + ucb_009,47,37,train,0.01,592.5937899999981,59.25937899999981,5.310456173210132,24.345160224880885,0.2540217637495346,53.766881570062665,25
GAS,BAD,UNCERTAINTY_AWARE_UCB_009,Uncertainty-Aware UCB-VAE — vae_019 + ucb_009,47,37,test,0.01,-62.2451200000005,-6.2245120000000504,-3.1901879802661903,25.095944676404507,-0.08342551077861271,22.242571734816565,4
GAS,BAD,UNCERTAINTY_AWARE_UCB_009,Uncertainty-Aware UCB-VAE — vae_019 + ucb_009,47,38,train,0.01,431.65750999999887,43.16575099999989,4.0704229173162965,24.621733942490195,0.20545619299652332,53.956632740347686,27
GAS,BAD,UNCERTAINTY_AWARE_UCB_009,Uncertainty-Aware UCB-VAE — vae_019 + ucb_009,47,38,test,0.01,-62.2451200000005,-6.2245120000000504,-3.1901879802661903,25.095944676404507,-0.08342551077861271,22.242571734816565,4
GAS,BAD,UNCERTAINTY_AWARE_UCB_009,Uncertainty-Aware UCB-VAE — vae_019 + ucb_009,47,39,train,0.01,440.56979000000024,44.05697900000003,4.1422574745002105,24.62246534641337,0.20828781756100775,53.81753064797374,26
GAS,BAD,UNCERTAINTY_AWARE_UCB_009,Uncertainty-Aware UCB-VAE — vae_019 + ucb_009,47,39,test,0.01,-62.60959000000048,-6.260959000000048,-3.2091718749053255,25.10883850345905,-0.08403594506260453,22.220420811651405,4
GAS,BAD,UNCERTAINTY_AWARE_UCB_009,Uncertainty-Aware UCB-VAE — vae_019 + ucb_009,47,40,train,0.01,454.0615799999987,45.40615799999987,4.250255639711442,24.588570520710324,0.21251467166781135,52.88185442384544,28
GAS,BAD,UNCERTAINTY_AWARE_UCB_009,Uncertainty-Aware UCB-VAE — vae_019 + ucb_009,47,40,test,0.01,-62.60959000000048,-6.260959000000048,-3.2091718749053255,25.10883850345905,-0.08403594506260453,22.220420811651405,4
GAS,BAD,UNCERTAINTY_AWARE_UCB_009,Uncertainty-Aware UCB-VAE — vae_019 + ucb_009,47,41,train,0.01,480.8274399999991,48.08274399999991,4.46189868514153,24.472671615066936,0.2206853112383885,52.618547695211646,27
GAS,BAD,UNCERTAINTY_AWARE_UCB_009,Uncertainty-Aware UCB-VAE — vae_019 + ucb_009,47,41,test,0.01,-62.60959000000048,-6.260959000000048,-3.2091718749053255,25.10883850345905,-0.08403594506260453,22.220420811651405,4
GAS,BAD,UNCERTAINTY_AWARE_UCB_009,Uncertainty-Aware UCB-VAE — vae_019 + ucb_009,47,42,train,0.01,471.60026999999855,47.16002699999986,4.389324441301401,24.463106259753552,0.2178060702791588,52.523064427503655,27
GAS,BAD,UNCERTAINTY_AWARE_UCB_009,Uncertainty-Aware UCB-VAE — vae_019 + ucb_009,47,42,test,0.01,-59.889590000000226,-5.988959000000023,-3.0675851995311643,25.093488061324702,-0.07839824767632478,21.98839655208196,4
GAS,BAD,UNCERTAINTY_AWARE_UCB_009,Uncertainty-Aware UCB-VAE — vae_019 + ucb_009,47,43,train,0.01,454.2364699999978,45.423646999999775,4.2516497301383405,24.647675837976816,0.21261596594821994,53.67292533615293,28
GAS,BAD,UNCERTAINTY_AWARE_UCB_009,Uncertainty-Aware UCB-VAE — vae_019 + ucb_009,47,43,test,0.01,-78.59941000000026,-7.859941000000026,-4.045653054116205,24.756642282705656,-0.12391057448116337,23.583900283616394,4
GAS,BAD,UNCERTAINTY_AWARE_UCB_009,Uncertainty-Aware UCB-VAE — vae_019 + ucb_009,47,44,train,0.01,742.31428,74.23142800000001,6.367801623659397,23.7796125969886,0.2966502551848905,48.470136212975945,22
GAS,BAD,UNCERTAINTY_AWARE_UCB_009,Uncertainty-Aware UCB-VAE — vae_019 + ucb_009,47,44,test,0.01,-82.10373000000004,-8.210373000000004,-4.229934407768409,24.761686607925352,-0.13161876703389688,23.59848624984571,4
GAS,BAD,UNCERTAINTY_AWARE_UCB_009,Uncertainty-Aware UCB-VAE — vae_019 + ucb_009,47,45,train,0.01,1224.7768099999994,122.47768099999993,9.298402139497464,24.045175080914692,0.4099801273140291,49.538278418146994,24
GAS,BAD,UNCERTAINTY_AWARE_UCB_009,Uncertainty-Aware UCB-VAE — vae_019 + ucb_009,47,45,test,0.01,-59.889590000000226,-5.988959000000023,-3.0675851995311643,25.093488061324702,-0.07839824767632478,21.98839655208196,4
GAS,BAD,UNCERTAINTY_AWARE_UCB_009,Uncertainty-Aware UCB-VAE — vae_019 + ucb_009,48,1,train,0.03,3838.8748299999997,383.887483,19.161187146393075,32.71631055814487,0.643089358815684,56.74566816554131,48
GAS,BAD,UNCERTAINTY_AWARE_UCB_009,Uncertainty-Aware UCB-VAE — vae_019 + ucb_009,48,1,test,0.03,-191.90140999999983,-19.190140999999983,-10.191635699417557,12.19572299057841,-0.986436321269574,19.928640747810118,1
GAS,BAD,UNCERTAINTY_AWARE_UCB_009,Uncertainty-Aware UCB-VAE — vae_019 + ucb_009,48,2,train,0.027,2549.6748400000015,254.96748400000016,15.126137661048489,23.770505535666032,0.6321054039592182,69.39769809942823,17
GAS,BAD,UNCERTAINTY_AWARE_UCB_009,Uncertainty-Aware UCB-VAE — vae_019 + ucb_009,48,2,test,0.027,-191.90140999999983,-19.190140999999983,-10.191635699417557,12.19572299057841,-0.986436321269574,19.928640747810118,1
GAS,BAD,UNCERTAINTY_AWARE_UCB_009,Uncertainty-Aware UCB-VAE — vae_019 + ucb_009,48,3,train,0.024300000000000002,2509.358060000002,250.9358060000002,14.980011366488322,23.798050888183315,0.6262715121292686,69.61191364042297,17
GAS,BAD,UNCERTAINTY_AWARE_UCB_009,Uncertainty-Aware UCB-VAE — vae_019 + ucb_009,48,3,test,0.024300000000000002,-222.33477999999968,-22.233477999999966,-11.914157637926891,12.464410547765697,-1.1182682714117984,22.944165502685394,1
GAS,BAD,UNCERTAINTY_AWARE_UCB_009,Uncertainty-Aware UCB-VAE — vae_019 + ucb_009,48,4,train,0.02187,2546.8547500000022,254.68547500000022,15.115964484869426,23.889096540857444,0.6297741173998884,69.54695293211698,17
GAS,BAD,UNCERTAINTY_AWARE_UCB_009,Uncertainty-Aware UCB-VAE — vae_019 + ucb_009,48,4,test,0.02187,-220.5567599999997,-22.05567599999997,-11.812613247472614,12.43522948826088,-1.1118983049680926,23.076702770351243,1
GAS,BAD,UNCERTAINTY_AWARE_UCB_009,Uncertainty-Aware UCB-VAE — vae_019 + ucb_009,48,5,train,0.019683,2648.6408700000025,264.86408700000027,15.478675310143375,24.072344472731082,0.6399607773259233,69.34878716271382,18
GAS,BAD,UNCERTAINTY_AWARE_UCB_009,Uncertainty-Aware UCB-VAE — vae_019 + ucb_009,48,5,test,0.019683,-294.3627999999999,-29.436279999999986,-16.129154000578993,14.034738853390708,-1.3282519307009117,30.83088159902414,2
GAS,BAD,UNCERTAINTY_AWARE_UCB_009,Uncertainty-Aware UCB-VAE — vae_019 + ucb_009,48,6,train,0.0177147,2461.08951,246.108951,14.803088739598348,26.92493802134244,0.5773974298076701,69.36424201297187,32
GAS,BAD,UNCERTAINTY_AWARE_UCB_009,Uncertainty-Aware UCB-VAE — vae_019 + ucb_009,48,6,test,0.0177147,-290.06251,-29.006251,-15.871685133474134,13.807682237002755,-1.330197169208085,30.409351571740256,2
GAS,BAD,UNCERTAINTY_AWARE_UCB_009,Uncertainty-Aware UCB-VAE — vae_019 + ucb_009,48,7,train,0.015943230000000003,2803.2749800000015,280.32749800000016,16.012856872308,32.922931319437915,0.5589522426365313,69.62233775173932,46
GAS,BAD,UNCERTAINTY_AWARE_UCB_009,Uncertainty-Aware UCB-VAE — vae_019 + ucb_009,48,7,test,0.015943230000000003,-290.06251,-29.006251,-15.871685133474134,13.807682237002755,-1.330197169208085,30.409351571740256,2
GAS,BAD,UNCERTAINTY_AWARE_UCB_009,Uncertainty-Aware UCB-VAE — vae_019 + ucb_009,48,8,train,0.014348907000000001,2485.3521100000007,248.5352110000001,14.892292632144311,33.569800787906225,0.5254831012330482,68.41136450113575,51
GAS,BAD,UNCERTAINTY_AWARE_UCB_009,Uncertainty-Aware UCB-VAE — vae_019 + ucb_009,48,8,test,0.014348907000000001,-292.2064599999999,-29.220645999999988,-15.999951767393938,12.819201931633359,-1.4550593819157454,30.61950932900669,2
GAS,BAD,UNCERTAINTY_AWARE_UCB_009,Uncertainty-Aware UCB-VAE — vae_019 + ucb_009,48,9,train,0.012914016300000003,2489.92565,248.992565,14.909045857934288,33.629269943481,0.52557556325214,68.4445118596002,51
GAS,BAD,UNCERTAINTY_AWARE_UCB_009,Uncertainty-Aware UCB-VAE — vae_019 + ucb_009,48,9,test,0.012914016300000003,-288.26431,-28.826431000000003,-15.764251700885323,13.80467709153641,-1.3212500951665864,30.233085483857376,2
GAS,BAD,UNCERTAINTY_AWARE_UCB_009,Uncertainty-Aware UCB-VAE — vae_019 + ucb_009,48,10,train,0.011622614670000002,2411.231289999999,241.1231289999999,14.618021690937955,27.036470296240477,0.5701204768507028,69.55733246670857,32
GAS,BAD,UNCERTAINTY_AWARE_UCB_009,Uncertainty-Aware UCB-VAE — vae_019 + ucb_009,48,10,test,0.011622614670000002,-291.1832199999999,-29.118321999999992,-15.938710151757407,13.942678085344598,-1.321692123644804,30.51920763188441,2
GAS,BAD,UNCERTAINTY_AWARE_UCB_009,Uncertainty-Aware UCB-VAE — vae_019 + ucb_009,48,11,train,0.010460353203000003,2425.15546,242.515546,14.669947037510834,33.66938140574503,0.5191195557300691,69.38788989610073,52
GAS,BAD,UNCERTAINTY_AWARE_UCB_009,Uncertainty-Aware UCB-VAE — vae_019 + ucb_009,48,11,test,0.010460353203000003,-291.3051499999999,-29.13051499999999,-15.946005445812194,13.542697552949592,-1.3654695231760812,31.241838850500308,2
GAS,BAD,UNCERTAINTY_AWARE_UCB_009,Uncertainty-Aware UCB-VAE — vae_019 + ucb_009,48,12,train,0.01,2485.9956700000007,248.59956700000006,14.894651222373568,33.68698976097244,0.5248780582052744,69.55482023231004,52
GAS,BAD,UNCERTAINTY_AWARE_UCB_009,Uncertainty-Aware UCB-VAE — vae_019 + ucb_009,48,12,test,0.01,-323.9352,-32.39352,-17.92120190381209,13.804455175902634,-1.5095720029990816,34.40763331932739,2
GAS,BAD,UNCERTAINTY_AWARE_UCB_009,Uncertainty-Aware UCB-VAE — vae_019 + ucb_009,48,13,train,0.01,2439.8960200000006,243.98960200000005,14.724712782268856,33.65400913187362,0.5206332117121966,69.4857244857081,52
GAS,BAD,UNCERTAINTY_AWARE_UCB_009,Uncertainty-Aware UCB-VAE — vae_019 + ucb_009,48,13,test,0.01,-317.8680099999999,-31.786800999999993,-17.550419149243403,13.829284510795722,-1.4739484439418549,33.818989521866975,2
GAS,BAD,UNCERTAINTY_AWARE_UCB_009,Uncertainty-Aware UCB-VAE — vae_019 + ucb_009,48,14,train,0.01,2484.1335200000003,248.41335200000003,14.887825547451584,33.6859786966069,0.5247105768652365,69.41217670935474,52
GAS,BAD,UNCERTAINTY_AWARE_UCB_009,Uncertainty-Aware UCB-VAE — vae_019 + ucb_009,48,14,test,0.01,-331.74989000000005,-33.174989000000004,-18.40121738233551,13.470605977829203,-1.593983724276356,35.1658210137256,2
GAS,BAD,UNCERTAINTY_AWARE_UCB_009,Uncertainty-Aware UCB-VAE — vae_019 + ucb_009,48,15,train,0.01,2464.69948,246.46994800000002,14.81639628526883,33.65496421303639,0.5230215487385866,69.42326840984579,52
GAS,BAD,UNCERTAINTY_AWARE_UCB_009,Uncertainty-Aware UCB-VAE — vae_019 + ucb_009,48,15,test,0.01,-337.0814100000001,-33.70814100000001,-18.730302602821702,14.824882215940466,-1.4625672114249946,35.870555720273565,3
GAS,BAD,UNCERTAINTY_AWARE_UCB_009,Uncertainty-Aware UCB-VAE — vae_019 + ucb_009,48,16,train,0.01,2425.7414000000003,242.57414000000003,14.672127980468307,33.60200391744902,0.5195414896616538,69.69966991279468,52
GAS,BAD,UNCERTAINTY_AWARE_UCB_009,Uncertainty-Aware UCB-VAE — vae_019 + ucb_009,48,16,test,0.01,-331.01422,-33.101422,-18.355910837893163,14.84891209802051,-1.4289386344011652,35.28362765865514,3
GAS,BAD,UNCERTAINTY_AWARE_UCB_009,Uncertainty-Aware UCB-VAE — vae_019 + ucb_009,48,17,train,0.01,2485.1150100000004,248.51150100000004,14.891423584131648,33.76347310549999,0.5243736325691465,69.65825479323577,52
GAS,BAD,UNCERTAINTY_AWARE_UCB_009,Uncertainty-Aware UCB-VAE — vae_019 + ucb_009,48,17,test,0.01,-331.01422,-33.101422,-18.355910837893163,14.84891209802051,-1.4289386344011652,35.28362765865514,3
GAS,BAD,UNCERTAINTY_AWARE_UCB_009,Uncertainty-Aware UCB-VAE — vae_019 + ucb_009,48,18,train,0.01,2484.0154200000006,248.40154200000003,14.887392544845257,33.800786288610176,0.5240633726177755,69.9297464027176,52
GAS,BAD,UNCERTAINTY_AWARE_UCB_009,Uncertainty-Aware UCB-VAE — vae_019 + ucb_009,48,18,test,0.01,-327.97331999999994,-32.797332,-18.168897149814633,15.01938129167205,-1.3957888758208494,34.9894569564725,3
GAS,BAD,UNCERTAINTY_AWARE_UCB_009,Uncertainty-Aware UCB-VAE — vae_019 + ucb_009,48,19,train,0.01,2293.2748400000005,229.32748400000006,14.170423728147608,33.62037998204572,0.5062931906603111,70.27400093304313,53
GAS,BAD,UNCERTAINTY_AWARE_UCB_009,Uncertainty-Aware UCB-VAE — vae_019 + ucb_009,48,19,test,0.01,-326.73997999999995,-32.67399799999999,-18.09316696291323,15.071484146723845,-1.3842879055357031,34.870146063700645,3
GAS,BAD,UNCERTAINTY_AWARE_UCB_009,Uncertainty-Aware UCB-VAE — vae_019 + ucb_009,48,20,train,0.01,2466.14006,246.61400600000002,14.821703300544486,33.901511808011534,0.5217949121739298,69.95766335676113,53
GAS,BAD,UNCERTAINTY_AWARE_UCB_009,Uncertainty-Aware UCB-VAE — vae_019 + ucb_009,48,20,test,0.01,-330.5602900000001,-33.05602900000002,-18.327967684471457,15.286532079331206,-1.3814845127247484,35.1116749976759,3
GAS,BAD,UNCERTAINTY_AWARE_UCB_009,Uncertainty-Aware UCB-VAE — vae_019 + ucb_009,48,21,train,0.01,2461.4261400000005,246.14261400000004,14.804330190757975,33.91577195497389,0.5212704629541011,69.90018534906218,53
GAS,BAD,UNCERTAINTY_AWARE_UCB_009,Uncertainty-Aware UCB-VAE — vae_019 + ucb_009,48,21,test,0.01,-336.40735000000006,-33.64073500000001,-18.68862437026596,15.448824822955515,-1.3940530100212336,35.54506444996733,3
GAS,BAD,UNCERTAINTY_AWARE_UCB_009,Uncertainty-Aware UCB-VAE — vae_019 + ucb_009,48,22,train,0.01,2526.9376,252.69376,15.043910088624045,34.06643193574738,0.5266497922027777,69.961220922345,53
GAS,BAD,UNCERTAINTY_AWARE_UCB_009,Uncertainty-Aware UCB-VAE — vae_019 + ucb_009,48,22,test,0.01,-354.5882200000001,-35.458822000000005,-19.820229067882178,15.642730843062754,-1.4646283113761267,37.34930104521012,3
GAS,BAD,UNCERTAINTY_AWARE_UCB_009,Uncertainty-Aware UCB-VAE — vae_019 + ucb_009,48,23,train,0.01,2423.8074500000007,242.38074500000008,14.664928314125403,33.9116487599392,0.5176733977611326,70.92026510007325,53
GAS,BAD,UNCERTAINTY_AWARE_UCB_009,Uncertainty-Aware UCB-VAE — vae_019 + ucb_009,48,23,test,0.01,-347.69366,-34.769366000000005,-19.389264769976577,15.66300070611502,-1.4282317904706034,36.679630547132966,3
GAS,BAD,UNCERTAINTY_AWARE_UCB_009,Uncertainty-Aware UCB-VAE — vae_019 + ucb_009,48,24,train,0.01,2419.1473900000005,241.91473900000005,14.647565086122572,33.960486642503284,0.5169682631004128,70.93597882176196,53
GAS,BAD,UNCERTAINTY_AWARE_UCB_009,Uncertainty-Aware UCB-VAE — vae_019 + ucb_009,48,24,test,0.01,-347.69366,-34.769366000000005,-19.389264769976577,15.66300070611502,-1.4282317904706034,36.679630547132966,3
GAS,BAD,UNCERTAINTY_AWARE_UCB_009,Uncertainty-Aware UCB-VAE — vae_019 + ucb_009,48,25,train,0.01,2419.14935,241.914935,14.64757239343748,33.96911528788465,0.5169199705732632,71.06385570998532,53
GAS,BAD,UNCERTAINTY_AWARE_UCB_009,Uncertainty-Aware UCB-VAE — vae_019 + ucb_009,48,25,test,0.01,-349.4976600000001,-34.94976600000001,-19.501810067967227,15.956626417157608,-1.4076881873137321,36.85485356042623,3
GAS,BAD,UNCERTAINTY_AWARE_UCB_009,Uncertainty-Aware UCB-VAE — vae_019 + ucb_009,48,26,train,0.01,2258.396809999999,225.8396809999999,14.035345503083786,27.48485020757636,0.5465389783584507,72.70080545710151,33
GAS,BAD,UNCERTAINTY_AWARE_UCB_009,Uncertainty-Aware UCB-VAE — vae_019 + ucb_009,48,26,test,0.01,-359.48016000000007,-35.948016,-20.127398914935124,15.979027658830102,-1.4544223545580697,37.7861327943924,3
GAS,BAD,UNCERTAINTY_AWARE_UCB_009,Uncertainty-Aware UCB-VAE — vae_019 + ucb_009,48,27,train,0.01,2259.0323799999987,225.9032379999999,14.037818457480222,27.632730067391048,0.5451826425400693,73.43333735465264,34
GAS,BAD,UNCERTAINTY_AWARE_UCB_009,Uncertainty-Aware UCB-VAE — vae_019 + ucb_009,48,27,test,0.01,-359.48016000000007,-35.948016,-20.127398914935124,15.979027658830102,-1.4544223545580697,37.7861327943924,3
GAS,BAD,UNCERTAINTY_AWARE_UCB_009,Uncertainty-Aware UCB-VAE — vae_019 + ucb_009,48,28,train,0.01,2226.02228,222.602228,13.908807997580542,33.99486500967714,0.49760583064522135,72.96429336189664,53
GAS,BAD,UNCERTAINTY_AWARE_UCB_009,Uncertainty-Aware UCB-VAE — vae_019 + ucb_009,48,28,test,0.01,-349.4976600000001,-34.94976600000001,-19.501810067967227,15.956626417157608,-1.4076881873137321,36.85485356042623,3
GAS,BAD,UNCERTAINTY_AWARE_UCB_009,Uncertainty-Aware UCB-VAE — vae_019 + ucb_009,48,29,train,0.01,2266.95424,226.695424,14.068605896328146,34.04636216434936,0.501525941689509,73.13336959182116,54
GAS,BAD,UNCERTAINTY_AWARE_UCB_009,Uncertainty-Aware UCB-VAE — vae_019 + ucb_009,48,29,test,0.01,-347.69366,-34.769366000000005,-19.389264769976577,15.66300070611502,-1.4282317904706034,36.679630547132966,3
GAS,BAD,UNCERTAINTY_AWARE_UCB_009,Uncertainty-Aware UCB-VAE — vae_019 + ucb_009,48,30,train,0.01,2291.68797,229.16879699999998,14.164305652333598,34.12939207533686,0.5036030203421369,73.41352671140929,54
GAS,BAD,UNCERTAINTY_AWARE_UCB_009,Uncertainty-Aware UCB-VAE — vae_019 + ucb_009,48,30,test,0.01,-349.4976600000001,-34.94976600000001,-19.501810067967227,15.956626417157608,-1.4076881873137321,36.85485356042623,3
GAS,BAD,UNCERTAINTY_AWARE_UCB_009,Uncertainty-Aware UCB-VAE — vae_019 + ucb_009,48,31,train,0.01,2292.06972,229.20697199999998,14.165777704475424,34.13077562657049,0.5036348941275531,73.39924184556841,54
GAS,BAD,UNCERTAINTY_AWARE_UCB_009,Uncertainty-Aware UCB-VAE — vae_019 + ucb_009,48,31,test,0.01,-351.6185199999999,-35.16185199999999,-19.634321134615984,15.73712867096024,-1.4401433614168089,36.819996742069044,3
GAS,BAD,UNCERTAINTY_AWARE_UCB_009,Uncertainty-Aware UCB-VAE — vae_019 + ucb_009,48,32,train,0.01,2287.0011300000006,228.70011300000007,14.146220522818131,34.07560135857325,0.5033910522770669,73.39145175347241,54
GAS,BAD,UNCERTAINTY_AWARE_UCB_009,Uncertainty-Aware UCB-VAE — vae_019 + ucb_009,48,32,test,0.01,-359.09728000000007,-35.90972800000001,-20.103315654814747,15.685216314852997,-1.4828376785002126,36.948391838278546,3
GAS,BAD,UNCERTAINTY_AWARE_UCB_009,Uncertainty-Aware UCB-VAE — vae_019 + ucb_009,48,33,train,0.01,2291.41921,229.141921,14.163269205757123,34.07345835347721,0.5038422003006281,73.39618070014691,54
GAS,BAD,UNCERTAINTY_AWARE_UCB_009,Uncertainty-Aware UCB-VAE — vae_019 + ucb_009,48,33,test,0.01,-359.09728000000007,-35.90972800000001,-20.103315654814747,15.685216314852997,-1.4828376785002126,36.948391838278546,3
GAS,BAD,UNCERTAINTY_AWARE_UCB_009,Uncertainty-Aware UCB-VAE — vae_019 + ucb_009,48,34,train,0.01,2287.2227900000003,228.72227900000004,14.147076359403021,34.04810179804732,0.5035442296849177,73.36427211647451,54
GAS,BAD,UNCERTAINTY_AWARE_UCB_009,Uncertainty-Aware UCB-VAE — vae_019 + ucb_009,48,34,test,0.01,-360.64102000000014,-36.06410200000001,-20.200460970733346,16.004417808423028,-1.457587551967575,37.10035756746392,3
GAS,BAD,UNCERTAINTY_AWARE_UCB_009,Uncertainty-Aware UCB-VAE — vae_019 + ucb_009,48,35,train,0.01,2291.59207,229.159207,14.163935832021934,34.10208028922624,0.5037252280969868,73.36427211647451,54
GAS,BAD,UNCERTAINTY_AWARE_UCB_009,Uncertainty-Aware UCB-VAE — vae_019 + ucb_009,48,35,test,0.01,-370.3435200000001,-37.03435200000001,-20.813704728062298,16.02462828310876,-1.5037918986194247,38.01663096150282,3
GAS,BAD,UNCERTAINTY_AWARE_UCB_009,Uncertainty-Aware UCB-VAE — vae_019 + ucb_009,48,36,train,0.01,2280.0096900000003,228.00096900000005,14.119199981710162,34.103279691104845,0.5025676650501656,73.36427211647451,54
GAS,BAD,UNCERTAINTY_AWARE_UCB_009,Uncertainty-Aware UCB-VAE — vae_019 + ucb_009,48,36,test,0.01,-370.6235200000001,-37.06235200000001,-20.831471310416216,16.02748629274781,-1.5048978388023126,38.04419415489802,3
GAS,BAD,UNCERTAINTY_AWARE_UCB_009,Uncertainty-Aware UCB-VAE — vae_019 + ucb_009,48,37,train,0.01,2284.6575300000004,228.46575300000006,14.137168666070444,34.10999322393036,0.502992196088226,73.25755229760165,54
GAS,BAD,UNCERTAINTY_AWARE_UCB_009,Uncertainty-Aware UCB-VAE — vae_019 + ucb_009,48,37,test,0.01,-356.25945,-35.625945,-19.925037130232816,15.995419959643131,-1.4369119390637155,36.63019544292604,3
GAS,BAD,UNCERTAINTY_AWARE_UCB_009,Uncertainty-Aware UCB-VAE — vae_019 + ucb_009,48,38,train,0.01,2285.6698600000004,228.56698600000004,14.141079365893571,34.1507577880492,0.5029008393114495,73.42774085465838,54
GAS,BAD,UNCERTAINTY_AWARE_UCB_009,Uncertainty-Aware UCB-VAE — vae_019 + ucb_009,48,38,test,0.01,-380.02868,-38.002868,-21.43054038956036,16.593430362269576,-1.4937432314969203,39.56991203467459,4
GAS,BAD,UNCERTAINTY_AWARE_UCB_009,Uncertainty-Aware UCB-VAE — vae_019 + ucb_009,48,39,train,0.01,2290.4904500000002,229.049045,14.159686954711903,34.16634564060765,0.5033081582155867,73.43528588067039,54
GAS,BAD,UNCERTAINTY_AWARE_UCB_009,Uncertainty-Aware UCB-VAE — vae_019 + ucb_009,48,39,test,0.01,-381.9715900000001,-38.197159000000006,-21.554855553258246,16.79569683893011,-1.483167305236691,39.75929212117394,4
GAS,BAD,UNCERTAINTY_AWARE_UCB_009,Uncertainty-Aware UCB-VAE — vae_019 + ucb_009,48,40,train,0.01,2284.3901,228.43901,14.136135386865023,34.15899853281322,0.5027332904381753,73.52508759684085,54
GAS,BAD,UNCERTAINTY_AWARE_UCB_009,Uncertainty-Aware UCB-VAE — vae_019 + ucb_009,48,40,test,0.01,-372.41606,-37.241606,-20.94530461948039,16.836817847525644,-1.4330632558773229,38.82789174856426,4
GAS,BAD,UNCERTAINTY_AWARE_UCB_009,Uncertainty-Aware UCB-VAE — vae_019 + ucb_009,48,41,train,0.01,2284.5597100000005,228.45597100000003,14.136790723983417,34.15670517991487,0.5027611240163485,73.51913950787986,54
GAS,BAD,UNCERTAINTY_AWARE_UCB_009,Uncertainty-Aware UCB-VAE — vae_019 + ucb_009,48,41,test,0.01,-352.6858000000001,-35.26858000000001,-19.701085891228676,16.77559609890384,-1.3456284690388278,37.776564630577816,4
GAS,BAD,UNCERTAINTY_AWARE_UCB_009,Uncertainty-Aware UCB-VAE — vae_019 + ucb_009,48,42,train,0.01,2290.21515,229.021515,14.158624942905451,34.1080896640696,0.5035538987024993,73.51913950787986,54
GAS,BAD,UNCERTAINTY_AWARE_UCB_009,Uncertainty-Aware UCB-VAE — vae_019 + ucb_009,48,42,test,0.01,-352.8897300000001,-35.28897300000001,-19.71384913951558,17.189442369047214,-1.3100237531385779,37.79616751457895,4
GAS,BAD,UNCERTAINTY_AWARE_UCB_009,Uncertainty-Aware UCB-VAE — vae_019 + ucb_009,48,43,train,0.01,2290.08153,229.00815300000002,14.158109454872502,34.12284392960941,0.5034710283887482,73.51913950787986,54
GAS,BAD,UNCERTAINTY_AWARE_UCB_009,Uncertainty-Aware UCB-VAE — vae_019 + ucb_009,48,43,test,0.01,-347.4426900000002,-34.744269000000024,-19.373619849504298,17.14732295439335,-1.2889584774852976,37.27256778295766,4
GAS,BAD,UNCERTAINTY_AWARE_UCB_009,Uncertainty-Aware UCB-VAE — vae_019 + ucb_009,48,44,train,0.01,2291.7837400000003,229.17837400000005,14.16467496176792,34.11688136213944,0.5036691394751606,73.51913950787986,54
GAS,BAD,UNCERTAINTY_AWARE_UCB_009,Uncertainty-Aware UCB-VAE — vae_019 + ucb_009,48,44,test,0.01,-347.4426900000002,-34.744269000000024,-19.373619849504298,17.14732295439335,-1.2889584774852976,37.27256778295766,4
GAS,BAD,UNCERTAINTY_AWARE_UCB_009,Uncertainty-Aware UCB-VAE — vae_019 + ucb_009,48,45,train,0.01,2221.74498,222.174498,13.892005627594983,34.11574093320588,0.49661475842041636,73.69710348045666,54
GAS,BAD,UNCERTAINTY_AWARE_UCB_009,Uncertainty-Aware UCB-VAE — vae_019 + ucb_009,48,45,test,0.01,-328.8042999999999,-32.88042999999999,-18.219960255991154,17.00553008326646,-1.2174081412553688,35.48094223920301,4
GAS,BAD,UNCERTAINTY_AWARE_UCB_009,Uncertainty-Aware UCB-VAE — vae_019 + ucb_009,49,1,train,0.03,1671.9675799999977,167.1967579999998,11.547070851915597,14.721006130524565,0.6862243799211363,22.253713530548424,7
GAS,BAD,UNCERTAINTY_AWARE_UCB_009,Uncertainty-Aware UCB-VAE — vae_019 + ucb_009,49,1,test,0.03,64.40908999999988,6.440908999999988,3.1991158247126172,4.254373180204172,0.2935786388980908,4.196310100310734,0
GAS,BAD,UNCERTAINTY_AWARE_UCB_009,Uncertainty-Aware UCB-VAE — vae_019 + ucb_009,49,2,train,0.027,610.3490100000004,61.03490100000004,5.44035504356728,10.894447417438782,0.36116364809999507,24.25567877449033,2
GAS,BAD,UNCERTAINTY_AWARE_UCB_009,Uncertainty-Aware UCB-VAE — vae_019 + ucb_009,49,2,test,0.027,65.06342999999993,6.506342999999992,3.2311162978186037,4.2519068531017,0.3010392374817322,4.193754020095382,0
GAS,BAD,UNCERTAINTY_AWARE_UCB_009,Uncertainty-Aware UCB-VAE — vae_019 + ucb_009,49,3,train,0.024300000000000002,1712.026339999998,171.2026339999998,11.731786338139294,11.226654136597372,0.87439179973398,13.921453172422165,1
GAS,BAD,UNCERTAINTY_AWARE_UCB_009,Uncertainty-Aware UCB-VAE — vae_019 + ucb_009,49,3,test,0.024300000000000002,65.06342999999993,6.506342999999992,3.2311162978186037,4.2519068531017,0.3010392374817322,4.193754020095382,0
GAS,BAD,UNCERTAINTY_AWARE_UCB_009,Uncertainty-Aware UCB-VAE — vae_019 + ucb_009,49,4,train,0.02187,1719.1684899999987,171.91684899999987,11.764464598236302,11.274749280875765,0.8737515471151278,13.921453172422165,1
GAS,BAD,UNCERTAINTY_AWARE_UCB_009,Uncertainty-Aware UCB-VAE — vae_019 + ucb_009,49,4,test,0.02187,69.25332999999978,6.925332999999978,3.435792712786223,4.27984839105876,0.34577749847240463,4.177460330925059,0
GAS,BAD,UNCERTAINTY_AWARE_UCB_009,Uncertainty-Aware UCB-VAE — vae_019 + ucb_009,49,5,train,0.019683,1701.7179399999977,170.17179399999978,11.68448605994714,11.352612242453072,0.8621549811098839,13.921453172422165,1
GAS,BAD,UNCERTAINTY_AWARE_UCB_009,Uncertainty-Aware UCB-VAE — vae_019 + ucb_009,49,5,test,0.019683,69.25332999999978,6.925332999999978,3.435792712786223,4.27984839105876,0.34577749847240463,4.177460330925059,0
GAS,BAD,UNCERTAINTY_AWARE_UCB_009,Uncertainty-Aware UCB-VAE — vae_019 + ucb_009,49,6,train,0.0177147,1688.9258699999982,168.89258699999982,11.625565872592091,11.36234516463552,0.8568280739334377,13.921453172422165,1
GAS,BAD,UNCERTAINTY_AWARE_UCB_009,Uncertainty-Aware UCB-VAE — vae_019 + ucb_009,49,6,test,0.0177147,70.49519999999961,7.049519999999962,3.496381619370581,4.281819413052392,0.35935778394638723,4.177460330925059,0
GAS,BAD,UNCERTAINTY_AWARE_UCB_009,Uncertainty-Aware UCB-VAE — vae_019 + ucb_009,49,7,train,0.015943230000000003,1690.7242499999975,169.07242499999975,11.633864229535028,11.360970689338897,0.8575786907586532,13.917742414364387,1
GAS,BAD,UNCERTAINTY_AWARE_UCB_009,Uncertainty-Aware UCB-VAE — vae_019 + ucb_009,49,7,test,0.015943230000000003,70.49519999999961,7.049519999999962,3.496381619370581,4.281819413052392,0.35935778394638723,4.177460330925059,0
GAS,BAD,UNCERTAINTY_AWARE_UCB_009,Uncertainty-Aware UCB-VAE — vae_019 + ucb_009,49,8,train,0.014348907000000001,1716.5654599999966,171.65654599999968,11.75256351537124,11.451166025397374,0.861074290859319,13.915293992841171,1
GAS,BAD,UNCERTAINTY_AWARE_UCB_009,Uncertainty-Aware UCB-VAE — vae_019 + ucb_009,49,8,test,0.014348907000000001,70.49519999999961,7.049519999999962,3.496381619370581,4.281819413052392,0.35935778394638723,4.177460330925059,0
GAS,BAD,UNCERTAINTY_AWARE_UCB_009,Uncertainty-Aware UCB-VAE — vae_019 + ucb_009,49,9,train,0.012914016300000003,1711.013309999998,171.1013309999998,11.727145118722525,11.48164184758092,0.8570931125910339,13.948599785762505,1
GAS,BAD,UNCERTAINTY_AWARE_UCB_009,Uncertainty-Aware UCB-VAE — vae_019 + ucb_009,49,9,test,0.012914016300000003,70.49519999999961,7.049519999999962,3.496381619370581,4.281819413052392,0.35935778394638723,4.177460330925059,0
GAS,BAD,UNCERTAINTY_AWARE_UCB_009,Uncertainty-Aware UCB-VAE — vae_019 + ucb_009,49,10,train,0.011622614670000002,1731.9694999999974,173.19694999999976,11.822844027973979,11.478040675481843,0.8648531701187118,13.948599785762505,1
GAS,BAD,UNCERTAINTY_AWARE_UCB_009,Uncertainty-Aware UCB-VAE — vae_019 + ucb_009,49,10,test,0.011622614670000002,70.49519999999961,7.049519999999962,3.496381619370581,4.281819413052392,0.35935778394638723,4.177460330925059,0
GAS,BAD,UNCERTAINTY_AWARE_UCB_009,Uncertainty-Aware UCB-VAE — vae_019 + ucb_009,49,11,train,0.010460353203000003,1783.0412499999984,178.30412499999983,12.053364463580696,11.468392295704367,0.8836054586492873,13.948599785762505,1
GAS,BAD,UNCERTAINTY_AWARE_UCB_009,Uncertainty-Aware UCB-VAE — vae_019 + ucb_009,49,11,test,0.010460353203000003,70.49519999999961,7.049519999999962,3.496381619370581,4.281819413052392,0.35935778394638723,4.177460330925059,0
GAS,BAD,UNCERTAINTY_AWARE_UCB_009,Uncertainty-Aware UCB-VAE — vae_019 + ucb_009,49,12,train,0.01,1719.486009999997,171.94860099999968,11.765915610301224,11.481236931012347,0.8601692639685223,13.948599785762505,1
GAS,BAD,UNCERTAINTY_AWARE_UCB_009,Uncertainty-Aware UCB-VAE — vae_019 + ucb_009,49,12,test,0.01,70.49519999999961,7.049519999999962,3.496381619370581,4.281819413052392,0.35935778394638723,4.177460330925059,0
GAS,BAD,UNCERTAINTY_AWARE_UCB_009,Uncertainty-Aware UCB-VAE — vae_019 + ucb_009,49,13,train,0.01,1594.0232199999978,159.40232199999977,11.180494246015193,12.636038970025812,0.7505532057650263,20.691677818247072,1
GAS,BAD,UNCERTAINTY_AWARE_UCB_009,Uncertainty-Aware UCB-VAE — vae_019 + ucb_009,49,13,test,0.01,72.48046999999974,7.248046999999974,3.5931675595659573,4.331842271972832,0.37734480572802614,4.169784136464346,0
GAS,BAD,UNCERTAINTY_AWARE_UCB_009,Uncertainty-Aware UCB-VAE — vae_019 + ucb_009,49,14,train,0.01,1582.664309999997,158.2664309999997,11.126257590701737,12.644081667818197,0.7462612546685966,20.9727442927401,1
GAS,BAD,UNCERTAINTY_AWARE_UCB_009,Uncertainty-Aware UCB-VAE — vae_019 + ucb_009,49,14,test,0.01,72.48046999999974,7.248046999999974,3.5931675595659573,4.331842271972832,0.37734480572802614,4.169784136464346,0
GAS,BAD,UNCERTAINTY_AWARE_UCB_009,Uncertainty-Aware UCB-VAE — vae_019 + ucb_009,49,15,train,0.01,1142.1754099999998,114.21754099999998,8.839577990413417,14.333928472098261,0.5278687288247333,32.06767332146045,2
GAS,BAD,UNCERTAINTY_AWARE_UCB_009,Uncertainty-Aware UCB-VAE — vae_019 + ucb_009,49,15,test,0.01,69.18137999999976,6.918137999999977,3.432281315793362,4.303907497742615,0.34328820282529277,4.1851967605424285,0
GAS,BAD,UNCERTAINTY_AWARE_UCB_009,Uncertainty-Aware UCB-VAE — vae_019 + ucb_009,49,16,train,0.01,1282.6600099999973,128.26600099999973,9.610985388383408,12.449142009250881,0.6448111924918183,28.026246524331633,1
GAS,BAD,UNCERTAINTY_AWARE_UCB_009,Uncertainty-Aware UCB-VAE — vae_019 + ucb_009,49,16,test,0.01,69.18137999999976,6.918137999999977,3.432281315793362,4.303907497742615,0.34328820282529277,4.1851967605424285,0
GAS,BAD,UNCERTAINTY_AWARE_UCB_009,Uncertainty-Aware UCB-VAE — vae_019 + ucb_009,49,17,train,0.01,3063.5466000000006,306.35466,16.869847704243867,24.57155342153886,0.6810583669438502,63.89278370984538,13
GAS,BAD,UNCERTAINTY_AWARE_UCB_009,Uncertainty-Aware UCB-VAE — vae_019 + ucb_009,49,17,test,0.01,72.48046999999974,7.248046999999974,3.5931675595659573,4.331842271972832,0.37734480572802614,4.169784136464346,0
GAS,BAD,UNCERTAINTY_AWARE_UCB_009,Uncertainty-Aware UCB-VAE — vae_019 + ucb_009,49,18,train,0.01,1302.7726499999985,130.27726499999986,9.717950535609244,12.459343122649955,0.6522830139030906,27.365337374084568,1
GAS,BAD,UNCERTAINTY_AWARE_UCB_009,Uncertainty-Aware UCB-VAE — vae_019 + ucb_009,49,18,test,0.01,72.48046999999974,7.248046999999974,3.5931675595659573,4.331842271972832,0.37734480572802614,4.169784136464346,0
GAS,BAD,UNCERTAINTY_AWARE_UCB_009,Uncertainty-Aware UCB-VAE — vae_019 + ucb_009,49,19,train,0.01,1389.1827299999986,138.91827299999986,10.16826083628446,12.464903832409032,0.6852006633746393,24.510831521608047,1
GAS,BAD,UNCERTAINTY_AWARE_UCB_009,Uncertainty-Aware UCB-VAE — vae_019 + ucb_009,49,19,test,0.01,72.48046999999974,7.248046999999974,3.5931675595659573,4.331842271972832,0.37734480572802614,4.169784136464346,0
GAS,BAD,UNCERTAINTY_AWARE_UCB_009,Uncertainty-Aware UCB-VAE — vae_019 + ucb_009,49,20,train,0.01,1407.6164199999985,140.76164199999985,10.262447584680112,12.469595240269717,0.6919016778536331,24.4800185515415,1
GAS,BAD,UNCERTAINTY_AWARE_UCB_009,Uncertainty-Aware UCB-VAE — vae_019 + ucb_009,49,20,test,0.01,73.57484999999974,7.357484999999975,3.6464828491337142,4.396014444938475,0.3842057619346292,4.165564684140488,0
GAS,BAD,UNCERTAINTY_AWARE_UCB_009,Uncertainty-Aware UCB-VAE — vae_019 + ucb_009,49,21,train,0.01,1343.564089999998,134.35640899999981,9.932365977511814,12.497093315645824,0.6664471705477569,26.580384540692148,1
GAS,BAD,UNCERTAINTY_AWARE_UCB_009,Uncertainty-Aware UCB-VAE — vae_019 + ucb_009,49,21,test,0.01,73.57484999999974,7.357484999999975,3.6464828491337142,4.396014444938475,0.3842057619346292,4.165564684140488,0
GAS,BAD,UNCERTAINTY_AWARE_UCB_009,Uncertainty-Aware UCB-VAE — vae_019 + ucb_009,49,22,train,0.01,2221.6058100000005,222.16058100000006,13.891458597908258,26.08291657635224,0.5564672216317531,68.48489370593931,21
GAS,BAD,UNCERTAINTY_AWARE_UCB_009,Uncertainty-Aware UCB-VAE — vae_019 + ucb_009,49,22,test,0.01,79.66118999999958,7.966118999999957,3.9425030830051666,4.421963338519971,0.4469107506477797,4.165564684140488,0
GAS,BAD,UNCERTAINTY_AWARE_UCB_009,Uncertainty-Aware UCB-VAE — vae_019 + ucb_009,49,23,train,0.01,1938.2846399999994,193.82846399999994,12.731699162438215,26.06569725165619,0.5170404352279209,69.03241468885972,21
GAS,BAD,UNCERTAINTY_AWARE_UCB_009,Uncertainty-Aware UCB-VAE — vae_019 + ucb_009,49,23,test,0.01,79.66118999999958,7.966118999999957,3.9425030830051666,4.421963338519971,0.4469107506477797,4.165564684140488,0
GAS,BAD,UNCERTAINTY_AWARE_UCB_009,Uncertainty-Aware UCB-VAE — vae_019 + ucb_009,49,24,train,0.01,1997.1027599999984,199.71027599999985,12.980404903054609,26.145119153360692,0.5247595838751036,69.23516794834528,21
GAS,BAD,UNCERTAINTY_AWARE_UCB_009,Uncertainty-Aware UCB-VAE — vae_019 + ucb_009,49,24,test,0.01,76.10296999999946,7.610296999999947,3.7695432784648153,4.455221757627535,0.4064063189538942,4.179314987017302,0
GAS,BAD,UNCERTAINTY_AWARE_UCB_009,Uncertainty-Aware UCB-VAE — vae_019 + ucb_009,49,25,train,0.01,2021.2899299999963,202.12899299999964,13.081420614307792,26.1919857404568,0.5277341236435782,69.22607737096429,21
GAS,BAD,UNCERTAINTY_AWARE_UCB_009,Uncertainty-Aware UCB-VAE — vae_019 + ucb_009,49,25,test,0.01,69.7666399999996,6.9766639999999605,3.460840535115639,4.552081606951054,0.33306399342826754,4.742173466083517,0
GAS,BAD,UNCERTAINTY_AWARE_UCB_009,Uncertainty-Aware UCB-VAE — vae_019 + ucb_009,49,26,train,0.01,2025.903319999994,202.59033199999942,13.100606389355885,26.34625730099912,0.5268336810718603,69.27874991549305,21
GAS,BAD,UNCERTAINTY_AWARE_UCB_009,Uncertainty-Aware UCB-VAE — vae_019 + ucb_009,49,26,test,0.01,69.7666399999996,6.9766639999999605,3.460840535115639,4.549429557694195,0.3332320757950352,4.742173466083517,0
GAS,BAD,UNCERTAINTY_AWARE_UCB_009,Uncertainty-Aware UCB-VAE — vae_019 + ucb_009,49,27,train,0.01,2007.3709299999969,200.73709299999967,13.023377250645796,26.36883890560381,0.5240021302019549,69.27874991549305,21
GAS,BAD,UNCERTAINTY_AWARE_UCB_009,Uncertainty-Aware UCB-VAE — vae_019 + ucb_009,49,27,test,0.01,69.79426999999964,6.979426999999965,3.4621886183764605,4.551753988620781,0.3333722921908741,4.742173466083517,0
GAS,BAD,UNCERTAINTY_AWARE_UCB_009,Uncertainty-Aware UCB-VAE — vae_019 + ucb_009,49,28,train,0.01,2721.921949999996,272.19219499999963,15.734282086091689,27.282206422583823,0.6031613810662756,69.27874991549305,22
GAS,BAD,UNCERTAINTY_AWARE_UCB_009,Uncertainty-Aware UCB-VAE — vae_019 + ucb_009,49,28,test,0.01,65.60436999999979,6.560436999999979,3.2575635932909686,4.527267927173402,0.29106393070854475,4.760682864633706,0
GAS,BAD,UNCERTAINTY_AWARE_UCB_009,Uncertainty-Aware UCB-VAE — vae_019 + ucb_009,49,29,train,0.01,3183.876219999999,318.3876219999999,17.24966714397724,25.98181221536696,0.6705029254350903,69.05461507734839,21
GAS,BAD,UNCERTAINTY_AWARE_UCB_009,Uncertainty-Aware UCB-VAE — vae_019 + ucb_009,49,29,test,0.01,65.60436999999979,6.560436999999979,3.2575635932909686,4.527267927173402,0.29106393070854475,4.760682864633706,0
GAS,BAD,UNCERTAINTY_AWARE_UCB_009,Uncertainty-Aware UCB-VAE — vae_019 + ucb_009,49,30,train,0.01,3324.6062899999997,332.460629,17.681752816662687,25.934339371973813,0.685550898075335,69.33541978692554,21
GAS,BAD,UNCERTAINTY_AWARE_UCB_009,Uncertainty-Aware UCB-VAE — vae_019 + ucb_009,49,30,test,0.01,65.60436999999979,6.560436999999979,3.2575635932909686,4.527267927173402,0.29106393070854475,4.760682864633706,0
GAS,BAD,UNCERTAINTY_AWARE_UCB_009,Uncertainty-Aware UCB-VAE — vae_019 + ucb_009,49,31,train,0.01,2892.8678799999975,289.2867879999998,16.313584509175616,27.791190032534324,0.615309446150724,69.38839694606294,25
GAS,BAD,UNCERTAINTY_AWARE_UCB_009,Uncertainty-Aware UCB-VAE — vae_019 + ucb_009,49,31,test,0.01,69.79426999999964,6.979426999999965,3.4621886183764605,4.551753988620781,0.3333722921908741,4.742173466083517,0
GAS,BAD,UNCERTAINTY_AWARE_UCB_009,Uncertainty-Aware UCB-VAE — vae_019 + ucb_009,49,32,train,0.01,2896.702509999996,289.6702509999996,16.326318046103182,26.214814928225877,0.6364378409542972,71.90741927843877,24
GAS,BAD,UNCERTAINTY_AWARE_UCB_009,Uncertainty-Aware UCB-VAE — vae_019 + ucb_009,49,32,test,0.01,74.6615799999995,7.46615799999995,3.6993988090626706,4.490547356375337,0.38845654192139073,4.742173466083517,0
GAS,BAD,UNCERTAINTY_AWARE_UCB_009,Uncertainty-Aware UCB-VAE — vae_019 + ucb_009,49,33,train,0.01,2992.0065499999932,299.2006549999993,16.639266535693164,26.28629035275432,0.6457378486016461,71.90319378739645,24
GAS,BAD,UNCERTAINTY_AWARE_UCB_009,Uncertainty-Aware UCB-VAE — vae_019 + ucb_009,49,33,test,0.01,74.6615799999995,7.46615799999995,3.6993988090626706,4.490547356375337,0.38845654192139073,4.742173466083517,0
GAS,BAD,UNCERTAINTY_AWARE_UCB_009,Uncertainty-Aware UCB-VAE — vae_019 + ucb_009,49,34,train,0.01,3757.629949999996,375.7629949999996,18.937054971520762,28.852232664204223,0.6811278906619186,71.90319378739645,32
GAS,BAD,UNCERTAINTY_AWARE_UCB_009,Uncertainty-Aware UCB-VAE — vae_019 + ucb_009,49,34,test,0.01,74.6615799999995,7.46615799999995,3.6993988090626706,4.490547356375337,0.38845654192139073,4.742173466083517,0
GAS,BAD,UNCERTAINTY_AWARE_UCB_009,Uncertainty-Aware UCB-VAE — vae_019 + ucb_009,49,35,train,0.01,3757.297169999997,375.7297169999997,18.936129949461524,28.850660325422243,0.6811218639510139,71.90319378739645,32
GAS,BAD,UNCERTAINTY_AWARE_UCB_009,Uncertainty-Aware UCB-VAE — vae_019 + ucb_009,49,35,test,0.01,74.34173999999939,7.434173999999939,3.683827648675919,4.490851516519599,0.3850787361545636,4.742173466083517,0
GAS,BAD,UNCERTAINTY_AWARE_UCB_009,Uncertainty-Aware UCB-VAE — vae_019 + ucb_009,49,36,train,0.01,3775.3063999999968,377.53063999999966,18.986107389669304,29.003180891365016,0.6805327987105863,71.95616783344043,32
GAS,BAD,UNCERTAINTY_AWARE_UCB_009,Uncertainty-Aware UCB-VAE — vae_019 + ucb_009,49,36,test,0.01,72.91089999999963,7.291089999999962,3.6141401818091445,4.5907260211272645,0.3629861182243944,4.742173466083517,0
GAS,BAD,UNCERTAINTY_AWARE_UCB_009,Uncertainty-Aware UCB-VAE — vae_019 + ucb_009,49,37,train,0.01,3771.7678299999925,377.17678299999926,18.97630073872154,28.997181338766637,0.6803250303995725,71.95616783344043,32
GAS,BAD,UNCERTAINTY_AWARE_UCB_009,Uncertainty-Aware UCB-VAE — vae_019 + ucb_009,49,37,test,0.01,74.5680199999997,7.45680199999997,3.6948441512412167,4.591331940987166,0.3799561375242834,4.747502151822381,0
GAS,BAD,UNCERTAINTY_AWARE_UCB_009,Uncertainty-Aware UCB-VAE — vae_019 + ucb_009,49,38,train,0.01,4002.8104099999973,400.2810409999998,19.603437571116377,27.421795885130607,0.7225120646071417,72.464637467943,27
GAS,BAD,UNCERTAINTY_AWARE_UCB_009,Uncertainty-Aware UCB-VAE — vae_019 + ucb_009,49,38,test,0.01,68.72099999999978,6.872099999999978,3.40981048329716,4.566767909893692,0.3212898497834659,4.760682864633706,0
GAS,BAD,UNCERTAINTY_AWARE_UCB_009,Uncertainty-Aware UCB-VAE — vae_019 + ucb_009,49,39,train,0.01,3990.210839999997,399.0210839999997,19.569908094873778,27.427704073093484,0.7213833097718956,72.464637467943,27
GAS,BAD,UNCERTAINTY_AWARE_UCB_009,Uncertainty-Aware UCB-VAE — vae_019 + ucb_009,49,39,test,0.01,67.72039999999993,6.772039999999993,3.360955335468141,4.5798779087442885,0.31014981675841724,4.7651245313350445,0
GAS,BAD,UNCERTAINTY_AWARE_UCB_009,Uncertainty-Aware UCB-VAE — vae_019 + ucb_009,49,40,train,0.01,3574.5312099999956,357.45312099999956,18.41919339055369,29.000341455425442,0.6639785756477535,72.411663421899,32
GAS,BAD,UNCERTAINTY_AWARE_UCB_009,Uncertainty-Aware UCB-VAE — vae_019 + ucb_009,49,40,test,0.01,67.72039999999993,6.772039999999993,3.360955335468141,4.5798779087442885,0.31014981675841724,4.7651245313350445,0
GAS,BAD,UNCERTAINTY_AWARE_UCB_009,Uncertainty-Aware UCB-VAE — vae_019 + ucb_009,49,41,train,0.01,3622.4652199999973,362.24652199999974,18.55652177829232,29.016896427613275,0.6677814176986091,72.464637467943,32
GAS,BAD,UNCERTAINTY_AWARE_UCB_009,Uncertainty-Aware UCB-VAE — vae_019 + ucb_009,49,41,test,0.01,67.72039999999993,6.772039999999993,3.360955335468141,4.5798779087442885,0.31014981675841724,4.7651245313350445,0
GAS,BAD,UNCERTAINTY_AWARE_UCB_009,Uncertainty-Aware UCB-VAE — vae_019 + ucb_009,49,42,train,0.01,3771.340069999994,377.1340069999994,18.975114823944537,27.369125444983748,0.7039754471060762,72.4823491867915,27
GAS,BAD,UNCERTAINTY_AWARE_UCB_009,Uncertainty-Aware UCB-VAE — vae_019 + ucb_009,49,42,test,0.01,69.37752,6.937752,3.441853318410182,4.580485691251683,0.32724955221246366,4.770440507590182,0
GAS,BAD,UNCERTAINTY_AWARE_UCB_009,Uncertainty-Aware UCB-VAE — vae_019 + ucb_009,49,43,train,0.01,3221.8782,322.18782,17.367603384193742,29.050634013323386,0.6323527611609355,72.4823491867915,33
GAS,BAD,UNCERTAINTY_AWARE_UCB_009,Uncertainty-Aware UCB-VAE — vae_019 + ucb_009,49,43,test,0.01,69.37752,6.937752,3.441853318410182,4.580485691251683,0.32724955221246366,4.770440507590182,0
GAS,BAD,UNCERTAINTY_AWARE_UCB_009,Uncertainty-Aware UCB-VAE — vae_019 + ucb_009,49,44,train,0.01,3829.2411099999945,382.92411099999947,19.134785934314525,27.393874766457643,0.7085307637168734,72.4823491867915,27
GAS,BAD,UNCERTAINTY_AWARE_UCB_009,Uncertainty-Aware UCB-VAE — vae_019 + ucb_009,49,44,test,0.01,69.37752,6.937752,3.441853318410182,4.580485691251683,0.32724955221246366,4.770440507590182,0
GAS,BAD,UNCERTAINTY_AWARE_UCB_009,Uncertainty-Aware UCB-VAE — vae_019 + ucb_009,49,45,train,0.01,3725.361189999997,372.5361189999997,18.84708940261859,27.347555004075623,0.7003213393723423,72.47041018818553,27
GAS,BAD,UNCERTAINTY_AWARE_UCB_009,Uncertainty-Aware UCB-VAE — vae_019 + ucb_009,49,45,test,0.01,69.37752,6.937752,3.441853318410182,4.580485691251683,0.32724955221246366,4.770440507590182,0
GAS,BAD,UNCERTAINTY_AWARE_UCB_009,Uncertainty-Aware UCB-VAE — vae_019 + ucb_009,50,1,train,0.03,1895.2964300000003,189.52964300000005,12.547113872417736,11.868709148540223,0.8950224099371035,13.94865099130031,0
GAS,BAD,UNCERTAINTY_AWARE_UCB_009,Uncertainty-Aware UCB-VAE — vae_019 + ucb_009,50,1,test,0.03,-2.0669800000000578,-0.20669800000000577,-0.10433031291368078,0.13710999425717957,-15.349778788856078,0.20669800000000577,0
GAS,BAD,UNCERTAINTY_AWARE_UCB_009,Uncertainty-Aware UCB-VAE — vae_019 + ucb_009,50,2,train,0.027,2634.637309999999,263.46373099999994,15.429311815979219,12.624599100890608,1.0508196675360217,13.94865099130031,0
GAS,BAD,UNCERTAINTY_AWARE_UCB_009,Uncertainty-Aware UCB-VAE — vae_019 + ucb_009,50,2,test,0.027,-6.2829300000000785,-0.6282930000000079,-0.31746182782617094,0.2971301161721224,-7.802945015901933,0.6282930000000079,0
GAS,BAD,UNCERTAINTY_AWARE_UCB_009,Uncertainty-Aware UCB-VAE — vae_019 + ucb_009,50,3,train,0.024300000000000002,2721.6397899999993,272.1639789999999,15.733306513276734,12.720742591864667,1.0646891592338412,13.873461594660855,0
GAS,BAD,UNCERTAINTY_AWARE_UCB_009,Uncertainty-Aware UCB-VAE — vae_019 + ucb_009,50,3,test,0.024300000000000002,10.985769999999889,1.0985769999999888,0.5527196946978119,0.8373219179067544,-1.7241036600665016,0.635157683804937,0
GAS,BAD,UNCERTAINTY_AWARE_UCB_009,Uncertainty-Aware UCB-VAE — vae_019 + ucb_009,50,4,train,0.02187,2803.46082,280.34608199999997,16.01348715156179,12.755047503819911,1.0813007831167776,13.873461594660855,0
GAS,BAD,UNCERTAINTY_AWARE_UCB_009,Uncertainty-Aware UCB-VAE — vae_019 + ucb_009,50,4,test,0.02187,13.709829999999897,1.3709829999999896,0.6893123909625931,1.0359398465336709,-1.2603133863126057,0.6334551113671607,0
GAS,BAD,UNCERTAINTY_AWARE_UCB_009,Uncertainty-Aware UCB-VAE — vae_019 + ucb_009,50,5,train,0.019683,2816.602009999999,281.6602009999999,16.057986451439476,12.780871140317746,1.0824023795595588,13.848844517168876,0
GAS,BAD,UNCERTAINTY_AWARE_UCB_009,Uncertainty-Aware UCB-VAE — vae_019 + ucb_009,50,5,test,0.019683,7.298130000000015,0.7298130000000015,0.36751927521381234,1.1485282934377048,-1.4152519573535232,0.6993287021173201,0
GAS,BAD,UNCERTAINTY_AWARE_UCB_009,Uncertainty-Aware UCB-VAE — vae_019 + ucb_009,50,6,train,0.0177147,2845.5892700000013,284.55892700000015,16.155664915243516,12.827479992832009,1.0855461442851073,13.848844517168876,0
GAS,BAD,UNCERTAINTY_AWARE_UCB_009,Uncertainty-Aware UCB-VAE — vae_019 + ucb_009,50,6,test,0.0177147,2.7568500000000995,0.27568500000000995,0.13898517146802014,1.1335791360525704,-1.6357745948948283,0.781610773027965,0
GAS,BAD,UNCERTAINTY_AWARE_UCB_009,Uncertainty-Aware UCB-VAE — vae_019 + ucb_009,50,7,train,0.015943230000000003,3314.496960000002,331.44969600000024,17.65113379024892,14.610426975586014,1.0581310913722257,19.693796887574752,4
GAS,BAD,UNCERTAINTY_AWARE_UCB_009,Uncertainty-Aware UCB-VAE — vae_019 + ucb_009,50,7,test,0.015943230000000003,3.1372900000002346,0.31372900000002346,0.15814998346641573,0.969891313367122,-1.8938217786173897,0.7827078389546709,0
GAS,BAD,UNCERTAINTY_AWARE_UCB_009,Uncertainty-Aware UCB-VAE — vae_019 + ucb_009,50,8,train,0.014348907000000001,3463.486649999999,346.34866499999987,18.09607646180702,14.994564424797963,1.0602761543365395,21.77217514817779,5
GAS,BAD,UNCERTAINTY_AWARE_UCB_009,Uncertainty-Aware UCB-VAE — vae_019 + ucb_009,50,8,test,0.014348907000000001,28.58104000000003,2.858104000000003,1.4318146898570472,1.5111243468297992,-0.37231878837043875,0.6914521337716188,0
GAS,BAD,UNCERTAINTY_AWARE_UCB_009,Uncertainty-Aware UCB-VAE — vae_019 + ucb_009,50,9,train,0.012914016300000003,3487.3934899999986,348.7393489999999,18.166239237282777,15.049837192197826,1.060900834607456,22.107623373093535,5
GAS,BAD,UNCERTAINTY_AWARE_UCB_009,Uncertainty-Aware UCB-VAE — vae_019 + ucb_009,50,9,test,0.012914016300000003,28.58104000000003,2.858104000000003,1.4318146898570472,1.5111243468297992,-0.37231878837043875,0.6914521337716188,0
GAS,BAD,UNCERTAINTY_AWARE_UCB_009,Uncertainty-Aware UCB-VAE — vae_019 + ucb_009,50,10,train,0.011622614670000002,3538.1516899999997,353.81516899999997,18.3141116646389,15.059343585939427,1.0687123417038973,22.182811890022876,5
GAS,BAD,UNCERTAINTY_AWARE_UCB_009,Uncertainty-Aware UCB-VAE — vae_019 + ucb_009,50,10,test,0.011622614670000002,27.379300000000057,2.7379300000000057,1.3720115999070082,1.5733491191259168,-0.39458406404879426,1.0461128786684597,0
GAS,BAD,UNCERTAINTY_AWARE_UCB_009,Uncertainty-Aware UCB-VAE — vae_019 + ucb_009,50,11,train,0.010460353203000003,3495.3779000000013,349.5377900000001,18.189598212146272,15.090603640103339,1.0597649414726702,22.128280805009627,5
GAS,BAD,UNCERTAINTY_AWARE_UCB_009,Uncertainty-Aware UCB-VAE — vae_019 + ucb_009,50,11,test,0.010460353203000003,15.424350000000004,1.5424350000000002,0.7751904185022473,1.5801340474418133,-0.767645994436051,0.8693809290349235,0
GAS,BAD,UNCERTAINTY_AWARE_UCB_009,Uncertainty-Aware UCB-VAE — vae_019 + ucb_009,50,12,train,0.01,3508.889819999992,350.8889819999992,18.229044447202327,15.141771336197978,1.0589274630846144,22.163788952662205,5
GAS,BAD,UNCERTAINTY_AWARE_UCB_009,Uncertainty-Aware UCB-VAE — vae_019 + ucb_009,50,12,test,0.01,18.681190000000015,1.8681190000000014,0.9381235634282392,1.5500199463692288,-0.6783202869061733,0.8693809290349235,0
GAS,BAD,UNCERTAINTY_AWARE_UCB_009,Uncertainty-Aware UCB-VAE — vae_019 + ucb_009,50,13,train,0.01,3645.658739999996,364.5658739999996,18.622516147240642,15.27074748537304,1.0732274163302853,22.292440286935584,6
GAS,BAD,UNCERTAINTY_AWARE_UCB_009,Uncertainty-Aware UCB-VAE — vae_019 + ucb_009,50,13,test,0.01,21.882949999999937,2.1882949999999934,1.0980497503388031,1.5992799488810074,-0.5576471338769603,0.8693809290349235,0
GAS,BAD,UNCERTAINTY_AWARE_UCB_009,Uncertainty-Aware UCB-VAE — vae_019 + ucb_009,50,14,train,0.01,3596.558379999993,359.65583799999933,18.482458101977706,15.279572939001925,1.064892522533631,22.22143981554458,6
GAS,BAD,UNCERTAINTY_AWARE_UCB_009,Uncertainty-Aware UCB-VAE — vae_019 + ucb_009,50,14,test,0.01,21.882949999999937,2.1882949999999934,1.0980497503388031,1.5992799488810074,-0.5576471338769603,0.8693809290349235,0
GAS,BAD,UNCERTAINTY_AWARE_UCB_009,Uncertainty-Aware UCB-VAE — vae_019 + ucb_009,50,15,train,0.01,3469.4793099999933,346.94793099999936,18.113695278377897,15.305962112982638,1.0427695004137585,22.13437782643952,6
GAS,BAD,UNCERTAINTY_AWARE_UCB_009,Uncertainty-Aware UCB-VAE — vae_019 + ucb_009,50,15,test,0.01,14.509500000000116,1.4509500000000115,0.72937574679246,1.613208010639137,-0.7798557730591426,0.8693809290349235,0
GAS,BAD,UNCERTAINTY_AWARE_UCB_009,Uncertainty-Aware UCB-VAE — vae_019 + ucb_009,50,16,train,0.01,3489.9583899999934,348.9958389999993,18.173747064297906,15.386963228969819,1.0414171151654799,22.16701361366122,6
GAS,BAD,UNCERTAINTY_AWARE_UCB_009,Uncertainty-Aware UCB-VAE — vae_019 + ucb_009,50,16,test,0.01,28.032170000000633,2.803217000000063,1.4045051576353718,1.723281938616746,-0.34014985584253293,0.8693809290349235,0
GAS,BAD,UNCERTAINTY_AWARE_UCB_009,Uncertainty-Aware UCB-VAE — vae_019 + ucb_009,50,17,train,0.01,3521.6380699999936,352.16380699999934,18.266165041190654,15.595171901126948,1.0346633011863828,22.18184628759125,6
GAS,BAD,UNCERTAINTY_AWARE_UCB_009,Uncertainty-Aware UCB-VAE — vae_019 + ucb_009,50,17,test,0.01,27.208910000000515,2.7208910000000515,1.3635295492653743,1.724189746107729,-0.3634750277088926,0.8693809290349235,0
GAS,BAD,UNCERTAINTY_AWARE_UCB_009,Uncertainty-Aware UCB-VAE — vae_019 + ucb_009,50,18,train,0.01,3637.8364699999993,363.7836469999999,18.600291612459618,15.564078283430375,1.0547108997507129,22.177020849483636,6
GAS,BAD,UNCERTAINTY_AWARE_UCB_009,Uncertainty-Aware UCB-VAE — vae_019 + ucb_009,50,18,test,0.01,25.482040000000552,2.548204000000055,1.2775262223760686,1.7111158893720189,-0.4161433169371826,0.8693809290349235,0
GAS,BAD,UNCERTAINTY_AWARE_UCB_009,Uncertainty-Aware UCB-VAE — vae_019 + ucb_009,50,19,train,0.01,3629.1226599999964,362.9122659999996,18.57549478244809,15.65825565233489,1.0479577529055404,22.186108409616562,6
GAS,BAD,UNCERTAINTY_AWARE_UCB_009,Uncertainty-Aware UCB-VAE — vae_019 + ucb_009,50,19,test,0.01,33.78888000000052,3.3788880000000523,1.6905771166747297,1.860846581040183,-0.16182951866175213,1.0038285667117863,0
GAS,BAD,UNCERTAINTY_AWARE_UCB_009,Uncertainty-Aware UCB-VAE — vae_019 + ucb_009,50,20,train,0.01,3580.137059999988,358.0137059999988,18.435319716358613,15.694832119672578,1.0382755773856078,22.29876587940074,6
GAS,BAD,UNCERTAINTY_AWARE_UCB_009,Uncertainty-Aware UCB-VAE — vae_019 + ucb_009,50,20,test,0.01,43.982760000000326,4.398276000000033,2.1952185779696043,1.7174232677845613,0.11228911877658006,0.7251850205485119,0
GAS,BAD,UNCERTAINTY_AWARE_UCB_009,Uncertainty-Aware UCB-VAE — vae_019 + ucb_009,50,21,train,0.01,3583.381889999984,358.3381889999984,18.444646091204064,15.675752905098744,1.0398530154875802,22.285937615830154,6
GAS,BAD,UNCERTAINTY_AWARE_UCB_009,Uncertainty-Aware UCB-VAE — vae_019 + ucb_009,50,21,test,0.01,40.01763000000028,4.001763000000028,1.9992187948852935,1.683394011808071,-0.00017983180494918148,0.7029946495288306,0
GAS,BAD,UNCERTAINTY_AWARE_UCB_009,Uncertainty-Aware UCB-VAE — vae_019 + ucb_009,50,22,train,0.01,3542.761109999983,354.2761109999983,18.32746724357137,15.639316337724857,1.0355284434015133,22.118820396745157,6
GAS,BAD,UNCERTAINTY_AWARE_UCB_009,Uncertainty-Aware UCB-VAE — vae_019 + ucb_009,50,22,test,0.01,38.208630000000085,3.8208630000000086,1.9096753809509925,1.6786984926202608,-0.05270900835611807,0.8096215969155085,0
GAS,BAD,UNCERTAINTY_AWARE_UCB_009,Uncertainty-Aware UCB-VAE — vae_019 + ucb_009,50,23,train,0.01,3503.2442599999904,350.32442599999905,18.212575788984985,15.705862371374899,1.0255557958478176,22.272410560799397,6
GAS,BAD,UNCERTAINTY_AWARE_UCB_009,Uncertainty-Aware UCB-VAE — vae_019 + ucb_009,50,23,test,0.01,37.2180500000004,3.7218050000000407,1.8606100540542236,1.89139261505057,-0.07031008811318437,0.9960281376228836,0
GAS,BAD,UNCERTAINTY_AWARE_UCB_009,Uncertainty-Aware UCB-VAE — vae_019 + ucb_009,50,24,train,0.01,3533.289419999983,353.3289419999983,18.300010391039013,15.680528184746212,1.0317154706073812,22.17941384172441,6
GAS,BAD,UNCERTAINTY_AWARE_UCB_009,Uncertainty-Aware UCB-VAE — vae_019 + ucb_009,50,24,test,0.01,38.208630000000085,3.8208630000000086,1.9096753809509925,1.6786984926202608,-0.05270900835611807,0.8096215969155085,0
GAS,BAD,UNCERTAINTY_AWARE_UCB_009,Uncertainty-Aware UCB-VAE — vae_019 + ucb_009,50,25,train,0.01,3433.971639999997,343.3971639999997,18.00899239368654,15.559745091926283,1.0225603137884982,22.181972962917744,6
GAS,BAD,UNCERTAINTY_AWARE_UCB_009,Uncertainty-Aware UCB-VAE — vae_019 + ucb_009,50,25,test,0.01,19.877220000000307,1.9877220000000306,0.997893720300258,1.2742958056001528,-0.7815456083672245,0.7010234001708773,0
GAS,BAD,UNCERTAINTY_AWARE_UCB_009,Uncertainty-Aware UCB-VAE — vae_019 + ucb_009,50,26,train,0.01,3277.692899999998,327.76928999999984,17.53912073034978,15.546787940444231,0.9973811759632262,22.287799975452526,6
GAS,BAD,UNCERTAINTY_AWARE_UCB_009,Uncertainty-Aware UCB-VAE — vae_019 + ucb_009,50,26,test,0.01,36.35904000000005,3.635904000000005,1.8180428402680304,1.4569805468184756,-0.12502830947884735,0.695951078636301,0
GAS,BAD,UNCERTAINTY_AWARE_UCB_009,Uncertainty-Aware UCB-VAE — vae_019 + ucb_009,50,27,train,0.01,3393.5666099999935,339.35666099999935,17.888938070851257,15.553104242639362,1.0163230398458825,22.136678739013778,6
GAS,BAD,UNCERTAINTY_AWARE_UCB_009,Uncertainty-Aware UCB-VAE — vae_019 + ucb_009,50,27,test,0.01,38.421100000000024,3.8421100000000026,1.9201964056815068,1.4623654887757402,-0.05572715922618128,0.695951078636301,0
GAS,BAD,UNCERTAINTY_AWARE_UCB_009,Uncertainty-Aware UCB-VAE — vae_019 + ucb_009,50,28,train,0.01,3379.747749999994,337.9747749999994,17.847653218969327,15.56023911131916,1.0136554151172734,22.208247901049727,6
GAS,BAD,UNCERTAINTY_AWARE_UCB_009,Uncertainty-Aware UCB-VAE — vae_019 + ucb_009,50,28,test,0.01,32.9521299999999,3.2952129999999897,1.6490450682014934,1.4920575097473396,-0.23342275078018265,0.695951078636301,0
GAS,BAD,UNCERTAINTY_AWARE_UCB_009,Uncertainty-Aware UCB-VAE — vae_019 + ucb_009,50,29,train,0.01,3452.962599999996,345.2962599999996,18.065084113441145,15.645303662730322,1.0208809525655609,22.265080842478994,6
GAS,BAD,UNCERTAINTY_AWARE_UCB_009,Uncertainty-Aware UCB-VAE — vae_019 + ucb_009,50,29,test,0.01,28.227220000000216,2.8227220000000215,1.4142108773299356,1.6288915769800505,-0.3549287638124929,1.0103532720277377,0
GAS,BAD,UNCERTAINTY_AWARE_UCB_009,Uncertainty-Aware UCB-VAE — vae_019 + ucb_009,50,30,train,0.01,3461.8834299999917,346.1883429999992,18.09135932430541,15.688836438836947,1.0199208054596358,22.180100960035755,6
GAS,BAD,UNCERTAINTY_AWARE_UCB_009,Uncertainty-Aware UCB-VAE — vae_019 + ucb_009,50,30,test,0.01,22.75825000000009,2.2758250000000086,1.1417272809506107,1.6557950813438054,-0.511883955488065,1.0103532720277377,0
GAS,BAD,UNCERTAINTY_AWARE_UCB_009,Uncertainty-Aware UCB-VAE — vae_019 + ucb_009,50,31,train,0.01,3481.77030999999,348.177030999999,18.149766033391977,15.64387927592508,1.0255831472537187,22.191615257033387,6
GAS,BAD,UNCERTAINTY_AWARE_UCB_009,Uncertainty-Aware UCB-VAE — vae_019 + ucb_009,50,31,test,0.01,28.227220000000216,2.8227220000000215,1.4142108773299356,1.6288915769800505,-0.3549287638124929,1.0103532720277377,0
GAS,BAD,UNCERTAINTY_AWARE_UCB_009,Uncertainty-Aware UCB-VAE — vae_019 + ucb_009,50,32,train,0.01,3745.1749599999976,374.51749599999977,18.902394811967625,15.989265544932007,1.0469074867799946,22.19097133015058,6
GAS,BAD,UNCERTAINTY_AWARE_UCB_009,Uncertainty-Aware UCB-VAE — vae_019 + ucb_009,50,32,test,0.01,28.93256000000065,2.893256000000065,1.4493010980175969,1.3079408947882285,-0.4190962244778092,0.7020262320522663,0
GAS,BAD,UNCERTAINTY_AWARE_UCB_009,Uncertainty-Aware UCB-VAE — vae_019 + ucb_009,50,33,train,0.01,3567.1520799999917,356.71520799999917,18.397939078517346,15.901092049242212,1.0248360341603198,22.289810732558387,6
GAS,BAD,UNCERTAINTY_AWARE_UCB_009,Uncertainty-Aware UCB-VAE — vae_019 + ucb_009,50,33,test,0.01,28.93256000000065,2.893256000000065,1.4493010980175969,1.3079408947882285,-0.4190962244778092,0.7020262320522663,0
GAS,BAD,UNCERTAINTY_AWARE_UCB_009,Uncertainty-Aware UCB-VAE — vae_019 + ucb_009,50,34,train,0.01,3542.0833099999963,354.20833099999965,18.325504105328495,15.873902469057564,1.0224286816305266,22.131455151737008,6
GAS,BAD,UNCERTAINTY_AWARE_UCB_009,Uncertainty-Aware UCB-VAE — vae_019 + ucb_009,50,34,test,0.01,21.020100000000184,2.1020100000000186,1.054975327308183,1.2212009929786989,-0.7696519621167239,0.7029348449537977,0
GAS,BAD,UNCERTAINTY_AWARE_UCB_009,Uncertainty-Aware UCB-VAE — vae_019 + ucb_009,50,35,train,0.01,3550.218849999991,355.0218849999991,18.349050209326446,15.882390532671838,1.023231701175664,22.129881572333606,6
GAS,BAD,UNCERTAINTY_AWARE_UCB_009,Uncertainty-Aware UCB-VAE — vae_019 + ucb_009,50,35,test,0.01,21.020100000000184,2.1020100000000186,1.054975327308183,1.2212009929786989,-0.7696519621167239,0.7029348449537977,0
GAS,BAD,UNCERTAINTY_AWARE_UCB_009,Uncertainty-Aware UCB-VAE — vae_019 + ucb_009,50,36,train,0.01,3570.084869999987,357.0084869999987,18.406390126795614,15.892605236919236,1.0257530568812465,22.23402314351331,6
GAS,BAD,UNCERTAINTY_AWARE_UCB_009,Uncertainty-Aware UCB-VAE — vae_019 + ucb_009,50,36,test,0.01,21.020100000000184,2.1020100000000186,1.054975327308183,1.2212009929786989,-0.7696519621167239,0.7029348449537977,0
GAS,BAD,UNCERTAINTY_AWARE_UCB_009,Uncertainty-Aware UCB-VAE — vae_019 + ucb_009,50,37,train,0.01,3589.6675799999894,358.96675799999895,18.46269590229115,15.890265427931213,1.028901761222218,22.208997482283262,6
GAS,BAD,UNCERTAINTY_AWARE_UCB_009,Uncertainty-Aware UCB-VAE — vae_019 + ucb_009,50,37,test,0.01,21.020100000000184,2.1020100000000186,1.054975327308183,1.2212009929786989,-0.7696519621167239,0.7029348449537977,0
GAS,BAD,UNCERTAINTY_AWARE_UCB_009,Uncertainty-Aware UCB-VAE — vae_019 + ucb_009,50,38,train,0.01,3733.0152299999963,373.30152299999963,18.868478216525062,15.907832331193916,1.0496352921024614,22.168426862012872,6
GAS,BAD,UNCERTAINTY_AWARE_UCB_009,Uncertainty-Aware UCB-VAE — vae_019 + ucb_009,50,38,test,0.01,18.34770000000026,1.8347700000000258,0.9214516040461307,1.2148304306951998,-0.8829231754052366,0.7029348449537977,0
GAS,BAD,UNCERTAINTY_AWARE_UCB_009,Uncertainty-Aware UCB-VAE — vae_019 + ucb_009,50,39,train,0.01,3958.0028399999883,395.80028399999884,19.483854189427884,16.114819096641916,1.0705419529052609,22.275914408654796,6
GAS,BAD,UNCERTAINTY_AWARE_UCB_009,Uncertainty-Aware UCB-VAE — vae_019 + ucb_009,50,39,test,0.01,24.95148000000063,2.495148000000063,1.2510883276448226,1.299794727666958,-0.5727343653974241,0.7029348449537977,0
GAS,BAD,UNCERTAINTY_AWARE_UCB_009,Uncertainty-Aware UCB-VAE — vae_019 + ucb_009,50,40,train,0.01,3819.2351999999864,381.92351999999863,19.107315130186,15.994372402515273,1.0574786010866593,22.169015617985124,6
GAS,BAD,UNCERTAINTY_AWARE_UCB_009,Uncertainty-Aware UCB-VAE — vae_019 + ucb_009,50,40,test,0.01,25.225600000000668,2.5225600000000665,1.2647486202043368,1.2996648741392316,-0.5623807256608859,0.7029348449537977,0
GAS,BAD,UNCERTAINTY_AWARE_UCB_009,Uncertainty-Aware UCB-VAE — vae_019 + ucb_009,50,41,train,0.01,4327.074469999991,432.70744699999915,20.441529649513246,16.483860754832627,1.0990601076994915,22.14194371161877,6
GAS,BAD,UNCERTAINTY_AWARE_UCB_009,Uncertainty-Aware UCB-VAE — vae_019 + ucb_009,50,41,test,0.01,14.757600000000366,1.4757600000000366,0.7418023415526331,1.4874275539803805,-0.8387790197043606,1.0211309044179677,0
GAS,BAD,UNCERTAINTY_AWARE_UCB_009,Uncertainty-Aware UCB-VAE — vae_019 + ucb_009,50,42,train,0.01,4926.955099999993,492.6955099999993,21.879032235907303,17.68502515232281,1.1038045310204054,22.288547856135597,7
GAS,BAD,UNCERTAINTY_AWARE_UCB_009,Uncertainty-Aware UCB-VAE — vae_019 + ucb_009,50,42,test,0.01,25.225600000000668,2.5225600000000665,1.2647486202043368,1.2996648741392316,-0.5623807256608859,0.7029348449537977,0
GAS,BAD,UNCERTAINTY_AWARE_UCB_009,Uncertainty-Aware UCB-VAE — vae_019 + ucb_009,50,43,train,0.01,4999.804209999986,499.98042099999856,22.044691612171754,17.608339971290757,1.11564457192772,22.27452155200857,7
GAS,BAD,UNCERTAINTY_AWARE_UCB_009,Uncertainty-Aware UCB-VAE — vae_019 + ucb_009,50,43,test,0.01,18.621820000000298,1.86218200000003,0.9351557136247246,1.2147045916885462,-0.8718033922693248,0.7029348449537977,0
GAS,BAD,UNCERTAINTY_AWARE_UCB_009,Uncertainty-Aware UCB-VAE — vae_019 + ucb_009,50,44,train,0.01,4673.942629999988,467.3942629999988,21.28926566009337,17.562734690701234,1.082395697048365,22.216814716170017,7
GAS,BAD,UNCERTAINTY_AWARE_UCB_009,Uncertainty-Aware UCB-VAE — vae_019 + ucb_009,50,44,test,0.01,8.23604000000023,0.8236040000000231,0.41465474448438844,1.0055034678506862,-1.5712431173332146,0.7340937495578692,0
GAS,BAD,UNCERTAINTY_AWARE_UCB_009,Uncertainty-Aware UCB-VAE — vae_019 + ucb_009,50,45,train,0.01,4594.870169999991,459.4870169999991,21.100152116736858,17.579229300358556,1.0725877101511312,22.225907504278243,7
GAS,BAD,UNCERTAINTY_AWARE_UCB_009,Uncertainty-Aware UCB-VAE — vae_019 + ucb_009,50,45,test,0.01,7.073600000000397,0.7073600000000396,0.3562321021697512,0.9786859898283019,-1.6742166937581415,0.8152089956354724,0
GAS,BAD,UNCERTAINTY_AWARE_UCB_009,Uncertainty-Aware UCB-VAE — vae_019 + ucb_009,51,1,train,0.03,-440.2552899999996,-44.025528999999956,-6.248179484692806,19.828490675893935,-0.32926967474735247,64.49843447771556,27
GAS,BAD,UNCERTAINTY_AWARE_UCB_009,Uncertainty-Aware UCB-VAE — vae_019 + ucb_009,51,1,test,0.03,0.0,0.0,0.0,0.0,0.0,0.0,0
GAS,BAD,UNCERTAINTY_AWARE_UCB_009,Uncertainty-Aware UCB-VAE — vae_019 + ucb_009,51,2,train,0.027,-393.37791000000027,-39.337791000000024,-5.406067254354053,20.291308804460755,-0.27275624062778114,62.72360767439984,28
GAS,BAD,UNCERTAINTY_AWARE_UCB_009,Uncertainty-Aware UCB-VAE — vae_019 + ucb_009,51,2,test,0.027,0.0,0.0,0.0,0.0,0.0,0.0,0
GAS,BAD,UNCERTAINTY_AWARE_UCB_009,Uncertainty-Aware UCB-VAE — vae_019 + ucb_009,51,3,train,0.024300000000000002,-372.59499000000005,-37.259499000000005,-5.051102986361878,20.576457484648373,-0.2477919907933099,63.15525586746824,27
GAS,BAD,UNCERTAINTY_AWARE_UCB_009,Uncertainty-Aware UCB-VAE — vae_019 + ucb_009,51,3,test,0.024300000000000002,0.0,0.0,0.0,0.0,0.0,0.0,0
GAS,BAD,UNCERTAINTY_AWARE_UCB_009,Uncertainty-Aware UCB-VAE — vae_019 + ucb_009,51,4,train,0.02187,-269.05728999999997,-26.905728999999994,-3.42481080768291,21.10636133189028,-0.155312152759373,62.971882132907886,27
GAS,BAD,UNCERTAINTY_AWARE_UCB_009,Uncertainty-Aware UCB-VAE — vae_019 + ucb_009,51,4,test,0.02187,0.0,0.0,0.0,0.0,0.0,0.0,0
GAS,BAD,UNCERTAINTY_AWARE_UCB_009,Uncertainty-Aware UCB-VAE — vae_019 + ucb_009,51,5,train,0.019683,-267.6514599999996,-26.765145999999955,-3.4041760690950995,21.28622992472126,-0.15118567609846575,63.51751740994922,27
GAS,BAD,UNCERTAINTY_AWARE_UCB_009,Uncertainty-Aware UCB-VAE — vae_019 + ucb_009,51,5,test,0.019683,0.0,0.0,0.0,0.0,0.0,0.0,0
GAS,BAD,UNCERTAINTY_AWARE_UCB_009,Uncertainty-Aware UCB-VAE — vae_019 + ucb_009,51,6,train,0.0177147,-255.57015999999965,-25.557015999999965,-3.2282839687022835,21.067782139416067,-0.14626131355762578,62.637006195971104,27
GAS,BAD,UNCERTAINTY_AWARE_UCB_009,Uncertainty-Aware UCB-VAE — vae_019 + ucb_009,51,6,test,0.0177147,0.0,0.0,0.0,0.0,0.0,0.0,0
GAS,BAD,UNCERTAINTY_AWARE_UCB_009,Uncertainty-Aware UCB-VAE — vae_019 + ucb_009,51,7,train,0.015943230000000003,-185.3407099999996,-18.53407099999996,-2.253397503048682,21.00423775094087,-0.09925579673813142,61.533169144839306,28
GAS,BAD,UNCERTAINTY_AWARE_UCB_009,Uncertainty-Aware UCB-VAE — vae_019 + ucb_009,51,7,test,0.015943230000000003,0.0,0.0,0.0,0.0,0.0,0.0,0
GAS,BAD,UNCERTAINTY_AWARE_UCB_009,Uncertainty-Aware UCB-VAE — vae_019 + ucb_009,51,8,train,0.014348907000000001,-206.14565000000073,-20.614565000000074,-2.5341528282538883,21.76064342679492,-0.10168587788081712,62.72944520696737,28
GAS,BAD,UNCERTAINTY_AWARE_UCB_009,Uncertainty-Aware UCB-VAE — vae_019 + ucb_009,51,8,test,0.014348907000000001,0.0,0.0,0.0,0.0,0.0,0.0,0
GAS,BAD,UNCERTAINTY_AWARE_UCB_009,Uncertainty-Aware UCB-VAE — vae_019 + ucb_009,51,9,train,0.012914016300000003,-318.4594899999996,-31.845948999999962,-4.173328554341083,22.6449710654181,-0.16459454911674415,71.7992485168285,30
GAS,BAD,UNCERTAINTY_AWARE_UCB_009,Uncertainty-Aware UCB-VAE — vae_019 + ucb_009,51,9,test,0.012914016300000003,-0.8124599999998736,-0.08124599999998736,-0.04099596307297615,4.180595509439377,-0.4674259928877524,2.9733612531124822,0
GAS,BAD,UNCERTAINTY_AWARE_UCB_009,Uncertainty-Aware UCB-VAE — vae_019 + ucb_009,51,10,train,0.011622614670000002,-330.5790699999998,-33.05790699999997,-4.36431140970337,22.412665062132497,-0.17763106283971397,68.52651717514787,29
GAS,BAD,UNCERTAINTY_AWARE_UCB_009,Uncertainty-Aware UCB-VAE — vae_019 + ucb_009,51,10,test,0.011622614670000002,4.1941200000002254,0.41941200000002254,0.21136931279586157,4.196974882210313,-0.40517651357119605,2.9733612531124822,0
GAS,BAD,UNCERTAINTY_AWARE_UCB_009,Uncertainty-Aware UCB-VAE — vae_019 + ucb_009,51,11,train,0.010460353203000003,-234.39795000000026,-23.43979500000003,-2.92606682813894,22.923765194209412,-0.10299214896559977,68.79449255927346,29
GAS,BAD,UNCERTAINTY_AWARE_UCB_009,Uncertainty-Aware UCB-VAE — vae_019 + ucb_009,51,11,test,0.010460353203000003,-5.715779999999654,-0.5715779999999654,-0.2887642967423609,4.375317504525593,-0.5015985088892847,3.689555999999982,0
GAS,BAD,UNCERTAINTY_AWARE_UCB_009,Uncertainty-Aware UCB-VAE — vae_019 + ucb_009,51,12,train,0.01,-234.99224000000038,-23.499224000000037,-2.9344479600483586,22.89602878469675,-0.1037985216823671,69.00672443962917,28
GAS,BAD,UNCERTAINTY_AWARE_UCB_009,Uncertainty-Aware UCB-VAE — vae_019 + ucb_009,51,12,test,0.01,-5.715779999999654,-0.5715779999999654,-0.2887642967423609,4.375317504525593,-0.5015985088892847,3.689555999999982,0
GAS,BAD,UNCERTAINTY_AWARE_UCB_009,Uncertainty-Aware UCB-VAE — vae_019 + ucb_009,51,13,train,0.01,-282.73962000000074,-28.273962000000076,-3.627503353970163,23.609241785313518,-0.12430392762434024,72.44060205889136,29
GAS,BAD,UNCERTAINTY_AWARE_UCB_009,Uncertainty-Aware UCB-VAE — vae_019 + ucb_009,51,13,test,0.01,-5.715779999999654,-0.5715779999999654,-0.2887642967423609,4.375317504525593,-0.5015985088892847,3.689555999999982,0
GAS,BAD,UNCERTAINTY_AWARE_UCB_009,Uncertainty-Aware UCB-VAE — vae_019 + ucb_009,51,14,train,0.01,-205.3213400000003,-20.53213400000003,-2.5229053094122156,23.044975712778538,-0.08303977828916796,68.41328230924859,30
GAS,BAD,UNCERTAINTY_AWARE_UCB_009,Uncertainty-Aware UCB-VAE — vae_019 + ucb_009,51,14,test,0.01,-5.715779999999654,-0.5715779999999654,-0.2887642967423609,4.375317504525593,-0.5015985088892847,3.689555999999982,0
GAS,BAD,UNCERTAINTY_AWARE_UCB_009,Uncertainty-Aware UCB-VAE — vae_019 + ucb_009,51,15,train,0.01,-192.36648000000082,-19.23664800000008,-2.347487793459546,23.426580226101677,-0.07025643822457842,69.34566899795588,29
GAS,BAD,UNCERTAINTY_AWARE_UCB_009,Uncertainty-Aware UCB-VAE — vae_019 + ucb_009,51,15,test,0.01,-5.715779999999654,-0.5715779999999654,-0.2887642967423609,4.375317504525593,-0.5015985088892847,3.689555999999982,0
GAS,BAD,UNCERTAINTY_AWARE_UCB_009,Uncertainty-Aware UCB-VAE — vae_019 + ucb_009,51,16,train,0.01,104.44572999999855,10.444572999999854,1.1106968395476757,23.108651949216068,0.0774729098567908,68.25374446797508,29
GAS,BAD,UNCERTAINTY_AWARE_UCB_009,Uncertainty-Aware UCB-VAE — vae_019 + ucb_009,51,16,test,0.01,-5.715779999999654,-0.5715779999999654,-0.2887642967423609,4.375317504525593,-0.5015985088892847,3.689555999999982,0
GAS,BAD,UNCERTAINTY_AWARE_UCB_009,Uncertainty-Aware UCB-VAE — vae_019 + ucb_009,51,17,train,0.01,-365.1123800000007,-36.51123800000008,-4.925858332487354,24.333028642110875,-0.16967569212145056,74.35316057355021,33
GAS,BAD,UNCERTAINTY_AWARE_UCB_009,Uncertainty-Aware UCB-VAE — vae_019 + ucb_009,51,17,test,0.01,15.424990000000093,1.5424990000000094,0.7752224618304826,5.290025975611379,-0.20530077018942725,4.539404999999988,0
GAS,BAD,UNCERTAINTY_AWARE_UCB_009,Uncertainty-Aware UCB-VAE — vae_019 + ucb_009,51,18,train,0.01,-9.346820000000662,-0.9346820000000662,-0.10435892672957525,23.933146446234417,0.031991895938646694,71.75144207480095,31
GAS,BAD,UNCERTAINTY_AWARE_UCB_009,Uncertainty-Aware UCB-VAE — vae_019 + ucb_009,51,18,test,0.01,15.424990000000093,1.5424990000000094,0.7752224618304826,5.290025975611379,-0.20530077018942725,4.539404999999988,0
GAS,BAD,UNCERTAINTY_AWARE_UCB_009,Uncertainty-Aware UCB-VAE — vae_019 + ucb_009,51,19,train,0.01,-115.75347000000045,-11.575347000000043,-1.3585060397645732,23.608004425117233,-0.0248632738460368,68.79072190168634,29
GAS,BAD,UNCERTAINTY_AWARE_UCB_009,Uncertainty-Aware UCB-VAE — vae_019 + ucb_009,51,19,test,0.01,11.84141000000011,1.184141000000011,0.5956437237091716,5.29507006249005,-0.23885131218714079,4.897762999999986,0
GAS,BAD,UNCERTAINTY_AWARE_UCB_009,Uncertainty-Aware UCB-VAE — vae_019 + ucb_009,51,20,train,0.01,-58.614910000000805,-5.861491000000081,-0.6693537824820628,24.548110835052388,0.013874224408442912,70.16954380573746,32
GAS,BAD,UNCERTAINTY_AWARE_UCB_009,Uncertainty-Aware UCB-VAE — vae_019 + ucb_009,51,20,test,0.01,11.84141000000011,1.184141000000011,0.5956437237091716,5.29507006249005,-0.23885131218714079,4.897762999999986,0
GAS,BAD,UNCERTAINTY_AWARE_UCB_009,Uncertainty-Aware UCB-VAE — vae_019 + ucb_009,51,21,train,0.01,-71.85341000000051,-7.185341000000051,-0.8256467439072712,24.68986542836219,0.008768662593544195,71.72330974519676,32
GAS,BAD,UNCERTAINTY_AWARE_UCB_009,Uncertainty-Aware UCB-VAE — vae_019 + ucb_009,51,21,test,0.01,122.73447000000033,12.273447000000033,6.014243697221389,7.020675355978533,0.5843637806958938,4.36909686390349,0
GAS,BAD,UNCERTAINTY_AWARE_UCB_009,Uncertainty-Aware UCB-VAE — vae_019 + ucb_009,51,22,train,0.01,-146.61281000000054,-14.661281000000054,-1.7473373026107852,24.107485529993514,-0.03591570544801012,69.57259925754968,32
GAS,BAD,UNCERTAINTY_AWARE_UCB_009,Uncertainty-Aware UCB-VAE — vae_019 + ucb_009,51,22,test,0.01,104.89201000000003,10.489201000000001,5.16092004824984,7.519906533194049,0.44255210494839975,5.2181071093978915,0
GAS,BAD,UNCERTAINTY_AWARE_UCB_009,Uncertainty-Aware UCB-VAE — vae_019 + ucb_009,51,23,train,0.01,-145.60100000000034,-14.560100000000034,-1.7343916691762606,24.035899844856022,-0.0361859721715146,69.58657005966836,32
GAS,BAD,UNCERTAINTY_AWARE_UCB_009,Uncertainty-Aware UCB-VAE — vae_019 + ucb_009,51,23,test,0.01,104.89201000000003,10.489201000000001,5.16092004824984,7.519906533194049,0.44255210494839975,5.2181071093978915,0
GAS,BAD,UNCERTAINTY_AWARE_UCB_009,Uncertainty-Aware UCB-VAE — vae_019 + ucb_009,51,24,train,0.01,-168.86495000000082,-16.88649500000008,-2.0355490767711037,24.534417688088535,-0.04314004768215864,70.19776228134303,31
GAS,BAD,UNCERTAINTY_AWARE_UCB_009,Uncertainty-Aware UCB-VAE — vae_019 + ucb_009,51,24,test,0.01,104.89201000000003,10.489201000000001,5.16092004824984,7.519906533194049,0.44255210494839975,5.2181071093978915,0
GAS,BAD,UNCERTAINTY_AWARE_UCB_009,Uncertainty-Aware UCB-VAE — vae_019 + ucb_009,51,25,train,0.01,-198.73187000000064,-19.873187000000065,-2.4333644290569723,24.66077173064567,-0.05829125013282494,68.8684122572987,30
GAS,BAD,UNCERTAINTY_AWARE_UCB_009,Uncertainty-Aware UCB-VAE — vae_019 + ucb_009,51,25,test,0.01,104.89201000000003,10.489201000000001,5.16092004824984,7.519906533194049,0.44255210494839975,5.2181071093978915,0
GAS,BAD,UNCERTAINTY_AWARE_UCB_009,Uncertainty-Aware UCB-VAE — vae_019 + ucb_009,51,26,train,0.01,-189.5887000000008,-18.95887000000008,-2.3102006688716203,25.20603839715908,-0.04663945936817628,71.54293868274172,30
GAS,BAD,UNCERTAINTY_AWARE_UCB_009,Uncertainty-Aware UCB-VAE — vae_019 + ucb_009,51,26,test,0.01,104.89201000000003,10.489201000000001,5.16092004824984,7.519906533194049,0.44255210494839975,5.2181071093978915,0
GAS,BAD,UNCERTAINTY_AWARE_UCB_009,Uncertainty-Aware UCB-VAE — vae_019 + ucb_009,51,27,train,0.01,31.157129999999142,3.1157129999999142,0.3417226968994269,25.25206322491925,0.06083873686016845,73.32543449376053,32
GAS,BAD,UNCERTAINTY_AWARE_UCB_009,Uncertainty-Aware UCB-VAE — vae_019 + ucb_009,51,27,test,0.01,116.37787000000026,11.637787000000026,5.7110122805311025,7.483095819312828,0.5143178972933881,5.1644258205482485,0
GAS,BAD,UNCERTAINTY_AWARE_UCB_009,Uncertainty-Aware UCB-VAE — vae_019 + ucb_009,51,28,train,0.01,-149.02262000000053,-14.902262000000052,-1.778224712850518,25.28125444814251,-0.024071704018390476,71.42893799502572,33
GAS,BAD,UNCERTAINTY_AWARE_UCB_009,Uncertainty-Aware UCB-VAE — vae_019 + ucb_009,51,28,test,0.01,122.9393399999999,12.29393399999999,6.024002522806815,8.132039954410715,0.5159865334769784,5.104219273932926,0
GAS,BAD,UNCERTAINTY_AWARE_UCB_009,Uncertainty-Aware UCB-VAE — vae_019 + ucb_009,51,29,train,0.01,-195.9402100000009,-19.59402100000009,-2.3956272568448678,25.209638402366597,-0.05010713063157994,73.00034847935589,30
GAS,BAD,UNCERTAINTY_AWARE_UCB_009,Uncertainty-Aware UCB-VAE — vae_019 + ucb_009,51,29,test,0.01,134.5666699999997,13.45666699999997,6.576422955930017,8.243145008467922,0.5733858737228554,5.130321766158364,0
GAS,BAD,UNCERTAINTY_AWARE_UCB_009,Uncertainty-Aware UCB-VAE — vae_019 + ucb_009,51,30,train,0.01,-40.024150000000304,-4.00241500000003,-0.45313831169424557,25.426785920954643,0.030624403483818615,72.0319992707898,33
GAS,BAD,UNCERTAINTY_AWARE_UCB_009,Uncertainty-Aware UCB-VAE — vae_019 + ucb_009,51,30,test,0.01,119.52282999999989,11.952282999999989,5.861144186731315,8.354818713788113,0.48597523433600387,5.681790348856379,0
GAS,BAD,UNCERTAINTY_AWARE_UCB_009,Uncertainty-Aware UCB-VAE — vae_019 + ucb_009,51,31,train,0.01,-239.51218000000063,-23.95121800000006,-2.9983816684101217,25.445349979099184,-0.07182710255731203,72.72238565222634,32
GAS,BAD,UNCERTAINTY_AWARE_UCB_009,Uncertainty-Aware UCB-VAE — vae_019 + ucb_009,51,31,test,0.01,119.52282999999989,11.952282999999989,5.861144186731315,8.354818713788113,0.48597523433600387,5.681790348856379,0
GAS,BAD,UNCERTAINTY_AWARE_UCB_009,Uncertainty-Aware UCB-VAE — vae_019 + ucb_009,51,32,train,0.01,-237.98497000000089,-23.798497000000086,-2.976741877759037,25.387488337060844,-0.07169040607315515,72.45003789785004,32
GAS,BAD,UNCERTAINTY_AWARE_UCB_009,Uncertainty-Aware UCB-VAE — vae_019 + ucb_009,51,32,test,0.01,119.52282999999989,11.952282999999989,5.861144186731315,8.354818713788113,0.48597523433600387,5.681790348856379,0
GAS,BAD,UNCERTAINTY_AWARE_UCB_009,Uncertainty-Aware UCB-VAE — vae_019 + ucb_009,51,33,train,0.01,-141.57400000000064,-14.157400000000065,-1.6830027640950984,25.323565191171383,-0.019778163782513354,70.76942646899623,32
GAS,BAD,UNCERTAINTY_AWARE_UCB_009,Uncertainty-Aware UCB-VAE — vae_019 + ucb_009,51,33,test,0.01,119.52282999999989,11.952282999999989,5.861144186731315,8.354818713788113,0.48597523433600387,5.681790348856379,0
GAS,BAD,UNCERTAINTY_AWARE_UCB_009,Uncertainty-Aware UCB-VAE — vae_019 + ucb_009,51,34,train,0.01,-223.5906600000011,-22.359066000000112,-2.774654134143051,25.87267533520009,-0.057444047917072694,73.54432479157143,31
GAS,BAD,UNCERTAINTY_AWARE_UCB_009,Uncertainty-Aware UCB-VAE — vae_019 + ucb_009,51,34,test,0.01,119.52282999999989,11.952282999999989,5.861144186731315,8.354818713788113,0.48597523433600387,5.681790348856379,0
GAS,BAD,UNCERTAINTY_AWARE_UCB_009,Uncertainty-Aware UCB-VAE — vae_019 + ucb_009,51,35,train,0.01,-242.21211000000108,-24.221211000000107,-3.036732984965551,25.451833061510932,-0.07330216414634229,71.99917080534645,31
GAS,BAD,UNCERTAINTY_AWARE_UCB_009,Uncertainty-Aware UCB-VAE — vae_019 + ucb_009,51,35,test,0.01,119.52282999999989,11.952282999999989,5.861144186731315,8.354818713788113,0.48597523433600387,5.681790348856379,0
GAS,BAD,UNCERTAINTY_AWARE_UCB_009,Uncertainty-Aware UCB-VAE — vae_019 + ucb_009,51,36,train,0.01,-243.05422000000067,-24.305422000000068,-3.0487196351512647,25.46622543972688,-0.07359831361780934,71.98855300668811,31
GAS,BAD,UNCERTAINTY_AWARE_UCB_009,Uncertainty-Aware UCB-VAE — vae_019 + ucb_009,51,36,test,0.01,139.22967999999992,13.92296799999999,6.797176445532016,8.630644068804221,0.5754966268248687,5.9285580453624185,0
GAS,BAD,UNCERTAINTY_AWARE_UCB_009,Uncertainty-Aware UCB-VAE — vae_019 + ucb_009,51,37,train,0.01,-243.0555900000004,-24.30555900000004,-3.0487391454780632,25.524644522670396,-0.0728640593495639,72.15446999396754,32
GAS,BAD,UNCERTAINTY_AWARE_UCB_009,Uncertainty-Aware UCB-VAE — vae_019 + ucb_009,51,37,test,0.01,173.71871000000033,17.371871000000034,8.416225497233265,9.947604300188537,0.6632643907674819,5.0967041510771836,0
GAS,BAD,UNCERTAINTY_AWARE_UCB_009,Uncertainty-Aware UCB-VAE — vae_019 + ucb_009,51,38,train,0.01,-243.19226000000072,-24.31922600000007,-3.0506856363469392,25.634868514553105,-0.07153502482775569,72.85472638949616,32
GAS,BAD,UNCERTAINTY_AWARE_UCB_009,Uncertainty-Aware UCB-VAE — vae_019 + ucb_009,51,38,test,0.01,173.71871000000033,17.371871000000034,8.416225497233265,9.947604300188537,0.6632643907674819,5.0967041510771836,0
GAS,BAD,UNCERTAINTY_AWARE_UCB_009,Uncertainty-Aware UCB-VAE — vae_019 + ucb_009,51,39,train,0.01,-147.66465000000085,-14.766465000000084,-1.7608095716672323,25.58552467153617,-0.020066660288043516,73.00778970225916,32
GAS,BAD,UNCERTAINTY_AWARE_UCB_009,Uncertainty-Aware UCB-VAE — vae_019 + ucb_009,51,39,test,0.01,105.57811000000038,10.557811000000038,5.193858776114579,11.002023651577582,0.33463442156764756,7.502891275172499,0
GAS,BAD,UNCERTAINTY_AWARE_UCB_009,Uncertainty-Aware UCB-VAE — vae_019 + ucb_009,51,40,train,0.01,-171.19478000000072,-17.119478000000072,-2.0661206394793963,25.87962867335577,-0.02903825000497775,73.66574500331019,33
GAS,BAD,UNCERTAINTY_AWARE_UCB_009,Uncertainty-Aware UCB-VAE — vae_019 + ucb_009,51,40,test,0.01,112.2348599999998,11.22348599999998,5.512915908863225,10.579945534887008,0.372378715741022,7.502891275172499,0
GAS,BAD,UNCERTAINTY_AWARE_UCB_009,Uncertainty-Aware UCB-VAE — vae_019 + ucb_009,51,41,train,0.01,-177.90268000000071,-17.79026800000007,-2.154568870158502,25.895101603204264,-0.03238451124065903,73.55142406338506,33
GAS,BAD,UNCERTAINTY_AWARE_UCB_009,Uncertainty-Aware UCB-VAE — vae_019 + ucb_009,51,41,test,0.01,135.50985000000014,13.550985000000015,6.6211106494223015,10.878232845985107,0.46147214280643956,7.526092579817824,0
GAS,BAD,UNCERTAINTY_AWARE_UCB_009,Uncertainty-Aware UCB-VAE — vae_019 + ucb_009,51,42,train,0.01,-180.41266000000053,-18.041266000000054,-2.1878296502650274,25.753674016681405,-0.03530681538090868,72.57331476120939,31
GAS,BAD,UNCERTAINTY_AWARE_UCB_009,Uncertainty-Aware UCB-VAE — vae_019 + ucb_009,51,42,test,0.01,138.06548999999973,13.806548999999974,6.742104045767006,10.732845232916393,0.4768713490916187,6.971681543328052,0
GAS,BAD,UNCERTAINTY_AWARE_UCB_009,Uncertainty-Aware UCB-VAE — vae_019 + ucb_009,51,43,train,0.01,-179.88153000000057,-17.988153000000057,-2.1807838829668746,25.730130931959373,-0.03529815260507479,71.61635786493436,32
GAS,BAD,UNCERTAINTY_AWARE_UCB_009,Uncertainty-Aware UCB-VAE — vae_019 + ucb_009,51,43,test,0.01,138.06548999999973,13.806548999999974,6.742104045767006,10.732845232916393,0.4768713490916187,6.971681543328052,0
GAS,BAD,UNCERTAINTY_AWARE_UCB_009,Uncertainty-Aware UCB-VAE — vae_019 + ucb_009,51,44,train,0.01,-131.65339000000063,-13.165339000000062,-1.5573132891801733,25.7040054038111,-0.010688255782268959,69.75404388924412,33
GAS,BAD,UNCERTAINTY_AWARE_UCB_009,Uncertainty-Aware UCB-VAE — vae_019 + ucb_009,51,44,test,0.01,138.06548999999973,13.806548999999974,6.742104045767006,10.732845232916393,0.4768713490916187,6.971681543328052,0
GAS,BAD,UNCERTAINTY_AWARE_UCB_009,Uncertainty-Aware UCB-VAE — vae_019 + ucb_009,51,45,train,0.01,-140.38211000000058,-14.038211000000059,-1.6678340437751515,25.71668068526927,-0.014959098641031876,69.75404388924412,33
GAS,BAD,UNCERTAINTY_AWARE_UCB_009,Uncertainty-Aware UCB-VAE — vae_019 + ucb_009,51,45,test,0.01,138.06548999999973,13.806548999999974,6.742104045767006,10.732845232916393,0.4768713490916187,6.971681543328052,0
GAS,BAD,UNCERTAINTY_AWARE_UCB_009,Uncertainty-Aware UCB-VAE — vae_019 + ucb_009,52,1,train,0.03,305.74230999999986,30.574230999999983,3.0105889345240833,27.42239370210892,0.17323759132969926,59.14729689178139,30
GAS,BAD,UNCERTAINTY_AWARE_UCB_009,Uncertainty-Aware UCB-VAE — vae_019 + ucb_009,52,1,test,0.03,237.62245999999982,23.76224599999998,11.354998101128855,14.832822798389959,0.6665638335618538,14.9301897829919,1
GAS,BAD,UNCERTAINTY_AWARE_UCB_009,Uncertainty-Aware UCB-VAE — vae_019 + ucb_009,52,2,train,0.027,406.300559999999,40.6300559999999,3.8638452480600938,27.30134122666289,0.20325851450834,60.278256874675954,31
GAS,BAD,UNCERTAINTY_AWARE_UCB_009,Uncertainty-Aware UCB-VAE — vae_019 + ucb_009,52,2,test,0.027,237.62245999999982,23.76224599999998,11.354998101128855,14.832822798389959,0.6665638335618538,14.9301897829919,1
GAS,BAD,UNCERTAINTY_AWARE_UCB_009,Uncertainty-Aware UCB-VAE — vae_019 + ucb_009,52,3,train,0.024300000000000002,403.3153199999995,40.331531999999946,3.839307742854059,27.449909948274293,0.20276291501439658,59.429552678197695,29
GAS,BAD,UNCERTAINTY_AWARE_UCB_009,Uncertainty-Aware UCB-VAE — vae_019 + ucb_009,52,3,test,0.024300000000000002,134.32756000000086,13.432756000000085,6.56509104389138,14.778921812675042,0.370025894789959,17.626811913205714,1
GAS,BAD,UNCERTAINTY_AWARE_UCB_009,Uncertainty-Aware UCB-VAE — vae_019 + ucb_009,52,4,train,0.02187,327.20075999999904,32.72007599999991,3.1974534446844505,27.46727720254555,0.1800473303714199,59.627664174908176,29
GAS,BAD,UNCERTAINTY_AWARE_UCB_009,Uncertainty-Aware UCB-VAE — vae_019 + ucb_009,52,4,test,0.02187,160.53041000000076,16.053041000000075,7.799935853115092,14.98307517393031,0.4441692734264813,16.603678170788477,2
GAS,BAD,UNCERTAINTY_AWARE_UCB_009,Uncertainty-Aware UCB-VAE — vae_019 + ucb_009,52,5,train,0.019683,478.94343000000026,47.89434300000003,4.447113144971815,27.446154987261384,0.22422682079408715,58.934547813578774,30
GAS,BAD,UNCERTAINTY_AWARE_UCB_009,Uncertainty-Aware UCB-VAE — vae_019 + ucb_009,52,5,test,0.019683,115.8249900000003,11.582499000000029,5.6845976312493995,15.295377786102543,0.30830616688989465,17.59865676097263,1
GAS,BAD,UNCERTAINTY_AWARE_UCB_009,Uncertainty-Aware UCB-VAE — vae_019 + ucb_009,52,6,train,0.0177147,473.40018999999893,47.34001899999989,4.403513001794246,27.349647505054502,0.22248562327710736,59.695545056403276,32
GAS,BAD,UNCERTAINTY_AWARE_UCB_009,Uncertainty-Aware UCB-VAE — vae_019 + ucb_009,52,6,test,0.0177147,134.02268000000026,13.402268000000026,6.550640440107691,15.397461197249617,0.36036905756673715,16.321141792166742,1
GAS,BAD,UNCERTAINTY_AWARE_UCB_009,Uncertainty-Aware UCB-VAE — vae_019 + ucb_009,52,7,train,0.015943230000000003,431.8546500000002,43.18546500000002,4.072016194039607,27.476135997391815,0.21105292719493943,59.491776022330725,32
GAS,BAD,UNCERTAINTY_AWARE_UCB_009,Uncertainty-Aware UCB-VAE — vae_019 + ucb_009,52,7,test,0.015943230000000003,131.3553500000005,13.13553500000005,6.424133008625299,15.40432440114091,0.3525406159851193,16.526803224640602,1
GAS,BAD,UNCERTAINTY_AWARE_UCB_009,Uncertainty-Aware UCB-VAE — vae_019 + ucb_009,52,8,train,0.014348907000000001,456.8393000000001,45.68393000000001,4.27237992422449,27.644884583970423,0.2184913024664573,59.835073440471696,33
GAS,BAD,UNCERTAINTY_AWARE_UCB_009,Uncertainty-Aware UCB-VAE — vae_019 + ucb_009,52,8,test,0.014348907000000001,131.3553500000005,13.13553500000005,6.424133008625299,15.40432440114091,0.3525406159851193,16.526803224640602,1
GAS,BAD,UNCERTAINTY_AWARE_UCB_009,Uncertainty-Aware UCB-VAE — vae_019 + ucb_009,52,9,train,0.012914016300000003,557.7181099999998,55.771810999999985,5.051510459264819,27.444198771332985,0.24539520738058682,58.79358128783343,30
GAS,BAD,UNCERTAINTY_AWARE_UCB_009,Uncertainty-Aware UCB-VAE — vae_019 + ucb_009,52,9,test,0.012914016300000003,146.47460000000046,14.647460000000045,7.1392748771065495,15.355459819521789,0.39693027699244127,16.043497332640026,1
GAS,BAD,UNCERTAINTY_AWARE_UCB_009,Uncertainty-Aware UCB-VAE — vae_019 + ucb_009,52,10,train,0.011622614670000002,773.239409999999,77.32394099999989,6.576082254590587,28.15907523980336,0.2978330407594451,59.112061542745764,36
GAS,BAD,UNCERTAINTY_AWARE_UCB_009,Uncertainty-Aware UCB-VAE — vae_019 + ucb_009,52,10,test,0.011622614670000002,125.39679000000024,12.539679000000023,6.140992584450267,15.49670255359785,0.3341080591177568,16.18289498899896,1
GAS,BAD,UNCERTAINTY_AWARE_UCB_009,Uncertainty-Aware UCB-VAE — vae_019 + ucb_009,52,11,train,0.010460353203000003,464.41059999999834,46.44105999999984,4.332494807507148,27.438953882965066,0.2201493981794387,58.982810174510206,31
GAS,BAD,UNCERTAINTY_AWARE_UCB_009,Uncertainty-Aware UCB-VAE — vae_019 + ucb_009,52,11,test,0.010460353203000003,148.12505000000033,14.812505000000034,7.217057660732862,15.35130293715657,0.40173875577173757,15.916629535925377,1
GAS,BAD,UNCERTAINTY_AWARE_UCB_009,Uncertainty-Aware UCB-VAE — vae_019 + ucb_009,52,12,train,0.01,585.2579999999994,58.52579999999994,5.2564107527793835,27.54547489651532,0.2526780813591182,58.11010093571027,32
GAS,BAD,UNCERTAINTY_AWARE_UCB_009,Uncertainty-Aware UCB-VAE — vae_019 + ucb_009,52,12,test,0.01,156.3058500000002,15.63058500000002,7.601788929122133,15.40763797356954,0.4241907079749588,16.148822258447147,1
GAS,BAD,UNCERTAINTY_AWARE_UCB_009,Uncertainty-Aware UCB-VAE — vae_019 + ucb_009,52,13,train,0.01,463.0795999999991,46.30795999999991,4.321946928971343,27.639314208257744,0.22021314190347918,58.90164795000854,32
GAS,BAD,UNCERTAINTY_AWARE_UCB_009,Uncertainty-Aware UCB-VAE — vae_019 + ucb_009,52,13,test,0.01,155.40238000000022,15.540238000000024,7.559366428993464,15.343530648278241,0.4227008314399759,16.212713027595193,1
GAS,BAD,UNCERTAINTY_AWARE_UCB_009,Uncertainty-Aware UCB-VAE — vae_019 + ucb_009,52,14,train,0.01,437.6010800000013,43.76010800000012,4.1183731268527035,28.028584410337125,0.21392944760568394,63.03432151782854,30
GAS,BAD,UNCERTAINTY_AWARE_UCB_009,Uncertainty-Aware UCB-VAE — vae_019 + ucb_009,52,14,test,0.01,119.39702999999986,11.939702999999986,5.855142849658934,15.537459472645548,0.31622481079390163,16.15072621710781,1
GAS,BAD,UNCERTAINTY_AWARE_UCB_009,Uncertainty-Aware UCB-VAE — vae_019 + ucb_009,52,15,train,0.01,402.18198000000166,40.218198000000164,3.8299799797188117,27.717832553964094,0.2031126053123136,61.89009301279752,30
GAS,BAD,UNCERTAINTY_AWARE_UCB_009,Uncertainty-Aware UCB-VAE — vae_019 + ucb_009,52,15,test,0.01,143.58314999999993,14.358314999999994,7.002872092814294,15.520531371534249,0.38610499409568905,15.034222720151607,1
GAS,BAD,UNCERTAINTY_AWARE_UCB_009,Uncertainty-Aware UCB-VAE — vae_019 + ucb_009,52,16,train,0.01,275.6597800000018,27.56597800000018,2.743975243351948,27.83384127705529,0.16536133003671238,62.8696562027602,33
GAS,BAD,UNCERTAINTY_AWARE_UCB_009,Uncertainty-Aware UCB-VAE — vae_019 + ucb_009,52,16,test,0.01,165.11789,16.511789,8.014700661511153,15.137638768620745,0.45429828777983156,15.596026778700944,1
GAS,BAD,UNCERTAINTY_AWARE_UCB_009,Uncertainty-Aware UCB-VAE — vae_019 + ucb_009,52,17,train,0.01,255.81280000000106,25.581280000000106,2.5650000752095226,27.96973120351606,0.15962403508505194,64.21292456502673,34
GAS,BAD,UNCERTAINTY_AWARE_UCB_009,Uncertainty-Aware UCB-VAE — vae_019 + ucb_009,52,17,test,0.01,181.21315000000004,18.121315000000003,8.764912450233343,15.199719743279452,0.4987243756030586,14.001738128711525,1
GAS,BAD,UNCERTAINTY_AWARE_UCB_009,Uncertainty-Aware UCB-VAE — vae_019 + ucb_009,52,18,train,0.01,254.98026000000118,25.498026000000117,2.5574376302879953,27.9142224493394,0.15911983061346083,64.95220397497343,35
GAS,BAD,UNCERTAINTY_AWARE_UCB_009,Uncertainty-Aware UCB-VAE — vae_019 + ucb_009,52,18,test,0.01,171.19476000000031,17.11947600000003,8.298547782183995,15.084041572141599,0.4728364320113821,15.869405139699916,1
GAS,BAD,UNCERTAINTY_AWARE_UCB_009,Uncertainty-Aware UCB-VAE — vae_019 + ucb_009,52,19,train,0.01,324.06057000000214,32.40605700000022,3.1702765252416887,28.214403632223988,0.18165788162786825,67.59633934343373,29
GAS,BAD,UNCERTAINTY_AWARE_UCB_009,Uncertainty-Aware UCB-VAE — vae_019 + ucb_009,52,19,test,0.01,173.71798000000058,17.37179800000006,8.416191479541556,15.081709405683382,0.4801086149703252,15.630631373951537,1
GAS,BAD,UNCERTAINTY_AWARE_UCB_009,Uncertainty-Aware UCB-VAE — vae_019 + ucb_009,52,20,train,0.01,200.00041000000147,20.000041000000145,2.047873380249121,28.25104095360869,0.1427715112174458,68.66056999428642,35
GAS,BAD,UNCERTAINTY_AWARE_UCB_009,Uncertainty-Aware UCB-VAE — vae_019 + ucb_009,52,20,test,0.01,171.97996000000012,17.197996000000014,8.335170733757202,15.085605911987868,0.4750519555295869,15.761831408205108,1
GAS,BAD,UNCERTAINTY_AWARE_UCB_009,Uncertainty-Aware UCB-VAE — vae_019 + ucb_009,52,21,train,0.01,194.9871300000009,19.49871300000009,2.0003828446161664,28.350393301453558,0.1415911026245165,68.67392548503379,34
GAS,BAD,UNCERTAINTY_AWARE_UCB_009,Uncertainty-Aware UCB-VAE — vae_019 + ucb_009,52,21,test,0.01,171.97996000000012,17.197996000000014,8.335170733757202,15.085605911987868,0.4750519555295869,15.761831408205108,1
GAS,BAD,UNCERTAINTY_AWARE_UCB_009,Uncertainty-Aware UCB-VAE — vae_019 + ucb_009,52,22,train,0.01,748.3176500000022,74.83176500000023,6.408489925313332,28.764652922994234,0.29192235787644166,66.95437578812651,32
GAS,BAD,UNCERTAINTY_AWARE_UCB_009,Uncertainty-Aware UCB-VAE — vae_019 + ucb_009,52,22,test,0.01,168.9887700000004,16.89887700000004,8.195591815683677,15.090562103243983,0.4663743154713964,16.035931395763104,1
GAS,BAD,UNCERTAINTY_AWARE_UCB_009,Uncertainty-Aware UCB-VAE — vae_019 + ucb_009,52,23,train,0.01,245.19666000000188,24.51966600000019,2.4682318029747075,28.067536078387782,0.15665372007671463,68.5680834324456,33
GAS,BAD,UNCERTAINTY_AWARE_UCB_009,Uncertainty-Aware UCB-VAE — vae_019 + ucb_009,52,23,test,0.01,164.6432900000002,16.46432900000002,7.992501517731365,15.073254067818652,0.4542344644424664,15.600373829832906,1
GAS,BAD,UNCERTAINTY_AWARE_UCB_009,Uncertainty-Aware UCB-VAE — vae_019 + ucb_009,52,24,train,0.01,292.63090000000193,29.26309000000019,2.8950642928713854,28.431699739221038,0.17300074666352033,67.61983748471356,34
GAS,BAD,UNCERTAINTY_AWARE_UCB_009,Uncertainty-Aware UCB-VAE — vae_019 + ucb_009,52,24,test,0.01,174.28488000000016,17.428488000000016,8.442605623751298,15.260050483265545,0.47784608106717985,14.010412339102093,1
GAS,BAD,UNCERTAINTY_AWARE_UCB_009,Uncertainty-Aware UCB-VAE — vae_019 + ucb_009,52,25,train,0.01,820.9679099999998,82.09679099999998,6.891282258638198,29.104856365324526,0.3076182239739772,66.8034059043133,32
GAS,BAD,UNCERTAINTY_AWARE_UCB_009,Uncertainty-Aware UCB-VAE — vae_019 + ucb_009,52,25,test,0.01,157.40522000000033,15.740522000000032,7.653387781748844,16.06559194834735,0.4163556114807818,13.759289819867746,2
GAS,BAD,UNCERTAINTY_AWARE_UCB_009,Uncertainty-Aware UCB-VAE — vae_019 + ucb_009,52,26,train,0.01,185.56119000000103,18.556119000000106,1.9106099143443744,28.35819984268705,0.13857097749023728,69.02718627310944,34
GAS,BAD,UNCERTAINTY_AWARE_UCB_009,Uncertainty-Aware UCB-VAE — vae_019 + ucb_009,52,26,test,0.01,157.40522000000033,15.740522000000032,7.653387781748844,16.06559194834735,0.4163556114807818,13.759289819867746,2
GAS,BAD,UNCERTAINTY_AWARE_UCB_009,Uncertainty-Aware UCB-VAE — vae_019 + ucb_009,52,27,train,0.01,379.50582000000054,37.950582000000054,3.641925027829207,28.21753612282891,0.1979996326754294,65.0995392780188,34
GAS,BAD,UNCERTAINTY_AWARE_UCB_009,Uncertainty-Aware UCB-VAE — vae_019 + ucb_009,52,27,test,0.01,155.78561000000013,15.578561000000013,7.577363028441009,16.071300702747706,0.41185490115091744,13.764734708632394,2
GAS,BAD,UNCERTAINTY_AWARE_UCB_009,Uncertainty-Aware UCB-VAE — vae_019 + ucb_009,52,28,train,0.01,750.2276600000009,75.02276600000009,6.4214091267709605,29.15005353552621,0.29234232192869686,67.48930734601304,33
GAS,BAD,UNCERTAINTY_AWARE_UCB_009,Uncertainty-Aware UCB-VAE — vae_019 + ucb_009,52,28,test,0.01,119.61766999999963,11.961766999999963,5.865668344256658,16.05469879332346,0.3119072764876983,15.628953045352361,2
GAS,BAD,UNCERTAINTY_AWARE_UCB_009,Uncertainty-Aware UCB-VAE — vae_019 + ucb_009,52,29,train,0.01,659.3905499999992,65.93905499999991,5.792644561367655,28.9219485803751,0.27168625885970166,67.60104542796023,33
GAS,BAD,UNCERTAINTY_AWARE_UCB_009,Uncertainty-Aware UCB-VAE — vae_019 + ucb_009,52,29,test,0.01,174.28488000000016,17.428488000000016,8.442605623751298,15.260050483265545,0.47784608106717985,14.010412339102093,1
GAS,BAD,UNCERTAINTY_AWARE_UCB_009,Uncertainty-Aware UCB-VAE — vae_019 + ucb_009,52,30,train,0.01,746.9814200000001,74.69814200000002,6.399444279805655,29.22217094498951,0.2916401937641129,68.01325098915156,34
GAS,BAD,UNCERTAINTY_AWARE_UCB_009,Uncertainty-Aware UCB-VAE — vae_019 + ucb_009,52,30,test,0.01,119.61766999999963,11.961766999999963,5.865668344256658,16.05469879332346,0.3119072764876983,15.628953045352361,2
GAS,BAD,UNCERTAINTY_AWARE_UCB_009,Uncertainty-Aware UCB-VAE — vae_019 + ucb_009,52,31,train,0.01,604.6719199999989,60.46719199999988,5.398959950080795,29.023410742553914,0.258804317813568,68.65488551780221,32
GAS,BAD,UNCERTAINTY_AWARE_UCB_009,Uncertainty-Aware UCB-VAE — vae_019 + ucb_009,52,31,test,0.01,159.48062000000004,15.948062000000004,7.7507303777435865,15.305863088524902,0.43491811382188095,14.122407253278052,1
GAS,BAD,UNCERTAINTY_AWARE_UCB_009,Uncertainty-Aware UCB-VAE — vae_019 + ucb_009,52,32,train,0.01,755.0538200000001,75.50538200000001,6.453997255961341,29.157717215767725,0.2934235938046528,67.69044886991533,33
GAS,BAD,UNCERTAINTY_AWARE_UCB_009,Uncertainty-Aware UCB-VAE — vae_019 + ucb_009,52,32,test,0.01,159.48062000000004,15.948062000000004,7.7507303777435865,15.305863088524902,0.43491811382188095,14.122407253278052,1
GAS,BAD,UNCERTAINTY_AWARE_UCB_009,Uncertainty-Aware UCB-VAE — vae_019 + ucb_009,52,33,train,0.01,557.080370000002,55.708037000000196,5.046727562905029,29.124361127176158,0.24735973692609722,68.16479382098362,34
GAS,BAD,UNCERTAINTY_AWARE_UCB_009,Uncertainty-Aware UCB-VAE — vae_019 + ucb_009,52,33,test,0.01,159.59924000000024,15.959924000000022,7.756291408528759,15.30557857927804,0.43526162113566735,14.121119043273373,1
GAS,BAD,UNCERTAINTY_AWARE_UCB_009,Uncertainty-Aware UCB-VAE — vae_019 + ucb_009,52,34,train,0.01,711.737879999999,71.1737879999999,6.158613785405165,29.356978439954478,0.28387571895305475,68.93715668746917,34
GAS,BAD,UNCERTAINTY_AWARE_UCB_009,Uncertainty-Aware UCB-VAE — vae_019 + ucb_009,52,34,test,0.01,146.84503000000018,14.684503000000019,7.156737413087044,15.3306018229124,0.39830222121432746,15.88082073316856,1
GAS,BAD,UNCERTAINTY_AWARE_UCB_009,Uncertainty-Aware UCB-VAE — vae_019 + ucb_009,52,35,train,0.01,724.1292899999996,72.41292899999996,6.243786500516402,29.40202853511684,0.28662190371669743,68.8807736884709,34
GAS,BAD,UNCERTAINTY_AWARE_UCB_009,Uncertainty-Aware UCB-VAE — vae_019 + ucb_009,52,35,test,0.01,146.84503000000018,14.684503000000019,7.156737413087044,15.3306018229124,0.39830222121432746,15.88082073316856,1
GAS,BAD,UNCERTAINTY_AWARE_UCB_009,Uncertainty-Aware UCB-VAE — vae_019 + ucb_009,52,36,train,0.01,746.2797900000019,74.6279790000002,6.39469211381527,29.264789418213066,0.2915101313793205,67.83819640783058,33
GAS,BAD,UNCERTAINTY_AWARE_UCB_009,Uncertainty-Aware UCB-VAE — vae_019 + ucb_009,52,36,test,0.01,153.25296000000003,15.325296000000002,7.458374136722301,15.689844716255442,0.4107989839518989,14.564161224269373,2
GAS,BAD,UNCERTAINTY_AWARE_UCB_009,Uncertainty-Aware UCB-VAE — vae_019 + ucb_009,52,37,train,0.01,757.8544000000011,75.78544000000011,6.472871370598354,29.26266598901727,0.29403440757247273,67.99949606878852,34
GAS,BAD,UNCERTAINTY_AWARE_UCB_009,Uncertainty-Aware UCB-VAE — vae_019 + ucb_009,52,37,test,0.01,159.93960999999967,15.993960999999967,7.7722467486951885,15.230540362403925,0.4376433480812502,16.056158719374626,1
GAS,BAD,UNCERTAINTY_AWARE_UCB_009,Uncertainty-Aware UCB-VAE — vae_019 + ucb_009,52,38,train,0.01,679.6821400000015,67.96821400000015,5.9357082290615315,29.11866601146374,0.2765087821452999,67.48902953702442,32
GAS,BAD,UNCERTAINTY_AWARE_UCB_009,Uncertainty-Aware UCB-VAE — vae_019 + ucb_009,52,38,test,0.01,154.65640999999937,15.465640999999936,7.52432696252352,15.197614522615913,0.4230623811562959,16.040844558638952,1
GAS,BAD,UNCERTAINTY_AWARE_UCB_009,Uncertainty-Aware UCB-VAE — vae_019 + ucb_009,52,39,train,0.01,679.3617100000008,67.93617100000007,5.933461037412702,29.119498738818923,0.2764277301292156,67.600301722529,32
GAS,BAD,UNCERTAINTY_AWARE_UCB_009,Uncertainty-Aware UCB-VAE — vae_019 + ucb_009,52,39,test,0.01,166.2437599999996,16.62437599999996,8.067344671692078,15.234074697921976,0.455569966313944,14.421336890608186,1
GAS,BAD,UNCERTAINTY_AWARE_UCB_009,Uncertainty-Aware UCB-VAE — vae_019 + ucb_009,52,40,train,0.01,661.7070100000001,66.17070100000001,5.809054888681375,29.243884837508155,0.2724642253272815,69.32765196939812,33
GAS,BAD,UNCERTAINTY_AWARE_UCB_009,Uncertainty-Aware UCB-VAE — vae_019 + ucb_009,52,40,test,0.01,175.09668999999963,17.509668999999963,8.48042010648018,15.23822803833006,0.4806042150320395,14.931151136478618,1
GAS,BAD,UNCERTAINTY_AWARE_UCB_009,Uncertainty-Aware UCB-VAE — vae_019 + ucb_009,52,41,train,0.01,950.8039600000011,95.0803960000001,7.712980917001522,29.33626206725453,0.33382888512906256,67.7236200466496,35
GAS,BAD,UNCERTAINTY_AWARE_UCB_009,Uncertainty-Aware UCB-VAE — vae_019 + ucb_009,52,41,test,0.01,153.25296000000003,15.325296000000002,7.458374136722301,15.689844716255442,0.4107989839518989,14.564161224269373,2
GAS,BAD,UNCERTAINTY_AWARE_UCB_009,Uncertainty-Aware UCB-VAE — vae_019 + ucb_009,52,42,train,0.01,757.2089600000022,75.72089600000022,6.46852388982786,29.296277820016215,0.2938862560856113,67.86586975244573,34
GAS,BAD,UNCERTAINTY_AWARE_UCB_009,Uncertainty-Aware UCB-VAE — vae_019 + ucb_009,52,42,test,0.01,159.93960999999967,15.993960999999967,7.7722467486951885,15.230540362403925,0.4376433480812502,16.056158719374626,1
GAS,BAD,UNCERTAINTY_AWARE_UCB_009,Uncertainty-Aware UCB-VAE — vae_019 + ucb_009,52,43,train,0.01,753.5217699999998,75.35217699999998,6.443660890318226,29.36233369215879,0.2930734851180775,67.98773813803183,34
GAS,BAD,UNCERTAINTY_AWARE_UCB_009,Uncertainty-Aware UCB-VAE — vae_019 + ucb_009,52,43,test,0.01,161.37924999999973,16.13792499999997,7.839706329548535,15.226593283514301,0.44184005844235574,15.947979450988678,1
GAS,BAD,UNCERTAINTY_AWARE_UCB_009,Uncertainty-Aware UCB-VAE — vae_019 + ucb_009,52,44,train,0.01,810.3226200000004,81.03226200000003,6.821622281725115,29.46319228398003,0.3052491276324218,68.15384698600326,37
GAS,BAD,UNCERTAINTY_AWARE_UCB_009,Uncertainty-Aware UCB-VAE — vae_019 + ucb_009,52,44,test,0.01,171.69076999999993,17.169076999999994,8.321683876252873,15.188801159346541,0.4720198728515856,15.811095520389443,1
GAS,BAD,UNCERTAINTY_AWARE_UCB_009,Uncertainty-Aware UCB-VAE — vae_019 + ucb_009,52,45,train,0.01,679.023759999998,67.9023759999998,5.931090564162234,28.840303430046283,0.2761817864172224,67.38164125201898,32
GAS,BAD,UNCERTAINTY_AWARE_UCB_009,Uncertainty-Aware UCB-VAE — vae_019 + ucb_009,52,45,test,0.01,150.02151000000026,15.002151000000028,7.306366082963089,15.139167288903593,0.41061926978681623,17.024378014738414,1
GAS,BAD,UNCERTAINTY_AWARE_UCB_009,Uncertainty-Aware UCB-VAE — vae_019 + ucb_009,53,1,train,0.03,-30.51263999999992,-3.051263999999992,-0.3439523084286744,31.12168266637618,0.08048968051124457,71.95227380957856,52
GAS,BAD,UNCERTAINTY_AWARE_UCB_009,Uncertainty-Aware UCB-VAE — vae_019 + ucb_009,53,1,test,0.03,-185.9009799999999,-18.590097999999987,-9.855828717220083,29.97156638778986,-0.2635657849600766,28.538694680951625,10
GAS,BAD,UNCERTAINTY_AWARE_UCB_009,Uncertainty-Aware UCB-VAE — vae_019 + ucb_009,53,2,train,0.027,-28.065089999999827,-2.806508999999983,-0.31601007095204414,31.04019844450959,0.08079487146117054,71.79238040492034,52
GAS,BAD,UNCERTAINTY_AWARE_UCB_009,Uncertainty-Aware UCB-VAE — vae_019 + ucb_009,53,2,test,0.027,-185.9009799999999,-18.590097999999987,-9.855828717220083,29.97156638778986,-0.2635657849600766,28.538694680951625,10
GAS,BAD,UNCERTAINTY_AWARE_UCB_009,Uncertainty-Aware UCB-VAE — vae_019 + ucb_009,53,3,train,0.024300000000000002,-22.591539999999895,-2.2591539999999894,-0.2537474010685603,30.870451542730187,0.08157603506431134,71.43480464750296,52
GAS,BAD,UNCERTAINTY_AWARE_UCB_009,Uncertainty-Aware UCB-VAE — vae_019 + ucb_009,53,3,test,0.024300000000000002,-183.0181,-18.301810000000003,-9.694927948640963,29.744154860998467,-0.26185930826636933,28.46518763838918,10
GAS,BAD,UNCERTAINTY_AWARE_UCB_009,Uncertainty-Aware UCB-VAE — vae_019 + ucb_009,53,4,train,0.02187,-14.869209999999839,-1.486920999999984,-0.16642941644998688,30.61853055709512,0.08259428391415569,70.89606309158268,50
GAS,BAD,UNCERTAINTY_AWARE_UCB_009,Uncertainty-Aware UCB-VAE — vae_019 + ucb_009,53,4,test,0.02187,-183.0181,-18.301810000000003,-9.694927948640963,29.744154860998467,-0.26185930826636933,28.46518763838918,10
GAS,BAD,UNCERTAINTY_AWARE_UCB_009,Uncertainty-Aware UCB-VAE — vae_019 + ucb_009,53,5,train,0.019683,-14.869209999999839,-1.486920999999984,-0.16642941644998688,30.61853055709512,0.08259428391415569,70.89606309158268,50
GAS,BAD,UNCERTAINTY_AWARE_UCB_009,Uncertainty-Aware UCB-VAE — vae_019 + ucb_009,53,5,test,0.019683,-183.0181,-18.301810000000003,-9.694927948640963,29.744154860998467,-0.26185930826636933,28.46518763838918,10
GAS,BAD,UNCERTAINTY_AWARE_UCB_009,Uncertainty-Aware UCB-VAE — vae_019 + ucb_009,53,6,train,0.0177147,-14.869209999999839,-1.486920999999984,-0.16642941644998688,30.6077598930774,0.08251440155151384,70.89606309158268,50
GAS,BAD,UNCERTAINTY_AWARE_UCB_009,Uncertainty-Aware UCB-VAE — vae_019 + ucb_009,53,6,test,0.0177147,-183.0181,-18.301810000000003,-9.694927948640963,29.744154860998467,-0.26185930826636933,28.46518763838918,10
GAS,BAD,UNCERTAINTY_AWARE_UCB_009,Uncertainty-Aware UCB-VAE — vae_019 + ucb_009,53,7,train,0.015943230000000003,-28.073149999999828,-2.8073149999999827,-0.31610198454098404,30.824180182243516,0.0792224684598102,71.75966584778823,52
GAS,BAD,UNCERTAINTY_AWARE_UCB_009,Uncertainty-Aware UCB-VAE — vae_019 + ucb_009,53,7,test,0.015943230000000003,-183.0181,-18.301810000000003,-9.694927948640963,29.744154860998467,-0.26185930826636933,28.46518763838918,10
GAS,BAD,UNCERTAINTY_AWARE_UCB_009,Uncertainty-Aware UCB-VAE — vae_019 + ucb_009,53,8,train,0.014348907000000001,45.81515000000036,4.581515000000036,0.4993237289295793,30.30500272829094,0.10247239353154204,69.28223833142711,52
GAS,BAD,UNCERTAINTY_AWARE_UCB_009,Uncertainty-Aware UCB-VAE — vae_019 + ucb_009,53,8,test,0.014348907000000001,-183.0181,-18.301810000000003,-9.694927948640963,29.744154860998467,-0.26185930826636933,28.46518763838918,10
GAS,BAD,UNCERTAINTY_AWARE_UCB_009,Uncertainty-Aware UCB-VAE — vae_019 + ucb_009,53,9,train,0.012914016300000003,52.037950000000365,5.203795000000037,0.5656374307536183,30.12577073537215,0.10349168966395861,68.8752365401954,50
GAS,BAD,UNCERTAINTY_AWARE_UCB_009,Uncertainty-Aware UCB-VAE — vae_019 + ucb_009,53,9,test,0.012914016300000003,-183.0181,-18.301810000000003,-9.694927948640963,29.744154860998467,-0.26185930826636933,28.46518763838918,10
GAS,BAD,UNCERTAINTY_AWARE_UCB_009,Uncertainty-Aware UCB-VAE — vae_019 + ucb_009,53,10,train,0.011622614670000002,52.970050000000356,5.297005000000036,0.5755403816337656,30.099312548318835,0.10364780708346219,68.81311074945197,50
GAS,BAD,UNCERTAINTY_AWARE_UCB_009,Uncertainty-Aware UCB-VAE — vae_019 + ucb_009,53,10,test,0.011622614670000002,-183.0181,-18.301810000000003,-9.694927948640963,29.744154860998467,-0.26185930826636933,28.46518763838918,10
GAS,BAD,UNCERTAINTY_AWARE_UCB_009,Uncertainty-Aware UCB-VAE — vae_019 + ucb_009,53,11,train,0.010460353203000003,54.091170000000375,5.4091170000000375,0.5874412294412545,30.062413918833315,0.10380144563084906,68.7626874106716,50
GAS,BAD,UNCERTAINTY_AWARE_UCB_009,Uncertainty-Aware UCB-VAE — vae_019 + ucb_009,53,11,test,0.010460353203000003,-183.0181,-18.301810000000003,-9.694927948640963,29.744154860998467,-0.26185930826636933,28.46518763838918,10
GAS,BAD,UNCERTAINTY_AWARE_UCB_009,Uncertainty-Aware UCB-VAE — vae_019 + ucb_009,53,12,train,0.01,247.65129000000002,24.765129,2.4906712435412537,30.97893660741236,0.17074209989434552,70.34597148178379,50
GAS,BAD,UNCERTAINTY_AWARE_UCB_009,Uncertainty-Aware UCB-VAE — vae_019 + ucb_009,53,12,test,0.01,-183.0181,-18.301810000000003,-9.694927948640963,29.744154860998467,-0.26185930826636933,28.46518763838918,10
GAS,BAD,UNCERTAINTY_AWARE_UCB_009,Uncertainty-Aware UCB-VAE — vae_019 + ucb_009,53,13,train,0.01,248.1174799999999,24.811747999999987,2.4949285686504563,30.97678449386741,0.17086913209646398,70.28366030207421,50
GAS,BAD,UNCERTAINTY_AWARE_UCB_009,Uncertainty-Aware UCB-VAE — vae_019 + ucb_009,53,13,test,0.01,-183.0181,-18.301810000000003,-9.694927948640963,29.744154860998467,-0.26185930826636933,28.46518763838918,10
GAS,BAD,UNCERTAINTY_AWARE_UCB_009,Uncertainty-Aware UCB-VAE — vae_019 + ucb_009,53,14,train,0.01,302.0413800000001,30.204138000000015,2.9780848614049837,31.337364925321666,0.1876400672107092,71.14049382015139,52
GAS,BAD,UNCERTAINTY_AWARE_UCB_009,Uncertainty-Aware UCB-VAE — vae_019 + ucb_009,53,14,test,0.01,-183.0181,-18.301810000000003,-9.694927948640963,29.744154860998467,-0.26185930826636933,28.46518763838918,10
GAS,BAD,UNCERTAINTY_AWARE_UCB_009,Uncertainty-Aware UCB-VAE — vae_019 + ucb_009,53,15,train,0.01,306.6124900000002,30.66124900000002,3.018219553250634,31.344326586966975,0.1889019345193956,72.79430737992615,52
GAS,BAD,UNCERTAINTY_AWARE_UCB_009,Uncertainty-Aware UCB-VAE — vae_019 + ucb_009,53,15,test,0.01,-183.0181,-18.301810000000003,-9.694927948640963,29.744154860998467,-0.26185930826636933,28.46518763838918,10
GAS,BAD,UNCERTAINTY_AWARE_UCB_009,Uncertainty-Aware UCB-VAE — vae_019 + ucb_009,53,16,train,0.01,306.6124900000002,30.66124900000002,3.018219553250634,31.344326586966975,0.1889019345193956,72.79430737992615,52
GAS,BAD,UNCERTAINTY_AWARE_UCB_009,Uncertainty-Aware UCB-VAE — vae_019 + ucb_009,53,16,test,0.01,-183.0181,-18.301810000000003,-9.694927948640963,29.744154860998467,-0.26185930826636933,28.46518763838918,10
GAS,BAD,UNCERTAINTY_AWARE_UCB_009,Uncertainty-Aware UCB-VAE — vae_019 + ucb_009,53,17,train,0.01,116.3246800000004,11.63246800000004,1.2310392775873202,30.204036709373703,0.12602006623835918,68.40877521197112,50
GAS,BAD,UNCERTAINTY_AWARE_UCB_009,Uncertainty-Aware UCB-VAE — vae_019 + ucb_009,53,17,test,0.01,-183.0181,-18.301810000000003,-9.694927948640963,29.744154860998467,-0.26185930826636933,28.46518763838918,10
GAS,BAD,UNCERTAINTY_AWARE_UCB_009,Uncertainty-Aware UCB-VAE — vae_019 + ucb_009,53,18,train,0.01,116.92731000000049,11.69273100000005,1.237113974311499,30.18806120071771,0.12612734633377204,68.37101334929434,50
GAS,BAD,UNCERTAINTY_AWARE_UCB_009,Uncertainty-Aware UCB-VAE — vae_019 + ucb_009,53,18,test,0.01,-183.0181,-18.301810000000003,-9.694927948640963,29.744154860998467,-0.26185930826636933,28.46518763838918,10
GAS,BAD,UNCERTAINTY_AWARE_UCB_009,Uncertainty-Aware UCB-VAE — vae_019 + ucb_009,53,19,train,0.01,490.10208000000057,49.010208000000056,4.534442374572434,31.35294759595301,0.2359434965879068,68.57539411261459,52
GAS,BAD,UNCERTAINTY_AWARE_UCB_009,Uncertainty-Aware UCB-VAE — vae_019 + ucb_009,53,19,test,0.01,-183.0181,-18.301810000000003,-9.694927948640963,29.744154860998467,-0.26185930826636933,28.46518763838918,10
GAS,BAD,UNCERTAINTY_AWARE_UCB_009,Uncertainty-Aware UCB-VAE — vae_019 + ucb_009,53,20,train,0.01,299.5110000000002,29.951100000000018,2.95581405207328,31.4306543287006,0.18729854218844072,73.10821248483514,52
GAS,BAD,UNCERTAINTY_AWARE_UCB_009,Uncertainty-Aware UCB-VAE — vae_019 + ucb_009,53,20,test,0.01,-183.0181,-18.301810000000003,-9.694927948640963,29.744154860998467,-0.26185930826636933,28.46518763838918,10
GAS,BAD,UNCERTAINTY_AWARE_UCB_009,Uncertainty-Aware UCB-VAE — vae_019 + ucb_009,53,21,train,0.01,299.5110000000002,29.951100000000018,2.95581405207328,31.4306543287006,0.18729854218844072,73.10821248483514,52
GAS,BAD,UNCERTAINTY_AWARE_UCB_009,Uncertainty-Aware UCB-VAE — vae_019 + ucb_009,53,21,test,0.01,-183.0181,-18.301810000000003,-9.694927948640963,29.744154860998467,-0.26185930826636933,28.46518763838918,10
GAS,BAD,UNCERTAINTY_AWARE_UCB_009,Uncertainty-Aware UCB-VAE — vae_019 + ucb_009,53,22,train,0.01,299.5110000000002,29.951100000000018,2.95581405207328,31.4306543287006,0.18729854218844072,73.10821248483514,52
GAS,BAD,UNCERTAINTY_AWARE_UCB_009,Uncertainty-Aware UCB-VAE — vae_019 + ucb_009,53,22,test,0.01,-183.0181,-18.301810000000003,-9.694927948640963,29.744154860998467,-0.26185930826636933,28.46518763838918,10
GAS,BAD,UNCERTAINTY_AWARE_UCB_009,Uncertainty-Aware UCB-VAE — vae_019 + ucb_009,53,23,train,0.01,354.7254599999999,35.47254599999999,3.4332516724243867,31.16026601901951,0.20117461581698184,72.25702524943664,49
GAS,BAD,UNCERTAINTY_AWARE_UCB_009,Uncertainty-Aware UCB-VAE — vae_019 + ucb_009,53,23,test,0.01,-183.0181,-18.301810000000003,-9.694927948640963,29.744154860998467,-0.26185930826636933,28.46518763838918,10
GAS,BAD,UNCERTAINTY_AWARE_UCB_009,Uncertainty-Aware UCB-VAE — vae_019 + ucb_009,53,24,train,0.01,355.10824,35.510824,3.436500737776549,31.148910935771664,0.20123585906422123,72.28403513480215,49
GAS,BAD,UNCERTAINTY_AWARE_UCB_009,Uncertainty-Aware UCB-VAE — vae_019 + ucb_009,53,24,test,0.01,-183.0181,-18.301810000000003,-9.694927948640963,29.744154860998467,-0.26185930826636933,28.46518763838918,10
GAS,BAD,UNCERTAINTY_AWARE_UCB_009,Uncertainty-Aware UCB-VAE — vae_019 + ucb_009,53,25,train,0.01,361.04763,36.104763,3.4868104818857493,31.09094166490765,0.20260797344381193,72.04012648651823,50
GAS,BAD,UNCERTAINTY_AWARE_UCB_009,Uncertainty-Aware UCB-VAE — vae_019 + ucb_009,53,25,test,0.01,-183.0181,-18.301810000000003,-9.694927948640963,29.744154860998467,-0.26185930826636933,28.46518763838918,10
GAS,BAD,UNCERTAINTY_AWARE_UCB_009,Uncertainty-Aware UCB-VAE — vae_019 + ucb_009,53,26,train,0.01,356.2669000000003,35.62669000000003,3.4463305615592965,32.087603739761484,0.2048812726852385,72.72784521061062,52
GAS,BAD,UNCERTAINTY_AWARE_UCB_009,Uncertainty-Aware UCB-VAE — vae_019 + ucb_009,53,26,test,0.01,-183.0181,-18.301810000000003,-9.694927948640963,29.744154860998467,-0.26185930826636933,28.46518763838918,10
GAS,BAD,UNCERTAINTY_AWARE_UCB_009,Uncertainty-Aware UCB-VAE — vae_019 + ucb_009,53,27,train,0.01,819.5910400000005,81.95910400000005,6.88229279539434,31.818455632475175,0.3074733903353212,71.95786309805987,50
GAS,BAD,UNCERTAINTY_AWARE_UCB_009,Uncertainty-Aware UCB-VAE — vae_019 + ucb_009,53,27,test,0.01,-183.0181,-18.301810000000003,-9.694927948640963,29.744154860998467,-0.26185930826636933,28.46518763838918,10
GAS,BAD,UNCERTAINTY_AWARE_UCB_009,Uncertainty-Aware UCB-VAE — vae_019 + ucb_009,53,28,train,0.01,357.08554000000026,35.70855400000003,3.453271229566246,32.06075807976832,0.20499493192184204,72.69114557650641,52
GAS,BAD,UNCERTAINTY_AWARE_UCB_009,Uncertainty-Aware UCB-VAE — vae_019 + ucb_009,53,28,test,0.01,-183.0181,-18.301810000000003,-9.694927948640963,29.744154860998467,-0.26185930826636933,28.46518763838918,10
GAS,BAD,UNCERTAINTY_AWARE_UCB_009,Uncertainty-Aware UCB-VAE — vae_019 + ucb_009,53,29,train,0.01,357.08554000000026,35.70855400000003,3.453271229566246,32.06075807976832,0.20499493192184204,72.69114557650641,52
GAS,BAD,UNCERTAINTY_AWARE_UCB_009,Uncertainty-Aware UCB-VAE — vae_019 + ucb_009,53,29,test,0.01,-175.50058999999987,-17.550058999999987,-9.276675300456926,29.395281931927343,-0.2527567872592998,28.275277057112703,10
GAS,BAD,UNCERTAINTY_AWARE_UCB_009,Uncertainty-Aware UCB-VAE — vae_019 + ucb_009,53,30,train,0.01,311.32979000000023,31.13297900000002,3.059507168519904,31.605533211968602,0.19119144750722214,73.02096191148422,52
GAS,BAD,UNCERTAINTY_AWARE_UCB_009,Uncertainty-Aware UCB-VAE — vae_019 + ucb_009,53,30,test,0.01,-175.50058999999987,-17.550058999999987,-9.276675300456926,29.395281931927343,-0.2527567872592998,28.275277057112703,10
GAS,BAD,UNCERTAINTY_AWARE_UCB_009,Uncertainty-Aware UCB-VAE — vae_019 + ucb_009,53,31,train,0.01,311.32979000000023,31.13297900000002,3.059507168519904,31.605533211968602,0.19119144750722214,73.02096191148422,52
GAS,BAD,UNCERTAINTY_AWARE_UCB_009,Uncertainty-Aware UCB-VAE — vae_019 + ucb_009,53,31,test,0.01,-175.50058999999987,-17.550058999999987,-9.276675300456926,29.395281931927343,-0.2527567872592998,28.275277057112703,10
GAS,BAD,UNCERTAINTY_AWARE_UCB_009,Uncertainty-Aware UCB-VAE — vae_019 + ucb_009,53,32,train,0.01,311.32979000000023,31.13297900000002,3.059507168519904,31.605533211968602,0.19119144750722214,73.02096191148422,52
GAS,BAD,UNCERTAINTY_AWARE_UCB_009,Uncertainty-Aware UCB-VAE — vae_019 + ucb_009,53,32,test,0.01,-175.50058999999987,-17.550058999999987,-9.276675300456926,29.395281931927343,-0.2527567872592998,28.275277057112703,10
GAS,BAD,UNCERTAINTY_AWARE_UCB_009,Uncertainty-Aware UCB-VAE — vae_019 + ucb_009,53,33,train,0.01,311.32979000000023,31.13297900000002,3.059507168519904,31.605491913961494,0.19119128140469374,73.02096191148422,52
GAS,BAD,UNCERTAINTY_AWARE_UCB_009,Uncertainty-Aware UCB-VAE — vae_019 + ucb_009,53,33,test,0.01,-175.50058999999987,-17.550058999999987,-9.276675300456926,29.395281931927343,-0.2527567872592998,28.275277057112703,10
GAS,BAD,UNCERTAINTY_AWARE_UCB_009,Uncertainty-Aware UCB-VAE — vae_019 + ucb_009,53,34,train,0.01,356.42488000000026,35.64248800000003,3.447670251841628,32.09097364259724,0.2049332606954335,72.85100351573676,52
GAS,BAD,UNCERTAINTY_AWARE_UCB_009,Uncertainty-Aware UCB-VAE — vae_019 + ucb_009,53,34,test,0.01,-175.50058999999987,-17.550058999999987,-9.276675300456926,29.395281931927343,-0.2527567872592998,28.275277057112703,10
GAS,BAD,UNCERTAINTY_AWARE_UCB_009,Uncertainty-Aware UCB-VAE — vae_019 + ucb_009,53,35,train,0.01,357.6674500000004,35.766745000000036,3.458202569396307,32.06060901094364,0.20514441596282493,72.7744105445758,52
GAS,BAD,UNCERTAINTY_AWARE_UCB_009,Uncertainty-Aware UCB-VAE — vae_019 + ucb_009,53,35,test,0.01,-168.12321999999995,-16.812321999999995,-8.868052796052927,29.060074758773315,-0.24357342035833426,28.091354354025018,8
GAS,BAD,UNCERTAINTY_AWARE_UCB_009,Uncertainty-Aware UCB-VAE — vae_019 + ucb_009,53,36,train,0.01,299.2153800000003,29.92153800000003,2.9532096772418415,31.80527136235331,0.18871192070061774,73.7893967039731,52
GAS,BAD,UNCERTAINTY_AWARE_UCB_009,Uncertainty-Aware UCB-VAE — vae_019 + ucb_009,53,36,test,0.01,-168.12321999999995,-16.812321999999995,-8.868052796052927,29.060074758773315,-0.24357342035833426,28.091354354025018,8
GAS,BAD,UNCERTAINTY_AWARE_UCB_009,Uncertainty-Aware UCB-VAE — vae_019 + ucb_009,53,37,train,0.01,299.2153800000003,29.92153800000003,2.9532096772418415,31.80527136235331,0.18871192070061774,73.7893967039731,52
GAS,BAD,UNCERTAINTY_AWARE_UCB_009,Uncertainty-Aware UCB-VAE — vae_019 + ucb_009,53,37,test,0.01,-168.12321999999995,-16.812321999999995,-8.868052796052927,29.060074758773315,-0.24357342035833426,28.091354354025018,8
GAS,BAD,UNCERTAINTY_AWARE_UCB_009,Uncertainty-Aware UCB-VAE — vae_019 + ucb_009,53,38,train,0.01,298.30447000000026,29.830447000000028,2.9451813620249068,31.839581921396036,0.18860627523712528,73.84554589746743,52
GAS,BAD,UNCERTAINTY_AWARE_UCB_009,Uncertainty-Aware UCB-VAE — vae_019 + ucb_009,53,38,test,0.01,-168.12321999999995,-16.812321999999995,-8.868052796052927,29.060074758773315,-0.24357342035833426,28.091354354025018,8
GAS,BAD,UNCERTAINTY_AWARE_UCB_009,Uncertainty-Aware UCB-VAE — vae_019 + ucb_009,53,39,train,0.01,300.99178000000006,30.099178000000006,2.968851617001711,31.76261714333663,0.1890228410628778,73.67989804074259,52
GAS,BAD,UNCERTAINTY_AWARE_UCB_009,Uncertainty-Aware UCB-VAE — vae_019 + ucb_009,53,39,test,0.01,-168.12321999999995,-16.812321999999995,-8.868052796052927,29.060074758773315,-0.24357342035833426,28.091354354025018,8
GAS,BAD,UNCERTAINTY_AWARE_UCB_009,Uncertainty-Aware UCB-VAE — vae_019 + ucb_009,53,40,train,0.01,298.33913000000007,29.833913000000006,2.94548692992338,31.841596527987637,0.18862558479898056,73.8434094283909,52
GAS,BAD,UNCERTAINTY_AWARE_UCB_009,Uncertainty-Aware UCB-VAE — vae_019 + ucb_009,53,40,test,0.01,-162.21731999999997,-16.221731999999996,-8.54222545663179,28.784049106891597,-0.23627876113313415,27.945831890576393,8
GAS,BAD,UNCERTAINTY_AWARE_UCB_009,Uncertainty-Aware UCB-VAE — vae_019 + ucb_009,53,41,train,0.01,298.73953000000006,29.873953000000007,2.949016392422421,31.84010814865407,0.1887289543526815,73.81872846421757,52
GAS,BAD,UNCERTAINTY_AWARE_UCB_009,Uncertainty-Aware UCB-VAE — vae_019 + ucb_009,53,41,test,0.01,-162.21731999999997,-16.221731999999996,-8.54222545663179,28.784049106891597,-0.23627876113313415,27.945831890576393,8
GAS,BAD,UNCERTAINTY_AWARE_UCB_009,Uncertainty-Aware UCB-VAE — vae_019 + ucb_009,53,42,train,0.01,298.73953000000006,29.873953000000007,2.949016392422421,31.84010814865407,0.1887289543526815,73.81872846421757,52
GAS,BAD,UNCERTAINTY_AWARE_UCB_009,Uncertainty-Aware UCB-VAE — vae_019 + ucb_009,53,42,test,0.01,-162.21731999999997,-16.221731999999996,-8.54222545663179,28.784049106891597,-0.23627876113313415,27.945831890576393,8
GAS,BAD,UNCERTAINTY_AWARE_UCB_009,Uncertainty-Aware UCB-VAE — vae_019 + ucb_009,53,43,train,0.01,299.6504400000001,29.965044000000013,2.9570423180809824,31.826330330369583,0.18892088775635302,73.76257927072324,52
GAS,BAD,UNCERTAINTY_AWARE_UCB_009,Uncertainty-Aware UCB-VAE — vae_019 + ucb_009,53,43,test,0.01,-162.21731999999997,-16.221731999999996,-8.54222545663179,28.784049106891597,-0.23627876113313415,27.945831890576393,8
GAS,BAD,UNCERTAINTY_AWARE_UCB_009,Uncertainty-Aware UCB-VAE — vae_019 + ucb_009,53,44,train,0.01,298.2178000000001,29.821780000000015,2.9444172342208086,31.87132905549792,0.18871602771661275,73.8508883029742,52
GAS,BAD,UNCERTAINTY_AWARE_UCB_009,Uncertainty-Aware UCB-VAE — vae_019 + ucb_009,53,44,test,0.01,-162.21731999999997,-16.221731999999996,-8.54222545663179,28.784049106891597,-0.23627876113313415,27.945831890576393,8
GAS,BAD,UNCERTAINTY_AWARE_UCB_009,Uncertainty-Aware UCB-VAE — vae_019 + ucb_009,53,45,train,0.01,298.2178000000001,29.821780000000015,2.9444172342208086,31.87132905549792,0.18871602771661275,73.8508883029742,52
GAS,BAD,UNCERTAINTY_AWARE_UCB_009,Uncertainty-Aware UCB-VAE — vae_019 + ucb_009,53,45,test,0.01,-162.21731999999997,-16.221731999999996,-8.54222545663179,28.784049106891597,-0.23627876113313415,27.945831890576393,8
GAS,BAD,UNCERTAINTY_AWARE_UCB_009,Uncertainty-Aware UCB-VAE — vae_019 + ucb_009,54,1,train,0.03,463.9346099999991,46.39346099999992,4.328723671897339,8.376248143444682,0.31330936849435453,15.281279901336323,1
GAS,BAD,UNCERTAINTY_AWARE_UCB_009,Uncertainty-Aware UCB-VAE — vae_019 + ucb_009,54,1,test,0.03,-29.00303999999994,-2.900303999999994,-1.4738399952121561,2.470190281469461,-1.4002049712773856,3.9169469999999937,0
GAS,BAD,UNCERTAINTY_AWARE_UCB_009,Uncertainty-Aware UCB-VAE — vae_019 + ucb_009,54,2,train,0.027,418.8805099999977,41.88805099999977,3.966741552392694,8.56548379940454,0.26734369941693736,16.125011154814587,1
GAS,BAD,UNCERTAINTY_AWARE_UCB_009,Uncertainty-Aware UCB-VAE — vae_019 + ucb_009,54,2,test,0.027,-34.80074000000002,-3.480074000000002,-1.7710647552914294,2.60212249843056,-1.4443736464735253,4.496717000000001,0
GAS,BAD,UNCERTAINTY_AWARE_UCB_009,Uncertainty-Aware UCB-VAE — vae_019 + ucb_009,54,3,train,0.024300000000000002,553.8501499999984,55.38501499999984,5.022474913892383,8.440907541162026,0.3907235973636764,13.232152937787662,1
GAS,BAD,UNCERTAINTY_AWARE_UCB_009,Uncertainty-Aware UCB-VAE — vae_019 + ucb_009,54,3,test,0.024300000000000002,-34.49570000000017,-3.449570000000017,-1.7554045696661524,2.6194538084090273,-1.4285410034172235,4.496717000000001,0
GAS,BAD,UNCERTAINTY_AWARE_UCB_009,Uncertainty-Aware UCB-VAE — vae_019 + ucb_009,54,4,train,0.02187,543.4758799999995,54.347587999999945,4.944280160278036,8.52952986602247,0.3787248931458453,13.232152937787662,1
GAS,BAD,UNCERTAINTY_AWARE_UCB_009,Uncertainty-Aware UCB-VAE — vae_019 + ucb_009,54,4,test,0.02187,-37.736900000000105,-3.773690000000011,-1.9219273331970155,2.6213321433406658,-1.4924065711706562,4.496717000000001,0
GAS,BAD,UNCERTAINTY_AWARE_UCB_009,Uncertainty-Aware UCB-VAE — vae_019 + ucb_009,54,5,train,0.019683,559.8158300000005,55.98158300000004,5.067230585676485,8.84042924144853,0.3818190799711833,12.965096445615307,1
GAS,BAD,UNCERTAINTY_AWARE_UCB_009,Uncertainty-Aware UCB-VAE — vae_019 + ucb_009,54,5,test,0.019683,-12.232560000000035,-1.2232560000000035,-0.6190009214421033,2.422553000234331,-1.0705631725466467,3.1192840774705544,0
GAS,BAD,UNCERTAINTY_AWARE_UCB_009,Uncertainty-Aware UCB-VAE — vae_019 + ucb_009,54,6,train,0.0177147,574.2476700000009,57.42476700000009,5.174874998630319,8.85621286038459,0.39296359500114947,12.965096445615307,1
GAS,BAD,UNCERTAINTY_AWARE_UCB_009,Uncertainty-Aware UCB-VAE — vae_019 + ucb_009,54,6,test,0.0177147,-9.976380000000177,-0.9976380000000177,-0.504547574595271,2.41772160012635,-1.0250002888738052,2.895732179876437,0
GAS,BAD,UNCERTAINTY_AWARE_UCB_009,Uncertainty-Aware UCB-VAE — vae_019 + ucb_009,54,7,train,0.015943230000000003,562.5758900000021,56.25758900000021,5.087885626910826,8.959608235312047,0.38014896033292167,13.18380608774487,1
GAS,BAD,UNCERTAINTY_AWARE_UCB_009,Uncertainty-Aware UCB-VAE — vae_019 + ucb_009,54,7,test,0.015943230000000003,-20.219490000000064,-2.0219490000000064,-1.025213028397065,2.3701071973439234,-1.2681123261732263,3.910663026602052,0
GAS,BAD,UNCERTAINTY_AWARE_UCB_009,Uncertainty-Aware UCB-VAE — vae_019 + ucb_009,54,8,train,0.014348907000000001,572.6884200000006,57.26884200000006,5.1632872039772515,8.955971779243841,0.38834318934368656,13.3450695050602,1
GAS,BAD,UNCERTAINTY_AWARE_UCB_009,Uncertainty-Aware UCB-VAE — vae_019 + ucb_009,54,8,test,0.014348907000000001,-31.07735999999977,-3.1077359999999774,-1.580080749387236,2.3906748099263164,-1.492861254590609,4.523161220296211,0
GAS,BAD,UNCERTAINTY_AWARE_UCB_009,Uncertainty-Aware UCB-VAE — vae_019 + ucb_009,54,9,train,0.012914016300000003,547.8074500000014,54.78074500000014,4.9769854569308825,9.007283077761178,0.3668034213584766,13.3450695050602,1
GAS,BAD,UNCERTAINTY_AWARE_UCB_009,Uncertainty-Aware UCB-VAE — vae_019 + ucb_009,54,9,test,0.012914016300000003,-21.248219999999833,-2.124821999999983,-1.0776529292446324,2.4417459693155283,-1.2519721733051932,3.910844350775026,0
GAS,BAD,UNCERTAINTY_AWARE_UCB_009,Uncertainty-Aware UCB-VAE — vae_019 + ucb_009,54,10,train,0.011622614670000002,642.3620200000005,64.23620200000005,5.671381707514267,9.075717900867714,0.4379867952647489,13.200142333494066,1
GAS,BAD,UNCERTAINTY_AWARE_UCB_009,Uncertainty-Aware UCB-VAE — vae_019 + ucb_009,54,10,test,0.011622614670000002,-7.017870000000244,-0.7017870000000244,-0.3546615316148638,2.9753677579304805,-0.7771147904004247,3.73618967028351,0
GAS,BAD,UNCERTAINTY_AWARE_UCB_009,Uncertainty-Aware UCB-VAE — vae_019 + ucb_009,54,11,train,0.010460353203000003,565.1866299999992,56.518662999999925,5.107393402901184,9.113069943163604,0.3773464091601248,13.587229326684389,1
GAS,BAD,UNCERTAINTY_AWARE_UCB_009,Uncertainty-Aware UCB-VAE — vae_019 + ucb_009,54,11,test,0.010460353203000003,-36.22121000000038,-3.6221210000000386,-1.8440213608947098,2.9343483108466284,-1.3030926846281452,4.669268000000022,0
GAS,BAD,UNCERTAINTY_AWARE_UCB_009,Uncertainty-Aware UCB-VAE — vae_019 + ucb_009,54,12,train,0.01,563.43838,56.343838000000005,5.094333462377487,9.220539741992006,0.37265434864863134,13.05260634456554,1
GAS,BAD,UNCERTAINTY_AWARE_UCB_009,Uncertainty-Aware UCB-VAE — vae_019 + ucb_009,54,12,test,0.01,-38.08862000000045,-3.808862000000045,-1.9400143169242878,2.9369617362509315,-1.335320653592135,4.856009000000029,0
GAS,BAD,UNCERTAINTY_AWARE_UCB_009,Uncertainty-Aware UCB-VAE — vae_019 + ucb_009,54,13,train,0.01,565.9351199999987,56.59351199999987,5.1129808794237785,9.906617625260543,0.35527128216196774,14.572115032098251,1
GAS,BAD,UNCERTAINTY_AWARE_UCB_009,Uncertainty-Aware UCB-VAE — vae_019 + ucb_009,54,13,test,0.01,-56.47871000000043,-5.647871000000043,-2.8903220701699373,3.0516378806112385,-1.6040671379101175,6.466508000000033,0
GAS,BAD,UNCERTAINTY_AWARE_UCB_009,Uncertainty-Aware UCB-VAE — vae_019 + ucb_009,54,14,train,0.01,629.926859999998,62.9926859999998,5.5821209486072165,9.26272985499068,0.42180989066072044,12.895127385005392,1
GAS,BAD,UNCERTAINTY_AWARE_UCB_009,Uncertainty-Aware UCB-VAE — vae_019 + ucb_009,54,14,test,0.01,-58.653710000000615,-5.865371000000062,-3.003319868062271,3.062664710583763,-1.6363081722773003,6.684008000000051,0
GAS,BAD,UNCERTAINTY_AWARE_UCB_009,Uncertainty-Aware UCB-VAE — vae_019 + ucb_009,54,15,train,0.01,659.2596499999993,65.92596499999993,5.791716628444599,9.345747878852045,0.44028123171198336,12.960010369970176,1
GAS,BAD,UNCERTAINTY_AWARE_UCB_009,Uncertainty-Aware UCB-VAE — vae_019 + ucb_009,54,15,test,0.01,-29.25722000000087,-2.925722000000087,-1.4868523198420136,3.2142927785543183,-1.073590331560481,5.147075000000041,0
GAS,BAD,UNCERTAINTY_AWARE_UCB_009,Uncertainty-Aware UCB-VAE — vae_019 + ucb_009,54,16,train,0.01,680.657899999999,68.06578999999991,5.9425489368412965,9.642753156741453,0.44453968724760395,14.447323739205931,1
GAS,BAD,UNCERTAINTY_AWARE_UCB_009,Uncertainty-Aware UCB-VAE — vae_019 + ucb_009,54,16,test,0.01,-62.84817000000078,-6.284817000000078,-3.2216006056697055,2.8169209590324327,-1.8618077328046374,7.482123000000048,0
GAS,BAD,UNCERTAINTY_AWARE_UCB_009,Uncertainty-Aware UCB-VAE — vae_019 + ucb_009,54,17,train,0.01,674.5137199999992,67.45137199999992,5.899415256508855,9.761552204141976,0.43608174899721985,14.223901002615635,1
GAS,BAD,UNCERTAINTY_AWARE_UCB_009,Uncertainty-Aware UCB-VAE — vae_019 + ucb_009,54,17,test,0.01,-75.20373000000086,-7.5203730000000855,-3.867415755846637,2.8592500866278905,-2.0686706976050364,8.571375000000057,0
GAS,BAD,UNCERTAINTY_AWARE_UCB_009,Uncertainty-Aware UCB-VAE — vae_019 + ucb_009,54,18,train,0.01,686.8318100000017,68.68318100000018,5.985750384621191,9.935339710947064,0.43844462449858707,14.274500481105697,1
GAS,BAD,UNCERTAINTY_AWARE_UCB_009,Uncertainty-Aware UCB-VAE — vae_019 + ucb_009,54,18,test,0.01,-75.29892000000086,-7.529892000000086,-3.8724078021926234,2.889206375919875,-2.048726945369886,8.580894000000058,0
GAS,BAD,UNCERTAINTY_AWARE_UCB_009,Uncertainty-Aware UCB-VAE — vae_019 + ucb_009,54,19,train,0.01,703.4807600000006,70.34807600000006,6.101553456246034,10.273116522435153,0.43806890246633884,13.759637573958877,1
GAS,BAD,UNCERTAINTY_AWARE_UCB_009,Uncertainty-Aware UCB-VAE — vae_019 + ucb_009,54,19,test,0.01,-70.7365800000008,-7.07365800000008,-3.6334308013329486,3.0750341307441467,-1.8421414945029657,8.672158495699872,0
GAS,BAD,UNCERTAINTY_AWARE_UCB_009,Uncertainty-Aware UCB-VAE — vae_019 + ucb_009,54,20,train,0.01,808.044160000002,80.8044160000002,6.806665350803898,10.47121770511257,0.4955483696540847,13.474911877421455,1
GAS,BAD,UNCERTAINTY_AWARE_UCB_009,Uncertainty-Aware UCB-VAE — vae_019 + ucb_009,54,20,test,0.01,-71.40378000000067,-7.140378000000067,-3.668342624367993,3.594288370308684,-1.5813207566920098,9.13586315762436,0
GAS,BAD,UNCERTAINTY_AWARE_UCB_009,Uncertainty-Aware UCB-VAE — vae_019 + ucb_009,54,21,train,0.01,798.9472400000029,79.8947240000003,6.746781238832478,10.521216550763835,0.4883205944167586,13.921299823414676,1
GAS,BAD,UNCERTAINTY_AWARE_UCB_009,Uncertainty-Aware UCB-VAE — vae_019 + ucb_009,54,21,test,0.01,-8.775150000000394,-0.8775150000000395,-0.4436633177708038,4.701845156933888,-0.49686960513183376,5.738119617441314,0
GAS,BAD,UNCERTAINTY_AWARE_UCB_009,Uncertainty-Aware UCB-VAE — vae_019 + ucb_009,54,22,train,0.01,781.1964400000036,78.11964400000035,6.629150379340798,10.579252272539739,0.4757098023239748,14.311229234734071,1
GAS,BAD,UNCERTAINTY_AWARE_UCB_009,Uncertainty-Aware UCB-VAE — vae_019 + ucb_009,54,22,test,0.01,-2.4364200000003393,-0.24364200000003394,-0.12298898287534943,4.710640597347474,-0.4273768325345205,5.709596078811996,0
GAS,BAD,UNCERTAINTY_AWARE_UCB_009,Uncertainty-Aware UCB-VAE — vae_019 + ucb_009,54,23,train,0.01,821.1585700000012,82.11585700000012,6.892526584784164,10.357909517877896,0.5076265679723738,13.671486633072218,1
GAS,BAD,UNCERTAINTY_AWARE_UCB_009,Uncertainty-Aware UCB-VAE — vae_019 + ucb_009,54,23,test,0.01,-2.4364200000003393,-0.24364200000003394,-0.12298898287534943,4.710640597347474,-0.4273768325345205,5.709596078811996,0
GAS,BAD,UNCERTAINTY_AWARE_UCB_009,Uncertainty-Aware UCB-VAE — vae_019 + ucb_009,54,24,train,0.01,803.8199500000017,80.38199500000016,6.778891184926805,10.565854048336636,0.48958026300881663,16.075458652365853,2
GAS,BAD,UNCERTAINTY_AWARE_UCB_009,Uncertainty-Aware UCB-VAE — vae_019 + ucb_009,54,24,test,0.01,-2.4364200000003393,-0.24364200000003394,-0.12298898287534943,4.710640597347474,-0.4273768325345205,5.709596078811996,0
GAS,BAD,UNCERTAINTY_AWARE_UCB_009,Uncertainty-Aware UCB-VAE — vae_019 + ucb_009,54,25,train,0.01,875.4478500000007,87.54478500000008,7.242216974854232,10.597680357106052,0.5296499645614664,16.445660583658537,2
GAS,BAD,UNCERTAINTY_AWARE_UCB_009,Uncertainty-Aware UCB-VAE — vae_019 + ucb_009,54,25,test,0.01,-3.5873100000003433,-0.35873100000003433,-0.18113696085468867,4.728099970599474,-0.43797987253826176,5.709596078811996,0
GAS,BAD,UNCERTAINTY_AWARE_UCB_009,Uncertainty-Aware UCB-VAE — vae_019 + ucb_009,54,26,train,0.01,789.5984300000011,78.95984300000012,6.68495786808776,10.65255636304005,0.4781224238306585,17.11311908348989,2
GAS,BAD,UNCERTAINTY_AWARE_UCB_009,Uncertainty-Aware UCB-VAE — vae_019 + ucb_009,54,26,test,0.01,-8.59434000000033,-0.8594340000000329,-0.4345021422229922,4.745802456769326,-0.48988394106809724,6.189359823747735,0
GAS,BAD,UNCERTAINTY_AWARE_UCB_009,Uncertainty-Aware UCB-VAE — vae_019 + ucb_009,54,27,train,0.01,798.7540200000005,79.87540200000005,6.745506374351451,10.688083799831057,0.4822475933997499,16.227366277812756,2
GAS,BAD,UNCERTAINTY_AWARE_UCB_009,Uncertainty-Aware UCB-VAE — vae_019 + ucb_009,54,27,test,0.01,-11.87421000000029,-1.187421000000029,-0.6008136022414678,4.753803835371487,-0.5242546063915544,6.215590140593632,0
GAS,BAD,UNCERTAINTY_AWARE_UCB_009,Uncertainty-Aware UCB-VAE — vae_019 + ucb_009,54,28,train,0.01,892.9845500000004,89.29845500000003,7.353253443521579,10.621458718026815,0.5385179452306964,13.681489439199767,2
GAS,BAD,UNCERTAINTY_AWARE_UCB_009,Uncertainty-Aware UCB-VAE — vae_019 + ucb_009,54,28,test,0.01,-11.87421000000029,-1.187421000000029,-0.6008136022414678,4.753803835371487,-0.5242546063915544,6.215590140593632,0
GAS,BAD,UNCERTAINTY_AWARE_UCB_009,Uncertainty-Aware UCB-VAE — vae_019 + ucb_009,54,29,train,0.01,877.5600399999992,87.75600399999992,7.255639411324388,10.623825418573832,0.5297927336389577,14.667578058243485,2
GAS,BAD,UNCERTAINTY_AWARE_UCB_009,Uncertainty-Aware UCB-VAE — vae_019 + ucb_009,54,29,test,0.01,-5.564400000000319,-0.5564400000000319,-0.28110590937009405,4.688954326431173,-0.463467975871894,5.443715991635684,0
GAS,BAD,UNCERTAINTY_AWARE_UCB_009,Uncertainty-Aware UCB-VAE — vae_019 + ucb_009,54,30,train,0.01,754.6345000000003,75.46345000000004,6.451169004114177,10.984249522714789,0.44679486502161897,18.91500440931283,1
GAS,BAD,UNCERTAINTY_AWARE_UCB_009,Uncertainty-Aware UCB-VAE — vae_019 + ucb_009,54,30,test,0.01,19.528609999999503,1.9528609999999502,0.9804759440108501,4.949576006665684,-0.18176906637283588,5.167771507651457,0
GAS,BAD,UNCERTAINTY_AWARE_UCB_009,Uncertainty-Aware UCB-VAE — vae_019 + ucb_009,54,31,train,0.01,863.1473600000011,86.3147360000001,7.163782444777711,10.841849088592124,0.5132970934139365,18.251199157344722,1
GAS,BAD,UNCERTAINTY_AWARE_UCB_009,Uncertainty-Aware UCB-VAE — vae_019 + ucb_009,54,31,test,0.01,26.65907999999922,2.6659079999999222,1.3361541385903175,4.953541207706136,-0.11037957619757678,5.119891748250109,0
GAS,BAD,UNCERTAINTY_AWARE_UCB_009,Uncertainty-Aware UCB-VAE — vae_019 + ucb_009,54,32,train,0.01,852.9121599999992,85.29121599999992,7.0981657037411106,11.050136146455781,0.5001070239944291,18.73924233181934,1
GAS,BAD,UNCERTAINTY_AWARE_UCB_009,Uncertainty-Aware UCB-VAE — vae_019 + ucb_009,54,32,test,0.01,42.15053999999873,4.215053999999873,2.104696296478581,5.508537940410872,0.043583726883162616,6.038803631480266,0
GAS,BAD,UNCERTAINTY_AWARE_UCB_009,Uncertainty-Aware UCB-VAE — vae_019 + ucb_009,54,33,train,0.01,864.4370000000006,86.44370000000006,7.172027443984286,11.1604459402284,0.5024961677304229,18.762914988180864,1
GAS,BAD,UNCERTAINTY_AWARE_UCB_009,Uncertainty-Aware UCB-VAE — vae_019 + ucb_009,54,33,test,0.01,40.38059999999905,4.038059999999906,2.0171760927509164,5.653806313699325,0.02869505632891054,7.503035816892971,0
GAS,BAD,UNCERTAINTY_AWARE_UCB_009,Uncertainty-Aware UCB-VAE — vae_019 + ucb_009,54,34,train,0.01,850.2027800000001,85.020278,7.080742245632288,11.370934367411849,0.4877116140884045,16.717478555637875,1
GAS,BAD,UNCERTAINTY_AWARE_UCB_009,Uncertainty-Aware UCB-VAE — vae_019 + ucb_009,54,34,test,0.01,30.27929999999901,3.0279299999999014,1.5162674749201965,5.694893928169012,-0.057801203128227376,8.413571308266244,0
GAS,BAD,UNCERTAINTY_AWARE_UCB_009,Uncertainty-Aware UCB-VAE — vae_019 + ucb_009,54,35,train,0.01,856.61211,85.66121100000001,7.12192277091257,11.304344627924882,0.49334075491509916,17.9604992602004,1
GAS,BAD,UNCERTAINTY_AWARE_UCB_009,Uncertainty-Aware UCB-VAE — vae_019 + ucb_009,54,35,test,0.01,38.67947999999933,3.867947999999933,1.9329893505956486,5.92187753153187,0.0160262838261505,7.766279214568696,0
GAS,BAD,UNCERTAINTY_AWARE_UCB_009,Uncertainty-Aware UCB-VAE — vae_019 + ucb_009,54,36,train,0.01,858.6181799999999,85.86181799999999,7.134785989985737,11.120456297144225,0.5007115950804785,16.692557335960068,1
GAS,BAD,UNCERTAINTY_AWARE_UCB_009,Uncertainty-Aware UCB-VAE — vae_019 + ucb_009,54,36,test,0.01,55.84436999999957,5.584436999999958,2.779356221667384,6.145898019242223,0.15255118369979054,7.473155863867268,0
GAS,BAD,UNCERTAINTY_AWARE_UCB_009,Uncertainty-Aware UCB-VAE — vae_019 + ucb_009,54,37,train,0.01,819.3893500000013,81.93893500000013,6.880975471459405,11.263108719671203,0.47453603570242187,17.253421812159274,1
GAS,BAD,UNCERTAINTY_AWARE_UCB_009,Uncertainty-Aware UCB-VAE — vae_019 + ucb_009,54,37,test,0.01,55.21202999999991,5.521202999999991,2.7482982740771655,6.031014178172523,0.14927221434281882,7.529677314751804,0
GAS,BAD,UNCERTAINTY_AWARE_UCB_009,Uncertainty-Aware UCB-VAE — vae_019 + ucb_009,54,38,train,0.01,669.361129999998,66.93611299999979,5.863134200565678,12.755783279124486,0.3575343307441838,25.063541805597968,3
GAS,BAD,UNCERTAINTY_AWARE_UCB_009,Uncertainty-Aware UCB-VAE — vae_019 + ucb_009,54,38,test,0.01,31.314390000000003,3.1314390000000003,1.5677076428633585,5.99190937437044,-0.043615712570777905,8.520400901679558,0
GAS,BAD,UNCERTAINTY_AWARE_UCB_009,Uncertainty-Aware UCB-VAE — vae_019 + ucb_009,54,39,train,0.01,849.4717199999991,84.94717199999991,7.076037066209051,12.054527683215694,0.4662979492403928,16.010703152938845,1
GAS,BAD,UNCERTAINTY_AWARE_UCB_009,Uncertainty-Aware UCB-VAE — vae_019 + ucb_009,54,39,test,0.01,42.65267999999992,4.265267999999992,2.1295127605305497,5.971628797265347,0.04869245661708403,7.5954554336529645,0
GAS,BAD,UNCERTAINTY_AWARE_UCB_009,Uncertainty-Aware UCB-VAE — vae_019 + ucb_009,54,40,train,0.01,840.1486499999996,84.01486499999996,7.015887387577702,11.862876740921216,0.4671929470837548,19.91779980166215,1
GAS,BAD,UNCERTAINTY_AWARE_UCB_009,Uncertainty-Aware UCB-VAE — vae_019 + ucb_009,54,40,test,0.01,66.83585999999991,6.683585999999991,3.317748020745759,6.023514697216293,0.24143092672503097,7.151374138527455,0
GAS,BAD,UNCERTAINTY_AWARE_UCB_009,Uncertainty-Aware UCB-VAE — vae_019 + ucb_009,54,41,train,0.01,834.3680599999989,83.43680599999989,6.978456559088375,11.642279849123641,0.4707476409192442,16.83133934588537,1
GAS,BAD,UNCERTAINTY_AWARE_UCB_009,Uncertainty-Aware UCB-VAE — vae_019 + ucb_009,54,41,test,0.01,66.83585999999991,6.683585999999991,3.317748020745759,6.023514697216293,0.24143092672503097,7.151374138527455,0
GAS,BAD,UNCERTAINTY_AWARE_UCB_009,Uncertainty-Aware UCB-VAE — vae_019 + ucb_009,54,42,train,0.01,844.3206000000009,84.43206000000009,7.0428369752923325,11.242889038783437,0.488786993872516,16.503502337824223,1
GAS,BAD,UNCERTAINTY_AWARE_UCB_009,Uncertainty-Aware UCB-VAE — vae_019 + ucb_009,54,42,test,0.01,59.77377999999976,5.977377999999976,2.9721464902374706,6.0123566895313445,0.18585808550049843,7.3891660652052815,0
GAS,BAD,UNCERTAINTY_AWARE_UCB_009,Uncertainty-Aware UCB-VAE — vae_019 + ucb_009,54,43,train,0.01,836.0931500000011,83.60931500000011,6.9896379291248145,12.431023087743611,0.4494642476647562,22.00502311548679,3
GAS,BAD,UNCERTAINTY_AWARE_UCB_009,Uncertainty-Aware UCB-VAE — vae_019 + ucb_009,54,43,test,0.01,23.61260999999945,2.361260999999945,1.1843420447656738,5.675716831681533,-0.11606696586326704,9.213684777035258,0
GAS,BAD,UNCERTAINTY_AWARE_UCB_009,Uncertainty-Aware UCB-VAE — vae_019 + ucb_009,54,44,train,0.01,808.5785299999984,80.85785299999985,6.810174721183304,12.409040619855068,0.43638071030168696,22.246233541300093,3
GAS,BAD,UNCERTAINTY_AWARE_UCB_009,Uncertainty-Aware UCB-VAE — vae_019 + ucb_009,54,44,test,0.01,29.36255999999935,2.936255999999935,1.470687479213062,5.6343279279068454,-0.06702468461771414,8.906866550262993,0
GAS,BAD,UNCERTAINTY_AWARE_UCB_009,Uncertainty-Aware UCB-VAE — vae_019 + ucb_009,54,45,train,0.01,916.2269799999999,91.62269799999999,7.499016196134112,11.807255043001778,0.5072948914497284,19.04100333641557,1
GAS,BAD,UNCERTAINTY_AWARE_UCB_009,Uncertainty-Aware UCB-VAE — vae_019 + ucb_009,54,45,test,0.01,31.956059999999752,3.1956059999999753,1.5995834386433705,5.725892878027648,-0.04280257745456068,8.435339944302434,0
GAS,BAD,UNCERTAINTY_AWARE_UCB_009,Uncertainty-Aware UCB-VAE — vae_019 + ucb_009,55,1,train,0.03,4957.375649999997,495.7375649999997,21.948427643923928,31.060088913582927,0.7355217387661789,56.695435356601706,41
GAS,BAD,UNCERTAINTY_AWARE_UCB_009,Uncertainty-Aware UCB-VAE — vae_019 + ucb_009,55,1,test,0.03,115.58194000000003,11.558194000000004,5.672983510482221,20.085700599951643,0.2763744845979524,17.300536632906194,2
GAS,BAD,UNCERTAINTY_AWARE_UCB_009,Uncertainty-Aware UCB-VAE — vae_019 + ucb_009,55,2,train,0.027,5090.36879,509.03687900000006,22.24816119596118,31.225339773643235,0.7411912666285273,56.66879580842601,41
GAS,BAD,UNCERTAINTY_AWARE_UCB_009,Uncertainty-Aware UCB-VAE — vae_019 + ucb_009,55,2,test,0.027,115.58194000000003,11.558194000000004,5.672983510482221,20.085700599951643,0.2763744845979524,17.300536632906194,2
GAS,BAD,UNCERTAINTY_AWARE_UCB_009,Uncertainty-Aware UCB-VAE — vae_019 + ucb_009,55,3,train,0.024300000000000002,5075.475630000001,507.5475630000001,22.214886592865433,31.276200201927306,0.7396212805549818,56.784457857949334,41
GAS,BAD,UNCERTAINTY_AWARE_UCB_009,Uncertainty-Aware UCB-VAE — vae_019 + ucb_009,55,3,test,0.024300000000000002,152.53199000000063,15.253199000000064,7.424477873611757,20.601436016417704,0.35456601782993674,17.41283217263264,2
GAS,BAD,UNCERTAINTY_AWARE_UCB_009,Uncertainty-Aware UCB-VAE — vae_019 + ucb_009,55,4,train,0.02187,5070.057830000001,507.00578300000006,22.202764047485246,31.30684795341371,0.7388837780568012,56.82665033961979,41
GAS,BAD,UNCERTAINTY_AWARE_UCB_009,Uncertainty-Aware UCB-VAE — vae_019 + ucb_009,55,4,test,0.02187,151.46051000000057,15.146051000000057,7.374083035186474,20.585933309687178,0.35239666793795354,17.41283217263264,2
GAS,BAD,UNCERTAINTY_AWARE_UCB_009,Uncertainty-Aware UCB-VAE — vae_019 + ucb_009,55,5,train,0.019683,5073.07461,507.307461,22.209515400071744,31.289929273239885,0.7392922622030329,56.803148672646785,41
GAS,BAD,UNCERTAINTY_AWARE_UCB_009,Uncertainty-Aware UCB-VAE — vae_019 + ucb_009,55,5,test,0.019683,151.20660000000066,15.120660000000067,7.362137499984245,20.586361462861426,0.35185133597399704,17.41283217263264,2
GAS,BAD,UNCERTAINTY_AWARE_UCB_009,Uncertainty-Aware UCB-VAE — vae_019 + ucb_009,55,6,train,0.0177147,5078.667619999999,507.86676199999994,22.222024301545893,31.26261160679933,0.7399950819567538,56.75962875023141,41
GAS,BAD,UNCERTAINTY_AWARE_UCB_009,Uncertainty-Aware UCB-VAE — vae_019 + ucb_009,55,6,test,0.0177147,153.68588000000068,15.368588000000068,7.47872274023087,20.531950781991096,0.35754311391876253,17.043529330234445,2
GAS,BAD,UNCERTAINTY_AWARE_UCB_009,Uncertainty-Aware UCB-VAE — vae_019 + ucb_009,55,7,train,0.015943230000000003,4999.505619999999,499.9505619999999,22.044016273637766,31.392507872336623,0.7335413345661745,56.87358264677705,41
GAS,BAD,UNCERTAINTY_AWARE_UCB_009,Uncertainty-Aware UCB-VAE — vae_019 + ucb_009,55,7,test,0.015943230000000003,153.68588000000068,15.368588000000068,7.47872274023087,20.531950781991096,0.35754311391876253,17.043529330234445,2
GAS,BAD,UNCERTAINTY_AWARE_UCB_009,Uncertainty-Aware UCB-VAE — vae_019 + ucb_009,55,8,train,0.014348907000000001,5001.8443,500.18443,22.049305004367902,31.38048962798805,0.733841300544816,56.85513561254363,41
GAS,BAD,UNCERTAINTY_AWARE_UCB_009,Uncertainty-Aware UCB-VAE — vae_019 + ucb_009,55,8,test,0.014348907000000001,153.68588000000068,15.368588000000068,7.47872274023087,20.531950781991096,0.35754311391876253,17.043529330234445,2
GAS,BAD,UNCERTAINTY_AWARE_UCB_009,Uncertainty-Aware UCB-VAE — vae_019 + ucb_009,55,9,train,0.012914016300000003,4941.6651699999975,494.16651699999977,21.912628301473248,31.258327048466377,0.7318732850968623,56.82023437122107,41
GAS,BAD,UNCERTAINTY_AWARE_UCB_009,Uncertainty-Aware UCB-VAE — vae_019 + ucb_009,55,9,test,0.012914016300000003,151.85319000000095,15.185319000000094,7.392554620540115,20.5383558602457,0.3535807592169128,17.08930377120977,2
GAS,BAD,UNCERTAINTY_AWARE_UCB_009,Uncertainty-Aware UCB-VAE — vae_019 + ucb_009,55,10,train,0.011622614670000002,4890.347309999998,489.03473099999985,21.79510154162272,31.222340313756575,0.7292338907231766,56.71346769582839,41
GAS,BAD,UNCERTAINTY_AWARE_UCB_009,Uncertainty-Aware UCB-VAE — vae_019 + ucb_009,55,10,test,0.011622614670000002,150.69052000000102,15.069052000000102,7.337853802722338,20.541336933985917,0.3510690717692303,17.08930377120977,2
GAS,BAD,UNCERTAINTY_AWARE_UCB_009,Uncertainty-Aware UCB-VAE — vae_019 + ucb_009,55,11,train,0.010460353203000003,4831.1446499999975,483.1144649999997,21.658381300316076,31.203568773245095,0.7258506220510037,56.66849540837992,41
GAS,BAD,UNCERTAINTY_AWARE_UCB_009,Uncertainty-Aware UCB-VAE — vae_019 + ucb_009,55,11,test,0.010460353203000003,182.16790000000105,18.216790000000106,8.809254414057023,20.718320098069825,0.4157428010508104,17.08930377120977,2
GAS,BAD,UNCERTAINTY_AWARE_UCB_009,Uncertainty-Aware UCB-VAE — vae_019 + ucb_009,55,12,train,0.01,4881.624399999998,488.1624399999998,21.775034139698747,31.29993604023428,0.7276703765206715,56.783498120443134,41
GAS,BAD,UNCERTAINTY_AWARE_UCB_009,Uncertainty-Aware UCB-VAE — vae_019 + ucb_009,55,12,test,0.01,185.5153500000008,18.55153500000008,8.964581814052263,20.848760920700894,0.42130435115423787,17.08930377120977,2
GAS,BAD,UNCERTAINTY_AWARE_UCB_009,Uncertainty-Aware UCB-VAE — vae_019 + ucb_009,55,13,train,0.01,4705.517469999997,470.55174699999964,21.364127728396664,31.24323294365975,0.7174983253372508,56.63536487100653,41
GAS,BAD,UNCERTAINTY_AWARE_UCB_009,Uncertainty-Aware UCB-VAE — vae_019 + ucb_009,55,13,test,0.01,209.48258000000124,20.948258000000124,10.070412593022793,20.658930010072392,0.4723164039511269,15.411909416446015,2
GAS,BAD,UNCERTAINTY_AWARE_UCB_009,Uncertainty-Aware UCB-VAE — vae_019 + ucb_009,55,14,train,0.01,4702.284739999997,470.2284739999997,21.356480061491332,31.274626534862893,0.7168871568770171,56.662108824734624,41
GAS,BAD,UNCERTAINTY_AWARE_UCB_009,Uncertainty-Aware UCB-VAE — vae_019 + ucb_009,55,14,test,0.01,207.78360000000112,20.778360000000113,9.992382499557472,20.660353080753485,0.46885368534366695,15.411909416446015,2
GAS,BAD,UNCERTAINTY_AWARE_UCB_009,Uncertainty-Aware UCB-VAE — vae_019 + ucb_009,55,15,train,0.01,4702.208849999997,470.2208849999997,21.356300482286695,31.274613388366973,0.716882099812305,56.662736956239925,41
GAS,BAD,UNCERTAINTY_AWARE_UCB_009,Uncertainty-Aware UCB-VAE — vae_019 + ucb_009,55,15,test,0.01,197.37319000000093,19.73731900000009,9.513064846994478,20.641759440917262,0.44785672934924264,15.867329325963384,2
GAS,BAD,UNCERTAINTY_AWARE_UCB_009,Uncertainty-Aware UCB-VAE — vae_019 + ucb_009,55,16,train,0.01,4888.672449999998,488.8672449999998,21.79125050928612,31.357458044969476,0.7273308272135351,56.72690062704307,41
GAS,BAD,UNCERTAINTY_AWARE_UCB_009,Uncertainty-Aware UCB-VAE — vae_019 + ucb_009,55,16,test,0.01,200.97350000000074,20.097350000000073,9.679063586384817,20.634488452393168,0.4553083934666377,15.867329325963384,2
GAS,BAD,UNCERTAINTY_AWARE_UCB_009,Uncertainty-Aware UCB-VAE — vae_019 + ucb_009,55,17,train,0.01,4887.179289999999,488.7179289999999,21.787816441737597,31.366205684539523,0.7271248589195196,56.738881630570525,41
GAS,BAD,UNCERTAINTY_AWARE_UCB_009,Uncertainty-Aware UCB-VAE — vae_019 + ucb_009,55,17,test,0.01,200.6941100000006,20.06941100000006,9.666190643008443,20.636683342534777,0.45471078501822115,15.867329325963384,2
GAS,BAD,UNCERTAINTY_AWARE_UCB_009,Uncertainty-Aware UCB-VAE — vae_019 + ucb_009,55,18,train,0.01,4809.981329999997,480.99813299999965,21.60920811016094,31.596516030810534,0.71941804271619,56.84032499203716,41
GAS,BAD,UNCERTAINTY_AWARE_UCB_009,Uncertainty-Aware UCB-VAE — vae_019 + ucb_009,55,18,test,0.01,201.73791000000074,20.173791000000072,9.714276329468174,20.644431779505247,0.45674835530532126,15.923812300719863,2
GAS,BAD,UNCERTAINTY_AWARE_UCB_009,Uncertainty-Aware UCB-VAE — vae_019 + ucb_009,55,19,train,0.01,4814.154569999998,481.4154569999998,21.618917263149417,31.58173947458234,0.7198622468524466,56.8248344270183,41
GAS,BAD,UNCERTAINTY_AWARE_UCB_009,Uncertainty-Aware UCB-VAE — vae_019 + ucb_009,55,19,test,0.01,201.73791000000074,20.173791000000072,9.714276329468174,20.644431779505247,0.45674835530532126,15.923812300719863,2
GAS,BAD,UNCERTAINTY_AWARE_UCB_009,Uncertainty-Aware UCB-VAE — vae_019 + ucb_009,55,20,train,0.01,4746.768959999998,474.67689599999983,21.4613797077186,31.760730339220732,0.713463038982069,56.829059575944264,41
GAS,BAD,UNCERTAINTY_AWARE_UCB_009,Uncertainty-Aware UCB-VAE — vae_019 + ucb_009,55,20,test,0.01,200.96424000000047,20.096424000000045,9.678636954034147,20.67193541680963,0.4548323856802019,15.923812300719863,2
GAS,BAD,UNCERTAINTY_AWARE_UCB_009,Uncertainty-Aware UCB-VAE — vae_019 + ucb_009,55,21,train,0.01,4619.542609999998,461.9542609999998,21.159413534998105,31.521788333324796,0.7085150178982556,56.81251187103153,41
GAS,BAD,UNCERTAINTY_AWARE_UCB_009,Uncertainty-Aware UCB-VAE — vae_019 + ucb_009,55,21,test,0.01,197.49537000000078,19.74953700000008,9.51870222561122,20.66898269941388,0.447801725848569,15.923812300719863,2
GAS,BAD,UNCERTAINTY_AWARE_UCB_009,Uncertainty-Aware UCB-VAE — vae_019 + ucb_009,55,22,train,0.01,4380.823769999999,438.08237699999995,20.57604620702902,31.94750501339837,0.6880970798005037,56.63876284732902,45
GAS,BAD,UNCERTAINTY_AWARE_UCB_009,Uncertainty-Aware UCB-VAE — vae_019 + ucb_009,55,22,test,0.01,196.8057200000003,19.68057200000003,9.48687807467632,20.684549389092453,0.44621019383680605,15.923812300719863,2
GAS,BAD,UNCERTAINTY_AWARE_UCB_009,Uncertainty-Aware UCB-VAE — vae_019 + ucb_009,55,23,train,0.01,4375.712439999999,437.5712439999999,20.563305766354656,31.974227746703715,0.6874580805445761,56.6836152324676,45
GAS,BAD,UNCERTAINTY_AWARE_UCB_009,Uncertainty-Aware UCB-VAE — vae_019 + ucb_009,55,23,test,0.01,198.82122000000072,19.88212200000007,9.579858555510135,20.699730208564944,0.4501483676526454,15.923812300719863,2
GAS,BAD,UNCERTAINTY_AWARE_UCB_009,Uncertainty-Aware UCB-VAE — vae_019 + ucb_009,55,24,train,0.01,4382.815669999999,438.28156699999994,20.581008280799473,31.94782933558865,0.6882240854049533,56.621302958626366,45
GAS,BAD,UNCERTAINTY_AWARE_UCB_009,Uncertainty-Aware UCB-VAE — vae_019 + ucb_009,55,24,test,0.01,198.58624000000032,19.85862400000003,9.569022281864136,20.683443083013522,0.44986031211301686,15.814503822496139,2
GAS,BAD,UNCERTAINTY_AWARE_UCB_009,Uncertainty-Aware UCB-VAE — vae_019 + ucb_009,55,25,train,0.01,4418.885819999999,441.8885819999999,20.670582371397295,31.99252852136026,0.6900504950800659,56.601551587909306,45
GAS,BAD,UNCERTAINTY_AWARE_UCB_009,Uncertainty-Aware UCB-VAE — vae_019 + ucb_009,55,25,test,0.01,181.9248100000009,18.19248100000009,8.797966139829771,20.5114746671537,0.4174729244780624,15.26917942842311,2
GAS,BAD,UNCERTAINTY_AWARE_UCB_009,Uncertainty-Aware UCB-VAE — vae_019 + ucb_009,55,26,train,0.01,4418.941129999998,441.89411299999983,20.67071931695459,31.993491398542627,0.6900431089558924,56.60106738252901,45
GAS,BAD,UNCERTAINTY_AWARE_UCB_009,Uncertainty-Aware UCB-VAE — vae_019 + ucb_009,55,26,test,0.01,181.64453000000094,18.164453000000094,8.784949460289514,20.39695118314799,0.4180913525574044,15.26917942842311,2
GAS,BAD,UNCERTAINTY_AWARE_UCB_009,Uncertainty-Aware UCB-VAE — vae_019 + ucb_009,55,27,train,0.01,4424.244029999998,442.4244029999998,20.683843339317075,32.04942130781698,0.6897467624689743,56.82509287150842,45
GAS,BAD,UNCERTAINTY_AWARE_UCB_009,Uncertainty-Aware UCB-VAE — vae_019 + ucb_009,55,27,test,0.01,186.8339800000008,18.68339800000008,9.025708824295208,20.37481475602912,0.429212884344304,15.26917942842311,2
GAS,BAD,UNCERTAINTY_AWARE_UCB_009,Uncertainty-Aware UCB-VAE — vae_019 + ucb_009,55,28,train,0.01,4361.810439999998,436.1810439999998,20.528599259821444,32.05396055513213,0.6856387856491135,56.8059666772446,45
GAS,BAD,UNCERTAINTY_AWARE_UCB_009,Uncertainty-Aware UCB-VAE — vae_019 + ucb_009,55,28,test,0.01,190.97461000000112,19.097461000000113,9.217435317193923,20.458664067179942,0.43687316226819817,15.242940886635594,2
GAS,BAD,UNCERTAINTY_AWARE_UCB_009,Uncertainty-Aware UCB-VAE — vae_019 + ucb_009,55,29,train,0.01,4514.137779999997,451.4137779999997,20.904601661683976,31.48969738877863,0.7021556117642763,56.6273753871365,41
GAS,BAD,UNCERTAINTY_AWARE_UCB_009,Uncertainty-Aware UCB-VAE — vae_019 + ucb_009,55,29,test,0.01,189.4033400000012,18.94033400000012,9.144718648437777,20.50816444110051,0.4330541618041668,15.5663315338955,2
GAS,BAD,UNCERTAINTY_AWARE_UCB_009,Uncertainty-Aware UCB-VAE — vae_019 + ucb_009,55,30,train,0.01,4354.733249999998,435.4733249999998,20.510900238751372,32.09162266349327,0.684749803131216,56.86845610816555,45
GAS,BAD,UNCERTAINTY_AWARE_UCB_009,Uncertainty-Aware UCB-VAE — vae_019 + ucb_009,55,30,test,0.01,190.0598300000015,19.00598300000015,9.175106078243523,20.499398377186253,0.43451490037275925,15.5663315338955,2
GAS,BAD,UNCERTAINTY_AWARE_UCB_009,Uncertainty-Aware UCB-VAE — vae_019 + ucb_009,55,31,train,0.01,4314.625499999998,431.46254999999985,20.41020204196744,31.928357903136956,0.6839705130345953,56.65067314129205,45
GAS,BAD,UNCERTAINTY_AWARE_UCB_009,Uncertainty-Aware UCB-VAE — vae_019 + ucb_009,55,31,test,0.01,200.28114000000073,20.028114000000073,9.647160258967368,20.55509926765511,0.4549524275043585,15.5663315338955,2
GAS,BAD,UNCERTAINTY_AWARE_UCB_009,Uncertainty-Aware UCB-VAE — vae_019 + ucb_009,55,32,train,0.01,4317.662769999999,431.76627699999995,20.417851287386355,31.936666281303545,0.6840746773786931,56.6237186323533,45
GAS,BAD,UNCERTAINTY_AWARE_UCB_009,Uncertainty-Aware UCB-VAE — vae_019 + ucb_009,55,32,test,0.01,203.72516000000064,20.372516000000065,9.805767613962125,20.482548328745416,0.46291757136874506,15.168858873604574,2
GAS,BAD,UNCERTAINTY_AWARE_UCB_009,Uncertainty-Aware UCB-VAE — vae_019 + ucb_009,55,33,train,0.01,4317.662769999999,431.76627699999995,20.417851287386355,31.936666281303545,0.6840746773786931,56.6237186323533,45
GAS,BAD,UNCERTAINTY_AWARE_UCB_009,Uncertainty-Aware UCB-VAE — vae_019 + ucb_009,55,33,test,0.01,201.79242999999997,20.179242999999996,9.71678738319699,20.4661366311322,0.45915111469935765,15.144520760290556,2
GAS,BAD,UNCERTAINTY_AWARE_UCB_009,Uncertainty-Aware UCB-VAE — vae_019 + ucb_009,55,34,train,0.01,4320.333769999998,432.03337699999986,20.424574887820015,31.93542190959382,0.6842649946225297,56.620167162233884,45
GAS,BAD,UNCERTAINTY_AWARE_UCB_009,Uncertainty-Aware UCB-VAE — vae_019 + ucb_009,55,34,test,0.01,204.26742999999988,20.426742999999988,9.83072025889593,20.449590693847124,0.46445037520023313,15.144520760290556,2
GAS,BAD,UNCERTAINTY_AWARE_UCB_009,Uncertainty-Aware UCB-VAE — vae_019 + ucb_009,55,35,train,0.01,4309.037879999999,430.9037879999999,20.39611968541164,31.96824716320812,0.6831473931972024,56.72053081287728,45
GAS,BAD,UNCERTAINTY_AWARE_UCB_009,Uncertainty-Aware UCB-VAE — vae_019 + ucb_009,55,35,test,0.01,186.84344000000033,18.684344000000035,9.02614723473163,20.24471148401513,0.43064978038887425,15.230699469697296,2
GAS,BAD,UNCERTAINTY_AWARE_UCB_009,Uncertainty-Aware UCB-VAE — vae_019 + ucb_009,55,36,train,0.01,4303.027979999999,430.3027979999999,20.380958353847966,32.00927026560059,0.6822844399829818,56.774073745145216,45
GAS,BAD,UNCERTAINTY_AWARE_UCB_009,Uncertainty-Aware UCB-VAE — vae_019 + ucb_009,55,36,test,0.01,221.53804000000036,22.153804000000036,10.622538235699807,20.413565149997805,0.5002149512348281,15.000935310665852,2
GAS,BAD,UNCERTAINTY_AWARE_UCB_009,Uncertainty-Aware UCB-VAE — vae_019 + ucb_009,55,37,train,0.01,4356.939029999999,435.69390299999986,20.516418802254076,32.16316756725725,0.6840892926936427,56.869029084388366,45
GAS,BAD,UNCERTAINTY_AWARE_UCB_009,Uncertainty-Aware UCB-VAE — vae_019 + ucb_009,55,37,test,0.01,188.94151000000033,18.894151000000033,9.123336607508993,20.23978452791448,0.4351254377606041,15.20619203833653,2
GAS,BAD,UNCERTAINTY_AWARE_UCB_009,Uncertainty-Aware UCB-VAE — vae_019 + ucb_009,55,38,train,0.01,4354.8645,435.48645,20.51122866504698,32.17499097873337,0.6838208226736205,56.88737298690973,45
GAS,BAD,UNCERTAINTY_AWARE_UCB_009,Uncertainty-Aware UCB-VAE — vae_019 + ucb_009,55,38,test,0.01,199.75726999999983,19.975726999999985,9.623014738936963,20.24534705733289,0.45770419382036065,15.20619203833653,2
GAS,BAD,UNCERTAINTY_AWARE_UCB_009,Uncertainty-Aware UCB-VAE — vae_019 + ucb_009,55,39,train,0.01,4304.2744999999995,430.4274499999999,20.38410423721304,32.09987212062903,0.6813475621792453,56.762960039115484,45
GAS,BAD,UNCERTAINTY_AWARE_UCB_009,Uncertainty-Aware UCB-VAE — vae_019 + ucb_009,55,39,test,0.01,219.55092000000013,21.95509200000001,10.531716976731897,20.587662805729398,0.49370336424155187,15.20619203833653,2
GAS,BAD,UNCERTAINTY_AWARE_UCB_009,Uncertainty-Aware UCB-VAE — vae_019 + ucb_009,55,40,train,0.01,4300.216959999999,430.02169599999985,20.373861677600026,32.13622069577492,0.6806734337482967,56.799152178809834,45
GAS,BAD,UNCERTAINTY_AWARE_UCB_009,Uncertainty-Aware UCB-VAE — vae_019 + ucb_009,55,40,test,0.01,225.9915500000002,22.599155000000017,10.825820253029184,20.534829904509486,0.5074282326000515,15.215757706406343,2
GAS,BAD,UNCERTAINTY_AWARE_UCB_009,Uncertainty-Aware UCB-VAE — vae_019 + ucb_009,55,41,train,0.01,4308.308759999999,430.83087599999993,20.39428112867847,32.08579744925706,0.6817708964973542,56.727021248382584,45
GAS,BAD,UNCERTAINTY_AWARE_UCB_009,Uncertainty-Aware UCB-VAE — vae_019 + ucb_009,55,41,test,0.01,205.6523500000003,20.56523500000003,9.894422329607732,20.39166078412525,0.4680957004612605,15.268324926969973,2
GAS,BAD,UNCERTAINTY_AWARE_UCB_009,Uncertainty-Aware UCB-VAE — vae_019 + ucb_009,55,42,train,0.01,3843.8788399999994,384.38788399999993,19.17488220663497,32.78730913616043,0.6428264555686957,56.814867383238386,48
GAS,BAD,UNCERTAINTY_AWARE_UCB_009,Uncertainty-Aware UCB-VAE — vae_019 + ucb_009,55,42,test,0.01,205.37821999999983,20.537821999999984,9.881816070049032,20.394021148234163,0.4675005616822869,15.268324926969973,2
GAS,BAD,UNCERTAINTY_AWARE_UCB_009,Uncertainty-Aware UCB-VAE — vae_019 + ucb_009,55,43,train,0.01,3845.5572299999985,384.55572299999983,19.179472837032698,32.7802852543296,0.6430121174468355,56.798484558705766,48
GAS,BAD,UNCERTAINTY_AWARE_UCB_009,Uncertainty-Aware UCB-VAE — vae_019 + ucb_009,55,43,test,0.01,225.53454000000056,22.553454000000055,10.804976738279425,20.631446937494218,0.5051613188054435,15.268324926969973,2
GAS,BAD,UNCERTAINTY_AWARE_UCB_009,Uncertainty-Aware UCB-VAE — vae_019 + ucb_009,55,44,train,0.01,3790.138819999999,379.0138819999999,19.027143213418583,32.7457380842215,0.6394014583273034,56.7074510560885,48
GAS,BAD,UNCERTAINTY_AWARE_UCB_009,Uncertainty-Aware UCB-VAE — vae_019 + ucb_009,55,44,test,0.01,231.6305100000004,23.16305100000004,11.082688308699474,20.688524455305107,0.5164830374110997,15.268324926969973,2
GAS,BAD,UNCERTAINTY_AWARE_UCB_009,Uncertainty-Aware UCB-VAE — vae_019 + ucb_009,55,45,train,0.01,3791.3296,379.13296,19.03043276211056,32.74308254125394,0.6395114494273133,56.69571428635988,48
GAS,BAD,UNCERTAINTY_AWARE_UCB_009,Uncertainty-Aware UCB-VAE — vae_019 + ucb_009,55,45,test,0.01,231.07407000000012,23.107407000000013,11.057367092367954,20.663569925460394,0.515749478204432,15.16107358587531,2
GAS,BAD,UNCERTAINTY_AWARE_UCB_009,Uncertainty-Aware UCB-VAE — vae_019 + ucb_009,56,1,train,0.03,64.65172999999936,6.465172999999937,0.6989943183008052,10.261509122888626,-0.07510024276051634,26.06790501251207,3
GAS,BAD,UNCERTAINTY_AWARE_UCB_009,Uncertainty-Aware UCB-VAE — vae_019 + ucb_009,56,1,test,0.03,35.07336999999984,3.507336999999984,1.754300321779656,5.8630953782330195,-0.014406095017446484,5.7060978619046665,0
GAS,BAD,UNCERTAINTY_AWARE_UCB_009,Uncertainty-Aware UCB-VAE — vae_019 + ucb_009,56,2,train,0.027,-2.2296600000008766,-0.22296600000008765,-0.02481556778768379,9.503567252456788,-0.1654578096778974,27.061689060514077,1
GAS,BAD,UNCERTAINTY_AWARE_UCB_009,Uncertainty-Aware UCB-VAE — vae_019 + ucb_009,56,2,test,0.027,26.38265999999976,2.638265999999976,1.322388756848647,6.884155110575361,-0.06478037778043683,5.795618525967259,0
GAS,BAD,UNCERTAINTY_AWARE_UCB_009,Uncertainty-Aware UCB-VAE — vae_019 + ucb_009,56,3,train,0.024300000000000002,-26.707550000000538,-2.670755000000054,-0.30053878921330046,10.200934493903652,-0.17465431072389964,28.68329344884235,3
GAS,BAD,UNCERTAINTY_AWARE_UCB_009,Uncertainty-Aware UCB-VAE — vae_019 + ucb_009,56,3,test,0.024300000000000002,21.513879999999745,2.1513879999999745,1.0796275757264606,7.183521109442391,-0.09267272744138581,7.413314235407173,0
GAS,BAD,UNCERTAINTY_AWARE_UCB_009,Uncertainty-Aware UCB-VAE — vae_019 + ucb_009,56,4,train,0.02187,-52.78026000000159,-5.2780260000001595,-0.6010896788256614,10.383898254814923,-0.19908746547228162,30.276300385962664,4
GAS,BAD,UNCERTAINTY_AWARE_UCB_009,Uncertainty-Aware UCB-VAE — vae_019 + ucb_009,56,4,test,0.02187,20.952110000000175,2.0952110000000177,1.0515804250635252,7.56924933279846,-0.0878829984400512,7.9867450086792555,0
GAS,BAD,UNCERTAINTY_AWARE_UCB_009,Uncertainty-Aware UCB-VAE — vae_019 + ucb_009,56,5,train,0.019683,-8.219080000001213,-0.8219080000001213,-0.09172119515955535,10.493064989499326,-0.14678597366436963,28.76488320241392,3
GAS,BAD,UNCERTAINTY_AWARE_UCB_009,Uncertainty-Aware UCB-VAE — vae_019 + ucb_009,56,5,test,0.019683,13.34634000000051,1.334634000000051,0.6710964155936638,8.20373330487959,-0.12112040798677919,7.069495409834092,0
GAS,BAD,UNCERTAINTY_AWARE_UCB_009,Uncertainty-Aware UCB-VAE — vae_019 + ucb_009,56,6,train,0.0177147,-59.867170000002034,-5.986717000000203,-0.6840539465785334,10.699551829205676,-0.19794979855706146,31.219617449570116,3
GAS,BAD,UNCERTAINTY_AWARE_UCB_009,Uncertainty-Aware UCB-VAE — vae_019 + ucb_009,56,6,test,0.0177147,11.88606000000027,1.1886060000000271,0.5978831413686825,9.002031045132718,-0.11086177812979518,8.221745692497146,0
GAS,BAD,UNCERTAINTY_AWARE_UCB_009,Uncertainty-Aware UCB-VAE — vae_019 + ucb_009,56,7,train,0.015943230000000003,-63.39448000000175,-6.339448000000175,-0.7255544618465892,10.710889070652946,-0.20155690179215838,31.01960944955977,3
GAS,BAD,UNCERTAINTY_AWARE_UCB_009,Uncertainty-Aware UCB-VAE — vae_019 + ucb_009,56,7,test,0.015943230000000003,21.887920000000122,2.1887920000000123,1.0982978060031678,9.376276124041972,-0.049701643768096396,8.786250545102877,0
GAS,BAD,UNCERTAINTY_AWARE_UCB_009,Uncertainty-Aware UCB-VAE — vae_019 + ucb_009,56,8,train,0.014348907000000001,-22.28187000000264,-2.2281870000002644,-0.2502341164146715,11.347586548880589,-0.14157631609935614,28.67439320392885,5
GAS,BAD,UNCERTAINTY_AWARE_UCB_009,Uncertainty-Aware UCB-VAE — vae_019 + ucb_009,56,8,test,0.014348907000000001,24.62171000000012,2.462171000000012,1.234652415199955,9.468238915610435,-0.03401963004043147,8.531945324196107,0
GAS,BAD,UNCERTAINTY_AWARE_UCB_009,Uncertainty-Aware UCB-VAE — vae_019 + ucb_009,56,9,train,0.012914016300000003,-16.64714000000197,-1.6647140000001968,-0.1864787897386755,11.19502700811632,-0.1392871115832245,28.697960384749972,5
GAS,BAD,UNCERTAINTY_AWARE_UCB_009,Uncertainty-Aware UCB-VAE — vae_019 + ucb_009,56,9,test,0.012914016300000003,50.39743000000044,5.039743000000044,2.511521796799676,9.603961826907714,0.09871857157079701,6.640506927441109,0
GAS,BAD,UNCERTAINTY_AWARE_UCB_009,Uncertainty-Aware UCB-VAE — vae_019 + ucb_009,56,10,train,0.011622614670000002,57.40788999999859,5.740788999999859,0.6225829267668903,11.277600673421059,-0.06531722830485147,32.631312118305644,4
GAS,BAD,UNCERTAINTY_AWARE_UCB_009,Uncertainty-Aware UCB-VAE — vae_019 + ucb_009,56,10,test,0.011622614670000002,36.545460000000276,3.6545460000000274,1.827282145465281,9.65846781630399,0.02914518563578433,7.690156871796752,0
GAS,BAD,UNCERTAINTY_AWARE_UCB_009,Uncertainty-Aware UCB-VAE — vae_019 + ucb_009,56,11,train,0.010460353203000003,56.15317999999843,5.615317999999843,0.6093004137188496,11.195060051687697,-0.06782929440446467,32.964092257329355,4
GAS,BAD,UNCERTAINTY_AWARE_UCB_009,Uncertainty-Aware UCB-VAE — vae_019 + ucb_009,56,11,test,0.010460353203000003,70.75491000000011,7.075491000000012,3.5090480623078513,10.04039684866366,0.19546784320578114,8.387554077252139,0
GAS,BAD,UNCERTAINTY_AWARE_UCB_009,Uncertainty-Aware UCB-VAE — vae_019 + ucb_009,56,12,train,0.01,2.870609999997555,0.2870609999997555,0.03187686872472284,12.099287035507828,-0.10193610712774388,29.01562884684697,5
GAS,BAD,UNCERTAINTY_AWARE_UCB_009,Uncertainty-Aware UCB-VAE — vae_019 + ucb_009,56,12,test,0.01,48.11383000000001,4.811383000000001,2.399028968148764,10.456127581333543,0.0883170105357186,8.080482998018693,0
GAS,BAD,UNCERTAINTY_AWARE_UCB_009,Uncertainty-Aware UCB-VAE — vae_019 + ucb_009,56,13,train,0.01,72.66887999999858,7.266887999999858,0.7830260851756865,12.761689780936859,-0.031087033162512354,26.707755926644577,5
GAS,BAD,UNCERTAINTY_AWARE_UCB_009,Uncertainty-Aware UCB-VAE — vae_019 + ucb_009,56,13,test,0.01,43.26079999999979,4.326079999999979,2.159558977481235,10.871490239555134,0.06737916041579577,8.4322811625787,0
GAS,BAD,UNCERTAINTY_AWARE_UCB_009,Uncertainty-Aware UCB-VAE — vae_019 + ucb_009,56,14,train,0.01,54.40062999999827,5.440062999999827,0.5907242099332244,13.490654756166146,-0.03649893672215019,29.21332934769178,7
GAS,BAD,UNCERTAINTY_AWARE_UCB_009,Uncertainty-Aware UCB-VAE — vae_019 + ucb_009,56,14,test,0.01,48.228570000000445,4.822857000000044,2.404684091886611,11.117254090826577,0.0899487439296823,8.291748620823522,0
GAS,BAD,UNCERTAINTY_AWARE_UCB_009,Uncertainty-Aware UCB-VAE — vae_019 + ucb_009,56,15,train,0.01,49.91505999999799,4.9915059999997995,0.5430539788526367,13.699754574306633,-0.03727107277232977,31.21399883473652,10
GAS,BAD,UNCERTAINTY_AWARE_UCB_009,Uncertainty-Aware UCB-VAE — vae_019 + ucb_009,56,15,test,0.01,-0.5138099999996939,-0.05138099999996939,-0.025924447342551282,12.637982191980585,-0.09701785444610374,10.556934377724602,1
GAS,BAD,UNCERTAINTY_AWARE_UCB_009,Uncertainty-Aware UCB-VAE — vae_019 + ucb_009,56,16,train,0.01,25.042899999998326,2.5042899999998327,0.27539414587307576,14.288779883950072,-0.048727295872560486,31.72162388518245,11
GAS,BAD,UNCERTAINTY_AWARE_UCB_009,Uncertainty-Aware UCB-VAE — vae_019 + ucb_009,56,16,test,0.01,-38.62031999999965,-3.8620319999999655,-1.9673628835592427,13.284012537342127,-0.23404266194311113,14.057349169002151,1
GAS,BAD,UNCERTAINTY_AWARE_UCB_009,Uncertainty-Aware UCB-VAE — vae_019 + ucb_009,56,17,train,0.01,-13.605540000002634,-1.3605540000002634,-0.15219879740494546,14.214761471756649,-0.07999197838066165,34.110734839701195,11
GAS,BAD,UNCERTAINTY_AWARE_UCB_009,Uncertainty-Aware UCB-VAE — vae_019 + ucb_009,56,17,test,0.01,-10.017389999999182,-1.0017389999999182,-0.5066268095130222,13.671542677228182,-0.11518925260933266,13.243822206346245,1
GAS,BAD,UNCERTAINTY_AWARE_UCB_009,Uncertainty-Aware UCB-VAE — vae_019 + ucb_009,56,18,train,0.01,33.82520999999724,3.382520999999724,0.370557138067773,14.503828623025608,-0.039271040030797476,30.971450713899724,12
GAS,BAD,UNCERTAINTY_AWARE_UCB_009,Uncertainty-Aware UCB-VAE — vae_019 + ucb_009,56,18,test,0.01,-20.432239999999524,-2.0432239999999524,-1.0360558015723997,13.75136007054802,-0.15264314600767212,13.33421110263304,1
GAS,BAD,UNCERTAINTY_AWARE_UCB_009,Uncertainty-Aware UCB-VAE — vae_019 + ucb_009,56,19,train,0.01,17.884679999997388,1.7884679999997388,0.19729183469896494,14.507838482132984,-0.0512027451412313,31.6446948295973,12
GAS,BAD,UNCERTAINTY_AWARE_UCB_009,Uncertainty-Aware UCB-VAE — vae_019 + ucb_009,56,19,test,0.01,-7.295990000000643,-0.7295990000000643,-0.3687424043399723,14.318651955394952,-0.09392165698748729,13.258432841184964,1
GAS,BAD,UNCERTAINTY_AWARE_UCB_009,Uncertainty-Aware UCB-VAE — vae_019 + ucb_009,56,20,train,0.01,18.32588999999848,1.8325889999998481,0.20211990915990352,14.696579416269174,-0.04839972142995529,35.74567516542441,12
GAS,BAD,UNCERTAINTY_AWARE_UCB_009,Uncertainty-Aware UCB-VAE — vae_019 + ucb_009,56,20,test,0.01,11.063189999999281,1.106318999999928,0.5566042862798826,14.633929848100482,-0.02541806945258604,13.464081426241393,1
GAS,BAD,UNCERTAINTY_AWARE_UCB_009,Uncertainty-Aware UCB-VAE — vae_019 + ucb_009,56,21,train,0.01,46.61823999999865,4.661823999999865,0.5079015921513719,14.890422773309394,-0.025234230734709054,32.488786599651185,12
GAS,BAD,UNCERTAINTY_AWARE_UCB_009,Uncertainty-Aware UCB-VAE — vae_019 + ucb_009,56,21,test,0.01,-7.120180000000687,-0.7120180000000688,-0.3598411335392737,14.747966669028392,-0.08635634577800033,14.073014246166585,1
GAS,BAD,UNCERTAINTY_AWARE_UCB_009,Uncertainty-Aware UCB-VAE — vae_019 + ucb_009,56,22,train,0.01,56.51253999999881,5.651253999999881,0.6131060750939499,15.054772547168103,-0.01629854242174746,31.614234247237494,12
GAS,BAD,UNCERTAINTY_AWARE_UCB_009,Uncertainty-Aware UCB-VAE — vae_019 + ucb_009,56,22,test,0.01,-38.19221000000027,-3.8192210000000273,-1.9453419933741611,15.585656533759815,-0.17662185549886916,14.958881078465128,2
GAS,BAD,UNCERTAINTY_AWARE_UCB_009,Uncertainty-Aware UCB-VAE — vae_019 + ucb_009,56,23,train,0.01,82.47613999999976,8.247613999999976,0.8850650840317886,15.10003806966645,0.002201055722585548,33.7167479390371,13
GAS,BAD,UNCERTAINTY_AWARE_UCB_009,Uncertainty-Aware UCB-VAE — vae_019 + ucb_009,56,23,test,0.01,-43.815889999999854,-4.381588999999985,-2.234998113949349,15.830296852021068,-0.19020510940371665,15.58243367069975,1
GAS,BAD,UNCERTAINTY_AWARE_UCB_009,Uncertainty-Aware UCB-VAE — vae_019 + ucb_009,56,24,train,0.01,36.53661999999963,3.6536619999999633,0.39979217263914624,15.310642873608337,-0.027426286578532574,34.64834748974132,12
GAS,BAD,UNCERTAINTY_AWARE_UCB_009,Uncertainty-Aware UCB-VAE — vae_019 + ucb_009,56,24,test,0.01,-26.763820000000237,-2.676382000000024,-1.359279682790171,16.411696091832265,-0.12311857229252857,15.58243367069975,2
GAS,BAD,UNCERTAINTY_AWARE_UCB_009,Uncertainty-Aware UCB-VAE — vae_019 + ucb_009,56,25,train,0.01,210.77531999999906,21.077531999999906,2.1493496230839737,15.600532668485073,0.0875970653825932,29.793372501867104,13
GAS,BAD,UNCERTAINTY_AWARE_UCB_009,Uncertainty-Aware UCB-VAE — vae_019 + ucb_009,56,25,test,0.01,-51.500250000000165,-5.150025000000016,-2.6321609320047012,16.384703158145268,-0.203081897469221,15.889478248274964,3
GAS,BAD,UNCERTAINTY_AWARE_UCB_009,Uncertainty-Aware UCB-VAE — vae_019 + ucb_009,56,26,train,0.01,98.35221999999794,9.835221999999794,1.048518037353774,15.733548418492333,0.018742182542531856,35.346776885277755,13
GAS,BAD,UNCERTAINTY_AWARE_UCB_009,Uncertainty-Aware UCB-VAE — vae_019 + ucb_009,56,26,test,0.01,-11.216090000000122,-1.121609000000012,-0.5674205823217426,15.95351354899503,-0.0811684493582511,14.178784430205774,1
GAS,BAD,UNCERTAINTY_AWARE_UCB_009,Uncertainty-Aware UCB-VAE — vae_019 + ucb_009,56,27,train,0.01,81.17234999999823,8.117234999999823,0.8715473586373923,15.755257217299274,0.007674100703688941,37.151444341516346,13
GAS,BAD,UNCERTAINTY_AWARE_UCB_009,Uncertainty-Aware UCB-VAE — vae_019 + ucb_009,56,27,test,0.01,-8.917879999999968,-0.8917879999999968,-0.450895662941031,16.390884132543427,-0.06755203318792638,14.550536994812699,1
GAS,BAD,UNCERTAINTY_AWARE_UCB_009,Uncertainty-Aware UCB-VAE — vae_019 + ucb_009,56,28,train,0.01,146.06314999999927,14.606314999999928,1.52739276718874,15.86539550586465,0.04995503395275066,33.183607922696964,14
GAS,BAD,UNCERTAINTY_AWARE_UCB_009,Uncertainty-Aware UCB-VAE — vae_019 + ucb_009,56,28,test,0.01,-6.3087500000001455,-0.6308750000000146,-0.31876850116429045,16.360733963287025,-0.05984899812897635,14.51067100588089,1
GAS,BAD,UNCERTAINTY_AWARE_UCB_009,Uncertainty-Aware UCB-VAE — vae_019 + ucb_009,56,29,train,0.01,146.2331499999991,14.623314999999911,1.529067131003914,15.952128244654878,0.05066207619769104,32.74278133310531,14
GAS,BAD,UNCERTAINTY_AWARE_UCB_009,Uncertainty-Aware UCB-VAE — vae_019 + ucb_009,56,29,test,0.01,-6.3087500000001455,-0.6308750000000146,-0.31876850116429045,16.360733963287025,-0.05984899812897635,14.51067100588089,1
GAS,BAD,UNCERTAINTY_AWARE_UCB_009,Uncertainty-Aware UCB-VAE — vae_019 + ucb_009,56,30,train,0.01,152.56667999999922,15.256667999999923,1.5912905777552,15.8435750472351,0.053864177745316655,30.403652371300605,14
GAS,BAD,UNCERTAINTY_AWARE_UCB_009,Uncertainty-Aware UCB-VAE — vae_019 + ucb_009,56,30,test,0.01,-16.06323000000009,-1.6063230000000088,-0.8136233729265085,16.37902043697789,-0.09007678792170672,14.51888376634397,1
GAS,BAD,UNCERTAINTY_AWARE_UCB_009,Uncertainty-Aware UCB-VAE — vae_019 + ucb_009,56,31,train,0.01,145.59482999999864,14.559482999999865,1.5227790483866466,15.855337574447992,0.04960438023966786,31.939780203420444,14
GAS,BAD,UNCERTAINTY_AWARE_UCB_009,Uncertainty-Aware UCB-VAE — vae_019 + ucb_009,56,31,test,0.01,-30.849819999999795,-3.0849819999999797,-1.5684212998631208,17.48327397576713,-0.11729279206632681,16.738706072925062,3
GAS,BAD,UNCERTAINTY_AWARE_UCB_009,Uncertainty-Aware UCB-VAE — vae_019 + ucb_009,56,32,train,0.01,78.2247099999995,7.82247099999995,0.8409326717717436,15.907349263291248,0.0072117523577829605,36.50669717000945,14
GAS,BAD,UNCERTAINTY_AWARE_UCB_009,Uncertainty-Aware UCB-VAE — vae_019 + ucb_009,56,32,test,0.01,-30.849819999999795,-3.0849819999999797,-1.5684212998631208,17.48327397576713,-0.11729279206632681,16.738706072925062,3
GAS,BAD,UNCERTAINTY_AWARE_UCB_009,Uncertainty-Aware UCB-VAE — vae_019 + ucb_009,56,33,train,0.01,160.88426999999797,16.088426999999797,1.672546314227219,16.16621620747896,0.06099124387534717,33.42611492542856,15
GAS,BAD,UNCERTAINTY_AWARE_UCB_009,Uncertainty-Aware UCB-VAE — vae_019 + ucb_009,56,33,test,0.01,-30.849819999999795,-3.0849819999999797,-1.5684212998631208,17.48327397576713,-0.11729279206632681,16.738706072925062,3
GAS,BAD,UNCERTAINTY_AWARE_UCB_009,Uncertainty-Aware UCB-VAE — vae_019 + ucb_009,56,34,train,0.01,135.926369999999,13.592636999999899,1.4271523584010959,16.30514153910359,0.046885434408561834,36.73305517588144,15
GAS,BAD,UNCERTAINTY_AWARE_UCB_009,Uncertainty-Aware UCB-VAE — vae_019 + ucb_009,56,34,test,0.01,-29.241429999999696,-2.9241429999999697,-1.4860439277341264,17.462022618356023,-0.11284345603410147,16.735761167749637,3
GAS,BAD,UNCERTAINTY_AWARE_UCB_009,Uncertainty-Aware UCB-VAE — vae_019 + ucb_009,56,35,train,0.01,125.35722999999871,12.535722999999871,1.3217861915458817,16.42577737546784,0.041306696652845705,39.70660424979498,16
GAS,BAD,UNCERTAINTY_AWARE_UCB_009,Uncertainty-Aware UCB-VAE — vae_019 + ucb_009,56,35,test,0.01,-32.00050999999985,-3.200050999999985,-1.6273980962670076,17.544779440738633,-0.11968928889457302,17.234062440325058,3
GAS,BAD,UNCERTAINTY_AWARE_UCB_009,Uncertainty-Aware UCB-VAE — vae_019 + ucb_009,56,36,train,0.01,123.33871999999883,12.333871999999884,1.3015632361665475,16.51999148066714,0.040792981893986134,38.153331800685095,16
GAS,BAD,UNCERTAINTY_AWARE_UCB_009,Uncertainty-Aware UCB-VAE — vae_019 + ucb_009,56,36,test,0.01,-33.43719999999985,-3.3437199999999847,-1.7010821554396816,17.548225143073314,-0.12391458823700761,17.234062440325058,3
GAS,BAD,UNCERTAINTY_AWARE_UCB_009,Uncertainty-Aware UCB-VAE — vae_019 + ucb_009,56,37,train,0.01,117.9694899999995,11.79694899999995,1.247612599050063,16.55271442107324,0.03771972108414386,39.678930251977924,15
GAS,BAD,UNCERTAINTY_AWARE_UCB_009,Uncertainty-Aware UCB-VAE — vae_019 + ucb_009,56,37,test,0.01,-70.31844999999987,-7.031844999999986,-3.6115581144451903,17.235439941844987,-0.24346362490974446,18.77937021954359,3
GAS,BAD,UNCERTAINTY_AWARE_UCB_009,Uncertainty-Aware UCB-VAE — vae_019 + ucb_009,56,38,train,0.01,178.98509999999874,17.898509999999874,1.8476025944801133,16.74817457843418,0.07484326840093938,37.885157034996205,15
GAS,BAD,UNCERTAINTY_AWARE_UCB_009,Uncertainty-Aware UCB-VAE — vae_019 + ucb_009,56,38,test,0.01,-75.90908000000002,-7.5909080000000015,-3.9044124540512204,17.12115907791492,-0.264056657899772,19.115234451630485,3
GAS,BAD,UNCERTAINTY_AWARE_UCB_009,Uncertainty-Aware UCB-VAE — vae_019 + ucb_009,56,39,train,0.01,170.43411999999967,17.043411999999964,1.7652044922306098,16.792925386852794,0.07022317304861647,37.222089278828584,15
GAS,BAD,UNCERTAINTY_AWARE_UCB_009,Uncertainty-Aware UCB-VAE — vae_019 + ucb_009,56,39,test,0.01,-53.67540999999949,-5.367540999999949,-2.7448724093560584,17.109403424858012,-0.1940590529237143,17.700378260585122,3
GAS,BAD,UNCERTAINTY_AWARE_UCB_009,Uncertainty-Aware UCB-VAE — vae_019 + ucb_009,56,40,train,0.01,203.75739999999792,20.37573999999979,2.0833476908477477,16.985666841147186,0.0898862496679248,41.13196826288302,14
GAS,BAD,UNCERTAINTY_AWARE_UCB_009,Uncertainty-Aware UCB-VAE — vae_019 + ucb_009,56,40,test,0.01,-22.009540000000243,-2.2009540000000243,-1.1164790914380829,17.97675914023669,-0.08369292675721635,17.250580714554076,3
GAS,BAD,UNCERTAINTY_AWARE_UCB_009,Uncertainty-Aware UCB-VAE — vae_019 + ucb_009,56,41,train,0.01,310.2382599999976,31.02382599999976,3.0499654331316073,17.2020518070618,0.14617823317445022,37.810190740457436,15
GAS,BAD,UNCERTAINTY_AWARE_UCB_009,Uncertainty-Aware UCB-VAE — vae_019 + ucb_009,56,41,test,0.01,-25.16906999999992,-2.516906999999992,-1.2777705908478487,18.39781744752866,-0.08649301349922536,18.08102191334589,2
GAS,BAD,UNCERTAINTY_AWARE_UCB_009,Uncertainty-Aware UCB-VAE — vae_019 + ucb_009,56,42,train,0.01,243.3385499999979,24.33385499999979,2.4512193967132,17.553515495367016,0.11328073618276031,41.64930823472511,16
GAS,BAD,UNCERTAINTY_AWARE_UCB_009,Uncertainty-Aware UCB-VAE — vae_019 + ucb_009,56,42,test,0.01,-24.685490000000073,-2.4685490000000074,-1.2530674441615597,18.191549299760585,-0.08815504533784443,17.71977680521571,2
GAS,BAD,UNCERTAINTY_AWARE_UCB_009,Uncertainty-Aware UCB-VAE — vae_019 + ucb_009,56,43,train,0.01,254.04324999999903,25.404324999999904,2.5489208883145986,17.452334628543525,0.1184237053207835,40.8643164581387,14
GAS,BAD,UNCERTAINTY_AWARE_UCB_009,Uncertainty-Aware UCB-VAE — vae_019 + ucb_009,56,43,test,0.01,-33.96130000000039,-3.3961300000000394,-1.727975377238844,18.12966439020994,-0.11573155756966709,17.5456913600587,2
GAS,BAD,UNCERTAINTY_AWARE_UCB_009,Uncertainty-Aware UCB-VAE — vae_019 + ucb_009,56,44,train,0.01,267.32373999999845,26.732373999999847,2.6691064679839727,17.532590273079837,0.1253752161793258,40.5787481178315,15
GAS,BAD,UNCERTAINTY_AWARE_UCB_009,Uncertainty-Aware UCB-VAE — vae_019 + ucb_009,56,44,test,0.01,-30.991180000000327,-3.0991180000000327,-1.5756646129884033,18.12802227063973,-0.10719114800366988,17.5456913600587,2
GAS,BAD,UNCERTAINTY_AWARE_UCB_009,Uncertainty-Aware UCB-VAE — vae_019 + ucb_009,56,45,train,0.01,217.633359999998,21.7633359999998,2.213520240987399,17.579903794637417,0.099995551833671,39.9280694151965,14
GAS,BAD,UNCERTAINTY_AWARE_UCB_009,Uncertainty-Aware UCB-VAE — vae_019 + ucb_009,56,45,test,0.01,-24.123230000000262,-2.4123230000000264,-1.2243526466147903,18.248389546623198,-0.08568633481393609,17.5456913600587,2
GAS,BAD,UNCERTAINTY_AWARE_UCB_009,Uncertainty-Aware UCB-VAE — vae_019 + ucb_009,57,1,train,0.03,1889.3169800000005,188.93169800000004,12.521246259785258,14.753398927803415,0.7444397205880143,22.251293892314592,5
GAS,BAD,UNCERTAINTY_AWARE_UCB_009,Uncertainty-Aware UCB-VAE — vae_019 + ucb_009,57,1,test,0.03,-78.26985000000013,-7.826985000000013,-4.028340392502161,15.896483685826363,-0.30529848667348625,21.587730218102255,2
GAS,BAD,UNCERTAINTY_AWARE_UCB_009,Uncertainty-Aware UCB-VAE — vae_019 + ucb_009,57,2,train,0.027,1891.0368300000005,189.10368300000005,12.528691349046372,14.74667394868257,0.7451655111078189,22.239598670165396,5
GAS,BAD,UNCERTAINTY_AWARE_UCB_009,Uncertainty-Aware UCB-VAE — vae_019 + ucb_009,57,2,test,0.027,-78.88139000000024,-7.888139000000023,-4.060468648015069,15.897472410505072,-0.30738196784227406,21.640978771699693,2
GAS,BAD,UNCERTAINTY_AWARE_UCB_009,Uncertainty-Aware UCB-VAE — vae_019 + ucb_009,57,3,train,0.024300000000000002,1849.8264400000007,184.98264400000005,12.349202073857457,14.660932192171458,0.7376873343271781,22.08306557991143,5
GAS,BAD,UNCERTAINTY_AWARE_UCB_009,Uncertainty-Aware UCB-VAE — vae_019 + ucb_009,57,3,test,0.024300000000000002,-79.66823999999997,-7.966823999999997,-4.101822654110954,15.917197408415662,-0.309521732159364,21.70949207319777,2
GAS,BAD,UNCERTAINTY_AWARE_UCB_009,Uncertainty-Aware UCB-VAE — vae_019 + ucb_009,57,4,train,0.02187,1885.42247,188.542247,12.504372676872366,14.760356388856872,0.7431275704204571,22.2778226262551,5
GAS,BAD,UNCERTAINTY_AWARE_UCB_009,Uncertainty-Aware UCB-VAE — vae_019 + ucb_009,57,4,test,0.02187,-80.0944199999999,-8.009441999999991,-4.124228456516265,15.920247466354462,-0.31090394016348044,21.74660079637557,2
GAS,BAD,UNCERTAINTY_AWARE_UCB_009,Uncertainty-Aware UCB-VAE — vae_019 + ucb_009,57,5,train,0.019683,1885.42247,188.542247,12.504372676872366,14.760356388856872,0.7431275704204571,22.2778226262551,5
GAS,BAD,UNCERTAINTY_AWARE_UCB_009,Uncertainty-Aware UCB-VAE — vae_019 + ucb_009,57,5,test,0.019683,-78.27828999999997,-7.827828999999998,-4.02878372983243,15.890500251340308,-0.30550377518723837,21.588465113272406,2
GAS,BAD,UNCERTAINTY_AWARE_UCB_009,Uncertainty-Aware UCB-VAE — vae_019 + ucb_009,57,6,train,0.0177147,1889.9429100000007,188.99429100000006,12.523956315091622,14.7646663718629,0.7441443376710617,22.247036056752545,5
GAS,BAD,UNCERTAINTY_AWARE_UCB_009,Uncertainty-Aware UCB-VAE — vae_019 + ucb_009,57,6,test,0.0177147,-74.52242000000001,-7.452242000000001,-3.8316932659638314,15.880688186043576,-0.2928341285853621,21.261430667447105,2
GAS,BAD,UNCERTAINTY_AWARE_UCB_009,Uncertainty-Aware UCB-VAE — vae_019 + ucb_009,57,7,train,0.015943230000000003,1923.9166800000007,192.39166800000007,12.670273789201246,14.73920402777707,0.7540763906822954,22.018351732790915,5
GAS,BAD,UNCERTAINTY_AWARE_UCB_009,Uncertainty-Aware UCB-VAE — vae_019 + ucb_009,57,7,test,0.015943230000000003,-75.06527000000006,-7.5065270000000055,-3.8601549566738447,15.881839284908178,-0.2946706726020572,21.3086981844049,2
GAS,BAD,UNCERTAINTY_AWARE_UCB_009,Uncertainty-Aware UCB-VAE — vae_019 + ucb_009,57,8,train,0.014348907000000001,1959.8961800000006,195.98961800000006,12.823591102455033,14.801054761127745,0.7608137330335932,22.20666223401532,5
GAS,BAD,UNCERTAINTY_AWARE_UCB_009,Uncertainty-Aware UCB-VAE — vae_019 + ucb_009,57,8,test,0.014348907000000001,-75.4656399999999,-7.546563999999989,-3.881151707794517,15.879582697496385,-0.2961146808743819,21.343559556357345,2
GAS,BAD,UNCERTAINTY_AWARE_UCB_009,Uncertainty-Aware UCB-VAE — vae_019 + ucb_009,57,9,train,0.012914016300000003,1726.1732400000005,172.61732400000005,11.796440179360236,14.963254693180941,0.6924871437463523,22.025838134930538,5
GAS,BAD,UNCERTAINTY_AWARE_UCB_009,Uncertainty-Aware UCB-VAE — vae_019 + ucb_009,57,9,test,0.012914016300000003,-75.98281999999995,-7.598281999999995,-3.908281038855421,15.86593217455284,-0.298288952851948,21.38859191229403,2
GAS,BAD,UNCERTAINTY_AWARE_UCB_009,Uncertainty-Aware UCB-VAE — vae_019 + ucb_009,57,10,train,0.011622614670000002,2228.9305900000004,222.89305900000005,13.920221306188418,15.40962552372551,0.8000213958611518,22.179384072000214,5
GAS,BAD,UNCERTAINTY_AWARE_UCB_009,Uncertainty-Aware UCB-VAE — vae_019 + ucb_009,57,10,test,0.011622614670000002,-84.52712999999972,-8.45271299999997,-4.357577495736087,15.824111231160682,-0.3291972011131276,22.13256965534946,2
GAS,BAD,UNCERTAINTY_AWARE_UCB_009,Uncertainty-Aware UCB-VAE — vae_019 + ucb_009,57,11,train,0.010460353203000003,2236.0419200000006,223.60419200000007,13.948090416736857,15.383418212252744,0.8027263232066123,22.136110278489703,5
GAS,BAD,UNCERTAINTY_AWARE_UCB_009,Uncertainty-Aware UCB-VAE — vae_019 + ucb_009,57,11,test,0.010460353203000003,-103.24990999999955,-10.324990999999955,-5.349424514263578,15.720317176694266,-0.39888980653038786,22.13256965534946,2
GAS,BAD,UNCERTAINTY_AWARE_UCB_009,Uncertainty-Aware UCB-VAE — vae_019 + ucb_009,57,12,train,0.01,2284.0885000000003,228.40885000000003,14.13496999403785,15.443720804664327,0.8108937351929165,22.25006888774308,5
GAS,BAD,UNCERTAINTY_AWARE_UCB_009,Uncertainty-Aware UCB-VAE — vae_019 + ucb_009,57,12,test,0.01,-80.87251999999944,-8.087251999999943,-4.165149220514519,15.806197318106314,-0.31699173848121354,21.962434457625385,2
GAS,BAD,UNCERTAINTY_AWARE_UCB_009,Uncertainty-Aware UCB-VAE — vae_019 + ucb_009,57,13,train,0.01,2108.02392,210.802392,13.437843918022384,15.201175824109361,0.7807221895926847,22.097349276746534,5
GAS,BAD,UNCERTAINTY_AWARE_UCB_009,Uncertainty-Aware UCB-VAE — vae_019 + ucb_009,57,13,test,0.01,-87.35352999999941,-8.735352999999941,-4.50665872118079,15.827033629559907,-0.3389875924229374,22.526754711984093,2
GAS,BAD,UNCERTAINTY_AWARE_UCB_009,Uncertainty-Aware UCB-VAE — vae_019 + ucb_009,57,14,train,0.01,2165.33457,216.53345700000003,13.668535286405703,15.26526355915752,0.7915044599084744,22.158601729816997,5
GAS,BAD,UNCERTAINTY_AWARE_UCB_009,Uncertainty-Aware UCB-VAE — vae_019 + ucb_009,57,14,test,0.01,-88.23130999999944,-8.823130999999943,-4.5530046271655245,15.828505626419823,-0.34201723288739944,22.60318555113895,2
GAS,BAD,UNCERTAINTY_AWARE_UCB_009,Uncertainty-Aware UCB-VAE — vae_019 + ucb_009,57,15,train,0.01,2172.8836400000005,217.28836400000006,13.698645171304902,15.263695162761278,0.7933234919668578,22.111840683824475,5
GAS,BAD,UNCERTAINTY_AWARE_UCB_009,Uncertainty-Aware UCB-VAE — vae_019 + ucb_009,57,15,test,0.01,-88.39347999999973,-8.839347999999973,-4.56156946020374,15.832050630500879,-0.34247277555009564,22.797486958048765,2
GAS,BAD,UNCERTAINTY_AWARE_UCB_009,Uncertainty-Aware UCB-VAE — vae_019 + ucb_009,57,16,train,0.01,2233.1207499999996,223.31207499999994,13.936649024273894,15.312360676302875,0.8050623004117904,22.15386570074107,5
GAS,BAD,UNCERTAINTY_AWARE_UCB_009,Uncertainty-Aware UCB-VAE — vae_019 + ucb_009,57,16,test,0.01,-90.39903999999979,-9.039903999999979,-4.667553409745418,15.839075349298254,-0.3492860238932994,22.791936061473173,2
GAS,BAD,UNCERTAINTY_AWARE_UCB_009,Uncertainty-Aware UCB-VAE — vae_019 + ucb_009,57,17,train,0.01,2295.99162,229.59916199999998,14.180892019338586,15.472239741599395,0.8122760464049188,22.178665673303456,5
GAS,BAD,UNCERTAINTY_AWARE_UCB_009,Uncertainty-Aware UCB-VAE — vae_019 + ucb_009,57,17,test,0.01,-65.38626999999997,-6.538626999999996,-3.353919106740344,15.945624345830906,-0.25982732746560505,21.92829753209662,2
GAS,BAD,UNCERTAINTY_AWARE_UCB_009,Uncertainty-Aware UCB-VAE — vae_019 + ucb_009,57,18,train,0.01,1788.1654099999996,178.81654099999994,12.076285154098422,15.861789026897263,0.6779047221688649,26.053324738346795,6
GAS,BAD,UNCERTAINTY_AWARE_UCB_009,Uncertainty-Aware UCB-VAE — vae_019 + ucb_009,57,18,test,0.01,-75.75517999999988,-7.575517999999988,-3.896338967927715,16.008444533149728,-0.2934428777909713,22.831148465612007,2
GAS,BAD,UNCERTAINTY_AWARE_UCB_009,Uncertainty-Aware UCB-VAE — vae_019 + ucb_009,57,19,train,0.01,2947.508349999999,294.75083499999994,16.493984459587097,15.874473235147748,0.923133634602854,22.187452690574187,5
GAS,BAD,UNCERTAINTY_AWARE_UCB_009,Uncertainty-Aware UCB-VAE — vae_019 + ucb_009,57,19,test,0.01,-78.29652999999985,-7.829652999999985,-4.029741849606916,16.036829007641256,-0.30132859930016676,23.0524311481591,2
GAS,BAD,UNCERTAINTY_AWARE_UCB_009,Uncertainty-Aware UCB-VAE — vae_019 + ucb_009,57,20,train,0.01,2994.3619700000004,299.43619700000005,16.64691656136823,15.923335205421928,0.9290983343851337,22.275250935006383,5
GAS,BAD,UNCERTAINTY_AWARE_UCB_009,Uncertainty-Aware UCB-VAE — vae_019 + ucb_009,57,20,test,0.01,-83.44284000000016,-8.344284000000016,-4.300446102381706,16.03736048690802,-0.31898234017984,23.500535219624656,2
GAS,BAD,UNCERTAINTY_AWARE_UCB_009,Uncertainty-Aware UCB-VAE — vae_019 + ucb_009,57,21,train,0.01,3057.3187999999996,305.73187999999993,16.849918831981814,16.022793459673643,0.93527793760222,22.27469130930528,5
GAS,BAD,UNCERTAINTY_AWARE_UCB_009,Uncertainty-Aware UCB-VAE — vae_019 + ucb_009,57,21,test,0.01,-86.08435000000009,-8.608435000000009,-4.439686325590886,16.060263196383346,-0.3273878441418966,23.702833400518784,2
GAS,BAD,UNCERTAINTY_AWARE_UCB_009,Uncertainty-Aware UCB-VAE — vae_019 + ucb_009,57,22,train,0.01,2351.0879200000013,235.1087920000001,14.391551060597841,16.35406491466518,0.78848248261786,25.421826253530977,6
GAS,BAD,UNCERTAINTY_AWARE_UCB_009,Uncertainty-Aware UCB-VAE — vae_019 + ucb_009,57,22,test,0.01,-89.5568400000002,-8.95568400000002,-4.623033207050364,16.063003642279934,-0.33929641825341184,23.78140710343403,2
GAS,BAD,UNCERTAINTY_AWARE_UCB_009,Uncertainty-Aware UCB-VAE — vae_019 + ucb_009,57,23,train,0.01,2343.6673600000026,234.36673600000026,14.363358960709792,16.347166760493206,0.7872300835007802,25.82873242143459,6
GAS,BAD,UNCERTAINTY_AWARE_UCB_009,Uncertainty-Aware UCB-VAE — vae_019 + ucb_009,57,23,test,0.01,-96.46306000000027,-9.646306000000028,-4.988713253294364,16.04227097220415,-0.36395645651301683,23.846965151131716,2
GAS,BAD,UNCERTAINTY_AWARE_UCB_009,Uncertainty-Aware UCB-VAE — vae_019 + ucb_009,57,24,train,0.01,2803.9296700000023,280.3929670000002,16.01507714200907,16.8623561164003,0.8539762888924695,22.250535148847774,6
GAS,BAD,UNCERTAINTY_AWARE_UCB_009,Uncertainty-Aware UCB-VAE — vae_019 + ucb_009,57,24,test,0.01,-117.9203700000005,-11.79203700000005,-6.133789827835789,16.153453963561198,-0.4356187332126606,25.686828324099803,2
GAS,BAD,UNCERTAINTY_AWARE_UCB_009,Uncertainty-Aware UCB-VAE — vae_019 + ucb_009,57,25,train,0.01,2953.6295100000043,295.3629510000004,16.514055502306356,17.01348973299263,0.8733642148103079,22.207674275192886,6
GAS,BAD,UNCERTAINTY_AWARE_UCB_009,Uncertainty-Aware UCB-VAE — vae_019 + ucb_009,57,25,test,0.01,-137.9078300000001,-13.79078300000001,-7.212910100402025,16.17492447228481,-0.5064863171361612,27.543473925396917,2
GAS,BAD,UNCERTAINTY_AWARE_UCB_009,Uncertainty-Aware UCB-VAE — vae_019 + ucb_009,57,26,train,0.01,3035.300320000005,303.5300320000005,16.779241330035166,17.18341760062779,0.8797617474864581,22.268365712628775,6
GAS,BAD,UNCERTAINTY_AWARE_UCB_009,Uncertainty-Aware UCB-VAE — vae_019 + ucb_009,57,26,test,0.01,-134.24715000000037,-13.424715000000036,-7.014350399855907,15.799690784047288,-0.5088799841626022,27.224727947728987,2
GAS,BAD,UNCERTAINTY_AWARE_UCB_009,Uncertainty-Aware UCB-VAE — vae_019 + ucb_009,57,27,train,0.01,3105.3497900000084,310.5349790000008,17.002918968977276,17.209439079082177,0.8899162007353022,22.255868187341413,6
GAS,BAD,UNCERTAINTY_AWARE_UCB_009,Uncertainty-Aware UCB-VAE — vae_019 + ucb_009,57,27,test,0.01,-132.67571000000055,-13.267571000000055,-6.929241242625228,15.942449590016306,-0.49715501496296827,26.949404348308587,2
GAS,BAD,UNCERTAINTY_AWARE_UCB_009,Uncertainty-Aware UCB-VAE — vae_019 + ucb_009,57,28,train,0.01,3348.39555000001,334.839555000001,17.753555225610707,17.230966185058914,0.9264838613295023,22.16746520686323,6
GAS,BAD,UNCERTAINTY_AWARE_UCB_009,Uncertainty-Aware UCB-VAE — vae_019 + ucb_009,57,28,test,0.01,-132.8129200000003,-13.28129200000003,-6.936669487141833,15.800940027427114,-0.5035211331453865,27.27026075981601,2
GAS,BAD,UNCERTAINTY_AWARE_UCB_009,Uncertainty-Aware UCB-VAE — vae_019 + ucb_009,57,29,train,0.01,2228.6671499999925,222.86671499999926,13.919187844393699,19.802015320835665,0.6618931519251984,35.520358613386875,16
GAS,BAD,UNCERTAINTY_AWARE_UCB_009,Uncertainty-Aware UCB-VAE — vae_019 + ucb_009,57,29,test,0.01,-133.1746400000003,-13.31746400000003,-6.956254996069211,16.17550587608513,-0.48933160383866586,27.317249014323338,2
GAS,BAD,UNCERTAINTY_AWARE_UCB_009,Uncertainty-Aware UCB-VAE — vae_019 + ucb_009,57,30,train,0.01,2302.924459999997,230.29244599999973,14.207570908470224,19.890680549895094,0.6726502783392003,36.386047328403706,16
GAS,BAD,UNCERTAINTY_AWARE_UCB_009,Uncertainty-Aware UCB-VAE — vae_019 + ucb_009,57,30,test,0.01,-145.38010999999972,-14.538010999999972,-7.61951660069723,16.039160763646144,-0.5396471181549974,28.34183216541565,2
GAS,BAD,UNCERTAINTY_AWARE_UCB_009,Uncertainty-Aware UCB-VAE — vae_019 + ucb_009,57,31,train,0.01,2990.887139999998,299.0887139999998,16.635629465401113,19.15374335378489,0.8016942407536249,30.909589012870438,11
GAS,BAD,UNCERTAINTY_AWARE_UCB_009,Uncertainty-Aware UCB-VAE — vae_019 + ucb_009,57,31,test,0.01,-154.90990999999974,-15.490990999999973,-8.140648369321536,16.128057035107936,-0.5709505629054035,29.168956676487362,2
GAS,BAD,UNCERTAINTY_AWARE_UCB_009,Uncertainty-Aware UCB-VAE — vae_019 + ucb_009,57,32,train,0.01,2981.2804699999997,298.128047,16.604379138938864,19.201844729834175,0.7987509098140899,29.702929036474245,11
GAS,BAD,UNCERTAINTY_AWARE_UCB_009,Uncertainty-Aware UCB-VAE — vae_019 + ucb_009,57,32,test,0.01,-149.46629999999948,-14.946629999999947,-7.842613140861121,15.964880732487307,-0.5581563398898518,28.432520323334337,2
GAS,BAD,UNCERTAINTY_AWARE_UCB_009,Uncertainty-Aware UCB-VAE — vae_019 + ucb_009,57,33,train,0.01,3061.127499999994,306.11274999999944,16.86210984488552,19.227167409684416,0.8095379819070735,28.83188507514732,11
GAS,BAD,UNCERTAINTY_AWARE_UCB_009,Uncertainty-Aware UCB-VAE — vae_019 + ucb_009,57,33,test,0.01,-156.82334999999978,-15.682334999999977,-8.24563420373633,16.14548785951609,-0.5772621839808885,29.300716123460823,2
GAS,BAD,UNCERTAINTY_AWARE_UCB_009,Uncertainty-Aware UCB-VAE — vae_019 + ucb_009,57,34,train,0.01,2624.495849999995,262.4495849999995,15.39345683514517,20.449340278938294,0.7107670943722838,34.26390693436537,16
GAS,BAD,UNCERTAINTY_AWARE_UCB_009,Uncertainty-Aware UCB-VAE — vae_019 + ucb_009,57,34,test,0.01,-159.67301999999984,-15.967301999999982,-8.40220779275268,16.02550906967545,-0.5935409368517539,29.548048901217527,2
GAS,BAD,UNCERTAINTY_AWARE_UCB_009,Uncertainty-Aware UCB-VAE — vae_019 + ucb_009,57,35,train,0.01,2507.751569999994,250.7751569999994,14.974157862601079,20.53909214794815,0.6906947583897074,34.431865001862214,16
GAS,BAD,UNCERTAINTY_AWARE_UCB_009,Uncertainty-Aware UCB-VAE — vae_019 + ucb_009,57,35,test,0.01,-161.52359999999987,-16.152359999999987,-8.504027858374386,16.029319088543225,-0.6003196228362814,29.708667180478283,2
GAS,BAD,UNCERTAINTY_AWARE_UCB_009,Uncertainty-Aware UCB-VAE — vae_019 + ucb_009,57,36,train,0.01,2892.391409999994,289.2391409999994,16.31200153142258,21.06903965784963,0.7339130401907765,34.58816782476355,17
GAS,BAD,UNCERTAINTY_AWARE_UCB_009,Uncertainty-Aware UCB-VAE — vae_019 + ucb_009,57,36,test,0.01,-160.41466000000003,-16.041466,-8.442999933375972,16.02635499156041,-0.5962882511977151,29.612418418142468,2
GAS,BAD,UNCERTAINTY_AWARE_UCB_009,Uncertainty-Aware UCB-VAE — vae_019 + ucb_009,57,37,train,0.01,2953.9263199999964,295.39263199999965,16.51502802834961,21.1335872597036,0.7406524177094327,35.06383992395416,17
GAS,BAD,UNCERTAINTY_AWARE_UCB_009,Uncertainty-Aware UCB-VAE — vae_019 + ucb_009,57,37,test,0.01,-169.64780000000007,-16.964780000000008,-8.952349550958584,16.078428040585475,-0.628625303575837,29.688420469261555,2
GAS,BAD,UNCERTAINTY_AWARE_UCB_009,Uncertainty-Aware UCB-VAE — vae_019 + ucb_009,57,38,train,0.01,2981.379769999998,298.1379769999998,16.604702502718773,21.22890589755995,0.741940183813948,35.18003008416858,17
GAS,BAD,UNCERTAINTY_AWARE_UCB_009,Uncertainty-Aware UCB-VAE — vae_019 + ucb_009,57,38,test,0.01,-160.47568999999987,-16.047568999999985,-8.446357538024696,16.06191399199068,-0.5948411020415272,29.61771542426124,2
GAS,BAD,UNCERTAINTY_AWARE_UCB_009,Uncertainty-Aware UCB-VAE — vae_019 + ucb_009,57,39,train,0.01,3316.9724599999945,331.69724599999944,17.658637448022297,21.44221268041607,0.7790488932718638,31.62633595104448,17
GAS,BAD,UNCERTAINTY_AWARE_UCB_009,Uncertainty-Aware UCB-VAE — vae_019 + ucb_009,57,39,test,0.01,-163.05098999999984,-16.305098999999984,-8.588149719507188,16.04838933199917,-0.6051639118183936,29.800906951946875,2
GAS,BAD,UNCERTAINTY_AWARE_UCB_009,Uncertainty-Aware UCB-VAE — vae_019 + ucb_009,57,40,train,0.01,3380.945419999989,338.0945419999989,17.851235924302266,21.589436150001777,0.7828549739000349,33.15985769311813,17
GAS,BAD,UNCERTAINTY_AWARE_UCB_009,Uncertainty-Aware UCB-VAE — vae_019 + ucb_009,57,40,test,0.01,-177.8372999999998,-17.78372999999998,-9.406479981180315,16.051456312356013,-0.6611939190407935,30.624837462933847,2
GAS,BAD,UNCERTAINTY_AWARE_UCB_009,Uncertainty-Aware UCB-VAE — vae_019 + ucb_009,57,41,train,0.01,3405.3251299999956,340.53251299999954,17.92397672210302,21.691474856100047,0.7830578263343074,32.882293815599375,17
GAS,BAD,UNCERTAINTY_AWARE_UCB_009,Uncertainty-Aware UCB-VAE — vae_019 + ucb_009,57,41,test,0.01,-186.05613000000005,-18.605613000000005,-9.864496027905577,16.084646645851628,-0.6910928490386201,30.836484233222155,2
GAS,BAD,UNCERTAINTY_AWARE_UCB_009,Uncertainty-Aware UCB-VAE — vae_019 + ucb_009,57,42,train,0.01,3357.6508799999956,335.76508799999954,17.78139599949471,21.68420111948339,0.7776167028695827,32.96374032406387,17
GAS,BAD,UNCERTAINTY_AWARE_UCB_009,Uncertainty-Aware UCB-VAE — vae_019 + ucb_009,57,42,test,0.01,-181.81907000000012,-18.181907000000013,-9.628089926882911,16.41097625157051,-0.6579907304129005,30.46873504846681,2
GAS,BAD,UNCERTAINTY_AWARE_UCB_009,Uncertainty-Aware UCB-VAE — vae_019 + ucb_009,57,43,train,0.01,3519.3217799999984,351.93217799999985,18.259427345523328,21.70948243087509,0.79579090491401,32.52088441548991,17
GAS,BAD,UNCERTAINTY_AWARE_UCB_009,Uncertainty-Aware UCB-VAE — vae_019 + ucb_009,57,43,test,0.01,-171.73211000000026,-17.173211000000027,-9.067718972927509,16.196483209736712,-0.6306583733927774,29.869907359323832,2
GAS,BAD,UNCERTAINTY_AWARE_UCB_009,Uncertainty-Aware UCB-VAE — vae_019 + ucb_009,57,44,train,0.01,3622.6756499999956,362.2675649999996,18.557121853269386,21.75395579087178,0.8062544625389452,33.47483910355976,17
GAS,BAD,UNCERTAINTY_AWARE_UCB_009,Uncertainty-Aware UCB-VAE — vae_019 + ucb_009,57,44,test,0.01,-173.56112999999993,-17.356112999999993,-9.169076306005996,16.036804734462127,-0.6455805838792724,30.25369378515368,2
GAS,BAD,UNCERTAINTY_AWARE_UCB_009,Uncertainty-Aware UCB-VAE — vae_019 + ucb_009,57,45,train,0.01,3713.1681999999964,371.31681999999967,18.81295304773627,21.87441608322643,0.8129703596752395,33.884381734276424,18
GAS,BAD,UNCERTAINTY_AWARE_UCB_009,Uncertainty-Aware UCB-VAE — vae_019 + ucb_009,57,45,test,0.01,-174.73385999999994,-17.473385999999994,-9.234123033906027,16.041448521585906,-0.6498252582610824,30.355479103614623,2
GAS,BAD,UNCERTAINTY_AWARE_UCB_009,Uncertainty-Aware UCB-VAE — vae_019 + ucb_009,58,1,train,0.03,922.5310499999978,92.25310499999978,7.538280627948968,19.827250329268463,0.36823644396330146,35.74704692092626,17
GAS,BAD,UNCERTAINTY_AWARE_UCB_009,Uncertainty-Aware UCB-VAE — vae_019 + ucb_009,58,1,test,0.03,-167.6809599999998,-16.76809599999998,-8.843613776706515,31.339393899993233,-0.20298693412242183,35.94700644780027,11
GAS,BAD,UNCERTAINTY_AWARE_UCB_009,Uncertainty-Aware UCB-VAE — vae_019 + ucb_009,58,2,train,0.027,891.6078799999989,89.1607879999999,7.34456997481725,19.771550957802187,0.3595412807791556,35.537811909023915,18
GAS,BAD,UNCERTAINTY_AWARE_UCB_009,Uncertainty-Aware UCB-VAE — vae_019 + ucb_009,58,2,test,0.027,-161.36982999999987,-16.136982999999987,-8.495563097892223,31.36262296232053,-0.1904251792937783,35.94700644780027,11
GAS,BAD,UNCERTAINTY_AWARE_UCB_009,Uncertainty-Aware UCB-VAE — vae_019 + ucb_009,58,3,train,0.024300000000000002,927.0162299999988,92.70162299999988,7.566146626667347,19.785159163085382,0.36994359950298045,33.972474537667956,18
GAS,BAD,UNCERTAINTY_AWARE_UCB_009,Uncertainty-Aware UCB-VAE — vae_019 + ucb_009,58,3,test,0.024300000000000002,-161.36982999999987,-16.136982999999987,-8.495563097892223,31.36262296232053,-0.1904251792937783,35.94700644780027,11
GAS,BAD,UNCERTAINTY_AWARE_UCB_009,Uncertainty-Aware UCB-VAE — vae_019 + ucb_009,58,4,train,0.02187,927.7836799999982,92.77836799999982,7.570908943958687,19.78135097065085,0.3702001615792667,34.03059567374827,18
GAS,BAD,UNCERTAINTY_AWARE_UCB_009,Uncertainty-Aware UCB-VAE — vae_019 + ucb_009,58,4,test,0.02187,-161.36982999999987,-16.136982999999987,-8.495563097892223,31.36262296232053,-0.1904251792937783,35.94700644780027,11
GAS,BAD,UNCERTAINTY_AWARE_UCB_009,Uncertainty-Aware UCB-VAE — vae_019 + ucb_009,58,5,train,0.019683,924.4444099999969,92.44444099999969,7.550175212077526,19.735244105169066,0.36961891269928177,34.30278223439886,17
GAS,BAD,UNCERTAINTY_AWARE_UCB_009,Uncertainty-Aware UCB-VAE — vae_019 + ucb_009,58,5,test,0.019683,-161.36982999999987,-16.136982999999987,-8.495563097892223,31.36262296232053,-0.1904251792937783,35.94700644780027,11
GAS,BAD,UNCERTAINTY_AWARE_UCB_009,Uncertainty-Aware UCB-VAE — vae_019 + ucb_009,58,6,train,0.0177147,936.8167399999966,93.68167399999966,7.626836217316257,19.73341882330978,0.37327975960431675,34.414359511448225,17
GAS,BAD,UNCERTAINTY_AWARE_UCB_009,Uncertainty-Aware UCB-VAE — vae_019 + ucb_009,58,6,test,0.0177147,-161.36982999999987,-16.136982999999987,-8.495563097892223,31.36262296232053,-0.1904251792937783,35.94700644780027,11
GAS,BAD,UNCERTAINTY_AWARE_UCB_009,Uncertainty-Aware UCB-VAE — vae_019 + ucb_009,58,7,train,0.015943230000000003,961.3284499999977,96.13284499999976,7.777438106529533,19.77320815393591,0.38003814743073205,34.373653552555474,17
GAS,BAD,UNCERTAINTY_AWARE_UCB_009,Uncertainty-Aware UCB-VAE — vae_019 + ucb_009,58,7,test,0.015943230000000003,-161.36982999999987,-16.136982999999987,-8.495563097892223,31.36262296232053,-0.1904251792937783,35.94700644780027,11
GAS,BAD,UNCERTAINTY_AWARE_UCB_009,Uncertainty-Aware UCB-VAE — vae_019 + ucb_009,58,8,train,0.014348907000000001,934.4232999999967,93.44232999999967,7.612040089808292,19.750264637548316,0.37242798605999977,34.41657179728703,17
GAS,BAD,UNCERTAINTY_AWARE_UCB_009,Uncertainty-Aware UCB-VAE — vae_019 + ucb_009,58,8,test,0.014348907000000001,-161.36982999999987,-16.136982999999987,-8.495563097892223,31.36262296232053,-0.1904251792937783,35.94700644780027,11
GAS,BAD,UNCERTAINTY_AWARE_UCB_009,Uncertainty-Aware UCB-VAE — vae_019 + ucb_009,58,9,train,0.012914016300000003,946.7848499999982,94.67848499999982,7.68828431939641,19.637916763906684,0.37706215980107205,34.44822937334807,17
GAS,BAD,UNCERTAINTY_AWARE_UCB_009,Uncertainty-Aware UCB-VAE — vae_019 + ucb_009,58,9,test,0.012914016300000003,-161.36982999999987,-16.136982999999987,-8.495563097892223,31.36262296232053,-0.1904251792937783,35.94700644780027,11
GAS,BAD,UNCERTAINTY_AWARE_UCB_009,Uncertainty-Aware UCB-VAE — vae_019 + ucb_009,58,10,train,0.011622614670000002,950.7716999999984,95.07716999999984,7.712782866100776,19.650035592215588,0.3781188530108545,34.233570769398604,17
GAS,BAD,UNCERTAINTY_AWARE_UCB_009,Uncertainty-Aware UCB-VAE — vae_019 + ucb_009,58,10,test,0.011622614670000002,-161.36982999999987,-16.136982999999987,-8.495563097892223,31.36262296232053,-0.1904251792937783,35.94700644780027,11
GAS,BAD,UNCERTAINTY_AWARE_UCB_009,Uncertainty-Aware UCB-VAE — vae_019 + ucb_009,58,11,train,0.010460353203000003,1012.7856399999978,101.27856399999978,8.088228890781757,19.921675588422946,0.39329204032214193,32.22572171934217,18
GAS,BAD,UNCERTAINTY_AWARE_UCB_009,Uncertainty-Aware UCB-VAE — vae_019 + ucb_009,58,11,test,0.010460353203000003,-161.36982999999987,-16.136982999999987,-8.495563097892223,31.36262296232053,-0.1904251792937783,35.94700644780027,11
GAS,BAD,UNCERTAINTY_AWARE_UCB_009,Uncertainty-Aware UCB-VAE — vae_019 + ucb_009,58,12,train,0.01,1016.4483999999984,101.64483999999985,8.110080993426049,19.876785623603823,0.3947581577052667,32.118698337270814,18
GAS,BAD,UNCERTAINTY_AWARE_UCB_009,Uncertainty-Aware UCB-VAE — vae_019 + ucb_009,58,12,test,0.01,-156.92999999999984,-15.692999999999985,-8.25148930344387,31.713508851111037,-0.17639668996935529,35.7019040982733,11
GAS,BAD,UNCERTAINTY_AWARE_UCB_009,Uncertainty-Aware UCB-VAE — vae_019 + ucb_009,58,13,train,0.01,1004.3911799999983,100.43911799999982,8.038013737319316,19.700492444738114,0.39307623912006945,32.264389112333504,17
GAS,BAD,UNCERTAINTY_AWARE_UCB_009,Uncertainty-Aware UCB-VAE — vae_019 + ucb_009,58,13,test,0.01,-156.92999999999984,-15.692999999999985,-8.25148930344387,31.713508851111037,-0.17639668996935529,35.7019040982733,11
GAS,BAD,UNCERTAINTY_AWARE_UCB_009,Uncertainty-Aware UCB-VAE — vae_019 + ucb_009,58,14,train,0.01,1027.0188899999976,102.70188899999975,8.172947518494823,19.822162285597084,0.3982393385498043,32.70228335075901,17
GAS,BAD,UNCERTAINTY_AWARE_UCB_009,Uncertainty-Aware UCB-VAE — vae_019 + ucb_009,58,14,test,0.01,-156.92999999999984,-15.692999999999985,-8.25148930344387,31.713508851111037,-0.17639668996935529,35.7019040982733,11
GAS,BAD,UNCERTAINTY_AWARE_UCB_009,Uncertainty-Aware UCB-VAE — vae_019 + ucb_009,58,15,train,0.01,1036.3801199999966,103.63801199999966,8.22837931756537,19.72107997769641,0.4018653864679241,32.26044369188436,17
GAS,BAD,UNCERTAINTY_AWARE_UCB_009,Uncertainty-Aware UCB-VAE — vae_019 + ucb_009,58,15,test,0.01,-156.92999999999984,-15.692999999999985,-8.25148930344387,31.713508851111037,-0.17639668996935529,35.7019040982733,11
GAS,BAD,UNCERTAINTY_AWARE_UCB_009,Uncertainty-Aware UCB-VAE — vae_019 + ucb_009,58,16,train,0.01,1022.2544299999972,102.22544299999971,8.144647710555297,19.6781480970914,0.39835063798157755,28.74306357162294,18
GAS,BAD,UNCERTAINTY_AWARE_UCB_009,Uncertainty-Aware UCB-VAE — vae_019 + ucb_009,58,16,test,0.01,-156.92999999999984,-15.692999999999985,-8.25148930344387,31.713508851111037,-0.17639668996935529,35.7019040982733,11
GAS,BAD,UNCERTAINTY_AWARE_UCB_009,Uncertainty-Aware UCB-VAE — vae_019 + ucb_009,58,17,train,0.01,1011.041269999997,101.10412699999969,8.07780951601027,19.92037433428375,0.3928074953562289,33.48046507128589,18
GAS,BAD,UNCERTAINTY_AWARE_UCB_009,Uncertainty-Aware UCB-VAE — vae_019 + ucb_009,58,17,test,0.01,-156.92999999999984,-15.692999999999985,-8.25148930344387,31.713508851111037,-0.17639668996935529,35.7019040982733,11
GAS,BAD,UNCERTAINTY_AWARE_UCB_009,Uncertainty-Aware UCB-VAE — vae_019 + ucb_009,58,18,train,0.01,985.508759999997,98.5508759999997,7.924373581233923,19.74335826229077,0.3872557331864319,28.927915628175928,18
GAS,BAD,UNCERTAINTY_AWARE_UCB_009,Uncertainty-Aware UCB-VAE — vae_019 + ucb_009,58,18,test,0.01,-146.75983999999994,-14.675983999999994,-7.694787450093177,31.643233261469216,-0.15832281001985435,34.91051849617249,11
GAS,BAD,UNCERTAINTY_AWARE_UCB_009,Uncertainty-Aware UCB-VAE — vae_019 + ucb_009,58,19,train,0.01,969.7176699999968,96.97176699999969,7.8285980271032285,19.762174751020577,0.38254167044377657,28.99163472650198,18
GAS,BAD,UNCERTAINTY_AWARE_UCB_009,Uncertainty-Aware UCB-VAE — vae_019 + ucb_009,58,19,test,0.01,-146.75983999999994,-14.675983999999994,-7.694787450093177,31.643233261469216,-0.15832281001985435,34.91051849617249,11
GAS,BAD,UNCERTAINTY_AWARE_UCB_009,Uncertainty-Aware UCB-VAE — vae_019 + ucb_009,58,20,train,0.01,999.019669999997,99.90196699999969,8.005783527200737,19.695663540768,0.3915964192813897,33.792173889765934,17
GAS,BAD,UNCERTAINTY_AWARE_UCB_009,Uncertainty-Aware UCB-VAE — vae_019 + ucb_009,58,20,test,0.01,-154.05712999999992,-15.40571299999999,-8.093896336982432,31.69134645192251,-0.17131209892777716,35.478353244136564,11
GAS,BAD,UNCERTAINTY_AWARE_UCB_009,Uncertainty-Aware UCB-VAE — vae_019 + ucb_009,58,21,train,0.01,997.5201099999972,99.75201099999971,7.996772102303695,19.779906259890335,0.3903417154577442,33.52966042181435,17
GAS,BAD,UNCERTAINTY_AWARE_UCB_009,Uncertainty-Aware UCB-VAE — vae_019 + ucb_009,58,21,test,0.01,-154.05712999999992,-15.40571299999999,-8.093896336982432,31.69134645192251,-0.17131209892777716,35.478353244136564,11
GAS,BAD,UNCERTAINTY_AWARE_UCB_009,Uncertainty-Aware UCB-VAE — vae_019 + ucb_009,58,22,train,0.01,1011.3401099999969,101.1340109999997,8.079595100688985,19.78216173966017,0.39421403662024007,33.7005588858916,17
GAS,BAD,UNCERTAINTY_AWARE_UCB_009,Uncertainty-Aware UCB-VAE — vae_019 + ucb_009,58,22,test,0.01,-154.05712999999992,-15.40571299999999,-8.093896336982432,31.69134645192251,-0.17131209892777716,35.478353244136564,11
GAS,BAD,UNCERTAINTY_AWARE_UCB_009,Uncertainty-Aware UCB-VAE — vae_019 + ucb_009,58,23,train,0.01,1040.3617399999955,104.03617399999956,8.251887545785387,19.936809273545023,0.4007389092763552,34.09152467435136,17
GAS,BAD,UNCERTAINTY_AWARE_UCB_009,Uncertainty-Aware UCB-VAE — vae_019 + ucb_009,58,23,test,0.01,-154.05712999999992,-15.40571299999999,-8.093896336982432,31.69134645192251,-0.17131209892777716,35.478353244136564,11
GAS,BAD,UNCERTAINTY_AWARE_UCB_009,Uncertainty-Aware UCB-VAE — vae_019 + ucb_009,58,24,train,0.01,1008.8025599999964,100.88025599999963,8.064425600349079,19.883418249441807,0.39249188949330666,34.64719229334918,17
GAS,BAD,UNCERTAINTY_AWARE_UCB_009,Uncertainty-Aware UCB-VAE — vae_019 + ucb_009,58,24,test,0.01,-155.20597999999995,-15.520597999999996,-8.156885307239026,31.70906405905877,-0.17320736525883718,35.567750397079436,11
GAS,BAD,UNCERTAINTY_AWARE_UCB_009,Uncertainty-Aware UCB-VAE — vae_019 + ucb_009,58,25,train,0.01,1007.004459999996,100.70044599999962,8.053666226195988,19.881879492238248,0.39199645583768067,34.83235845846217,17
GAS,BAD,UNCERTAINTY_AWARE_UCB_009,Uncertainty-Aware UCB-VAE — vae_019 + ucb_009,58,25,test,0.01,-155.20597999999995,-15.520597999999996,-8.156885307239026,31.70906405905877,-0.17320736525883718,35.567750397079436,11
GAS,BAD,UNCERTAINTY_AWARE_UCB_009,Uncertainty-Aware UCB-VAE — vae_019 + ucb_009,58,26,train,0.01,1039.924379999997,103.99243799999968,8.249307285055396,20.64503830233926,0.3938398731240447,31.686326459060787,20
GAS,BAD,UNCERTAINTY_AWARE_UCB_009,Uncertainty-Aware UCB-VAE — vae_019 + ucb_009,58,26,test,0.01,-155.20597999999995,-15.520597999999996,-8.156885307239026,31.70906405905877,-0.17320736525883718,35.567750397079436,11
GAS,BAD,UNCERTAINTY_AWARE_UCB_009,Uncertainty-Aware UCB-VAE — vae_019 + ucb_009,58,27,train,0.01,1027.8409899999967,102.78409899999967,8.177824623464636,20.527530892761465,0.39168113359185314,31.963148755431085,20
GAS,BAD,UNCERTAINTY_AWARE_UCB_009,Uncertainty-Aware UCB-VAE — vae_019 + ucb_009,58,27,test,0.01,-155.20597999999995,-15.520597999999996,-8.156885307239026,31.70906405905877,-0.17320736525883718,35.567750397079436,11
GAS,BAD,UNCERTAINTY_AWARE_UCB_009,Uncertainty-Aware UCB-VAE — vae_019 + ucb_009,58,28,train,0.01,987.6094499999986,98.76094499999985,7.937063546584477,20.568774778075028,0.3803458413327015,32.464449329459896,18
GAS,BAD,UNCERTAINTY_AWARE_UCB_009,Uncertainty-Aware UCB-VAE — vae_019 + ucb_009,58,28,test,0.01,-155.20597999999995,-15.520597999999996,-8.156885307239026,31.70906405905877,-0.17320736525883718,35.567750397079436,11
GAS,BAD,UNCERTAINTY_AWARE_UCB_009,Uncertainty-Aware UCB-VAE — vae_019 + ucb_009,58,29,train,0.01,987.8103899999974,98.78103899999974,7.9382767713959135,20.40532107877959,0.3818035737335087,34.113084912218,17
GAS,BAD,UNCERTAINTY_AWARE_UCB_009,Uncertainty-Aware UCB-VAE — vae_019 + ucb_009,58,29,test,0.01,-155.20597999999995,-15.520597999999996,-8.156885307239026,31.70906405905877,-0.17320736525883718,35.567750397079436,11
GAS,BAD,UNCERTAINTY_AWARE_UCB_009,Uncertainty-Aware UCB-VAE — vae_019 + ucb_009,58,30,train,0.01,1139.820429999997,113.9820429999997,8.826267741884553,19.761835636773725,0.4295390120287257,33.10133108280023,17
GAS,BAD,UNCERTAINTY_AWARE_UCB_009,Uncertainty-Aware UCB-VAE — vae_019 + ucb_009,58,30,test,0.01,-155.20597999999995,-15.520597999999996,-8.156885307239026,31.70906405905877,-0.17320736525883718,35.567750397079436,11
GAS,BAD,UNCERTAINTY_AWARE_UCB_009,Uncertainty-Aware UCB-VAE — vae_019 + ucb_009,58,31,train,0.01,1137.5283299999955,113.75283299999957,8.813300379558342,19.775785073858675,0.42876745122962007,33.07126658365762,17
GAS,BAD,UNCERTAINTY_AWARE_UCB_009,Uncertainty-Aware UCB-VAE — vae_019 + ucb_009,58,31,test,0.01,-155.20597999999995,-15.520597999999996,-8.156885307239026,31.70906405905877,-0.17320736525883718,35.567750397079436,11
GAS,BAD,UNCERTAINTY_AWARE_UCB_009,Uncertainty-Aware UCB-VAE — vae_019 + ucb_009,58,32,train,0.01,1144.2401599999962,114.42401599999963,8.851237175334315,19.679449815576948,0.43168410427326726,33.347263462481244,17
GAS,BAD,UNCERTAINTY_AWARE_UCB_009,Uncertainty-Aware UCB-VAE — vae_019 + ucb_009,58,32,test,0.01,-155.20597999999995,-15.520597999999996,-8.156885307239026,31.70906405905877,-0.17320736525883718,35.567750397079436,11
GAS,BAD,UNCERTAINTY_AWARE_UCB_009,Uncertainty-Aware UCB-VAE — vae_019 + ucb_009,58,33,train,0.01,1048.9702299999967,104.89702299999968,8.30257462109152,20.290034913770743,0.3995632244301715,33.1048606592151,17
GAS,BAD,UNCERTAINTY_AWARE_UCB_009,Uncertainty-Aware UCB-VAE — vae_019 + ucb_009,58,33,test,0.01,-155.20597999999995,-15.520597999999996,-8.156885307239026,31.70906405905877,-0.17320736525883718,35.567750397079436,11
GAS,BAD,UNCERTAINTY_AWARE_UCB_009,Uncertainty-Aware UCB-VAE — vae_019 + ucb_009,58,34,train,0.01,1019.5266299999987,101.95266299999987,8.128418511240621,20.785192837537572,0.38714502237580317,32.44819429865565,18
GAS,BAD,UNCERTAINTY_AWARE_UCB_009,Uncertainty-Aware UCB-VAE — vae_019 + ucb_009,58,34,test,0.01,-155.20597999999995,-15.520597999999996,-8.156885307239026,31.70906405905877,-0.17320736525883718,35.567750397079436,11
GAS,BAD,UNCERTAINTY_AWARE_UCB_009,Uncertainty-Aware UCB-VAE — vae_019 + ucb_009,58,35,train,0.01,1002.7893299999985,100.27893299999984,8.028410335579705,20.977341950186016,0.38110028522155026,32.8362607750232,20
GAS,BAD,UNCERTAINTY_AWARE_UCB_009,Uncertainty-Aware UCB-VAE — vae_019 + ucb_009,58,35,test,0.01,-155.20597999999995,-15.520597999999996,-8.156885307239026,31.70906405905877,-0.17320736525883718,35.567750397079436,11
GAS,BAD,UNCERTAINTY_AWARE_UCB_009,Uncertainty-Aware UCB-VAE — vae_019 + ucb_009,58,36,train,0.01,1090.8852199999978,109.08852199999978,8.546699291381433,20.39437897937931,0.4097029750393802,31.799237964982378,17
GAS,BAD,UNCERTAINTY_AWARE_UCB_009,Uncertainty-Aware UCB-VAE — vae_019 + ucb_009,58,36,test,0.01,-155.20597999999995,-15.520597999999996,-8.156885307239026,31.70906405905877,-0.17320736525883718,35.567750397079436,11
GAS,BAD,UNCERTAINTY_AWARE_UCB_009,Uncertainty-Aware UCB-VAE — vae_019 + ucb_009,58,37,train,0.01,987.5367299999978,98.75367299999978,7.936624454782959,21.36618351709328,0.373929179277487,31.849116672610972,18
GAS,BAD,UNCERTAINTY_AWARE_UCB_009,Uncertainty-Aware UCB-VAE — vae_019 + ucb_009,58,37,test,0.01,-155.20597999999995,-15.520597999999996,-8.156885307239026,31.70906405905877,-0.17320736525883718,35.567750397079436,11
GAS,BAD,UNCERTAINTY_AWARE_UCB_009,Uncertainty-Aware UCB-VAE — vae_019 + ucb_009,58,38,train,0.01,1009.5322099999973,100.95322099999973,8.06878919941627,21.290947469112652,0.380291902610958,31.030603729689467,18
GAS,BAD,UNCERTAINTY_AWARE_UCB_009,Uncertainty-Aware UCB-VAE — vae_019 + ucb_009,58,38,test,0.01,-155.20597999999995,-15.520597999999996,-8.156885307239026,31.70906405905877,-0.17320736525883718,35.567750397079436,11
GAS,BAD,UNCERTAINTY_AWARE_UCB_009,Uncertainty-Aware UCB-VAE — vae_019 + ucb_009,58,39,train,0.01,976.745629999999,97.6745629999999,7.871307722299803,21.599149177647238,0.36938920242522233,34.97103596059632,19
GAS,BAD,UNCERTAINTY_AWARE_UCB_009,Uncertainty-Aware UCB-VAE — vae_019 + ucb_009,58,39,test,0.01,-155.20597999999995,-15.520597999999996,-8.156885307239026,31.70906405905877,-0.17320736525883718,35.567750397079436,11
GAS,BAD,UNCERTAINTY_AWARE_UCB_009,Uncertainty-Aware UCB-VAE — vae_019 + ucb_009,58,40,train,0.01,830.6733999999976,83.06733999999977,6.9544777157220405,22.588379723039225,0.32483783020769724,42.239434622701424,24
GAS,BAD,UNCERTAINTY_AWARE_UCB_009,Uncertainty-Aware UCB-VAE — vae_019 + ucb_009,58,40,test,0.01,-155.20597999999995,-15.520597999999996,-8.156885307239026,31.70906405905877,-0.17320736525883718,35.567750397079436,11
GAS,BAD,UNCERTAINTY_AWARE_UCB_009,Uncertainty-Aware UCB-VAE — vae_019 + ucb_009,58,41,train,0.01,896.64074,89.664074,7.376287968834205,21.71985496927389,0.34718842777739184,34.97331053911005,20
GAS,BAD,UNCERTAINTY_AWARE_UCB_009,Uncertainty-Aware UCB-VAE — vae_019 + ucb_009,58,41,test,0.01,-155.20597999999995,-15.520597999999996,-8.156885307239026,31.70906405905877,-0.17320736525883718,35.567750397079436,11
GAS,BAD,UNCERTAINTY_AWARE_UCB_009,Uncertainty-Aware UCB-VAE — vae_019 + ucb_009,58,42,train,0.01,1120.5933999999966,112.05933999999966,8.717107612070896,20.78934955238373,0.4134292568925798,29.27977617198327,17
GAS,BAD,UNCERTAINTY_AWARE_UCB_009,Uncertainty-Aware UCB-VAE — vae_019 + ucb_009,58,42,test,0.01,-155.20597999999995,-15.520597999999996,-8.156885307239026,31.70906405905877,-0.17320736525883718,35.567750397079436,11
GAS,BAD,UNCERTAINTY_AWARE_UCB_009,Uncertainty-Aware UCB-VAE — vae_019 + ucb_009,58,43,train,0.01,1129.8932699999964,112.98932699999963,8.77001633811565,20.787554742646638,0.41580864474898255,29.284952100079376,17
GAS,BAD,UNCERTAINTY_AWARE_UCB_009,Uncertainty-Aware UCB-VAE — vae_019 + ucb_009,58,43,test,0.01,-155.20597999999995,-15.520597999999996,-8.156885307239026,31.70906405905877,-0.17320736525883718,35.567750397079436,11
GAS,BAD,UNCERTAINTY_AWARE_UCB_009,Uncertainty-Aware UCB-VAE — vae_019 + ucb_009,58,44,train,0.01,1096.3120399999975,109.63120399999976,8.577987902997709,20.88781867939383,0.40625934760365373,30.274093731575846,17
GAS,BAD,UNCERTAINTY_AWARE_UCB_009,Uncertainty-Aware UCB-VAE — vae_019 + ucb_009,58,44,test,0.01,-155.20597999999995,-15.520597999999996,-8.156885307239026,31.70906405905877,-0.17320736525883718,35.567750397079436,11
GAS,BAD,UNCERTAINTY_AWARE_UCB_009,Uncertainty-Aware UCB-VAE — vae_019 + ucb_009,58,45,train,0.01,1163.9512999999974,116.39512999999975,8.962042069743337,20.882770673066766,0.4233675294287159,31.87717795367534,17
GAS,BAD,UNCERTAINTY_AWARE_UCB_009,Uncertainty-Aware UCB-VAE — vae_019 + ucb_009,58,45,test,0.01,-139.9907800000001,-13.99907800000001,-7.326078342111075,31.548906480195164,-0.14708010288627724,34.38378768527508,11
GAS,BAD,UNCERTAINTY_AWARE_UCB_009,Uncertainty-Aware UCB-VAE — vae_019 + ucb_009,59,1,train,0.03,85.58448999999973,8.558448999999973,0.9172342459125016,11.66724701885328,-0.03440249204006184,24.309186095255665,2
GAS,BAD,UNCERTAINTY_AWARE_UCB_009,Uncertainty-Aware UCB-VAE — vae_019 + ucb_009,59,1,test,0.03,-43.40007999999921,-4.340007999999921,-2.213552341402547,20.636403725477372,-0.10258118505571164,20.175745970940305,3
GAS,BAD,UNCERTAINTY_AWARE_UCB_009,Uncertainty-Aware UCB-VAE — vae_019 + ucb_009,59,2,train,0.027,65.01443999999833,6.501443999999832,0.7028081911075734,11.84614840236728,-0.05007062875614539,24.22288655421618,3
GAS,BAD,UNCERTAINTY_AWARE_UCB_009,Uncertainty-Aware UCB-VAE — vae_019 + ucb_009,59,2,test,0.027,-47.33581999999956,-4.733581999999956,-2.416727106541283,20.872034933858362,-0.10907376723989039,20.9145861354079,3
GAS,BAD,UNCERTAINTY_AWARE_UCB_009,Uncertainty-Aware UCB-VAE — vae_019 + ucb_009,59,3,train,0.024300000000000002,40.291269999998576,4.029126999999858,0.44016362626806416,11.609588390277352,-0.07625692551709441,25.064952797901093,2
GAS,BAD,UNCERTAINTY_AWARE_UCB_009,Uncertainty-Aware UCB-VAE — vae_019 + ucb_009,59,3,test,0.024300000000000002,-57.71257000000014,-5.7712570000000145,-2.9544089504990767,20.94833433449005,-0.1343767940254934,22.368869538227226,3
GAS,BAD,UNCERTAINTY_AWARE_UCB_009,Uncertainty-Aware UCB-VAE — vae_019 + ucb_009,59,4,train,0.02187,152.84174999999937,15.284174999999935,1.5939860970070496,12.939721195573908,0.03317513260144616,25.257327739603312,7
GAS,BAD,UNCERTAINTY_AWARE_UCB_009,Uncertainty-Aware UCB-VAE — vae_019 + ucb_009,59,4,test,0.02187,-82.70381999999961,-8.27038199999996,-4.261526223652446,21.263118192945324,-0.1930562694289178,23.813169908062655,4
GAS,BAD,UNCERTAINTY_AWARE_UCB_009,Uncertainty-Aware UCB-VAE — vae_019 + ucb_009,59,5,train,0.019683,195.4657399999992,19.546573999999918,2.0049243298345676,12.897786086002782,0.06431209623969046,28.193354264473168,4
GAS,BAD,UNCERTAINTY_AWARE_UCB_009,Uncertainty-Aware UCB-VAE — vae_019 + ucb_009,59,5,test,0.019683,-38.29021999999998,-3.829021999999998,-1.9503829498951242,21.47377780245696,-0.07766238861372647,20.335774439880428,4
GAS,BAD,UNCERTAINTY_AWARE_UCB_009,Uncertainty-Aware UCB-VAE — vae_019 + ucb_009,59,6,train,0.0177147,185.9684100000013,18.59684100000013,1.914501379024225,13.058750872170624,0.058568550798639686,24.09417813141881,6
GAS,BAD,UNCERTAINTY_AWARE_UCB_009,Uncertainty-Aware UCB-VAE — vae_019 + ucb_009,59,6,test,0.0177147,-49.6532099999996,-4.96532099999996,-2.5365523466257534,21.363027431545877,-0.10732805397380045,22.452409904210725,4
GAS,BAD,UNCERTAINTY_AWARE_UCB_009,Uncertainty-Aware UCB-VAE — vae_019 + ucb_009,59,7,train,0.015943230000000003,187.00630000000024,18.700630000000025,1.9244142669532005,13.176991809755028,0.0599338597088215,23.539594094142842,6
GAS,BAD,UNCERTAINTY_AWARE_UCB_009,Uncertainty-Aware UCB-VAE — vae_019 + ucb_009,59,7,test,0.015943230000000003,-41.3196099999999,-4.13196099999999,-2.106319546985813,21.320567463382652,-0.08724874935474812,21.58868535123713,4
GAS,BAD,UNCERTAINTY_AWARE_UCB_009,Uncertainty-Aware UCB-VAE — vae_019 + ucb_009,59,8,train,0.014348907000000001,168.20674000000054,16.820674000000054,1.7436534102037937,14.055768416460024,0.051940633915018214,27.827890716619912,9
GAS,BAD,UNCERTAINTY_AWARE_UCB_009,Uncertainty-Aware UCB-VAE — vae_019 + ucb_009,59,8,test,0.014348907000000001,14.522939999999949,1.4522939999999949,0.7300489551920197,21.41140925502127,0.047769550535980615,19.45175964621155,4
GAS,BAD,UNCERTAINTY_AWARE_UCB_009,Uncertainty-Aware UCB-VAE — vae_019 + ucb_009,59,9,train,0.012914016300000003,235.0780099999995,23.50780099999995,2.3753132774350982,15.60519956323581,0.10144834669600254,31.352053289741466,9
GAS,BAD,UNCERTAINTY_AWARE_UCB_009,Uncertainty-Aware UCB-VAE — vae_019 + ucb_009,59,9,test,0.012914016300000003,2.8604100000001154,0.28604100000001154,0.1442024033164957,21.428827985540885,0.02061475369051354,19.45175964621155,4
GAS,BAD,UNCERTAINTY_AWARE_UCB_009,Uncertainty-Aware UCB-VAE — vae_019 + ucb_009,59,10,train,0.011622614670000002,328.90650000000096,32.89065000000009,3.2121919052002124,15.444809003789258,0.15406240746527575,29.318688573259376,9
GAS,BAD,UNCERTAINTY_AWARE_UCB_009,Uncertainty-Aware UCB-VAE — vae_019 + ucb_009,59,10,test,0.011622614670000002,-21.701040000000035,-2.170104000000004,-1.100744256446884,21.53858327486949,-0.0366156734391121,19.967541190454195,4
GAS,BAD,UNCERTAINTY_AWARE_UCB_009,Uncertainty-Aware UCB-VAE — vae_019 + ucb_009,59,11,train,0.010460353203000003,210.26553000000217,21.026553000000217,2.1445666329430235,15.790914451708801,0.08769771518039413,31.590177978519048,10
GAS,BAD,UNCERTAINTY_AWARE_UCB_009,Uncertainty-Aware UCB-VAE — vae_019 + ucb_009,59,11,test,0.010460353203000003,-35.42431999999974,-3.542431999999974,-1.8030858241754655,21.766846611451818,-0.06680367422365582,21.58339275656519,4
GAS,BAD,UNCERTAINTY_AWARE_UCB_009,Uncertainty-Aware UCB-VAE — vae_019 + ucb_009,59,12,train,0.01,206.84500000000185,20.684500000000185,2.1124278839480537,15.97022952728846,0.08650426135091212,30.44296091605237,9
GAS,BAD,UNCERTAINTY_AWARE_UCB_009,Uncertainty-Aware UCB-VAE — vae_019 + ucb_009,59,12,test,0.01,-27.338679999999727,-2.7338679999999727,-1.3886775150714015,21.75749370182052,-0.04751562018285152,20.91452599990329,4
GAS,BAD,UNCERTAINTY_AWARE_UCB_009,Uncertainty-Aware UCB-VAE — vae_019 + ucb_009,59,13,train,0.01,191.83127000000172,19.183127000000173,1.9703966463684885,15.938479349639115,0.07755354214330618,30.307811664598493,9
GAS,BAD,UNCERTAINTY_AWARE_UCB_009,Uncertainty-Aware UCB-VAE — vae_019 + ucb_009,59,13,test,0.01,-53.54469999999958,-5.354469999999957,-2.7380957135003547,22.11776386276615,-0.10556992850215767,21.343498609037404,4
GAS,BAD,UNCERTAINTY_AWARE_UCB_009,Uncertainty-Aware UCB-VAE — vae_019 + ucb_009,59,14,train,0.01,400.7435200000016,40.07435200000016,3.8181313232310776,16.689806793737848,0.18979830535885783,32.680840380428485,11
GAS,BAD,UNCERTAINTY_AWARE_UCB_009,Uncertainty-Aware UCB-VAE — vae_019 + ucb_009,59,14,test,0.01,-42.337879999999245,-4.233787999999924,-2.1587893885276377,22.17435385936431,-0.07787416363514651,21.20024762482247,4
GAS,BAD,UNCERTAINTY_AWARE_UCB_009,Uncertainty-Aware UCB-VAE — vae_019 + ucb_009,59,15,train,0.01,431.07284000000004,43.10728400000001,4.065696493328574,16.816619061679493,0.2039170457192753,31.844542746452685,10
GAS,BAD,UNCERTAINTY_AWARE_UCB_009,Uncertainty-Aware UCB-VAE — vae_019 + ucb_009,59,15,test,0.01,-63.12866000000008,-6.3128660000000085,-3.2362146266457614,22.18131034428055,-0.12784445546417453,21.71602916906512,4
GAS,BAD,UNCERTAINTY_AWARE_UCB_009,Uncertainty-Aware UCB-VAE — vae_019 + ucb_009,59,16,train,0.01,389.19726999999966,38.919726999999966,3.722630596498999,16.854991344395813,0.18406660598567287,32.43153594380487,10
GAS,BAD,UNCERTAINTY_AWARE_UCB_009,Uncertainty-Aware UCB-VAE — vae_019 + ucb_009,59,16,test,0.01,-38.337379999999484,-3.8337379999999484,-1.9528086248299381,22.163414446548355,-0.06851290204306912,21.71602916906512,4
GAS,BAD,UNCERTAINTY_AWARE_UCB_009,Uncertainty-Aware UCB-VAE — vae_019 + ucb_009,59,17,train,0.01,376.9620299999997,37.69620299999997,3.6206581271280402,17.25108622519003,0.17801880790442767,34.452928777193414,10
GAS,BAD,UNCERTAINTY_AWARE_UCB_009,Uncertainty-Aware UCB-VAE — vae_019 + ucb_009,59,17,test,0.01,-36.638399999999365,-3.6638399999999365,-1.8654587319433813,22.16266528738177,-0.06449241017872248,21.71602916906512,4
GAS,BAD,UNCERTAINTY_AWARE_UCB_009,Uncertainty-Aware UCB-VAE — vae_019 + ucb_009,59,18,train,0.01,366.18098000000145,36.618098000000145,3.5301356829585684,17.235473835581452,0.17290253620236737,35.28069279218611,10
GAS,BAD,UNCERTAINTY_AWARE_UCB_009,Uncertainty-Aware UCB-VAE — vae_019 + ucb_009,59,18,test,0.01,-37.08812999999941,-3.7088129999999406,-1.8885733287543949,22.162841210059113,-0.06555629575169705,21.71602916906512,4
GAS,BAD,UNCERTAINTY_AWARE_UCB_009,Uncertainty-Aware UCB-VAE — vae_019 + ucb_009,59,19,train,0.01,386.5839600000006,38.65839600000006,3.7009176515026665,17.194050887946062,0.18258180939151875,34.40730837565016,10
GAS,BAD,UNCERTAINTY_AWARE_UCB_009,Uncertainty-Aware UCB-VAE — vae_019 + ucb_009,59,19,test,0.01,-37.08812999999941,-3.7088129999999406,-1.8885733287543949,22.162841210059113,-0.06555629575169705,21.71602916906512,4
GAS,BAD,UNCERTAINTY_AWARE_UCB_009,Uncertainty-Aware UCB-VAE — vae_019 + ucb_009,59,20,train,0.01,367.3201700000027,36.73201700000027,3.539730764768856,17.220173312179774,0.17344398992317825,35.416022446321705,10
GAS,BAD,UNCERTAINTY_AWARE_UCB_009,Uncertainty-Aware UCB-VAE — vae_019 + ucb_009,59,20,test,0.01,-53.89600999999948,-5.389600999999948,-2.756310528973971,22.242447758739978,-0.10457924089395808,21.71602916906512,4
GAS,BAD,UNCERTAINTY_AWARE_UCB_009,Uncertainty-Aware UCB-VAE — vae_019 + ucb_009,59,21,train,0.01,385.3355200000019,38.53355200000019,3.6905320228122873,17.217315523004675,0.18197459985842984,35.38863641235096,10
GAS,BAD,UNCERTAINTY_AWARE_UCB_009,Uncertainty-Aware UCB-VAE — vae_019 + ucb_009,59,21,test,0.01,-49.76230999999984,-4.976230999999984,-2.542197144814151,22.34824073949639,-0.09317256860488393,21.71602916906512,4
GAS,BAD,UNCERTAINTY_AWARE_UCB_009,Uncertainty-Aware UCB-VAE — vae_019 + ucb_009,59,22,train,0.01,374.1283300000018,37.412833000000184,3.5969263301536936,17.282932130479338,0.17666279750971683,35.92043695102159,10
GAS,BAD,UNCERTAINTY_AWARE_UCB_009,Uncertainty-Aware UCB-VAE — vae_019 + ucb_009,59,22,test,0.01,-49.76230999999984,-4.976230999999984,-2.542197144814151,22.34824073949639,-0.09317256860488393,21.71602916906512,4
GAS,BAD,UNCERTAINTY_AWARE_UCB_009,Uncertainty-Aware UCB-VAE — vae_019 + ucb_009,59,23,train,0.01,324.63387000000216,32.46338700000022,3.1752424482436314,17.28656615274949,0.15288082374466638,36.33220523350501,11
GAS,BAD,UNCERTAINTY_AWARE_UCB_009,Uncertainty-Aware UCB-VAE — vae_019 + ucb_009,59,23,test,0.01,-67.18276000000048,-6.718276000000048,-3.447682977183053,22.376314019876435,-0.13461479820843303,22.99369994785248,4
GAS,BAD,UNCERTAINTY_AWARE_UCB_009,Uncertainty-Aware UCB-VAE — vae_019 + ucb_009,59,24,train,0.01,372.2466200000017,37.22466200000017,3.581143257209618,17.29508574293587,0.1757641843463627,37.097319722086304,10
GAS,BAD,UNCERTAINTY_AWARE_UCB_009,Uncertainty-Aware UCB-VAE — vae_019 + ucb_009,59,24,test,0.01,-80.69982000000061,-8.069982000000062,-4.156065338177117,21.719554771650255,-0.17934027181791504,23.663583333113735,4
GAS,BAD,UNCERTAINTY_AWARE_UCB_009,Uncertainty-Aware UCB-VAE — vae_019 + ucb_009,59,25,train,0.01,426.3977600000014,42.63977600000014,4.027841680417432,17.76825981277863,0.20022867981581766,34.593397577065524,10
GAS,BAD,UNCERTAINTY_AWARE_UCB_009,Uncertainty-Aware UCB-VAE — vae_019 + ucb_009,59,25,test,0.01,-82.15100000000041,-8.21510000000004,-4.232422571651451,21.718092108080604,-0.18304712460354558,23.787375271313664,4
GAS,BAD,UNCERTAINTY_AWARE_UCB_009,Uncertainty-Aware UCB-VAE — vae_019 + ucb_009,59,26,train,0.01,421.8289300000008,42.182893000000085,3.990740494002587,17.857301605912358,0.19808731777973712,35.99917642095278,11
GAS,BAD,UNCERTAINTY_AWARE_UCB_009,Uncertainty-Aware UCB-VAE — vae_019 + ucb_009,59,26,test,0.01,-91.92549000000088,-9.192549000000087,-4.748296385551898,21.741899439873887,-0.20752013579732076,25.271610907363208,4
GAS,BAD,UNCERTAINTY_AWARE_UCB_009,Uncertainty-Aware UCB-VAE — vae_019 + ucb_009,59,27,train,0.01,395.5322400000016,39.55322400000016,3.7751150305824543,17.35822730234997,0.18662315569007307,35.77528044465701,10
GAS,BAD,UNCERTAINTY_AWARE_UCB_009,Uncertainty-Aware UCB-VAE — vae_019 + ucb_009,59,27,test,0.01,-81.23028999999997,-8.123028999999997,-4.1839703285871055,21.73256669669333,-0.18046046169970237,24.74653204414945,4
GAS,BAD,UNCERTAINTY_AWARE_UCB_009,Uncertainty-Aware UCB-VAE — vae_019 + ucb_009,59,28,train,0.01,397.2413600000016,39.72413600000016,3.7892386010611734,18.18823161886435,0.18699543398224328,38.9551552136597,12
GAS,BAD,UNCERTAINTY_AWARE_UCB_009,Uncertainty-Aware UCB-VAE — vae_019 + ucb_009,59,28,test,0.01,-84.83303999999998,-8.483303999999999,-4.373702000348933,21.961632693432385,-0.1853442583634256,25.053862220523065,4
GAS,BAD,UNCERTAINTY_AWARE_UCB_009,Uncertainty-Aware UCB-VAE — vae_019 + ucb_009,59,29,train,0.01,375.60115000000087,37.56011500000009,3.60926639170287,17.7802002213475,0.17726474186786745,38.508908681929654,11
GAS,BAD,UNCERTAINTY_AWARE_UCB_009,Uncertainty-Aware UCB-VAE — vae_019 + ucb_009,59,29,test,0.01,-29.620619999999917,-2.9620619999999915,-1.5054589143688957,22.366120670896137,-0.0454637774243918,22.17213350984164,4
GAS,BAD,UNCERTAINTY_AWARE_UCB_009,Uncertainty-Aware UCB-VAE — vae_019 + ucb_009,59,30,train,0.01,245.02533000000017,24.502533000000017,2.466664091569437,18.187165483620994,0.1158501289822869,43.28099411371918,12
GAS,BAD,UNCERTAINTY_AWARE_UCB_009,Uncertainty-Aware UCB-VAE — vae_019 + ucb_009,59,30,test,0.01,-27.21452000000022,-2.721452000000022,-1.3823273536435643,22.34866624426124,-0.04006068879864063,22.17213350984164,4
GAS,BAD,UNCERTAINTY_AWARE_UCB_009,Uncertainty-Aware UCB-VAE — vae_019 + ucb_009,59,31,train,0.01,122.9847100000004,12.29847100000004,1.2980131685059737,18.235706853548,0.05262952337596151,47.51823544318038,15
GAS,BAD,UNCERTAINTY_AWARE_UCB_009,Uncertainty-Aware UCB-VAE — vae_019 + ucb_009,59,31,test,0.01,-37.99553999999989,-3.799553999999989,-1.935227416601537,22.355662047391935,-0.0652045191198062,22.17213350984164,4
GAS,BAD,UNCERTAINTY_AWARE_UCB_009,Uncertainty-Aware UCB-VAE — vae_019 + ucb_009,59,32,train,0.01,164.07231000000024,16.407231000000024,1.703553614112141,18.23836131309568,0.07475359679772607,47.067734297110626,14
GAS,BAD,UNCERTAINTY_AWARE_UCB_009,Uncertainty-Aware UCB-VAE — vae_019 + ucb_009,59,32,test,0.01,-37.99553999999989,-3.799553999999989,-1.935227416601537,22.355662047391935,-0.0652045191198062,22.17213350984164,4
GAS,BAD,UNCERTAINTY_AWARE_UCB_009,Uncertainty-Aware UCB-VAE — vae_019 + ucb_009,59,33,train,0.01,164.42054000000007,16.44205400000001,1.706935971335577,18.20904010664303,0.0747708380398597,47.105508459514745,14
GAS,BAD,UNCERTAINTY_AWARE_UCB_009,Uncertainty-Aware UCB-VAE — vae_019 + ucb_009,59,33,test,0.01,-37.99553999999989,-3.799553999999989,-1.935227416601537,22.355662047391935,-0.0652045191198062,22.17213350984164,4
GAS,BAD,UNCERTAINTY_AWARE_UCB_009,Uncertainty-Aware UCB-VAE — vae_019 + ucb_009,59,34,train,0.01,126.27708000000075,12.627708000000077,1.3309912508291388,18.284205793166777,0.05482097497663184,46.77176833310664,16
GAS,BAD,UNCERTAINTY_AWARE_UCB_009,Uncertainty-Aware UCB-VAE — vae_019 + ucb_009,59,34,test,0.01,-33.506539999999404,-3.3506539999999405,-1.7046397944225133,22.44521938230793,-0.053563121943328434,22.17213350984164,4
GAS,BAD,UNCERTAINTY_AWARE_UCB_009,Uncertainty-Aware UCB-VAE — vae_019 + ucb_009,59,35,train,0.01,88.42715000000044,8.842715000000045,0.9465821187191192,18.260575939791455,0.03367302213072536,46.48314997951445,15
GAS,BAD,UNCERTAINTY_AWARE_UCB_009,Uncertainty-Aware UCB-VAE — vae_019 + ucb_009,59,35,test,0.01,-37.372809999999845,-3.7372809999999848,-1.9032076802101283,22.46901715553943,-0.0623010574112461,22.17213350984164,4
GAS,BAD,UNCERTAINTY_AWARE_UCB_009,Uncertainty-Aware UCB-VAE — vae_019 + ucb_009,59,36,train,0.01,119.40743999999995,11.940743999999995,1.262083826243643,18.735000162719594,0.05433856961179558,48.56270350278516,17
GAS,BAD,UNCERTAINTY_AWARE_UCB_009,Uncertainty-Aware UCB-VAE — vae_019 + ucb_009,59,36,test,0.01,-39.15765999999985,-3.915765999999985,-1.995009165248296,22.503297601843276,-0.06602519174539506,22.17213350984164,4
GAS,BAD,UNCERTAINTY_AWARE_UCB_009,Uncertainty-Aware UCB-VAE — vae_019 + ucb_009,59,37,train,0.01,425.8485900000014,42.584859000000144,4.023387734758432,19.61231842073495,0.19879729368681567,41.19309996331812,16
GAS,BAD,UNCERTAINTY_AWARE_UCB_009,Uncertainty-Aware UCB-VAE — vae_019 + ucb_009,59,37,test,0.01,-33.010090000000446,-3.3010090000000445,-1.6791711392384223,22.92141928664611,-0.04662185480804541,22.17213350984164,4
GAS,BAD,UNCERTAINTY_AWARE_UCB_009,Uncertainty-Aware UCB-VAE — vae_019 + ucb_009,59,38,train,0.01,418.64390000000185,41.864390000000185,3.9648137223541324,19.642291185681117,0.195886257179716,42.19930064654756,16
GAS,BAD,UNCERTAINTY_AWARE_UCB_009,Uncertainty-Aware UCB-VAE — vae_019 + ucb_009,59,38,test,0.01,-31.503600000000347,-3.1503600000000347,-1.6019255006468391,22.92078541900417,-0.043168977597740736,21.592961896293655,4
GAS,BAD,UNCERTAINTY_AWARE_UCB_009,Uncertainty-Aware UCB-VAE — vae_019 + ucb_009,59,39,train,0.01,421.2549400000021,42.12549400000021,3.986071918046852,20.31593605868001,0.19711034013366535,42.98836036388944,19
GAS,BAD,UNCERTAINTY_AWARE_UCB_009,Uncertainty-Aware UCB-VAE — vae_019 + ucb_009,59,39,test,0.01,7.192650000000526,0.7192650000000527,0.36221692743356737,22.8324822094484,0.04259391533143655,21.23547030546225,4
GAS,BAD,UNCERTAINTY_AWARE_UCB_009,Uncertainty-Aware UCB-VAE — vae_019 + ucb_009,59,40,train,0.01,419.3657700000017,41.93657700000017,3.9706944171520986,20.363025960108974,0.19632180440518665,42.862271308757116,18
GAS,BAD,UNCERTAINTY_AWARE_UCB_009,Uncertainty-Aware UCB-VAE — vae_019 + ucb_009,59,40,test,0.01,9.300750000000221,0.9300750000000221,0.46813633229678686,22.854077488868725,0.047401588774901554,21.060424949442712,4
GAS,BAD,UNCERTAINTY_AWARE_UCB_009,Uncertainty-Aware UCB-VAE — vae_019 + ucb_009,59,41,train,0.01,473.52426000000196,47.3524260000002,4.404490463545208,20.187502847298337,0.2170383936043838,42.14673281231235,15
GAS,BAD,UNCERTAINTY_AWARE_UCB_009,Uncertainty-Aware UCB-VAE — vae_019 + ucb_009,59,41,test,0.01,-33.41219000000035,-3.341219000000035,-1.6997989942180936,23.027613609809208,-0.046214588543029345,21.751441008311748,4
GAS,BAD,UNCERTAINTY_AWARE_UCB_009,Uncertainty-Aware UCB-VAE — vae_019 + ucb_009,59,42,train,0.01,467.0409900000018,46.70409900000018,4.353315026968785,20.488798101858823,0.21441508465882148,42.29876277929468,15
GAS,BAD,UNCERTAINTY_AWARE_UCB_009,Uncertainty-Aware UCB-VAE — vae_019 + ucb_009,59,42,test,0.01,-34.46170000000018,-3.4461700000000177,-1.753659224840931,23.030022204106917,-0.04857289674877088,21.838586708988228,4
GAS,BAD,UNCERTAINTY_AWARE_UCB_009,Uncertainty-Aware UCB-VAE — vae_019 + ucb_009,59,43,train,0.01,461.345110000002,46.1345110000002,4.308188675799851,21.0954952346113,0.21217696853368068,42.63642822765681,17
GAS,BAD,UNCERTAINTY_AWARE_UCB_009,Uncertainty-Aware UCB-VAE — vae_019 + ucb_009,59,43,test,0.01,-59.705910000000245,-5.970591000000025,-3.0580312558197043,23.3500963533338,-0.102144230905353,21.633042388123947,4
GAS,BAD,UNCERTAINTY_AWARE_UCB_009,Uncertainty-Aware UCB-VAE — vae_019 + ucb_009,59,44,train,0.01,403.4757700000023,40.34757700000023,3.84062775833216,21.39676775869802,0.19104300426007007,43.01178347115269,19
GAS,BAD,UNCERTAINTY_AWARE_UCB_009,Uncertainty-Aware UCB-VAE — vae_019 + ucb_009,59,44,test,0.01,-45.8688599999997,-4.58688599999997,-2.3409496745102176,23.309533879449482,-0.07102172959916939,21.29396978655396,4
GAS,BAD,UNCERTAINTY_AWARE_UCB_009,Uncertainty-Aware UCB-VAE — vae_019 + ucb_009,59,45,train,0.01,469.85828000000174,46.985828000000176,4.375577840781264,21.514817037136098,0.2153060686902385,45.40366364153327,20
GAS,BAD,UNCERTAINTY_AWARE_UCB_009,Uncertainty-Aware UCB-VAE — vae_019 + ucb_009,59,45,test,0.01,-45.67791999999997,-4.567791999999997,-2.3310907061647623,23.34271940457009,-0.07016471881890544,22.3780206295386,4
GAS,BAD,UNCERTAINTY_AWARE_UCB_009,Uncertainty-Aware UCB-VAE — vae_019 + ucb_009,60,1,train,0.03,628.6101599999986,62.86101599999986,5.572634144865063,23.007984753770934,0.265994782956293,50.70296100305664,21
GAS,BAD,UNCERTAINTY_AWARE_UCB_009,Uncertainty-Aware UCB-VAE — vae_019 + ucb_009,60,1,test,0.03,-76.55981000000008,-7.655981000000009,-3.938556660243586,31.83675156936101,-0.029794322646923405,29.672235594353115,11
GAS,BAD,UNCERTAINTY_AWARE_UCB_009,Uncertainty-Aware UCB-VAE — vae_019 + ucb_009,60,2,train,0.027,671.7485399999996,67.17485399999997,5.879957084559817,22.928328684155712,0.2789076803544779,48.23647024095594,21
GAS,BAD,UNCERTAINTY_AWARE_UCB_009,Uncertainty-Aware UCB-VAE — vae_019 + ucb_009,60,2,test,0.027,-65.51046000000008,-6.5510460000000075,-3.360398057429914,31.684305401286966,-0.012470666207153506,28.81301852183621,11
GAS,BAD,UNCERTAINTY_AWARE_UCB_009,Uncertainty-Aware UCB-VAE — vae_019 + ucb_009,60,3,train,0.024300000000000002,677.3293199999976,67.73293199999976,5.91919890363779,22.789094245074732,0.28089374401825706,48.88470379378349,24
GAS,BAD,UNCERTAINTY_AWARE_UCB_009,Uncertainty-Aware UCB-VAE — vae_019 + ucb_009,60,3,test,0.024300000000000002,-63.71661000000006,-6.371661000000007,-3.2668548897684446,31.65587716306797,-0.009699509661556594,28.67352556111594,11
GAS,BAD,UNCERTAINTY_AWARE_UCB_009,Uncertainty-Aware UCB-VAE — vae_019 + ucb_009,60,4,train,0.02187,639.9814399999971,63.9981439999997,5.654340277126257,22.819031772170543,0.26973915366087137,49.999580427630534,22
GAS,BAD,UNCERTAINTY_AWARE_UCB_009,Uncertainty-Aware UCB-VAE — vae_019 + ucb_009,60,4,test,0.02187,-71.94510999999989,-7.194510999999988,-3.6966773240701745,31.644495713452127,-0.023928209025824175,29.237181789775423,11
GAS,BAD,UNCERTAINTY_AWARE_UCB_009,Uncertainty-Aware UCB-VAE — vae_019 + ucb_009,60,5,train,0.019683,676.8476399999981,67.6847639999998,5.915816501461002,22.662175149918582,0.2810533071099392,48.830752587851144,24
GAS,BAD,UNCERTAINTY_AWARE_UCB_009,Uncertainty-Aware UCB-VAE — vae_019 + ucb_009,60,5,test,0.019683,-71.94510999999989,-7.194510999999988,-3.6966773240701745,31.644495713452127,-0.023928209025824175,29.237181789775423,11
GAS,BAD,UNCERTAINTY_AWARE_UCB_009,Uncertainty-Aware UCB-VAE — vae_019 + ucb_009,60,6,train,0.0177147,669.6137399999984,66.96137399999984,5.8649152281117,22.93663172556155,0.2782963025024364,49.49984119598903,24
GAS,BAD,UNCERTAINTY_AWARE_UCB_009,Uncertainty-Aware UCB-VAE — vae_019 + ucb_009,60,6,test,0.0177147,-71.94510999999989,-7.194510999999988,-3.6966773240701745,31.644495713452127,-0.023928209025824175,29.237181789775423,11
GAS,BAD,UNCERTAINTY_AWARE_UCB_009,Uncertainty-Aware UCB-VAE — vae_019 + ucb_009,60,7,train,0.015943230000000003,614.1719399999995,61.41719399999995,5.468157316539135,22.93585210377221,0.26180583159396187,50.51417115442697,23
GAS,BAD,UNCERTAINTY_AWARE_UCB_009,Uncertainty-Aware UCB-VAE — vae_019 + ucb_009,60,7,test,0.015943230000000003,-71.94510999999989,-7.194510999999988,-3.6966773240701745,31.644495713452127,-0.023928209025824175,29.237181789775423,11
GAS,BAD,UNCERTAINTY_AWARE_UCB_009,Uncertainty-Aware UCB-VAE — vae_019 + ucb_009,60,8,train,0.014348907000000001,616.1242299999992,61.612422999999914,5.482332785288957,22.91294745704119,0.2624392679671847,50.530504113761154,24
GAS,BAD,UNCERTAINTY_AWARE_UCB_009,Uncertainty-Aware UCB-VAE — vae_019 + ucb_009,60,8,test,0.014348907000000001,-71.94510999999989,-7.194510999999988,-3.6966773240701745,31.644495713452127,-0.023928209025824175,29.237181789775423,11
GAS,BAD,UNCERTAINTY_AWARE_UCB_009,Uncertainty-Aware UCB-VAE — vae_019 + ucb_009,60,9,train,0.012914016300000003,673.0927199999992,67.30927199999992,5.8894194550692,22.95730899792044,0.27929691691036435,49.31959464385439,24
GAS,BAD,UNCERTAINTY_AWARE_UCB_009,Uncertainty-Aware UCB-VAE — vae_019 + ucb_009,60,9,test,0.012914016300000003,-71.94510999999989,-7.194510999999988,-3.6966773240701745,31.644495713452127,-0.023928209025824175,29.237181789775423,11
GAS,BAD,UNCERTAINTY_AWARE_UCB_009,Uncertainty-Aware UCB-VAE — vae_019 + ucb_009,60,10,train,0.011622614670000002,682.4762299999988,68.24762299999988,5.955287191589864,22.89714456070541,0.28217420530988674,49.319590788085335,24
GAS,BAD,UNCERTAINTY_AWARE_UCB_009,Uncertainty-Aware UCB-VAE — vae_019 + ucb_009,60,10,test,0.011622614670000002,-82.34510999999998,-8.234510999999998,-4.242640658451801,31.767703493434453,-0.040556552138990655,30.04590425346568,11
GAS,BAD,UNCERTAINTY_AWARE_UCB_009,Uncertainty-Aware UCB-VAE — vae_019 + ucb_009,60,11,train,0.010460353203000003,783.8081499999992,78.38081499999991,6.646522830825585,22.679152730096867,0.31156598469117647,46.69665051528793,22
GAS,BAD,UNCERTAINTY_AWARE_UCB_009,Uncertainty-Aware UCB-VAE — vae_019 + ucb_009,60,11,test,0.010460353203000003,-82.34510999999998,-8.234510999999998,-4.242640658451801,31.767703493434453,-0.040556552138990655,30.04590425346568,11
GAS,BAD,UNCERTAINTY_AWARE_UCB_009,Uncertainty-Aware UCB-VAE — vae_019 + ucb_009,60,12,train,0.01,839.9241799999975,83.99241799999974,7.01443583740573,22.534805831369457,0.32751666414531033,43.595911184263294,22
GAS,BAD,UNCERTAINTY_AWARE_UCB_009,Uncertainty-Aware UCB-VAE — vae_019 + ucb_009,60,12,test,0.01,-74.11661000000015,-7.411661000000016,-3.810422001985858,31.77899985980356,-0.026219434103587652,29.482248024806196,11
GAS,BAD,UNCERTAINTY_AWARE_UCB_009,Uncertainty-Aware UCB-VAE — vae_019 + ucb_009,60,13,train,0.01,812.9941899999978,81.29941899999979,6.839138483848317,22.889671705380966,0.3187275538052169,46.63218866548014,22
GAS,BAD,UNCERTAINTY_AWARE_UCB_009,Uncertainty-Aware UCB-VAE — vae_019 + ucb_009,60,13,test,0.01,-74.11661000000015,-7.411661000000016,-3.810422001985858,31.77899985980356,-0.026219434103587652,29.482248024806196,11
GAS,BAD,UNCERTAINTY_AWARE_UCB_009,Uncertainty-Aware UCB-VAE — vae_019 + ucb_009,60,14,train,0.01,849.931969999998,84.99319699999981,7.078999476565806,22.553366490727193,0.3301551124797958,43.657755013676905,22
GAS,BAD,UNCERTAINTY_AWARE_UCB_009,Uncertainty-Aware UCB-VAE — vae_019 + ucb_009,60,14,test,0.01,-69.38831000000016,-6.938831000000016,-3.5629192848546043,31.663332767282483,-0.01933920852604973,29.3742445081482,11
GAS,BAD,UNCERTAINTY_AWARE_UCB_009,Uncertainty-Aware UCB-VAE — vae_019 + ucb_009,60,15,train,0.01,849.8136099999986,84.98136099999985,7.078237712112978,22.53608679029624,0.33020969979448245,44.663893268929336,22
GAS,BAD,UNCERTAINTY_AWARE_UCB_009,Uncertainty-Aware UCB-VAE — vae_019 + ucb_009,60,15,test,0.01,-69.38831000000016,-6.938831000000016,-3.5629192848546043,31.663332767282483,-0.01933920852604973,29.3742445081482,11
GAS,BAD,UNCERTAINTY_AWARE_UCB_009,Uncertainty-Aware UCB-VAE — vae_019 + ucb_009,60,16,train,0.01,845.4973599999983,84.54973599999983,7.050428706605971,22.712027401006303,0.32825826782255135,46.05855491441613,23
GAS,BAD,UNCERTAINTY_AWARE_UCB_009,Uncertainty-Aware UCB-VAE — vae_019 + ucb_009,60,16,test,0.01,-69.38831000000016,-6.938831000000016,-3.5629192848546043,31.663332767282483,-0.01933920852604973,29.3742445081482,11
GAS,BAD,UNCERTAINTY_AWARE_UCB_009,Uncertainty-Aware UCB-VAE — vae_019 + ucb_009,60,17,train,0.01,840.7782299999988,84.07782299999987,7.019957768926055,22.813002718869726,0.32653737453739706,45.76570810641136,22
GAS,BAD,UNCERTAINTY_AWARE_UCB_009,Uncertainty-Aware UCB-VAE — vae_019 + ucb_009,60,17,test,0.01,-67.2168099999999,-6.721680999999989,-3.4494610061768682,31.530044990063683,-0.017011615202855587,29.130076034209974,11
GAS,BAD,UNCERTAINTY_AWARE_UCB_009,Uncertainty-Aware UCB-VAE — vae_019 + ucb_009,60,18,train,0.01,877.3083799999993,87.73083799999992,7.254040879759405,23.057395280761675,0.3350618224783389,46.14596981809928,23
GAS,BAD,UNCERTAINTY_AWARE_UCB_009,Uncertainty-Aware UCB-VAE — vae_019 + ucb_009,60,18,test,0.01,-58.98831000000007,-5.8988310000000075,-3.0207148227079372,31.541484009571768,-0.0028048819604199323,28.56848467030674,11
GAS,BAD,UNCERTAINTY_AWARE_UCB_009,Uncertainty-Aware UCB-VAE — vae_019 + ucb_009,60,19,train,0.01,896.2542899999987,89.62542899999987,7.37385514421427,23.0913129058874,0.33978593876136465,45.63877188160204,23
GAS,BAD,UNCERTAINTY_AWARE_UCB_009,Uncertainty-Aware UCB-VAE — vae_019 + ucb_009,60,19,test,0.01,-58.98831000000007,-5.8988310000000075,-3.0207148227079372,31.541484009571768,-0.0028048819604199323,28.56848467030674,11
GAS,BAD,UNCERTAINTY_AWARE_UCB_009,Uncertainty-Aware UCB-VAE — vae_019 + ucb_009,60,20,train,0.01,792.65931,79.265931,6.7052309080601225,23.415366107369064,0.3114379048447335,47.131296933480236,24
GAS,BAD,UNCERTAINTY_AWARE_UCB_009,Uncertainty-Aware UCB-VAE — vae_019 + ucb_009,60,20,test,0.01,-58.98831000000007,-5.8988310000000075,-3.0207148227079372,31.541484009571768,-0.0028048819604199323,28.56848467030674,11
GAS,BAD,UNCERTAINTY_AWARE_UCB_009,Uncertainty-Aware UCB-VAE — vae_019 + ucb_009,60,21,train,0.01,795.2000399999997,79.52000399999997,6.722035498421053,23.331714465995926,0.31238774088602217,46.44423631662625,25
GAS,BAD,UNCERTAINTY_AWARE_UCB_009,Uncertainty-Aware UCB-VAE — vae_019 + ucb_009,60,21,test,0.01,-58.98831000000007,-5.8988310000000075,-3.0207148227079372,31.541484009571768,-0.0028048819604199323,28.56848467030674,11
GAS,BAD,UNCERTAINTY_AWARE_UCB_009,Uncertainty-Aware UCB-VAE — vae_019 + ucb_009,60,22,train,0.01,706.676629999999,70.6676629999999,6.123667422980139,23.544867772971266,0.2876079211935195,49.937391167455445,25
GAS,BAD,UNCERTAINTY_AWARE_UCB_009,Uncertainty-Aware UCB-VAE — vae_019 + ucb_009,60,22,test,0.01,-71.8315100000001,-7.183151000000009,-3.6907305090776,31.7205981836974,-0.022925569584223253,29.563536088514947,11
GAS,BAD,UNCERTAINTY_AWARE_UCB_009,Uncertainty-Aware UCB-VAE — vae_019 + ucb_009,60,23,train,0.01,784.2608199999986,78.42608199999987,6.649531581132151,23.672643991345225,0.3083982234789729,49.62102108294505,25
GAS,BAD,UNCERTAINTY_AWARE_UCB_009,Uncertainty-Aware UCB-VAE — vae_019 + ucb_009,60,23,test,0.01,-71.8315100000001,-7.183151000000009,-3.6907305090776,31.7205981836974,-0.022925569584223253,29.563536088514947,11
GAS,BAD,UNCERTAINTY_AWARE_UCB_009,Uncertainty-Aware UCB-VAE — vae_019 + ucb_009,60,24,train,0.01,734.1293199999986,73.41293199999987,6.31212620123156,23.528899577129977,0.2952880956148966,49.27836240158057,26
GAS,BAD,UNCERTAINTY_AWARE_UCB_009,Uncertainty-Aware UCB-VAE — vae_019 + ucb_009,60,24,test,0.01,-71.8315100000001,-7.183151000000009,-3.6907305090776,31.7205981836974,-0.022925569584223253,29.563536088514947,11
GAS,BAD,UNCERTAINTY_AWARE_UCB_009,Uncertainty-Aware UCB-VAE — vae_019 + ucb_009,60,25,train,0.01,623.032109999998,62.303210999999806,5.532368613091498,23.754147098330172,0.2634841768922111,52.73074429281587,26
GAS,BAD,UNCERTAINTY_AWARE_UCB_009,Uncertainty-Aware UCB-VAE — vae_019 + ucb_009,60,25,test,0.01,-83.57152000000008,-8.357152000000008,-4.30722451772877,31.82863855612757,-0.04197965748723608,30.473115757155046,11
GAS,BAD,UNCERTAINTY_AWARE_UCB_009,Uncertainty-Aware UCB-VAE — vae_019 + ucb_009,60,26,train,0.01,623.6117899999983,62.36117899999984,5.53655879443069,23.758952585941433,0.2636478089134804,52.69897527112158,26
GAS,BAD,UNCERTAINTY_AWARE_UCB_009,Uncertainty-Aware UCB-VAE — vae_019 + ucb_009,60,26,test,0.01,-82.62408000000005,-8.262408000000004,-4.257327711143399,31.82615637680281,-0.040365231853447946,30.39971103592769,11
GAS,BAD,UNCERTAINTY_AWARE_UCB_009,Uncertainty-Aware UCB-VAE — vae_019 + ucb_009,60,27,train,0.01,879.474189999999,87.94741899999991,7.267791766056875,23.238165431128685,0.3348171332189749,45.098739681851626,22
GAS,BAD,UNCERTAINTY_AWARE_UCB_009,Uncertainty-Aware UCB-VAE — vae_019 + ucb_009,60,27,test,0.01,-82.62408000000005,-8.262408000000004,-4.257327711143399,31.82615637680281,-0.040365231853447946,30.39971103592769,11
GAS,BAD,UNCERTAINTY_AWARE_UCB_009,Uncertainty-Aware UCB-VAE — vae_019 + ucb_009,60,28,train,0.01,810.9119799999987,81.09119799999988,6.825488406568159,23.235238768893883,0.3169185438117447,47.73034148424987,24
GAS,BAD,UNCERTAINTY_AWARE_UCB_009,Uncertainty-Aware UCB-VAE — vae_019 + ucb_009,60,28,test,0.01,-82.62408000000005,-8.262408000000004,-4.257327711143399,31.82615637680281,-0.040365231853447946,30.39971103592769,11
GAS,BAD,UNCERTAINTY_AWARE_UCB_009,Uncertainty-Aware UCB-VAE — vae_019 + ucb_009,60,29,train,0.01,1139.0153299999984,113.90153299999983,8.821714363823641,22.672519329912916,0.40134454557950666,42.449401633341026,21
GAS,BAD,UNCERTAINTY_AWARE_UCB_009,Uncertainty-Aware UCB-VAE — vae_019 + ucb_009,60,29,test,0.01,-62.167180000000144,-6.216718000000014,-3.1861288483902572,31.580971064555698,-0.007889582788142788,29.925412004311557,10
GAS,BAD,UNCERTAINTY_AWARE_UCB_009,Uncertainty-Aware UCB-VAE — vae_019 + ucb_009,60,30,train,0.01,1025.3870899999974,102.53870899999976,8.16326166110275,22.657856102415003,0.3744393244766547,42.38133564490372,21
GAS,BAD,UNCERTAINTY_AWARE_UCB_009,Uncertainty-Aware UCB-VAE — vae_019 + ucb_009,60,30,test,0.01,-62.167180000000144,-6.216718000000014,-3.1861288483902572,31.580971064555698,-0.007889582788142788,29.925412004311557,10
GAS,BAD,UNCERTAINTY_AWARE_UCB_009,Uncertainty-Aware UCB-VAE — vae_019 + ucb_009,60,31,train,0.01,1034.3388499999978,103.43388499999979,8.216311432763067,22.72650463642035,0.3761657440340027,42.81612203067259,21
GAS,BAD,UNCERTAINTY_AWARE_UCB_009,Uncertainty-Aware UCB-VAE — vae_019 + ucb_009,60,31,test,0.01,-62.167180000000144,-6.216718000000014,-3.1861288483902572,31.580971064555698,-0.007889582788142788,29.925412004311557,10
GAS,BAD,UNCERTAINTY_AWARE_UCB_009,Uncertainty-Aware UCB-VAE — vae_019 + ucb_009,60,32,train,0.01,1037.6573299999977,103.76573299999978,8.235924651191585,22.77766017234587,0.37664694510950014,42.39218671278925,21
GAS,BAD,UNCERTAINTY_AWARE_UCB_009,Uncertainty-Aware UCB-VAE — vae_019 + ucb_009,60,32,test,0.01,-62.167180000000144,-6.216718000000014,-3.1861288483902572,31.580971064555698,-0.007889582788142788,29.925412004311557,10
GAS,BAD,UNCERTAINTY_AWARE_UCB_009,Uncertainty-Aware UCB-VAE — vae_019 + ucb_009,60,33,train,0.01,932.5464099999997,93.25464099999998,7.600425861517879,23.297416670229744,0.34790006362740933,46.26263197979764,22
GAS,BAD,UNCERTAINTY_AWARE_UCB_009,Uncertainty-Aware UCB-VAE — vae_019 + ucb_009,60,33,test,0.01,-61.2863000000001,-6.12863000000001,-3.140264044814711,31.553246626242082,-0.006669069040888121,29.905320698044687,10
GAS,BAD,UNCERTAINTY_AWARE_UCB_009,Uncertainty-Aware UCB-VAE — vae_019 + ucb_009,60,34,train,0.01,912.8163999999995,91.28163999999995,7.477725767979204,23.643421317419325,0.3413869246045412,47.776939115179076,22
GAS,BAD,UNCERTAINTY_AWARE_UCB_009,Uncertainty-Aware UCB-VAE — vae_019 + ucb_009,60,34,test,0.01,-46.468450000000075,-4.646845000000008,-2.3719151746302902,31.443062846820702,0.01738391656269013,28.775950092258658,10
GAS,BAD,UNCERTAINTY_AWARE_UCB_009,Uncertainty-Aware UCB-VAE — vae_019 + ucb_009,60,35,train,0.01,938.150969999999,93.81509699999991,7.63507730770967,23.569061680525298,0.34798864669638946,45.28069249749273,22
GAS,BAD,UNCERTAINTY_AWARE_UCB_009,Uncertainty-Aware UCB-VAE — vae_019 + ucb_009,60,35,test,0.01,-46.468450000000075,-4.646845000000008,-2.3719151746302902,31.443062846820702,0.01738391656269013,28.775950092258658,10
GAS,BAD,UNCERTAINTY_AWARE_UCB_009,Uncertainty-Aware UCB-VAE — vae_019 + ucb_009,60,36,train,0.01,1002.4208799999988,100.24208799999987,8.026200440590747,23.51782599622098,0.36377737601698173,43.959238216018186,22
GAS,BAD,UNCERTAINTY_AWARE_UCB_009,Uncertainty-Aware UCB-VAE — vae_019 + ucb_009,60,36,test,0.01,-40.61505000000011,-4.061505000000011,-2.0700308479317697,31.379276186528838,0.026649874053355983,28.329822084220517,10
GAS,BAD,UNCERTAINTY_AWARE_UCB_009,Uncertainty-Aware UCB-VAE — vae_019 + ucb_009,60,37,train,0.01,692.8299500000003,69.28299500000003,6.027587510809762,24.217211739450207,0.2824740693989632,53.10429141542296,26
GAS,BAD,UNCERTAINTY_AWARE_UCB_009,Uncertainty-Aware UCB-VAE — vae_019 + ucb_009,60,37,test,0.01,-40.61505000000011,-4.061505000000011,-2.0700308479317697,31.379276186528838,0.026649874053355983,28.329822084220517,10
GAS,BAD,UNCERTAINTY_AWARE_UCB_009,Uncertainty-Aware UCB-VAE — vae_019 + ucb_009,60,38,train,0.01,981.0502799999988,98.10502799999988,7.897400957729972,23.7284655752819,0.35757564898308863,44.154505954317116,22
GAS,BAD,UNCERTAINTY_AWARE_UCB_009,Uncertainty-Aware UCB-VAE — vae_019 + ucb_009,60,38,test,0.01,-40.61505000000011,-4.061505000000011,-2.0700308479317697,31.379276186528838,0.026649874053355983,28.329822084220517,10
GAS,BAD,UNCERTAINTY_AWARE_UCB_009,Uncertainty-Aware UCB-VAE — vae_019 + ucb_009,60,39,train,0.01,988.5575599999988,98.85575599999989,7.942787038546051,23.506881557384286,0.36053747764737437,44.430858196801836,21
GAS,BAD,UNCERTAINTY_AWARE_UCB_009,Uncertainty-Aware UCB-VAE — vae_019 + ucb_009,60,39,test,0.01,-40.61505000000011,-4.061505000000011,-2.0700308479317697,31.379276186528838,0.026649874053355983,28.329822084220517,10
GAS,BAD,UNCERTAINTY_AWARE_UCB_009,Uncertainty-Aware UCB-VAE — vae_019 + ucb_009,60,40,train,0.01,884.3018599999998,88.43018599999998,7.298392381781094,23.671064274857894,0.33417925212399036,50.28803547888779,23
GAS,BAD,UNCERTAINTY_AWARE_UCB_009,Uncertainty-Aware UCB-VAE — vae_019 + ucb_009,60,40,test,0.01,-40.61505000000011,-4.061505000000011,-2.0700308479317697,31.379276186528838,0.026649874053355983,28.329822084220517,10
GAS,BAD,UNCERTAINTY_AWARE_UCB_009,Uncertainty-Aware UCB-VAE — vae_019 + ucb_009,60,41,train,0.01,999.4278199999999,99.94278199999998,8.008235215151792,23.514093607515992,0.3630953956519891,45.30631724920222,21
GAS,BAD,UNCERTAINTY_AWARE_UCB_009,Uncertainty-Aware UCB-VAE — vae_019 + ucb_009,60,41,test,0.01,-40.61505000000011,-4.061505000000011,-2.0700308479317697,31.379276186528838,0.026649874053355983,28.329822084220517,10
GAS,BAD,UNCERTAINTY_AWARE_UCB_009,Uncertainty-Aware UCB-VAE — vae_019 + ucb_009,60,42,train,0.01,1009.2414699999977,100.92414699999976,8.067050626634664,23.617345369339375,0.36487326783353813,44.87405254882814,21
GAS,BAD,UNCERTAINTY_AWARE_UCB_009,Uncertainty-Aware UCB-VAE — vae_019 + ucb_009,60,42,test,0.01,-40.61505000000011,-4.061505000000011,-2.0700308479317697,31.379276186528838,0.026649874053355983,28.329822084220517,10
GAS,BAD,UNCERTAINTY_AWARE_UCB_009,Uncertainty-Aware UCB-VAE — vae_019 + ucb_009,60,43,train,0.01,694.9040499999987,69.49040499999988,6.042023738833957,23.315548236420035,0.2848279923460889,53.353559668476066,25
GAS,BAD,UNCERTAINTY_AWARE_UCB_009,Uncertainty-Aware UCB-VAE — vae_019 + ucb_009,60,43,test,0.01,-40.61505000000011,-4.061505000000011,-2.0700308479317697,31.379276186528838,0.026649874053355983,28.329822084220517,10
GAS,BAD,UNCERTAINTY_AWARE_UCB_009,Uncertainty-Aware UCB-VAE — vae_019 + ucb_009,60,44,train,0.01,918.894239999998,91.8894239999998,7.515643018095863,23.584730205759964,0.34317723592666155,48.51285510539078,22
GAS,BAD,UNCERTAINTY_AWARE_UCB_009,Uncertainty-Aware UCB-VAE — vae_019 + ucb_009,60,44,test,0.01,-40.61505000000011,-4.061505000000011,-2.0700308479317697,31.379276186528838,0.026649874053355983,28.329822084220517,10
GAS,BAD,UNCERTAINTY_AWARE_UCB_009,Uncertainty-Aware UCB-VAE — vae_019 + ucb_009,60,45,train,0.01,1149.0240299999987,114.90240299999988,8.87821233090904,22.325994724421317,0.4064628261951823,39.26892540006629,20
GAS,BAD,UNCERTAINTY_AWARE_UCB_009,Uncertainty-Aware UCB-VAE — vae_019 + ucb_009,60,45,test,0.01,-40.61505000000011,-4.061505000000011,-2.0700308479317697,31.379276186528838,0.026649874053355983,28.329822084220517,10
GAS,BAD,EPSILON_GREEDY,Epsilon-Greedy — Battle strategy,41,1,train,1.0,-144.31822999999997,-14.431822999999996,-1.7179988039418226,29.599485523308232,0.0215440168353085,73.35615675539844,50
GAS,BAD,EPSILON_GREEDY,Epsilon-Greedy — Battle strategy,41,1,test,1.0,-83.09135000000026,-8.309135000000026,-4.281933233128521,31.827488567709484,-0.04123975128567351,29.615785476015237,11
GAS,BAD,EPSILON_GREEDY,Epsilon-Greedy — Battle strategy,41,2,train,0.95,-142.78503000000023,-14.278503000000024,-1.6984342566125576,29.694958968258018,0.023116083313689355,73.47369352898555,49
GAS,BAD,EPSILON_GREEDY,Epsilon-Greedy — Battle strategy,41,2,test,0.95,-83.09135000000026,-8.309135000000026,-4.281933233128521,31.827488567709484,-0.04123975128567351,29.615785476015237,11
GAS,BAD,EPSILON_GREEDY,Epsilon-Greedy — Battle strategy,41,3,train,0.9025,-145.99041000000022,-14.599041000000025,-1.739372373351189,29.8706706680399,0.02334276559750749,73.47369352898555,50
GAS,BAD,EPSILON_GREEDY,Epsilon-Greedy — Battle strategy,41,3,test,0.9025,-80.88889000000006,-8.088889000000005,-4.166010313347213,31.815252674865825,-0.03756264131136353,29.443322161840474,11
GAS,BAD,EPSILON_GREEDY,Epsilon-Greedy — Battle strategy,41,4,train,0.8573749999999999,-145.21934000000022,-14.521934000000023,-1.729512047930959,29.585689256232,0.02101732540165503,73.40401843158857,49
GAS,BAD,EPSILON_GREEDY,Epsilon-Greedy — Battle strategy,41,4,test,0.8573749999999999,-80.88889000000006,-8.088889000000005,-4.166010313347213,31.815252674865825,-0.03756264131136353,29.443322161840474,11
GAS,BAD,EPSILON_GREEDY,Epsilon-Greedy — Battle strategy,41,5,train,0.8145062499999999,-143.5179900000004,-14.35179900000004,-1.707783380145067,29.577796485585324,0.021697795795938075,73.40401843158857,49
GAS,BAD,EPSILON_GREEDY,Epsilon-Greedy — Battle strategy,41,5,test,0.8145062499999999,-80.88889000000006,-8.088889000000005,-4.166010313347213,31.815252674865825,-0.03756264131136353,29.443322161840474,11
GAS,BAD,EPSILON_GREEDY,Epsilon-Greedy — Battle strategy,41,6,train,0.7737809374999998,-146.47151000000042,-14.647151000000042,-1.7455286162340267,29.592346762452564,0.020525363286634228,73.40401843158857,49
GAS,BAD,EPSILON_GREEDY,Epsilon-Greedy — Battle strategy,41,6,test,0.7737809374999998,-80.88889000000006,-8.088889000000005,-4.166010313347213,31.815252674865825,-0.03756264131136353,29.443322161840474,11
GAS,BAD,EPSILON_GREEDY,Epsilon-Greedy — Battle strategy,41,7,train,0.7350918906249998,-146.22233000000028,-14.62223300000003,-1.7423396788283085,29.570232854240057,0.020428267670769877,73.41275414533527,49
GAS,BAD,EPSILON_GREEDY,Epsilon-Greedy — Battle strategy,41,7,test,0.7350918906249998,-80.88889000000006,-8.088889000000005,-4.166010313347213,31.815252674865825,-0.03756264131136353,29.443322161840474,11
GAS,BAD,EPSILON_GREEDY,Epsilon-Greedy — Battle strategy,41,8,train,0.6983372960937497,-158.89587000000017,-15.889587000000017,-1.9055910551366018,29.49034112576173,0.01399589614598014,73.41173979114332,48
GAS,BAD,EPSILON_GREEDY,Epsilon-Greedy — Battle strategy,41,8,test,0.6983372960937497,-80.88889000000006,-8.088889000000005,-4.166010313347213,31.815252674865825,-0.03756264131136353,29.443322161840474,11
GAS,BAD,EPSILON_GREEDY,Epsilon-Greedy — Battle strategy,41,9,train,0.6634204312890623,-146.91594000000032,-14.691594000000032,-1.7512183642991341,29.64528106725161,0.020831227639708908,73.29420297303412,49
GAS,BAD,EPSILON_GREEDY,Epsilon-Greedy — Battle strategy,41,9,test,0.6634204312890623,-82.9466900000001,-8.29466900000001,-4.27431505728153,31.82680017632764,-0.040996758450696925,29.60445789547868,11
GAS,BAD,EPSILON_GREEDY,Epsilon-Greedy — Battle strategy,41,10,train,0.6302494097246091,-158.31791000000044,-15.831791000000045,-1.8980987658374304,29.518494680075875,0.01453323901489572,73.29420297303412,47
GAS,BAD,EPSILON_GREEDY,Epsilon-Greedy — Battle strategy,41,10,test,0.6302494097246091,-80.88889000000006,-8.088889000000005,-4.166010313347213,31.815252674865825,-0.03756264131136353,29.443322161840474,11
GAS,BAD,EPSILON_GREEDY,Epsilon-Greedy — Battle strategy,41,11,train,0.5987369392383787,-158.85667999999987,-15.885667999999987,-1.9050828774276551,29.51893273183346,0.014301679495113519,73.34420375365617,47
GAS,BAD,EPSILON_GREEDY,Epsilon-Greedy — Battle strategy,41,11,test,0.5987369392383787,-80.88889000000006,-8.088889000000005,-4.166010313347213,31.815252674865825,-0.03756264131136353,29.443322161840474,11
GAS,BAD,EPSILON_GREEDY,Epsilon-Greedy — Battle strategy,41,12,train,0.5688000922764597,-156.44807000000026,-15.644807000000025,-1.8738906908547737,29.500811002495258,0.015209943016238113,73.2781135318003,47
GAS,BAD,EPSILON_GREEDY,Epsilon-Greedy — Battle strategy,41,12,test,0.5688000922764597,-80.88889000000006,-8.088889000000005,-4.166010313347213,31.815252674865825,-0.03756264131136353,29.443322161840474,11
GAS,BAD,EPSILON_GREEDY,Epsilon-Greedy — Battle strategy,41,13,train,0.5403600876626367,-157.5149000000007,-15.751490000000071,-1.8876966645427262,29.4926197668546,0.014649415252315024,73.19992148213629,47
GAS,BAD,EPSILON_GREEDY,Epsilon-Greedy — Battle strategy,41,13,test,0.5403600876626367,-82.00085000000013,-8.200085000000012,-4.224519304610319,31.819551972133585,-0.03943947443600222,29.530394030037744,11
GAS,BAD,EPSILON_GREEDY,Epsilon-Greedy — Battle strategy,41,14,train,0.5133420832795048,-157.5149000000007,-15.751490000000071,-1.8876966645427262,29.4926197668546,0.014649415252315024,73.19992148213629,47
GAS,BAD,EPSILON_GREEDY,Epsilon-Greedy — Battle strategy,41,14,test,0.5133420832795048,-82.00085000000013,-8.200085000000012,-4.224519304610319,31.819551972133585,-0.03943947443600222,29.530394030037744,11
GAS,BAD,EPSILON_GREEDY,Epsilon-Greedy — Battle strategy,41,15,train,0.48767497911552954,-217.8678100000003,-21.78678100000003,-2.6952327225972073,29.837943822661984,-0.009958407131260682,73.64446822878243,50
GAS,BAD,EPSILON_GREEDY,Epsilon-Greedy — Battle strategy,41,15,test,0.48767497911552954,-81.8561900000002,-8.18561900000002,-4.216905613982746,31.818866471687496,-0.03919664510966938,29.519066449501207,11
GAS,BAD,EPSILON_GREEDY,Epsilon-Greedy — Battle strategy,41,16,train,0.46329123015975304,-160.09181000000024,-16.009181000000023,-1.9211089682619753,29.67492989838117,0.01522106080192648,73.26856722251598,48
GAS,BAD,EPSILON_GREEDY,Epsilon-Greedy — Battle strategy,41,16,test,0.46329123015975304,-81.8561900000002,-8.18561900000002,-4.216905613982746,31.818866471687496,-0.03919664510966938,29.519066449501207,11
GAS,BAD,EPSILON_GREEDY,Epsilon-Greedy — Battle strategy,41,17,train,0.44012666865176536,-182.25117,-18.225116999999997,-2.2122499980767985,29.49728745409435,0.003392690633741855,73.20445771006102,48
GAS,BAD,EPSILON_GREEDY,Epsilon-Greedy — Battle strategy,41,17,test,0.44012666865176536,-82.00085000000013,-8.200085000000012,-4.224519304610319,31.819551972133585,-0.03943947443600222,29.530394030037744,11
GAS,BAD,EPSILON_GREEDY,Epsilon-Greedy — Battle strategy,41,18,train,0.4181203352191771,-181.50414000000012,-18.150414000000012,-2.202321554567832,29.409177332650522,0.002863971430338033,73.23871316217729,47
GAS,BAD,EPSILON_GREEDY,Epsilon-Greedy — Battle strategy,41,18,test,0.4181203352191771,-82.00085000000013,-8.200085000000012,-4.224519304610319,31.819551972133585,-0.03943947443600222,29.530394030037744,11
GAS,BAD,EPSILON_GREEDY,Epsilon-Greedy — Battle strategy,41,19,train,0.3972143184582182,-180.77813000000015,-18.077813000000013,-2.192680192804519,29.35795973773828,0.0027026302680527897,73.23871316217729,47
GAS,BAD,EPSILON_GREEDY,Epsilon-Greedy — Battle strategy,41,19,test,0.3972143184582182,-82.00085000000013,-8.200085000000012,-4.224519304610319,31.819551972133585,-0.03943947443600222,29.530394030037744,11
GAS,BAD,EPSILON_GREEDY,Epsilon-Greedy — Battle strategy,41,20,train,0.37735360253530725,-206.96940999999993,-20.696940999999995,-2.5454032173350627,29.6247864624991,-0.006968169877668292,72.8731290418996,48
GAS,BAD,EPSILON_GREEDY,Epsilon-Greedy — Battle strategy,41,20,test,0.37735360253530725,-82.00085000000013,-8.200085000000012,-4.224519304610319,31.819551972133585,-0.03943947443600222,29.530394030037744,11
GAS,BAD,EPSILON_GREEDY,Epsilon-Greedy — Battle strategy,41,21,train,0.3584859224085419,-200.31035999999995,-20.031035999999993,-2.4547539306790322,29.586757883573572,-0.004199602037420556,72.91852014598426,47
GAS,BAD,EPSILON_GREEDY,Epsilon-Greedy — Battle strategy,41,21,test,0.3584859224085419,-82.00085000000013,-8.200085000000012,-4.224519304610319,31.819551972133585,-0.03943947443600222,29.530394030037744,11
GAS,BAD,EPSILON_GREEDY,Epsilon-Greedy — Battle strategy,41,22,train,0.3405616262881148,-179.78430000000003,-17.978430000000003,-2.1794945061974658,29.318752691505956,0.0027613264265055693,72.38309022185348,46
GAS,BAD,EPSILON_GREEDY,Epsilon-Greedy — Battle strategy,41,22,test,0.3405616262881148,-82.00085000000013,-8.200085000000012,-4.224519304610319,31.819551972133585,-0.03943947443600222,29.530394030037744,11
GAS,BAD,EPSILON_GREEDY,Epsilon-Greedy — Battle strategy,41,23,train,0.323533544973709,-195.25468999999987,-19.525468999999987,-2.386378328413452,29.540613772026568,-0.0022652680563352745,72.7416989688642,47
GAS,BAD,EPSILON_GREEDY,Epsilon-Greedy — Battle strategy,41,23,test,0.323533544973709,-82.00085000000013,-8.200085000000012,-4.224519304610319,31.819551972133585,-0.03943947443600222,29.530394030037744,11
GAS,BAD,EPSILON_GREEDY,Epsilon-Greedy — Battle strategy,41,24,train,0.3073568677250236,-195.49642000000085,-19.549642000000087,-2.3896389121372263,29.4006859622719,-0.0038123460956859005,72.68142268055809,47
GAS,BAD,EPSILON_GREEDY,Epsilon-Greedy — Battle strategy,41,24,test,0.3073568677250236,-82.00085000000013,-8.200085000000012,-4.224519304610319,31.819551972133585,-0.03943947443600222,29.530394030037744,11
GAS,BAD,EPSILON_GREEDY,Epsilon-Greedy — Battle strategy,41,25,train,0.2919890243387724,-201.62079000000017,-20.162079000000016,-2.472539582949307,29.539467577196394,-0.005303415424884935,72.73710057055074,47
GAS,BAD,EPSILON_GREEDY,Epsilon-Greedy — Battle strategy,41,25,test,0.2919890243387724,-81.20928000000004,-8.120928000000003,-4.182864960931598,31.813813116025386,-0.03813308087602125,29.468410254804,11
GAS,BAD,EPSILON_GREEDY,Epsilon-Greedy — Battle strategy,41,26,train,0.27738957312183377,-187.3302200000004,-18.73302200000004,-2.2799679245452675,29.443901967131552,0.0004704671852584662,72.62609341982198,46
GAS,BAD,EPSILON_GREEDY,Epsilon-Greedy — Battle strategy,41,26,test,0.27738957312183377,-81.20928000000004,-8.120928000000003,-4.182864960931598,31.813813116025386,-0.03813308087602125,29.468410254804,11
GAS,BAD,EPSILON_GREEDY,Epsilon-Greedy — Battle strategy,41,27,train,0.26352009446574204,-206.7120700000005,-20.67120700000005,-2.54188751647928,29.645942571180917,-0.00664265611479351,72.63475224277248,47
GAS,BAD,EPSILON_GREEDY,Epsilon-Greedy — Battle strategy,41,27,test,0.26352009446574204,-81.20928000000004,-8.120928000000003,-4.182864960931598,31.813813116025386,-0.03813308087602125,29.468410254804,11
GAS,BAD,EPSILON_GREEDY,Epsilon-Greedy — Battle strategy,41,28,train,0.2503440897424549,-313.43919000000096,-31.3439190000001,-4.095100628636795,28.87913730171632,-0.07068127710993331,72.71706667335386,45
GAS,BAD,EPSILON_GREEDY,Epsilon-Greedy — Battle strategy,41,28,test,0.2503440897424549,-81.20928000000004,-8.120928000000003,-4.182864960931598,31.813813116025386,-0.03813308087602125,29.468410254804,11
GAS,BAD,EPSILON_GREEDY,Epsilon-Greedy — Battle strategy,41,29,train,0.23782688525533216,-313.7393600000007,-31.373936000000068,-4.0997636598012255,28.87483193552882,-0.0709115334689875,72.63964749689335,45
GAS,BAD,EPSILON_GREEDY,Epsilon-Greedy — Battle strategy,41,29,test,0.23782688525533216,-81.20928000000004,-8.120928000000003,-4.182864960931598,31.813813116025386,-0.03813308087602125,29.468410254804,11
GAS,BAD,EPSILON_GREEDY,Epsilon-Greedy — Battle strategy,41,30,train,0.22593554099256555,-314.23217000000056,-31.423217000000058,-4.107423215648431,28.9130514116912,-0.07071344441324122,72.62233352536622,45
GAS,BAD,EPSILON_GREEDY,Epsilon-Greedy — Battle strategy,41,30,test,0.22593554099256555,-81.20928000000004,-8.120928000000003,-4.182864960931598,31.813813116025386,-0.03813308087602125,29.468410254804,11
GAS,BAD,EPSILON_GREEDY,Epsilon-Greedy — Battle strategy,41,31,train,0.21463876394293727,-314.3387500000006,-31.433875000000057,-4.109080390924758,28.914052891424575,-0.07076131295246464,72.62233352536622,45
GAS,BAD,EPSILON_GREEDY,Epsilon-Greedy — Battle strategy,41,31,test,0.21463876394293727,-81.20928000000004,-8.120928000000003,-4.182864960931598,31.813813116025386,-0.03813308087602125,29.468410254804,11
GAS,BAD,EPSILON_GREEDY,Epsilon-Greedy — Battle strategy,41,32,train,0.2039068257457904,-340.5433100000008,-34.05433100000008,-4.523646024844874,29.504943786751642,-0.07824985814290072,72.94516579131188,49
GAS,BAD,EPSILON_GREEDY,Epsilon-Greedy — Battle strategy,41,32,test,0.2039068257457904,-81.20928000000004,-8.120928000000003,-4.182864960931598,31.813813116025386,-0.03813308087602125,29.468410254804,11
GAS,BAD,EPSILON_GREEDY,Epsilon-Greedy — Battle strategy,41,33,train,0.19371148445850087,-340.59437000000094,-34.059437000000095,-4.524468002767234,29.517266253220324,-0.07812354860839549,72.99090111738226,49
GAS,BAD,EPSILON_GREEDY,Epsilon-Greedy — Battle strategy,41,33,test,0.19371148445850087,-81.89996999999994,-8.189996999999993,-4.219209763722198,31.82452135998352,-0.03920938001724745,29.52249463611732,11
GAS,BAD,EPSILON_GREEDY,Epsilon-Greedy — Battle strategy,41,34,train,0.18402591023557582,-338.811470000001,-33.8811470000001,-4.495799830607805,29.472425277260054,-0.07767281935129519,73.00150092227227,49
GAS,BAD,EPSILON_GREEDY,Epsilon-Greedy — Battle strategy,41,34,test,0.18402591023557582,-81.89996999999994,-8.189996999999993,-4.219209763722198,31.82452135998352,-0.03920938001724745,29.52249463611732,11
GAS,BAD,EPSILON_GREEDY,Epsilon-Greedy — Battle strategy,41,35,train,0.174824614723797,-338.87745000000143,-33.887745000000145,-4.496859532191255,29.434257126786495,-0.07818870379009997,72.95570875951103,49
GAS,BAD,EPSILON_GREEDY,Epsilon-Greedy — Battle strategy,41,35,test,0.174824614723797,-81.89996999999994,-8.189996999999993,-4.219209763722198,31.82452135998352,-0.03920938001724745,29.52249463611732,11
GAS,BAD,EPSILON_GREEDY,Epsilon-Greedy — Battle strategy,41,36,train,0.16608338398760716,-339.14868000000104,-33.914868000000105,-4.501216731751012,29.47365635157925,-0.07785117229910811,72.93254679673932,49
GAS,BAD,EPSILON_GREEDY,Epsilon-Greedy — Battle strategy,41,36,test,0.16608338398760716,-81.89996999999994,-8.189996999999993,-4.219209763722198,31.82452135998352,-0.03920938001724745,29.52249463611732,11
GAS,BAD,EPSILON_GREEDY,Epsilon-Greedy — Battle strategy,41,37,train,0.1577792147882268,-334.9835000000012,-33.49835000000012,-4.43447931954003,29.28529851153901,-0.07785010874574723,72.5756883735073,47
GAS,BAD,EPSILON_GREEDY,Epsilon-Greedy — Battle strategy,41,37,test,0.1577792147882268,-81.89996999999994,-8.189996999999993,-4.219209763722198,31.82452135998352,-0.03920938001724745,29.52249463611732,11
GAS,BAD,EPSILON_GREEDY,Epsilon-Greedy — Battle strategy,41,38,train,0.14989025404881545,-337.23199000000125,-33.72319900000013,-4.470459893369383,29.325221392410178,-0.07863953586097118,72.54164227134456,47
GAS,BAD,EPSILON_GREEDY,Epsilon-Greedy — Battle strategy,41,38,test,0.14989025404881545,-81.89996999999994,-8.189996999999993,-4.219209763722198,31.82452135998352,-0.03920938001724745,29.52249463611732,11
GAS,BAD,EPSILON_GREEDY,Epsilon-Greedy — Battle strategy,41,39,train,0.14239574134637467,-341.7023800000012,-34.17023800000012,-4.542319000530714,29.578338561052846,-0.07799219775682184,73.0517512464108,49
GAS,BAD,EPSILON_GREEDY,Epsilon-Greedy — Battle strategy,41,39,test,0.14239574134637467,-81.89996999999994,-8.189996999999993,-4.219209763722198,31.82452135998352,-0.03920938001724745,29.52249463611732,11
GAS,BAD,EPSILON_GREEDY,Epsilon-Greedy — Battle strategy,41,40,train,0.13527595427905592,-345.35702000000094,-34.53570200000009,-4.601388319956845,29.62623775014659,-0.079482952844552,72.96658135628846,50
GAS,BAD,EPSILON_GREEDY,Epsilon-Greedy — Battle strategy,41,40,test,0.13527595427905592,-81.89996999999994,-8.189996999999993,-4.219209763722198,31.82452135998352,-0.03920938001724745,29.52249463611732,11
GAS,BAD,EPSILON_GREEDY,Epsilon-Greedy — Battle strategy,41,41,train,0.12851215656510312,-348.2985000000008,-34.82985000000008,-4.649144226661839,29.62288193466101,-0.08123004893352317,72.6188670695972,50
GAS,BAD,EPSILON_GREEDY,Epsilon-Greedy — Battle strategy,41,41,test,0.12851215656510312,-81.89996999999994,-8.189996999999993,-4.219209763722198,31.82452135998352,-0.03920938001724745,29.52249463611732,11
GAS,BAD,EPSILON_GREEDY,Epsilon-Greedy — Battle strategy,41,42,train,0.12208654873684796,-338.154510000001,-33.815451000000095,-4.485253551814128,29.29850206184358,-0.0795029596215332,72.43998045153742,49
GAS,BAD,EPSILON_GREEDY,Epsilon-Greedy — Battle strategy,41,42,test,0.12208654873684796,-81.89996999999994,-8.189996999999993,-4.219209763722198,31.82452135998352,-0.03920938001724745,29.52249463611732,11
GAS,BAD,EPSILON_GREEDY,Epsilon-Greedy — Battle strategy,41,43,train,0.11598222130000556,-336.7956300000011,-33.679563000000115,-4.463468738941945,29.25395122141356,-0.07927414285669977,72.60410697695811,48
GAS,BAD,EPSILON_GREEDY,Epsilon-Greedy — Battle strategy,41,43,test,0.11598222130000556,-81.89996999999994,-8.189996999999993,-4.219209763722198,31.82452135998352,-0.03920938001724745,29.52249463611732,11
GAS,BAD,EPSILON_GREEDY,Epsilon-Greedy — Battle strategy,41,44,train,0.11018311023500528,-336.7956300000011,-33.679563000000115,-4.463468738941945,29.25395122141356,-0.07927414285669977,72.60410697695811,48
GAS,BAD,EPSILON_GREEDY,Epsilon-Greedy — Battle strategy,41,44,test,0.11018311023500528,-81.89996999999994,-8.189996999999993,-4.219209763722198,31.82452135998352,-0.03920938001724745,29.52249463611732,11
GAS,BAD,EPSILON_GREEDY,Epsilon-Greedy — Battle strategy,41,45,train,0.10467395472325501,-392.0660400000007,-39.20660400000007,-5.383343834443033,28.462615500167377,-0.12380860446249448,74.28756088141873,47
GAS,BAD,EPSILON_GREEDY,Epsilon-Greedy — Battle strategy,41,45,test,0.10467395472325501,-81.89996999999994,-8.189996999999993,-4.219209763722198,31.82452135998352,-0.03920938001724745,29.52249463611732,11
GAS,BAD,EPSILON_GREEDY,Epsilon-Greedy — Battle strategy,42,1,train,1.0,198.3982500000011,19.83982500000011,2.03271540739256,16.12981542040312,0.08232005354029248,47.38669550677118,9
GAS,BAD,EPSILON_GREEDY,Epsilon-Greedy — Battle strategy,42,1,test,1.0,-6.416560000000231,-0.6416560000000232,-0.3242246261201953,19.50538244046601,-0.02161195759496402,21.5340528329011,3
GAS,BAD,EPSILON_GREEDY,Epsilon-Greedy — Battle strategy,42,2,train,0.95,204.38588000000254,20.438588000000255,2.089272324499225,16.287625867250238,0.0865419272876804,47.320062209971326,10
GAS,BAD,EPSILON_GREEDY,Epsilon-Greedy — Battle strategy,42,2,test,0.95,35.05265000000054,3.505265000000054,1.753272719165544,20.05411393399193,0.08754451762513914,20.949427907728722,2
GAS,BAD,EPSILON_GREEDY,Epsilon-Greedy — Battle strategy,42,3,train,0.9025,201.37944000000152,20.137944000000154,2.060905931311785,16.264630391341335,0.08468847082102968,47.13526493792949,10
GAS,BAD,EPSILON_GREEDY,Epsilon-Greedy — Battle strategy,42,3,test,0.9025,-0.6189299999996365,-0.06189299999996365,-0.03122912412064638,20.19178322297471,0.0004338005300255476,22.359514280420353,2
GAS,BAD,EPSILON_GREEDY,Epsilon-Greedy — Battle strategy,42,4,train,0.8573749999999999,222.93333000000212,22.293333000000214,2.2628923266508005,16.40971476136088,0.09756961433101487,47.83874803389122,10
GAS,BAD,EPSILON_GREEDY,Epsilon-Greedy — Battle strategy,42,4,test,0.8573749999999999,-27.158080000000155,-2.7158080000000155,-1.3794408634238642,20.346976372923884,-0.06485824144209017,24.66419733394571,3
GAS,BAD,EPSILON_GREEDY,Epsilon-Greedy — Battle strategy,42,5,train,0.8145062499999999,235.7495200000003,23.574952000000028,2.3815006074008993,16.205539873373723,0.10397440653455561,47.27211442283178,10
GAS,BAD,EPSILON_GREEDY,Epsilon-Greedy — Battle strategy,42,5,test,0.8145062499999999,-15.78269999999975,-1.578269999999975,-0.7993579342663093,20.223259964435954,-0.03740555784593353,24.00587307008545,3
GAS,BAD,EPSILON_GREEDY,Epsilon-Greedy — Battle strategy,42,6,train,0.7737809374999998,259.4630899999993,25.94630899999993,2.598105270677342,16.131885332552613,0.11690818378974975,46.27288607983633,9
GAS,BAD,EPSILON_GREEDY,Epsilon-Greedy — Battle strategy,42,6,test,0.7737809374999998,-12.461239999999862,-1.2461239999999862,-0.6306088147211897,20.11224862174152,-0.03027252961745826,20.23379648405595,3
GAS,BAD,EPSILON_GREEDY,Epsilon-Greedy — Battle strategy,42,7,train,0.7350918906249998,301.1719500000004,30.117195000000034,2.9704370281911308,16.278269286973828,0.1397460562569144,46.349218087336936,8
GAS,BAD,EPSILON_GREEDY,Epsilon-Greedy — Battle strategy,42,7,test,0.7350918906249998,-20.365709999999126,-2.0365709999999124,-1.0326649842984925,20.455224887983444,-0.04614505643471797,23.646146616518525,4
GAS,BAD,EPSILON_GREEDY,Epsilon-Greedy — Battle strategy,42,8,train,0.6983372960937497,303.4595199999999,30.345951999999986,2.9905496197198733,16.223125991039968,0.14087309157080116,46.24932831096104,9
GAS,BAD,EPSILON_GREEDY,Epsilon-Greedy — Battle strategy,42,8,test,0.6983372960937497,-4.322979999999006,-0.43229799999990065,-0.21832365208689364,20.0356149106993,-0.010434786907793004,22.776446824256,3
GAS,BAD,EPSILON_GREEDY,Epsilon-Greedy — Battle strategy,42,9,train,0.6634204312890623,303.6003599999999,30.36003599999999,2.9917868764968825,16.17263034500534,0.14089698834150896,46.16305711308937,9
GAS,BAD,EPSILON_GREEDY,Epsilon-Greedy — Battle strategy,42,9,test,0.6634204312890623,-1.6283099999993738,-0.1628309999999374,-0.08217960693673865,20.037197981320347,-0.0036064968055089246,22.55593332675175,3
GAS,BAD,EPSILON_GREEDY,Epsilon-Greedy — Battle strategy,42,10,train,0.6302494097246091,290.54754,29.054754000000006,2.8766119951362246,16.195248810267028,0.13396590801467212,46.22140245999708,9
GAS,BAD,EPSILON_GREEDY,Epsilon-Greedy — Battle strategy,42,10,test,0.6302494097246091,124.07032000000027,12.407032000000026,6.077860018268888,20.53252919954846,0.2936290171177753,19.990243680970394,3
GAS,BAD,EPSILON_GREEDY,Epsilon-Greedy — Battle strategy,42,11,train,0.5987369392383787,305.4895600000011,30.54895600000011,3.008371719715619,16.258056473300005,0.1420458794322056,45.638502839967565,10
GAS,BAD,EPSILON_GREEDY,Epsilon-Greedy — Battle strategy,42,11,test,0.5987369392383787,0.31825000000094406,0.03182500000009441,0.016054095107165267,20.015174739620566,0.0011078380276127709,22.396640072400746,3
GAS,BAD,EPSILON_GREEDY,Epsilon-Greedy — Battle strategy,42,12,train,0.5688000922764597,306.3163300000008,30.63163300000008,3.015623029872394,16.091008747981743,0.14223688825717815,46.08938976119802,9
GAS,BAD,EPSILON_GREEDY,Epsilon-Greedy — Battle strategy,42,12,test,0.5688000922764597,0.6495700000004945,0.06495700000004945,0.03276481661047548,20.2181095721414,0.004036233756044415,23.74226126460095,4
GAS,BAD,EPSILON_GREEDY,Epsilon-Greedy — Battle strategy,42,13,train,0.5403600876626367,292.94551,29.294551000000002,2.897848492767996,16.675314126847756,0.13605843154376332,45.22938022580873,10
GAS,BAD,EPSILON_GREEDY,Epsilon-Greedy — Battle strategy,42,13,test,0.5403600876626367,2.2393200000001343,0.22393200000001343,0.11290861260899732,20.217175195873825,0.007944970753930875,23.25639123828158,4
GAS,BAD,EPSILON_GREEDY,Epsilon-Greedy — Battle strategy,42,14,train,0.5133420832795048,314.6408500000009,31.464085000000093,3.0884080580378948,16.658161415981848,0.1472448540254054,45.38705773044035,11
GAS,BAD,EPSILON_GREEDY,Epsilon-Greedy — Battle strategy,42,14,test,0.5133420832795048,144.17952000000105,14.417952000000106,7.0310195413011645,20.19823783667773,0.33961379902460487,20.041663375788694,3
GAS,BAD,EPSILON_GREEDY,Epsilon-Greedy — Battle strategy,42,15,train,0.48767497911552954,365.43632,36.543632,3.523859773808047,16.589170747969405,0.1727664659286032,44.34641764574337,10
GAS,BAD,EPSILON_GREEDY,Epsilon-Greedy — Battle strategy,42,15,test,0.48767497911552954,139.0185600000009,13.901856000000091,6.7871914136291345,20.232872483593674,0.3280707940127862,20.041663375788694,3
GAS,BAD,EPSILON_GREEDY,Epsilon-Greedy — Battle strategy,42,16,train,0.46329123015975304,364.56720999999993,36.456720999999995,3.516531165972414,16.5657554702942,0.1723636028288294,44.23775698713283,10
GAS,BAD,EPSILON_GREEDY,Epsilon-Greedy — Battle strategy,42,16,test,0.46329123015975304,133.6198100000006,13.361981000000059,6.531542385032285,20.150923387282592,0.31665692716737637,20.041663375788694,3
GAS,BAD,EPSILON_GREEDY,Epsilon-Greedy — Battle strategy,42,17,train,0.44012666865176536,410.33090999999945,41.03309099999994,3.8968998074575323,16.69864940832242,0.19445144113046015,44.3155013167947,9
GAS,BAD,EPSILON_GREEDY,Epsilon-Greedy — Battle strategy,42,17,test,0.44012666865176536,126.71964000000071,12.671964000000072,6.203916148138755,20.278802729818885,0.3006919067506421,20.030442108544342,3
GAS,BAD,EPSILON_GREEDY,Epsilon-Greedy — Battle strategy,42,18,train,0.4181203352191771,380.49396000000024,38.04939600000002,3.6501767967294985,16.689357077107744,0.18013448876875887,44.30968233337079,10
GAS,BAD,EPSILON_GREEDY,Epsilon-Greedy — Battle strategy,42,18,test,0.4181203352191771,92.78017000000023,9.278017000000023,4.577769482816296,20.922228852001748,0.2237684715480915,20.731930768461467,4
GAS,BAD,EPSILON_GREEDY,Epsilon-Greedy — Battle strategy,42,19,train,0.3972143184582182,366.59346000000073,36.65934600000008,3.5336107087323043,16.903566870804536,0.17326792722409923,44.90494496971844,10
GAS,BAD,EPSILON_GREEDY,Epsilon-Greedy — Battle strategy,42,19,test,0.3972143184582182,45.045650000000705,4.5045650000000705,2.247695423823104,20.703912600632158,0.114750298795178,21.09166184330303,4
GAS,BAD,EPSILON_GREEDY,Epsilon-Greedy — Battle strategy,42,20,train,0.37735360253530725,334.1976400000003,33.41976400000003,3.2578033118365157,17.3621257593374,0.15768990810504968,46.81511476639362,10
GAS,BAD,EPSILON_GREEDY,Epsilon-Greedy — Battle strategy,42,20,test,0.37735360253530725,112.06114000000025,11.206114000000026,5.50460157598196,21.4798806099001,0.26473795737008776,20.98827688863886,4
GAS,BAD,EPSILON_GREEDY,Epsilon-Greedy — Battle strategy,42,21,train,0.3584859224085419,254.146090000002,25.414609000000198,2.549855905668519,17.768462117101137,0.11903954377643884,46.78249216369591,11
GAS,BAD,EPSILON_GREEDY,Epsilon-Greedy — Battle strategy,42,21,test,0.3584859224085419,141.1440200000011,14.114402000000108,6.887674349131334,21.84729611283202,0.3235365645843711,20.98827688863886,4
GAS,BAD,EPSILON_GREEDY,Epsilon-Greedy — Battle strategy,42,22,train,0.3405616262881148,267.35524000000146,26.735524000000144,2.6693902029239602,17.947567815138644,0.1261831264355257,45.65017117783027,13
GAS,BAD,EPSILON_GREEDY,Epsilon-Greedy — Battle strategy,42,22,test,0.3405616262881148,141.1440200000011,14.114402000000108,6.887674349131334,21.84729611283202,0.3235365645843711,20.98827688863886,4
GAS,BAD,EPSILON_GREEDY,Epsilon-Greedy — Battle strategy,42,23,train,0.323533544973709,245.8630600000006,24.586306000000057,2.4743277034205313,17.7493892970368,0.11480889693931486,49.81713510829951,12
GAS,BAD,EPSILON_GREEDY,Epsilon-Greedy — Battle strategy,42,23,test,0.323533544973709,142.2423799999999,14.224237999999993,6.939563911570068,21.119211847350094,0.32972204226574126,20.982407377750665,3
GAS,BAD,EPSILON_GREEDY,Epsilon-Greedy — Battle strategy,42,24,train,0.3073568677250236,253.47178000000054,25.347178000000053,2.5437238629633985,17.953294663337726,0.11931863384631745,47.51587384456992,11
GAS,BAD,EPSILON_GREEDY,Epsilon-Greedy — Battle strategy,42,24,test,0.3073568677250236,47.839179999999715,4.7839179999999715,2.3854912070227163,21.15904580658692,0.12317978522358192,22.888480675254364,3
GAS,BAD,EPSILON_GREEDY,Epsilon-Greedy — Battle strategy,42,25,train,0.2919890243387724,233.31296999999904,23.331296999999903,2.3590358324131033,17.98327890651661,0.10934769932049729,47.692041709430235,11
GAS,BAD,EPSILON_GREEDY,Epsilon-Greedy — Battle strategy,42,25,test,0.2919890243387724,24.6899599999997,2.46899599999997,1.238054246632081,21.274405588265328,0.07053132131174762,22.74384821839761,3
GAS,BAD,EPSILON_GREEDY,Epsilon-Greedy — Battle strategy,42,26,train,0.27738957312183377,230.88778000000048,23.088778000000048,2.336636589803409,18.139152866734847,0.10872711635030327,47.33019899417474,11
GAS,BAD,EPSILON_GREEDY,Epsilon-Greedy — Battle strategy,42,26,test,0.27738957312183377,24.6899599999997,2.46899599999997,1.238054246632081,21.274405588265328,0.07053132131174762,22.74384821839761,3
GAS,BAD,EPSILON_GREEDY,Epsilon-Greedy — Battle strategy,42,27,train,0.26352009446574204,231.25478000000066,23.125478000000065,2.3400287476696313,18.130431465680847,0.10887600891764747,47.2612754077628,11
GAS,BAD,EPSILON_GREEDY,Epsilon-Greedy — Battle strategy,42,27,test,0.26352009446574204,4.048069999999484,0.4048069999999484,0.20401625140076263,21.407873340922436,0.02339726106313359,22.91865345707289,4
GAS,BAD,EPSILON_GREEDY,Epsilon-Greedy — Battle strategy,42,28,train,0.2503440897424549,179.765889999999,17.976588999999898,1.8550998757471016,18.57597126369473,0.08488243724147103,49.75899560498943,14
GAS,BAD,EPSILON_GREEDY,Epsilon-Greedy — Battle strategy,42,28,test,0.2503440897424549,-9.56290000000024,-0.9562900000000241,-0.48358624099698044,22.230333137495016,-0.00039965756532388404,23.368796505822978,5
GAS,BAD,EPSILON_GREEDY,Epsilon-Greedy — Battle strategy,42,29,train,0.23782688525533216,235.32230999999888,23.532230999999886,2.3775646169749587,18.694905358698232,0.11307356621848885,48.86717956545563,13
GAS,BAD,EPSILON_GREEDY,Epsilon-Greedy — Battle strategy,42,29,test,0.23782688525533216,-9.56290000000024,-0.9562900000000241,-0.48358624099698044,22.230333137495016,-0.00039965756532388404,23.368796505822978,5
GAS,BAD,EPSILON_GREEDY,Epsilon-Greedy — Battle strategy,42,30,train,0.22593554099256555,275.3274400000007,27.53274400000007,2.7409987202646535,18.258326336062513,0.13097755117897897,47.280190133445146,11
GAS,BAD,EPSILON_GREEDY,Epsilon-Greedy — Battle strategy,42,30,test,0.22593554099256555,154.35647999999992,15.43564799999999,7.510235584031122,22.020717944514303,0.349380633383897,21.261255575803112,4
GAS,BAD,EPSILON_GREEDY,Epsilon-Greedy — Battle strategy,42,31,train,0.21463876394293727,248.62558000000035,24.862558000000035,2.499567013528181,18.037691443023977,0.11722107655643274,49.823691076472045,12
GAS,BAD,EPSILON_GREEDY,Epsilon-Greedy — Battle strategy,42,31,test,0.21463876394293727,166.23778999999968,16.623778999999967,8.067065589781297,22.864724835368484,0.3673366600926842,22.525107126000705,5
GAS,BAD,EPSILON_GREEDY,Epsilon-Greedy — Battle strategy,42,32,train,0.2039068257457904,264.16046000000074,26.416046000000076,2.6405813840465253,18.06980763232724,0.12500552776097293,49.83522938816507,12
GAS,BAD,EPSILON_GREEDY,Epsilon-Greedy — Battle strategy,42,32,test,0.2039068257457904,168.1047499999995,16.810474999999954,8.15430661796479,22.997176770357814,0.3700815049420559,22.977431169904456,6
GAS,BAD,EPSILON_GREEDY,Epsilon-Greedy — Battle strategy,42,33,train,0.19371148445850087,283.5054800000005,28.350548000000046,2.814043931187693,17.915577589927338,0.13404876439407418,48.74767960827804,11
GAS,BAD,EPSILON_GREEDY,Epsilon-Greedy — Battle strategy,42,33,test,0.19371148445850087,167.0970199999997,16.70970199999997,8.10722507040329,22.69346242282851,0.37019415875006156,22.977431169904456,6
GAS,BAD,EPSILON_GREEDY,Epsilon-Greedy — Battle strategy,42,34,train,0.18402591023557582,261.23278000000005,26.123278000000006,2.6141242524406527,17.84735395598311,0.12288662898341512,48.35280137637456,12
GAS,BAD,EPSILON_GREEDY,Epsilon-Greedy — Battle strategy,42,34,test,0.18402591023557582,167.78764999999976,16.778764999999975,8.139493750394156,23.136543129637175,0.3686430810897487,22.977431169904456,6
GAS,BAD,EPSILON_GREEDY,Epsilon-Greedy — Battle strategy,42,35,train,0.174824614723797,227.62898999999993,22.76289899999999,2.3064763052114134,18.68071671544435,0.1093093385793444,49.54629697824592,13
GAS,BAD,EPSILON_GREEDY,Epsilon-Greedy — Battle strategy,42,35,test,0.174824614723797,152.34771999999975,15.234771999999975,7.415812769974517,22.748307635226915,0.34154946976259815,22.977431169904456,6
GAS,BAD,EPSILON_GREEDY,Epsilon-Greedy — Battle strategy,42,36,train,0.16608338398760716,215.49590000000035,21.549590000000034,2.1935545797036493,18.510441288679623,0.10258306590040125,49.30214338664267,13
GAS,BAD,EPSILON_GREEDY,Epsilon-Greedy — Battle strategy,42,36,test,0.16608338398760716,27.031159999999545,2.7031159999999543,1.3546803732231272,22.57208813289569,0.08426877363751477,22.889956324859238,6
GAS,BAD,EPSILON_GREEDY,Epsilon-Greedy — Battle strategy,42,37,train,0.1577792147882268,167.04894999999829,16.704894999999826,1.7324367484126357,19.05567587454283,0.08118002044258026,47.713295760669276,14
GAS,BAD,EPSILON_GREEDY,Epsilon-Greedy — Battle strategy,42,37,test,0.1577792147882268,182.38891999999987,18.238891999999986,8.819516834169928,23.066412332712257,0.3964194601117936,23.311662151531685,5
GAS,BAD,EPSILON_GREEDY,Epsilon-Greedy — Battle strategy,42,38,train,0.14989025404881545,62.41601999999898,6.241601999999898,0.6754604384139329,19.635323432040412,0.030915219353629002,50.741522010725795,17
GAS,BAD,EPSILON_GREEDY,Epsilon-Greedy — Battle strategy,42,38,test,0.14989025404881545,148.53570999999965,14.853570999999965,7.236402729272684,23.539314361845936,0.330608556775617,23.359326961637965,4
GAS,BAD,EPSILON_GREEDY,Epsilon-Greedy — Battle strategy,42,39,train,0.14239574134637467,147.59288999999785,14.759288999999784,1.5424515434947494,18.954664117320224,0.0706247205773558,47.405610787256556,14
GAS,BAD,EPSILON_GREEDY,Epsilon-Greedy — Battle strategy,42,39,test,0.14239574134637467,70.53643000000011,7.053643000000011,3.498392569457809,23.71572211462174,0.17970149737291982,22.66978294333565,5
GAS,BAD,EPSILON_GREEDY,Epsilon-Greedy — Battle strategy,42,40,train,0.13527595427905592,51.643609999998944,5.164360999999895,0.561445479319489,19.72123451347206,0.02587306258150435,50.87843702961775,17
GAS,BAD,EPSILON_GREEDY,Epsilon-Greedy — Battle strategy,42,40,test,0.13527595427905592,70.53643000000011,7.053643000000011,3.498392569457809,23.71572211462174,0.17970149737291982,22.66978294333565,5
GAS,BAD,EPSILON_GREEDY,Epsilon-Greedy — Battle strategy,42,41,train,0.12851215656510312,76.03697999999872,7.603697999999873,0.818162407234535,19.287977654794027,0.035390499575816095,49.62285856564066,18
GAS,BAD,EPSILON_GREEDY,Epsilon-Greedy — Battle strategy,42,41,test,0.12851215656510312,77.61886999999979,7.761886999999978,3.843263527331753,23.796883691009665,0.19395103135167352,22.9025617443189,5
GAS,BAD,EPSILON_GREEDY,Epsilon-Greedy — Battle strategy,42,42,train,0.12208654873684796,40.62925999999902,4.062925999999902,0.44379146907602696,19.32242144714221,0.016262529846832057,52.348160094420614,18
GAS,BAD,EPSILON_GREEDY,Epsilon-Greedy — Battle strategy,42,42,test,0.12208654873684796,93.50071999999932,9.350071999999932,4.612551232056772,23.78199434256375,0.2251849735610731,22.9025617443189,5
GAS,BAD,EPSILON_GREEDY,Epsilon-Greedy — Battle strategy,42,43,train,0.11598222130000556,32.90822999999864,3.2908229999998637,0.3606546305170655,19.38519647466873,0.012508551811955117,52.8053704043815,16
GAS,BAD,EPSILON_GREEDY,Epsilon-Greedy — Battle strategy,42,43,test,0.11598222130000556,99.44954999999982,9.944954999999982,4.8992750494674775,24.352095539214645,0.2368152359229295,22.461196768684626,5
GAS,BAD,EPSILON_GREEDY,Epsilon-Greedy — Battle strategy,42,44,train,0.11018311023500528,17.174029999997174,1.7174029999997171,0.1895114189769176,19.267816377986204,0.0024623372721700736,52.3102886530525,16
GAS,BAD,EPSILON_GREEDY,Epsilon-Greedy — Battle strategy,42,44,test,0.11018311023500528,99.44954999999982,9.944954999999982,4.8992750494674775,24.352095539214645,0.2368152359229295,22.461196768684626,5
GAS,BAD,EPSILON_GREEDY,Epsilon-Greedy — Battle strategy,42,45,train,0.10467395472325501,-103.67041000000029,-10.367041000000029,-1.209537255986859,19.774777539387035,-0.06428257521139255,52.01772349660556,17
GAS,BAD,EPSILON_GREEDY,Epsilon-Greedy — Battle strategy,42,45,test,0.10467395472325501,198.9301699999994,19.89301699999994,9.584882506898019,23.947230422513837,0.4194331204982329,22.988128609644548,4
GAS,BAD,EPSILON_GREEDY,Epsilon-Greedy — Battle strategy,43,1,train,1.0,178.67454999999768,17.86745499999977,1.8446194126739313,15.48490189887455,0.06728518070978907,42.72139184845191,4
GAS,BAD,EPSILON_GREEDY,Epsilon-Greedy — Battle strategy,43,1,test,1.0,-4.4619399999997995,-0.44619399999998,-0.22534933901937615,22.27609979732734,0.011386699903535715,21.506945229606373,2
GAS,BAD,EPSILON_GREEDY,Epsilon-Greedy — Battle strategy,43,2,train,0.95,179.2892699999975,17.928926999999746,1.8505238122528356,15.580786599248174,0.06826530285634971,41.87858109253732,5
GAS,BAD,EPSILON_GREEDY,Epsilon-Greedy — Battle strategy,43,2,test,0.95,10.516469999999913,1.0516469999999913,0.5291691504724749,22.03941657467984,0.04342003118939944,21.27192012615246,2
GAS,BAD,EPSILON_GREEDY,Epsilon-Greedy — Battle strategy,43,3,train,0.9025,117.76956999999811,11.776956999999811,1.245599336338632,15.492938678852425,0.0290465057766512,44.24926927213899,7
GAS,BAD,EPSILON_GREEDY,Epsilon-Greedy — Battle strategy,43,3,test,0.9025,12.623809999999708,1.2623809999999707,0.6348778557291102,22.056585751671744,0.04833434178808606,21.180493946586143,2
GAS,BAD,EPSILON_GREEDY,Epsilon-Greedy — Battle strategy,43,4,train,0.8573749999999999,210.739629999998,21.0739629999998,2.1490148279525556,15.637276862341123,0.0874207162732862,41.26758463546694,4
GAS,BAD,EPSILON_GREEDY,Epsilon-Greedy — Battle strategy,43,4,test,0.8573749999999999,-3.5600800000000845,-0.35600800000000843,-0.17976079832636715,22.30815371184919,0.013741211506965929,21.480366266952412,2
GAS,BAD,EPSILON_GREEDY,Epsilon-Greedy — Battle strategy,43,5,train,0.8145062499999999,213.486109999998,21.3486109999998,2.1747529766377616,15.702453816981453,0.08934245338316732,41.674332578746345,5
GAS,BAD,EPSILON_GREEDY,Epsilon-Greedy — Battle strategy,43,5,test,0.8145062499999999,9.495980000000031,0.949598000000003,0.47793992255338313,22.29906694731781,0.04320054765908358,20.448024033221564,2
GAS,BAD,EPSILON_GREEDY,Epsilon-Greedy — Battle strategy,43,6,train,0.7737809374999998,256.44889999999896,25.644889999999897,2.5707751389890454,15.61958800384344,0.11396419565583556,40.42769916689404,6
GAS,BAD,EPSILON_GREEDY,Epsilon-Greedy — Battle strategy,43,6,test,0.7737809374999998,-3.6290900000000192,-0.3629090000000019,-0.18324849434828705,22.243905983974766,0.012980915732623503,21.4306442915475,2
GAS,BAD,EPSILON_GREEDY,Epsilon-Greedy — Battle strategy,43,7,train,0.7350918906249998,247.7586999999985,24.77586999999985,2.4916522549764286,15.602279164236146,0.10890833695435893,40.178475404780016,6
GAS,BAD,EPSILON_GREEDY,Epsilon-Greedy — Battle strategy,43,7,test,0.7350918906249998,-0.7806200000001127,-0.07806200000001126,-0.03938903588265319,22.225524256248928,0.019307189882602944,21.335204873368514,2
GAS,BAD,EPSILON_GREEDY,Epsilon-Greedy — Battle strategy,43,8,train,0.6983372960937497,253.49444999999696,25.349444999999697,2.543930067114575,15.458814029113267,0.11175932159917733,40.26306524150145,6
GAS,BAD,EPSILON_GREEDY,Epsilon-Greedy — Battle strategy,43,8,test,0.6983372960937497,-8.625199999999836,-0.8625199999999836,-0.436065680094877,22.248934344611378,0.001615359697086022,21.41379739107512,2
GAS,BAD,EPSILON_GREEDY,Epsilon-Greedy — Battle strategy,43,9,train,0.6634204312890623,332.84761999999614,33.28476199999961,3.2461809835248046,15.356228388358431,0.15623228213057327,38.92037745828848,5
GAS,BAD,EPSILON_GREEDY,Epsilon-Greedy — Battle strategy,43,9,test,0.6634204312890623,1.209779999999796,0.12097799999997962,0.061013782129393235,22.081505495282496,0.022583244479659117,20.576478573398774,2
GAS,BAD,EPSILON_GREEDY,Epsilon-Greedy — Battle strategy,43,10,train,0.6302494097246091,259.0567399999977,25.905673999999774,2.594424224300651,15.5785170055619,0.11533629545508617,38.92730353935351,6
GAS,BAD,EPSILON_GREEDY,Epsilon-Greedy — Battle strategy,43,10,test,0.6302494097246091,37.4691600000001,3.74691600000001,1.8730502100461344,21.193564674750444,0.09933682657276477,17.69030958400954,2
GAS,BAD,EPSILON_GREEDY,Epsilon-Greedy — Battle strategy,43,11,train,0.5987369392383787,415.8198499999967,41.58198499999967,3.941782089194401,15.433169861324444,0.20010306884097284,38.118842317604994,4
GAS,BAD,EPSILON_GREEDY,Epsilon-Greedy — Battle strategy,43,11,test,0.5987369392383787,38.168429999999944,3.816842999999994,1.90768464957487,21.109202770627025,0.10049467878261766,17.653268465130587,2
GAS,BAD,EPSILON_GREEDY,Epsilon-Greedy — Battle strategy,43,12,train,0.5688000922764597,357.6677599999957,35.766775999999574,3.458205195960473,15.160078239459333,0.16998923772735824,37.609915615967346,4
GAS,BAD,EPSILON_GREEDY,Epsilon-Greedy — Battle strategy,43,12,test,0.5688000922764597,34.649769999999535,3.464976999999953,1.7332899717361183,21.016487954609104,0.09184414827598553,17.685893530101794,2
GAS,BAD,EPSILON_GREEDY,Epsilon-Greedy — Battle strategy,43,13,train,0.5403600876626367,310.5894199999959,31.058941999999597,3.0530359093843717,15.025963368234041,0.14383118716145457,37.44242347197054,4
GAS,BAD,EPSILON_GREEDY,Epsilon-Greedy — Battle strategy,43,13,test,0.5403600876626367,28.117529999999988,2.8117529999999986,1.4087527973804193,20.715654887428247,0.07469973511557194,17.844141272659925,2
GAS,BAD,EPSILON_GREEDY,Epsilon-Greedy — Battle strategy,43,14,train,0.5133420832795048,334.2035799999992,33.420357999999915,3.257854426222706,15.045582934997572,0.15716563612488438,38.73237387427116,6
GAS,BAD,EPSILON_GREEDY,Epsilon-Greedy — Battle strategy,43,14,test,0.5133420832795048,24.20257999999967,2.420257999999967,1.21375896947864,21.09720696821051,0.06796087867136515,20.080605958462737,2
GAS,BAD,EPSILON_GREEDY,Epsilon-Greedy — Battle strategy,43,15,train,0.48767497911552954,349.50855999999726,34.950855999999725,3.3888886985826483,14.956363317712206,0.16571853948775633,38.085610099547736,4
GAS,BAD,EPSILON_GREEDY,Epsilon-Greedy — Battle strategy,43,15,test,0.48767497911552954,18.16674999999975,1.8166749999999752,0.9124043503620172,21.253809006600154,0.05495021182287673,20.124025084199573,2
GAS,BAD,EPSILON_GREEDY,Epsilon-Greedy — Battle strategy,43,16,train,0.46329123015975304,354.25873999999817,35.425873999999816,3.4292890139023147,14.995432773139871,0.16831103825629393,37.14452509329377,3
GAS,BAD,EPSILON_GREEDY,Epsilon-Greedy — Battle strategy,43,16,test,0.46329123015975304,27.355389999999716,2.7355389999999717,1.3708213970398564,21.08005975258204,0.07521298061846499,18.556114067701458,2
GAS,BAD,EPSILON_GREEDY,Epsilon-Greedy — Battle strategy,43,17,train,0.44012666865176536,374.0024099999994,37.40024099999994,3.5958707606627005,15.174047155305074,0.17880369201555923,36.616350126039436,3
GAS,BAD,EPSILON_GREEDY,Epsilon-Greedy — Battle strategy,43,17,test,0.44012666865176536,29.58444999999938,2.9584449999999376,1.4817216177189563,21.335128076989758,0.08198568094133987,20.031342025944383,2
GAS,BAD,EPSILON_GREEDY,Epsilon-Greedy — Battle strategy,43,18,train,0.4181203352191771,429.80471999999736,42.980471999999736,4.055439214844148,15.435311815123054,0.20729332420986,38.00127322254332,4
GAS,BAD,EPSILON_GREEDY,Epsilon-Greedy — Battle strategy,43,18,test,0.4181203352191771,20.24163999999962,2.024163999999962,1.0160982660107232,21.749444405592943,0.06337486484768674,19.12393186697256,2
GAS,BAD,EPSILON_GREEDY,Epsilon-Greedy — Battle strategy,43,19,train,0.3972143184582182,731.3771399999989,73.13771399999989,6.293352948993336,15.349322926873734,0.34738033991259076,33.23931363725338,4
GAS,BAD,EPSILON_GREEDY,Epsilon-Greedy — Battle strategy,43,19,test,0.3972143184582182,22.498649999999657,2.2498649999999656,1.1287751557145675,21.690761941912832,0.06811725692265139,19.10950375531708,2
GAS,BAD,EPSILON_GREEDY,Epsilon-Greedy — Battle strategy,43,20,train,0.37735360253530725,870.6550199999972,87.06550199999971,7.211709840585234,15.333142078066581,0.40418840662471917,34.12509022159866,3
GAS,BAD,EPSILON_GREEDY,Epsilon-Greedy — Battle strategy,43,20,test,0.37735360253530725,20.729709999999727,2.072970999999973,1.040474682009651,21.247999281077252,0.06083167727848539,18.893396212222527,2
GAS,BAD,EPSILON_GREEDY,Epsilon-Greedy — Battle strategy,43,21,train,0.3584859224085419,745.7888799999994,74.57888799999995,6.391366153011946,15.368563592863872,0.3531992100319483,35.91665233059674,4
GAS,BAD,EPSILON_GREEDY,Epsilon-Greedy — Battle strategy,43,21,test,0.3584859224085419,21.600579999999923,2.1600579999999923,1.0839555132703405,21.234285641385632,0.06276687242021799,18.88028760881243,2
GAS,BAD,EPSILON_GREEDY,Epsilon-Greedy — Battle strategy,43,22,train,0.3405616262881148,773.8068599999972,77.38068599999973,6.579873772163913,15.575357419778884,0.3619975130626111,33.75113961332449,4
GAS,BAD,EPSILON_GREEDY,Epsilon-Greedy — Battle strategy,43,22,test,0.3405616262881148,37.439209999999775,3.743920999999978,1.8715665455459218,21.44655771901655,0.10063279670149111,18.992718672702033,2
GAS,BAD,EPSILON_GREEDY,Epsilon-Greedy — Battle strategy,43,23,train,0.323533544973709,796.0949199999982,79.60949199999982,6.727949272286526,15.43326444291215,0.3730077879449189,33.9742021709157,4
GAS,BAD,EPSILON_GREEDY,Epsilon-Greedy — Battle strategy,43,23,test,0.323533544973709,30.600589999999784,3.0600589999999785,1.5322371464526308,21.473312597171983,0.08518576868442747,19.220645291254797,2
GAS,BAD,EPSILON_GREEDY,Epsilon-Greedy — Battle strategy,43,24,train,0.3073568677250236,770.9664499999978,77.09664499999978,6.560884250973187,15.519105932385829,0.36163512987547947,35.56393728954896,4
GAS,BAD,EPSILON_GREEDY,Epsilon-Greedy — Battle strategy,43,24,test,0.3073568677250236,31.201279999999542,3.1201279999999545,1.5620877370722708,21.96850896708174,0.08959740721082363,19.173406854037804,2
GAS,BAD,EPSILON_GREEDY,Epsilon-Greedy — Battle strategy,43,25,train,0.2919890243387724,779.0454199999972,77.90454199999972,6.614825313721107,15.329177180156023,0.36750112397883267,34.14850802801504,4
GAS,BAD,EPSILON_GREEDY,Epsilon-Greedy — Battle strategy,43,25,test,0.2919890243387724,31.25745999999981,3.125745999999981,1.5648790961527936,21.560082926747768,0.08719463175058423,19.168988842413064,2
GAS,BAD,EPSILON_GREEDY,Epsilon-Greedy — Battle strategy,43,26,train,0.27738957312183377,765.350649999998,76.5350649999998,6.5232600940029695,15.411167087588426,0.3607535687485389,34.90183515101626,4
GAS,BAD,EPSILON_GREEDY,Epsilon-Greedy — Battle strategy,43,26,test,0.27738957312183377,26.512790000000223,2.6512790000000224,1.3288693022965647,21.471923858462695,0.07571833654999621,19.040766048112467,2
GAS,BAD,EPSILON_GREEDY,Epsilon-Greedy — Battle strategy,43,27,train,0.26352009446574204,794.9607799999969,79.4960779999997,6.720453915654256,15.347738888578819,0.3737812475513103,35.78666736217453,4
GAS,BAD,EPSILON_GREEDY,Epsilon-Greedy — Battle strategy,43,27,test,0.26352009446574204,20.766980000000444,2.0766980000000443,1.0423358764411361,21.43911613969841,0.06226276471980606,18.37456762458009,2
GAS,BAD,EPSILON_GREEDY,Epsilon-Greedy — Battle strategy,43,28,train,0.2503440897424549,865.122379999998,86.5122379999998,7.176407191478473,15.428682952996759,0.40049934653609975,35.886558975196756,4
GAS,BAD,EPSILON_GREEDY,Epsilon-Greedy — Battle strategy,43,28,test,0.2503440897424549,21.18147000000033,2.118147000000033,1.0630324664044455,21.385857191491098,0.06284605329514352,18.359359787590172,2
GAS,BAD,EPSILON_GREEDY,Epsilon-Greedy — Battle strategy,43,29,train,0.23782688525533216,801.206439999999,80.1206439999999,6.761678404031235,15.146883907365138,0.3792608748632199,34.48230735870648,3
GAS,BAD,EPSILON_GREEDY,Epsilon-Greedy — Battle strategy,43,29,test,0.23782688525533216,40.04192999999964,4.0041929999999635,2.0004210913280307,21.1040804492957,0.10470515441581141,18.829469126076106,2
GAS,BAD,EPSILON_GREEDY,Epsilon-Greedy — Battle strategy,43,30,train,0.22593554099256555,737.4863599999978,73.74863599999978,6.334989524430412,15.361820605314879,0.349770955667627,34.6569975819348,4
GAS,BAD,EPSILON_GREEDY,Epsilon-Greedy — Battle strategy,43,30,test,0.22593554099256555,20.87360000000001,2.0873600000000008,1.047660094852354,21.80581053870608,0.06515221920707256,19.126954446716365,2
GAS,BAD,EPSILON_GREEDY,Epsilon-Greedy — Battle strategy,43,31,train,0.21463876394293727,724.9516599999972,72.49516599999973,6.249419812189205,15.447528321995636,0.3434149878752385,36.076413451741296,3
GAS,BAD,EPSILON_GREEDY,Epsilon-Greedy — Battle strategy,43,31,test,0.21463876394293727,10.237800000000334,1.0237800000000334,0.5151822898074476,21.80040591565251,0.04079668608797283,19.294604250884053,2
GAS,BAD,EPSILON_GREEDY,Epsilon-Greedy — Battle strategy,43,32,train,0.2039068257457904,776.1405399999983,77.61405399999984,6.595455343086409,15.32727876860732,0.3662596687264831,33.651464829386065,2
GAS,BAD,EPSILON_GREEDY,Epsilon-Greedy — Battle strategy,43,32,test,0.2039068257457904,16.136560000000145,1.6136560000000144,0.810842946561019,21.371600624132217,0.051065024243846874,19.554606450153127,2
GAS,BAD,EPSILON_GREEDY,Epsilon-Greedy — Battle strategy,43,33,train,0.19371148445850087,895.2603899999986,89.52603899999986,7.367596205583249,15.185393023632754,0.4162240733409417,31.690120007390497,2
GAS,BAD,EPSILON_GREEDY,Epsilon-Greedy — Battle strategy,43,33,test,0.19371148445850087,56.44269999999983,5.644269999999983,2.808735252167427,21.295907065622956,0.14293337509440981,18.243956295870618,2
GAS,BAD,EPSILON_GREEDY,Epsilon-Greedy — Battle strategy,43,34,train,0.18402591023557582,800.2111599999985,80.02111599999985,6.75511757531273,15.226381378567428,0.3776132603060245,33.326922836369945,2
GAS,BAD,EPSILON_GREEDY,Epsilon-Greedy — Battle strategy,43,34,test,0.18402591023557582,57.560729999999694,5.75607299999997,2.8636103565184756,21.288361067355023,0.14542089379058537,18.21961307450828,2
GAS,BAD,EPSILON_GREEDY,Epsilon-Greedy — Battle strategy,43,35,train,0.174824614723797,981.2578499999972,98.12578499999972,7.898657898171368,15.368689294399665,0.44544026116142804,32.43412422079866,2
GAS,BAD,EPSILON_GREEDY,Epsilon-Greedy — Battle strategy,43,35,test,0.174824614723797,48.14221999999995,4.814221999999995,2.400428238149166,20.806664820835753,0.12221415863008211,18.333614278423983,2
GAS,BAD,EPSILON_GREEDY,Epsilon-Greedy — Battle strategy,43,36,train,0.16608338398760716,796.5394899999992,79.65394899999993,6.730886219333421,15.312564535277032,0.37485863852494034,34.84622990268993,3
GAS,BAD,EPSILON_GREEDY,Epsilon-Greedy — Battle strategy,43,36,test,0.16608338398760716,48.14221999999995,4.814221999999995,2.400428238149166,20.806664820835753,0.12221415863008211,18.333614278423983,2
GAS,BAD,EPSILON_GREEDY,Epsilon-Greedy — Battle strategy,43,37,train,0.1577792147882268,693.9012699999982,69.39012699999982,6.035046113904841,15.5198206102617,0.32938606279668226,36.26057615456997,3
GAS,BAD,EPSILON_GREEDY,Epsilon-Greedy — Battle strategy,43,37,test,0.1577792147882268,46.417070000000194,4.641707000000019,2.3153659058612552,20.75523203755688,0.11798098404761453,18.410174326983167,2
GAS,BAD,EPSILON_GREEDY,Epsilon-Greedy — Battle strategy,43,38,train,0.14989025404881545,829.1490299999991,82.91490299999992,6.944571811856259,15.28090019019675,0.38853885835406743,34.44692401225003,2
GAS,BAD,EPSILON_GREEDY,Epsilon-Greedy — Battle strategy,43,38,test,0.14989025404881545,36.48311999999987,3.648311999999987,1.8241925563517114,20.961947064727706,0.09582523986216744,18.90643983663072,2
GAS,BAD,EPSILON_GREEDY,Epsilon-Greedy — Battle strategy,43,39,train,0.14239574134637467,1096.3855199999944,109.63855199999944,8.578411061521996,15.22973136072682,0.48981904663539555,31.604708848143343,2
GAS,BAD,EPSILON_GREEDY,Epsilon-Greedy — Battle strategy,43,39,test,0.14239574134637467,58.11860999999976,5.811860999999976,2.890981450076513,20.972989091864253,0.14572104638049319,18.022659779289814,2
GAS,BAD,EPSILON_GREEDY,Epsilon-Greedy — Battle strategy,43,40,train,0.13527595427905592,890.2578799999965,89.02578799999965,7.336049272996514,15.600651740495197,0.4073633268881311,33.51513609629207,2
GAS,BAD,EPSILON_GREEDY,Epsilon-Greedy — Battle strategy,43,40,test,0.13527595427905592,36.4691899999998,3.6469189999999796,1.823502168783886,20.775628341269726,0.09473927004168768,18.859030487930312,1
GAS,BAD,EPSILON_GREEDY,Epsilon-Greedy — Battle strategy,43,41,train,0.12851215656510312,1164.166939999995,116.4166939999995,8.963249307175136,15.389694018760105,0.5094813276165339,31.551368834386828,2
GAS,BAD,EPSILON_GREEDY,Epsilon-Greedy — Battle strategy,43,41,test,0.12851215656510312,36.621290000000045,3.662129000000004,1.8310401789161324,20.174257444570884,0.09170038735761743,18.75761400535971,0
GAS,BAD,EPSILON_GREEDY,Epsilon-Greedy — Battle strategy,43,42,train,0.12208654873684796,1179.2982699999939,117.92982699999939,9.047694637110348,15.159453375429871,0.5201023112570154,32.31903059577341,1
GAS,BAD,EPSILON_GREEDY,Epsilon-Greedy — Battle strategy,43,42,test,0.12208654873684796,60.09019999999987,6.009019999999986,2.987655713844939,20.056007537508375,0.14753873812671678,17.467884793593228,0
GAS,BAD,EPSILON_GREEDY,Epsilon-Greedy — Battle strategy,43,43,train,0.11598222130000556,1213.4217199999962,121.34217199999962,9.236235137553184,15.204054462651989,0.5304503847353786,31.381793902831355,3
GAS,BAD,EPSILON_GREEDY,Epsilon-Greedy — Battle strategy,43,43,test,0.11598222130000556,51.8439699999999,5.18439699999999,2.5827173770841982,20.40844545470273,0.12913681204618202,17.20342185879148,1
GAS,BAD,EPSILON_GREEDY,Epsilon-Greedy — Battle strategy,43,44,train,0.11018311023500528,1091.0224799999978,109.10224799999979,8.5474915602749,15.16611716002562,0.4893386057010287,31.33510725785431,3
GAS,BAD,EPSILON_GREEDY,Epsilon-Greedy — Battle strategy,43,44,test,0.11018311023500528,55.346970000000056,5.534697000000006,2.754926747346209,20.35416952575371,0.13720084085907502,17.190503865311364,1
GAS,BAD,EPSILON_GREEDY,Epsilon-Greedy — Battle strategy,43,45,train,0.10467395472325501,1092.2371999999946,109.22371999999945,8.554500947124932,15.233336485446836,0.4882488932401368,32.83578623688813,2
GAS,BAD,EPSILON_GREEDY,Epsilon-Greedy — Battle strategy,43,45,test,0.10467395472325501,75.47820000000002,7.547820000000001,3.7391449022799117,20.350718264630064,0.1841697323393356,16.953412757207307,1
GAS,BAD,EPSILON_GREEDY,Epsilon-Greedy — Battle strategy,44,1,train,1.0,929.9755599999967,92.99755599999968,7.584501114702791,28.97308790863927,0.330435856106812,67.61301677338594,38
GAS,BAD,EPSILON_GREEDY,Epsilon-Greedy — Battle strategy,44,1,test,1.0,-57.18923999999993,-5.718923999999992,-2.92722203386514,30.358433003180213,-0.01201097254115534,26.905319674487142,9
GAS,BAD,EPSILON_GREEDY,Epsilon-Greedy — Battle strategy,44,2,train,0.95,976.8530699999972,97.68530699999972,7.871959599087575,28.967520039201133,0.3397215940065758,67.38262536410224,37
GAS,BAD,EPSILON_GREEDY,Epsilon-Greedy — Battle strategy,44,2,test,0.95,-70.20365999999979,-7.02036599999998,-3.6055542182184874,30.543954329861506,-0.03311511422754708,27.935104238703,9
GAS,BAD,EPSILON_GREEDY,Epsilon-Greedy — Battle strategy,44,3,train,0.9025,937.3119399999966,93.73119399999966,7.629895490002414,28.982087785360388,0.33189732973678937,67.31255641590928,39
GAS,BAD,EPSILON_GREEDY,Epsilon-Greedy — Battle strategy,44,3,test,0.9025,-70.20365999999979,-7.02036599999998,-3.6055542182184874,30.543954329861506,-0.03311511422754708,27.935104238703,9
GAS,BAD,EPSILON_GREEDY,Epsilon-Greedy — Battle strategy,44,4,train,0.8573749999999999,972.5843999999981,97.25843999999981,7.846035794846062,29.02895621304078,0.3387830861486492,67.61219858840552,38
GAS,BAD,EPSILON_GREEDY,Epsilon-Greedy — Battle strategy,44,4,test,0.8573749999999999,-70.20365999999979,-7.02036599999998,-3.6055542182184874,30.543954329861506,-0.03311511422754708,27.935104238703,9
GAS,BAD,EPSILON_GREEDY,Epsilon-Greedy — Battle strategy,44,5,train,0.8145062499999999,989.0835099999986,98.90835099999987,7.945961015209813,28.978062909400492,0.34209995575477886,67.61987620996906,37
GAS,BAD,EPSILON_GREEDY,Epsilon-Greedy — Battle strategy,44,5,test,0.8145062499999999,-61.41741999999988,-6.141741999999988,-3.1470897221413274,30.27401223600304,-0.020401549614409018,27.36855426821954,9
GAS,BAD,EPSILON_GREEDY,Epsilon-Greedy — Battle strategy,44,6,train,0.7737809374999998,1003.6625499999984,100.36625499999985,8.03364630505914,28.98121048273299,0.3449262240279028,67.61987620996906,38
GAS,BAD,EPSILON_GREEDY,Epsilon-Greedy — Battle strategy,44,6,test,0.7737809374999998,-49.81347000000028,-4.981347000000028,-2.544844257024792,29.972466794439967,-0.0029055646645729633,25.898901975712846,9
GAS,BAD,EPSILON_GREEDY,Epsilon-Greedy — Battle strategy,44,7,train,0.7350918906249998,1013.4503299999969,101.34503299999969,8.09219706876716,28.895103952807037,0.34698280576040785,67.71885699254268,37
GAS,BAD,EPSILON_GREEDY,Epsilon-Greedy — Battle strategy,44,7,test,0.7350918906249998,-49.81347000000028,-4.981347000000028,-2.544844257024792,29.972466794439967,-0.0029055646645729633,25.898901975712846,9
GAS,BAD,EPSILON_GREEDY,Epsilon-Greedy — Battle strategy,44,8,train,0.6983372960937497,1030.6889799999972,103.06889799999972,8.194706734400281,28.47355341945818,0.351181064955573,65.42929996281053,38
GAS,BAD,EPSILON_GREEDY,Epsilon-Greedy — Battle strategy,44,8,test,0.6983372960937497,-49.81347000000028,-4.981347000000028,-2.544844257024792,29.972466794439967,-0.0029055646645729633,25.898901975712846,9
GAS,BAD,EPSILON_GREEDY,Epsilon-Greedy — Battle strategy,44,9,train,0.6634204312890623,1007.5125499999979,100.7512549999998,8.056707375989758,28.860817411817465,0.3459068374028319,67.54283649306205,39
GAS,BAD,EPSILON_GREEDY,Epsilon-Greedy — Battle strategy,44,9,test,0.6634204312890623,-49.81347000000028,-4.981347000000028,-2.544844257024792,29.972466794439967,-0.0029055646645729633,25.898901975712846,9
GAS,BAD,EPSILON_GREEDY,Epsilon-Greedy — Battle strategy,44,10,train,0.6302494097246091,1090.148299999997,109.01482999999972,8.542444976254671,28.490167035746676,0.36250561708983303,65.3259737240889,37
GAS,BAD,EPSILON_GREEDY,Epsilon-Greedy — Battle strategy,44,10,test,0.6302494097246091,-89.0136600000003,-8.90136600000003,-4.594330562144499,30.1755145833162,-0.07152587137072955,29.023929977262984,9
GAS,BAD,EPSILON_GREEDY,Epsilon-Greedy — Battle strategy,44,11,train,0.5987369392383787,1029.0525299999968,102.90525299999969,8.18500887735878,28.633000351756454,0.3505309839545533,65.40142777398312,39
GAS,BAD,EPSILON_GREEDY,Epsilon-Greedy — Battle strategy,44,11,test,0.5987369392383787,-89.0136600000003,-8.90136600000003,-4.594330562144499,30.1755145833162,-0.07152587137072955,29.023929977262984,9
GAS,BAD,EPSILON_GREEDY,Epsilon-Greedy — Battle strategy,44,12,train,0.5688000922764597,938.5504999999994,93.85504999999993,7.637544089238979,28.876424456145866,0.33227720333065186,67.68038203585127,39
GAS,BAD,EPSILON_GREEDY,Epsilon-Greedy — Battle strategy,44,12,test,0.5688000922764597,-89.0136600000003,-8.90136600000003,-4.594330562144499,30.1755145833162,-0.07152587137072955,29.023929977262984,9
GAS,BAD,EPSILON_GREEDY,Epsilon-Greedy — Battle strategy,44,13,train,0.5403600876626367,937.3322199999993,93.73322199999993,7.63002076204089,28.861320793384905,0.3320617592629674,67.55961414875644,39
GAS,BAD,EPSILON_GREEDY,Epsilon-Greedy — Battle strategy,44,13,test,0.5403600876626367,-89.0136600000003,-8.90136600000003,-4.594330562144499,30.1755145833162,-0.07152587137072955,29.023929977262984,9
GAS,BAD,EPSILON_GREEDY,Epsilon-Greedy — Battle strategy,44,14,train,0.5133420832795048,993.0661899999982,99.30661899999981,7.969971311229074,28.73099144131937,0.3433398783487786,66.29227830113035,39
GAS,BAD,EPSILON_GREEDY,Epsilon-Greedy — Battle strategy,44,14,test,0.5133420832795048,-89.0136600000003,-8.90136600000003,-4.594330562144499,30.1755145833162,-0.07152587137072955,29.023929977262984,9
GAS,BAD,EPSILON_GREEDY,Epsilon-Greedy — Battle strategy,44,15,train,0.48767497911552954,935.4580599999997,93.54580599999997,7.618438920428838,28.81553215108978,0.3317530708760657,67.54601070833078,39
GAS,BAD,EPSILON_GREEDY,Epsilon-Greedy — Battle strategy,44,15,test,0.48767497911552954,-89.0136600000003,-8.90136600000003,-4.594330562144499,30.1755145833162,-0.07152587137072955,29.023929977262984,9
GAS,BAD,EPSILON_GREEDY,Epsilon-Greedy — Battle strategy,44,16,train,0.46329123015975304,981.4293699999987,98.14293699999988,7.899696449470217,28.69468534944487,0.3411114095496126,66.1553301674052,39
GAS,BAD,EPSILON_GREEDY,Epsilon-Greedy — Battle strategy,44,16,test,0.46329123015975304,-90.94697999999994,-9.094697999999994,-4.69652946921596,30.458820932571236,-0.07152072489509026,29.479351428523977,9
GAS,BAD,EPSILON_GREEDY,Epsilon-Greedy — Battle strategy,44,17,train,0.44012666865176536,987.7590799999989,98.77590799999989,7.93796698497915,28.069709268408165,0.34364804688583916,63.01827919980493,35
GAS,BAD,EPSILON_GREEDY,Epsilon-Greedy — Battle strategy,44,17,test,0.44012666865176536,-82.21749000000011,-8.221749000000012,-4.235922531390301,30.636749089168152,-0.05354658707873903,28.88794705581084,9
GAS,BAD,EPSILON_GREEDY,Epsilon-Greedy — Battle strategy,44,18,train,0.4181203352191771,963.1081899999974,96.31081899999974,7.788307714247145,27.955708892498755,0.3388667170206164,63.049705473394354,34
GAS,BAD,EPSILON_GREEDY,Epsilon-Greedy — Battle strategy,44,18,test,0.4181203352191771,-93.93254000000002,-9.393254000000002,-4.854563559733204,30.105628789667804,-0.08142685885279903,29.81491711356348,9
GAS,BAD,EPSILON_GREEDY,Epsilon-Greedy — Battle strategy,44,19,train,0.3972143184582182,965.9143699999984,96.59143699999984,7.805428435833317,28.008711716437706,0.3393383154944668,62.974292968748955,35
GAS,BAD,EPSILON_GREEDY,Epsilon-Greedy — Battle strategy,44,19,test,0.3972143184582182,-89.69165999999996,-8.969165999999994,-4.630158661773187,30.450683549880765,-0.06932867828632404,29.479351428523977,9
GAS,BAD,EPSILON_GREEDY,Epsilon-Greedy — Battle strategy,44,20,train,0.37735360253530725,910.596959999999,91.05969599999989,7.46385286054132,28.636398104392764,0.32695611836927063,66.45749657728646,40
GAS,BAD,EPSILON_GREEDY,Epsilon-Greedy — Battle strategy,44,20,test,0.37735360253530725,-86.00283000000036,-8.600283000000037,-4.435386234214301,30.282700086802073,-0.06465259858039371,28.65651695442243,9
GAS,BAD,EPSILON_GREEDY,Epsilon-Greedy — Battle strategy,44,21,train,0.3584859224085419,982.184129999998,98.2184129999998,7.904265561919788,28.694842908406308,0.3412463457262492,66.22296441202319,39
GAS,BAD,EPSILON_GREEDY,Epsilon-Greedy — Battle strategy,44,21,test,0.3584859224085419,-84.5923600000001,-8.45923600000001,-4.361015542606395,30.39842246989524,-0.060673259224912734,29.07586203535042,9
GAS,BAD,EPSILON_GREEDY,Epsilon-Greedy — Battle strategy,44,22,train,0.3405616262881148,892.929909999998,89.2929909999998,7.352908903835487,28.263759705208557,0.3238337452735115,66.18906621388564,38
GAS,BAD,EPSILON_GREEDY,Epsilon-Greedy — Battle strategy,44,22,test,0.3405616262881148,-84.5923600000001,-8.45923600000001,-4.361015542606395,30.39842246989524,-0.060673259224912734,29.07586203535042,9
GAS,BAD,EPSILON_GREEDY,Epsilon-Greedy — Battle strategy,44,23,train,0.323533544973709,936.1411599999976,93.61411599999975,7.622661462160618,28.466631788797592,0.3324375373782222,66.22604909845118,39
GAS,BAD,EPSILON_GREEDY,Epsilon-Greedy — Battle strategy,44,23,test,0.323533544973709,-84.5923600000001,-8.45923600000001,-4.361015542606395,30.39842246989524,-0.060673259224912734,29.07586203535042,9
GAS,BAD,EPSILON_GREEDY,Epsilon-Greedy — Battle strategy,44,24,train,0.3073568677250236,937.8996299999981,93.78996299999982,7.633525250535245,28.51789075731372,0.3327100343084693,66.10073337028373,38
GAS,BAD,EPSILON_GREEDY,Epsilon-Greedy — Battle strategy,44,24,test,0.3073568677250236,-84.5923600000001,-8.45923600000001,-4.361015542606395,30.39842246989524,-0.060673259224912734,29.07586203535042,9
GAS,BAD,EPSILON_GREEDY,Epsilon-Greedy — Battle strategy,44,25,train,0.2919890243387724,921.5719999999985,92.15719999999985,7.532314643389748,28.697676409785494,0.32910396063758834,66.36287684572389,38
GAS,BAD,EPSILON_GREEDY,Epsilon-Greedy — Battle strategy,44,25,test,0.2919890243387724,-93.99840000000017,-9.399840000000017,-4.858052621316999,30.10124334858174,-0.08160195312514114,29.82012838009701,9
GAS,BAD,EPSILON_GREEDY,Epsilon-Greedy — Battle strategy,44,26,train,0.27738957312183377,930.2025799999981,93.02025799999981,7.585908114935869,28.36876410467642,0.33139014264206346,66.08808314313961,38
GAS,BAD,EPSILON_GREEDY,Epsilon-Greedy — Battle strategy,44,26,test,0.27738957312183377,-84.5923600000001,-8.45923600000001,-4.361015542606395,30.39842246989524,-0.060673259224912734,29.07586203535042,9
GAS,BAD,EPSILON_GREEDY,Epsilon-Greedy — Battle strategy,44,27,train,0.26352009446574204,958.6921499999987,95.86921499999987,7.761321011226041,28.683249958835844,0.3366034810265681,66.71151246635262,38
GAS,BAD,EPSILON_GREEDY,Epsilon-Greedy — Battle strategy,44,27,test,0.26352009446574204,-84.5923600000001,-8.45923600000001,-4.361015542606395,30.39842246989524,-0.060673259224912734,29.07586203535042,9
GAS,BAD,EPSILON_GREEDY,Epsilon-Greedy — Battle strategy,44,28,train,0.2503440897424549,951.411229999999,95.14112299999991,7.716708531749439,28.699121877971994,0.33512316689613514,66.43222167184929,39
GAS,BAD,EPSILON_GREEDY,Epsilon-Greedy — Battle strategy,44,28,test,0.2503440897424549,-84.5923600000001,-8.45923600000001,-4.361015542606395,30.39842246989524,-0.060673259224912734,29.07586203535042,9
GAS,BAD,EPSILON_GREEDY,Epsilon-Greedy — Battle strategy,44,29,train,0.23782688525533216,894.8561899999995,89.48561899999994,7.36504998122236,28.80586912554421,0.32352976486757806,67.96717701001366,38
GAS,BAD,EPSILON_GREEDY,Epsilon-Greedy — Battle strategy,44,29,test,0.23782688525533216,-84.5923600000001,-8.45923600000001,-4.361015542606395,30.39842246989524,-0.060673259224912734,29.07586203535042,9
GAS,BAD,EPSILON_GREEDY,Epsilon-Greedy — Battle strategy,44,30,train,0.22593554099256555,910.0676899999978,91.00676899999978,7.460542472343845,28.56273410145238,0.32695232350168846,66.01470035983145,38
GAS,BAD,EPSILON_GREEDY,Epsilon-Greedy — Battle strategy,44,30,test,0.22593554099256555,-93.99840000000017,-9.399840000000017,-4.858052621316999,30.10124334858174,-0.08160195312514114,29.82012838009701,9
GAS,BAD,EPSILON_GREEDY,Epsilon-Greedy — Battle strategy,44,31,train,0.21463876394293727,870.9414499999996,87.09414499999995,7.213534964358037,28.866454390737537,0.31848783151902144,66.82127586337656,38
GAS,BAD,EPSILON_GREEDY,Epsilon-Greedy — Battle strategy,44,31,test,0.21463876394293727,-93.8896900000002,-9.38896900000002,-4.852293565127863,29.986677268184142,-0.08285084521328635,29.571580682333398,9
GAS,BAD,EPSILON_GREEDY,Epsilon-Greedy — Battle strategy,44,32,train,0.2039068257457904,861.0020199999994,86.10020199999995,7.1500554916909875,28.93744741538714,0.3163666723319875,67.41242162945495,38
GAS,BAD,EPSILON_GREEDY,Epsilon-Greedy — Battle strategy,44,32,test,0.2039068257457904,-93.8896900000002,-9.38896900000002,-4.852293565127863,29.986677268184142,-0.08285084521328635,29.571580682333398,9
GAS,BAD,EPSILON_GREEDY,Epsilon-Greedy — Battle strategy,44,33,train,0.19371148445850087,867.3961499999998,86.73961499999999,7.1909269057623515,29.083179844489514,0.3175699047591213,68.28690853218461,39
GAS,BAD,EPSILON_GREEDY,Epsilon-Greedy — Battle strategy,44,33,test,0.19371148445850087,-93.8896900000002,-9.38896900000002,-4.852293565127863,29.986677268184142,-0.08285084521328635,29.571580682333398,9
GAS,BAD,EPSILON_GREEDY,Epsilon-Greedy — Battle strategy,44,34,train,0.18402591023557582,954.4722899999981,95.44722899999981,7.735482600688104,29.10287613225297,0.3351223130939331,67.53305765591307,39
GAS,BAD,EPSILON_GREEDY,Epsilon-Greedy — Battle strategy,44,34,test,0.18402591023557582,-93.8896900000002,-9.38896900000002,-4.852293565127863,29.986677268184142,-0.08285084521328635,29.571580682333398,9
GAS,BAD,EPSILON_GREEDY,Epsilon-Greedy — Battle strategy,44,35,train,0.174824614723797,995.1037899999981,99.5103789999998,7.982238860560331,29.28268776828486,0.34274062077922096,67.7554185623298,40
GAS,BAD,EPSILON_GREEDY,Epsilon-Greedy — Battle strategy,44,35,test,0.174824614723797,-93.8896900000002,-9.38896900000002,-4.852293565127863,29.986677268184142,-0.08285084521328635,29.571580682333398,9
GAS,BAD,EPSILON_GREEDY,Epsilon-Greedy — Battle strategy,44,36,train,0.16608338398760716,995.593279999998,99.55932799999981,7.985184219043617,29.28936084542075,0.3428352371349886,67.7554185623298,39
GAS,BAD,EPSILON_GREEDY,Epsilon-Greedy — Battle strategy,44,36,test,0.16608338398760716,-93.8896900000002,-9.38896900000002,-4.852293565127863,29.986677268184142,-0.08285084521328635,29.571580682333398,9
GAS,BAD,EPSILON_GREEDY,Epsilon-Greedy — Battle strategy,44,37,train,0.1577792147882268,836.7693199999999,83.676932,6.994018056001194,29.34467492851251,0.31103539540976743,69.08082441904553,39
GAS,BAD,EPSILON_GREEDY,Epsilon-Greedy — Battle strategy,44,37,test,0.1577792147882268,-93.8896900000002,-9.38896900000002,-4.852293565127863,29.986677268184142,-0.08285084521328635,29.571580682333398,9
GAS,BAD,EPSILON_GREEDY,Epsilon-Greedy — Battle strategy,44,38,train,0.14989025404881545,834.7498599999999,83.47498599999999,6.980932044976829,29.33359392394155,0.31061544392657986,68.65678926050002,39
GAS,BAD,EPSILON_GREEDY,Epsilon-Greedy — Battle strategy,44,38,test,0.14989025404881545,-93.8896900000002,-9.38896900000002,-4.852293565127863,29.986677268184142,-0.08285084521328635,29.571580682333398,9
GAS,BAD,EPSILON_GREEDY,Epsilon-Greedy — Battle strategy,44,39,train,0.14239574134637467,936.0168699999997,93.60168699999997,7.621893269525826,29.360284627152378,0.33115812398084565,67.86656737925227,39
GAS,BAD,EPSILON_GREEDY,Epsilon-Greedy — Battle strategy,44,39,test,0.14239574134637467,-93.8896900000002,-9.38896900000002,-4.852293565127863,29.986677268184142,-0.08285084521328635,29.571580682333398,9
GAS,BAD,EPSILON_GREEDY,Epsilon-Greedy — Battle strategy,44,40,train,0.13527595427905592,935.9916299999993,93.59916299999993,7.6217372646371295,29.37015657323648,0.3311334490537726,67.86656737925227,38
GAS,BAD,EPSILON_GREEDY,Epsilon-Greedy — Battle strategy,44,40,test,0.13527595427905592,-93.8896900000002,-9.38896900000002,-4.852293565127863,29.986677268184142,-0.08285084521328635,29.571580682333398,9
GAS,BAD,EPSILON_GREEDY,Epsilon-Greedy — Battle strategy,44,41,train,0.12851215656510312,935.4335699999992,93.54335699999993,7.618287512366639,29.351377336673607,0.331050195555993,67.86656737925227,38
GAS,BAD,EPSILON_GREEDY,Epsilon-Greedy — Battle strategy,44,41,test,0.12851215656510312,-93.8896900000002,-9.38896900000002,-4.852293565127863,29.986677268184142,-0.08285084521328635,29.571580682333398,9
GAS,BAD,EPSILON_GREEDY,Epsilon-Greedy — Battle strategy,44,42,train,0.12208654873684796,955.7598699999996,95.57598699999997,7.743371768660934,29.384708023236172,0.33498312249310064,68.20849164545507,40
GAS,BAD,EPSILON_GREEDY,Epsilon-Greedy — Battle strategy,44,42,test,0.12208654873684796,-94.54034000000024,-9.454034000000023,-4.886767720032747,29.995829554493593,-0.08395676481642114,29.623240294106544,9
GAS,BAD,EPSILON_GREEDY,Epsilon-Greedy — Battle strategy,44,43,train,0.11598222130000556,936.2096799999993,93.62096799999992,7.62308494136148,29.254175476217043,0.3313156848437152,68.04397552569303,40
GAS,BAD,EPSILON_GREEDY,Epsilon-Greedy — Battle strategy,44,43,test,0.11598222130000556,-128.4797600000004,-12.847976000000038,-6.702362343546541,30.764154443111487,-0.13689603865704358,33.47938886604652,11
GAS,BAD,EPSILON_GREEDY,Epsilon-Greedy — Battle strategy,44,44,train,0.11018311023500528,950.0112100000001,95.00112100000001,7.708113215238432,29.565316432947746,0.33362388734473286,68.14037690860312,41
GAS,BAD,EPSILON_GREEDY,Epsilon-Greedy — Battle strategy,44,44,test,0.11018311023500528,-128.4797600000004,-12.847976000000038,-6.702362343546541,30.764154443111487,-0.13689603865704358,33.47938886604652,11
GAS,BAD,EPSILON_GREEDY,Epsilon-Greedy — Battle strategy,44,45,train,0.10467395472325501,935.9024099999992,93.59024099999992,7.621185793881002,29.272169130890173,0.3312411750319667,68.18785469119607,40
GAS,BAD,EPSILON_GREEDY,Epsilon-Greedy — Battle strategy,44,45,test,0.10467395472325501,-128.4797600000004,-12.847976000000038,-6.702362343546541,30.764154443111487,-0.13689603865704358,33.47938886604652,11
GAS,BAD,EPSILON_GREEDY,Epsilon-Greedy — Battle strategy,45,1,train,1.0,467.1794999999963,46.71794999999963,4.354410449728063,26.168308106787997,0.21887395922732591,59.40644477116776,34
GAS,BAD,EPSILON_GREEDY,Epsilon-Greedy — Battle strategy,45,1,test,1.0,-65.38980000000015,-6.538980000000015,-3.3541032597669718,32.035920705549955,-0.008692533884083876,28.875056689729945,11
GAS,BAD,EPSILON_GREEDY,Epsilon-Greedy — Battle strategy,45,2,train,0.95,456.46755999999664,45.64675599999967,4.269421223511838,26.21453885133584,0.2158262587357498,59.77986581794339,34
GAS,BAD,EPSILON_GREEDY,Epsilon-Greedy — Battle strategy,45,2,test,0.95,-65.38980000000015,-6.538980000000015,-3.3541032597669718,32.035920705549955,-0.008692533884083876,28.875056689729945,11
GAS,BAD,EPSILON_GREEDY,Epsilon-Greedy — Battle strategy,45,3,train,0.9025,455.0173799999968,45.50173799999968,4.257872734726598,26.219081451258514,0.21540802763928754,59.82621945894776,34
GAS,BAD,EPSILON_GREEDY,Epsilon-Greedy — Battle strategy,45,3,test,0.9025,-65.38980000000015,-6.538980000000015,-3.3541032597669718,32.035920705549955,-0.008692533884083876,28.875056689729945,11
GAS,BAD,EPSILON_GREEDY,Epsilon-Greedy — Battle strategy,45,4,train,0.8573749999999999,356.3915499999953,35.639154999999526,3.447387620790199,26.715707750429107,0.1868224245989503,63.94348578226191,34
GAS,BAD,EPSILON_GREEDY,Epsilon-Greedy — Battle strategy,45,4,test,0.8573749999999999,-65.38980000000015,-6.538980000000015,-3.3541032597669718,32.035920705549955,-0.008692533884083876,28.875056689729945,11
GAS,BAD,EPSILON_GREEDY,Epsilon-Greedy — Battle strategy,45,5,train,0.8145062499999999,366.5799499999964,36.657994999999644,3.5334969056224574,27.376902460792667,0.19191599612634658,62.51872121968016,34
GAS,BAD,EPSILON_GREEDY,Epsilon-Greedy — Battle strategy,45,5,test,0.8145062499999999,-47.73216000000002,-4.773216000000002,-2.437210404337986,31.561332623498966,0.016381934230428462,28.48433366246519,10
GAS,BAD,EPSILON_GREEDY,Epsilon-Greedy — Battle strategy,45,6,train,0.7737809374999998,558.3079399999963,55.83079399999963,5.055932493202953,26.34090614490392,0.2448200116784012,59.40900598826837,33
GAS,BAD,EPSILON_GREEDY,Epsilon-Greedy — Battle strategy,45,6,test,0.7737809374999998,-47.73216000000002,-4.773216000000002,-2.437210404337986,31.561332623498966,0.016381934230428462,28.48433366246519,10
GAS,BAD,EPSILON_GREEDY,Epsilon-Greedy — Battle strategy,45,7,train,0.7350918906249998,1214.6729699999983,121.46729699999983,9.24309937688892,27.896048748637508,0.3877346804554505,57.43358320248131,38
GAS,BAD,EPSILON_GREEDY,Epsilon-Greedy — Battle strategy,45,7,test,0.7350918906249998,-47.73216000000002,-4.773216000000002,-2.437210404337986,31.561332623498966,0.016381934230428462,28.48433366246519,10
GAS,BAD,EPSILON_GREEDY,Epsilon-Greedy — Battle strategy,45,8,train,0.6983372960937497,1674.4367899999988,167.4436789999999,11.558527605534552,28.901472835093223,0.45727204703384927,58.801387706848644,40
GAS,BAD,EPSILON_GREEDY,Epsilon-Greedy — Battle strategy,45,8,test,0.6983372960937497,-47.73216000000002,-4.773216000000002,-2.437210404337986,31.561332623498966,0.016381934230428462,28.48433366246519,10
GAS,BAD,EPSILON_GREEDY,Epsilon-Greedy — Battle strategy,45,9,train,0.6634204312890623,1617.9977699999977,161.79977699999978,11.294278706948703,28.860343698808922,0.449229046291053,58.821699968336894,40
GAS,BAD,EPSILON_GREEDY,Epsilon-Greedy — Battle strategy,45,9,test,0.6634204312890623,-47.73216000000002,-4.773216000000002,-2.437210404337986,31.561332623498966,0.016381934230428462,28.48433366246519,10
GAS,BAD,EPSILON_GREEDY,Epsilon-Greedy — Battle strategy,45,10,train,0.6302494097246091,1617.823469999997,161.7823469999997,11.293454818043047,28.899635979045186,0.4489797828864222,58.89151846005927,40
GAS,BAD,EPSILON_GREEDY,Epsilon-Greedy — Battle strategy,45,10,test,0.6302494097246091,-47.73216000000002,-4.773216000000002,-2.437210404337986,31.561332623498966,0.016381934230428462,28.48433366246519,10
GAS,BAD,EPSILON_GREEDY,Epsilon-Greedy — Battle strategy,45,11,train,0.5987369392383787,1602.3820999999984,160.23820999999984,11.22027166235835,28.89710324175679,0.446702535138068,58.897560123894145,40
GAS,BAD,EPSILON_GREEDY,Epsilon-Greedy — Battle strategy,45,11,test,0.5987369392383787,-47.73216000000002,-4.773216000000002,-2.437210404337986,31.561332623498966,0.016381934230428462,28.48433366246519,10
GAS,BAD,EPSILON_GREEDY,Epsilon-Greedy — Battle strategy,45,12,train,0.5688000922764597,1623.6927899999978,162.36927899999978,11.321171393889662,28.925412504666177,0.44970642958015833,58.76872743345366,40
GAS,BAD,EPSILON_GREEDY,Epsilon-Greedy — Battle strategy,45,12,test,0.5688000922764597,-47.73216000000002,-4.773216000000002,-2.437210404337986,31.561332623498966,0.016381934230428462,28.48433366246519,10
GAS,BAD,EPSILON_GREEDY,Epsilon-Greedy — Battle strategy,45,13,train,0.5403600876626367,1623.9162399999982,162.39162399999984,11.322225498125938,28.923805367607365,0.4497490291010804,58.7538936094565,40
GAS,BAD,EPSILON_GREEDY,Epsilon-Greedy — Battle strategy,45,13,test,0.5403600876626367,-47.73216000000002,-4.773216000000002,-2.437210404337986,31.561332623498966,0.016381934230428462,28.48433366246519,10
GAS,BAD,EPSILON_GREEDY,Epsilon-Greedy — Battle strategy,45,14,train,0.5133420832795048,1626.0691299999976,162.60691299999976,11.332377467521848,28.883798240614073,0.4502914590070117,58.85078076384582,40
GAS,BAD,EPSILON_GREEDY,Epsilon-Greedy — Battle strategy,45,14,test,0.5133420832795048,-47.73216000000002,-4.773216000000002,-2.437210404337986,31.561332623498966,0.016381934230428462,28.48433366246519,10
GAS,BAD,EPSILON_GREEDY,Epsilon-Greedy — Battle strategy,45,15,train,0.48767497911552954,1623.972589999998,162.3972589999998,11.32249131132288,28.907540195783945,0.4498491888004466,58.8830900983659,40
GAS,BAD,EPSILON_GREEDY,Epsilon-Greedy — Battle strategy,45,15,test,0.48767497911552954,-47.73216000000002,-4.773216000000002,-2.437210404337986,31.561332623498966,0.016381934230428462,28.48433366246519,10
GAS,BAD,EPSILON_GREEDY,Epsilon-Greedy — Battle strategy,45,16,train,0.46329123015975304,1470.6267199999975,147.06267199999974,10.579629658633817,29.78000761647287,0.4225216165562543,56.561049971103515,41
GAS,BAD,EPSILON_GREEDY,Epsilon-Greedy — Battle strategy,45,16,test,0.46329123015975304,-47.73216000000002,-4.773216000000002,-2.437210404337986,31.561332623498966,0.016381934230428462,28.48433366246519,10
GAS,BAD,EPSILON_GREEDY,Epsilon-Greedy — Battle strategy,45,17,train,0.44012666865176536,2421.5581299999985,242.15581299999985,14.656550047113083,30.536072680071342,0.5391614716773994,57.261338689072296,41
GAS,BAD,EPSILON_GREEDY,Epsilon-Greedy — Battle strategy,45,17,test,0.44012666865176536,-47.73216000000002,-4.773216000000002,-2.437210404337986,31.561332623498966,0.016381934230428462,28.48433366246519,10
GAS,BAD,EPSILON_GREEDY,Epsilon-Greedy — Battle strategy,45,18,train,0.4181203352191771,2429.2745799999984,242.92745799999986,14.685271901376652,30.504790921869095,0.5402266286545688,57.165513177175,41
GAS,BAD,EPSILON_GREEDY,Epsilon-Greedy — Battle strategy,45,18,test,0.4181203352191771,-47.73216000000002,-4.773216000000002,-2.437210404337986,31.561332623498966,0.016381934230428462,28.48433366246519,10
GAS,BAD,EPSILON_GREEDY,Epsilon-Greedy — Battle strategy,45,19,train,0.3972143184582182,2429.7923599999986,242.97923599999987,14.687197103672101,30.498270849751364,0.5403325844299391,57.15905059121462,41
GAS,BAD,EPSILON_GREEDY,Epsilon-Greedy — Battle strategy,45,19,test,0.3972143184582182,-47.73216000000002,-4.773216000000002,-2.437210404337986,31.561332623498966,0.016381934230428462,28.48433366246519,10
GAS,BAD,EPSILON_GREEDY,Epsilon-Greedy — Battle strategy,45,20,train,0.37735360253530725,2429.412239999998,242.94122399999978,14.685783772060113,30.50154064724816,0.5402666386486313,57.1637948539019,41
GAS,BAD,EPSILON_GREEDY,Epsilon-Greedy — Battle strategy,45,20,test,0.37735360253530725,-47.73216000000002,-4.773216000000002,-2.437210404337986,31.561332623498966,0.016381934230428462,28.48433366246519,10
GAS,BAD,EPSILON_GREEDY,Epsilon-Greedy — Battle strategy,45,21,train,0.3584859224085419,2954.8013099999976,295.48013099999974,16.51789463830704,30.62019987359554,0.5915748929345868,57.19543772219576,41
GAS,BAD,EPSILON_GREEDY,Epsilon-Greedy — Battle strategy,45,21,test,0.3584859224085419,-47.73216000000002,-4.773216000000002,-2.437210404337986,31.561332623498966,0.016381934230428462,28.48433366246519,10
GAS,BAD,EPSILON_GREEDY,Epsilon-Greedy — Battle strategy,45,22,train,0.3405616262881148,2954.8013099999976,295.48013099999974,16.51789463830704,30.62019987359554,0.5915748929345868,57.19543772219576,41
GAS,BAD,EPSILON_GREEDY,Epsilon-Greedy — Battle strategy,45,22,test,0.3405616262881148,-47.73216000000002,-4.773216000000002,-2.437210404337986,31.561332623498966,0.016381934230428462,28.48433366246519,10
GAS,BAD,EPSILON_GREEDY,Epsilon-Greedy — Battle strategy,45,23,train,0.323533544973709,2954.273019999998,295.42730199999977,16.516163941536522,30.62454334571129,0.5914853758428412,57.20182478819946,41
GAS,BAD,EPSILON_GREEDY,Epsilon-Greedy — Battle strategy,45,23,test,0.323533544973709,-47.73216000000002,-4.773216000000002,-2.437210404337986,31.561332623498966,0.016381934230428462,28.48433366246519,10
GAS,BAD,EPSILON_GREEDY,Epsilon-Greedy — Battle strategy,45,24,train,0.3073568677250236,3002.349829999998,300.2349829999998,16.67283002644877,30.640595523459265,0.5957600959188055,56.94154940472511,41
GAS,BAD,EPSILON_GREEDY,Epsilon-Greedy — Battle strategy,45,24,test,0.3073568677250236,-47.73216000000002,-4.773216000000002,-2.437210404337986,31.561332623498966,0.016381934230428462,28.48433366246519,10
GAS,BAD,EPSILON_GREEDY,Epsilon-Greedy — Battle strategy,45,25,train,0.2919890243387724,2965.435769999998,296.5435769999998,16.55268987812748,30.60294388762039,0.5927181449046143,56.94532947597944,41
GAS,BAD,EPSILON_GREEDY,Epsilon-Greedy — Battle strategy,45,25,test,0.2919890243387724,-47.73216000000002,-4.773216000000002,-2.437210404337986,31.561332623498966,0.016381934230428462,28.48433366246519,10
GAS,BAD,EPSILON_GREEDY,Epsilon-Greedy — Battle strategy,45,26,train,0.27738957312183377,2850.4899699999983,285.0489969999998,16.1721141097668,30.584274924369847,0.5821047998067337,57.137545790919575,42
GAS,BAD,EPSILON_GREEDY,Epsilon-Greedy — Battle strategy,45,26,test,0.27738957312183377,-47.73216000000002,-4.773216000000002,-2.437210404337986,31.561332623498966,0.016381934230428462,28.48433366246519,10
GAS,BAD,EPSILON_GREEDY,Epsilon-Greedy — Battle strategy,45,27,train,0.26352009446574204,2873.2445299999986,287.3244529999999,16.24824683365351,30.57790825445449,0.5843221708433878,57.09480758590847,41
GAS,BAD,EPSILON_GREEDY,Epsilon-Greedy — Battle strategy,45,27,test,0.26352009446574204,-47.73216000000002,-4.773216000000002,-2.437210404337986,31.561332623498966,0.016381934230428462,28.48433366246519,10
GAS,BAD,EPSILON_GREEDY,Epsilon-Greedy — Battle strategy,45,28,train,0.2503440897424549,2872.3404699999987,287.23404699999986,16.24522960200665,30.586238377067364,0.5841570045377249,57.06432558578559,41
GAS,BAD,EPSILON_GREEDY,Epsilon-Greedy — Battle strategy,45,28,test,0.2503440897424549,-47.73216000000002,-4.773216000000002,-2.437210404337986,31.561332623498966,0.016381934230428462,28.48433366246519,10
GAS,BAD,EPSILON_GREEDY,Epsilon-Greedy — Battle strategy,45,29,train,0.23782688525533216,2899.1552099999985,289.91552099999984,16.334456812096043,30.65783270825277,0.5860364872625563,56.96790275604966,41
GAS,BAD,EPSILON_GREEDY,Epsilon-Greedy — Battle strategy,45,29,test,0.23782688525533216,-47.73216000000002,-4.773216000000002,-2.437210404337986,31.561332623498966,0.016381934230428462,28.48433366246519,10
GAS,BAD,EPSILON_GREEDY,Epsilon-Greedy — Battle strategy,45,30,train,0.22593554099256555,2937.578179999998,293.7578179999998,16.46136490812118,30.666684795660377,0.5895463872839817,56.95131414345806,41
GAS,BAD,EPSILON_GREEDY,Epsilon-Greedy — Battle strategy,45,30,test,0.22593554099256555,-47.73216000000002,-4.773216000000002,-2.437210404337986,31.561332623498966,0.016381934230428462,28.48433366246519,10
GAS,BAD,EPSILON_GREEDY,Epsilon-Greedy — Battle strategy,45,31,train,0.21463876394293727,2042.0465099999979,204.20465099999979,13.167537287597607,30.63123128350711,0.4954727190914201,56.88666414754764,45
GAS,BAD,EPSILON_GREEDY,Epsilon-Greedy — Battle strategy,45,31,test,0.21463876394293727,-47.73216000000002,-4.773216000000002,-2.437210404337986,31.561332623498966,0.016381934230428462,28.48433366246519,10
GAS,BAD,EPSILON_GREEDY,Epsilon-Greedy — Battle strategy,45,32,train,0.2039068257457904,2106.5761299999976,210.65761299999974,13.431967347441699,30.65628310877497,0.5029997335779237,56.88148437618814,45
GAS,BAD,EPSILON_GREEDY,Epsilon-Greedy — Battle strategy,45,32,test,0.2039068257457904,-47.73216000000002,-4.773216000000002,-2.437210404337986,31.561332623498966,0.016381934230428462,28.48433366246519,10
GAS,BAD,EPSILON_GREEDY,Epsilon-Greedy — Battle strategy,45,33,train,0.19371148445850087,1412.9197299999978,141.29197299999979,10.28942606269625,28.614082486294862,0.4186267683615369,56.33524365956307,40
GAS,BAD,EPSILON_GREEDY,Epsilon-Greedy — Battle strategy,45,33,test,0.19371148445850087,-47.73216000000002,-4.773216000000002,-2.437210404337986,31.561332623498966,0.016381934230428462,28.48433366246519,10
GAS,BAD,EPSILON_GREEDY,Epsilon-Greedy — Battle strategy,45,34,train,0.18402591023557582,1430.8859099999977,143.08859099999978,10.380431820619386,28.620050808149948,0.42150568988275144,56.4865212710134,40
GAS,BAD,EPSILON_GREEDY,Epsilon-Greedy — Battle strategy,45,34,test,0.18402591023557582,-47.73216000000002,-4.773216000000002,-2.437210404337986,31.561332623498966,0.016381934230428462,28.48433366246519,10
GAS,BAD,EPSILON_GREEDY,Epsilon-Greedy — Battle strategy,45,35,train,0.174824614723797,1484.8527899999972,148.48527899999974,10.650244999346391,28.623315813284893,0.4300991458004,56.49420244675546,40
GAS,BAD,EPSILON_GREEDY,Epsilon-Greedy — Battle strategy,45,35,test,0.174824614723797,-47.73216000000002,-4.773216000000002,-2.437210404337986,31.561332623498966,0.016381934230428462,28.48433366246519,10
GAS,BAD,EPSILON_GREEDY,Epsilon-Greedy — Battle strategy,45,36,train,0.16608338398760716,1461.6772199999969,146.16772199999969,10.53502073118966,28.63734557723805,0.4263516267006102,56.33892581858385,40
GAS,BAD,EPSILON_GREEDY,Epsilon-Greedy — Battle strategy,45,36,test,0.16608338398760716,-47.73216000000002,-4.773216000000002,-2.437210404337986,31.561332623498966,0.016381934230428462,28.48433366246519,10
GAS,BAD,EPSILON_GREEDY,Epsilon-Greedy — Battle strategy,45,37,train,0.1577792147882268,1433.2537199999974,143.32537199999976,10.39238108837528,28.550762661910962,0.42222160424202954,56.41579241445708,40
GAS,BAD,EPSILON_GREEDY,Epsilon-Greedy — Battle strategy,45,37,test,0.1577792147882268,-47.73216000000002,-4.773216000000002,-2.437210404337986,31.561332623498966,0.016381934230428462,28.48433366246519,10
GAS,BAD,EPSILON_GREEDY,Epsilon-Greedy — Battle strategy,45,38,train,0.14989025404881545,1516.584829999998,151.6584829999998,10.806470741913476,28.61397039372025,0.435122157458029,56.3513419004678,40
GAS,BAD,EPSILON_GREEDY,Epsilon-Greedy — Battle strategy,45,38,test,0.14989025404881545,-47.73216000000002,-4.773216000000002,-2.437210404337986,31.561332623498966,0.016381934230428462,28.48433366246519,10
GAS,BAD,EPSILON_GREEDY,Epsilon-Greedy — Battle strategy,45,39,train,0.14239574134637467,1537.514699999997,153.7514699999997,10.90855885513642,28.80247066964423,0.4373927906223424,56.88675171821096,40
GAS,BAD,EPSILON_GREEDY,Epsilon-Greedy — Battle strategy,45,39,test,0.14239574134637467,-47.73216000000002,-4.773216000000002,-2.437210404337986,31.561332623498966,0.016381934230428462,28.48433366246519,10
GAS,BAD,EPSILON_GREEDY,Epsilon-Greedy — Battle strategy,45,40,train,0.13527595427905592,1480.9202299999965,148.09202299999967,10.63076057543686,28.8490589640075,0.42838415085806586,56.87258768661212,40
GAS,BAD,EPSILON_GREEDY,Epsilon-Greedy — Battle strategy,45,40,test,0.13527595427905592,-47.73216000000002,-4.773216000000002,-2.437210404337986,31.561332623498966,0.016381934230428462,28.48433366246519,10
GAS,BAD,EPSILON_GREEDY,Epsilon-Greedy — Battle strategy,45,41,train,0.12851215656510312,1583.4902599999969,158.3490259999997,11.130208486908511,28.79188489628798,0.44444143406478537,56.75297241332604,40
GAS,BAD,EPSILON_GREEDY,Epsilon-Greedy — Battle strategy,45,41,test,0.12851215656510312,-47.73216000000002,-4.773216000000002,-2.437210404337986,31.561332623498966,0.016381934230428462,28.48433366246519,10
GAS,BAD,EPSILON_GREEDY,Epsilon-Greedy — Battle strategy,45,42,train,0.12208654873684796,977.726909999998,97.7726909999998,7.877260328668356,28.006753906920633,0.3419789059524175,56.43341729024163,40
GAS,BAD,EPSILON_GREEDY,Epsilon-Greedy — Battle strategy,45,42,test,0.12208654873684796,-47.73216000000002,-4.773216000000002,-2.437210404337986,31.561332623498966,0.016381934230428462,28.48433366246519,10
GAS,BAD,EPSILON_GREEDY,Epsilon-Greedy — Battle strategy,45,43,train,0.11598222130000556,1582.5922599999967,158.25922599999967,11.125912889380519,28.887886347016433,0.4437865909894002,56.85054807728706,40
GAS,BAD,EPSILON_GREEDY,Epsilon-Greedy — Battle strategy,45,43,test,0.11598222130000556,-47.73216000000002,-4.773216000000002,-2.437210404337986,31.561332623498966,0.016381934230428462,28.48433366246519,10
GAS,BAD,EPSILON_GREEDY,Epsilon-Greedy — Battle strategy,45,44,train,0.11018311023500528,1595.0515399999972,159.50515399999972,11.185393854482871,28.699271600958316,0.4466873587795074,56.47865703980995,40
GAS,BAD,EPSILON_GREEDY,Epsilon-Greedy — Battle strategy,45,44,test,0.11018311023500528,-47.73216000000002,-4.773216000000002,-2.437210404337986,31.561332623498966,0.016381934230428462,28.48433366246519,10
GAS,BAD,EPSILON_GREEDY,Epsilon-Greedy — Battle strategy,45,45,train,0.10467395472325501,1541.958409999997,154.1958409999997,10.930137258511753,28.7849574063223,0.43816119432202266,56.72815915038725,40
GAS,BAD,EPSILON_GREEDY,Epsilon-Greedy — Battle strategy,45,45,test,0.10467395472325501,-47.73216000000002,-4.773216000000002,-2.437210404337986,31.561332623498966,0.016381934230428462,28.48433366246519,10
GAS,BAD,EPSILON_GREEDY,Epsilon-Greedy — Battle strategy,46,1,train,1.0,-407.8142499999999,-40.781424999999984,-5.65905253622857,7.1579140835750055,-1.0641380576899626,48.5923596967031,2
GAS,BAD,EPSILON_GREEDY,Epsilon-Greedy — Battle strategy,46,1,test,1.0,110.88108999999986,11.088108999999987,5.4481067042359665,8.087908816822544,0.45079374838518543,7.366363614349858,0
GAS,BAD,EPSILON_GREEDY,Epsilon-Greedy — Battle strategy,46,2,train,0.95,-409.6273799999998,-40.96273799999997,-5.69121266235455,7.1342847975870445,-1.072723708324152,48.35449952932043,2
GAS,BAD,EPSILON_GREEDY,Epsilon-Greedy — Battle strategy,46,2,test,0.95,109.2795000000001,10.92795000000001,5.371383023115217,8.264340297334433,0.4341077513306841,7.376426177219993,0
GAS,BAD,EPSILON_GREEDY,Epsilon-Greedy — Battle strategy,46,3,train,0.9025,-422.0895899999998,-42.20895899999998,-5.914665289844301,7.1845969354991155,-1.0980135899960415,49.56024435087786,2
GAS,BAD,EPSILON_GREEDY,Epsilon-Greedy — Battle strategy,46,3,test,0.9025,110.9408800000001,11.09408800000001,5.45096986433562,8.186083690904267,0.44673278270009814,7.397071305598776,0
GAS,BAD,EPSILON_GREEDY,Epsilon-Greedy — Battle strategy,46,4,train,0.8573749999999999,-416.0958899999998,-41.60958899999998,-5.806666727361476,7.09146377272037,-1.097043111885395,48.93434386449585,2
GAS,BAD,EPSILON_GREEDY,Epsilon-Greedy — Battle strategy,46,4,test,0.8573749999999999,95.98586999999998,9.598586999999997,4.732425138608409,8.683925371879132,0.34699522082692674,7.47278523543637,0
GAS,BAD,EPSILON_GREEDY,Epsilon-Greedy — Battle strategy,46,5,train,0.8145062499999999,-417.8425000000001,-41.78425000000001,-5.838036217115095,7.1314305621823895,-1.0952079573431972,49.02670643261957,2
GAS,BAD,EPSILON_GREEDY,Epsilon-Greedy — Battle strategy,46,5,test,0.8145062499999999,119.50898000000007,11.950898000000008,5.860483483558676,8.854319081580844,0.46339356208145116,7.490308566309767,0
GAS,BAD,EPSILON_GREEDY,Epsilon-Greedy — Battle strategy,46,6,train,0.7737809374999998,-451.2737599999998,-45.12737599999998,-6.455191673178495,7.16204941011296,-1.1827653545187051,51.49692310087336,2
GAS,BAD,EPSILON_GREEDY,Epsilon-Greedy — Battle strategy,46,6,test,0.7737809374999998,127.26321999999982,12.726321999999982,6.22976182398316,8.89564147727786,0.5009268107876231,7.29571067803,0
GAS,BAD,EPSILON_GREEDY,Epsilon-Greedy — Battle strategy,46,7,train,0.7350918906249998,-463.65738999999996,-46.365739,-6.692308873012731,7.224130627273782,-1.2074156068811817,52.6608434484728,2
GAS,BAD,EPSILON_GREEDY,Epsilon-Greedy — Battle strategy,46,7,test,0.7350918906249998,147.19596999999976,14.719596999999975,7.173278587980048,9.161405320346203,0.5858291337889943,7.7058007874288545,0
GAS,BAD,EPSILON_GREEDY,Epsilon-Greedy — Battle strategy,46,8,train,0.6983372960937497,-438.2529599999999,-43.825295999999994,-6.2109496758879885,7.346990525881733,-1.1154304199946656,50.93615588138185,2
GAS,BAD,EPSILON_GREEDY,Epsilon-Greedy — Battle strategy,46,8,test,0.6983372960937497,208.4144399999991,20.84144399999991,10.021361818407627,9.87148327127956,0.8169939826200961,7.882913828174479,0
GAS,BAD,EPSILON_GREEDY,Epsilon-Greedy — Battle strategy,46,9,train,0.6634204312890623,-437.8075200000004,-43.78075200000004,-6.202683542357523,7.393075819430471,-1.1068247977630439,51.08255913350689,2
GAS,BAD,EPSILON_GREEDY,Epsilon-Greedy — Battle strategy,46,9,test,0.6634204312890623,224.38560999999982,22.438560999999982,10.752558810547397,10.250221340275912,0.8553637485433883,8.661837318912488,0
GAS,BAD,EPSILON_GREEDY,Epsilon-Greedy — Battle strategy,46,10,train,0.6302494097246091,-408.87473,-40.887473,-5.6778520014234335,7.485792564414588,-1.0170340850578414,50.71522190352239,2
GAS,BAD,EPSILON_GREEDY,Epsilon-Greedy — Battle strategy,46,10,test,0.6302494097246091,195.66209999999955,19.566209999999955,9.434085277841353,11.909587571403991,0.6507034988064649,14.22325156064708,0
GAS,BAD,EPSILON_GREEDY,Epsilon-Greedy — Battle strategy,46,11,train,0.5987369392383787,-457.29747999999995,-45.729747999999994,-6.569930880681651,7.649736991894711,-1.1188611523361438,54.34322716059222,2
GAS,BAD,EPSILON_GREEDY,Epsilon-Greedy — Battle strategy,46,11,test,0.5987369392383787,180.76304999999957,18.076304999999955,8.744002056085453,12.11710066114749,0.5892365420052831,15.31657850984057,0
GAS,BAD,EPSILON_GREEDY,Epsilon-Greedy — Battle strategy,46,12,train,0.5688000922764597,-469.06476,-46.906476,-6.7973767521736335,8.012574937974508,-1.09530121896739,55.07622414968397,2
GAS,BAD,EPSILON_GREEDY,Epsilon-Greedy — Battle strategy,46,12,test,0.5688000922764597,202.63551999999936,20.263551999999933,9.755610799713722,12.19372163260263,0.6624950721311526,15.237405739765366,0
GAS,BAD,EPSILON_GREEDY,Epsilon-Greedy — Battle strategy,46,13,train,0.5403600876626367,-454.54503,-45.454503,-6.5173627814508635,7.963912077922794,-1.064530205057582,54.59406866627396,2
GAS,BAD,EPSILON_GREEDY,Epsilon-Greedy — Battle strategy,46,13,test,0.5403600876626367,233.65638999999965,23.365638999999966,11.174829630987592,12.490866301671403,0.7528685171675348,14.881898552650402,0
GAS,BAD,EPSILON_GREEDY,Epsilon-Greedy — Battle strategy,46,14,train,0.5133420832795048,-437.3461100000002,-43.734611000000015,-6.1941271856157165,8.116073910868444,-1.0001829195143674,54.434004942054734,2
GAS,BAD,EPSILON_GREEDY,Epsilon-Greedy — Battle strategy,46,14,test,0.5133420832795048,258.21282999999994,25.821282999999994,12.285802165633552,12.600669265674918,0.8265772705896433,14.856125687730456,0
GAS,BAD,EPSILON_GREEDY,Epsilon-Greedy — Battle strategy,46,15,train,0.48767497911552954,-363.16145000000074,-36.31614500000007,-4.893419160612133,8.247185202852044,-0.8146464171577874,50.72685687660654,2
GAS,BAD,EPSILON_GREEDY,Epsilon-Greedy — Battle strategy,46,15,test,0.48767497911552954,299.52840000000015,29.952840000000013,14.131011484069745,13.218650033640152,0.917520559551536,14.59230911701376,0
GAS,BAD,EPSILON_GREEDY,Epsilon-Greedy — Battle strategy,46,16,train,0.46329123015975304,-245.10474000000022,-24.51047400000002,-3.0779565167527223,8.17851650624622,-0.5891043559000217,47.10411871221714,2
GAS,BAD,EPSILON_GREEDY,Epsilon-Greedy — Battle strategy,46,16,test,0.46329123015975304,280.9696600000002,28.096966000000016,13.305804380593656,13.844661988844233,0.8294625060626795,16.011272749381558,0
GAS,BAD,EPSILON_GREEDY,Epsilon-Greedy — Battle strategy,46,17,train,0.44012666865176536,-230.7259200000002,-23.072592000000018,-2.874408931470729,8.28525167650838,-0.5549761045688122,46.45221023237883,2
GAS,BAD,EPSILON_GREEDY,Epsilon-Greedy — Battle strategy,46,17,test,0.44012666865176536,295.1831400000001,29.51831400000001,13.938327530254835,13.264638283970651,0.9020128556093193,14.640950713829016,0
GAS,BAD,EPSILON_GREEDY,Epsilon-Greedy — Battle strategy,46,18,train,0.4181203352191771,-257.22434999999984,-25.722434999999983,-3.252216805001118,8.49533248615354,-0.5854562424001639,47.58258057581355,2
GAS,BAD,EPSILON_GREEDY,Epsilon-Greedy — Battle strategy,46,18,test,0.4181203352191771,249.96830999999884,24.996830999999883,11.914014860677401,15.051203414021339,0.6920217905326898,19.5229803385982,0
GAS,BAD,EPSILON_GREEDY,Epsilon-Greedy — Battle strategy,46,19,train,0.3972143184582182,-308.36514000000136,-30.836514000000136,-4.016550073810421,10.153455094280533,-0.5531769943738362,59.94890952696936,4
GAS,BAD,EPSILON_GREEDY,Epsilon-Greedy — Battle strategy,46,19,test,0.3972143184582182,270.9002799999994,27.09002799999994,12.855593472720095,14.981468846672593,0.7507023754310219,18.246702244020643,0
GAS,BAD,EPSILON_GREEDY,Epsilon-Greedy — Battle strategy,46,20,train,0.37735360253530725,-314.6760100000007,-31.467601000000073,-4.1143258380844205,10.014324473330223,-0.5725545740056378,59.161635359727725,4
GAS,BAD,EPSILON_GREEDY,Epsilon-Greedy — Battle strategy,46,20,test,0.37735360253530725,257.6815799999995,25.768157999999946,12.261881857145562,15.244240371162313,0.7056327446043043,18.65164409428715,0
GAS,BAD,EPSILON_GREEDY,Epsilon-Greedy — Battle strategy,46,21,train,0.3584859224085419,-320.5149200000001,-32.05149200000001,-4.2055047768754905,9.969079062239175,-0.5852867359536217,58.26372110540785,3
GAS,BAD,EPSILON_GREEDY,Epsilon-Greedy — Battle strategy,46,21,test,0.3584859224085419,242.6829799999996,24.26829799999996,11.584469755988547,16.552035437742823,0.6257274900089291,18.957136444205283,0
GAS,BAD,EPSILON_GREEDY,Epsilon-Greedy — Battle strategy,46,22,train,0.3405616262881148,-184.2970900000015,-18.429709000000148,-2.239482741043497,10.21665457699775,-0.3682209639626384,56.40793681073326,3
GAS,BAD,EPSILON_GREEDY,Epsilon-Greedy — Battle strategy,46,22,test,0.3405616262881148,253.8147799999997,25.38147799999997,12.087622468748727,16.81912388875562,0.6453508761494816,18.938631173408833,0
GAS,BAD,EPSILON_GREEDY,Epsilon-Greedy — Battle strategy,46,23,train,0.323533544973709,-288.204490000001,-28.8204490000001,-3.7094226191401347,10.371086146379644,-0.5084665849203692,56.6564658307955,3
GAS,BAD,EPSILON_GREEDY,Epsilon-Greedy — Battle strategy,46,23,test,0.323533544973709,172.8479099999995,17.28479099999995,8.37563912951036,17.544055792457442,0.4332717537913216,18.293104832447835,0
GAS,BAD,EPSILON_GREEDY,Epsilon-Greedy — Battle strategy,46,24,train,0.3073568677250236,-250.53302000000053,-25.053302000000055,-3.155696578475786,10.401553237120856,-0.4511316692001906,55.885453552968265,3
GAS,BAD,EPSILON_GREEDY,Epsilon-Greedy — Battle strategy,46,24,test,0.3073568677250236,192.09194999999954,19.209194999999955,9.26911568134079,17.452558135668554,0.48181274916136396,17.757129479526494,0
GAS,BAD,EPSILON_GREEDY,Epsilon-Greedy — Battle strategy,46,25,train,0.2919890243387724,-198.79791000000057,-19.879791000000058,-2.434258560326086,10.572306208291419,-0.3713150874981179,54.67607168745634,4
GAS,BAD,EPSILON_GREEDY,Epsilon-Greedy — Battle strategy,46,25,test,0.2919890243387724,153.61995000000024,15.361995000000025,7.475624066840725,19.449518479031017,0.36611947757025837,22.754486287625284,2
GAS,BAD,EPSILON_GREEDY,Epsilon-Greedy — Battle strategy,46,26,train,0.27738957312183377,-162.46519000000046,-16.246519000000045,-1.9519629962821194,11.001598982194494,-0.30749951664015107,54.944493388266835,3
GAS,BAD,EPSILON_GREEDY,Epsilon-Greedy — Battle strategy,46,26,test,0.27738957312183377,155.95267000000013,15.595267000000012,7.585207292327545,20.156128508302963,0.36523363575036555,22.432402311535427,2
GAS,BAD,EPSILON_GREEDY,Epsilon-Greedy — Battle strategy,46,27,train,0.26352009446574204,-251.58455000000004,-25.158455000000004,-3.1708136977665835,10.752831900051637,-0.43443713798111777,56.82287690354249,3
GAS,BAD,EPSILON_GREEDY,Epsilon-Greedy — Battle strategy,46,27,test,0.26352009446574204,155.98861999999963,15.598861999999963,7.586895242861824,20.166520822306534,0.36522836278442977,22.37890481244668,2
GAS,BAD,EPSILON_GREEDY,Epsilon-Greedy — Battle strategy,46,28,train,0.2503440897424549,-151.81953999999985,-15.181953999999983,-1.81417148146088,11.372549636274275,-0.2813892208055343,56.14013268611953,3
GAS,BAD,EPSILON_GREEDY,Epsilon-Greedy — Battle strategy,46,28,test,0.2503440897424549,113.82702999999992,11.382702999999992,5.589088068980508,20.962002880826923,0.2695666797886375,24.252379845079602,3
GAS,BAD,EPSILON_GREEDY,Epsilon-Greedy — Battle strategy,46,29,train,0.23782688525533216,-242.67500000000018,-24.267500000000016,-3.043320326072929,10.858306063500173,-0.4169418487678325,57.07699592050734,3
GAS,BAD,EPSILON_GREEDY,Epsilon-Greedy — Battle strategy,46,29,test,0.23782688525533216,127.4677300000003,12.746773000000031,6.239484091306036,21.07053023628688,0.29847604850439324,22.932174032997857,3
GAS,BAD,EPSILON_GREEDY,Epsilon-Greedy — Battle strategy,46,30,train,0.22593554099256555,-209.29881000000012,-20.929881000000012,-2.5772729856659016,10.734785952859147,-0.3779391351041928,57.49050172339162,3
GAS,BAD,EPSILON_GREEDY,Epsilon-Greedy — Battle strategy,46,30,test,0.22593554099256555,124.29614000000015,12.429614000000015,6.088610395799665,21.07646392192995,0.2916862879805675,22.8757380700733,3
GAS,BAD,EPSILON_GREEDY,Epsilon-Greedy — Battle strategy,46,31,train,0.21463876394293727,-187.32825000000048,-18.732825000000048,-2.2799415861021743,16.00455340353448,-0.19048117937941517,72.11106068734121,4
GAS,BAD,EPSILON_GREEDY,Epsilon-Greedy — Battle strategy,46,31,test,0.21463876394293727,96.09081000000037,9.609081000000037,4.737484068036535,21.692680758256323,0.23028258683450809,24.98451376533904,4
GAS,BAD,EPSILON_GREEDY,Epsilon-Greedy — Battle strategy,46,32,train,0.2039068257457904,-210.03936000000124,-21.003936000000124,-2.5874223293082865,15.90666850356047,-0.21258082808629192,74.3902705829646,3
GAS,BAD,EPSILON_GREEDY,Epsilon-Greedy — Battle strategy,46,32,test,0.2039068257457904,76.56665999999973,7.656665999999973,3.792098604387939,22.235220677548114,0.1891180448668057,25.97925195607243,4
GAS,BAD,EPSILON_GREEDY,Epsilon-Greedy — Battle strategy,46,33,train,0.19371148445850087,-271.39587000000165,-27.139587000000166,-3.4592147025549247,15.602342281554476,-0.27793095312844895,73.40216567116227,3
GAS,BAD,EPSILON_GREEDY,Epsilon-Greedy — Battle strategy,46,33,test,0.19371148445850087,108.23240999999962,10.82324099999996,5.321192818516729,21.631962279731955,0.25601130415762685,23.798332007476166,3
GAS,BAD,EPSILON_GREEDY,Epsilon-Greedy — Battle strategy,46,34,train,0.18402591023557582,885.2624299999993,88.52624299999992,7.304472727035116,19.71245319382988,0.35764338588361283,62.828082513174735,7
GAS,BAD,EPSILON_GREEDY,Epsilon-Greedy — Battle strategy,46,34,test,0.18402591023557582,91.1759199999999,9.117591999999991,4.500289712909855,21.662041395828457,0.2196978158373081,24.05897046239725,3
GAS,BAD,EPSILON_GREEDY,Epsilon-Greedy — Battle strategy,46,35,train,0.174824614723797,568.8255799999993,56.882557999999925,5.134535898800996,19.40960857807232,0.2540440241631976,64.91436344723802,9
GAS,BAD,EPSILON_GREEDY,Epsilon-Greedy — Battle strategy,46,35,test,0.174824614723797,72.23479999999995,7.223479999999995,3.5811954645758703,21.889585223374393,0.17953227119186346,22.500222420950273,4
GAS,BAD,EPSILON_GREEDY,Epsilon-Greedy — Battle strategy,46,36,train,0.16608338398760716,613.60889,61.36088899999999,5.464066210741514,19.496752151242838,0.26997227344927566,65.14309743688543,9
GAS,BAD,EPSILON_GREEDY,Epsilon-Greedy — Battle strategy,46,36,test,0.16608338398760716,66.62818999999945,6.662818999999945,3.3076013470539456,23.073348485360277,0.1702399003080698,24.54965094788612,4
GAS,BAD,EPSILON_GREEDY,Epsilon-Greedy — Battle strategy,46,37,train,0.1577792147882268,656.44634,65.644634,5.771757700046254,19.539372199680027,0.28484748619982025,64.59228742931126,9
GAS,BAD,EPSILON_GREEDY,Epsilon-Greedy — Battle strategy,46,37,test,0.1577792147882268,34.358389999999645,3.435838999999964,1.7188351937156288,23.361029828518745,0.1045111421108759,25.680031843581464,5
GAS,BAD,EPSILON_GREEDY,Epsilon-Greedy — Battle strategy,46,38,train,0.14989025404881545,653.1485899999998,65.31485899999998,5.748323535034361,19.574488475388303,0.28353626345793354,65.0840267183199,9
GAS,BAD,EPSILON_GREEDY,Epsilon-Greedy — Battle strategy,46,38,test,0.14989025404881545,34.140190000000075,3.4140190000000077,1.7080094076257213,23.090686426640968,0.1026723063543866,25.828825870419607,5
GAS,BAD,EPSILON_GREEDY,Epsilon-Greedy — Battle strategy,46,39,train,0.14239574134637467,585.1194199999991,58.511941999999905,5.255387646186649,19.58825738937152,0.2594237772066418,65.4325343959807,8
GAS,BAD,EPSILON_GREEDY,Epsilon-Greedy — Battle strategy,46,39,test,0.14239574134637467,27.85555000000022,2.785555000000022,1.3957157304860912,23.20907457552657,0.09006279824655734,26.350929593922746,5
GAS,BAD,EPSILON_GREEDY,Epsilon-Greedy — Battle strategy,46,40,train,0.13527595427905592,596.9834999999994,59.698349999999934,5.342691032082758,19.56115859091934,0.26379220879420373,65.43884919750477,9
GAS,BAD,EPSILON_GREEDY,Epsilon-Greedy — Battle strategy,46,40,test,0.13527595427905592,30.472270000000208,3.047227000000021,1.5258593159121592,23.30480130763002,0.09616747681564843,25.833572841886692,5
GAS,BAD,EPSILON_GREEDY,Epsilon-Greedy — Battle strategy,46,41,train,0.12851215656510312,474.9799399999997,47.49799399999997,4.415953299158537,19.73323104308693,0.2180774612213747,68.24144605298268,11
GAS,BAD,EPSILON_GREEDY,Epsilon-Greedy — Battle strategy,46,41,test,0.12851215656510312,32.94286000000034,3.294286000000034,1.6485848588220442,23.60359009531023,0.10306680528616788,25.62832572538524,5
GAS,BAD,EPSILON_GREEDY,Epsilon-Greedy — Battle strategy,46,42,train,0.12208654873684796,470.01837999999907,47.00183799999991,4.376841845196244,19.75768338899848,0.21612994125882287,68.12917141552334,11
GAS,BAD,EPSILON_GREEDY,Epsilon-Greedy — Battle strategy,46,42,test,0.12208654873684796,-50.27302999999972,-5.027302999999971,-2.568625901341426,23.85807613954773,-0.07364230890115532,25.62832572538524,5
GAS,BAD,EPSILON_GREEDY,Epsilon-Greedy — Battle strategy,46,43,train,0.11598222130000556,150.0354999999986,15.00354999999986,1.5664596733988345,19.52894749221903,0.07545339488053546,69.49556424038046,13
GAS,BAD,EPSILON_GREEDY,Epsilon-Greedy — Battle strategy,46,43,test,0.11598222130000556,-58.61870999999985,-5.861870999999985,-3.001500489148645,23.746092532758524,-0.0939119151186033,26.32165272632178,5
GAS,BAD,EPSILON_GREEDY,Epsilon-Greedy — Battle strategy,46,44,train,0.11018311023500528,1842.0380499999974,184.20380499999973,12.315021277598714,22.966585494784365,0.5379342132542746,38.69632284898689,15
GAS,BAD,EPSILON_GREEDY,Epsilon-Greedy — Battle strategy,46,44,test,0.11018311023500528,-68.34372999999903,-6.834372999999903,-3.5083248730862215,24.126812363818456,-0.11039190636500017,27.129569990181334,5
GAS,BAD,EPSILON_GREEDY,Epsilon-Greedy — Battle strategy,46,45,train,0.10467395472325501,1859.088809999996,185.9088809999996,12.38974378698472,23.033550782418093,0.5399421125956462,38.84979166900057,15
GAS,BAD,EPSILON_GREEDY,Epsilon-Greedy — Battle strategy,46,45,test,0.10467395472325501,-71.80001999999911,-7.18000199999991,-3.689082111617503,24.027281435257457,-0.119651357499936,27.4167052721556,5
GAS,BAD,EPSILON_GREEDY,Epsilon-Greedy — Battle strategy,47,1,train,1.0,474.71603000000005,47.47160300000001,4.413875871177275,21.38898278360564,0.21705947944335913,55.30855339276462,19
GAS,BAD,EPSILON_GREEDY,Epsilon-Greedy — Battle strategy,47,1,test,1.0,-1.7717800000002626,-0.17717800000002626,-0.08942361481770744,23.895893889303736,0.03238539296566101,20.78820240149661,4
GAS,BAD,EPSILON_GREEDY,Epsilon-Greedy — Battle strategy,47,2,train,0.95,472.88565999999946,47.288565999999946,4.3994585947123355,21.3876620918819,0.21642559182136234,56.288986377892726,19
GAS,BAD,EPSILON_GREEDY,Epsilon-Greedy — Battle strategy,47,2,test,0.95,4.866479999999569,0.4866479999999569,0.24521324562276625,24.03304578392526,0.04755948806575689,20.045800830498113,4
GAS,BAD,EPSILON_GREEDY,Epsilon-Greedy — Battle strategy,47,3,train,0.9025,406.9692600000001,40.696926000000005,3.869335353247716,21.49821452325044,0.19257387308341903,58.071844889419275,17
GAS,BAD,EPSILON_GREEDY,Epsilon-Greedy — Battle strategy,47,3,test,0.9025,-28.038890000000492,-2.803889000000049,-1.424497267941549,24.057722493911417,-0.02222776955716074,21.027936015728564,4
GAS,BAD,EPSILON_GREEDY,Epsilon-Greedy — Battle strategy,47,4,train,0.8573749999999999,271.4676600000007,27.14676600000007,2.7063789383928283,22.098633859402774,0.14187481784639827,58.81408539056095,18
GAS,BAD,EPSILON_GREEDY,Epsilon-Greedy — Battle strategy,47,4,test,0.8573749999999999,-30.28031000000044,-3.0280310000000443,-1.5392448015911553,24.04173457940251,-0.02726311158492831,20.9963851163335,4
GAS,BAD,EPSILON_GREEDY,Epsilon-Greedy — Battle strategy,47,5,train,0.8145062499999999,333.73134000000005,33.37313400000001,3.2537901151620474,22.144912515474047,0.16622985271150728,57.778698996698466,19
GAS,BAD,EPSILON_GREEDY,Epsilon-Greedy — Battle strategy,47,5,test,0.8145062499999999,29.121169999999438,2.912116999999944,1.4586823067741728,23.718715497154804,0.095792110595201,20.7970929647063,4
GAS,BAD,EPSILON_GREEDY,Epsilon-Greedy — Battle strategy,47,6,train,0.7737809374999998,363.72343000000046,36.37234300000004,3.5094121784670307,22.158847652228207,0.17750959352105966,55.71092588182627,19
GAS,BAD,EPSILON_GREEDY,Epsilon-Greedy — Battle strategy,47,6,test,0.7737809374999998,29.133569999999736,2.9133569999999738,1.4592990363168967,23.968542146668707,0.09732748772257462,20.24977133748206,4
GAS,BAD,EPSILON_GREEDY,Epsilon-Greedy — Battle strategy,47,7,train,0.7350918906249998,587.4115400000003,58.74115400000003,5.272299671760727,21.555480123902978,0.2553983082028997,55.09115123163141,18
GAS,BAD,EPSILON_GREEDY,Epsilon-Greedy — Battle strategy,47,7,test,0.7350918906249998,28.840889999999717,2.8840889999999715,1.444741247294301,23.87896714739323,0.09618146785448636,20.85855437911431,4
GAS,BAD,EPSILON_GREEDY,Epsilon-Greedy — Battle strategy,47,8,train,0.6983372960937497,557.4788000000003,55.74788000000003,5.049715895963125,21.744580211998905,0.24525660564666818,55.15328738458831,18
GAS,BAD,EPSILON_GREEDY,Epsilon-Greedy — Battle strategy,47,8,test,0.6983372960937497,32.681429999999864,3.2681429999999865,1.6356053172090323,23.99176371312172,0.10472135864600127,19.784038772334117,4
GAS,BAD,EPSILON_GREEDY,Epsilon-Greedy — Battle strategy,47,9,train,0.6634204312890623,588.7359700000006,58.87359700000007,5.2820618664124686,22.104095072624315,0.254862065443254,52.92551511703822,19
GAS,BAD,EPSILON_GREEDY,Epsilon-Greedy — Battle strategy,47,9,test,0.6634204312890623,28.9849499999998,2.8984949999999796,1.4519069919061822,24.028451067664413,0.09737863416683833,20.082131670664033,4
GAS,BAD,EPSILON_GREEDY,Epsilon-Greedy — Battle strategy,47,10,train,0.6302494097246091,660.9516800000004,66.09516800000004,5.803706195153735,22.218931950726812,0.27714500664000674,53.221562143678504,19
GAS,BAD,EPSILON_GREEDY,Epsilon-Greedy — Battle strategy,47,10,test,0.6302494097246091,35.63912999999957,3.563912999999957,1.7823550931665322,23.878370189430996,0.11013027762398002,20.04639068825453,4
GAS,BAD,EPSILON_GREEDY,Epsilon-Greedy — Battle strategy,47,11,train,0.5987369392383787,427.37412999999947,42.73741299999995,4.035756593379203,22.8243830744292,0.2013125349667961,55.35064158627483,21
GAS,BAD,EPSILON_GREEDY,Epsilon-Greedy — Battle strategy,47,11,test,0.5987369392383787,27.58578999999986,2.758578999999986,1.3822897820993552,24.035435285813858,0.09455501162576488,20.194963245466887,4
GAS,BAD,EPSILON_GREEDY,Epsilon-Greedy — Battle strategy,47,12,train,0.5688000922764597,626.2742199999989,62.62742199999989,5.555786944479357,22.445341087528124,0.2660923891865675,54.273521200004794,21
GAS,BAD,EPSILON_GREEDY,Epsilon-Greedy — Battle strategy,47,12,test,0.5688000922764597,39.827759999999216,3.982775999999922,1.9898240758132735,23.52142956467506,0.11689189390920923,20.14436065954585,4
GAS,BAD,EPSILON_GREEDY,Epsilon-Greedy — Battle strategy,47,13,train,0.5403600876626367,626.7380199999989,62.67380199999989,5.559133660239013,22.32230701559648,0.2664682175897413,54.26628200571668,21
GAS,BAD,EPSILON_GREEDY,Epsilon-Greedy — Battle strategy,47,13,test,0.5403600876626367,28.26998000000026,2.826998000000026,1.4163384999524409,23.770465056322,0.09433199200510754,20.765588456742222,4
GAS,BAD,EPSILON_GREEDY,Epsilon-Greedy — Battle strategy,47,14,train,0.5133420832795048,466.7271999999982,46.67271999999982,4.350833041485225,22.872851300800743,0.21470234943584984,54.12627965095347,22
GAS,BAD,EPSILON_GREEDY,Epsilon-Greedy — Battle strategy,47,14,test,0.5133420832795048,28.26998000000026,2.826998000000026,1.4163384999524409,23.770465056322,0.09433199200510754,20.765588456742222,4
GAS,BAD,EPSILON_GREEDY,Epsilon-Greedy — Battle strategy,47,15,train,0.48767497911552954,731.2193699999998,73.12193699999997,6.292275959933202,22.292875353259358,0.29777692147382034,51.16260378754747,20
GAS,BAD,EPSILON_GREEDY,Epsilon-Greedy — Battle strategy,47,15,test,0.48767497911552954,25.680809999999838,2.568080999999984,1.2874292198404413,23.765954925040436,0.08893626604454914,20.73768428270252,4
GAS,BAD,EPSILON_GREEDY,Epsilon-Greedy — Battle strategy,47,16,train,0.46329123015975304,690.6910100000005,69.06910100000005,6.0126835057422445,22.14597652405282,0.28629928251732806,51.66571375435893,18
GAS,BAD,EPSILON_GREEDY,Epsilon-Greedy — Battle strategy,47,16,test,0.46329123015975304,27.079969999999776,2.7079969999999776,1.357110425075514,23.758982321116694,0.09179648537764691,20.62606758654365,4
GAS,BAD,EPSILON_GREEDY,Epsilon-Greedy — Battle strategy,47,17,train,0.44012666865176536,730.7436499999985,73.07436499999986,6.28902801314275,22.529278285763603,0.2968775376513506,51.97414917697164,18
GAS,BAD,EPSILON_GREEDY,Epsilon-Greedy — Battle strategy,47,17,test,0.44012666865176536,27.079969999999776,2.7079969999999776,1.357110425075514,23.758982321116694,0.09179648537764691,20.62606758654365,4
GAS,BAD,EPSILON_GREEDY,Epsilon-Greedy — Battle strategy,47,18,train,0.4181203352191771,742.1925199999998,74.21925199999998,6.366975097381489,22.558267986880367,0.3000755045488262,51.76098183980219,20
GAS,BAD,EPSILON_GREEDY,Epsilon-Greedy — Battle strategy,47,18,test,0.4181203352191771,18.884889999999814,1.8884889999999814,0.9483056811309787,23.79502689594038,0.0749790850688327,21.279822521188493,4
GAS,BAD,EPSILON_GREEDY,Epsilon-Greedy — Battle strategy,47,19,train,0.3972143184582182,526.5145800000003,52.65145800000003,4.815424533514845,22.703527776785883,0.2343069712037861,53.0163191605113,19
GAS,BAD,EPSILON_GREEDY,Epsilon-Greedy — Battle strategy,47,19,test,0.3972143184582182,26.8771899999997,2.68771899999997,1.3470144566565034,23.69957487431706,0.09100629100510783,20.04311054885632,4
GAS,BAD,EPSILON_GREEDY,Epsilon-Greedy — Battle strategy,47,20,train,0.37735360253530725,807.3821700000003,80.73821700000003,6.8023165824149245,22.037988834452367,0.3205650980045825,50.383568259286946,15
GAS,BAD,EPSILON_GREEDY,Epsilon-Greedy — Battle strategy,47,20,test,0.37735360253530725,27.938109999999597,2.7938109999999594,1.3998243906399033,23.54181395679353,0.09224477596551864,19.91490939841069,4
GAS,BAD,EPSILON_GREEDY,Epsilon-Greedy — Battle strategy,47,21,train,0.3584859224085419,1144.583279999999,114.45832799999988,8.853173730822794,22.18292783380936,0.4063477285938495,48.303690607712014,19
GAS,BAD,EPSILON_GREEDY,Epsilon-Greedy — Battle strategy,47,21,test,0.3584859224085419,17.059259999999313,1.7059259999999312,0.8570139885970329,22.736309639409086,0.06366005432212,19.714704258033116,4
GAS,BAD,EPSILON_GREEDY,Epsilon-Greedy — Battle strategy,47,22,train,0.3405616262881148,975.124610000001,97.5124610000001,7.861468592171117,22.349045316787425,0.3637614571820308,48.33767556695807,20
GAS,BAD,EPSILON_GREEDY,Epsilon-Greedy — Battle strategy,47,22,test,0.3405616262881148,28.70349999999962,2.870349999999962,1.4379068145580653,23.546877392948073,0.0938851864545075,20.687799316030958,4
GAS,BAD,EPSILON_GREEDY,Epsilon-Greedy — Battle strategy,47,23,train,0.323533544973709,592.9750800000008,59.297508000000086,5.313259221236066,24.067123838053146,0.2542008137359218,54.42827766304787,24
GAS,BAD,EPSILON_GREEDY,Epsilon-Greedy — Battle strategy,47,23,test,0.323533544973709,20.332619999999906,2.0332619999999904,1.0206426554429937,23.49447623014706,0.07601349342192344,19.602152493125043,4
GAS,BAD,EPSILON_GREEDY,Epsilon-Greedy — Battle strategy,47,24,train,0.3073568677250236,901.3319000000004,90.13319000000004,7.405785217724015,22.984548091328357,0.34142913510963113,53.02745126207169,23
GAS,BAD,EPSILON_GREEDY,Epsilon-Greedy — Battle strategy,47,24,test,0.3073568677250236,17.527029999999627,1.7527029999999628,0.8804128321004079,23.508724718367375,0.07013757338415566,21.030206151049025,4
GAS,BAD,EPSILON_GREEDY,Epsilon-Greedy — Battle strategy,47,25,train,0.2919890243387724,1195.433489999999,119.54334899999989,9.137170290603969,22.533613066579992,0.41514796148267785,48.27713292290061,19
GAS,BAD,EPSILON_GREEDY,Epsilon-Greedy — Battle strategy,47,25,test,0.2919890243387724,-1.265880000000493,-0.12658800000004933,-0.06388228892447723,22.80575786501905,0.023821623903876328,20.905117496394173,4
GAS,BAD,EPSILON_GREEDY,Epsilon-Greedy — Battle strategy,47,26,train,0.27738957312183377,549.0920900000012,54.909209000000125,4.986669424410728,24.21023446081909,0.24118710099461177,55.75753900412117,27
GAS,BAD,EPSILON_GREEDY,Epsilon-Greedy — Battle strategy,47,26,test,0.27738957312183377,17.17723999999987,1.7177239999999867,0.8629161001964647,23.51087653032837,0.06941252060792813,21.05814732484127,4
GAS,BAD,EPSILON_GREEDY,Epsilon-Greedy — Battle strategy,47,27,train,0.26352009446574204,602.6010599999997,60.26010599999997,5.3838276526798845,23.995816973666034,0.2570822828833995,53.93069924267498,25
GAS,BAD,EPSILON_GREEDY,Epsilon-Greedy — Battle strategy,47,27,test,0.26352009446574204,17.17723999999987,1.7177239999999867,0.8629161001964647,23.51087653032837,0.06941252060792813,21.05814732484127,4
GAS,BAD,EPSILON_GREEDY,Epsilon-Greedy — Battle strategy,47,28,train,0.2503440897424549,1034.8761800000018,103.48761800000017,8.219489143788161,22.110729887020412,0.38040580069262636,48.79672998572745,18
GAS,BAD,EPSILON_GREEDY,Epsilon-Greedy — Battle strategy,47,28,test,0.2503440897424549,17.17723999999987,1.7177239999999867,0.8629161001964647,23.51087653032837,0.06941252060792813,21.05814732484127,4
GAS,BAD,EPSILON_GREEDY,Epsilon-Greedy — Battle strategy,47,29,train,0.23782688525533216,1063.3768200000004,106.33768200000004,8.386979202197375,22.541901620458443,0.3842991193947544,48.03801414724572,18
GAS,BAD,EPSILON_GREEDY,Epsilon-Greedy — Battle strategy,47,29,test,0.23782688525533216,9.531439999999634,0.9531439999999635,0.47972046666948653,23.913614203482698,0.05622809414542745,20.775426698190362,4
GAS,BAD,EPSILON_GREEDY,Epsilon-Greedy — Battle strategy,47,30,train,0.22593554099256555,976.5115899999992,97.65115899999992,7.869887609151149,23.499640451186778,0.357488078268284,52.47000493000233,22
GAS,BAD,EPSILON_GREEDY,Epsilon-Greedy — Battle strategy,47,30,test,0.22593554099256555,19.03026000000034,1.903026000000034,0.9555715074163196,24.044421855296292,0.07694468608898702,20.27886026251558,4
GAS,BAD,EPSILON_GREEDY,Epsilon-Greedy — Battle strategy,47,31,train,0.21463876394293727,419.5253399999988,41.95253399999988,3.9719939911576185,24.30587180269033,0.2009653556907362,55.325374131958085,27
GAS,BAD,EPSILON_GREEDY,Epsilon-Greedy — Battle strategy,47,31,test,0.21463876394293727,15.837000000000444,1.5837000000000445,0.7958487785392654,23.685536309504894,0.06782533983512608,19.73948243304128,4
GAS,BAD,EPSILON_GREEDY,Epsilon-Greedy — Battle strategy,47,32,train,0.2039068257457904,1087.4269200000008,108.74269200000009,8.526722608061533,22.667566690438047,0.38919628656532435,47.53362132256471,19
GAS,BAD,EPSILON_GREEDY,Epsilon-Greedy — Battle strategy,47,32,test,0.2039068257457904,21.40901000000008,2.140901000000008,1.0743923750457185,23.388076082998225,0.07755154021612364,19.992342588313473,4
GAS,BAD,EPSILON_GREEDY,Epsilon-Greedy — Battle strategy,47,33,train,0.19371148445850087,1092.3011699999993,109.23011699999994,8.554869977586144,22.666663136776602,0.3903538078428531,47.72082427845758,19
GAS,BAD,EPSILON_GREEDY,Epsilon-Greedy — Battle strategy,47,33,test,0.19371148445850087,25.068900000000212,2.506890000000021,1.256939970359916,23.60167548243306,0.08664042740982517,20.63058098425972,4
GAS,BAD,EPSILON_GREEDY,Epsilon-Greedy — Battle strategy,47,34,train,0.18402591023557582,521.5989799999988,52.159897999999885,4.777842701860302,24.416660442812898,0.23304277516451635,53.64147942672995,25
GAS,BAD,EPSILON_GREEDY,Epsilon-Greedy — Battle strategy,47,34,test,0.18402591023557582,25.068900000000212,2.506890000000021,1.256939970359916,23.60167548243306,0.08664042740982517,20.63058098425972,4
GAS,BAD,EPSILON_GREEDY,Epsilon-Greedy — Battle strategy,47,35,train,0.174824614723797,643.8332300000004,64.38332300000003,5.681902420783436,24.62952828747984,0.2683370427770972,53.314180863550334,25
GAS,BAD,EPSILON_GREEDY,Epsilon-Greedy — Battle strategy,47,35,test,0.174824614723797,25.068900000000212,2.506890000000021,1.256939970359916,23.60167548243306,0.08664042740982517,20.63058098425972,4
GAS,BAD,EPSILON_GREEDY,Epsilon-Greedy — Battle strategy,47,36,train,0.16608338398760716,496.3121699999988,49.63121699999988,4.582792002977842,24.56805957338221,0.2255050806787269,53.961242591075674,26
GAS,BAD,EPSILON_GREEDY,Epsilon-Greedy — Battle strategy,47,36,test,0.16608338398760716,19.569780000000264,1.9569780000000265,0.9825330950353317,23.63010799245176,0.07533704497027706,19.408222406834536,4
GAS,BAD,EPSILON_GREEDY,Epsilon-Greedy — Battle strategy,47,37,train,0.1577792147882268,806.7136099999996,80.67136099999995,6.797923217042157,23.989102643248632,0.3131365215775483,50.63575305799144,24
GAS,BAD,EPSILON_GREEDY,Epsilon-Greedy — Battle strategy,47,37,test,0.1577792147882268,-1.5231200000000626,-0.15231200000000628,-0.07686873937610139,23.743316642810342,0.03156624184589221,20.346591125489088,4
GAS,BAD,EPSILON_GREEDY,Epsilon-Greedy — Battle strategy,47,38,train,0.14989025404881545,678.8722099999995,67.88722099999995,5.930027413499772,24.36916344577074,0.27829665942608983,51.437702418293576,25
GAS,BAD,EPSILON_GREEDY,Epsilon-Greedy — Battle strategy,47,38,test,0.14989025404881545,-15.644489999999905,-1.5644489999999907,-0.7923304560993105,24.03930640927247,0.004180214966652326,20.669780324473983,4
GAS,BAD,EPSILON_GREEDY,Epsilon-Greedy — Battle strategy,47,39,train,0.14239574134637467,413.33690000000024,41.333690000000026,3.921498551569913,24.816951396221086,0.20000049594019534,54.57257165189259,28
GAS,BAD,EPSILON_GREEDY,Epsilon-Greedy — Battle strategy,47,39,test,0.14239574134637467,-13.267470000000458,-1.3267470000000459,-0.6715440190365851,23.98336243762579,0.008694593067882103,21.20859889431904,4
GAS,BAD,EPSILON_GREEDY,Epsilon-Greedy — Battle strategy,47,40,train,0.13527595427905592,476.8682000000001,47.68682000000001,4.430807539116,24.609575809974558,0.21959697391417243,53.334292743503944,27
GAS,BAD,EPSILON_GREEDY,Epsilon-Greedy — Battle strategy,47,40,test,0.13527595427905592,-25.616460000000416,-2.561646000000042,-1.3006304197253793,24.28280340741451,-0.01463718859301354,21.469764310354872,4
GAS,BAD,EPSILON_GREEDY,Epsilon-Greedy — Battle strategy,47,41,train,0.12851215656510312,477.49884999999927,47.74988499999993,4.435764868158443,24.601179531767738,0.21978464597317887,53.48861648607783,27
GAS,BAD,EPSILON_GREEDY,Epsilon-Greedy — Battle strategy,47,41,test,0.12851215656510312,-26.17287000000033,-2.617287000000033,-1.329067989596755,24.298974053860693,-0.015655241458025014,21.516772319153958,4
GAS,BAD,EPSILON_GREEDY,Epsilon-Greedy — Battle strategy,47,42,train,0.12208654873684796,473.54889000000117,47.354889000000114,4.40468449758431,24.63639766723787,0.21858970025998795,54.34447760836726,27
GAS,BAD,EPSILON_GREEDY,Epsilon-Greedy — Battle strategy,47,42,test,0.12208654873684796,-22.72494000000006,-2.2724940000000062,-1.152977054536164,24.270317640554023,-0.00859105452760226,21.41593788514739,4
GAS,BAD,EPSILON_GREEDY,Epsilon-Greedy — Battle strategy,47,43,train,0.11598222130000556,527.6292600000006,52.762926000000064,4.823931768112533,24.598118219227754,0.23498086793346595,52.84097643071518,26
GAS,BAD,EPSILON_GREEDY,Epsilon-Greedy — Battle strategy,47,43,test,0.11598222130000556,-30.519960000000083,-3.0519960000000084,-1.5515212469166095,24.585272471642156,-0.02190827349235849,21.81853600622249,4
GAS,BAD,EPSILON_GREEDY,Epsilon-Greedy — Battle strategy,47,44,train,0.11018311023500528,468.30761000000007,46.830761,4.363328820119139,24.782908106849384,0.21716237558099827,54.452036113262835,27
GAS,BAD,EPSILON_GREEDY,Epsilon-Greedy — Battle strategy,47,44,test,0.11018311023500528,-25.657420000000457,-2.565742000000046,-1.3027235707729234,24.509978070347422,-0.01239778329655978,21.62939202866433,4
GAS,BAD,EPSILON_GREEDY,Epsilon-Greedy — Battle strategy,47,45,train,0.10467395472325501,452.5247099999999,45.25247099999999,4.237998464458426,24.728377284778986,0.21220102600723748,54.38174899135614,28
GAS,BAD,EPSILON_GREEDY,Epsilon-Greedy — Battle strategy,47,45,test,0.10467395472325501,-25.433820000000196,-2.54338200000002,-1.2912976225080142,24.61019958979898,-0.01085597152920961,21.62939202866433,4
GAS,BAD,EPSILON_GREEDY,Epsilon-Greedy — Battle strategy,48,1,train,1.0,3873.73891,387.373891,19.25634331999575,32.793137783299194,0.6447996662666009,56.87968266404516,48
GAS,BAD,EPSILON_GREEDY,Epsilon-Greedy — Battle strategy,48,1,test,1.0,-150.20463999999993,-15.020463999999992,-7.882981408943612,11.127074674343817,-0.8637938513969949,15.876539608483498,1
GAS,BAD,EPSILON_GREEDY,Epsilon-Greedy — Battle strategy,48,2,train,0.95,3838.8602299999993,383.88602299999997,19.16114717044963,32.69205272823671,0.6433188455516163,56.726415734421096,48
GAS,BAD,EPSILON_GREEDY,Epsilon-Greedy — Battle strategy,48,2,test,0.95,-161.40036999999995,-16.140036999999996,-8.497244208467425,11.157548250737898,-0.9212528871094097,16.987705284522143,1
GAS,BAD,EPSILON_GREEDY,Epsilon-Greedy — Battle strategy,48,3,train,0.9025,3840.39704,384.03970400000003,19.165354488435504,32.71802903640241,0.6431766424935027,56.752585635184126,48
GAS,BAD,EPSILON_GREEDY,Epsilon-Greedy — Battle strategy,48,3,test,0.9025,-161.40036999999995,-16.140036999999996,-8.497244208467425,11.157548250737898,-0.9212528871094097,16.987705284522143,1
GAS,BAD,EPSILON_GREEDY,Epsilon-Greedy — Battle strategy,48,4,train,0.8573749999999999,3819.1444600000004,381.91444600000005,19.10706577547805,32.726192169684644,0.6415897299932337,56.76765410251955,48
GAS,BAD,EPSILON_GREEDY,Epsilon-Greedy — Battle strategy,48,4,test,0.8573749999999999,-123.59743999999978,-12.359743999999978,-6.43905100944917,11.173935893125195,-0.7203257043752361,13.66525949635041,0
GAS,BAD,EPSILON_GREEDY,Epsilon-Greedy — Battle strategy,48,5,train,0.8145062499999999,3876.20363,387.620363,19.26304747557621,32.78603276306618,0.6450401788632633,56.851675391168165,48
GAS,BAD,EPSILON_GREEDY,Epsilon-Greedy — Battle strategy,48,5,test,0.8145062499999999,-170.9627099999999,-17.09627099999999,-9.02511489365827,11.019485948367898,-0.9868902732530418,18.07147839334858,0
GAS,BAD,EPSILON_GREEDY,Epsilon-Greedy — Battle strategy,48,6,train,0.7737809374999998,2568.5354400000015,256.85354400000017,15.193991190143109,23.6693894087345,0.6362833599754654,68.87055034757945,16
GAS,BAD,EPSILON_GREEDY,Epsilon-Greedy — Battle strategy,48,6,test,0.7737809374999998,-189.07610999999974,-18.907610999999974,-10.033367753217481,11.219406932125521,-1.0669088318713364,19.648692714123758,0
GAS,BAD,EPSILON_GREEDY,Epsilon-Greedy — Battle strategy,48,7,train,0.7350918906249998,2611.765020000002,261.1765020000002,15.348320735129928,23.707536684441667,0.6413281533128833,68.87114590086117,16
GAS,BAD,EPSILON_GREEDY,Epsilon-Greedy — Battle strategy,48,7,test,0.7350918906249998,-197.84486999999967,-19.784486999999967,-10.525474649016775,11.513663656621421,-1.0844927134362166,20.517555178239956,0
GAS,BAD,EPSILON_GREEDY,Epsilon-Greedy — Battle strategy,48,8,train,0.6983372960937497,2567.8940000000016,256.78940000000017,15.191688765654154,23.70389963983107,0.6356165508258407,68.89663385767204,16
GAS,BAD,EPSILON_GREEDY,Epsilon-Greedy — Battle strategy,48,8,test,0.6983372960937497,-197.84486999999967,-19.784486999999967,-10.525474649016775,11.513663656621421,-1.0844927134362166,20.517555178239956,0
GAS,BAD,EPSILON_GREEDY,Epsilon-Greedy — Battle strategy,48,9,train,0.6634204312890623,2652.8797800000016,265.2879780000001,15.493584553391738,23.630813347515836,0.6480110079133312,68.37711366021738,16
GAS,BAD,EPSILON_GREEDY,Epsilon-Greedy — Battle strategy,48,9,test,0.6634204312890623,-218.0486599999997,-21.80486599999997,-11.669568251728412,11.457792467558054,-1.2028881724591103,22.51947047343408,0
GAS,BAD,EPSILON_GREEDY,Epsilon-Greedy — Battle strategy,48,10,train,0.6302494097246091,2651.5307200000016,265.1530720000002,15.488841261105879,23.57541593551346,0.6488022917843481,68.39290698325662,15
GAS,BAD,EPSILON_GREEDY,Epsilon-Greedy — Battle strategy,48,10,test,0.6302494097246091,-232.61488999999972,-23.261488999999973,-12.503533468952298,12.167890174168326,-1.2039100253519845,23.59485229993015,0
GAS,BAD,EPSILON_GREEDY,Epsilon-Greedy — Battle strategy,48,11,train,0.5987369392383787,2630.4801800000023,263.04801800000024,15.414625112262904,23.77406209020695,0.6426125811009569,68.63010050968774,16
GAS,BAD,EPSILON_GREEDY,Epsilon-Greedy — Battle strategy,48,11,test,0.5987369392383787,-260.99626999999987,-26.099626999999987,-14.151309209529572,12.394798749617083,-1.333179337045639,27.56017327440674,2
GAS,BAD,EPSILON_GREEDY,Epsilon-Greedy — Battle strategy,48,12,train,0.5688000922764597,2650.4730000000013,265.0473000000001,15.485121230224319,23.66083914920022,0.6471767320086335,68.71220036282966,16
GAS,BAD,EPSILON_GREEDY,Epsilon-Greedy — Battle strategy,48,12,test,0.5688000922764597,-282.63653,-28.263652999999998,-15.428886360791127,12.447409915447103,-1.447720681493076,29.681430070629943,2
GAS,BAD,EPSILON_GREEDY,Epsilon-Greedy — Battle strategy,48,13,train,0.5403600876626367,2864.8420800000013,286.48420800000014,16.22018013403437,32.54180049591731,0.5671752878987996,68.34052358478742,43
GAS,BAD,EPSILON_GREEDY,Epsilon-Greedy — Battle strategy,48,13,test,0.5403600876626367,-246.42791999999997,-24.642791999999996,-13.30165264545059,12.2959034260854,-1.264686657107385,26.1321307533253,2
GAS,BAD,EPSILON_GREEDY,Epsilon-Greedy — Battle strategy,48,14,train,0.5133420832795048,2981.999780000001,298.1999780000001,16.60672136154451,32.65368569070726,0.5765964787139833,68.44139218440792,45
GAS,BAD,EPSILON_GREEDY,Epsilon-Greedy — Battle strategy,48,14,test,0.5133420832795048,-282.32767000000035,-28.232767000000038,-15.410518871370337,12.882170977987247,-1.3929042180477054,30.37083630750683,2
GAS,BAD,EPSILON_GREEDY,Epsilon-Greedy — Battle strategy,48,15,train,0.48767497911552954,2940.422850000001,294.0422850000001,16.47071681205199,32.625156036603244,0.5732073970666802,68.44139218440792,45
GAS,BAD,EPSILON_GREEDY,Epsilon-Greedy — Battle strategy,48,15,test,0.48767497911552954,-286.2858500000002,-28.628585000000022,-15.64620391714342,13.388145019269093,-1.3561115821728886,30.75486220849753,2
GAS,BAD,EPSILON_GREEDY,Epsilon-Greedy — Battle strategy,48,16,train,0.46329123015975304,2693.8133999999995,269.3813399999999,15.63677186299568,32.78846502869114,0.5499042556505843,68.50302243668732,48
GAS,BAD,EPSILON_GREEDY,Epsilon-Greedy — Battle strategy,48,16,test,0.46329123015975304,-275.01985000000036,-27.501985000000033,-14.977069705724855,12.81869935034112,-1.3604712298791128,29.661825560199244,2
GAS,BAD,EPSILON_GREEDY,Epsilon-Greedy — Battle strategy,48,17,train,0.44012666865176536,2557.83323,255.78332300000005,15.15552779068039,32.95446854353119,0.5359964892004562,68.55709798737524,47
GAS,BAD,EPSILON_GREEDY,Epsilon-Greedy — Battle strategy,48,17,test,0.44012666865176536,-288.41047000000003,-28.841047000000003,-15.772979002487798,12.922177054049602,-1.4214913230420199,30.960994600092356,2
GAS,BAD,EPSILON_GREEDY,Epsilon-Greedy — Battle strategy,48,18,train,0.4181203352191771,2354.683000000001,235.46830000000008,14.40518949662355,33.0427601050657,0.5155475174519788,68.71137835071718,50
GAS,BAD,EPSILON_GREEDY,Epsilon-Greedy — Battle strategy,48,18,test,0.4181203352191771,-288.41047000000003,-28.841047000000003,-15.772979002487798,12.922177054049602,-1.4214913230420199,30.960994600092356,2
GAS,BAD,EPSILON_GREEDY,Epsilon-Greedy — Battle strategy,48,19,train,0.3972143184582182,2355.0520500000007,235.50520500000007,14.406588803814246,33.01015426690472,0.5157744178192643,68.50577481821884,50
GAS,BAD,EPSILON_GREEDY,Epsilon-Greedy — Battle strategy,48,19,test,0.3972143184582182,-289.7818400000001,-28.978184000000013,-15.854907635316252,12.9428239492867,-1.4265514433775466,31.094046052992848,2
GAS,BAD,EPSILON_GREEDY,Epsilon-Greedy — Battle strategy,48,20,train,0.37735360253530725,2372.1579900000006,237.21579900000006,14.471298828951372,33.37137827233976,0.5155061972658468,68.68794426928724,51
GAS,BAD,EPSILON_GREEDY,Epsilon-Greedy — Battle strategy,48,20,test,0.37735360253530725,-301.8076900000002,-30.18076900000002,-16.576742835551073,13.309239753105684,-1.4484775632685132,32.260803977450344,2
GAS,BAD,EPSILON_GREEDY,Epsilon-Greedy — Battle strategy,48,21,train,0.3584859224085419,2355.249080000001,235.5249080000001,14.407335815934807,33.38674020834174,0.5137431747188889,68.67930017381644,51
GAS,BAD,EPSILON_GREEDY,Epsilon-Greedy — Battle strategy,48,21,test,0.3584859224085419,-301.8076900000002,-30.18076900000002,-16.576742835551073,13.309239753105684,-1.4484775632685132,32.260803977450344,2
GAS,BAD,EPSILON_GREEDY,Epsilon-Greedy — Battle strategy,48,22,train,0.3405616262881148,2424.2776400000002,242.42776400000002,14.666679059577014,33.42365262632752,0.520374571310044,68.72888308625605,51
GAS,BAD,EPSILON_GREEDY,Epsilon-Greedy — Battle strategy,48,22,test,0.3405616262881148,-281.94511999999986,-28.19451199999999,-15.387774565870293,12.802347824139579,-1.4003068086782011,30.333720989753676,2
GAS,BAD,EPSILON_GREEDY,Epsilon-Greedy — Battle strategy,48,23,train,0.323533544973709,2549.46352,254.946352,15.125375595540325,33.52747758533868,0.5317920684957291,68.48470312309848,51
GAS,BAD,EPSILON_GREEDY,Epsilon-Greedy — Battle strategy,48,23,test,0.323533544973709,-310.22210000000007,-31.022210000000005,-17.085476003655852,13.352897414457932,-1.4892259281123255,33.077177002819376,2
GAS,BAD,EPSILON_GREEDY,Epsilon-Greedy — Battle strategy,48,24,train,0.3073568677250236,2615.28528,261.528528,15.360815651151928,33.656355600273244,0.537168946604035,67.92600495800788,50
GAS,BAD,EPSILON_GREEDY,Epsilon-Greedy — Battle strategy,48,24,test,0.3073568677250236,-323.85225,-32.385225,-17.916121508445503,13.836745366558748,-1.5052462332303018,34.39958544164442,2
GAS,BAD,EPSILON_GREEDY,Epsilon-Greedy — Battle strategy,48,25,train,0.2919890243387724,2599.4848,259.94848,15.30464804740097,33.63540867930224,0.5358246476521882,68.55746917898588,50
GAS,BAD,EPSILON_GREEDY,Epsilon-Greedy — Battle strategy,48,25,test,0.2919890243387724,-329.2069100000002,-32.920691000000026,-18.244711607872453,13.766242818781338,-1.5428886931284407,34.91909898852683,2
GAS,BAD,EPSILON_GREEDY,Epsilon-Greedy — Battle strategy,48,26,train,0.27738957312183377,2677.8323200000004,267.783232,15.581038085863907,33.64731158532889,0.542933706023902,67.66404395561253,50
GAS,BAD,EPSILON_GREEDY,Epsilon-Greedy — Battle strategy,48,26,test,0.27738957312183377,-329.2069100000002,-32.920691000000026,-18.244711607872453,13.766242818781338,-1.5428886931284407,34.91909898852683,2
GAS,BAD,EPSILON_GREEDY,Epsilon-Greedy — Battle strategy,48,27,train,0.26352009446574204,2658.0254400000003,265.802544,15.511662400082127,33.671467553003176,0.5409881928564908,68.02172353278421,50
GAS,BAD,EPSILON_GREEDY,Epsilon-Greedy — Battle strategy,48,27,test,0.26352009446574204,-329.2069100000002,-32.920691000000026,-18.244711607872453,13.766242818781338,-1.5428886931284407,34.91909898852683,2
GAS,BAD,EPSILON_GREEDY,Epsilon-Greedy — Battle strategy,48,28,train,0.2503440897424549,2656.2379800000003,265.623798,15.505385219491297,33.65734147098164,0.5409138589739589,67.95957530259271,50
GAS,BAD,EPSILON_GREEDY,Epsilon-Greedy — Battle strategy,48,28,test,0.2503440897424549,-329.2069100000002,-32.920691000000026,-18.244711607872453,13.766242818781338,-1.5428886931284407,34.91909898852683,2
GAS,BAD,EPSILON_GREEDY,Epsilon-Greedy — Battle strategy,48,29,train,0.23782688525533216,2485.7832200000003,248.57832200000001,14.893872654791608,33.64331535639004,0.5250963475094185,69.69199416602208,50
GAS,BAD,EPSILON_GREEDY,Epsilon-Greedy — Battle strategy,48,29,test,0.23782688525533216,-329.2069100000002,-32.920691000000026,-18.244711607872453,13.766242818781338,-1.5428886931284407,34.91909898852683,2
GAS,BAD,EPSILON_GREEDY,Epsilon-Greedy — Battle strategy,48,30,train,0.22593554099256555,2657.8256300000007,265.7825630000001,15.510960845079769,33.90075685075908,0.5395853105514118,69.01979954805898,52
GAS,BAD,EPSILON_GREEDY,Epsilon-Greedy — Battle strategy,48,30,test,0.22593554099256555,-329.2069100000002,-32.920691000000026,-18.244711607872453,13.766242818781338,-1.5428886931284407,34.91909898852683,2
GAS,BAD,EPSILON_GREEDY,Epsilon-Greedy — Battle strategy,48,31,train,0.21463876394293727,2621.6393300000004,262.16393300000004,15.383341556416873,33.90169395051154,0.5362972762590729,69.04853193024893,52
GAS,BAD,EPSILON_GREEDY,Epsilon-Greedy — Battle strategy,48,31,test,0.21463876394293727,-322.56343000000004,-32.256343,-17.837225462756635,13.816714985315363,-1.500686043189396,34.27454305809571,2
GAS,BAD,EPSILON_GREEDY,Epsilon-Greedy — Battle strategy,48,32,train,0.2039068257457904,2657.2074800000005,265.720748,15.508790236373237,33.8503441791534,0.5398190104122059,68.96663255830065,51
GAS,BAD,EPSILON_GREEDY,Epsilon-Greedy — Battle strategy,48,32,test,0.2039068257457904,-329.2069100000002,-32.920691000000026,-18.244711607872453,13.766242818781338,-1.5428886931284407,34.91909898852683,2
GAS,BAD,EPSILON_GREEDY,Epsilon-Greedy — Battle strategy,48,33,train,0.19371148445850087,2549.5004799999997,254.95004799999998,15.125508884183358,33.703753214960436,0.5307711363656988,69.70226969094257,51
GAS,BAD,EPSILON_GREEDY,Epsilon-Greedy — Battle strategy,48,33,test,0.19371148445850087,-298.95699,-29.895699000000004,-16.405079873240414,13.568304044281223,-1.4030917915832828,31.984226703058,2
GAS,BAD,EPSILON_GREEDY,Epsilon-Greedy — Battle strategy,48,34,train,0.18402591023557582,2548.50818,254.85081799999998,15.121929930088807,33.752975018610066,0.5304011036552001,69.72519812580282,52
GAS,BAD,EPSILON_GREEDY,Epsilon-Greedy — Battle strategy,48,34,test,0.18402591023557582,-298.40166999999985,-29.840166999999983,-16.371679986836263,13.550387826245865,-1.402172447557554,31.93034909685054,2
GAS,BAD,EPSILON_GREEDY,Epsilon-Greedy — Battle strategy,48,35,train,0.174824614723797,2548.7331299999996,254.87331299999997,15.122741341039148,33.729740605914586,0.530521983089598,69.47717493560374,51
GAS,BAD,EPSILON_GREEDY,Epsilon-Greedy — Battle strategy,48,35,test,0.174824614723797,-322.2465599999998,-32.22465599999998,-17.817839430953274,13.719854652636402,-1.5105922983016788,34.24380006832591,2
GAS,BAD,EPSILON_GREEDY,Epsilon-Greedy — Battle strategy,48,36,train,0.16608338398760716,2408.8064700000004,240.88064700000004,14.608959914765496,33.606666844235434,0.5178063761844031,69.87862933513483,50
GAS,BAD,EPSILON_GREEDY,Epsilon-Greedy — Battle strategy,48,36,test,0.16608338398760716,-341.64511000000005,-34.164511000000005,-19.01303778059642,13.883024222247316,-1.596823554265903,36.12586345141194,2
GAS,BAD,EPSILON_GREEDY,Epsilon-Greedy — Battle strategy,48,37,train,0.1577792147882268,2478.91646,247.89164599999998,14.868685232618262,33.666635585443835,0.5242985551109565,69.81592544248059,52
GAS,BAD,EPSILON_GREEDY,Epsilon-Greedy — Battle strategy,48,37,test,0.1577792147882268,-304.76991999999996,-30.476991999999996,-16.755490244040793,13.535514113565677,-1.437922934168668,32.54820198478998,2
GAS,BAD,EPSILON_GREEDY,Epsilon-Greedy — Battle strategy,48,38,train,0.14989025404881545,2525.0793100000005,252.50793100000007,15.037168908822519,33.838773605956696,0.5277179179416056,69.89753774201826,52
GAS,BAD,EPSILON_GREEDY,Epsilon-Greedy — Battle strategy,48,38,test,0.14989025404881545,-304.76991999999996,-30.476991999999996,-16.755490244040793,13.535514113565677,-1.437922934168668,32.54820198478998,2
GAS,BAD,EPSILON_GREEDY,Epsilon-Greedy — Battle strategy,48,39,train,0.14239574134637467,2480.77854,248.07785399999997,14.875519745312381,33.753591395470934,0.5239928325062313,70.02040224040472,52
GAS,BAD,EPSILON_GREEDY,Epsilon-Greedy — Battle strategy,48,39,test,0.14239574134637467,-304.76991999999996,-30.476991999999996,-16.755490244040793,13.535514113565677,-1.437922934168668,32.54820198478998,2
GAS,BAD,EPSILON_GREEDY,Epsilon-Greedy — Battle strategy,48,40,train,0.13527595427905592,2297.6878800000004,229.76878800000003,14.187424156529072,33.63174148207764,0.5066435594648195,70.97618029896849,51
GAS,BAD,EPSILON_GREEDY,Epsilon-Greedy — Battle strategy,48,40,test,0.13527595427905592,-318.24783,-31.824783,-17.573582930111552,13.685993606286543,-1.4929370485196511,33.85583997275964,2
GAS,BAD,EPSILON_GREEDY,Epsilon-Greedy — Battle strategy,48,41,train,0.12851215656510312,2485.44407,248.54440700000004,14.89262968107774,33.84742403816295,0.5239133277545094,71.07067040455335,52
GAS,BAD,EPSILON_GREEDY,Epsilon-Greedy — Battle strategy,48,41,test,0.12851215656510312,-342.64934000000005,-34.264934000000004,-19.07538313731588,13.678879899362014,-1.628361640320638,36.223294677518865,2
GAS,BAD,EPSILON_GREEDY,Epsilon-Greedy — Battle strategy,48,42,train,0.12208654873684796,2355.37856,235.537856,14.407826700300008,33.750237482727066,0.5118163796832638,71.10074447439959,52
GAS,BAD,EPSILON_GREEDY,Epsilon-Greedy — Battle strategy,48,42,test,0.12208654873684796,-304.76991999999996,-30.476991999999996,-16.755490244040793,13.535514113565677,-1.437922934168668,32.54820198478998,2
GAS,BAD,EPSILON_GREEDY,Epsilon-Greedy — Battle strategy,48,43,train,0.11598222130000556,2485.54202,248.554202,14.89298867568014,33.903488602182804,0.5236200009550948,71.42180304146314,52
GAS,BAD,EPSILON_GREEDY,Epsilon-Greedy — Battle strategy,48,43,test,0.11598222130000556,-310.94715999999994,-31.094715999999995,-17.129456496149174,13.721490003750656,-1.4494410399460391,33.14752292437228,2
GAS,BAD,EPSILON_GREEDY,Epsilon-Greedy — Battle strategy,48,44,train,0.11018311023500528,2290.1398099999997,229.013981,14.158334293581397,33.881160585230276,0.5046452581328309,72.66257071764399,52
GAS,BAD,EPSILON_GREEDY,Epsilon-Greedy — Battle strategy,48,44,test,0.11018311023500528,-310.94715999999994,-31.094715999999995,-17.129456496149174,13.721490003750656,-1.4494410399460391,33.14752292437228,2
GAS,BAD,EPSILON_GREEDY,Epsilon-Greedy — Battle strategy,48,45,train,0.10467395472325501,2354.87545,235.487545,14.405919216088758,33.92461082841483,0.5108672624033871,72.46191617639151,52
GAS,BAD,EPSILON_GREEDY,Epsilon-Greedy — Battle strategy,48,45,test,0.10467395472325501,-310.94715999999994,-31.094715999999995,-17.129456496149174,13.721490003750656,-1.4494410399460391,33.14752292437228,2
GAS,BAD,EPSILON_GREEDY,Epsilon-Greedy — Battle strategy,49,1,train,1.0,1741.0438599999984,174.10438599999983,11.864080864330973,14.797942954923526,0.7027751702677398,22.23771658504795,7
GAS,BAD,EPSILON_GREEDY,Epsilon-Greedy — Battle strategy,49,1,test,1.0,65.06342999999993,6.506342999999992,3.2311162978186037,4.2519068531017,0.3010392374817322,4.193754020095382,0
GAS,BAD,EPSILON_GREEDY,Epsilon-Greedy — Battle strategy,49,2,train,0.95,640.3240600000017,64.03240600000018,5.6567942833098295,11.099574984879274,0.3751301535144808,24.576169021795767,2
GAS,BAD,EPSILON_GREEDY,Epsilon-Greedy — Battle strategy,49,2,test,0.95,65.06342999999993,6.506342999999992,3.2311162978186037,4.2519068531017,0.3010392374817322,4.193754020095382,0
GAS,BAD,EPSILON_GREEDY,Epsilon-Greedy — Battle strategy,49,3,train,0.9025,640.7012200000008,64.07012200000008,5.659495154543026,11.106371875426671,0.37520492358290536,24.688162380770418,2
GAS,BAD,EPSILON_GREEDY,Epsilon-Greedy — Battle strategy,49,3,test,0.9025,65.06342999999993,6.506342999999992,3.2311162978186037,4.2519068531017,0.3010392374817322,4.193754020095382,0
GAS,BAD,EPSILON_GREEDY,Epsilon-Greedy — Battle strategy,49,4,train,0.8573749999999999,637.9713700000007,63.79713700000007,5.639934021462412,11.13056861202698,0.37295558295528963,24.583850619504997,2
GAS,BAD,EPSILON_GREEDY,Epsilon-Greedy — Battle strategy,49,4,test,0.8573749999999999,65.06342999999993,6.506342999999992,3.2311162978186037,4.2519068531017,0.3010392374817322,4.193754020095382,0
GAS,BAD,EPSILON_GREEDY,Epsilon-Greedy — Battle strategy,49,5,train,0.8145062499999999,624.1434800000011,62.41434800000011,5.54040091403909,11.155468061560217,0.3638422660758741,24.7512480383937,2
GAS,BAD,EPSILON_GREEDY,Epsilon-Greedy — Battle strategy,49,5,test,0.8145062499999999,66.30529999999976,6.630529999999976,3.2918231255035124,4.253915400544999,0.3147811086900977,4.193754020095382,0
GAS,BAD,EPSILON_GREEDY,Epsilon-Greedy — Battle strategy,49,6,train,0.7737809374999998,515.1171000000004,51.51171000000004,4.728120690452764,12.893776364607856,0.2705247311941401,25.629849326379357,4
GAS,BAD,EPSILON_GREEDY,Epsilon-Greedy — Battle strategy,49,6,test,0.7737809374999998,65.30469999999991,6.530469999999991,3.242913139765946,4.267350808159556,0.3027898078254131,4.197663973693396,0
GAS,BAD,EPSILON_GREEDY,Epsilon-Greedy — Battle strategy,49,7,train,0.7350918906249998,565.6689299999998,56.566892999999986,5.110994043584238,12.828829161178607,0.29996745557912213,26.14601241769236,3
GAS,BAD,EPSILON_GREEDY,Epsilon-Greedy — Battle strategy,49,7,test,0.7350918906249998,65.30469999999991,6.530469999999991,3.242913139765946,4.267350808159556,0.3027898078254131,4.197663973693396,0
GAS,BAD,EPSILON_GREEDY,Epsilon-Greedy — Battle strategy,49,8,train,0.6983372960937497,550.1533199999999,55.015331999999994,4.994663883941541,13.029940559945551,0.2887937475770875,27.98222012973926,4
GAS,BAD,EPSILON_GREEDY,Epsilon-Greedy — Battle strategy,49,8,test,0.6983372960937497,65.30469999999991,6.530469999999991,3.242913139765946,4.267350808159556,0.3027898078254131,4.197663973693396,0
GAS,BAD,EPSILON_GREEDY,Epsilon-Greedy — Battle strategy,49,9,train,0.6634204312890623,1193.2353699999999,119.32353699999997,9.125015374343892,11.916288097862653,0.6306801765226633,24.847469086973963,2
GAS,BAD,EPSILON_GREEDY,Epsilon-Greedy — Battle strategy,49,9,test,0.6634204312890623,65.30469999999991,6.530469999999991,3.242913139765946,4.267350808159556,0.3027898078254131,4.197663973693396,0
GAS,BAD,EPSILON_GREEDY,Epsilon-Greedy — Battle strategy,49,10,train,0.6302494097246091,1297.1061599999994,129.71061599999993,9.687898699892328,11.785878502002314,0.6803598760970653,21.655825955459765,2
GAS,BAD,EPSILON_GREEDY,Epsilon-Greedy — Battle strategy,49,10,test,0.6302494097246091,65.30469999999991,6.530469999999991,3.242913139765946,4.267350808159556,0.3027898078254131,4.197663973693396,0
GAS,BAD,EPSILON_GREEDY,Epsilon-Greedy — Battle strategy,49,11,train,0.5987369392383787,1152.7814200000007,115.27814200000006,8.899362002385347,12.864949591637428,0.5769802157301616,27.423951581151133,2
GAS,BAD,EPSILON_GREEDY,Epsilon-Greedy — Battle strategy,49,11,test,0.5987369392383787,68.29056999999989,6.829056999999988,3.3887971507890136,4.30466093951775,0.3334361044114761,4.18601788412783,0
GAS,BAD,EPSILON_GREEDY,Epsilon-Greedy — Battle strategy,49,12,train,0.5688000922764597,755.8476900000001,75.58476900000001,6.459350148069043,14.433151748973817,0.37063317223531506,41.177974596297794,2
GAS,BAD,EPSILON_GREEDY,Epsilon-Greedy — Battle strategy,49,12,test,0.5688000922764597,68.29056999999989,6.829056999999988,3.3887971507890136,4.30466093951775,0.3334361044114761,4.18601788412783,0
GAS,BAD,EPSILON_GREEDY,Epsilon-Greedy — Battle strategy,49,13,train,0.5403600876626367,779.4102800000005,77.94102800000006,6.617256241681746,14.573405477935388,0.3787073638287911,40.721320365676355,2
GAS,BAD,EPSILON_GREEDY,Epsilon-Greedy — Battle strategy,49,13,test,0.5403600876626367,67.63622999999984,6.763622999999984,3.356844629228206,4.307163416051511,0.3260680221993549,4.188564539875556,0
GAS,BAD,EPSILON_GREEDY,Epsilon-Greedy — Battle strategy,49,14,train,0.5133420832795048,1015.9923300000037,101.59923300000038,8.107361994147189,13.771084302505827,0.4942180341533331,33.83141439003865,2
GAS,BAD,EPSILON_GREEDY,Epsilon-Greedy — Battle strategy,49,14,test,0.5133420832795048,67.63622999999984,6.763622999999984,3.356844629228206,4.307163416051511,0.3260680221993549,4.188564539875556,0
GAS,BAD,EPSILON_GREEDY,Epsilon-Greedy — Battle strategy,49,15,train,0.48767497911552954,1141.6371100000001,114.163711,8.83653668836768,13.789245395746844,0.5429661949911674,29.949324719322007,2
GAS,BAD,EPSILON_GREEDY,Epsilon-Greedy — Battle strategy,49,15,test,0.48767497911552954,67.63622999999984,6.763622999999984,3.356844629228206,4.307163416051511,0.3260680221993549,4.188564539875556,0
GAS,BAD,EPSILON_GREEDY,Epsilon-Greedy — Battle strategy,49,16,train,0.46329123015975304,1137.3943599999989,113.7394359999999,8.812542073355578,13.870561682675373,0.5389860256022968,30.073704170241623,2
GAS,BAD,EPSILON_GREEDY,Epsilon-Greedy — Battle strategy,49,16,test,0.46329123015975304,67.63622999999984,6.763622999999984,3.356844629228206,4.307163416051511,0.3260680221993549,4.188564539875556,0
GAS,BAD,EPSILON_GREEDY,Epsilon-Greedy — Battle strategy,49,17,train,0.44012666865176536,1134.5437000000002,113.45437000000003,8.79639655027502,13.894210441455659,0.537187731318236,30.16105971137658,2
GAS,BAD,EPSILON_GREEDY,Epsilon-Greedy — Battle strategy,49,17,test,0.44012666865176536,67.07401999999979,6.707401999999979,3.3293832190022687,4.305104574966663,0.3200112955214067,4.188564539875556,0
GAS,BAD,EPSILON_GREEDY,Epsilon-Greedy — Battle strategy,49,18,train,0.4181203352191771,1068.3634700000007,106.83634700000006,8.416072725764145,13.982452772990353,0.509433988637028,32.16359378978319,2
GAS,BAD,EPSILON_GREEDY,Epsilon-Greedy — Battle strategy,49,18,test,0.4181203352191771,68.16839999999979,6.81683999999998,3.3828321208783763,4.370268965637667,0.32774743589124883,4.184307013151988,0
GAS,BAD,EPSILON_GREEDY,Epsilon-Greedy — Battle strategy,49,19,train,0.3972143184582182,852.6644000000031,85.26644000000032,7.096573351832225,14.760415350783685,0.4064642886103706,39.37109086950732,2
GAS,BAD,EPSILON_GREEDY,Epsilon-Greedy — Battle strategy,49,19,test,0.3972143184582182,67.13767999999982,6.713767999999982,3.3324930813372067,4.369652510070892,0.31660615726150376,4.183486560567902,0
GAS,BAD,EPSILON_GREEDY,Epsilon-Greedy — Battle strategy,49,20,train,0.37735360253530725,801.4100199999989,80.1410019999999,6.763019994763098,15.681206068597309,0.37147278781987875,41.95377418721101,3
GAS,BAD,EPSILON_GREEDY,Epsilon-Greedy — Battle strategy,49,20,test,0.37735360253530725,74.25473999999963,7.425473999999962,3.679591724310427,4.3966847740124795,0.3914422514948489,4.184307013151988,0
GAS,BAD,EPSILON_GREEDY,Epsilon-Greedy — Battle strategy,49,21,train,0.3584859224085419,830.9444399999988,83.0944439999999,6.956238263299808,15.830632161609614,0.3809724203047768,40.25700105496609,3
GAS,BAD,EPSILON_GREEDY,Epsilon-Greedy — Battle strategy,49,21,test,0.3584859224085419,74.25473999999963,7.425473999999962,3.679591724310427,4.3966847740124795,0.3914422514948489,4.184307013151988,0
GAS,BAD,EPSILON_GREEDY,Epsilon-Greedy — Battle strategy,49,22,train,0.3405616262881148,815.0591799999979,81.5059179999998,6.852661919564462,15.64566192670688,0.37735865114989775,41.84197427100326,3
GAS,BAD,EPSILON_GREEDY,Epsilon-Greedy — Battle strategy,49,22,test,0.3405616262881148,74.46588999999972,7.446588999999972,3.689872067106381,4.3961104878571,0.39375025565809196,4.183486560567902,0
GAS,BAD,EPSILON_GREEDY,Epsilon-Greedy — Battle strategy,49,23,train,0.323533544973709,810.8003399999993,81.08003399999994,6.824756148572564,15.688602092446594,0.3751018086134592,42.016176734316005,3
GAS,BAD,EPSILON_GREEDY,Epsilon-Greedy — Battle strategy,49,23,test,0.323533544973709,74.46588999999972,7.446588999999972,3.689872067106381,4.3961104878571,0.39375025565809196,4.183486560567902,0
GAS,BAD,EPSILON_GREEDY,Epsilon-Greedy — Battle strategy,49,24,train,0.3073568677250236,902.4427399999972,90.24427399999972,7.412760525359219,15.863399222899083,0.40762166578098313,39.05360554527719,3
GAS,BAD,EPSILON_GREEDY,Epsilon-Greedy — Battle strategy,49,24,test,0.3073568677250236,73.78622999999993,7.378622999999994,3.656777618185858,4.396290840060062,0.38645166961113864,4.183486560567902,0
GAS,BAD,EPSILON_GREEDY,Epsilon-Greedy — Battle strategy,49,25,train,0.2919890243387724,912.8286700000012,91.28286700000012,7.477802423485613,16.106880620335424,0.40763387104516136,40.69675243862748,3
GAS,BAD,EPSILON_GREEDY,Epsilon-Greedy — Battle strategy,49,25,test,0.2919890243387724,73.78622999999993,7.378622999999994,3.656777618185858,4.396290840060062,0.38645166961113864,4.183486560567902,0
GAS,BAD,EPSILON_GREEDY,Epsilon-Greedy — Battle strategy,49,26,train,0.27738957312183377,1001.8140199999975,100.18140199999974,8.022559818510079,16.165298432577163,0.43828198762598974,39.79292254287511,3
GAS,BAD,EPSILON_GREEDY,Epsilon-Greedy — Battle strategy,49,26,test,0.27738957312183377,72.54435999999987,7.254435999999986,3.5962808515759503,4.396251006778894,0.3731329891947268,4.183486560567902,0
GAS,BAD,EPSILON_GREEDY,Epsilon-Greedy — Battle strategy,49,27,train,0.26352009446574204,988.8499099999976,98.88499099999977,7.94455138974437,16.200614149707977,0.43319636888397567,38.29249226688721,3
GAS,BAD,EPSILON_GREEDY,Epsilon-Greedy — Battle strategy,49,27,test,0.26352009446574204,67.45382999999993,6.745382999999992,3.347936001409124,4.414437819373802,0.3172335062004603,4.203356570908949,0
GAS,BAD,EPSILON_GREEDY,Epsilon-Greedy — Battle strategy,49,28,train,0.2503440897424549,2269.521030000003,226.9521030000003,14.078567211493764,20.437327505378203,0.6541359976444662,42.49289729807203,6
GAS,BAD,EPSILON_GREEDY,Epsilon-Greedy — Battle strategy,49,28,test,0.2503440897424549,67.45382999999993,6.745382999999992,3.347936001409124,4.414437819373802,0.3172335062004603,4.203356570908949,0
GAS,BAD,EPSILON_GREEDY,Epsilon-Greedy — Battle strategy,49,29,train,0.23782688525533216,1038.9009299999984,103.89009299999985,8.243267390039133,18.544394953505744,0.4154790415464868,37.66573173423144,9
GAS,BAD,EPSILON_GREEDY,Epsilon-Greedy — Battle strategy,49,29,test,0.23782688525533216,73.43997000000013,7.343997000000013,3.639913308926812,4.407002210929844,0.3819153632728717,4.184832170640742,0
GAS,BAD,EPSILON_GREEDY,Epsilon-Greedy — Battle strategy,49,30,train,0.22593554099256555,2150.0772400000014,215.0077240000001,13.6074852163804,21.786989627159496,0.6075873485130463,45.02550755392618,12
GAS,BAD,EPSILON_GREEDY,Epsilon-Greedy — Battle strategy,49,30,test,0.22593554099256555,73.78622999999993,7.378622999999994,3.656777618185858,4.396290840060062,0.38645166961113864,4.183486560567902,0
GAS,BAD,EPSILON_GREEDY,Epsilon-Greedy — Battle strategy,49,31,train,0.21463876394293727,1973.6205199999977,197.36205199999978,12.881637668870226,22.132596270766257,0.572382505481996,45.107105210312525,14
GAS,BAD,EPSILON_GREEDY,Epsilon-Greedy — Battle strategy,49,31,test,0.21463876394293727,73.78622999999993,7.378622999999994,3.656777618185858,4.396290840060062,0.38645166961113864,4.183486560567902,0
GAS,BAD,EPSILON_GREEDY,Epsilon-Greedy — Battle strategy,49,32,train,0.2039068257457904,2241.9076099999993,224.19076099999992,13.971036960892015,21.69926137358654,0.6240199289068978,45.213625888647755,12
GAS,BAD,EPSILON_GREEDY,Epsilon-Greedy — Battle strategy,49,32,test,0.2039068257457904,67.45382999999993,6.745382999999992,3.347936001409124,4.414437819373802,0.3172335062004603,4.203356570908949,0
GAS,BAD,EPSILON_GREEDY,Epsilon-Greedy — Battle strategy,49,33,train,0.19371148445850087,2142.6374399999986,214.2637439999999,13.577620518458321,22.01957752539506,0.6022720496610785,45.68545148512671,12
GAS,BAD,EPSILON_GREEDY,Epsilon-Greedy — Battle strategy,49,33,test,0.19371148445850087,67.80008999999995,6.780008999999995,3.364847098864132,4.403737295524122,0.32162470307384855,4.201999023561172,0
GAS,BAD,EPSILON_GREEDY,Epsilon-Greedy — Battle strategy,49,34,train,0.18402591023557582,3274.8230599999933,327.48230599999937,17.530350421483543,26.260063364734464,0.6753325401432304,64.93264366117715,18
GAS,BAD,EPSILON_GREEDY,Epsilon-Greedy — Battle strategy,49,34,test,0.18402591023557582,72.54435999999987,7.254435999999986,3.5962808515759503,4.396251006778894,0.3731329891947268,4.183486560567902,0
GAS,BAD,EPSILON_GREEDY,Epsilon-Greedy — Battle strategy,49,35,train,0.174824614723797,2789.397930000001,278.9397930000001,15.965715126575475,26.51123955455217,0.6204689834295406,67.76993199723984,21
GAS,BAD,EPSILON_GREEDY,Epsilon-Greedy — Battle strategy,49,35,test,0.174824614723797,67.80008999999995,6.780008999999995,3.364847098864132,4.403737295524122,0.32162470307384855,4.201999023561172,0
GAS,BAD,EPSILON_GREEDY,Epsilon-Greedy — Battle strategy,49,36,train,0.16608338398760716,2796.467969999998,279.64679699999976,15.989751907080185,26.572413592284782,0.6204744414687526,67.40403320407918,21
GAS,BAD,EPSILON_GREEDY,Epsilon-Greedy — Battle strategy,49,36,test,0.16608338398760716,67.80008999999995,6.780008999999995,3.364847098864132,4.403737295524122,0.32162470307384855,4.201999023561172,0
GAS,BAD,EPSILON_GREEDY,Epsilon-Greedy — Battle strategy,49,37,train,0.1577792147882268,2759.0950199999943,275.90950199999946,15.862237362360009,26.846344521303894,0.6126919769020379,68.43969216853877,21
GAS,BAD,EPSILON_GREEDY,Epsilon-Greedy — Battle strategy,49,37,test,0.1577792147882268,67.80008999999995,6.780008999999995,3.364847098864132,4.403737295524122,0.32162470307384855,4.201999023561172,0
GAS,BAD,EPSILON_GREEDY,Epsilon-Greedy — Battle strategy,49,38,train,0.14989025404881545,2770.7566499999957,277.07566499999956,15.902146719106769,27.11454678235887,0.6106060369846075,68.4916391889486,22
GAS,BAD,EPSILON_GREEDY,Epsilon-Greedy — Battle strategy,49,38,test,0.14989025404881545,67.80008999999995,6.780008999999995,3.364847098864132,4.403737295524122,0.32162470307384855,4.201999023561172,0
GAS,BAD,EPSILON_GREEDY,Epsilon-Greedy — Battle strategy,49,39,train,0.14239574134637467,2421.656909999998,242.1656909999998,14.656918085609515,26.9407070429936,0.5723020318500576,68.4916391889486,21
GAS,BAD,EPSILON_GREEDY,Epsilon-Greedy — Battle strategy,49,39,test,0.14239574134637467,67.80008999999995,6.780008999999995,3.364847098864132,4.403737295524122,0.32162470307384855,4.201999023561172,0
GAS,BAD,EPSILON_GREEDY,Epsilon-Greedy — Battle strategy,49,40,train,0.13527595427905592,2846.0216599999962,284.6021659999996,16.157116981021026,27.096016624679898,0.6190202877097845,68.29138593362796,22
GAS,BAD,EPSILON_GREEDY,Epsilon-Greedy — Battle strategy,49,40,test,0.13527595427905592,66.04941000000008,6.604941000000009,3.279317219173783,4.50665692615711,0.2968595855867783,4.201999023561172,0
GAS,BAD,EPSILON_GREEDY,Epsilon-Greedy — Battle strategy,49,41,train,0.12851215656510312,2870.4086599999987,287.0408659999998,16.23878023384906,27.55762360692379,0.6158385925946102,68.50582376959457,24
GAS,BAD,EPSILON_GREEDY,Epsilon-Greedy — Battle strategy,49,41,test,0.12851215656510312,66.04941000000008,6.604941000000009,3.279317219173783,4.50665692615711,0.2968595855867783,4.201999023561172,0
GAS,BAD,EPSILON_GREEDY,Epsilon-Greedy — Battle strategy,49,42,train,0.12208654873684796,2887.445059999997,288.7445059999997,16.2955580751192,26.894300047421044,0.6260598118482389,68.00267343085721,21
GAS,BAD,EPSILON_GREEDY,Epsilon-Greedy — Battle strategy,49,42,test,0.12208654873684796,65.83995000000004,6.583995000000005,3.2690793417751163,4.492382016205567,0.295447211507066,4.201999023561172,0
GAS,BAD,EPSILON_GREEDY,Epsilon-Greedy — Battle strategy,49,43,train,0.11598222130000556,1823.8686899999948,182.38686899999948,12.234956860487145,27.739274834678245,0.4861754976243591,71.50660667995902,28
GAS,BAD,EPSILON_GREEDY,Epsilon-Greedy — Battle strategy,49,43,test,0.11598222130000556,65.83995000000004,6.583995000000005,3.2690793417751163,4.492382016205567,0.295447211507066,4.201999023561172,0
GAS,BAD,EPSILON_GREEDY,Epsilon-Greedy — Battle strategy,49,44,train,0.11018311023500528,1834.4880799999928,183.44880799999927,12.281807267933686,27.722526056063362,0.48781802396103674,71.50660667995902,28
GAS,BAD,EPSILON_GREEDY,Epsilon-Greedy — Battle strategy,49,44,test,0.11018311023500528,65.83995000000004,6.583995000000005,3.2690793417751163,4.492382016205567,0.295447211507066,4.201999023561172,0
GAS,BAD,EPSILON_GREEDY,Epsilon-Greedy — Battle strategy,49,45,train,0.10467395472325501,1825.0548299999946,182.50548299999946,12.240197609883374,27.72322073871731,0.48646630581019495,71.50660667995902,28
GAS,BAD,EPSILON_GREEDY,Epsilon-Greedy — Battle strategy,49,45,test,0.10467395472325501,65.83995000000004,6.583995000000005,3.2690793417751163,4.492382016205567,0.295447211507066,4.201999023561172,0
GAS,BAD,EPSILON_GREEDY,Epsilon-Greedy — Battle strategy,50,1,train,1.0,1932.7214000000008,193.2721400000001,12.707947142876574,11.791052914300389,0.9123492968611614,13.94865099130031,0
GAS,BAD,EPSILON_GREEDY,Epsilon-Greedy — Battle strategy,50,1,test,1.0,-2.0669800000000578,-0.20669800000000577,-0.10433031291368078,0.13710999425717957,-15.349778788856078,0.20669800000000577,0
GAS,BAD,EPSILON_GREEDY,Epsilon-Greedy — Battle strategy,50,2,train,0.95,1935.732660000001,193.5732660000001,12.720808557771669,11.818229626064575,0.911495845887568,13.94865099130031,0
GAS,BAD,EPSILON_GREEDY,Epsilon-Greedy — Battle strategy,50,2,test,0.95,0.12978999999995722,0.012978999999995721,0.006547551548163888,0.450867595459053,-4.419072711225877,0.6405049079449963,0
GAS,BAD,EPSILON_GREEDY,Epsilon-Greedy — Battle strategy,50,3,train,0.9025,1905.7344700000003,190.57344700000002,12.592156150264078,11.865405794118717,0.8986359435462303,13.94865099130031,0
GAS,BAD,EPSILON_GREEDY,Epsilon-Greedy — Battle strategy,50,3,test,0.9025,1.224589999999921,0.1224589999999921,0.061760480048067556,0.45927318426856273,-4.217569024086869,0.6405049079449963,0
GAS,BAD,EPSILON_GREEDY,Epsilon-Greedy — Battle strategy,50,4,train,0.8573749999999999,2507.9991200000004,250.79991200000003,14.975060005989537,12.534196679341486,1.0257521749769793,13.94865099130031,0
GAS,BAD,EPSILON_GREEDY,Epsilon-Greedy — Battle strategy,50,4,test,0.8573749999999999,0.9473099999999022,0.09473099999999021,0.04777953149357472,0.949730053844266,-2.050674945392891,0.7081132003175936,0
GAS,BAD,EPSILON_GREEDY,Epsilon-Greedy — Battle strategy,50,5,train,0.8145062499999999,2428.7262199999996,242.87262199999998,14.683232715234439,12.499804663585278,1.0077200523676728,13.94865099130031,0
GAS,BAD,EPSILON_GREEDY,Epsilon-Greedy — Battle strategy,50,5,test,0.8145062499999999,2.2070099999999684,0.22070099999999684,0.11128040144787743,1.1325354390906475,-1.661799000980167,0.7829154520510364,0
GAS,BAD,EPSILON_GREEDY,Epsilon-Greedy — Battle strategy,50,6,train,0.7737809374999998,2732.6976099999993,273.26976099999996,15.771490004008836,12.677665827752223,1.070507053287296,13.94865099130031,0
GAS,BAD,EPSILON_GREEDY,Epsilon-Greedy — Battle strategy,50,6,test,0.7737809374999998,12.728510000000142,1.2728510000000142,0.6401269890616179,1.178608099472732,-1.1480009646434957,0.7754115704898108,0
GAS,BAD,EPSILON_GREEDY,Epsilon-Greedy — Battle strategy,50,7,train,0.7350918906249998,2504.1232699999982,250.41232699999983,14.960928797023755,12.535073205245792,1.0247182263519867,13.94865099130031,0
GAS,BAD,EPSILON_GREEDY,Epsilon-Greedy — Battle strategy,50,7,test,0.7350918906249998,13.09983000000011,1.309983000000011,0.6587409455333759,1.5243729871313196,-0.8723755220237837,0.8693809290349235,0
GAS,BAD,EPSILON_GREEDY,Epsilon-Greedy — Battle strategy,50,8,train,0.6983372960937497,2766.0706599999994,276.607066,15.886123153872278,12.714031040343599,1.0756757865181987,13.94865099130031,0
GAS,BAD,EPSILON_GREEDY,Epsilon-Greedy — Battle strategy,50,8,test,0.6983372960937497,28.696940000000268,2.8696940000000266,1.437580477611733,1.8310105323513342,-0.3012368462686711,1.1657598697845792,0
GAS,BAD,EPSILON_GREEDY,Epsilon-Greedy — Battle strategy,50,9,train,0.6634204312890623,2810.2736699999978,281.0273669999998,16.03657416480071,12.816555760884677,1.0782905019797846,13.94865099130031,0
GAS,BAD,EPSILON_GREEDY,Epsilon-Greedy — Battle strategy,50,9,test,0.6634204312890623,37.35552999999982,3.7355529999999817,1.8674210893000254,2.075360642052926,-0.05910482168419539,1.5469814774042834,0
GAS,BAD,EPSILON_GREEDY,Epsilon-Greedy — Battle strategy,50,10,train,0.6302494097246091,3213.7508,321.37507999999997,17.34246016636467,14.474496033142037,1.0484579858857972,20.18351779986083,4
GAS,BAD,EPSILON_GREEDY,Epsilon-Greedy — Battle strategy,50,10,test,0.6302494097246091,29.77931000000035,2.977931000000035,1.4914106375641722,2.428592482615938,-0.1999575603830999,1.6796759829273415,0
GAS,BAD,EPSILON_GREEDY,Epsilon-Greedy — Battle strategy,50,11,train,0.5987369392383787,3392.6028000000015,339.26028000000014,17.886062364994437,14.524492918091102,1.077481787691955,20.277931005254626,4
GAS,BAD,EPSILON_GREEDY,Epsilon-Greedy — Battle strategy,50,11,test,0.5987369392383787,27.876799999999776,2.7876799999999773,1.3967732682586442,2.657798481478639,-0.2157492623044421,2.1504882561660543,0
GAS,BAD,EPSILON_GREEDY,Epsilon-Greedy — Battle strategy,50,12,train,0.5688000922764597,3064.4776199999988,306.44776199999984,16.872824622291247,14.495615284465316,1.019209878284974,19.188957994213215,4
GAS,BAD,EPSILON_GREEDY,Epsilon-Greedy — Battle strategy,50,12,test,0.5688000922764597,42.43583000000035,4.243583000000035,2.1187964556447225,2.9053089332670097,0.04997683148229332,2.470530646336281,0
GAS,BAD,EPSILON_GREEDY,Epsilon-Greedy — Battle strategy,50,13,train,0.5403600876626367,3382.9245199999923,338.29245199999923,17.857154288882306,14.62351020172887,1.0694913012718403,20.260428626809933,4
GAS,BAD,EPSILON_GREEDY,Epsilon-Greedy — Battle strategy,50,13,test,0.5403600876626367,35.53519000000074,3.553519000000074,1.7772015108814543,2.9606884653715295,-0.06393446954682115,2.9103724891367486,0
GAS,BAD,EPSILON_GREEDY,Epsilon-Greedy — Battle strategy,50,14,train,0.5133420832795048,3682.809449999996,368.28094499999963,18.727616307917792,15.243297051826973,1.08074474576855,22.19416724137549,5
GAS,BAD,EPSILON_GREEDY,Epsilon-Greedy — Battle strategy,50,14,test,0.5133420832795048,70.79673000000071,7.079673000000071,3.5110875435932387,3.143603843882914,0.4805949506481362,2.5061485703701116,0
GAS,BAD,EPSILON_GREEDY,Epsilon-Greedy — Battle strategy,50,15,train,0.48767497911552954,3525.3562799999945,352.53562799999946,18.276974272901203,15.255321089915974,1.0548750320144884,22.281120467789883,5
GAS,BAD,EPSILON_GREEDY,Epsilon-Greedy — Battle strategy,50,15,test,0.48767497911552954,74.33730000000082,7.433730000000082,3.6836114745829596,3.390149250149569,0.49728374709347656,3.209834637293903,0
GAS,BAD,EPSILON_GREEDY,Epsilon-Greedy — Battle strategy,50,16,train,0.46329123015975304,3936.9336899999917,393.69336899999917,19.427292038917333,15.720439747210735,1.0903465680433173,22.25427663331902,6
GAS,BAD,EPSILON_GREEDY,Epsilon-Greedy — Battle strategy,50,16,test,0.46329123015975304,106.0159100000003,10.601591000000031,5.214871665233889,3.497645644762655,0.9035501739057642,1.3960076635386085,0
GAS,BAD,EPSILON_GREEDY,Epsilon-Greedy — Battle strategy,50,17,train,0.44012666865176536,4183.096759999988,418.3096759999987,20.075165995114318,16.06952111641209,1.1040807848557739,22.253624766435962,6
GAS,BAD,EPSILON_GREEDY,Epsilon-Greedy — Battle strategy,50,17,test,0.44012666865176536,87.15722000000028,8.715722000000028,4.3059521326925365,3.8568505382827576,0.5971955973358305,2.7033513010996124,0
GAS,BAD,EPSILON_GREEDY,Epsilon-Greedy — Battle strategy,50,18,train,0.4181203352191771,4036.771909999986,403.6771909999986,19.693442178390974,16.074721573075,1.083786417276327,22.12218134187497,6
GAS,BAD,EPSILON_GREEDY,Epsilon-Greedy — Battle strategy,50,18,test,0.4181203352191771,88.14742000000024,8.814742000000024,4.353869544085764,3.8561022713800264,0.6092529529439987,2.7033513010996124,0
GAS,BAD,EPSILON_GREEDY,Epsilon-Greedy — Battle strategy,50,19,train,0.3972143184582182,4382.446889999995,438.2446889999994,20.580089726494588,16.176462513244395,1.1240322950230526,22.274395135664623,6
GAS,BAD,EPSILON_GREEDY,Epsilon-Greedy — Battle strategy,50,19,test,0.3972143184582182,83.75569999999993,8.375569999999993,4.141182005317834,3.869814304112563,0.5543405130245376,2.9186026086958705,0
GAS,BAD,EPSILON_GREEDY,Epsilon-Greedy — Battle strategy,50,20,train,0.37735360253530725,4070.9007099999935,407.0900709999994,19.783348403080424,16.17581786276255,1.0826992359897814,22.13634891510365,6
GAS,BAD,EPSILON_GREEDY,Epsilon-Greedy — Battle strategy,50,20,test,0.37735360253530725,87.68379000000027,8.768379000000028,4.331436414671286,3.8826971142639715,0.5997897111406707,2.565763544379727,0
GAS,BAD,EPSILON_GREEDY,Epsilon-Greedy — Battle strategy,50,21,train,0.3584859224085419,4485.409409999983,448.5409409999983,20.834401400003188,16.568155905359248,1.1141551540912187,22.1870620169656,6
GAS,BAD,EPSILON_GREEDY,Epsilon-Greedy — Battle strategy,50,21,test,0.3584859224085419,93.87270000000012,9.387270000000013,4.630502675332582,4.460247567520922,0.5917913233476211,2.805580799990069,0
GAS,BAD,EPSILON_GREEDY,Epsilon-Greedy — Battle strategy,50,22,train,0.3405616262881148,4394.861719999987,439.48617199999876,20.61098177621854,16.790198038313843,1.09049196100788,22.205047009646247,6
GAS,BAD,EPSILON_GREEDY,Epsilon-Greedy — Battle strategy,50,22,test,0.3405616262881148,93.87270000000012,9.387270000000013,4.630502675332582,4.460247567520922,0.5917913233476211,2.805580799990069,0
GAS,BAD,EPSILON_GREEDY,Epsilon-Greedy — Battle strategy,50,23,train,0.323533544973709,4277.990979999997,427.7990979999997,20.31763207120958,16.73679043774576,1.0787546100907568,22.177292690761348,6
GAS,BAD,EPSILON_GREEDY,Epsilon-Greedy — Battle strategy,50,23,test,0.323533544973709,90.62972000000013,9.062972000000013,4.473897248466607,4.453287970465969,0.5589036970116528,3.0982569004637304,0
GAS,BAD,EPSILON_GREEDY,Epsilon-Greedy — Battle strategy,50,24,train,0.3073568677250236,4499.933039999986,449.9933039999986,20.8699318831965,16.873855487845834,1.0987585609598136,22.16237411289738,6
GAS,BAD,EPSILON_GREEDY,Epsilon-Greedy — Battle strategy,50,24,test,0.3073568677250236,88.46222000000034,8.846222000000035,4.36909870860378,4.451641935036685,0.5364766188520949,2.9878995426823987,0
GAS,BAD,EPSILON_GREEDY,Epsilon-Greedy — Battle strategy,50,25,train,0.2919890243387724,4295.405119999989,429.5405119999989,20.36170598080478,16.956014852256477,1.0691573670698429,22.2440535364444,6
GAS,BAD,EPSILON_GREEDY,Epsilon-Greedy — Battle strategy,50,25,test,0.2919890243387724,82.89217000000008,8.289217000000008,4.099311716547183,4.422435538412447,0.4810146171641492,3.2884302163730554,0
GAS,BAD,EPSILON_GREEDY,Epsilon-Greedy — Battle strategy,50,26,train,0.27738957312183377,4735.435480000003,473.5435480000003,21.434722568312313,17.939866756466117,1.0701013230076006,22.267819344503547,7
GAS,BAD,EPSILON_GREEDY,Epsilon-Greedy — Battle strategy,50,26,test,0.27738957312183377,87.55179000000044,8.755179000000043,4.325048616602012,4.4138991758661215,0.531092011226021,3.2112561982719954,0
GAS,BAD,EPSILON_GREEDY,Epsilon-Greedy — Battle strategy,50,27,train,0.26352009446574204,5180.347989999992,518.0347989999992,22.44766965023701,18.059490446560797,1.1106258788144232,22.130908252344128,7
GAS,BAD,EPSILON_GREEDY,Epsilon-Greedy — Battle strategy,50,27,test,0.26352009446574204,89.12078000000065,8.912078000000065,4.40095098636204,4.411557573832938,0.5478894247341312,3.1702933778623494,0
GAS,BAD,EPSILON_GREEDY,Epsilon-Greedy — Battle strategy,50,28,train,0.2503440897424549,4959.5090299999965,495.9509029999997,21.953282486850977,18.074274529569795,1.0872865091410098,22.151813248575532,7
GAS,BAD,EPSILON_GREEDY,Epsilon-Greedy — Battle strategy,50,28,test,0.2503440897424549,79.96358000000055,7.996358000000055,3.9571887822948515,4.456572614279004,0.4469184763744253,3.8947980336318806,0
GAS,BAD,EPSILON_GREEDY,Epsilon-Greedy — Battle strategy,50,29,train,0.23782688525533216,5029.133199999984,502.91331999999835,22.11088158230683,18.179185371699255,1.0892188892702224,22.276695391981942,7
GAS,BAD,EPSILON_GREEDY,Epsilon-Greedy — Battle strategy,50,29,test,0.23782688525533216,79.96358000000055,7.996358000000055,3.9571887822948515,4.456601951534846,0.4469158278801444,3.8947980336318806,0
GAS,BAD,EPSILON_GREEDY,Epsilon-Greedy — Battle strategy,50,30,train,0.22593554099256555,4836.787229999993,483.67872299999925,21.67146510662834,18.163055045591353,1.0699805788106385,22.26712615195072,7
GAS,BAD,EPSILON_GREEDY,Epsilon-Greedy — Battle strategy,50,30,test,0.22593554099256555,79.96358000000055,7.996358000000055,3.9571887822948515,4.4566196751667135,0.4469142278712986,3.8947980336318806,0
GAS,BAD,EPSILON_GREEDY,Epsilon-Greedy — Battle strategy,50,31,train,0.21463876394293727,5129.162219999981,512.9162219999981,22.33449593747112,18.1444931329233,1.1011363166471333,22.234554877358917,7
GAS,BAD,EPSILON_GREEDY,Epsilon-Greedy — Battle strategy,50,31,test,0.21463876394293727,79.96358000000055,7.996358000000055,3.9571887822948515,4.4566196751667135,0.4469142278712986,3.8947980336318806,0
GAS,BAD,EPSILON_GREEDY,Epsilon-Greedy — Battle strategy,50,32,train,0.2039068257457904,4887.098259999988,488.70982599999877,21.787630061471262,18.248333369888307,1.0711093618224037,22.247872020345795,7
GAS,BAD,EPSILON_GREEDY,Epsilon-Greedy — Battle strategy,50,32,test,0.2039068257457904,76.35375000000022,7.635375000000022,3.781742596642612,4.464839431566523,0.40822146607831533,3.8947980336318806,0
GAS,BAD,EPSILON_GREEDY,Epsilon-Greedy — Battle strategy,50,33,train,0.19371148445850087,5093.191289999985,509.3191289999985,22.25445913014179,20.889658136915738,0.9790641990832727,32.869609965684795,15
GAS,BAD,EPSILON_GREEDY,Epsilon-Greedy — Battle strategy,50,33,test,0.19371148445850087,78.69487000000026,7.869487000000026,3.895559672014981,4.465283252147436,0.43281054170036193,3.6824267784666147,0
GAS,BAD,EPSILON_GREEDY,Epsilon-Greedy — Battle strategy,50,34,train,0.18402591023557582,7476.577629999989,747.6577629999989,26.825404692897024,22.215552411892222,1.1002095344896266,31.88544994368869,14
GAS,BAD,EPSILON_GREEDY,Epsilon-Greedy — Battle strategy,50,34,test,0.18402591023557582,78.69487000000026,7.869487000000026,3.895559672014981,4.465283252147436,0.43281054170036193,3.6824267784666147,0
GAS,BAD,EPSILON_GREEDY,Epsilon-Greedy — Battle strategy,50,35,train,0.174824614723797,5362.717699999989,536.2717699999989,22.84423732260885,21.942753607592845,0.9645722617001069,31.53308122144462,16
GAS,BAD,EPSILON_GREEDY,Epsilon-Greedy — Battle strategy,50,35,test,0.174824614723797,78.69487000000026,7.869487000000026,3.895559672014981,4.465283252147436,0.43281054170036193,3.6824267784666147,0
GAS,BAD,EPSILON_GREEDY,Epsilon-Greedy — Battle strategy,50,36,train,0.16608338398760716,5350.529689999987,535.0529689999987,22.81805128547909,21.837517947245104,0.9671828402208998,31.313083990473412,16
GAS,BAD,EPSILON_GREEDY,Epsilon-Greedy — Battle strategy,50,36,test,0.16608338398760716,78.69487000000026,7.869487000000026,3.895559672014981,4.465283252147436,0.43281054170036193,3.6824267784666147,0
GAS,BAD,EPSILON_GREEDY,Epsilon-Greedy — Battle strategy,50,37,train,0.1577792147882268,5593.363829999993,559.3363829999993,23.33156157341858,24.161910368297903,0.913716749089115,42.71311629220047,23
GAS,BAD,EPSILON_GREEDY,Epsilon-Greedy — Battle strategy,50,37,test,0.1577792147882268,78.69487000000026,7.869487000000026,3.895559672014981,4.465283252147436,0.43281054170036193,3.6824267784666147,0
GAS,BAD,EPSILON_GREEDY,Epsilon-Greedy — Battle strategy,50,38,train,0.14989025404881545,5456.375809999993,545.6375809999993,23.04398801316385,24.27247425816259,0.9009356098604789,43.1005156786542,23
GAS,BAD,EPSILON_GREEDY,Epsilon-Greedy — Battle strategy,50,38,test,0.14989025404881545,77.61898999999994,7.761898999999994,3.843269361057855,4.464400829259932,0.4215749660299337,3.78002364919826,0
GAS,BAD,EPSILON_GREEDY,Epsilon-Greedy — Battle strategy,50,39,train,0.14239574134637467,7091.174259999993,709.1174259999993,26.170921681355217,25.421586704460985,0.9711179687785375,42.60849326878831,26
GAS,BAD,EPSILON_GREEDY,Epsilon-Greedy — Battle strategy,50,39,test,0.14239574134637467,77.61898999999994,7.761898999999994,3.843269361057855,4.464371543126296,0.42157743854454977,3.78002364919826,0
GAS,BAD,EPSILON_GREEDY,Epsilon-Greedy — Battle strategy,50,40,train,0.13527595427905592,7071.959699999994,707.1959699999993,26.13757199183646,25.536027767112095,0.9668434449613944,42.03244971597684,26
GAS,BAD,EPSILON_GREEDY,Epsilon-Greedy — Battle strategy,50,40,test,0.13527595427905592,77.61898999999994,7.761898999999994,3.843269361057855,4.464371543126296,0.42157743854454977,3.78002364919826,0
GAS,BAD,EPSILON_GREEDY,Epsilon-Greedy — Battle strategy,50,41,train,0.12851215656510312,7062.422709999992,706.2422709999992,26.12099293568402,25.72485545313205,0.9611268360096632,42.99849154295362,27
GAS,BAD,EPSILON_GREEDY,Epsilon-Greedy — Battle strategy,50,41,test,0.12851215656510312,77.61898999999994,7.761898999999994,3.843269361057855,4.464371543126296,0.42157743854454977,3.78002364919826,0
GAS,BAD,EPSILON_GREEDY,Epsilon-Greedy — Battle strategy,50,42,train,0.12208654873684796,7173.520059999993,717.3520059999993,26.313052376614365,25.884863883565025,0.9626916404968144,42.70793403913096,27
GAS,BAD,EPSILON_GREEDY,Epsilon-Greedy — Battle strategy,50,42,test,0.12208654873684796,77.61898999999994,7.761898999999994,3.843269361057855,4.464371543126296,0.42157743854454977,3.78002364919826,0
GAS,BAD,EPSILON_GREEDY,Epsilon-Greedy — Battle strategy,50,43,train,0.11598222130000556,7169.206749999991,716.920674999999,26.305639163364457,25.964040096059836,0.960326248970278,42.38466058305977,26
GAS,BAD,EPSILON_GREEDY,Epsilon-Greedy — Battle strategy,50,43,test,0.11598222130000556,82.26069999999982,8.22606999999998,4.068682930515455,4.520313147463672,0.46503681998970825,4.0509438647121305,0
GAS,BAD,EPSILON_GREEDY,Epsilon-Greedy — Battle strategy,50,44,train,0.11018311023500528,7124.617739999995,712.4617739999995,26.228800229436366,26.046163389912792,0.9557625144698884,42.949730358890996,27
GAS,BAD,EPSILON_GREEDY,Epsilon-Greedy — Battle strategy,50,44,test,0.11018311023500528,82.26069999999982,8.22606999999998,4.068682930515455,4.520313147463672,0.46503681998970825,4.0509438647121305,0
GAS,BAD,EPSILON_GREEDY,Epsilon-Greedy — Battle strategy,50,45,train,0.10467395472325501,6942.422289999988,694.2422289999988,25.91088151880294,26.049300578164413,0.9459077589919418,42.710812797416,28
GAS,BAD,EPSILON_GREEDY,Epsilon-Greedy — Battle strategy,50,45,test,0.10467395472325501,82.26069999999982,8.22606999999998,4.068682930515455,4.520313147463672,0.46503681998970825,4.0509438647121305,0
GAS,BAD,EPSILON_GREEDY,Epsilon-Greedy — Battle strategy,51,1,train,1.0,-317.29277,-31.729277,-4.155102777344755,20.363817160246636,-0.2060853648637838,65.129949983969,27
GAS,BAD,EPSILON_GREEDY,Epsilon-Greedy — Battle strategy,51,1,test,1.0,0.0,0.0,0.0,0.0,0.0,0.0,0
GAS,BAD,EPSILON_GREEDY,Epsilon-Greedy — Battle strategy,51,2,train,0.95,-347.6011199999999,-34.76011199999999,-4.637804730132855,20.36076353397858,-0.23113305231012302,65.26689079548463,27
GAS,BAD,EPSILON_GREEDY,Epsilon-Greedy — Battle strategy,51,2,test,0.95,0.0,0.0,0.0,0.0,0.0,0.0,0
GAS,BAD,EPSILON_GREEDY,Epsilon-Greedy — Battle strategy,51,3,train,0.9025,-371.3611799999999,-37.13611799999999,-5.030360260122723,20.532583886301364,-0.2477214483239389,62.409571958575135,28
GAS,BAD,EPSILON_GREEDY,Epsilon-Greedy — Battle strategy,51,3,test,0.9025,0.0,0.0,0.0,0.0,0.0,0.0,0
GAS,BAD,EPSILON_GREEDY,Epsilon-Greedy — Battle strategy,51,4,train,0.8573749999999999,-361.6151699999999,-36.161516999999996,-4.867771010116828,20.579994388997143,-0.23829276196295557,62.0208361111141,28
GAS,BAD,EPSILON_GREEDY,Epsilon-Greedy — Battle strategy,51,4,test,0.8573749999999999,0.0,0.0,0.0,0.0,0.0,0.0,0
GAS,BAD,EPSILON_GREEDY,Epsilon-Greedy — Battle strategy,51,5,train,0.8145062499999999,-275.9465699999996,-27.594656999999962,-3.5264443431444525,21.00064459654374,-0.16217439937688727,62.105565144150745,29
GAS,BAD,EPSILON_GREEDY,Epsilon-Greedy — Battle strategy,51,5,test,0.8145062499999999,0.0,0.0,0.0,0.0,0.0,0.0,0
GAS,BAD,EPSILON_GREEDY,Epsilon-Greedy — Battle strategy,51,6,train,0.7737809374999998,-287.3973399999999,-28.739733999999988,-3.697288202823934,22.005737570257786,-0.15320640006265224,69.46266333719231,29
GAS,BAD,EPSILON_GREEDY,Epsilon-Greedy — Battle strategy,51,6,test,0.7737809374999998,0.0,0.0,0.0,0.0,0.0,0.0,0
GAS,BAD,EPSILON_GREEDY,Epsilon-Greedy — Battle strategy,51,7,train,0.7350918906249998,-319.6668300000001,-31.966683000000014,-4.1922180915532685,22.134022478119107,-0.1745044990465154,70.97742119495047,28
GAS,BAD,EPSILON_GREEDY,Epsilon-Greedy — Battle strategy,51,7,test,0.7350918906249998,0.0,0.0,0.0,0.0,0.0,0.0,0
GAS,BAD,EPSILON_GREEDY,Epsilon-Greedy — Battle strategy,51,8,train,0.6983372960937497,-318.48991000000024,-31.84899100000002,-4.17380412757451,22.10662216163729,-0.17409427725587576,70.88779627424083,28
GAS,BAD,EPSILON_GREEDY,Epsilon-Greedy — Battle strategy,51,8,test,0.6983372960937497,-0.8124599999998736,-0.08124599999998736,-0.04099596307297615,4.180595509439377,-0.4674259928877524,2.9733612531124822,0
GAS,BAD,EPSILON_GREEDY,Epsilon-Greedy — Battle strategy,51,9,train,0.6634204312890623,-129.61863000000017,-12.961863000000019,-1.5316916705897299,21.83251380953582,-0.05338727521740995,65.20930456009677,30
GAS,BAD,EPSILON_GREEDY,Epsilon-Greedy — Battle strategy,51,9,test,0.6634204312890623,-5.715779999999654,-0.5715779999999654,-0.2887642967423609,4.375317504525593,-0.5015985088892847,3.689555999999982,0
GAS,BAD,EPSILON_GREEDY,Epsilon-Greedy — Battle strategy,51,10,train,0.6302494097246091,-201.60079000000007,-20.16007900000001,-2.4722679404561965,21.48708589208327,-0.10274736531361375,62.790945745917625,28
GAS,BAD,EPSILON_GREEDY,Epsilon-Greedy — Battle strategy,51,10,test,0.6302494097246091,-5.715779999999654,-0.5715779999999654,-0.2887642967423609,4.375317504525593,-0.5015985088892847,3.689555999999982,0
GAS,BAD,EPSILON_GREEDY,Epsilon-Greedy — Battle strategy,51,11,train,0.5987369392383787,-197.16076999999973,-19.716076999999974,-2.4121122235447268,21.45403865542786,-0.10032180535406963,62.384057279239634,27
GAS,BAD,EPSILON_GREEDY,Epsilon-Greedy — Battle strategy,51,11,test,0.5987369392383787,-5.715779999999654,-0.5715779999999654,-0.2887642967423609,4.375317504525593,-0.5015985088892847,3.689555999999982,0
GAS,BAD,EPSILON_GREEDY,Epsilon-Greedy — Battle strategy,51,12,train,0.5688000922764597,-245.1542499999996,-24.51542499999996,-3.078663316359531,23.19471875109733,-0.10596114252502149,69.68356418479493,30
GAS,BAD,EPSILON_GREEDY,Epsilon-Greedy — Battle strategy,51,12,test,0.5688000922764597,-5.715779999999654,-0.5715779999999654,-0.2887642967423609,4.375317504525593,-0.5015985088892847,3.689555999999982,0
GAS,BAD,EPSILON_GREEDY,Epsilon-Greedy — Battle strategy,51,13,train,0.5403600876626367,-229.17438000000016,-22.917438000000015,-2.852647800842567,23.012605463778215,-0.09842221012037314,69.5364119012848,30
GAS,BAD,EPSILON_GREEDY,Epsilon-Greedy — Battle strategy,51,13,test,0.5403600876626367,-14.214269999999829,-1.421426999999983,-0.7196376346295441,4.547129595006154,-0.5764614816312463,4.539404999999988,0
GAS,BAD,EPSILON_GREEDY,Epsilon-Greedy — Battle strategy,51,14,train,0.5133420832795048,-252.97953999999947,-25.297953999999944,-3.1908976648095555,23.125581051876303,-0.11204253261025227,70.71244193994752,28
GAS,BAD,EPSILON_GREEDY,Epsilon-Greedy — Battle strategy,51,14,test,0.5133420832795048,11.84141000000011,1.184141000000011,0.5956437237091716,5.29507006249005,-0.23885131218714079,4.897762999999986,0
GAS,BAD,EPSILON_GREEDY,Epsilon-Greedy — Battle strategy,51,15,train,0.48767497911552954,-242.5669600000009,-24.25669600000009,-3.0417824995925047,23.421937472504556,-0.10103988814009104,71.15828401077967,28
GAS,BAD,EPSILON_GREEDY,Epsilon-Greedy — Battle strategy,51,15,test,0.48767497911552954,11.84141000000011,1.184141000000011,0.5956437237091716,5.29507006249005,-0.23885131218714079,4.897762999999986,0
GAS,BAD,EPSILON_GREEDY,Epsilon-Greedy — Battle strategy,51,16,train,0.46329123015975304,0.04953999999986536,0.004953999999986536,0.00055080933474283,22.851126896178105,0.027043571147891507,67.22152292155057,30
GAS,BAD,EPSILON_GREEDY,Epsilon-Greedy — Battle strategy,51,16,test,0.46329123015975304,14.573090000000207,1.4573090000000206,0.7325609252040177,5.247293913987808,-0.21551033847234957,4.897762999999986,0
GAS,BAD,EPSILON_GREEDY,Epsilon-Greedy — Battle strategy,51,17,train,0.44012666865176536,-132.54728000000102,-13.254728000000101,-1.5685859914937983,22.757394608840787,-0.04390949319060672,68.5707225792655,28
GAS,BAD,EPSILON_GREEDY,Epsilon-Greedy — Battle strategy,51,17,test,0.44012666865176536,14.573090000000207,1.4573090000000206,0.7325609252040177,5.247293913987808,-0.21551033847234957,4.897762999999986,0
GAS,BAD,EPSILON_GREEDY,Epsilon-Greedy — Battle strategy,51,18,train,0.4181203352191771,-61.01902999999993,-6.101902999999993,-0.6975908989373392,23.050126842461207,-0.00187761065634978,66.5887919180692,30
GAS,BAD,EPSILON_GREEDY,Epsilon-Greedy — Battle strategy,51,18,test,0.4181203352191771,9.428240000000073,0.9428240000000074,0.47453842471365526,5.3353646101010614,-0.2592993853465778,4.897762999999986,0
GAS,BAD,EPSILON_GREEDY,Epsilon-Greedy — Battle strategy,51,19,train,0.3972143184582182,3.908549999999991,0.39085499999999906,0.04338277798949797,23.98188144938159,0.038507802767942,69.70980616471503,30
GAS,BAD,EPSILON_GREEDY,Epsilon-Greedy — Battle strategy,51,19,test,0.3972143184582182,104.00682000000006,10.400682000000005,5.118408303368827,6.902738519394447,0.4698375111637296,5.198911895259437,0
GAS,BAD,EPSILON_GREEDY,Epsilon-Greedy — Battle strategy,51,20,train,0.37735360253530725,-130.78878000000054,-13.078878000000055,-1.5464196407555253,23.352793430596957,-0.03593166882466195,70.48701369607315,31
GAS,BAD,EPSILON_GREEDY,Epsilon-Greedy — Battle strategy,51,20,test,0.37735360253530725,115.49267999999984,11.549267999999984,5.668717915226762,6.87617998715192,0.547577765713284,5.145622804977612,0
GAS,BAD,EPSILON_GREEDY,Epsilon-Greedy — Battle strategy,51,21,train,0.3584859224085419,186.68095999999946,18.668095999999945,1.9213077736728312,23.12133935604452,0.11242059170964548,68.85059930482943,29
GAS,BAD,EPSILON_GREEDY,Epsilon-Greedy — Battle strategy,51,21,test,0.3584859224085419,120.57495000000017,12.057495000000017,5.911322895190052,7.438877968033451,0.5424675749130177,5.786117538985336,0
GAS,BAD,EPSILON_GREEDY,Epsilon-Greedy — Battle strategy,51,22,train,0.3405616262881148,89.25108,8.925108,0.9550757100833973,24.13551389522551,0.07765817429865102,68.54346954139069,29
GAS,BAD,EPSILON_GREEDY,Epsilon-Greedy — Battle strategy,51,22,test,0.3405616262881148,116.01222000000007,11.601222000000007,5.693543543973778,7.478857824715323,0.5123550613537825,5.786117538985336,0
GAS,BAD,EPSILON_GREEDY,Epsilon-Greedy — Battle strategy,51,23,train,0.323533544973709,-296.00849000000017,-29.600849000000018,-3.8273802998811,24.3839307810886,-0.1212579700109949,73.08441631415812,31
GAS,BAD,EPSILON_GREEDY,Epsilon-Greedy — Battle strategy,51,23,test,0.323533544973709,116.01222000000007,11.601222000000007,5.693543543973778,7.478857824715323,0.5123550613537825,5.786117538985336,0
GAS,BAD,EPSILON_GREEDY,Epsilon-Greedy — Battle strategy,51,24,train,0.3073568677250236,-321.0643200000004,-32.10643200000004,-4.214119875210187,25.15795871672184,-0.12606792282402873,75.27242451307853,30
GAS,BAD,EPSILON_GREEDY,Epsilon-Greedy — Battle strategy,51,24,test,0.3073568677250236,122.24598000000015,12.224598000000015,5.9909712892427525,7.789640282639169,0.5311035524183244,6.690448376595811,0
GAS,BAD,EPSILON_GREEDY,Epsilon-Greedy — Battle strategy,51,25,train,0.2919890243387724,12.265790000000152,1.2265790000000152,0.1356421869266322,24.803413466399757,0.0490131884137384,73.67827049527939,30
GAS,BAD,EPSILON_GREEDY,Epsilon-Greedy — Battle strategy,51,25,test,0.2919890243387724,122.24598000000015,12.224598000000015,5.9909712892427525,7.789640282639169,0.5311035524183244,6.690448376595811,0
GAS,BAD,EPSILON_GREEDY,Epsilon-Greedy — Battle strategy,51,26,train,0.27738957312183377,154.99919999999997,15.499919999999998,1.6151079968919069,24.814611244571818,0.10875092732846987,71.77040508547964,30
GAS,BAD,EPSILON_GREEDY,Epsilon-Greedy — Battle strategy,51,26,test,0.27738957312183377,125.15036999999984,12.515036999999985,6.129267158014451,7.753825532153039,0.5500683672121639,6.690448376595811,0
GAS,BAD,EPSILON_GREEDY,Epsilon-Greedy — Battle strategy,51,27,train,0.26352009446574204,-320.51211,-32.051211,-4.20546072940221,25.077582916227968,-0.126941780172049,75.84088069181824,30
GAS,BAD,EPSILON_GREEDY,Epsilon-Greedy — Battle strategy,51,27,test,0.26352009446574204,120.58763999999974,12.058763999999973,5.911927976230347,7.792060326099491,0.5213568818224568,6.690448376595811,0
GAS,BAD,EPSILON_GREEDY,Epsilon-Greedy — Battle strategy,51,28,train,0.2503440897424549,-335.29660000000024,-33.52966000000002,-4.439483092710028,24.793497327780255,-0.14114583822027432,73.8874422555833,31
GAS,BAD,EPSILON_GREEDY,Epsilon-Greedy — Battle strategy,51,28,test,0.2503440897424549,120.58763999999974,12.058763999999973,5.911927976230347,7.792060326099491,0.5213568818224568,6.690448376595811,0
GAS,BAD,EPSILON_GREEDY,Epsilon-Greedy — Battle strategy,51,29,train,0.23782688525533216,-341.15944000000036,-34.115944000000034,-4.5335684343170035,25.248480051498607,-0.13806480238473734,75.20801335610193,31
GAS,BAD,EPSILON_GREEDY,Epsilon-Greedy — Battle strategy,51,29,test,0.23782688525533216,108.61097999999993,10.861097999999993,5.339341539540277,8.480262802185406,0.4215471060744331,6.690448376595811,0
GAS,BAD,EPSILON_GREEDY,Epsilon-Greedy — Battle strategy,51,30,train,0.22593554099256555,-192.5853199999999,-19.25853199999999,-2.3504302018102052,25.086192661452444,-0.04974487303254658,74.17365240503806,29
GAS,BAD,EPSILON_GREEDY,Epsilon-Greedy — Battle strategy,51,30,test,0.22593554099256555,138.98691000000008,13.898691000000007,6.785694431119471,8.565657003395492,0.5778965250012622,6.647783303768137,0
GAS,BAD,EPSILON_GREEDY,Epsilon-Greedy — Battle strategy,51,31,train,0.21463876394293727,-218.82175000000063,-21.882175000000064,-2.70843550254386,24.890679502175043,-0.06698562726313556,74.69091084292336,30
GAS,BAD,EPSILON_GREEDY,Epsilon-Greedy — Battle strategy,51,31,test,0.21463876394293727,147.35987999999998,14.735987999999997,7.181003448381018,8.58310362878315,0.6200887908811543,6.647783303768137,0
GAS,BAD,EPSILON_GREEDY,Epsilon-Greedy — Battle strategy,51,32,train,0.2039068257457904,-146.89212000000043,-14.689212000000044,-1.750913345529348,25.0449800433526,-0.025604124261008703,73.00799351195198,31
GAS,BAD,EPSILON_GREEDY,Epsilon-Greedy — Battle strategy,51,32,test,0.2039068257457904,267.56723999999986,26.756723999999988,12.706181203365974,16.21263606065604,0.6978905458739875,17.013766165720618,3
GAS,BAD,EPSILON_GREEDY,Epsilon-Greedy — Battle strategy,51,33,train,0.19371148445850087,30.20131999999967,3.0201319999999665,0.33137694421363495,25.449265859000274,0.06190952621308043,73.48224847099864,32
GAS,BAD,EPSILON_GREEDY,Epsilon-Greedy — Battle strategy,51,33,test,0.19371148445850087,267.56723999999986,26.756723999999988,12.706181203365974,16.21263606065604,0.6978905458739875,17.013766165720618,3
GAS,BAD,EPSILON_GREEDY,Epsilon-Greedy — Battle strategy,51,34,train,0.18402591023557582,250.83358999999928,25.083358999999927,2.5197044710582928,25.30001144448078,0.14671532473485926,72.04817824238344,29
GAS,BAD,EPSILON_GREEDY,Epsilon-Greedy — Battle strategy,51,34,test,0.18402591023557582,267.56723999999986,26.756723999999988,12.706181203365974,16.21263606065604,0.6978905458739875,17.013766165720618,3
GAS,BAD,EPSILON_GREEDY,Epsilon-Greedy — Battle strategy,51,35,train,0.174824614723797,108.57610999999952,10.857610999999952,1.1526705044666574,25.442441081564056,0.09414578280935404,72.23150961627215,31
GAS,BAD,EPSILON_GREEDY,Epsilon-Greedy — Battle strategy,51,35,test,0.174824614723797,267.56723999999986,26.756723999999988,12.706181203365974,16.21263606065604,0.6978905458739875,17.013766165720618,3
GAS,BAD,EPSILON_GREEDY,Epsilon-Greedy — Battle strategy,51,36,train,0.16608338398760716,105.69618999999989,10.569618999999989,1.1234189440608278,25.67806281203577,0.09452788969668455,73.30207040380617,32
GAS,BAD,EPSILON_GREEDY,Epsilon-Greedy — Battle strategy,51,36,test,0.16608338398760716,267.56723999999986,26.756723999999988,12.706181203365974,16.21263606065604,0.6978905458739875,17.013766165720618,3
GAS,BAD,EPSILON_GREEDY,Epsilon-Greedy — Battle strategy,51,37,train,0.1577792147882268,104.56208000000083,10.456208000000084,1.111881117461344,25.868239531669516,0.09528785088079923,73.58173264811066,34
GAS,BAD,EPSILON_GREEDY,Epsilon-Greedy — Battle strategy,51,37,test,0.1577792147882268,267.56723999999986,26.756723999999988,12.706181203365974,16.21263606065604,0.6978905458739875,17.013766165720618,3
GAS,BAD,EPSILON_GREEDY,Epsilon-Greedy — Battle strategy,51,38,train,0.14989025404881545,250.55764000000067,25.055764000000067,2.517189484650739,25.60506051441671,0.14791445990204258,70.38364367840053,31
GAS,BAD,EPSILON_GREEDY,Epsilon-Greedy — Battle strategy,51,38,test,0.14989025404881545,267.56723999999986,26.756723999999988,12.706181203365974,16.21263606065604,0.6978905458739875,17.013766165720618,3
GAS,BAD,EPSILON_GREEDY,Epsilon-Greedy — Battle strategy,51,39,train,0.14239574134637467,-19.00861999999961,-1.9008619999999607,-0.2131586196945534,26.36628496939278,0.047930463677717056,74.90893752039766,33
GAS,BAD,EPSILON_GREEDY,Epsilon-Greedy — Battle strategy,51,39,test,0.14239574134637467,268.35383,26.835383,12.741459698621217,16.352072975537343,0.6952283997937916,17.013766165720618,3
GAS,BAD,EPSILON_GREEDY,Epsilon-Greedy — Battle strategy,51,40,train,0.13527595427905592,89.61599999999999,8.961599999999999,0.9588357116470769,26.38349178698699,0.09271885521181937,73.51688662791528,34
GAS,BAD,EPSILON_GREEDY,Epsilon-Greedy — Battle strategy,51,40,test,0.13527595427905592,272.58527000000004,27.258527000000004,12.931053683402727,16.353411242185633,0.7054962860830654,17.013766165720618,3
GAS,BAD,EPSILON_GREEDY,Epsilon-Greedy — Battle strategy,51,41,train,0.12851215656510312,208.61988000000065,20.861988000000064,2.1291144617451074,25.959345761796097,0.13470358954628295,71.16590649139673,33
GAS,BAD,EPSILON_GREEDY,Epsilon-Greedy — Battle strategy,51,41,test,0.12851215656510312,272.58527000000004,27.258527000000004,12.931053683402727,16.353411242185633,0.7054962860830654,17.013766165720618,3
GAS,BAD,EPSILON_GREEDY,Epsilon-Greedy — Battle strategy,51,42,train,0.12208654873684796,187.82451000000083,18.782451000000083,1.9322235620335748,26.256403594265066,0.12875237381975047,71.72670730670745,34
GAS,BAD,EPSILON_GREEDY,Epsilon-Greedy — Battle strategy,51,42,test,0.12208654873684796,272.58527000000004,27.258527000000004,12.931053683402727,16.353411242185633,0.7054962860830654,17.013766165720618,3
GAS,BAD,EPSILON_GREEDY,Epsilon-Greedy — Battle strategy,51,43,train,0.11598222130000556,88.56900000000019,8.856900000000019,0.9480448053488022,26.512917115450325,0.09313487827912428,73.72054205920352,35
GAS,BAD,EPSILON_GREEDY,Epsilon-Greedy — Battle strategy,51,43,test,0.11598222130000556,271.7986799999999,27.179867999999992,12.89583338021365,16.21399007850533,0.7082522893447756,17.013766165720618,3
GAS,BAD,EPSILON_GREEDY,Epsilon-Greedy — Battle strategy,51,44,train,0.11018311023500528,189.0352300000004,18.903523000000042,1.9437703486777869,26.490733423231426,0.13038659740726,72.9753871222129,35
GAS,BAD,EPSILON_GREEDY,Epsilon-Greedy — Battle strategy,51,44,test,0.11018311023500528,271.7986799999999,27.179867999999992,12.89583338021365,16.21399007850533,0.7082522893447756,17.013766165720618,3
GAS,BAD,EPSILON_GREEDY,Epsilon-Greedy — Battle strategy,51,45,train,0.10467395472325501,145.5363900000002,14.553639000000022,1.5222032010583142,26.55934620333713,0.11500841951623969,73.21073934193137,34
GAS,BAD,EPSILON_GREEDY,Epsilon-Greedy — Battle strategy,51,45,test,0.10467395472325501,279.3439000000003,27.934390000000032,13.233234228595482,16.470695625614873,0.7179136273662836,17.013766165720618,3
GAS,BAD,EPSILON_GREEDY,Epsilon-Greedy — Battle strategy,52,1,train,1.0,-72.48095999999839,-7.248095999999839,-0.8331046432912936,25.411770674425092,0.015148287070975536,55.320763943435736,30
GAS,BAD,EPSILON_GREEDY,Epsilon-Greedy — Battle strategy,52,1,test,1.0,208.06519999999978,20.806519999999978,10.005319473545992,14.240739907848216,0.6022614125551705,17.218365615284778,1
GAS,BAD,EPSILON_GREEDY,Epsilon-Greedy — Battle strategy,52,2,train,0.95,-125.70970999999929,-12.570970999999927,-1.4826197202561509,25.440333856290565,-0.010641875493185389,57.73720638379744,32
GAS,BAD,EPSILON_GREEDY,Epsilon-Greedy — Battle strategy,52,2,test,0.95,169.44834999999944,16.944834999999944,8.217048850770814,14.28310773777281,0.4858790233165691,17.88811752216915,1
GAS,BAD,EPSILON_GREEDY,Epsilon-Greedy — Battle strategy,52,3,train,0.9025,-138.54501999999923,-13.854501999999922,-1.6444906855180186,25.52559085446723,-0.016248596339257612,57.69931886079275,32
GAS,BAD,EPSILON_GREEDY,Epsilon-Greedy — Battle strategy,52,3,test,0.9025,177.60770999999954,17.760770999999952,8.597302701596465,14.20947870855903,0.5123264686229696,17.75874607729382,1
GAS,BAD,EPSILON_GREEDY,Epsilon-Greedy — Battle strategy,52,4,train,0.8573749999999999,-88.75427999999977,-8.875427999999976,-1.028082637578287,25.76344349626167,0.010719901711122009,56.310765852723165,31
GAS,BAD,EPSILON_GREEDY,Epsilon-Greedy — Battle strategy,52,4,test,0.8573749999999999,160.26306999999997,16.026307,7.787407258180035,14.302001554533309,0.4575874203311959,16.06889207543496,2
GAS,BAD,EPSILON_GREEDY,Epsilon-Greedy — Battle strategy,52,5,train,0.8145062499999999,73.06536000000096,7.306536000000097,0.7871672881888392,26.486662509305848,0.0867384919406903,59.816653253229255,31
GAS,BAD,EPSILON_GREEDY,Epsilon-Greedy — Battle strategy,52,5,test,0.8145062499999999,160.26306999999997,16.026307,7.787407258180035,14.302001554533309,0.4575874203311959,16.06889207543496,2
GAS,BAD,EPSILON_GREEDY,Epsilon-Greedy — Battle strategy,52,6,train,0.7737809374999998,135.56585000000268,13.556585000000268,1.4235726345344313,26.573404730367095,0.11118309092765685,58.19229874162394,31
GAS,BAD,EPSILON_GREEDY,Epsilon-Greedy — Battle strategy,52,6,test,0.7737809374999998,163.19689000000017,16.319689000000018,7.924819322579468,14.080608097446465,0.4716126465733411,16.025867778098384,1
GAS,BAD,EPSILON_GREEDY,Epsilon-Greedy — Battle strategy,52,7,train,0.7350918906249998,245.02976000000012,24.50297600000001,2.466704629567773,26.497282601907724,0.14972762806899326,57.70022485925856,30
GAS,BAD,EPSILON_GREEDY,Epsilon-Greedy — Battle strategy,52,7,test,0.7350918906249998,133.77997000000028,13.377997000000027,6.539135173588817,14.392498068321306,0.37442888063839114,16.692390842008635,2
GAS,BAD,EPSILON_GREEDY,Epsilon-Greedy — Battle strategy,52,8,train,0.6983372960937497,244.40722000000028,24.44072200000003,2.4610066396812513,26.64476078404826,0.15012457444685945,58.55118958883918,31
GAS,BAD,EPSILON_GREEDY,Epsilon-Greedy — Battle strategy,52,8,test,0.6983372960937497,147.9887900000001,14.798879000000012,7.210638067572295,14.293471507700264,0.4201132052303527,16.722300950162012,2
GAS,BAD,EPSILON_GREEDY,Epsilon-Greedy — Battle strategy,52,9,train,0.6634204312890623,83.5896200000002,8.35896200000002,0.89659821887067,26.528879023790836,0.09117605443026923,59.91456210320744,30
GAS,BAD,EPSILON_GREEDY,Epsilon-Greedy — Battle strategy,52,9,test,0.6634204312890623,134.84398000000033,13.484398000000034,6.589563762149964,14.422995669783953,0.37715273623830464,16.825995850122236,1
GAS,BAD,EPSILON_GREEDY,Epsilon-Greedy — Battle strategy,52,10,train,0.6302494097246091,82.85865999999987,8.285865999999988,0.8890283147121147,26.867231327008106,0.09310181340931559,59.80110975711968,31
GAS,BAD,EPSILON_GREEDY,Epsilon-Greedy — Battle strategy,52,10,test,0.6302494097246091,150.86387000000013,15.086387000000013,7.346011238586558,14.402957765108274,0.4267303219287344,15.589018886297032,1
GAS,BAD,EPSILON_GREEDY,Epsilon-Greedy — Battle strategy,52,11,train,0.5987369392383787,82.10834000000136,8.210834000000137,0.8812531909675902,26.58901177438552,0.09093124449051948,58.06782941035361,29
GAS,BAD,EPSILON_GREEDY,Epsilon-Greedy — Battle strategy,52,11,test,0.5987369392383787,145.1907500000002,14.51907500000002,7.078730927135646,14.429333812159644,0.4088805091903627,15.769025040894627,1
GAS,BAD,EPSILON_GREEDY,Epsilon-Greedy — Battle strategy,52,12,train,0.5688000922764597,85.90115000000105,8.590115000000106,0.9205068500604652,25.840856823384904,0.08750360770540636,54.408925244657404,30
GAS,BAD,EPSILON_GREEDY,Epsilon-Greedy — Battle strategy,52,12,test,0.5688000922764597,154.3777300000006,15.43777300000006,7.511234016004886,14.177037022085873,0.4421317832938919,15.546836749607898,1
GAS,BAD,EPSILON_GREEDY,Epsilon-Greedy — Battle strategy,52,13,train,0.5403600876626367,291.3187000000012,29.131870000000117,2.883445235402027,26.782437083001366,0.1661990617499142,59.52618613136315,30
GAS,BAD,EPSILON_GREEDY,Epsilon-Greedy — Battle strategy,52,13,test,0.5403600876626367,131.05957999999964,13.105957999999966,6.41009598606217,14.629826534942808,0.36231440371000984,15.831106534162902,1
GAS,BAD,EPSILON_GREEDY,Epsilon-Greedy — Battle strategy,52,14,train,0.5133420832795048,293.44600000000037,29.34460000000004,2.902276431760731,26.70145213277702,0.16661837136636876,59.824732769101196,30
GAS,BAD,EPSILON_GREEDY,Epsilon-Greedy — Battle strategy,52,14,test,0.5133420832795048,132.74617000000035,13.274617000000037,6.490115917391304,15.166105335405275,0.3599164756318168,16.318046659187424,2
GAS,BAD,EPSILON_GREEDY,Epsilon-Greedy — Battle strategy,52,15,train,0.48767497911552954,383.1937400000006,38.31937400000006,3.672695408524862,27.012877793881994,0.19559271148111382,58.55961775671709,30
GAS,BAD,EPSILON_GREEDY,Epsilon-Greedy — Battle strategy,52,15,test,0.48767497911552954,114.40896999999995,11.440896999999996,5.616915617466711,14.926470816213442,0.30784483009462177,15.090536179827604,1
GAS,BAD,EPSILON_GREEDY,Epsilon-Greedy — Battle strategy,52,16,train,0.46329123015975304,367.93402000000174,36.79340200000018,3.5448981077669917,27.283892059803787,0.19179616725987597,59.593502187304914,29
GAS,BAD,EPSILON_GREEDY,Epsilon-Greedy — Battle strategy,52,16,test,0.46329123015975304,161.03358000000094,16.103358000000092,7.823512483313166,15.685486036828328,0.43249642396013593,13.593712746606759,1
GAS,BAD,EPSILON_GREEDY,Epsilon-Greedy — Battle strategy,52,17,train,0.44012666865176536,425.584130000002,42.5584130000002,4.021242335000652,27.24591080497596,0.20867643825466,58.80924767554239,29
GAS,BAD,EPSILON_GREEDY,Epsilon-Greedy — Battle strategy,52,17,test,0.44012666865176536,131.98979999999983,13.198979999999983,6.454237397727747,15.155183570940883,0.35762683340320267,13.310103801961896,1
GAS,BAD,EPSILON_GREEDY,Epsilon-Greedy — Battle strategy,52,18,train,0.4181203352191771,399.71031000000085,39.97103100000008,3.80961405269582,27.21244555838542,0.2010373657962012,58.04550409701273,28
GAS,BAD,EPSILON_GREEDY,Epsilon-Greedy — Battle strategy,52,18,test,0.4181203352191771,133.54796999999962,13.354796999999962,6.528136456041156,15.24106069083761,0.36102513572858924,13.231419554902594,1
GAS,BAD,EPSILON_GREEDY,Epsilon-Greedy — Battle strategy,52,19,train,0.3972143184582182,440.5617199999997,44.05617199999997,4.142192607748396,27.36971865779975,0.21325689676024887,59.16978449360171,30
GAS,BAD,EPSILON_GREEDY,Epsilon-Greedy — Battle strategy,52,19,test,0.3972143184582182,126.36998999999992,12.63699899999999,6.187288024230919,16.303398199243897,0.3280887511017429,14.664390524869638,2
GAS,BAD,EPSILON_GREEDY,Epsilon-Greedy — Battle strategy,52,20,train,0.37735360253530725,361.75280000000157,36.17528000000016,3.4927706756864296,27.464718621351448,0.1905053768600646,59.90263709642846,31
GAS,BAD,EPSILON_GREEDY,Epsilon-Greedy — Battle strategy,52,20,test,0.37735360253530725,151.24719000000096,15.124719000000095,7.364047198429757,16.110020170273394,0.39872607165943447,14.2503816041124,2
GAS,BAD,EPSILON_GREEDY,Epsilon-Greedy — Battle strategy,52,21,train,0.3584859224085419,339.7330700000018,33.97330700000018,3.3053488239668027,27.493061355372912,0.18392999774713603,60.956423404110595,30
GAS,BAD,EPSILON_GREEDY,Epsilon-Greedy — Battle strategy,52,21,test,0.3584859224085419,144.68883000000096,14.468883000000096,7.05505218050857,16.151882617776753,0.38020953625784787,14.472936793821695,2
GAS,BAD,EPSILON_GREEDY,Epsilon-Greedy — Battle strategy,52,22,train,0.3405616262881148,357.7674900000002,35.77674900000002,3.4590501594187417,27.662949517863446,0.18990954324758727,60.50481972253594,31
GAS,BAD,EPSILON_GREEDY,Epsilon-Greedy — Battle strategy,52,22,test,0.3405616262881148,146.1983300000004,14.61983300000004,7.126249341746171,16.223929984908388,0.3833490562663773,13.830120232562038,2
GAS,BAD,EPSILON_GREEDY,Epsilon-Greedy — Battle strategy,52,23,train,0.323533544973709,359.9525700000015,35.99525700000015,3.4775494414522656,27.588829956683902,0.19033683446700822,60.8139131198479,30
GAS,BAD,EPSILON_GREEDY,Epsilon-Greedy — Battle strategy,52,23,test,0.323533544973709,140.66421000000082,14.066421000000082,6.864999031922525,15.868487579353452,0.37279578278674624,14.4543354407671,1
GAS,BAD,EPSILON_GREEDY,Epsilon-Greedy — Battle strategy,52,24,train,0.3073568677250236,355.8107799999998,35.58107799999998,3.4424618280915142,27.58297461393268,0.18905534249191067,60.73280271298434,31
GAS,BAD,EPSILON_GREEDY,Epsilon-Greedy — Battle strategy,52,24,test,0.3073568677250236,139.01376000000073,13.901376000000074,6.786964384432292,15.872953715245034,0.3681187796386919,14.583714996948762,1
GAS,BAD,EPSILON_GREEDY,Epsilon-Greedy — Battle strategy,52,25,train,0.2919890243387724,475.8595499999999,47.58595499999999,4.422874965853474,27.392936297591202,0.22319514326551815,60.96063301213864,31
GAS,BAD,EPSILON_GREEDY,Epsilon-Greedy — Battle strategy,52,25,test,0.2919890243387724,169.62579000000142,16.96257900000014,8.225332114767303,15.622632347892877,0.4574353229790286,14.593809004322914,1
GAS,BAD,EPSILON_GREEDY,Epsilon-Greedy — Battle strategy,52,26,train,0.27738957312183377,377.885039999999,37.788503999999904,3.6283788204031,27.707092333991053,0.195992949951741,61.265363892832305,30
GAS,BAD,EPSILON_GREEDY,Epsilon-Greedy — Battle strategy,52,26,test,0.27738957312183377,168.643970000001,16.8643970000001,8.179490925657085,15.5447311389029,0.45622342176877134,15.32864080200132,1
GAS,BAD,EPSILON_GREEDY,Epsilon-Greedy — Battle strategy,52,27,train,0.26352009446574204,368.2127500000006,36.82127500000006,3.5472437555342795,27.592357340120387,0.192770933135245,61.21438816643877,30
GAS,BAD,EPSILON_GREEDY,Epsilon-Greedy — Battle strategy,52,27,test,0.26352009446574204,189.5150300000007,18.95150300000007,9.149889111235732,15.530007411339211,0.5141942106474713,13.717617528479211,1
GAS,BAD,EPSILON_GREEDY,Epsilon-Greedy — Battle strategy,52,28,train,0.2503440897424549,494.8137599999993,49.48137599999993,4.571142245355242,27.5077730534515,0.22859781601464269,60.24390907884756,29
GAS,BAD,EPSILON_GREEDY,Epsilon-Greedy — Battle strategy,52,28,test,0.2503440897424549,112.44951000000015,11.244951000000015,5.5231882849145375,15.623971147420207,0.2950373393519122,16.92717263643603,1
GAS,BAD,EPSILON_GREEDY,Epsilon-Greedy — Battle strategy,52,29,train,0.23782688525533216,478.0394400000007,47.80394400000007,4.440012768827328,27.574049140560525,0.22412160200314035,60.64707883308663,30
GAS,BAD,EPSILON_GREEDY,Epsilon-Greedy — Battle strategy,52,29,test,0.23782688525533216,83.95579999999882,8.395579999999882,4.150881966354936,15.390189857963222,0.21190118052575585,16.330687963008437,1
GAS,BAD,EPSILON_GREEDY,Epsilon-Greedy — Battle strategy,52,30,train,0.22593554099256555,468.8150499999999,46.881505,4.367338444877089,27.629918595307938,0.22171519615900362,59.803595740718364,30
GAS,BAD,EPSILON_GREEDY,Epsilon-Greedy — Battle strategy,52,30,test,0.22593554099256555,116.75513999999953,11.675513999999952,5.7290331850549325,15.25901812174681,0.3112334573865805,15.76336658718614,1
GAS,BAD,EPSILON_GREEDY,Epsilon-Greedy — Battle strategy,52,31,train,0.21463876394293727,480.44724999999994,48.04472499999999,4.458916335487206,27.47007347857467,0.22461383239018787,58.92272804821367,30
GAS,BAD,EPSILON_GREEDY,Epsilon-Greedy — Battle strategy,52,31,test,0.21463876394293727,122.67129000000045,12.267129000000047,6.011233988283338,15.13961175240284,0.3301625311766505,16.420843712140933,1
GAS,BAD,EPSILON_GREEDY,Epsilon-Greedy — Battle strategy,52,32,train,0.2039068257457904,623.5593999999985,62.355939999999855,5.536180151188841,27.638333885439607,0.26235908266173963,58.37473491108543,29
GAS,BAD,EPSILON_GREEDY,Epsilon-Greedy — Battle strategy,52,32,test,0.2039068257457904,125.7338999999995,12.573389999999948,6.157031261372614,15.294375011332187,0.3373496203794434,15.046578388049811,1
GAS,BAD,EPSILON_GREEDY,Epsilon-Greedy — Battle strategy,52,33,train,0.19371148445850087,299.47095999999965,29.947095999999966,2.955461335567766,27.71623082714042,0.17232949993405072,64.90288481494993,31
GAS,BAD,EPSILON_GREEDY,Epsilon-Greedy — Battle strategy,52,33,test,0.19371148445850087,113.14983999999936,11.314983999999937,5.556696729024413,15.28409473399363,0.30026567290592693,15.808867136692884,1
GAS,BAD,EPSILON_GREEDY,Epsilon-Greedy — Battle strategy,52,34,train,0.18402591023557582,299.7025099999985,29.97025099999985,2.9575009499144933,27.7400794222502,0.17249381651585402,64.77301131827667,33
GAS,BAD,EPSILON_GREEDY,Epsilon-Greedy — Battle strategy,52,34,test,0.18402591023557582,115.72093999999947,11.572093999999947,5.679625765520724,15.334481643403894,0.30738071272977485,14.985568375699874,1
GAS,BAD,EPSILON_GREEDY,Epsilon-Greedy — Battle strategy,52,35,train,0.174824614723797,809.8325900000018,80.98325900000019,6.818406896885132,28.513491340396797,0.3055333438478155,62.67465099284056,29
GAS,BAD,EPSILON_GREEDY,Epsilon-Greedy — Battle strategy,52,35,test,0.174824614723797,84.6570699999993,8.465706999999929,4.184869425813309,15.200417181873336,0.21468267132503205,16.413387601764093,1
GAS,BAD,EPSILON_GREEDY,Epsilon-Greedy — Battle strategy,52,36,train,0.16608338398760716,742.0943799999986,74.20943799999986,6.366308870057047,28.627436987304584,0.2905183227257049,64.05139017647411,30
GAS,BAD,EPSILON_GREEDY,Epsilon-Greedy — Battle strategy,52,36,test,0.16608338398760716,115.90949999999953,11.590949999999953,5.688635639720485,15.217410023190576,0.3091563439816724,15.774015426218893,1
GAS,BAD,EPSILON_GREEDY,Epsilon-Greedy — Battle strategy,52,37,train,0.1577792147882268,741.8867600000008,74.18867600000007,6.364899323421747,28.53495716326691,0.29047020607842855,64.4926423019909,30
GAS,BAD,EPSILON_GREEDY,Epsilon-Greedy — Battle strategy,52,37,test,0.1577792147882268,56.90095999999858,5.6900959999998575,2.8312310299297483,15.366676859585763,0.1289944162991612,15.926532201202152,2
GAS,BAD,EPSILON_GREEDY,Epsilon-Greedy — Battle strategy,52,38,train,0.14989025404881545,742.154,74.2154,6.366713606794172,28.563491781517996,0.290555213795602,64.46855218916473,30
GAS,BAD,EPSILON_GREEDY,Epsilon-Greedy — Battle strategy,52,38,test,0.14989025404881545,24.91324999999938,2.491324999999938,1.249183058373804,15.553134034612912,0.029313575409107607,17.53796750994595,2
GAS,BAD,EPSILON_GREEDY,Epsilon-Greedy — Battle strategy,52,39,train,0.14239574134637467,907.1352499999985,90.71352499999985,7.44218635816194,28.721344942320204,0.32587903664118345,64.9595654638255,31
GAS,BAD,EPSILON_GREEDY,Epsilon-Greedy — Battle strategy,52,39,test,0.14239574134637467,34.14214999999945,3.414214999999945,1.708106656204622,15.642671973973707,0.0591360616254216,17.54894020389096,2
GAS,BAD,EPSILON_GREEDY,Epsilon-Greedy — Battle strategy,52,40,train,0.13527595427905592,742.90239,74.290239,6.37179308533522,28.536828630576316,0.29071824679273406,63.71018885478541,31
GAS,BAD,EPSILON_GREEDY,Epsilon-Greedy — Battle strategy,52,40,test,0.13527595427905592,42.66542999999956,4.266542999999956,2.1301428063344563,16.175282285250464,0.08809596944337046,14.893575742595019,2
GAS,BAD,EPSILON_GREEDY,Epsilon-Greedy — Battle strategy,52,41,train,0.12851215656510312,822.9568799999986,82.29568799999986,6.904257407877035,28.386893231489324,0.30849227017951686,63.406954815710556,30
GAS,BAD,EPSILON_GREEDY,Epsilon-Greedy — Battle strategy,52,41,test,0.12851215656510312,40.01501999999982,4.001501999999983,1.9990896585135864,16.186441383763434,0.08019025162003912,14.893575742595019,2
GAS,BAD,EPSILON_GREEDY,Epsilon-Greedy — Battle strategy,52,42,train,0.12208654873684796,811.5735700000014,81.15735700000015,6.82982701871484,28.74864203475809,0.30574319363497293,65.06823542702885,31
GAS,BAD,EPSILON_GREEDY,Epsilon-Greedy — Battle strategy,52,42,test,0.12208654873684796,42.66542999999956,4.266542999999956,2.1301428063344563,16.175282285250464,0.08809596944337046,14.893575742595019,2
GAS,BAD,EPSILON_GREEDY,Epsilon-Greedy — Battle strategy,52,43,train,0.11598222130000556,812.5499000000023,81.25499000000022,6.836227078631252,28.68408370362455,0.30600258123747875,64.81147391978081,31
GAS,BAD,EPSILON_GREEDY,Epsilon-Greedy — Battle strategy,52,43,test,0.11598222130000556,42.66542999999956,4.266542999999956,2.1301428063344563,16.175282285250464,0.08809596944337046,14.893575742595019,2
GAS,BAD,EPSILON_GREEDY,Epsilon-Greedy — Battle strategy,52,44,train,0.11018311023500528,733.5728099999999,73.35728099999999,6.308332255695714,28.52151838725912,0.28860448095888563,64.41658820663582,29
GAS,BAD,EPSILON_GREEDY,Epsilon-Greedy — Battle strategy,52,44,test,0.11018311023500528,40.01501999999982,4.001501999999983,1.9990896585135864,16.186441383763434,0.08019025162003912,14.893575742595019,2
GAS,BAD,EPSILON_GREEDY,Epsilon-Greedy — Battle strategy,52,45,train,0.10467395472325501,742.02107,74.20210700000001,6.3658111804163475,28.559549306853665,0.29050273341130894,64.26938383176835,29
GAS,BAD,EPSILON_GREEDY,Epsilon-Greedy — Battle strategy,52,45,test,0.10467395472325501,41.21501999999964,4.121501999999964,2.058445776793816,16.180795095300933,0.0837679302421385,14.893575742595019,2
GAS,BAD,EPSILON_GREEDY,Epsilon-Greedy — Battle strategy,53,1,train,1.0,-24.470019999999863,-2.447001999999986,-0.27508046055745305,30.924013482511352,0.08126450651798033,71.46964773846753,52
GAS,BAD,EPSILON_GREEDY,Epsilon-Greedy — Battle strategy,53,1,test,1.0,-183.0181,-18.301810000000003,-9.694927948640963,29.744154860998467,-0.26185930826636933,28.46518763838918,10
GAS,BAD,EPSILON_GREEDY,Epsilon-Greedy — Battle strategy,53,2,train,0.95,626.5803300000002,62.658033000000025,5.557995886478473,32.581862183606226,0.2691455120026433,74.89560457686947,53
GAS,BAD,EPSILON_GREEDY,Epsilon-Greedy — Battle strategy,53,2,test,0.95,-175.50058999999987,-17.550058999999987,-9.276675300456926,29.395281931927343,-0.2527567872592998,28.275277057112703,10
GAS,BAD,EPSILON_GREEDY,Epsilon-Greedy — Battle strategy,53,3,train,0.9025,626.1298800000002,62.612988000000016,5.554745234192993,32.6053241772025,0.2690911476102599,74.91767656067525,53
GAS,BAD,EPSILON_GREEDY,Epsilon-Greedy — Battle strategy,53,3,test,0.9025,-168.12321999999995,-16.812321999999995,-8.868052796052927,29.060074758773315,-0.24357342035833426,28.091354354025018,8
GAS,BAD,EPSILON_GREEDY,Epsilon-Greedy — Battle strategy,53,4,train,0.8573749999999999,626.5503000000001,62.65503000000001,5.557779201220114,32.59561297766964,0.26916658691149187,74.92711622812978,53
GAS,BAD,EPSILON_GREEDY,Epsilon-Greedy — Battle strategy,53,4,test,0.8573749999999999,-168.12321999999995,-16.812321999999995,-8.868052796052927,29.060074758773315,-0.24357342035833426,28.091354354025018,8
GAS,BAD,EPSILON_GREEDY,Epsilon-Greedy — Battle strategy,53,5,train,0.8145062499999999,626.5503000000001,62.65503000000001,5.557779201220114,32.59561297766964,0.26916658691149187,74.92711622812978,53
GAS,BAD,EPSILON_GREEDY,Epsilon-Greedy — Battle strategy,53,5,test,0.8145062499999999,-168.12321999999995,-16.812321999999995,-8.868052796052927,29.060074758773315,-0.24357342035833426,28.091354354025018,8
GAS,BAD,EPSILON_GREEDY,Epsilon-Greedy — Battle strategy,53,6,train,0.7737809374999998,626.5503000000001,62.65503000000001,5.557779201220114,32.59561297766964,0.26916658691149187,74.92711622812978,53
GAS,BAD,EPSILON_GREEDY,Epsilon-Greedy — Battle strategy,53,6,test,0.7737809374999998,-183.0181,-18.301810000000003,-9.694927948640963,29.744154860998467,-0.26185930826636933,28.46518763838918,10
GAS,BAD,EPSILON_GREEDY,Epsilon-Greedy — Battle strategy,53,7,train,0.7350918906249998,626.5503000000001,62.65503000000001,5.557779201220114,32.59561297766964,0.26916658691149187,74.92711622812978,53
GAS,BAD,EPSILON_GREEDY,Epsilon-Greedy — Battle strategy,53,7,test,0.7350918906249998,-168.12321999999995,-16.812321999999995,-8.868052796052927,29.060074758773315,-0.24357342035833426,28.091354354025018,8
GAS,BAD,EPSILON_GREEDY,Epsilon-Greedy — Battle strategy,53,8,train,0.6983372960937497,627.0354000000002,62.703540000000025,5.5612790664232525,32.58198951592405,0.26924557943739663,74.89944077905167,53
GAS,BAD,EPSILON_GREEDY,Epsilon-Greedy — Battle strategy,53,8,test,0.6983372960937497,-168.12321999999995,-16.812321999999995,-8.868052796052927,29.060074758773315,-0.24357342035833426,28.091354354025018,8
GAS,BAD,EPSILON_GREEDY,Epsilon-Greedy — Battle strategy,53,9,train,0.6634204312890623,626.6767600000001,62.66767600000001,5.558691665284687,32.59605305857247,0.2691891319689684,74.86636469564138,53
GAS,BAD,EPSILON_GREEDY,Epsilon-Greedy — Battle strategy,53,9,test,0.6634204312890623,-168.12321999999995,-16.812321999999995,-8.868052796052927,29.060074758773315,-0.24357342035833426,28.091354354025018,8
GAS,BAD,EPSILON_GREEDY,Epsilon-Greedy — Battle strategy,53,10,train,0.6302494097246091,626.6767600000001,62.66767600000001,5.558691665284687,32.59605305857247,0.2691891319689684,74.86636469564138,53
GAS,BAD,EPSILON_GREEDY,Epsilon-Greedy — Battle strategy,53,10,test,0.6302494097246091,-183.0181,-18.301810000000003,-9.694927948640963,29.744154860998467,-0.26185930826636933,28.46518763838918,10
GAS,BAD,EPSILON_GREEDY,Epsilon-Greedy — Battle strategy,53,11,train,0.5987369392383787,626.6767600000001,62.66767600000001,5.558691665284687,32.59605305857247,0.2691891319689684,74.86636469564138,53
GAS,BAD,EPSILON_GREEDY,Epsilon-Greedy — Battle strategy,53,11,test,0.5987369392383787,-183.0181,-18.301810000000003,-9.694927948640963,29.744154860998467,-0.26185930826636933,28.46518763838918,10
GAS,BAD,EPSILON_GREEDY,Epsilon-Greedy — Battle strategy,53,12,train,0.5688000922764597,626.6767600000001,62.66767600000001,5.558691665284687,32.59605305857247,0.2691891319689684,74.86636469564138,53
GAS,BAD,EPSILON_GREEDY,Epsilon-Greedy — Battle strategy,53,12,test,0.5688000922764597,-183.0181,-18.301810000000003,-9.694927948640963,29.744154860998467,-0.26185930826636933,28.46518763838918,10
GAS,BAD,EPSILON_GREEDY,Epsilon-Greedy — Battle strategy,53,13,train,0.5403600876626367,742.5921500000002,74.25921500000003,6.369687657237044,33.09752280614919,0.29341171478964,75.36761963217363,53
GAS,BAD,EPSILON_GREEDY,Epsilon-Greedy — Battle strategy,53,13,test,0.5403600876626367,-183.0181,-18.301810000000003,-9.694927948640963,29.744154860998467,-0.26185930826636933,28.46518763838918,10
GAS,BAD,EPSILON_GREEDY,Epsilon-Greedy — Battle strategy,53,14,train,0.5133420832795048,742.2242700000002,74.22242700000001,6.36719062638802,33.113485426558064,0.2933582580813303,75.37573136774944,53
GAS,BAD,EPSILON_GREEDY,Epsilon-Greedy — Battle strategy,53,14,test,0.5133420832795048,-183.0181,-18.301810000000003,-9.694927948640963,29.744154860998467,-0.26185930826636933,28.46518763838918,10
GAS,BAD,EPSILON_GREEDY,Epsilon-Greedy — Battle strategy,53,15,train,0.48767497911552954,690.7838900000002,69.07838900000002,6.013331035959024,32.84766566052871,0.2828427553865377,75.45072671474986,53
GAS,BAD,EPSILON_GREEDY,Epsilon-Greedy — Battle strategy,53,15,test,0.48767497911552954,-183.0181,-18.301810000000003,-9.694927948640963,29.744154860998467,-0.26185930826636933,28.46518763838918,10
GAS,BAD,EPSILON_GREEDY,Epsilon-Greedy — Battle strategy,53,16,train,0.46329123015975304,690.7838900000002,69.07838900000002,6.013331035959024,32.84766566052871,0.2828427553865377,75.45072671474986,53
GAS,BAD,EPSILON_GREEDY,Epsilon-Greedy — Battle strategy,53,16,test,0.46329123015975304,-183.0181,-18.301810000000003,-9.694927948640963,29.744154860998467,-0.26185930826636933,28.46518763838918,10
GAS,BAD,EPSILON_GREEDY,Epsilon-Greedy — Battle strategy,53,17,train,0.44012666865176536,742.3487800000003,74.23487800000002,6.36803580582157,33.11278014039459,0.29338350050955536,75.39844990089419,53
GAS,BAD,EPSILON_GREEDY,Epsilon-Greedy — Battle strategy,53,17,test,0.44012666865176536,-183.0181,-18.301810000000003,-9.694927948640963,29.744154860998467,-0.26185930826636933,28.46518763838918,10
GAS,BAD,EPSILON_GREEDY,Epsilon-Greedy — Battle strategy,53,18,train,0.4181203352191771,741.8031100000001,74.180311,6.36433137554544,33.10951477671943,0.29327361200391333,75.4862253385697,53
GAS,BAD,EPSILON_GREEDY,Epsilon-Greedy — Battle strategy,53,18,test,0.4181203352191771,-183.0181,-18.301810000000003,-9.694927948640963,29.744154860998467,-0.26185930826636933,28.46518763838918,10
GAS,BAD,EPSILON_GREEDY,Epsilon-Greedy — Battle strategy,53,19,train,0.3972143184582182,741.8970100000001,74.18970100000001,6.364968914889402,33.12019660085985,0.2933045919492336,75.4461482606848,53
GAS,BAD,EPSILON_GREEDY,Epsilon-Greedy — Battle strategy,53,19,test,0.3972143184582182,-183.0181,-18.301810000000003,-9.694927948640963,29.744154860998467,-0.26185930826636933,28.46518763838918,10
GAS,BAD,EPSILON_GREEDY,Epsilon-Greedy — Battle strategy,53,20,train,0.37735360253530725,691.5252,69.15252000000001,6.018498083807833,32.57840276591043,0.2826402347712036,75.44615537433008,53
GAS,BAD,EPSILON_GREEDY,Epsilon-Greedy — Battle strategy,53,20,test,0.37735360253530725,-183.0181,-18.301810000000003,-9.694927948640963,29.744154860998467,-0.26185930826636933,28.46518763838918,10
GAS,BAD,EPSILON_GREEDY,Epsilon-Greedy — Battle strategy,53,21,train,0.3584859224085419,690.37777,69.037777,6.010499461600416,32.638396383014566,0.28249560103680066,75.54372765069107,53
GAS,BAD,EPSILON_GREEDY,Epsilon-Greedy — Battle strategy,53,21,test,0.3584859224085419,-175.50058999999987,-17.550058999999987,-9.276675300456926,29.395281931927343,-0.2527567872592998,28.275277057112703,10
GAS,BAD,EPSILON_GREEDY,Epsilon-Greedy — Battle strategy,53,22,train,0.3405616262881148,690.37777,69.037777,6.010499461600416,32.638396383014566,0.28249560103680066,75.54372765069107,53
GAS,BAD,EPSILON_GREEDY,Epsilon-Greedy — Battle strategy,53,22,test,0.3405616262881148,-168.12321999999995,-16.812321999999995,-8.868052796052927,29.060074758773315,-0.24357342035833426,28.091354354025018,8
GAS,BAD,EPSILON_GREEDY,Epsilon-Greedy — Battle strategy,53,23,train,0.323533544973709,690.6349800000003,69.06349800000002,6.0122928668731035,32.62711704753069,0.2825328061338982,75.55329134710553,53
GAS,BAD,EPSILON_GREEDY,Epsilon-Greedy — Battle strategy,53,23,test,0.323533544973709,-168.12321999999995,-16.812321999999995,-8.868052796052927,29.060074758773315,-0.24357342035833426,28.091354354025018,8
GAS,BAD,EPSILON_GREEDY,Epsilon-Greedy — Battle strategy,53,24,train,0.3073568677250236,690.6349800000003,69.06349800000002,6.0122928668731035,32.62711704753069,0.2825328061338982,75.55329134710553,53
GAS,BAD,EPSILON_GREEDY,Epsilon-Greedy — Battle strategy,53,24,test,0.3073568677250236,-168.12321999999995,-16.812321999999995,-8.868052796052927,29.060074758773315,-0.24357342035833426,28.091354354025018,8
GAS,BAD,EPSILON_GREEDY,Epsilon-Greedy — Battle strategy,53,25,train,0.2919890243387724,246.2572600000001,24.625726000000007,2.4779322876604226,31.36256067293533,0.17207124308746324,74.43337743946928,52
GAS,BAD,EPSILON_GREEDY,Epsilon-Greedy — Battle strategy,53,25,test,0.2919890243387724,-168.12321999999995,-16.812321999999995,-8.868052796052927,29.060074758773315,-0.24357342035833426,28.091354354025018,8
GAS,BAD,EPSILON_GREEDY,Epsilon-Greedy — Battle strategy,53,26,train,0.27738957312183377,300.1396500000001,30.01396500000001,2.961350629003312,31.640944072694495,0.18833147138707218,73.80752149962075,52
GAS,BAD,EPSILON_GREEDY,Epsilon-Greedy — Battle strategy,53,26,test,0.27738957312183377,-168.12321999999995,-16.812321999999995,-8.868052796052927,29.060074758773315,-0.24357342035833426,28.091354354025018,8
GAS,BAD,EPSILON_GREEDY,Epsilon-Greedy — Battle strategy,53,27,train,0.26352009446574204,296.60462000000007,29.660462000000003,2.9301863177619625,31.72816335786032,0.18772119614254776,74.0533872306412,52
GAS,BAD,EPSILON_GREEDY,Epsilon-Greedy — Battle strategy,53,27,test,0.26352009446574204,-168.12321999999995,-16.812321999999995,-8.868052796052927,29.060074758773315,-0.24357342035833426,28.091354354025018,8
GAS,BAD,EPSILON_GREEDY,Epsilon-Greedy — Battle strategy,53,28,train,0.2503440897424549,296.99415,29.699415000000002,2.9336240573883066,31.7151452496626,0.18777282587797867,74.01668245425866,52
GAS,BAD,EPSILON_GREEDY,Epsilon-Greedy — Battle strategy,53,28,test,0.2503440897424549,-162.21731999999997,-16.221731999999996,-8.54222545663179,28.784049106891597,-0.23627876113313415,27.945831890576393,8
GAS,BAD,EPSILON_GREEDY,Epsilon-Greedy — Battle strategy,53,29,train,0.23782688525533216,291.82521999999994,29.182521999999995,2.887931530263521,32.066627493073455,0.18778874999547213,74.33419500038183,52
GAS,BAD,EPSILON_GREEDY,Epsilon-Greedy — Battle strategy,53,29,test,0.23782688525533216,-162.21731999999997,-16.221731999999996,-8.54222545663179,28.784049106891597,-0.23627876113313415,27.945831890576393,8
GAS,BAD,EPSILON_GREEDY,Epsilon-Greedy — Battle strategy,53,30,train,0.22593554099256555,750.7021299999999,75.07021299999998,6.424616472343692,31.985118085368473,0.2940248706611863,72.80130164232992,51
GAS,BAD,EPSILON_GREEDY,Epsilon-Greedy — Battle strategy,53,30,test,0.22593554099256555,-162.21731999999997,-16.221731999999996,-8.54222545663179,28.784049106891597,-0.23627876113313415,27.945831890576393,8
GAS,BAD,EPSILON_GREEDY,Epsilon-Greedy — Battle strategy,53,31,train,0.21463876394293727,750.7021299999999,75.07021299999998,6.424616472343692,31.985118085368473,0.2940248706611863,72.80130164232992,51
GAS,BAD,EPSILON_GREEDY,Epsilon-Greedy — Battle strategy,53,31,test,0.21463876394293727,-162.21731999999997,-16.221731999999996,-8.54222545663179,28.784049106891597,-0.23627876113313415,27.945831890576393,8
GAS,BAD,EPSILON_GREEDY,Epsilon-Greedy — Battle strategy,53,32,train,0.2039068257457904,749.5426299999999,74.95426299999998,6.416777063780699,32.00015008759811,0.2938083445065696,72.9068736038297,51
GAS,BAD,EPSILON_GREEDY,Epsilon-Greedy — Battle strategy,53,32,test,0.2039068257457904,-162.21731999999997,-16.221731999999996,-8.54222545663179,28.784049106891597,-0.23627876113313415,27.945831890576393,8
GAS,BAD,EPSILON_GREEDY,Epsilon-Greedy — Battle strategy,53,33,train,0.19371148445850087,749.5033299999998,74.95033299999999,6.416511274593417,32.01071368108104,0.29380596580313223,72.85709125992398,51
GAS,BAD,EPSILON_GREEDY,Epsilon-Greedy — Battle strategy,53,33,test,0.19371148445850087,-162.21731999999997,-16.221731999999996,-8.54222545663179,28.784049106891597,-0.23627876113313415,27.945831890576393,8
GAS,BAD,EPSILON_GREEDY,Epsilon-Greedy — Battle strategy,53,34,train,0.18402591023557582,750.7021299999999,75.07021299999998,6.424616472343692,31.985118085368473,0.2940248706611863,72.80130164232992,51
GAS,BAD,EPSILON_GREEDY,Epsilon-Greedy — Battle strategy,53,34,test,0.18402591023557582,-162.21731999999997,-16.221731999999996,-8.54222545663179,28.784049106891597,-0.23627876113313415,27.945831890576393,8
GAS,BAD,EPSILON_GREEDY,Epsilon-Greedy — Battle strategy,53,35,train,0.174824614723797,750.7021299999999,75.07021299999998,6.424616472343692,31.985118085368473,0.2940248706611863,72.80130164232992,51
GAS,BAD,EPSILON_GREEDY,Epsilon-Greedy — Battle strategy,53,35,test,0.174824614723797,-159.1788899999999,-15.91788899999999,-8.375039251396842,30.498620340590886,-0.2003035204316515,29.543150422500435,10
GAS,BAD,EPSILON_GREEDY,Epsilon-Greedy — Battle strategy,53,36,train,0.16608338398760716,750.08077,75.008077,6.4204160158853885,31.990363938569043,0.2939080325274038,72.87355295900102,51
GAS,BAD,EPSILON_GREEDY,Epsilon-Greedy — Battle strategy,53,36,test,0.16608338398760716,-148.7084299999999,-14.870842999999992,-7.801195137789907,29.82789155465425,-0.1906344350085323,29.280730623072486,10
GAS,BAD,EPSILON_GREEDY,Epsilon-Greedy — Battle strategy,53,37,train,0.1577792147882268,750.08077,75.008077,6.4204160158853885,31.990363938569043,0.2939080325274038,72.87355295900102,51
GAS,BAD,EPSILON_GREEDY,Epsilon-Greedy — Battle strategy,53,37,test,0.1577792147882268,-119.57932999999991,-11.957932999999992,-6.222892672973257,28.191319416370185,-0.15828452258513545,28.57460601132054,7
GAS,BAD,EPSILON_GREEDY,Epsilon-Greedy — Battle strategy,53,38,train,0.14989025404881545,750.8824300000001,75.088243,6.425835070551367,31.970508046405588,0.29405234263853425,72.84641908273586,51
GAS,BAD,EPSILON_GREEDY,Epsilon-Greedy — Battle strategy,53,38,test,0.14989025404881545,-131.60134000000005,-13.160134000000005,-6.871097356680611,27.17199709794474,-0.2000728679445806,28.8618651483015,7
GAS,BAD,EPSILON_GREEDY,Epsilon-Greedy — Battle strategy,53,39,train,0.14239574134637467,752.32401,75.23240100000001,6.435574305124714,31.953808575705906,0.29432790573270406,72.91944297846833,51
GAS,BAD,EPSILON_GREEDY,Epsilon-Greedy — Battle strategy,53,39,test,0.14239574134637467,-131.60134000000005,-13.160134000000005,-6.871097356680611,27.17199709794474,-0.2000728679445806,28.8618651483015,7
GAS,BAD,EPSILON_GREEDY,Epsilon-Greedy — Battle strategy,53,40,train,0.13527595427905592,752.32401,75.23240100000001,6.435574305124714,31.953808575705906,0.29432790573270406,72.91944297846833,51
GAS,BAD,EPSILON_GREEDY,Epsilon-Greedy — Battle strategy,53,40,test,0.13527595427905592,-144.95468000000005,-14.495468000000006,-7.596319513676308,27.212005572606106,-0.22812584645558054,29.187782531223366,7
GAS,BAD,EPSILON_GREEDY,Epsilon-Greedy — Battle strategy,53,41,train,0.12851215656510312,374.26322000000005,37.426322000000006,3.598056998507815,31.569794500186244,0.20769660531681974,71.71477946157034,52
GAS,BAD,EPSILON_GREEDY,Epsilon-Greedy — Battle strategy,53,41,test,0.12851215656510312,-151.4011200000001,-15.140112000000011,-7.948435107939888,26.913344114230792,-0.24784236988602631,29.347770855054,7
GAS,BAD,EPSILON_GREEDY,Epsilon-Greedy — Battle strategy,53,42,train,0.12208654873684796,374.26322000000005,37.426322000000006,3.598056998507815,31.569794500186244,0.20769660531681974,71.71477946157034,52
GAS,BAD,EPSILON_GREEDY,Epsilon-Greedy — Battle strategy,53,42,test,0.12208654873684796,-151.4011200000001,-15.140112000000011,-7.948435107939888,26.913344114230792,-0.24784236988602631,29.347770855054,7
GAS,BAD,EPSILON_GREEDY,Epsilon-Greedy — Battle strategy,53,43,train,0.11598222130000556,374.15885000000003,37.415885,3.597182162038348,31.570246397822626,0.20767096798120444,71.72698285333735,52
GAS,BAD,EPSILON_GREEDY,Epsilon-Greedy — Battle strategy,53,43,test,0.11598222130000556,-151.4011200000001,-15.140112000000011,-7.948435107939888,26.913344114230792,-0.24784236988602631,29.347770855054,7
GAS,BAD,EPSILON_GREEDY,Epsilon-Greedy — Battle strategy,53,44,train,0.11018311023500528,374.15885000000003,37.415885,3.597182162038348,31.570246397822626,0.20767096798120444,71.72698285333735,52
GAS,BAD,EPSILON_GREEDY,Epsilon-Greedy — Battle strategy,53,44,test,0.11018311023500528,-151.4011200000001,-15.140112000000011,-7.948435107939888,26.913344114230792,-0.24784236988602631,29.347770855054,7
GAS,BAD,EPSILON_GREEDY,Epsilon-Greedy — Battle strategy,53,45,train,0.10467395472325501,357.6532199999999,35.76532199999999,3.4580820010520874,32.06160883875558,0.2051390245523619,73.01025339073271,52
GAS,BAD,EPSILON_GREEDY,Epsilon-Greedy — Battle strategy,53,45,test,0.10467395472325501,-151.4011200000001,-15.140112000000011,-7.948435107939888,26.913344114230792,-0.24784236988602631,29.347770855054,7
GAS,BAD,EPSILON_GREEDY,Epsilon-Greedy — Battle strategy,54,1,train,1.0,521.7157999999997,52.17157999999997,4.778737090922203,8.363375545935952,0.36552071576111456,13.667516182049107,1
GAS,BAD,EPSILON_GREEDY,Epsilon-Greedy — Battle strategy,54,1,test,1.0,-6.753299999999967,-0.6753299999999968,-0.34126849229744183,2.331520805680267,-0.9932332708464099,2.7387299122903594,0
GAS,BAD,EPSILON_GREEDY,Epsilon-Greedy — Battle strategy,54,2,train,0.95,519.1775699999992,51.91775699999992,4.759290316228282,8.416792456195488,0.3615107555624077,14.656644354302248,1
GAS,BAD,EPSILON_GREEDY,Epsilon-Greedy — Battle strategy,54,2,test,0.95,-10.610579999999914,-1.0610579999999914,-0.5367067211273446,2.3194496168538565,-1.0834115262716713,2.974426870950369,0
GAS,BAD,EPSILON_GREEDY,Epsilon-Greedy — Battle strategy,54,3,train,0.9025,556.6418799999988,55.66418799999988,5.043437983301136,8.431267880083938,0.393446511742976,14.575482768729731,1
GAS,BAD,EPSILON_GREEDY,Epsilon-Greedy — Battle strategy,54,3,test,0.9025,-29.00303999999994,-2.900303999999994,-1.4738399952121561,2.470190281469461,-1.4002049712773856,3.9169469999999937,0
GAS,BAD,EPSILON_GREEDY,Epsilon-Greedy — Battle strategy,54,4,train,0.8573749999999999,555.4865499999996,55.54865499999996,5.0347666793951085,8.403300793862769,0.39347326458436555,12.343325468996277,1
GAS,BAD,EPSILON_GREEDY,Epsilon-Greedy — Battle strategy,54,4,test,0.8573749999999999,-35.51854999999989,-3.551854999999989,-1.8079254623516339,2.4965240944465563,-1.5216327267726089,4.568497999999988,0
GAS,BAD,EPSILON_GREEDY,Epsilon-Greedy — Battle strategy,54,5,train,0.8145062499999999,577.6156799999994,57.76156799999994,5.199870083098679,8.442382034423169,0.41081316616958813,12.178591755236171,1
GAS,BAD,EPSILON_GREEDY,Epsilon-Greedy — Battle strategy,54,5,test,0.8145062499999999,-38.916720000000055,-3.8916720000000056,-1.9826117928849252,2.531866908605599,-1.5705751583487475,4.908315000000004,0
GAS,BAD,EPSILON_GREEDY,Epsilon-Greedy — Battle strategy,54,6,train,0.7737809374999998,588.1894499999999,58.81894499999999,5.278034418192679,8.527301443658649,0.41635375190963136,12.662273425736212,1
GAS,BAD,EPSILON_GREEDY,Epsilon-Greedy — Battle strategy,54,6,test,0.7737809374999998,-41.81375000000014,-4.181375000000014,-2.131778348394986,2.5258864289650496,-1.6348300870499382,5.198018000000014,0
GAS,BAD,EPSILON_GREEDY,Epsilon-Greedy — Battle strategy,54,7,train,0.7350918906249998,567.6843399999989,56.76843399999989,5.126029553321376,8.508655172787554,0.3999527332997577,13.341079793170973,1
GAS,BAD,EPSILON_GREEDY,Epsilon-Greedy — Battle strategy,54,7,test,0.7350918906249998,-55.51529000000028,-5.551529000000028,-2.8403107522264492,2.6703056901916273,-1.8179030684861621,6.3623780000000245,0
GAS,BAD,EPSILON_GREEDY,Epsilon-Greedy — Battle strategy,54,8,train,0.6983372960937497,748.5796200000007,74.85796200000007,6.410262617909335,8.836134662697685,0.5269377419844351,11.548079166193762,1
GAS,BAD,EPSILON_GREEDY,Epsilon-Greedy — Battle strategy,54,8,test,0.6983372960937497,-59.14466000000027,-5.9144660000000275,-3.0288440896128255,2.6686530675363365,-1.8920414910822148,6.3623780000000245,0
GAS,BAD,EPSILON_GREEDY,Epsilon-Greedy — Battle strategy,54,9,train,0.6634204312890623,783.7132600000002,78.37132600000002,6.645892041812074,8.976617541095557,0.5449291860650458,11.548079166193762,1
GAS,BAD,EPSILON_GREEDY,Epsilon-Greedy — Battle strategy,54,9,test,0.6634204312890623,-59.14466000000027,-5.9144660000000275,-3.0288440896128255,2.6686530675363365,-1.8920414910822148,6.3623780000000245,0
GAS,BAD,EPSILON_GREEDY,Epsilon-Greedy — Battle strategy,54,10,train,0.6302494097246091,831.2977099999996,83.12977099999996,6.958532590359634,9.010289803768194,0.5760154235833945,11.836212955905797,1
GAS,BAD,EPSILON_GREEDY,Epsilon-Greedy — Battle strategy,54,10,test,0.6302494097246091,-59.14466000000027,-5.9144660000000275,-3.0288440896128255,2.6686530675363365,-1.8920414910822148,6.3623780000000245,0
GAS,BAD,EPSILON_GREEDY,Epsilon-Greedy — Battle strategy,54,11,train,0.5987369392383787,796.0653200000004,79.60653200000004,6.7277537039135415,9.065557085538408,0.5490081879760715,11.56404590079866,1
GAS,BAD,EPSILON_GREEDY,Epsilon-Greedy — Battle strategy,54,11,test,0.5987369392383787,-64.35352000000023,-6.435352000000023,-3.300057400725731,2.6958933436823687,-1.976845245886449,6.883264000000019,0
GAS,BAD,EPSILON_GREEDY,Epsilon-Greedy — Battle strategy,54,12,train,0.5688000922764597,808.8491800000013,80.88491800000013,6.811951810499517,9.225212182172422,0.5497106316359899,11.56404590079866,1
GAS,BAD,EPSILON_GREEDY,Epsilon-Greedy — Battle strategy,54,12,test,0.5688000922764597,-61.340150000000335,-6.1340150000000335,-3.1430672420959205,2.503444864731698,-2.065788488137656,7.166648000000022,0
GAS,BAD,EPSILON_GREEDY,Epsilon-Greedy — Battle strategy,54,13,train,0.5403600876626367,835.4729800000011,83.54729800000011,6.985619301077639,9.181176187180194,0.5697596515793353,11.558556321272281,1
GAS,BAD,EPSILON_GREEDY,Epsilon-Greedy — Battle strategy,54,13,test,0.5403600876626367,-72.1506300000002,-7.21506300000002,-3.7074369503687032,2.5435586445067395,-2.2632277732530954,7.854255000000024,0
GAS,BAD,EPSILON_GREEDY,Epsilon-Greedy — Battle strategy,54,14,train,0.5133420832795048,825.6199199999999,82.56199199999999,6.9216102001217195,9.214303457807437,0.5614820551097396,11.338586536249439,1
GAS,BAD,EPSILON_GREEDY,Epsilon-Greedy — Battle strategy,54,14,test,0.5133420832795048,-63.05624000000046,-6.305624000000046,-3.2324412100281696,3.061172066680277,-1.7146070505501814,7.40024000000003,0
GAS,BAD,EPSILON_GREEDY,Epsilon-Greedy — Battle strategy,54,15,train,0.48767497911552954,749.8482600000004,74.98482600000006,6.4188438839507755,9.357046569481678,0.5035340144951276,13.77376527823504,1
GAS,BAD,EPSILON_GREEDY,Epsilon-Greedy — Battle strategy,54,15,test,0.48767497911552954,-57.26789000000042,-5.726789000000042,-2.931307412275097,3.103975420513793,-1.5901440527520285,6.821405000000028,0
GAS,BAD,EPSILON_GREEDY,Epsilon-Greedy — Battle strategy,54,16,train,0.46329123015975304,693.6925400000002,69.36925400000003,6.033593250302904,9.517328765659457,0.458205203479251,15.884234756492226,1
GAS,BAD,EPSILON_GREEDY,Epsilon-Greedy — Battle strategy,54,16,test,0.46329123015975304,-37.0248500000007,-3.70248500000007,-1.8853206280138202,3.3132610686830426,-1.1632432664089338,5.819279000000028,0
GAS,BAD,EPSILON_GREEDY,Epsilon-Greedy — Battle strategy,54,17,train,0.44012666865176536,697.1168200000009,69.71168200000008,6.057407841704987,9.53378112522896,0.4599546355716995,15.871561209387169,1
GAS,BAD,EPSILON_GREEDY,Epsilon-Greedy — Battle strategy,54,17,test,0.44012666865176536,-53.35262000000034,-5.335262000000034,-2.7281381145427885,3.207947587951908,-1.4722175211250428,6.277547000000004,0
GAS,BAD,EPSILON_GREEDY,Epsilon-Greedy — Battle strategy,54,18,train,0.4181203352191771,683.4263900000003,68.34263900000003,5.961938641402265,9.939741310800704,0.43601900791133774,15.781631822749226,1
GAS,BAD,EPSILON_GREEDY,Epsilon-Greedy — Battle strategy,54,18,test,0.4181203352191771,-32.014220000000705,-3.20142200000007,-1.6281009899934196,3.381372271934301,-1.0614822361340897,5.968245296139693,0
GAS,BAD,EPSILON_GREEDY,Epsilon-Greedy — Battle strategy,54,19,train,0.3972143184582182,766.5321400000028,76.65321400000028,6.531184545891211,9.949669968108386,0.4900090994109214,14.919032457849301,1
GAS,BAD,EPSILON_GREEDY,Epsilon-Greedy — Battle strategy,54,19,test,0.3972143184582182,-67.0933300000006,-6.70933300000006,-3.443013258586103,3.0386274440997347,-1.7994383276556296,8.303818780268466,0
GAS,BAD,EPSILON_GREEDY,Epsilon-Greedy — Battle strategy,54,20,train,0.37735360253530725,753.9212299999983,75.39212299999983,6.446356722330648,10.099617613110723,0.4762497968211502,13.447117511178869,1
GAS,BAD,EPSILON_GREEDY,Epsilon-Greedy — Battle strategy,54,20,test,0.37735360253530725,-70.85148000000095,-7.085148000000095,-3.6394421587132686,3.145983134202094,-1.801894821149276,8.677053656092463,0
GAS,BAD,EPSILON_GREEDY,Epsilon-Greedy — Battle strategy,54,21,train,0.3584859224085419,765.9706699999981,76.59706699999981,6.527419259874789,9.88425826509224,0.4921750569185558,15.276061928700804,1
GAS,BAD,EPSILON_GREEDY,Epsilon-Greedy — Battle strategy,54,21,test,0.3584859224085419,-73.5054000000008,-7.3505400000000805,-3.7783930429950874,3.1516309663408877,-1.8445279839437367,9.090052647752975,0
GAS,BAD,EPSILON_GREEDY,Epsilon-Greedy — Battle strategy,54,22,train,0.3405616262881148,748.8425899999991,74.88425899999991,6.4120418398918355,9.899491991254026,0.4805238089899826,15.450390810154923,1
GAS,BAD,EPSILON_GREEDY,Epsilon-Greedy — Battle strategy,54,22,test,0.3405616262881148,-69.3468600000009,-6.93468600000009,-3.560752344525342,3.1330647327919743,-1.7833243383935968,8.677053656092463,0
GAS,BAD,EPSILON_GREEDY,Epsilon-Greedy — Battle strategy,54,23,train,0.323533544973709,786.9732699999986,78.69732699999986,6.667546154507464,10.531388074750133,0.48079008372913046,16.247649591507283,2
GAS,BAD,EPSILON_GREEDY,Epsilon-Greedy — Battle strategy,54,23,test,0.323533544973709,-63.82824000000085,-6.382824000000084,-3.2726734214290287,3.0916442853634027,-1.7108785787114311,8.128980415157521,0
GAS,BAD,EPSILON_GREEDY,Epsilon-Greedy — Battle strategy,54,24,train,0.3073568677250236,939.9854099999986,93.99854099999988,7.646399798636394,11.188971098015438,0.5412267599510466,16.989731723878478,1
GAS,BAD,EPSILON_GREEDY,Epsilon-Greedy — Battle strategy,54,24,test,0.3073568677250236,-60.73531000000105,-6.073531000000105,-3.1115864742401356,3.2296176284866043,-1.5847624623420606,7.821810838508868,0
GAS,BAD,EPSILON_GREEDY,Epsilon-Greedy — Battle strategy,54,25,train,0.2919890243387724,771.6883000000016,77.16883000000017,6.565712733208096,10.489361619846665,0.47311400795875425,18.192232719947395,2
GAS,BAD,EPSILON_GREEDY,Epsilon-Greedy — Battle strategy,54,25,test,0.2919890243387724,-59.36394000000098,-5.9363940000000985,-3.0402464687873887,3.2052144126515545,-1.5740445843395319,7.685615340282684,0
GAS,BAD,EPSILON_GREEDY,Epsilon-Greedy — Battle strategy,54,26,train,0.27738957312183377,1041.652680000002,104.16526800000018,8.259500743926939,10.994232587075539,0.6009556417584441,14.131353466084029,1
GAS,BAD,EPSILON_GREEDY,Epsilon-Greedy — Battle strategy,54,26,test,0.27738957312183377,-27.16850000000113,-2.7168500000001132,-1.37997376341642,4.452761437368153,-0.7399355547169956,5.58762930587756,0
GAS,BAD,EPSILON_GREEDY,Epsilon-Greedy — Battle strategy,54,27,train,0.26352009446574204,861.1067199999998,86.11067199999998,7.150725740776398,11.430412316285393,0.49149750479099436,18.134839921973796,1
GAS,BAD,EPSILON_GREEDY,Epsilon-Greedy — Battle strategy,54,27,test,0.26352009446574204,-29.845520000000988,-2.984552000000099,-1.5169758424608548,4.457597145841019,-0.7703639539949128,5.8530307056914275,0
GAS,BAD,EPSILON_GREEDY,Epsilon-Greedy — Battle strategy,54,28,train,0.2503440897424549,934.9249600000016,93.49249600000017,7.615142674375064,11.080892695795121,0.5427574714185238,18.565596986859838,1
GAS,BAD,EPSILON_GREEDY,Epsilon-Greedy — Battle strategy,54,28,test,0.2503440897424549,-32.72702000000072,-3.2727020000000726,-1.6646521094060174,4.512845193845327,-0.7937300299430361,5.969094960785773,0
GAS,BAD,EPSILON_GREEDY,Epsilon-Greedy — Battle strategy,54,29,train,0.23782688525533216,974.2542200000016,97.42542200000017,7.856182610664075,11.147341557990652,0.5604342977958826,17.961501098744186,1
GAS,BAD,EPSILON_GREEDY,Epsilon-Greedy — Battle strategy,54,29,test,0.23782688525533216,-32.507500000000846,-3.250750000000085,-1.653394091436211,4.5096374398968315,-0.7917804270829347,5.947299818463516,0
GAS,BAD,EPSILON_GREEDY,Epsilon-Greedy — Battle strategy,54,30,train,0.22593554099256555,929.8749499999999,92.98749499999998,7.583877517781912,11.14306962869943,0.537717525950563,18.94578483693457,1
GAS,BAD,EPSILON_GREEDY,Epsilon-Greedy — Battle strategy,54,30,test,0.22593554099256555,-41.09942000000092,-4.109942000000092,-2.094977136734877,4.620500931473307,-0.8693621841121508,6.510067629178913,0
GAS,BAD,EPSILON_GREEDY,Epsilon-Greedy — Battle strategy,54,31,train,0.21463876394293727,946.9858000000004,94.69858000000005,7.689520191245758,11.51906883482439,0.5324800839574911,20.0677403540036,1
GAS,BAD,EPSILON_GREEDY,Epsilon-Greedy — Battle strategy,54,31,test,0.21463876394293727,-37.120910000001004,-3.7120910000001004,-1.8902583187290989,4.6023255008516415,-0.8274569383027184,6.115059467368734,0
GAS,BAD,EPSILON_GREEDY,Epsilon-Greedy — Battle strategy,54,32,train,0.2039068257457904,977.8237999999983,97.78237999999983,7.8778479369893795,11.379629755495777,0.5530905378153194,15.702754594372657,1
GAS,BAD,EPSILON_GREEDY,Epsilon-Greedy — Battle strategy,54,32,test,0.2039068257457904,6.771909999999252,0.6771909999999253,0.34106411521306335,4.933231642345151,-0.31159207585333315,5.2904295611007255,0
GAS,BAD,EPSILON_GREEDY,Epsilon-Greedy — Battle strategy,54,33,train,0.19371148445850087,903.4066599999992,90.34066599999991,7.418810344008597,11.823075222323592,0.5003208986607662,17.271952052593566,1
GAS,BAD,EPSILON_GREEDY,Epsilon-Greedy — Battle strategy,54,33,test,0.19371148445850087,0.8867999999993117,0.08867999999993117,0.04472825506769418,4.401487288623093,-0.4222710310932236,5.320153510609327,0
GAS,BAD,EPSILON_GREEDY,Epsilon-Greedy — Battle strategy,54,34,train,0.18402591023557582,1575.96574,157.596574,11.09417371726995,12.252854582295361,0.7637932416408428,19.635080081150118,1
GAS,BAD,EPSILON_GREEDY,Epsilon-Greedy — Battle strategy,54,34,test,0.18402591023557582,5.019009999999071,0.5019009999999071,0.2528894385540603,4.599905694293099,-0.35679015783998086,6.3021006091896234,0
GAS,BAD,EPSILON_GREEDY,Epsilon-Greedy — Battle strategy,54,35,train,0.174824614723797,933.7938299999983,93.37938299999983,7.608146035087127,11.885108625833501,0.5132893021046081,16.687767725693146,1
GAS,BAD,EPSILON_GREEDY,Epsilon-Greedy — Battle strategy,54,35,test,0.174824614723797,-9.07399000000055,-0.9073990000000549,-0.45880658393649965,4.748781794038741,-0.49457307184206045,4.782688567734884,0
GAS,BAD,EPSILON_GREEDY,Epsilon-Greedy — Battle strategy,54,36,train,0.16608338398760716,2226.8030899999985,222.68030899999985,13.911873089148319,15.812473149109335,0.7832117308997142,22.83813361023222,6
GAS,BAD,EPSILON_GREEDY,Epsilon-Greedy — Battle strategy,54,36,test,0.16608338398760716,-21.197820000000547,-2.119782000000055,-1.0750831341167055,4.267638795060106,-0.7013434092088916,5.96832485794583,0
GAS,BAD,EPSILON_GREEDY,Epsilon-Greedy — Battle strategy,54,37,train,0.1577792147882268,2215.2765399999976,221.52765399999973,13.866558175604693,15.53181156352471,0.7919310728993193,21.468692922974,6
GAS,BAD,EPSILON_GREEDY,Epsilon-Greedy — Battle strategy,54,37,test,0.1577792147882268,16.42496999999912,1.642496999999912,0.82527694338137,4.53620191397213,-0.23652352250021455,4.509147503672959,0
GAS,BAD,EPSILON_GREEDY,Epsilon-Greedy — Battle strategy,54,38,train,0.14989025404881545,1627.1588899999997,162.71588899999998,11.337513419614442,14.726577957635156,0.673004092329634,34.66534394149814,2
GAS,BAD,EPSILON_GREEDY,Epsilon-Greedy — Battle strategy,54,38,test,0.14989025404881545,62.29913999999894,6.229913999999894,3.095862350644585,5.38806103398257,0.2232838687878622,4.2845899205658355,0
GAS,BAD,EPSILON_GREEDY,Epsilon-Greedy — Battle strategy,54,39,train,0.14239574134637467,1620.9778599999981,162.09778599999981,11.308357590028283,14.741894332359854,0.6706601412362873,34.69003101853074,2
GAS,BAD,EPSILON_GREEDY,Epsilon-Greedy — Battle strategy,54,39,test,0.14239574134637467,69.10597999999868,6.910597999999868,3.4286014217901117,5.6386829068269195,0.2731124750367287,4.264592729433489,0
GAS,BAD,EPSILON_GREEDY,Epsilon-Greedy — Battle strategy,54,40,train,0.13527595427905592,2653.9992599999987,265.3999259999999,15.497519460911224,15.914576848751022,0.8668032766045818,22.03163714670655,6
GAS,BAD,EPSILON_GREEDY,Epsilon-Greedy — Battle strategy,54,40,test,0.13527595427905592,72.18549999999891,7.218549999999892,3.578792792252705,5.5540024976272795,0.3026303555318014,3.869071079945329,0
GAS,BAD,EPSILON_GREEDY,Epsilon-Greedy — Battle strategy,54,41,train,0.12851215656510312,2702.8964099999966,270.2896409999997,15.66835327429581,15.978782305848283,0.8732883905210802,22.19807125028957,6
GAS,BAD,EPSILON_GREEDY,Epsilon-Greedy — Battle strategy,54,41,test,0.12851215656510312,61.492489999998725,6.149248999999872,3.056360910442124,5.481297188992026,0.2133718908521816,4.0307789625939385,0
GAS,BAD,EPSILON_GREEDY,Epsilon-Greedy — Battle strategy,54,42,train,0.12208654873684796,2742.102359999999,274.2102359999999,15.803886283401948,16.279321849908772,0.8673792039445989,22.121043025560486,6
GAS,BAD,EPSILON_GREEDY,Epsilon-Greedy — Battle strategy,54,42,test,0.12208654873684796,53.69950999999833,5.3699509999998325,2.6739720617942053,5.2291021109876965,0.14977187061120759,5.50630708237097,0
GAS,BAD,EPSILON_GREEDY,Epsilon-Greedy — Battle strategy,54,43,train,0.11598222130000556,2765.2355899999993,276.5235589999999,15.883265803468728,16.243608923190294,0.8731877828756671,21.997005215044336,6
GAS,BAD,EPSILON_GREEDY,Epsilon-Greedy — Battle strategy,54,43,test,0.11598222130000556,45.183019999998805,4.51830199999988,2.254475704618697,5.131235751478764,0.0716040978271665,5.8354515762622645,0
GAS,BAD,EPSILON_GREEDY,Epsilon-Greedy — Battle strategy,54,44,train,0.11018311023500528,2719.16737,271.916737,15.724755267729051,15.991087212429292,0.8758219529248759,22.140820347401117,6
GAS,BAD,EPSILON_GREEDY,Epsilon-Greedy — Battle strategy,54,44,test,0.11018311023500528,45.81183999999871,4.581183999999871,2.285507240027451,4.997252081138999,0.07825934618979383,5.778186778224594,0
GAS,BAD,EPSILON_GREEDY,Epsilon-Greedy — Battle strategy,54,45,train,0.10467395472325501,2362.7425400000016,236.27425400000016,14.435717338991338,16.482348836399577,0.7859414787899405,22.511113927098407,6
GAS,BAD,EPSILON_GREEDY,Epsilon-Greedy — Battle strategy,54,45,test,0.10467395472325501,46.78684999999882,4.678684999999882,2.333604573306647,4.868847383744538,0.08872134290381242,4.468612355223061,0
GAS,BAD,EPSILON_GREEDY,Epsilon-Greedy — Battle strategy,55,1,train,1.0,5129.91046,512.991046,22.336156365410886,31.292210900654656,0.7426051025281989,56.86327740947594,41
GAS,BAD,EPSILON_GREEDY,Epsilon-Greedy — Battle strategy,55,1,test,1.0,82.30198999999948,8.230198999999947,4.070685928933471,20.151900292655263,0.20006871925216108,17.98730269448645,2
GAS,BAD,EPSILON_GREEDY,Epsilon-Greedy — Battle strategy,55,2,train,0.95,5081.687529999999,508.1687529999999,22.22877415060114,31.25418514185047,0.7402841890765224,56.736158158903685,41
GAS,BAD,EPSILON_GREEDY,Epsilon-Greedy — Battle strategy,55,2,test,0.95,129.01506000000086,12.901506000000085,6.313014815723883,20.337796951737587,0.3052058688703757,18.58031230584566,2
GAS,BAD,EPSILON_GREEDY,Epsilon-Greedy — Battle strategy,55,3,train,0.9025,5071.322749999999,507.13227499999994,22.20559521713914,31.284998261648724,0.7392549146222575,56.81679384702119,41
GAS,BAD,EPSILON_GREEDY,Epsilon-Greedy — Battle strategy,55,3,test,0.9025,104.89116000000126,10.489116000000125,5.160879234621052,20.371726089277608,0.2513687859650483,19.77736289844666,2
GAS,BAD,EPSILON_GREEDY,Epsilon-Greedy — Battle strategy,55,4,train,0.8573749999999999,5064.26251,506.426251,22.189786135874346,31.294212591225186,0.7387160002382436,56.88756228615698,41
GAS,BAD,EPSILON_GREEDY,Epsilon-Greedy — Battle strategy,55,4,test,0.8573749999999999,107.34018000000128,10.734018000000129,5.278406979227834,20.34069188743361,0.2569531511517734,19.77736289844666,2
GAS,BAD,EPSILON_GREEDY,Epsilon-Greedy — Battle strategy,55,5,train,0.8145062499999999,5028.00577,502.800577,22.10834248105684,31.169165789728115,0.7382621776202718,56.64959194830903,41
GAS,BAD,EPSILON_GREEDY,Epsilon-Greedy — Battle strategy,55,5,test,0.8145062499999999,100.76755000000048,10.076755000000048,4.9626963757685605,20.385197170504405,0.2420595355149202,19.77736289844666,2
GAS,BAD,EPSILON_GREEDY,Epsilon-Greedy — Battle strategy,55,6,train,0.7737809374999998,5027.706039999998,502.7706039999998,22.107667383808206,31.179847471241818,0.7380987326822026,56.65193843037748,41
GAS,BAD,EPSILON_GREEDY,Epsilon-Greedy — Battle strategy,55,6,test,0.7737809374999998,112.15341000000035,11.215341000000036,5.5090177480688896,20.304091795857907,0.2678723274070429,18.58031230584566,2
GAS,BAD,EPSILON_GREEDY,Epsilon-Greedy — Battle strategy,55,7,train,0.7350918906249998,5018.554229999999,501.85542299999986,22.08703991529106,31.233239063288863,0.736824672401334,56.72367847160357,41
GAS,BAD,EPSILON_GREEDY,Epsilon-Greedy — Battle strategy,55,7,test,0.7350918906249998,112.15341000000035,11.215341000000036,5.5090177480688896,20.304091795857907,0.2678723274070429,18.58031230584566,2
GAS,BAD,EPSILON_GREEDY,Epsilon-Greedy — Battle strategy,55,8,train,0.6983372960937497,5011.928209999999,501.19282099999987,22.07208797486475,31.26394286939318,0.7360136064416293,56.77573261949417,41
GAS,BAD,EPSILON_GREEDY,Epsilon-Greedy — Battle strategy,55,8,test,0.6983372960937497,112.15341000000035,11.215341000000036,5.5090177480688896,20.304091795857907,0.2678723274070429,18.58031230584566,2
GAS,BAD,EPSILON_GREEDY,Epsilon-Greedy — Battle strategy,55,9,train,0.6634204312890623,5064.375439999999,506.4375439999999,22.190039134112393,31.310598233949765,0.7384994067642484,56.87855091398547,41
GAS,BAD,EPSILON_GREEDY,Epsilon-Greedy — Battle strategy,55,9,test,0.6634204312890623,112.15341000000035,11.215341000000036,5.5090177480688896,20.304091795857907,0.2678723274070429,18.58031230584566,2
GAS,BAD,EPSILON_GREEDY,Epsilon-Greedy — Battle strategy,55,10,train,0.6302494097246091,5019.033769999999,501.9033769999999,22.08812145307992,31.22871042814184,0.7369150829044256,56.71991489931829,41
GAS,BAD,EPSILON_GREEDY,Epsilon-Greedy — Battle strategy,55,10,test,0.6302494097246091,117.84083000000055,11.784083000000054,5.780876078141994,20.405190827628186,0.28020025245302643,18.58031230584566,2
GAS,BAD,EPSILON_GREEDY,Epsilon-Greedy — Battle strategy,55,11,train,0.5987369392383787,5013.89924,501.38992399999995,22.07653723095926,31.269379965355714,0.7360546411091865,56.76023818763872,41
GAS,BAD,EPSILON_GREEDY,Epsilon-Greedy — Battle strategy,55,11,test,0.5987369392383787,108.19862000000057,10.819862000000057,5.319572769879644,20.37496048213625,0.2587989353567093,19.034512353392856,2
GAS,BAD,EPSILON_GREEDY,Epsilon-Greedy — Battle strategy,55,12,train,0.5688000922764597,5005.878239999999,500.58782399999996,22.058423121896876,31.27097601051175,0.7355588216096925,56.823344817153576,41
GAS,BAD,EPSILON_GREEDY,Epsilon-Greedy — Battle strategy,55,12,test,0.5688000922764597,125.21240000000034,12.521240000000034,6.13221885727,20.24823695196431,0.2972152919507422,17.98730269448645,2
GAS,BAD,EPSILON_GREEDY,Epsilon-Greedy — Battle strategy,55,13,train,0.5403600876626367,4948.967179999999,494.89671799999985,21.92927778328233,31.256380498709223,0.7323352489412904,56.76216127863724,41
GAS,BAD,EPSILON_GREEDY,Epsilon-Greedy — Battle strategy,55,13,test,0.5403600876626367,128.31548000000043,12.831548000000042,6.279776238139467,20.218081523687744,0.3042487087564421,17.98730269448645,2
GAS,BAD,EPSILON_GREEDY,Epsilon-Greedy — Battle strategy,55,14,train,0.5133420832795048,4948.578359999999,494.8578359999998,21.92839168378551,31.258210749921357,0.7322871392910792,56.76525058276992,41
GAS,BAD,EPSILON_GREEDY,Epsilon-Greedy — Battle strategy,55,14,test,0.5133420832795048,141.78130000000078,14.178130000000078,6.917784230179125,20.31085475638296,0.3333372386810061,18.03561186270746,2
GAS,BAD,EPSILON_GREEDY,Epsilon-Greedy — Battle strategy,55,15,train,0.48767497911552954,4959.84675,495.984675,21.954050880393282,31.20993241521243,0.7336150615523197,56.6758556090843,41
GAS,BAD,EPSILON_GREEDY,Epsilon-Greedy — Battle strategy,55,15,test,0.48767497911552954,151.38031000000024,15.138031000000025,7.370310060068985,20.32244612383722,0.3541180023841002,18.03561186270746,2
GAS,BAD,EPSILON_GREEDY,Epsilon-Greedy — Battle strategy,55,16,train,0.46329123015975304,4963.48178,496.348178,21.96231899144072,31.192446914328652,0.7340698000087734,56.64707803474434,41
GAS,BAD,EPSILON_GREEDY,Epsilon-Greedy — Battle strategy,55,16,test,0.46329123015975304,163.21357000000103,16.321357000000102,7.925600076654615,20.723917644946077,0.3762165327741967,17.347001327958502,2
GAS,BAD,EPSILON_GREEDY,Epsilon-Greedy — Battle strategy,55,17,train,0.44012666865176536,4951.2227699999985,495.1222769999998,21.9344171341991,31.239938843170624,0.7326923693287873,56.74424649761352,41
GAS,BAD,EPSILON_GREEDY,Epsilon-Greedy — Battle strategy,55,17,test,0.44012666865176536,175.1659900000011,17.51659900000011,8.483647532552663,20.6614111837783,0.40177488093568836,17.08930377120977,2
GAS,BAD,EPSILON_GREEDY,Epsilon-Greedy — Battle strategy,55,18,train,0.4181203352191771,5006.217629999998,500.6217629999998,22.059190013915586,31.290773456103466,0.7353097781242061,56.820671763564555,41
GAS,BAD,EPSILON_GREEDY,Epsilon-Greedy — Battle strategy,55,18,test,0.4181203352191771,177.5237800000009,17.752378000000093,8.593397936176594,20.66899908295199,0.4066015992927302,17.08930377120977,2
GAS,BAD,EPSILON_GREEDY,Epsilon-Greedy — Battle strategy,55,19,train,0.3972143184582182,4999.438029999998,499.94380299999983,22.043863397219845,31.23741160875153,0.7356216242557162,56.62499264279034,41
GAS,BAD,EPSILON_GREEDY,Epsilon-Greedy — Battle strategy,55,19,test,0.3972143184582182,185.21208000000092,18.52120800000009,8.95051852794191,20.642650731130182,0.42281773901044606,16.578552470816486,2
GAS,BAD,EPSILON_GREEDY,Epsilon-Greedy — Battle strategy,55,20,train,0.37735360253530725,4883.645699999997,488.36456999999973,21.77968657434006,31.20918544601816,0.729005845877608,56.76725506090891,41
GAS,BAD,EPSILON_GREEDY,Epsilon-Greedy — Battle strategy,55,20,test,0.37735360253530725,198.21633000000134,19.821633000000134,9.551961479959314,20.603047274646496,0.45004718361299606,14.901158116052732,2
GAS,BAD,EPSILON_GREEDY,Epsilon-Greedy — Battle strategy,55,21,train,0.3584859224085419,5028.722879999999,502.8722879999999,22.10995754360754,31.226215306243176,0.7375235374781336,56.643978731961816,41
GAS,BAD,EPSILON_GREEDY,Epsilon-Greedy — Battle strategy,55,21,test,0.3584859224085419,196.63791000000106,19.663791000000106,9.479133046540644,20.594146296299794,0.4469120158911673,14.901158116052732,2
GAS,BAD,EPSILON_GREEDY,Epsilon-Greedy — Battle strategy,55,22,train,0.3405616262881148,5023.693499999998,502.36934999999977,22.09862685967401,31.260548496555597,0.7367556786771283,56.68336994265669,41
GAS,BAD,EPSILON_GREEDY,Epsilon-Greedy — Battle strategy,55,22,test,0.3405616262881148,196.298590000001,19.629859000000103,9.46347057758854,20.584455964879574,0.4463274595378991,14.901158116052732,2
GAS,BAD,EPSILON_GREEDY,Epsilon-Greedy — Battle strategy,55,23,train,0.323533544973709,4999.563999999998,499.95639999999975,22.04414831746082,31.41558880792634,0.7332339628974394,56.88078421921161,41
GAS,BAD,EPSILON_GREEDY,Epsilon-Greedy — Battle strategy,55,23,test,0.323533544973709,196.298590000001,19.629859000000103,9.46347057758854,20.584455964879574,0.4463274595378991,14.901158116052732,2
GAS,BAD,EPSILON_GREEDY,Epsilon-Greedy — Battle strategy,55,24,train,0.3073568677250236,5005.356039999998,500.5356039999998,22.05724307373764,31.38204513391728,0.7340269347335483,56.827458183195034,41
GAS,BAD,EPSILON_GREEDY,Epsilon-Greedy — Battle strategy,55,24,test,0.3073568677250236,195.75560000000064,19.575560000000063,9.43840244638805,20.586900447908942,0.44518258934468924,14.901158116052732,2
GAS,BAD,EPSILON_GREEDY,Epsilon-Greedy — Battle strategy,55,25,train,0.2919890243387724,4894.568989999998,489.4568989999998,21.804804201187224,31.193599359700386,0.7298779723314546,56.679636636798236,41
GAS,BAD,EPSILON_GREEDY,Epsilon-Greedy — Battle strategy,55,25,test,0.2919890243387724,194.70144000000096,19.470144000000094,9.389719102420525,20.624765134796476,0.4425761534695574,14.901158116052732,2
GAS,BAD,EPSILON_GREEDY,Epsilon-Greedy — Battle strategy,55,26,train,0.27738957312183377,4902.103759999998,490.2103759999998,21.822105975167826,31.16499703120731,0.7307213633771441,56.63750793067438,41
GAS,BAD,EPSILON_GREEDY,Epsilon-Greedy — Battle strategy,55,26,test,0.27738957312183377,194.70144000000096,19.470144000000094,9.389719102420525,20.624765134796476,0.4425761534695574,14.901158116052732,2
GAS,BAD,EPSILON_GREEDY,Epsilon-Greedy — Battle strategy,55,27,train,0.26352009446574204,4898.7647499999985,489.8764749999999,21.814441171295627,31.182074846933773,0.7302884706656579,56.66422247750658,41
GAS,BAD,EPSILON_GREEDY,Epsilon-Greedy — Battle strategy,55,27,test,0.26352009446574204,198.33165000000122,19.833165000000122,9.557280490617526,20.6144268227988,0.4501462071332599,14.957641090809211,2
GAS,BAD,EPSILON_GREEDY,Epsilon-Greedy — Battle strategy,55,28,train,0.2503440897424549,4884.6808299999975,488.4680829999997,21.782068587366822,31.241141120205928,0.7286413641024233,56.77718212796113,41
GAS,BAD,EPSILON_GREEDY,Epsilon-Greedy — Battle strategy,55,28,test,0.2503440897424549,197.36027000000126,19.736027000000124,9.512468702226617,20.69480017824537,0.44720998203627726,15.468392391202498,2
GAS,BAD,EPSILON_GREEDY,Epsilon-Greedy — Battle strategy,55,29,train,0.23782688525533216,4960.682509999998,496.0682509999998,21.955952267334467,31.4240564663051,0.7307857133129544,56.68722290926802,41
GAS,BAD,EPSILON_GREEDY,Epsilon-Greedy — Battle strategy,55,29,test,0.23782688525533216,195.2031800000011,19.52031800000011,9.412893172852343,20.673122670884442,0.44304814548202465,15.468392391202498,2
GAS,BAD,EPSILON_GREEDY,Epsilon-Greedy — Battle strategy,55,30,train,0.22593554099256555,4825.859969999998,482.5859969999998,21.64611717032532,31.244407763289416,0.7249843802345904,56.72971899711887,41
GAS,BAD,EPSILON_GREEDY,Epsilon-Greedy — Battle strategy,55,30,test,0.22593554099256555,205.79020000000128,20.579020000000128,9.900761022055192,20.683208544658317,0.46451582362925786,15.468392391202498,2
GAS,BAD,EPSILON_GREEDY,Epsilon-Greedy — Battle strategy,55,31,train,0.21463876394293727,4755.983879999998,475.5983879999998,21.483019426605953,31.474871002438597,0.7176516914053952,56.77195085673882,41
GAS,BAD,EPSILON_GREEDY,Epsilon-Greedy — Battle strategy,55,31,test,0.21463876394293727,202.47689000000173,20.247689000000175,9.748307083670582,20.702893027024263,0.45754219202348706,15.468392391202498,2
GAS,BAD,EPSILON_GREEDY,Epsilon-Greedy — Battle strategy,55,32,train,0.2039068257457904,4955.860429999998,495.5860429999998,21.94497858306057,31.43462078141228,0.73035669943166,56.725458534368386,41
GAS,BAD,EPSILON_GREEDY,Epsilon-Greedy — Battle strategy,55,32,test,0.2039068257457904,208.47329000000127,20.84732900000013,10.024064867887382,20.618299026028346,0.4707862450975661,14.957641090809211,2
GAS,BAD,EPSILON_GREEDY,Epsilon-Greedy — Battle strategy,55,33,train,0.19371148445850087,4938.613019999998,493.8613019999998,21.905663633647944,31.53386605008689,0.7280167589966208,56.86264128870118,41
GAS,BAD,EPSILON_GREEDY,Epsilon-Greedy — Battle strategy,55,33,test,0.19371148445850087,208.47329000000127,20.84732900000013,10.024064867887382,20.618299026028346,0.4707862450975661,14.957641090809211,2
GAS,BAD,EPSILON_GREEDY,Epsilon-Greedy — Battle strategy,55,34,train,0.18402591023557582,4898.535259999998,489.85352599999976,21.813914228069,31.399337670602783,0.7273682637975676,56.66605949264384,41
GAS,BAD,EPSILON_GREEDY,Epsilon-Greedy — Battle strategy,55,34,test,0.18402591023557582,224.01653000000147,22.401653000000145,10.73571500725905,20.776664364591362,0.49990857611202305,15.468392391202498,2
GAS,BAD,EPSILON_GREEDY,Epsilon-Greedy — Battle strategy,55,35,train,0.174824614723797,4941.737369999997,494.1737369999997,21.91279301536284,31.540936927935036,0.7281100222395053,56.83774158908091,41
GAS,BAD,EPSILON_GREEDY,Epsilon-Greedy — Battle strategy,55,35,test,0.174824614723797,225.10736000000156,22.510736000000158,10.785490240551177,20.770779773261022,0.5021627531057861,15.468392391202498,2
GAS,BAD,EPSILON_GREEDY,Epsilon-Greedy — Battle strategy,55,36,train,0.16608338398760716,4748.518959999998,474.8518959999997,21.4654916651144,31.497533465491678,0.7169030635285666,56.833345517674516,41
GAS,BAD,EPSILON_GREEDY,Epsilon-Greedy — Battle strategy,55,36,test,0.16608338398760716,221.7934700000019,22.179347000000188,10.634207344450775,20.77212759149686,0.49554676906119544,15.359083912978774,2
GAS,BAD,EPSILON_GREEDY,Epsilon-Greedy — Battle strategy,55,37,train,0.1577792147882268,4748.325359999998,474.83253599999983,21.465036819880723,31.498430458642346,0.7168796432135343,56.83493953260332,41
GAS,BAD,EPSILON_GREEDY,Epsilon-Greedy — Battle strategy,55,37,test,0.1577792147882268,217.81941000000188,21.781941000000188,10.452518561741076,20.555277100255942,0.49063243310980414,14.970541356966269,2
GAS,BAD,EPSILON_GREEDY,Epsilon-Greedy — Battle strategy,55,38,train,0.14989025404881545,4741.951609999997,474.19516099999976,21.450054677527564,31.537286146489823,0.7159896823251582,56.887468085863176,41
GAS,BAD,EPSILON_GREEDY,Epsilon-Greedy — Battle strategy,55,38,test,0.14989025404881545,220.9225100000017,22.092251000000168,10.594413287236604,20.481825847606622,0.4979536064133378,14.970541356966269,2
GAS,BAD,EPSILON_GREEDY,Epsilon-Greedy — Battle strategy,55,39,train,0.14239574134637467,4873.662029999998,487.36620299999976,21.756693283544216,31.74845743895277,0.7213346876783925,56.865872579154995,41
GAS,BAD,EPSILON_GREEDY,Epsilon-Greedy — Battle strategy,55,39,test,0.14239574134637467,220.9225100000017,22.092251000000168,10.594413287236604,20.481825847606622,0.4979536064133378,14.970541356966269,2
GAS,BAD,EPSILON_GREEDY,Epsilon-Greedy — Battle strategy,55,40,train,0.13527595427905592,4877.628469999998,487.76284699999974,21.765832507783035,31.71660027949052,0.721979495959781,56.833914755931616,41
GAS,BAD,EPSILON_GREEDY,Epsilon-Greedy — Battle strategy,55,40,test,0.13527595427905592,226.50121000000172,22.650121000000173,10.849060511965236,20.529645371225733,0.5085107723209364,14.990014385377812,2
GAS,BAD,EPSILON_GREEDY,Epsilon-Greedy — Battle strategy,55,41,train,0.12851215656510312,4835.263109999998,483.5263109999998,21.667932141984547,31.636067081932843,0.7204398973791885,56.653541534451115,41
GAS,BAD,EPSILON_GREEDY,Epsilon-Greedy — Battle strategy,55,41,test,0.12851215656510312,230.72172000000228,23.072172000000226,11.041330210759813,20.4028489295305,0.5189226913591174,14.990014385377812,2
GAS,BAD,EPSILON_GREEDY,Epsilon-Greedy — Battle strategy,55,42,train,0.12208654873684796,4817.852819999998,481.78528199999977,21.627516164029604,31.710752246054035,0.7184354940149537,56.79474883700543,41
GAS,BAD,EPSILON_GREEDY,Epsilon-Greedy — Battle strategy,55,42,test,0.12208654873684796,232.63175000000183,23.26317500000018,11.128236207614783,20.39049715596117,0.5229598094817037,14.990014385377812,2
GAS,BAD,EPSILON_GREEDY,Epsilon-Greedy — Battle strategy,55,43,train,0.11598222130000556,4821.168979999998,482.11689799999976,21.635222526795705,31.69136913054096,0.7188828186823072,56.76779866024392,41
GAS,BAD,EPSILON_GREEDY,Epsilon-Greedy — Battle strategy,55,43,test,0.11598222130000556,236.5834400000017,23.65834400000017,11.307825756885581,20.373256212246556,0.5311846096485504,14.990014385377812,2
GAS,BAD,EPSILON_GREEDY,Epsilon-Greedy — Battle strategy,55,44,train,0.11018311023500528,4681.469819999999,468.1469819999999,21.307145731592627,31.942160097847825,0.7072018790517567,56.85382901723908,43
GAS,BAD,EPSILON_GREEDY,Epsilon-Greedy — Battle strategy,55,44,test,0.11018311023500528,237.94615000000158,23.794615000000157,11.369689878368195,20.443276161740574,0.5327961485683103,14.990014385377812,2
GAS,BAD,EPSILON_GREEDY,Epsilon-Greedy — Battle strategy,55,45,train,0.10467395472325501,4565.87968,456.587968,21.030221514358093,32.05305561462766,0.698720659295695,56.73866136176669,45
GAS,BAD,EPSILON_GREEDY,Epsilon-Greedy — Battle strategy,55,45,test,0.10467395472325501,245.5264200000015,24.55264200000015,11.713203719197596,20.431955667688896,0.54810155121008,14.955333352941544,2
GAS,BAD,EPSILON_GREEDY,Epsilon-Greedy — Battle strategy,56,1,train,1.0,65.64921000000004,6.5649210000000044,0.7094799804203245,10.281302936106517,-0.073755151605323,25.215547753867405,3
GAS,BAD,EPSILON_GREEDY,Epsilon-Greedy — Battle strategy,56,1,test,1.0,44.1719599999999,4.41719599999999,2.2045616681713565,6.068387137839492,0.06108289798948595,5.453192371225935,0
GAS,BAD,EPSILON_GREEDY,Epsilon-Greedy — Battle strategy,56,2,train,0.95,37.28022999999985,3.7280229999999843,0.4077980662812841,10.091204077135934,-0.10702241502812362,24.5569919525141,2
GAS,BAD,EPSILON_GREEDY,Epsilon-Greedy — Battle strategy,56,2,test,0.95,23.68622000000005,2.368622000000005,1.188012825328033,6.725455007539911,-0.0877178856881979,6.5254704487578366,0
GAS,BAD,EPSILON_GREEDY,Epsilon-Greedy — Battle strategy,56,3,train,0.9025,9.283089999998992,0.9283089999998992,0.1027927498614245,10.420220197557372,-0.12980420184414077,26.748802957398343,4
GAS,BAD,EPSILON_GREEDY,Epsilon-Greedy — Battle strategy,56,3,test,0.9025,33.65305999999987,3.3653059999999866,1.6838368298566664,7.131397368558996,-0.01004693000414517,5.951566318289753,0
GAS,BAD,EPSILON_GREEDY,Epsilon-Greedy — Battle strategy,56,4,train,0.8573749999999999,39.53627999999935,3.9536279999999353,0.4320560952119079,10.654904081237456,-0.0935451676129517,28.758620072383717,4
GAS,BAD,EPSILON_GREEDY,Epsilon-Greedy — Battle strategy,56,4,test,0.8573749999999999,22.314729999999713,2.2314729999999714,1.119597918109272,7.213463537495588,-0.08649080981309157,6.350116588503048,0
GAS,BAD,EPSILON_GREEDY,Epsilon-Greedy — Battle strategy,56,5,train,0.8145062499999999,34.87147999999911,3.4871479999999107,0.38184632317179723,10.594687476189023,-0.09947209600252875,27.96324606847531,4
GAS,BAD,EPSILON_GREEDY,Epsilon-Greedy — Battle strategy,56,5,test,0.8145062499999999,22.582019999999943,2.258201999999994,1.1329348813914342,7.484128149848152,-0.07896738898499271,6.706654421980074,0
GAS,BAD,EPSILON_GREEDY,Epsilon-Greedy — Battle strategy,56,6,train,0.7737809374999998,-21.850690000001578,-2.1850690000001576,-0.24534391693502577,10.646259859640967,-0.15778895780195018,28.08833710211603,4
GAS,BAD,EPSILON_GREEDY,Epsilon-Greedy — Battle strategy,56,6,test,0.7737809374999998,86.65272999999979,8.66527299999998,4.2815307135606995,8.16983887744714,0.3106129856196601,7.035173020732584,0
GAS,BAD,EPSILON_GREEDY,Epsilon-Greedy — Battle strategy,56,7,train,0.7350918906249998,25.207399999999097,2.5207399999999094,0.2771832767775262,10.959709293296113,-0.10216688293650474,29.879060885732677,4
GAS,BAD,EPSILON_GREEDY,Epsilon-Greedy — Battle strategy,56,7,test,0.7350918906249998,35.88669000000027,3.588669000000027,1.794628650582708,8.151248575870904,0.014120600431244879,7.845165918607404,0
GAS,BAD,EPSILON_GREEDY,Epsilon-Greedy — Battle strategy,56,8,train,0.6983372960937497,6.941049999998995,0.6941049999998995,0.07693857727097964,11.110218487538168,-0.11744287446548152,29.69667406291326,4
GAS,BAD,EPSILON_GREEDY,Epsilon-Greedy — Battle strategy,56,8,test,0.6983372960937497,41.217310000000225,4.121731000000022,2.0585590156385836,8.127770677242463,0.04587302763600201,8.116078524943143,0
GAS,BAD,EPSILON_GREEDY,Epsilon-Greedy — Battle strategy,56,9,train,0.6634204312890623,-8.138110000001234,-0.8138110000001234,-0.09081431696082998,11.282910904021534,-0.12893764867228089,28.57329784689276,5
GAS,BAD,EPSILON_GREEDY,Epsilon-Greedy — Battle strategy,56,9,test,0.6634204312890623,56.9192800000003,5.69192800000003,2.832130250028242,8.81913453134295,0.13479392326798292,7.599693430785173,0
GAS,BAD,EPSILON_GREEDY,Epsilon-Greedy — Battle strategy,56,10,train,0.6302494097246091,-92.12867000000233,-9.212867000000232,-1.0688997605619366,11.124796305465892,-0.22146120115389667,32.77133285030456,3
GAS,BAD,EPSILON_GREEDY,Epsilon-Greedy — Battle strategy,56,10,test,0.6302494097246091,52.381660000000466,5.238166000000047,2.6091689500483684,8.824711829071678,0.11009123567822329,7.773906587917684,0
GAS,BAD,EPSILON_GREEDY,Epsilon-Greedy — Battle strategy,56,11,train,0.5987369392383787,-41.67738000000077,-4.167738000000077,-0.47221434223514436,11.316316216663825,-0.16218273460111107,29.780420419901176,4
GAS,BAD,EPSILON_GREEDY,Epsilon-Greedy — Battle strategy,56,11,test,0.5987369392383787,43.317800000000034,4.331780000000003,2.162374809581258,9.31574934482776,0.06211654449924237,7.875696824947928,0
GAS,BAD,EPSILON_GREEDY,Epsilon-Greedy — Battle strategy,56,12,train,0.5688000922764597,-49.350230000001716,-4.935023000000172,-0.5611333308621957,11.841999734017682,-0.15744290328067567,28.98149207855657,5
GAS,BAD,EPSILON_GREEDY,Epsilon-Greedy — Battle strategy,56,12,test,0.5688000922764597,47.25830999999994,4.725830999999993,2.356853776375578,9.579451414315503,0.08291031406650692,8.488912850892723,0
GAS,BAD,EPSILON_GREEDY,Epsilon-Greedy — Battle strategy,56,13,train,0.5403600876626367,-13.312800000000266,-1.3312800000000264,-0.1489044641665105,12.4001700852138,-0.11123262478333523,30.69612379733528,4
GAS,BAD,EPSILON_GREEDY,Epsilon-Greedy — Battle strategy,56,13,test,0.5403600876626367,52.04756000000043,5.204756000000043,2.5927337423507835,9.881275205979852,0.10670682585052481,7.823924526022926,0
GAS,BAD,EPSILON_GREEDY,Epsilon-Greedy — Battle strategy,56,14,train,0.5133420832795048,-102.99817000000121,-10.29981700000012,-1.2013019113110368,13.25841160228122,-0.17607329148010906,33.18001443189563,8
GAS,BAD,EPSILON_GREEDY,Epsilon-Greedy — Battle strategy,56,14,test,0.5133420832795048,46.23743000000013,4.623743000000013,2.3065043654204143,9.980929907953499,0.0785463024028643,8.27389793949779,0
GAS,BAD,EPSILON_GREEDY,Epsilon-Greedy — Battle strategy,56,15,train,0.48767497911552954,-23.756350000000452,-2.3756350000000452,-0.2669713315052169,13.72980374385463,-0.09623815103562988,32.164445294030244,10
GAS,BAD,EPSILON_GREEDY,Epsilon-Greedy — Battle strategy,56,15,test,0.48767497911552954,38.34869000000049,3.834869000000049,1.9166109491899563,10.000386519337045,0.040287851469390186,8.757696396071305,0
GAS,BAD,EPSILON_GREEDY,Epsilon-Greedy — Battle strategy,56,16,train,0.46329123015975304,107.37448000000063,10.737448000000063,1.14047368074095,14.024429730128906,0.009371950342369078,25.610639114122012,10
GAS,BAD,EPSILON_GREEDY,Epsilon-Greedy — Battle strategy,56,16,test,0.46329123015975304,45.34333999999967,4.534333999999967,2.2623881885255326,10.582052711641179,0.0758429668554614,8.944103596645375,0
GAS,BAD,EPSILON_GREEDY,Epsilon-Greedy — Battle strategy,56,17,train,0.44012666865176536,39.21253999999931,3.921253999999931,0.42857797946849185,14.080780769801898,-0.04064097440405979,26.776949687275092,10
GAS,BAD,EPSILON_GREEDY,Epsilon-Greedy — Battle strategy,56,17,test,0.44012666865176536,27.414459999999508,2.741445999999951,1.3737617854653772,10.653537970327646,-0.006116275245576533,9.28999664641345,0
GAS,BAD,EPSILON_GREEDY,Epsilon-Greedy — Battle strategy,56,18,train,0.4181203352191771,-49.72921000000099,-4.972921000000099,-0.5655417584805367,13.794524856945687,-0.11708064432249943,33.33082284325585,11
GAS,BAD,EPSILON_GREEDY,Epsilon-Greedy — Battle strategy,56,18,test,0.4181203352191771,-1.4131600000001754,-0.14131600000001754,-0.07131733884950808,12.135773347815254,-0.10984117363246054,11.683711487411301,1
GAS,BAD,EPSILON_GREEDY,Epsilon-Greedy — Battle strategy,56,19,train,0.3972143184582182,-73.58561000000043,-7.3585610000000425,-0.8462433737809749,13.801594855618701,-0.13759682299278775,33.30376757737722,10
GAS,BAD,EPSILON_GREEDY,Epsilon-Greedy — Battle strategy,56,19,test,0.3972143184582182,-0.46343000000024404,-0.0463430000000244,-0.02338221641866589,12.185664811897638,-0.10495306651692764,11.683711487411301,1
GAS,BAD,EPSILON_GREEDY,Epsilon-Greedy — Battle strategy,56,20,train,0.37735360253530725,-58.12858000000108,-5.812858000000108,-0.6636494849497465,14.095824227376418,-0.11860474098941541,31.723070577797717,11
GAS,BAD,EPSILON_GREEDY,Epsilon-Greedy — Battle strategy,56,20,test,0.37735360253530725,-0.9181599999999435,-0.09181599999999435,-0.04633069915706001,12.230593956907327,-0.10600489325354358,11.703718732776565,1
GAS,BAD,EPSILON_GREEDY,Epsilon-Greedy — Battle strategy,56,21,train,0.3584859224085419,-49.66223000000002,-4.966223000000002,-0.5647625100747566,14.626334543183447,-0.10221780562493783,33.75225022002642,13
GAS,BAD,EPSILON_GREEDY,Epsilon-Greedy — Battle strategy,56,21,test,0.3584859224085419,-51.20504000000028,-5.120504000000028,-2.6168737460295466,12.231633679413525,-0.31958541116044276,12.511593397372314,1
GAS,BAD,EPSILON_GREEDY,Epsilon-Greedy — Battle strategy,56,22,train,0.3405616262881148,86.77523999999971,8.677523999999972,0.929535957616423,14.885427136280107,0.0031836345862846045,27.896421871963,13
GAS,BAD,EPSILON_GREEDY,Epsilon-Greedy — Battle strategy,56,22,test,0.3405616262881148,-12.672990000000254,-1.2672990000000255,-0.6413585217827422,12.344343109039846,-0.15239409080486624,11.703718732776565,1
GAS,BAD,EPSILON_GREEDY,Epsilon-Greedy — Battle strategy,56,23,train,0.323533544973709,97.42391999999973,9.742391999999972,1.0390186697251558,14.97709216653169,0.011366011195873878,29.32581348214872,13
GAS,BAD,EPSILON_GREEDY,Epsilon-Greedy — Battle strategy,56,23,test,0.323533544973709,-23.129920000000084,-2.3129920000000084,-1.173644014975539,12.933873116432817,-0.18127444634979056,12.771784535613648,1
GAS,BAD,EPSILON_GREEDY,Epsilon-Greedy — Battle strategy,56,24,train,0.3073568677250236,86.45547999999849,8.645547999999849,0.9262336743719901,14.952058773591562,0.0035956800046058938,30.520031138022176,13
GAS,BAD,EPSILON_GREEDY,Epsilon-Greedy — Battle strategy,56,24,test,0.3073568677250236,-49.76981000000001,-4.976981,-2.542585204149095,13.210124274026889,-0.28052663944847184,14.515025488246728,1
GAS,BAD,EPSILON_GREEDY,Epsilon-Greedy — Battle strategy,56,25,train,0.2919890243387724,76.75787000000014,7.675787000000015,0.8256700943540363,15.030812037859151,-0.002338889760374216,29.879929072023458,13
GAS,BAD,EPSILON_GREEDY,Epsilon-Greedy — Battle strategy,56,25,test,0.2919890243387724,-58.9377599999998,-5.8937759999999795,-3.018086667565689,13.910956615262826,-0.29479356371702836,15.312152340573776,1
GAS,BAD,EPSILON_GREEDY,Epsilon-Greedy — Battle strategy,56,26,train,0.27738957312183377,98.41094999999859,9.841094999999859,1.0491187860654616,15.146639749770818,0.013551589026972633,30.09107068397578,12
GAS,BAD,EPSILON_GREEDY,Epsilon-Greedy — Battle strategy,56,26,test,0.27738957312183377,-60.651009999999815,-6.065100999999982,-3.107199617774581,13.976800992037418,-0.29933986484895797,15.473712674388123,1
GAS,BAD,EPSILON_GREEDY,Epsilon-Greedy — Battle strategy,56,27,train,0.26352009446574204,214.33626999999683,21.43362699999968,2.1827096059781503,15.523211085029107,0.08943974448516868,29.82014827172851,12
GAS,BAD,EPSILON_GREEDY,Epsilon-Greedy — Battle strategy,56,27,test,0.26352009446574204,-64.5585900000001,-6.45585900000001,-3.310750209568314,14.014247299541587,-0.31321720254946833,15.859460190925512,1
GAS,BAD,EPSILON_GREEDY,Epsilon-Greedy — Battle strategy,56,28,train,0.2503440897424549,74.62885999999821,7.462885999999822,0.8034846804228168,15.256899972278926,-0.0015088750353124758,29.638189526487807,13
GAS,BAD,EPSILON_GREEDY,Epsilon-Greedy — Battle strategy,56,28,test,0.2503440897424549,-42.968939999999634,-4.296893999999964,-2.191320787543183,14.261000223195285,-0.22441865305763276,13.259724562380812,1
GAS,BAD,EPSILON_GREEDY,Epsilon-Greedy — Battle strategy,56,29,train,0.23782688525533216,81.60678999999823,8.160678999999822,0.8760532515672326,15.603811711012591,0.006612950532571108,33.27596496531448,13
GAS,BAD,EPSILON_GREEDY,Epsilon-Greedy — Battle strategy,56,29,test,0.23782688525533216,-42.968939999999634,-4.296893999999964,-2.191320787543183,14.261000223195285,-0.22441865305763276,13.259724562380812,1
GAS,BAD,EPSILON_GREEDY,Epsilon-Greedy — Battle strategy,56,30,train,0.22593554099256555,66.38231999999766,6.638231999999766,0.7171809842901444,15.461239444959551,-0.005053733929999838,34.673362684495,13
GAS,BAD,EPSILON_GREEDY,Epsilon-Greedy — Battle strategy,56,30,test,0.22593554099256555,-46.22378000000015,-4.6223780000000145,-2.3592781603476554,13.84556716715567,-0.24799225780440406,14.013478252080352,1
GAS,BAD,EPSILON_GREEDY,Epsilon-Greedy — Battle strategy,56,31,train,0.21463876394293727,104.68704999999841,10.46870499999984,1.1131530112479249,15.549394137725733,0.02131588730962638,33.41055215873598,13
GAS,BAD,EPSILON_GREEDY,Epsilon-Greedy — Battle strategy,56,31,test,0.21463876394293727,-62.042600000000334,-6.204260000000033,-3.1796410424454136,15.704658077014692,-0.25483804510652663,15.980982414050576,2
GAS,BAD,EPSILON_GREEDY,Epsilon-Greedy — Battle strategy,56,32,train,0.2039068257457904,123.03830999999673,12.303830999999672,1.298550741586224,15.70418797825244,0.03441266328459554,34.31627313840179,13
GAS,BAD,EPSILON_GREEDY,Epsilon-Greedy — Battle strategy,56,32,test,0.2039068257457904,-31.138110000000438,-3.1138110000000436,-1.5831938889288466,13.976873383265364,-0.18760625037965062,12.604888909161161,1
GAS,BAD,EPSILON_GREEDY,Epsilon-Greedy — Battle strategy,56,33,train,0.19371148445850087,100.53411999999844,10.053411999999843,1.0708175265160325,15.699541399418854,0.01988337150004594,33.66012410000592,13
GAS,BAD,EPSILON_GREEDY,Epsilon-Greedy — Battle strategy,56,33,test,0.19371148445850087,-68.55783000000031,-6.855783000000031,-3.5195122221641006,15.689138486581491,-0.27772464101384897,15.979823659169584,2
GAS,BAD,EPSILON_GREEDY,Epsilon-Greedy — Battle strategy,56,34,train,0.18402591023557582,82.78575999999885,8.278575999999886,0.8882731050495973,15.569514343465823,0.007011839525066866,34.9847543008049,12
GAS,BAD,EPSILON_GREEDY,Epsilon-Greedy — Battle strategy,56,34,test,0.18402591023557582,-68.88735000000031,-6.888735000000031,-3.5367330927208895,15.712627800553813,-0.2782170425697413,15.979823659169584,2
GAS,BAD,EPSILON_GREEDY,Epsilon-Greedy — Battle strategy,56,35,train,0.174824614723797,137.6146299999973,13.761462999999729,1.4439022328752271,15.901088440331195,0.04502004720893013,31.1468497500295,13
GAS,BAD,EPSILON_GREEDY,Epsilon-Greedy — Battle strategy,56,35,test,0.174824614723797,-67.36535000000038,-6.736535000000038,-3.4572178706776424,15.713415065736616,-0.2729523324651026,16.33171258602484,2
GAS,BAD,EPSILON_GREEDY,Epsilon-Greedy — Battle strategy,56,36,train,0.16608338398760716,86.10187999999926,8.610187999999926,0.9225809065991797,15.850459532727374,0.011836457590105896,33.93172429354289,12
GAS,BAD,EPSILON_GREEDY,Epsilon-Greedy — Battle strategy,56,36,test,0.16608338398760716,-64.7486500000008,-6.474865000000079,-3.3206614005751756,15.770529990264953,-0.2623462192298406,16.57434585883361,1
GAS,BAD,EPSILON_GREEDY,Epsilon-Greedy — Battle strategy,56,37,train,0.1577792147882268,85.34611999999879,8.534611999999878,0.9147701901037752,15.955432405329809,0.012347024346284605,33.844594527687235,13
GAS,BAD,EPSILON_GREEDY,Epsilon-Greedy — Battle strategy,56,37,test,0.1577792147882268,-104.05234000000053,-10.405234000000052,-5.39216180224551,15.606583613405748,-0.4059781066891117,19.454668103796646,2
GAS,BAD,EPSILON_GREEDY,Epsilon-Greedy — Battle strategy,56,38,train,0.14989025404881545,76.54039999999827,7.654039999999827,0.8234057303046605,15.903125442165166,0.00611002756823012,35.11514658323391,13
GAS,BAD,EPSILON_GREEDY,Epsilon-Greedy — Battle strategy,56,38,test,0.14989025404881545,-73.30251000000032,-7.3302510000000325,-3.7677634055239384,15.81965374407424,-0.2903708155451714,18.751833092291402,2
GAS,BAD,EPSILON_GREEDY,Epsilon-Greedy — Battle strategy,56,39,train,0.14239574134637467,71.0286499999986,7.102864999999861,0.7658795402325058,15.991482896427339,0.0033671987685843755,35.03108664939687,13
GAS,BAD,EPSILON_GREEDY,Epsilon-Greedy — Battle strategy,56,39,test,0.14239574134637467,-81.92360000000042,-8.192360000000042,-4.220453437746752,16.052502666865852,-0.3133169269829868,19.65403644934149,2
GAS,BAD,EPSILON_GREEDY,Epsilon-Greedy — Battle strategy,56,40,train,0.13527595427905592,63.175449999998364,6.317544999999837,0.6834594014969886,16.039836314618853,-0.0013105187706402626,35.31346677296211,13
GAS,BAD,EPSILON_GREEDY,Epsilon-Greedy — Battle strategy,56,40,test,0.13527595427905592,-96.37238000000036,-9.637238000000037,-4.983902848114486,16.14757501941293,-0.36021093334891413,19.65403644934149,2
GAS,BAD,EPSILON_GREEDY,Epsilon-Greedy — Battle strategy,56,41,train,0.12851215656510312,58.298739999997224,5.829873999999722,0.6320050721945192,16.257825993947968,-0.002263012414230022,35.60565074115585,14
GAS,BAD,EPSILON_GREEDY,Epsilon-Greedy — Battle strategy,56,41,test,0.12851215656510312,-94.26435000000095,-9.426435000000094,-4.872143118359185,16.966633596001284,-0.32791593328100566,20.76371734087411,2
GAS,BAD,EPSILON_GREEDY,Epsilon-Greedy — Battle strategy,56,42,train,0.12208654873684796,47.58812999999827,4.758812999999827,0.5182532629551373,16.226626869433456,-0.009646847923001545,35.72663987073616,13
GAS,BAD,EPSILON_GREEDY,Epsilon-Greedy — Battle strategy,56,42,test,0.12208654873684796,-12.72713000000033,-1.2727130000000328,-0.6441071780771579,16.740068460984993,-0.07407885150159589,15.837095569557627,2
GAS,BAD,EPSILON_GREEDY,Epsilon-Greedy — Battle strategy,56,43,train,0.11598222130000556,34.27501999999754,3.427501999999754,0.3754118024822617,16.377545439653602,-0.016811477349124717,36.642730337309025,14
GAS,BAD,EPSILON_GREEDY,Epsilon-Greedy — Battle strategy,56,43,test,0.11598222130000556,-32.76301000000046,-3.276301000000046,-1.6664979666527913,17.184177423476953,-0.12817259372081374,17.927960670767884,2
GAS,BAD,EPSILON_GREEDY,Epsilon-Greedy — Battle strategy,56,44,train,0.11018311023500528,128.39927999999782,12.839927999999782,1.3522029185906392,16.558013635583478,0.044093865948490046,34.74043380516061,13
GAS,BAD,EPSILON_GREEDY,Epsilon-Greedy — Battle strategy,56,44,test,0.11018311023500528,-61.96587000000079,-6.196587000000079,-3.1756453538962948,17.31391010821377,-0.21545790652953897,20.58009622271932,2
GAS,BAD,EPSILON_GREEDY,Epsilon-Greedy — Battle strategy,56,45,train,0.10467395472325501,71.39743999999769,7.1397439999997685,0.7697368094436552,16.651996629725964,0.010000904481858034,34.299712197373125,15
GAS,BAD,EPSILON_GREEDY,Epsilon-Greedy — Battle strategy,56,45,test,0.10467395472325501,-61.716120000000615,-6.171612000000062,-3.162640829286534,17.30919489267571,-0.21478589097586795,20.58009622271932,2
GAS,BAD,EPSILON_GREEDY,Epsilon-Greedy — Battle strategy,57,1,train,1.0,1311.9496000000004,131.19496000000004,9.766480719220061,14.05970596796659,0.5962740512559108,21.31821664947656,5
GAS,BAD,EPSILON_GREEDY,Epsilon-Greedy — Battle strategy,57,1,test,1.0,-65.1283699999999,-6.51283699999999,-3.340465912790458,16.006583831209007,-0.25734616451058784,20.87902047738371,2
GAS,BAD,EPSILON_GREEDY,Epsilon-Greedy — Battle strategy,57,2,train,0.95,1315.3956300000004,131.53956300000004,9.784660045319393,14.04668400472366,0.597887340865436,21.290736860229543,5
GAS,BAD,EPSILON_GREEDY,Epsilon-Greedy — Battle strategy,57,2,test,0.95,-62.89065000000005,-6.289065000000004,-3.2238137488993734,16.02153048179977,-0.24940723608696255,20.881154633855367,2
GAS,BAD,EPSILON_GREEDY,Epsilon-Greedy — Battle strategy,57,3,train,0.9025,1417.4836899999996,141.74836899999997,10.312601231377894,14.144184767787635,0.6289469829626793,21.552018278641153,5
GAS,BAD,EPSILON_GREEDY,Epsilon-Greedy — Battle strategy,57,3,test,0.9025,-70.30648999999994,-7.030648999999994,-3.61093254979179,16.049010726462456,-0.27374683901048735,21.19664495626117,2
GAS,BAD,EPSILON_GREEDY,Epsilon-Greedy — Battle strategy,57,4,train,0.8573749999999999,1427.6338299999989,142.7633829999999,10.364003168725677,14.152348679335471,0.6319856371717477,21.473832557758836,5
GAS,BAD,EPSILON_GREEDY,Epsilon-Greedy — Battle strategy,57,4,test,0.8573749999999999,-71.95595999999978,-7.195595999999978,-3.697245326590337,16.054478855909007,-0.2791955577388648,21.19664495626117,2
GAS,BAD,EPSILON_GREEDY,Epsilon-Greedy — Battle strategy,57,5,train,0.8145062499999999,1423.3125699999991,142.3312569999999,10.342143009887938,14.168452392730938,0.6300160771835981,21.507049426958275,5
GAS,BAD,EPSILON_GREEDY,Epsilon-Greedy — Battle strategy,57,5,test,0.8145062499999999,-80.0944199999999,-8.009441999999991,-4.124228456516265,15.920247466354462,-0.31090394016348044,21.74660079637557,2
GAS,BAD,EPSILON_GREEDY,Epsilon-Greedy — Battle strategy,57,6,train,0.7737809374999998,1450.2631199999987,145.02631199999988,10.477917338659037,14.179798859489386,0.6383684795953843,21.301546738254515,5
GAS,BAD,EPSILON_GREEDY,Epsilon-Greedy — Battle strategy,57,6,test,0.7737809374999998,-65.09531999999967,-6.509531999999968,-3.3387420129274648,15.9774275399678,-0.25800925038873795,21.90296367549006,2
GAS,BAD,EPSILON_GREEDY,Epsilon-Greedy — Battle strategy,57,7,train,0.7350918906249998,1445.5621599999986,144.55621599999986,10.454330228325004,14.19740724548392,0.636233545568599,21.33710914764703,5
GAS,BAD,EPSILON_GREEDY,Epsilon-Greedy — Battle strategy,57,7,test,0.7350918906249998,-72.97081999999955,-7.297081999999955,-3.750388273138061,16.15951017485459,-0.2797717798424418,22.588706200683195,2
GAS,BAD,EPSILON_GREEDY,Epsilon-Greedy — Battle strategy,57,8,train,0.6983372960937497,2039.9491599999997,203.99491599999996,13.158859382814825,14.840411817722549,0.7793523983721616,22.102939106426067,5
GAS,BAD,EPSILON_GREEDY,Epsilon-Greedy — Battle strategy,57,8,test,0.6983372960937497,-78.14447999999948,-7.814447999999947,-4.021755178980735,16.204055191480858,-0.29602695734394036,23.03919171562075,2
GAS,BAD,EPSILON_GREEDY,Epsilon-Greedy — Battle strategy,57,9,train,0.6634204312890623,1785.9757900000004,178.59757900000005,12.066495430875035,15.017394968202272,0.7067408286579753,22.079183670587458,5
GAS,BAD,EPSILON_GREEDY,Epsilon-Greedy — Battle strategy,57,9,test,0.6634204312890623,-75.46094999999968,-7.546094999999968,-3.880905722322936,16.180337895571526,-0.28761185419804036,22.805529009934585,2
GAS,BAD,EPSILON_GREEDY,Epsilon-Greedy — Battle strategy,57,10,train,0.6302494097246091,1819.7012600000007,181.97012600000008,12.216528282983163,15.085773883564144,0.7131601690937055,22.291374016058484,5
GAS,BAD,EPSILON_GREEDY,Epsilon-Greedy — Battle strategy,57,10,test,0.6302494097246091,-81.05631000000017,-8.105631000000017,-4.1748173570186236,16.048327089610556,-0.3104521838786875,23.29273316151416,2
GAS,BAD,EPSILON_GREEDY,Epsilon-Greedy — Battle strategy,57,11,train,0.5987369392383787,1858.869790000001,185.8869790000001,12.388786477314028,15.009395414327557,0.7263456316421736,22.00882813390202,5
GAS,BAD,EPSILON_GREEDY,Epsilon-Greedy — Battle strategy,57,11,test,0.5987369392383787,-82.79011999999989,-8.27901199999999,-4.266070340521888,16.05153519303005,-0.31631109155310566,23.443701004521582,2
GAS,BAD,EPSILON_GREEDY,Epsilon-Greedy — Battle strategy,57,12,train,0.5688000922764597,2171.23,217.123,13.69205498678745,15.196693921877689,0.7957774753829054,22.122066902690207,5
GAS,BAD,EPSILON_GREEDY,Epsilon-Greedy — Battle strategy,57,12,test,0.5688000922764597,-84.90409,-8.490409,-4.377447425349967,16.039304736379037,-0.32395237216092354,23.627770476425923,2
GAS,BAD,EPSILON_GREEDY,Epsilon-Greedy — Battle strategy,57,13,train,0.5403600876626367,2172.67512,217.267512,13.69781433322068,15.194592151099847,0.7962035360184652,22.113129664308335,5
GAS,BAD,EPSILON_GREEDY,Epsilon-Greedy — Battle strategy,57,13,test,0.5403600876626367,-83.37653,-8.337653,-4.296953306059903,16.035049721154877,-0.31881795907911886,23.494761416457152,2
GAS,BAD,EPSILON_GREEDY,Epsilon-Greedy — Battle strategy,57,14,train,0.5133420832795048,1650.13362,165.013362,11.445353101359457,15.581341668457938,0.6507525689190256,25.914207799869445,6
GAS,BAD,EPSILON_GREEDY,Epsilon-Greedy — Battle strategy,57,14,test,0.5133420832795048,-74.22990000000004,-7.422990000000004,-3.816359837020089,15.992990905439347,-0.28866800644566726,22.69833793182667,2
GAS,BAD,EPSILON_GREEDY,Epsilon-Greedy — Battle strategy,57,15,train,0.48767497911552954,1652.49973,165.24997299999998,11.456411995957772,15.583529064625926,0.6513296561302496,26.14029172453069,6
GAS,BAD,EPSILON_GREEDY,Epsilon-Greedy — Battle strategy,57,15,test,0.48767497911552954,-95.28672000000006,-9.528672000000006,-4.926329170732069,16.047188179301493,-0.3596907498042833,23.996029580819272,2
GAS,BAD,EPSILON_GREEDY,Epsilon-Greedy — Battle strategy,57,16,train,0.46329123015975304,1746.7033299999994,174.67033299999994,11.889737938226318,15.645463879595608,0.6743998777917625,23.417905282193576,6
GAS,BAD,EPSILON_GREEDY,Epsilon-Greedy — Battle strategy,57,16,test,0.46329123015975304,-88.97905999999989,-8.897905999999988,-4.592502520905106,16.088578722206197,-0.3364976988042419,23.842627179878424,2
GAS,BAD,EPSILON_GREEDY,Epsilon-Greedy — Battle strategy,57,17,train,0.44012666865176536,2752.1617100000003,275.21617100000003,15.83845744608643,15.650337838116258,0.897752235011073,22.12820250480691,5
GAS,BAD,EPSILON_GREEDY,Epsilon-Greedy — Battle strategy,57,17,test,0.44012666865176536,-118.34429000000023,-11.834429000000023,-6.156550693524854,16.168699191587226,-0.4365472927947592,25.576471994278048,2
GAS,BAD,EPSILON_GREEDY,Epsilon-Greedy — Battle strategy,57,18,train,0.4181203352191771,2743.16562,274.31656200000003,15.807544310897415,15.688899252591012,0.8942133418663486,22.151540980143185,5
GAS,BAD,EPSILON_GREEDY,Epsilon-Greedy — Battle strategy,57,18,test,0.4181203352191771,-123.93858000000023,-12.393858000000023,-6.457425578971687,16.19274510499706,-0.4555467026621797,25.992930698779976,2
GAS,BAD,EPSILON_GREEDY,Epsilon-Greedy — Battle strategy,57,19,train,0.3972143184582182,2988.3002400000014,298.83002400000015,16.62722090940283,15.768266569840556,0.9356435473666682,22.24421159144586,5
GAS,BAD,EPSILON_GREEDY,Epsilon-Greedy — Battle strategy,57,19,test,0.3972143184582182,-131.73490000000015,-13.173490000000015,-6.878323556382105,16.289407355104935,-0.4796285063670267,26.685870387291455,2
GAS,BAD,EPSILON_GREEDY,Epsilon-Greedy — Battle strategy,57,20,train,0.37735360253530725,2502.9479900000024,250.2947990000002,14.95664102361407,16.650681003670265,0.8072134552891376,22.525240453361125,6
GAS,BAD,EPSILON_GREEDY,Epsilon-Greedy — Battle strategy,57,20,test,0.37735360253530725,-135.89426000000037,-13.589426000000039,-7.103640049032567,15.840284156526394,-0.5132401430353167,27.093476521381042,2
GAS,BAD,EPSILON_GREEDY,Epsilon-Greedy — Battle strategy,57,21,train,0.3584859224085419,1777.8950099999984,177.78950099999983,12.030307224435122,19.404881787406826,0.5844500328781068,37.245653307948565,15
GAS,BAD,EPSILON_GREEDY,Epsilon-Greedy — Battle strategy,57,21,test,0.3584859224085419,-161.25094000000024,-16.125094000000022,-8.489018945518211,15.808074846500816,-0.6099045958353283,27.990045423042893,2
GAS,BAD,EPSILON_GREEDY,Epsilon-Greedy — Battle strategy,57,22,train,0.3405616262881148,1619.167169999998,161.91671699999978,11.299805017832988,19.467322187613753,0.5492794052387546,42.08529221840838,15
GAS,BAD,EPSILON_GREEDY,Epsilon-Greedy — Battle strategy,57,22,test,0.3405616262881148,-160.02170000000012,-16.002170000000014,-8.421383882232181,15.804695358601556,-0.6053812569998952,27.88265438728167,2
GAS,BAD,EPSILON_GREEDY,Epsilon-Greedy — Battle strategy,57,23,train,0.323533544973709,1627.7859599999974,162.77859599999977,11.340467892371443,19.6119366231755,0.5485402699906808,42.707176634632546,15
GAS,BAD,EPSILON_GREEDY,Epsilon-Greedy — Battle strategy,57,23,test,0.323533544973709,-167.63226999999995,-16.763226999999993,-8.840923590083328,15.885454709135672,-0.6304707468633992,28.54754244415686,2
GAS,BAD,EPSILON_GREEDY,Epsilon-Greedy — Battle strategy,57,24,train,0.3073568677250236,1649.9038799999985,164.99038799999985,11.444278858705804,19.57126601561715,0.5540679093869655,41.94380371798884,15
GAS,BAD,EPSILON_GREEDY,Epsilon-Greedy — Battle strategy,57,24,test,0.3073568677250236,-172.52917999999988,-17.25291799999999,-9.111875912492817,15.866387574019623,-0.6502418661646089,29.7564647658,2
GAS,BAD,EPSILON_GREEDY,Epsilon-Greedy — Battle strategy,57,25,train,0.2919890243387724,1478.0744699999977,147.80744699999977,10.616643728413933,20.027526526021482,0.5084931082406919,45.58087689166532,17
GAS,BAD,EPSILON_GREEDY,Epsilon-Greedy — Battle strategy,57,25,test,0.2919890243387724,-192.5482999999998,-19.25482999999998,-10.227911808008017,15.764442498088618,-0.7340288359224252,29.7564647658,2
GAS,BAD,EPSILON_GREEDY,Epsilon-Greedy — Battle strategy,57,26,train,0.27738957312183377,1211.4711899999984,121.14711899999983,9.225527832341962,20.06732848573901,0.44423458943847033,49.99020793765094,17
GAS,BAD,EPSILON_GREEDY,Epsilon-Greedy — Battle strategy,57,26,test,0.27738957312183377,-192.5482999999998,-19.25482999999998,-10.227911808008017,15.764442498088618,-0.7340288359224252,29.7564647658,2
GAS,BAD,EPSILON_GREEDY,Epsilon-Greedy — Battle strategy,57,27,train,0.26352009446574204,1196.9733499999957,119.69733499999957,9.145678793685995,20.107540724038383,0.44008332197086725,49.86732020750723,17
GAS,BAD,EPSILON_GREEDY,Epsilon-Greedy — Battle strategy,57,27,test,0.26352009446574204,-199.6114200000003,-19.961142000000027,-10.624936328029033,15.854667713294521,-0.7569692103174551,30.37352552895921,2
GAS,BAD,EPSILON_GREEDY,Epsilon-Greedy — Battle strategy,57,28,train,0.2503440897424549,1189.9407999999967,118.99407999999967,9.10677714113941,20.175353197115626,0.43751401964403364,50.55214821003241,17
GAS,BAD,EPSILON_GREEDY,Epsilon-Greedy — Battle strategy,57,28,test,0.2503440897424549,-199.6114200000003,-19.961142000000027,-10.624936328029033,15.854667713294521,-0.7569692103174551,30.37352552895921,2
GAS,BAD,EPSILON_GREEDY,Epsilon-Greedy — Battle strategy,57,29,train,0.23782688525533216,1429.9651699999968,142.99651699999967,10.375782467968442,20.449642279768547,0.49143007128672683,45.20210298295126,17
GAS,BAD,EPSILON_GREEDY,Epsilon-Greedy — Battle strategy,57,29,test,0.23782688525533216,-200.35704000000032,-20.03570400000003,-10.666949450396402,15.848256691512566,-0.7603155600405836,30.39437401808588,2
GAS,BAD,EPSILON_GREEDY,Epsilon-Greedy — Battle strategy,57,30,train,0.22593554099256555,1400.998219999995,140.09982199999948,10.228705943395333,20.53375408619901,0.4836860273326958,46.59026283864327,17
GAS,BAD,EPSILON_GREEDY,Epsilon-Greedy — Battle strategy,57,30,test,0.22593554099256555,-189.37162000000012,-18.93716200000001,-10.04990885464161,15.950424687180377,-0.7111055495988954,29.434646355406468,2
GAS,BAD,EPSILON_GREEDY,Epsilon-Greedy — Battle strategy,57,31,train,0.21463876394293727,1398.1473899999964,139.81473899999966,10.214146045962092,20.66987426899878,0.481216206180739,46.90846431762824,17
GAS,BAD,EPSILON_GREEDY,Epsilon-Greedy — Battle strategy,57,31,test,0.21463876394293727,-189.94594000000006,-18.994594000000006,-10.082064827608905,16.17512957099828,-0.7011462208027528,29.484821113515853,2
GAS,BAD,EPSILON_GREEDY,Epsilon-Greedy — Battle strategy,57,32,train,0.2039068257457904,1345.6050899999964,134.56050899999963,9.943006882601368,20.660930903887817,0.46930558868014055,47.407259431760686,17
GAS,BAD,EPSILON_GREEDY,Epsilon-Greedy — Battle strategy,57,32,test,0.2039068257457904,-196.43552000000022,-19.64355200000002,-10.44620213450359,15.796700545058478,-0.7476557234390955,30.05177526230317,2
GAS,BAD,EPSILON_GREEDY,Epsilon-Greedy — Battle strategy,57,33,train,0.19371148445850087,1354.7177699999947,135.4717769999995,9.990416347313813,20.69766885883283,0.47091732068780184,47.191456371450485,17
GAS,BAD,EPSILON_GREEDY,Epsilon-Greedy — Battle strategy,57,33,test,0.19371148445850087,-211.9902500000003,-21.19902500000003,-11.324972675400913,16.373860659105,-0.7760340692398117,31.327060847902054,2
GAS,BAD,EPSILON_GREEDY,Epsilon-Greedy — Battle strategy,57,34,train,0.18402591023557582,1500.497679999995,150.0497679999995,10.727489401568867,21.200727346281695,0.49645109646614755,48.83591457534144,18
GAS,BAD,EPSILON_GREEDY,Epsilon-Greedy — Battle strategy,57,34,test,0.18402591023557582,-210.0434200000002,-21.00434200000002,-11.214518066066637,16.378926284917682,-0.7681232712207149,31.327060847902054,2
GAS,BAD,EPSILON_GREEDY,Epsilon-Greedy — Battle strategy,57,35,train,0.174824614723797,1668.6273699999988,166.86273699999987,11.531557808645875,21.594990769416924,0.5251411853307111,52.230742995610555,18
GAS,BAD,EPSILON_GREEDY,Epsilon-Greedy — Battle strategy,57,35,test,0.174824614723797,-207.58690000000024,-20.758690000000023,-11.075338176271599,16.381438475953196,-0.7583933668235885,31.351498240537445,2
GAS,BAD,EPSILON_GREEDY,Epsilon-Greedy — Battle strategy,57,36,train,0.16608338398760716,1727.9256999999961,172.7925699999996,11.804428462574034,21.637485905848656,0.5359236181444237,50.965079962155926,18
GAS,BAD,EPSILON_GREEDY,Epsilon-Greedy — Battle strategy,57,36,test,0.16608338398760716,-216.5749900000003,-21.65749900000003,-11.585626140581473,16.391308514111895,-0.7930365849995177,31.557040720164014,2
GAS,BAD,EPSILON_GREEDY,Epsilon-Greedy — Battle strategy,57,37,train,0.1577792147882268,1840.7141399999982,184.07141399999983,12.309202775531979,21.99562263340603,0.5514156424264193,48.999181870816194,18
GAS,BAD,EPSILON_GREEDY,Epsilon-Greedy — Battle strategy,57,37,test,0.1577792147882268,-215.7479400000002,-21.57479400000002,-11.538550599264386,16.240317513954782,-0.7987215139120272,31.48478651746452,2
GAS,BAD,EPSILON_GREEDY,Epsilon-Greedy — Battle strategy,57,38,train,0.14989025404881545,2495.902049999999,249.59020499999988,14.930908481104632,22.047184166978095,0.6562518324946103,49.50857751278641,17
GAS,BAD,EPSILON_GREEDY,Epsilon-Greedy — Battle strategy,57,38,test,0.14989025404881545,-218.3387200000002,-21.833872000000017,-11.686099667348726,16.090782622991142,-0.8179663482007321,30.94596182733017,2
GAS,BAD,EPSILON_GREEDY,Epsilon-Greedy — Battle strategy,57,39,train,0.14239574134637467,2489.8641499999967,248.98641499999968,14.908820708214176,22.362852704619105,0.6492893846413681,48.274402067033385,18
GAS,BAD,EPSILON_GREEDY,Epsilon-Greedy — Battle strategy,57,39,test,0.14239574134637467,-209.6872100000005,-20.968721000000052,-11.194322873872887,16.13089540572009,-0.7810216848986017,30.181664404549792,2
GAS,BAD,EPSILON_GREEDY,Epsilon-Greedy — Battle strategy,57,40,train,0.13527595427905592,3587.674200000003,358.7674200000003,18.456974148483507,23.04472802767641,0.7699415400484015,40.03925098616355,18
GAS,BAD,EPSILON_GREEDY,Epsilon-Greedy — Battle strategy,57,40,test,0.13527595427905592,-208.56339000000014,-20.856339000000016,-11.130637865344973,16.264616379257408,-0.7689322701014822,30.857117172195657,2
GAS,BAD,EPSILON_GREEDY,Epsilon-Greedy — Battle strategy,57,41,train,0.12851215656510312,3588.663440000001,358.86634400000014,18.45981391721203,23.11153178942826,0.768497150548591,39.08127828603789,18
GAS,BAD,EPSILON_GREEDY,Epsilon-Greedy — Battle strategy,57,41,test,0.12851215656510312,-214.17848000000038,-21.417848000000035,-11.449284794426806,16.200452266755367,-0.7948224348692761,31.347672581222785,2
GAS,BAD,EPSILON_GREEDY,Epsilon-Greedy — Battle strategy,57,42,train,0.12208654873684796,3636.2414800000033,363.62414800000033,18.59575585811275,23.190061239206017,0.771668072483566,39.024690689233225,18
GAS,BAD,EPSILON_GREEDY,Epsilon-Greedy — Battle strategy,57,42,test,0.12208654873684796,-209.1439300000003,-20.91439300000003,-11.163530501608909,16.05705430480748,-0.7831887111407418,30.381949587030316,2
GAS,BAD,EPSILON_GREEDY,Epsilon-Greedy — Battle strategy,57,43,train,0.11598222130000556,3112.9846199999965,311.2984619999997,17.027092611220993,24.041594624343904,0.6967584140130454,40.15695172785011,19
GAS,BAD,EPSILON_GREEDY,Epsilon-Greedy — Battle strategy,57,43,test,0.11598222130000556,-201.26677000000018,-20.12667700000002,-10.718235905950536,16.255119359732262,-0.7409184381656786,30.21965696966723,2
GAS,BAD,EPSILON_GREEDY,Epsilon-Greedy — Battle strategy,57,44,train,0.11018311023500528,3495.1497499999987,349.5149749999999,18.188931254632724,24.24391454852694,0.7340884792115661,37.50216790597854,19
GAS,BAD,EPSILON_GREEDY,Epsilon-Greedy — Battle strategy,57,44,test,0.11018311023500528,-204.6716100000001,-20.467161000000008,-10.910442721426229,16.127884646600528,-0.7613565549002423,29.738572949567054,2
GAS,BAD,EPSILON_GREEDY,Epsilon-Greedy — Battle strategy,57,45,train,0.10467395472325501,3488.059260000001,348.8059260000001,18.168188407198183,24.433967837368424,0.729550628291209,37.917590929877434,19
GAS,BAD,EPSILON_GREEDY,Epsilon-Greedy — Battle strategy,57,45,test,0.10467395472325501,-203.31072000000017,-20.331072000000017,-10.833570222031142,16.125492060438983,-0.7561305007760456,29.618348304425616,2
GAS,BAD,EPSILON_GREEDY,Epsilon-Greedy — Battle strategy,58,1,train,1.0,882.4487199999983,88.24487199999983,7.28665433848914,19.83334256172353,0.3562744230478584,35.16258351286133,18
GAS,BAD,EPSILON_GREEDY,Epsilon-Greedy — Battle strategy,58,1,test,1.0,-167.6809599999998,-16.76809599999998,-8.843613776706515,31.339393899993233,-0.20298693412242183,35.94700644780027,11
GAS,BAD,EPSILON_GREEDY,Epsilon-Greedy — Battle strategy,58,2,train,0.95,857.6018899999988,85.76018899999987,7.128270930491465,19.854108422077747,0.34861691422260344,35.44303441260478,18
GAS,BAD,EPSILON_GREEDY,Epsilon-Greedy — Battle strategy,58,2,test,0.95,-161.36982999999987,-16.136982999999987,-8.495563097892223,31.36262296232053,-0.1904251792937783,35.94700644780027,11
GAS,BAD,EPSILON_GREEDY,Epsilon-Greedy — Battle strategy,58,3,train,0.9025,901.3825999999981,90.13825999999982,7.406103657568619,19.725109786190544,0.3628326140501762,34.52899309531463,17
GAS,BAD,EPSILON_GREEDY,Epsilon-Greedy — Battle strategy,58,3,test,0.9025,-161.36982999999987,-16.136982999999987,-8.495563097892223,31.36262296232053,-0.1904251792937783,35.94700644780027,11
GAS,BAD,EPSILON_GREEDY,Epsilon-Greedy — Battle strategy,58,4,train,0.8573749999999999,912.9336599999983,91.29336599999984,7.478458319359227,19.77277693867368,0.36589094186571225,34.39474208172824,18
GAS,BAD,EPSILON_GREEDY,Epsilon-Greedy — Battle strategy,58,4,test,0.8573749999999999,-161.36982999999987,-16.136982999999987,-8.495563097892223,31.36262296232053,-0.1904251792937783,35.94700644780027,11
GAS,BAD,EPSILON_GREEDY,Epsilon-Greedy — Battle strategy,58,5,train,0.8145062499999999,917.1267799999978,91.71267799999978,7.504627551426979,19.789820794558423,0.36699576085279606,34.27403483313644,18
GAS,BAD,EPSILON_GREEDY,Epsilon-Greedy — Battle strategy,58,5,test,0.8145062499999999,-161.36982999999987,-16.136982999999987,-8.495563097892223,31.36262296232053,-0.1904251792937783,35.94700644780027,11
GAS,BAD,EPSILON_GREEDY,Epsilon-Greedy — Battle strategy,58,6,train,0.7737809374999998,924.4930899999986,92.44930899999986,7.550477698781721,19.745170158293725,0.36950496745643996,33.72559660019789,17
GAS,BAD,EPSILON_GREEDY,Epsilon-Greedy — Battle strategy,58,6,test,0.7737809374999998,-161.36982999999987,-16.136982999999987,-8.495563097892223,31.36262296232053,-0.1904251792937783,35.94700644780027,11
GAS,BAD,EPSILON_GREEDY,Epsilon-Greedy — Battle strategy,58,7,train,0.7350918906249998,933.6568399999974,93.36568399999973,7.60729843231589,19.701319359690125,0.3726248258508768,33.28059045015512,18
GAS,BAD,EPSILON_GREEDY,Epsilon-Greedy — Battle strategy,58,7,test,0.7350918906249998,-161.36982999999987,-16.136982999999987,-8.495563097892223,31.36262296232053,-0.1904251792937783,35.94700644780027,11
GAS,BAD,EPSILON_GREEDY,Epsilon-Greedy — Battle strategy,58,8,train,0.6983372960937497,953.4738999999972,95.34738999999972,7.729362156695396,19.80393512652524,0.37749456200793013,34.14544218114981,18
GAS,BAD,EPSILON_GREEDY,Epsilon-Greedy — Battle strategy,58,8,test,0.6983372960937497,-161.36982999999987,-16.136982999999987,-8.495563097892223,31.36262296232053,-0.1904251792937783,35.94700644780027,11
GAS,BAD,EPSILON_GREEDY,Epsilon-Greedy — Battle strategy,58,9,train,0.6634204312890623,916.655969999998,91.66559699999979,7.501691766359397,19.821565671419357,0.3665833276053269,35.41182532677806,18
GAS,BAD,EPSILON_GREEDY,Epsilon-Greedy — Battle strategy,58,9,test,0.6634204312890623,-161.36982999999987,-16.136982999999987,-8.495563097892223,31.36262296232053,-0.1904251792937783,35.94700644780027,11
GAS,BAD,EPSILON_GREEDY,Epsilon-Greedy — Battle strategy,58,10,train,0.6302494097246091,913.622019999998,91.3622019999998,7.4827578649131254,19.801844567100034,0.36584835159150025,35.797037146110796,18
GAS,BAD,EPSILON_GREEDY,Epsilon-Greedy — Battle strategy,58,10,test,0.6302494097246091,-161.36982999999987,-16.136982999999987,-8.495563097892223,31.36262296232053,-0.1904251792937783,35.94700644780027,11
GAS,BAD,EPSILON_GREEDY,Epsilon-Greedy — Battle strategy,58,11,train,0.5987369392383787,918.2680799999976,91.82680799999976,7.5117415884765615,19.776970302617066,0.3674342435229703,35.77548575022016,18
GAS,BAD,EPSILON_GREEDY,Epsilon-Greedy — Battle strategy,58,11,test,0.5987369392383787,-162.51868000000013,-16.251868000000012,-8.55882381844253,31.37998061949426,-0.19235627324010635,36.036403600743164,11
GAS,BAD,EPSILON_GREEDY,Epsilon-Greedy — Battle strategy,58,12,train,0.5688000922764597,919.5531399999977,91.95531399999976,7.519747219952411,19.76540028889533,0.36791351687817253,35.758649327476185,18
GAS,BAD,EPSILON_GREEDY,Epsilon-Greedy — Battle strategy,58,12,test,0.5688000922764597,-162.51868000000013,-16.251868000000012,-8.55882381844253,31.37998061949426,-0.19235627324010635,36.036403600743164,11
GAS,BAD,EPSILON_GREEDY,Epsilon-Greedy — Battle strategy,58,13,train,0.5403600876626367,904.3542099999979,90.43542099999979,7.424754766645947,19.811326940086317,0.3630181715217213,35.82955061196359,18
GAS,BAD,EPSILON_GREEDY,Epsilon-Greedy — Battle strategy,58,13,test,0.5403600876626367,-158.0788500000001,-15.80788500000001,-8.31458461285932,31.73152559166513,-0.17829037174155538,35.791301251216204,11
GAS,BAD,EPSILON_GREEDY,Epsilon-Greedy — Battle strategy,58,14,train,0.5133420832795048,957.3959599999969,95.73959599999968,7.753389645102726,19.84106623991252,0.37834528148988766,33.2941495784719,19
GAS,BAD,EPSILON_GREEDY,Epsilon-Greedy — Battle strategy,58,14,test,0.5133420832795048,-158.0788500000001,-15.80788500000001,-8.31458461285932,31.73152559166513,-0.17829037174155538,35.791301251216204,11
GAS,BAD,EPSILON_GREEDY,Epsilon-Greedy — Battle strategy,58,15,train,0.48767497911552954,940.761439999998,94.0761439999998,7.651186730158788,19.732388159338544,0.3744542207647591,31.889075777315583,18
GAS,BAD,EPSILON_GREEDY,Epsilon-Greedy — Battle strategy,58,15,test,0.48767497911552954,-147.90868999999998,-14.790868999999999,-7.7575087247023,31.660810896053416,-0.1602120613033307,34.99991564911538,11
GAS,BAD,EPSILON_GREEDY,Epsilon-Greedy — Battle strategy,58,16,train,0.46329123015975304,949.3487899999982,94.93487899999981,7.704044426229939,19.732615246613587,0.37697182430673654,32.855136658665245,18
GAS,BAD,EPSILON_GREEDY,Epsilon-Greedy — Battle strategy,58,16,test,0.46329123015975304,-147.90868999999998,-14.790868999999999,-7.7575087247023,31.660810896053416,-0.1602120613033307,34.99991564911538,11
GAS,BAD,EPSILON_GREEDY,Epsilon-Greedy — Battle strategy,58,17,train,0.44012666865176536,921.4091499999984,92.14091499999984,7.5313013357822145,19.739491877533546,0.36870547445954394,32.70858925699817,18
GAS,BAD,EPSILON_GREEDY,Epsilon-Greedy — Battle strategy,58,17,test,0.44012666865176536,-155.20597999999995,-15.520597999999996,-8.156885307239026,31.70906405905877,-0.17320736525883718,35.567750397079436,11
GAS,BAD,EPSILON_GREEDY,Epsilon-Greedy — Battle strategy,58,18,train,0.4181203352191771,920.8054699999973,92.08054699999973,7.527544369197581,19.793228850008198,0.3680640056804443,34.1011868642306,18
GAS,BAD,EPSILON_GREEDY,Epsilon-Greedy — Battle strategy,58,18,test,0.4181203352191771,-155.20597999999995,-15.520597999999996,-8.156885307239026,31.70906405905877,-0.17320736525883718,35.567750397079436,11
GAS,BAD,EPSILON_GREEDY,Epsilon-Greedy — Battle strategy,58,19,train,0.3972143184582182,891.7392399999978,89.17392399999979,7.345398782091372,19.895261874315253,0.35860377648692826,34.56427463508156,19
GAS,BAD,EPSILON_GREEDY,Epsilon-Greedy — Battle strategy,58,19,test,0.3972143184582182,-155.20597999999995,-15.520597999999996,-8.156885307239026,31.70906405905877,-0.17320736525883718,35.567750397079436,11
GAS,BAD,EPSILON_GREEDY,Epsilon-Greedy — Battle strategy,58,20,train,0.37735360253530725,902.0958299999986,90.20958299999987,7.410582559085288,19.88198194205638,0.36178981883659095,33.88647244452084,19
GAS,BAD,EPSILON_GREEDY,Epsilon-Greedy — Battle strategy,58,20,test,0.37735360253530725,-150.3907999999999,-15.039079999999991,-7.893162331165926,31.703186843188707,-0.16423873161702257,35.193059721266685,11
GAS,BAD,EPSILON_GREEDY,Epsilon-Greedy — Battle strategy,58,21,train,0.3584859224085419,600.8379599999976,60.08379599999976,5.370930531910667,20.34768400872041,0.26304802946516853,50.32963552919261,21
GAS,BAD,EPSILON_GREEDY,Epsilon-Greedy — Battle strategy,58,21,test,0.3584859224085419,-150.3907999999999,-15.039079999999991,-7.893162331165926,31.703186843188707,-0.16423873161702257,35.193059721266685,11
GAS,BAD,EPSILON_GREEDY,Epsilon-Greedy — Battle strategy,58,22,train,0.3405616262881148,892.2299299999977,89.22299299999978,7.348494305997955,19.875238320332073,0.3589015189137961,33.13363124342039,19
GAS,BAD,EPSILON_GREEDY,Epsilon-Greedy — Battle strategy,58,22,test,0.3405616262881148,-150.3907999999999,-15.039079999999991,-7.893162331165926,31.703186843188707,-0.16423873161702257,35.193059721266685,11
GAS,BAD,EPSILON_GREEDY,Epsilon-Greedy — Battle strategy,58,23,train,0.323533544973709,479.63173999999935,47.96317399999994,4.452516879441082,21.272854770721285,0.21922304442965043,46.676839923893354,24
GAS,BAD,EPSILON_GREEDY,Epsilon-Greedy — Battle strategy,58,23,test,0.323533544973709,-150.3907999999999,-15.039079999999991,-7.893162331165926,31.703186843188707,-0.16423873161702257,35.193059721266685,11
GAS,BAD,EPSILON_GREEDY,Epsilon-Greedy — Battle strategy,58,24,train,0.3073568677250236,563.560989999999,56.3560989999999,5.095249818189607,21.272872164195515,0.24829862706567374,45.617884807387036,23
GAS,BAD,EPSILON_GREEDY,Epsilon-Greedy — Battle strategy,58,24,test,0.3073568677250236,-150.3907999999999,-15.039079999999991,-7.893162331165926,31.703186843188707,-0.16423873161702257,35.193059721266685,11
GAS,BAD,EPSILON_GREEDY,Epsilon-Greedy — Battle strategy,58,25,train,0.2919890243387724,563.6596699999982,56.36596699999982,5.095987280910386,21.181478561593753,0.24847502061830448,45.55955320985106,22
GAS,BAD,EPSILON_GREEDY,Epsilon-Greedy — Battle strategy,58,25,test,0.2919890243387724,-150.3907999999999,-15.039079999999991,-7.893162331165926,31.703186843188707,-0.16423873161702257,35.193059721266685,11
GAS,BAD,EPSILON_GREEDY,Epsilon-Greedy — Battle strategy,58,26,train,0.27738957312183377,497.73889999999915,49.773889999999916,4.593874833981237,21.298448255329674,0.22563516916033866,47.3558943942393,25
GAS,BAD,EPSILON_GREEDY,Epsilon-Greedy — Battle strategy,58,26,test,0.27738957312183377,-150.3907999999999,-15.039079999999991,-7.893162331165926,31.703186843188707,-0.16423873161702257,35.193059721266685,11
GAS,BAD,EPSILON_GREEDY,Epsilon-Greedy — Battle strategy,58,27,train,0.26352009446574204,547.0367499999977,54.70367499999978,4.971172280608704,21.19123196362474,0.242807648020488,45.89027132850642,23
GAS,BAD,EPSILON_GREEDY,Epsilon-Greedy — Battle strategy,58,27,test,0.26352009446574204,-150.3907999999999,-15.039079999999991,-7.893162331165926,31.703186843188707,-0.16423873161702257,35.193059721266685,11
GAS,BAD,EPSILON_GREEDY,Epsilon-Greedy — Battle strategy,58,28,train,0.2503440897424549,568.4081599999977,56.84081599999977,5.13142525557555,21.266991881879033,0.24992533372145712,45.37332878475288,23
GAS,BAD,EPSILON_GREEDY,Epsilon-Greedy — Battle strategy,58,28,test,0.2503440897424549,-150.3907999999999,-15.039079999999991,-7.893162331165926,31.703186843188707,-0.16423873161702257,35.193059721266685,11
GAS,BAD,EPSILON_GREEDY,Epsilon-Greedy — Battle strategy,58,29,train,0.23782688525533216,571.4500699999974,57.14500699999974,5.154076947069197,21.281907332582975,0.25091735661751935,45.22636968051527,23
GAS,BAD,EPSILON_GREEDY,Epsilon-Greedy — Battle strategy,58,29,test,0.23782688525533216,-150.3907999999999,-15.039079999999991,-7.893162331165926,31.703186843188707,-0.16423873161702257,35.193059721266685,11
GAS,BAD,EPSILON_GREEDY,Epsilon-Greedy — Battle strategy,58,30,train,0.22593554099256555,609.4604399999987,60.946043999999866,5.433884513392506,21.093666428157395,0.2639677440789941,44.23091853641625,22
GAS,BAD,EPSILON_GREEDY,Epsilon-Greedy — Battle strategy,58,30,test,0.22593554099256555,-150.3907999999999,-15.039079999999991,-7.893162331165926,31.703186843188707,-0.16423873161702257,35.193059721266685,11
GAS,BAD,EPSILON_GREEDY,Epsilon-Greedy — Battle strategy,58,31,train,0.21463876394293727,566.685759999998,56.6685759999998,5.118582022195373,21.322399000652833,0.24925457911638269,45.334498867289064,23
GAS,BAD,EPSILON_GREEDY,Epsilon-Greedy — Battle strategy,58,31,test,0.21463876394293727,-152.7284599999998,-15.272845999999982,-8.021101059060133,31.734120724402004,-0.16816188431544193,35.37496349334175,11
GAS,BAD,EPSILON_GREEDY,Epsilon-Greedy — Battle strategy,58,32,train,0.2039068257457904,496.683849999999,49.6683849999999,4.585680115637003,21.444213652521363,0.2251907857078642,46.97919477480329,25
GAS,BAD,EPSILON_GREEDY,Epsilon-Greedy — Battle strategy,58,32,test,0.2039068257457904,-135.17560000000003,-13.517560000000003,-7.064671209015449,31.545560265752215,-0.13818467479133187,34.00909700946232,11
GAS,BAD,EPSILON_GREEDY,Epsilon-Greedy — Battle strategy,58,33,train,0.19371148445850087,536.4920599999987,53.64920599999987,4.89137698776938,21.401770143143526,0.23894895001187946,46.776019336106685,25
GAS,BAD,EPSILON_GREEDY,Epsilon-Greedy — Battle strategy,58,33,test,0.19371148445850087,-137.51325999999995,-13.751325999999993,-7.191488084599307,31.57542204014555,-0.14209241434417566,34.19100078153739,11
GAS,BAD,EPSILON_GREEDY,Epsilon-Greedy — Battle strategy,58,34,train,0.18402591023557582,563.6209699999995,56.36209699999994,5.095698070120291,20.5725464483036,0.24961317057406499,49.60413243819288,21
GAS,BAD,EPSILON_GREEDY,Epsilon-Greedy — Battle strategy,58,34,test,0.18402591023557582,-137.51325999999995,-13.751325999999993,-7.191488084599307,31.57542204014555,-0.14209241434417566,34.19100078153739,11
GAS,BAD,EPSILON_GREEDY,Epsilon-Greedy — Battle strategy,58,35,train,0.174824614723797,563.333699999997,56.3333699999997,5.09355106025724,21.312109878250922,0.2481535132857768,45.23140830297745,23
GAS,BAD,EPSILON_GREEDY,Epsilon-Greedy — Battle strategy,58,35,test,0.174824614723797,-137.51325999999995,-13.751325999999993,-7.191488084599307,31.57542204014555,-0.14209241434417566,34.19100078153739,11
GAS,BAD,EPSILON_GREEDY,Epsilon-Greedy — Battle strategy,58,36,train,0.16608338398760716,669.5882999999994,66.95882999999995,5.864735874163074,20.51471680332343,0.2855959596337312,42.248408472085345,23
GAS,BAD,EPSILON_GREEDY,Epsilon-Greedy — Battle strategy,58,36,test,0.16608338398760716,-137.51325999999995,-13.751325999999993,-7.191488084599307,31.57542204014555,-0.14209241434417566,34.19100078153739,11
GAS,BAD,EPSILON_GREEDY,Epsilon-Greedy — Battle strategy,58,37,train,0.1577792147882268,671.3953099999997,67.13953099999996,5.877469395937207,20.50269627542128,0.28623390261331016,42.15770005061456,22
GAS,BAD,EPSILON_GREEDY,Epsilon-Greedy — Battle strategy,58,37,test,0.1577792147882268,-137.51325999999995,-13.751325999999993,-7.191488084599307,31.57542204014555,-0.14209241434417566,34.19100078153739,11
GAS,BAD,EPSILON_GREEDY,Epsilon-Greedy — Battle strategy,58,38,train,0.14989025404881545,594.4567599999987,59.44567599999987,5.3241461126219525,20.904578006373068,0.2593746241871637,42.0223414666307,21
GAS,BAD,EPSILON_GREEDY,Epsilon-Greedy — Battle strategy,58,38,test,0.14989025404881545,-115.99990000000003,-11.599990000000004,-6.030744904056606,30.906622586432253,-0.11162522799000317,33.858002988138615,10
GAS,BAD,EPSILON_GREEDY,Epsilon-Greedy — Battle strategy,58,39,train,0.14239574134637467,606.9850299999987,60.69850299999987,5.415841921522668,21.049869293043518,0.26320653372298125,42.628175914403,21
GAS,BAD,EPSILON_GREEDY,Epsilon-Greedy — Battle strategy,58,39,test,0.14239574134637467,-115.99990000000003,-11.599990000000004,-6.030744904056606,30.906622586432253,-0.11162522799000317,33.858002988138615,10
GAS,BAD,EPSILON_GREEDY,Epsilon-Greedy — Battle strategy,58,40,train,0.13527595427905592,618.496439999999,61.849643999999905,5.499536801334237,20.48791893774609,0.26870988629704645,42.67119391227976,22
GAS,BAD,EPSILON_GREEDY,Epsilon-Greedy — Battle strategy,58,40,test,0.13527595427905592,-115.99990000000003,-11.599990000000004,-6.030744904056606,30.906622586432253,-0.11162522799000317,33.858002988138615,10
GAS,BAD,EPSILON_GREEDY,Epsilon-Greedy — Battle strategy,58,41,train,0.12851215656510312,603.8827699999965,60.388276999999654,5.393195479612056,20.937179611389585,0.26245860744171307,41.507713014116426,21
GAS,BAD,EPSILON_GREEDY,Epsilon-Greedy — Battle strategy,58,41,test,0.12851215656510312,-115.99990000000003,-11.599990000000004,-6.030744904056606,30.906622586432253,-0.11162522799000317,33.858002988138615,10
GAS,BAD,EPSILON_GREEDY,Epsilon-Greedy — Battle strategy,58,42,train,0.12208654873684796,525.4591299999984,52.545912999999835,4.807364251481383,20.5548385095229,0.2361786271934298,51.49336472069438,22
GAS,BAD,EPSILON_GREEDY,Epsilon-Greedy — Battle strategy,58,42,test,0.12208654873684796,-115.99990000000003,-11.599990000000004,-6.030744904056606,30.906622586432253,-0.11162522799000317,33.858002988138615,10
GAS,BAD,EPSILON_GREEDY,Epsilon-Greedy — Battle strategy,58,43,train,0.11598222130000556,514.554389999998,51.45543899999979,4.723795270432141,20.75381504518602,0.23201261687018293,52.380544449685985,22
GAS,BAD,EPSILON_GREEDY,Epsilon-Greedy — Battle strategy,58,43,test,0.11598222130000556,-115.99990000000003,-11.599990000000004,-6.030744904056606,30.906622586432253,-0.11162522799000317,33.858002988138615,10
GAS,BAD,EPSILON_GREEDY,Epsilon-Greedy — Battle strategy,58,44,train,0.11018311023500528,564.283999999999,56.428399999999904,5.100652111810566,20.751801088958146,0.24947468787188382,51.92163586143682,22
GAS,BAD,EPSILON_GREEDY,Epsilon-Greedy — Battle strategy,58,44,test,0.11018311023500528,-115.99990000000003,-11.599990000000004,-6.030744904056606,30.906622586432253,-0.11162522799000317,33.858002988138615,10
GAS,BAD,EPSILON_GREEDY,Epsilon-Greedy — Battle strategy,58,45,train,0.10467395472325501,569.2545499999983,56.92545499999982,5.1377318470903655,20.725465724484067,0.25124596153019635,51.910064296098,22
GAS,BAD,EPSILON_GREEDY,Epsilon-Greedy — Battle strategy,58,45,test,0.10467395472325501,-115.99990000000003,-11.599990000000004,-6.030744904056606,30.906622586432253,-0.11162522799000317,33.858002988138615,10
GAS,BAD,EPSILON_GREEDY,Epsilon-Greedy — Battle strategy,59,1,train,1.0,59.246869999999944,5.924686999999994,0.6420253032847434,10.907620362243026,-0.0700291378533232,26.1317721298504,2
GAS,BAD,EPSILON_GREEDY,Epsilon-Greedy — Battle strategy,59,1,test,1.0,-32.88363999999956,-3.288363999999956,-1.6726850934386084,20.411649079718142,-0.07886968418052123,19.849602368946172,3
GAS,BAD,EPSILON_GREEDY,Epsilon-Greedy — Battle strategy,59,2,train,0.95,-57.328240000000505,-5.7328240000000505,-0.6542677748119896,10.104417750993397,-0.21316879318322804,23.021135416347562,2
GAS,BAD,EPSILON_GREEDY,Epsilon-Greedy — Battle strategy,59,2,test,0.95,-40.97812999999951,-4.097812999999951,-2.0887298068810622,20.453537754608842,-0.09908624776455585,21.116655323990773,3
GAS,BAD,EPSILON_GREEDY,Epsilon-Greedy — Battle strategy,59,3,train,0.9025,-38.89672000000019,-3.889672000000019,-0.44014603858134604,11.614541762746887,-0.1527444654874492,31.048540186026568,2
GAS,BAD,EPSILON_GREEDY,Epsilon-Greedy — Battle strategy,59,3,test,0.9025,-32.745739999999614,-3.2745739999999612,-1.6656122176250565,20.26194476075617,-0.08064560741907362,19.89707320983421,3
GAS,BAD,EPSILON_GREEDY,Epsilon-Greedy — Battle strategy,59,4,train,0.8573749999999999,-21.13284000000135,-2.113284000000135,-0.2372067171646508,10.374271552085798,-0.16416420493981007,21.309395424996243,2
GAS,BAD,EPSILON_GREEDY,Epsilon-Greedy — Battle strategy,59,4,test,0.8573749999999999,-33.23380999999972,-3.323380999999972,-1.6906475201267757,20.44399614806127,-0.07932626878984791,19.916806505151996,3
GAS,BAD,EPSILON_GREEDY,Epsilon-Greedy — Battle strategy,59,5,train,0.8145062499999999,102.85007999999902,10.285007999999902,1.0944441882980493,11.568067005626839,-0.02042506984128011,22.6829747495038,2
GAS,BAD,EPSILON_GREEDY,Epsilon-Greedy — Battle strategy,59,5,test,0.8145062499999999,-35.43701999999939,-3.5437019999999397,-1.803738080544659,20.49972481657562,-0.08418678403093362,20.17594934131627,3
GAS,BAD,EPSILON_GREEDY,Epsilon-Greedy — Battle strategy,59,6,train,0.7737809374999998,-3.7391900000014857,-0.37391900000014855,-0.04164426121057163,11.493433791616885,-0.12041044531399728,23.09043893488723,2
GAS,BAD,EPSILON_GREEDY,Epsilon-Greedy — Battle strategy,59,6,test,0.7737809374999998,-60.92704000000026,-6.092704000000026,-3.121564567181656,20.73318244310117,-0.14629584807665275,22.008579105182903,3
GAS,BAD,EPSILON_GREEDY,Epsilon-Greedy — Battle strategy,59,7,train,0.7350918906249998,135.18747999999982,13.518747999999983,1.419814585486101,12.415695168778159,0.015195673513527977,24.472190596336272,5
GAS,BAD,EPSILON_GREEDY,Epsilon-Greedy — Battle strategy,59,7,test,0.7350918906249998,-53.040070000000014,-5.304007000000001,-2.71193738275074,20.907782116922107,-0.12307196804419025,20.96143424074694,3
GAS,BAD,EPSILON_GREEDY,Epsilon-Greedy — Battle strategy,59,8,train,0.6983372960937497,130.56043999999838,13.056043999999838,1.3737675879416322,12.541328824459999,0.01261765105738361,24.059687115544364,3
GAS,BAD,EPSILON_GREEDY,Epsilon-Greedy — Battle strategy,59,8,test,0.6983372960937497,-71.51859999999976,-7.151859999999976,-3.6743519346245312,21.183376266717506,-0.16563959846203222,23.30818269494322,4
GAS,BAD,EPSILON_GREEDY,Epsilon-Greedy — Battle strategy,59,9,train,0.6634204312890623,138.5385099999985,13.85385099999985,1.4530590492380036,12.517489394229422,0.018696641502512046,24.290518772119157,3
GAS,BAD,EPSILON_GREEDY,Epsilon-Greedy — Battle strategy,59,9,test,0.6634204312890623,-59.555619999999976,-5.955561999999998,-3.0502147496517362,21.333296288855575,-0.13262707492743364,22.35576709461141,4
GAS,BAD,EPSILON_GREEDY,Epsilon-Greedy — Battle strategy,59,10,train,0.6302494097246091,165.87653999999884,16.587653999999887,1.7210683650890513,12.839649269149833,0.04219711936840825,25.249871110012556,3
GAS,BAD,EPSILON_GREEDY,Epsilon-Greedy — Battle strategy,59,10,test,0.6302494097246091,-40.9571100000004,-4.09571100000004,-2.087647161605033,21.26634698199821,-0.08711757224226901,22.459732936079053,4
GAS,BAD,EPSILON_GREEDY,Epsilon-Greedy — Battle strategy,59,11,train,0.5987369392383787,206.12476999999967,20.612476999999966,2.105650401917969,13.962550383934017,0.07683970702524859,27.526824007032303,6
GAS,BAD,EPSILON_GREEDY,Epsilon-Greedy — Battle strategy,59,11,test,0.5987369392383787,-47.86312000000055,-4.786312000000055,-2.4439794931937153,21.31437418744889,-0.10359889519242106,23.077436949608156,4
GAS,BAD,EPSILON_GREEDY,Epsilon-Greedy — Battle strategy,59,12,train,0.5688000922764597,398.03172000000245,39.803172000000245,3.7957646683574042,15.533456182832259,0.1906475244302317,27.28225666216507,10
GAS,BAD,EPSILON_GREEDY,Epsilon-Greedy — Battle strategy,59,12,test,0.5688000922764597,-52.85911000000044,-5.285911000000045,-2.7025587044727795,21.47841443324512,-0.11357833668306692,21.122391740336276,4
GAS,BAD,EPSILON_GREEDY,Epsilon-Greedy — Battle strategy,59,13,train,0.5403600876626367,522.5139700000016,52.25139700000015,4.784846351483973,15.633473694014425,0.2515806749832601,24.855298295865065,10
GAS,BAD,EPSILON_GREEDY,Epsilon-Greedy — Battle strategy,59,13,test,0.5403600876626367,-60.58841000000041,-6.058841000000041,-3.10394212578472,21.40921447901788,-0.13400222874208867,22.421030321765862,4
GAS,BAD,EPSILON_GREEDY,Epsilon-Greedy — Battle strategy,59,14,train,0.5133420832795048,530.5694100000026,53.05694100000026,4.846344543716907,15.686220007993546,0.2550260169751214,25.471054175358653,10
GAS,BAD,EPSILON_GREEDY,Epsilon-Greedy — Battle strategy,59,14,test,0.5133420832795048,-22.11718000000053,-2.211718000000053,-1.1219697759951797,21.289209958098045,-0.04057510390598309,20.39656513498884,4
GAS,BAD,EPSILON_GREEDY,Epsilon-Greedy — Battle strategy,59,15,train,0.48767497911552954,455.47721000000183,45.54772100000019,4.261535691924934,15.79125978061814,0.21862350562996735,27.29575922044566,9
GAS,BAD,EPSILON_GREEDY,Epsilon-Greedy — Battle strategy,59,15,test,0.48767497911552954,-17.93110000000081,-1.793110000000081,-0.9086592412890115,21.25654507635778,-0.030793826187808376,20.292012868473883,4
GAS,BAD,EPSILON_GREEDY,Epsilon-Greedy — Battle strategy,59,16,train,0.46329123015975304,497.1153900000013,49.71153900000013,4.589032566477891,15.745483088562226,0.2389089522293445,25.441448596688648,10
GAS,BAD,EPSILON_GREEDY,Epsilon-Greedy — Battle strategy,59,16,test,0.46329123015975304,-30.120280000001117,-3.012028000000112,-1.5310478521465165,21.488006340584704,-0.05756967508822427,20.398662476791838,4
GAS,BAD,EPSILON_GREEDY,Epsilon-Greedy — Battle strategy,59,17,train,0.44012666865176536,469.46247000000176,46.94624700000018,4.372452358644341,15.83123736321544,0.22524841922488947,27.93592547736994,9
GAS,BAD,EPSILON_GREEDY,Epsilon-Greedy — Battle strategy,59,17,test,0.44012666865176536,19.02370999999914,1.9023709999999143,0.9552441389368616,21.482864926827688,0.05874849446478177,19.768522813947605,4
GAS,BAD,EPSILON_GREEDY,Epsilon-Greedy — Battle strategy,59,18,train,0.4181203352191771,427.1224400000017,42.71224400000017,4.033716736699544,16.188362764635574,0.20352281849867102,31.563693925403598,11
GAS,BAD,EPSILON_GREEDY,Epsilon-Greedy — Battle strategy,59,18,test,0.4181203352191771,19.02370999999914,1.9023709999999143,0.9552441389368616,21.482864926827688,0.05874849446478177,19.768522813947605,4
GAS,BAD,EPSILON_GREEDY,Epsilon-Greedy — Battle strategy,59,19,train,0.3972143184582182,480.7723700000015,48.07723700000015,4.461466738037445,16.263304265340388,0.22880121832479916,33.6140622843853,11
GAS,BAD,EPSILON_GREEDY,Epsilon-Greedy — Battle strategy,59,19,test,0.3972143184582182,-11.687460000000442,-1.1687460000000442,-0.5913367844656015,21.46248486241596,-0.013524523835472263,21.12563986100147,4
GAS,BAD,EPSILON_GREEDY,Epsilon-Greedy — Battle strategy,59,20,train,0.37735360253530725,419.5332700000017,41.95332700000017,3.9720585714762446,16.291006091558714,0.1996017478577151,32.429916232499565,11
GAS,BAD,EPSILON_GREEDY,Epsilon-Greedy — Battle strategy,59,20,test,0.37735360253530725,-60.77355000000068,-6.077355000000068,-3.1135764957530454,21.542143085576342,-0.13229883486226446,24.50141005870277,4
GAS,BAD,EPSILON_GREEDY,Epsilon-Greedy — Battle strategy,59,21,train,0.3584859224085419,389.44028000000185,38.94402800000019,3.7246478238052827,16.400856078955208,0.18471209611392078,33.803320183141864,10
GAS,BAD,EPSILON_GREEDY,Epsilon-Greedy — Battle strategy,59,21,test,0.3584859224085419,-63.68561000000011,-6.368561000000011,-3.265239126320796,21.941978824405364,-0.13298629831478645,23.52008445078303,4
GAS,BAD,EPSILON_GREEDY,Epsilon-Greedy — Battle strategy,59,22,train,0.3405616262881148,370.57380000000126,37.05738000000012,3.567096114698831,16.531864685201246,0.1752792587076541,28.788824956425817,10
GAS,BAD,EPSILON_GREEDY,Epsilon-Greedy — Battle strategy,59,22,test,0.3405616262881148,-39.10271999999952,-3.910271999999952,-1.9921821365226688,22.15573491547108,-0.07044137927834755,21.939941450679118,4
GAS,BAD,EPSILON_GREEDY,Epsilon-Greedy — Battle strategy,59,23,train,0.323533544973709,436.0093500000014,43.60093500000014,4.105549022962673,17.483987858412718,0.2049485764119557,29.82115583712116,12
GAS,BAD,EPSILON_GREEDY,Epsilon-Greedy — Battle strategy,59,23,test,0.323533544973709,-75.48716000000002,-7.5487160000000015,-3.8822804166493863,22.04850807755444,-0.16041180369570435,23.51433788011745,4
GAS,BAD,EPSILON_GREEDY,Epsilon-Greedy — Battle strategy,59,24,train,0.3073568677250236,418.40764000000195,41.8407640000002,3.9628884588427393,17.336777320851137,0.19723294985901896,31.795606251616004,12
GAS,BAD,EPSILON_GREEDY,Epsilon-Greedy — Battle strategy,59,24,test,0.3073568677250236,-78.82857000000013,-7.882857000000013,-4.057693245859384,21.946487877664584,-0.17051962620508576,24.067365989577834,4
GAS,BAD,EPSILON_GREEDY,Epsilon-Greedy — Battle strategy,59,25,train,0.2919890243387724,536.238300000002,53.623830000000204,4.889450708013587,17.75793046613303,0.24712475353161314,29.72187618427611,12
GAS,BAD,EPSILON_GREEDY,Epsilon-Greedy — Battle strategy,59,25,test,0.2919890243387724,-83.1864400000004,-8.31864400000004,-4.286941246891196,22.579536914015495,-0.17007902712812636,24.87803659624159,4
GAS,BAD,EPSILON_GREEDY,Epsilon-Greedy — Battle strategy,59,26,train,0.27738957312183377,547.0027300000011,54.70027300000011,4.9709156178718406,17.636898784413656,0.25201965026794626,29.145855215958278,12
GAS,BAD,EPSILON_GREEDY,Epsilon-Greedy — Battle strategy,59,26,test,0.27738957312183377,-91.68065000000024,-9.168065000000023,-4.735340822636836,22.67074079958128,-0.18925593818968486,25.59119918338438,4
GAS,BAD,EPSILON_GREEDY,Epsilon-Greedy — Battle strategy,59,27,train,0.26352009446574204,538.9780900000007,53.89780900000007,4.910233380309514,17.729869742043864,0.24836067571410034,30.061351440572697,12
GAS,BAD,EPSILON_GREEDY,Epsilon-Greedy — Battle strategy,59,27,test,0.26352009446574204,-56.53870000000006,-5.653870000000006,-2.8934369993080855,22.95267392251016,-0.10051055863755383,22.712707195308518,4
GAS,BAD,EPSILON_GREEDY,Epsilon-Greedy — Battle strategy,59,28,train,0.2503440897424549,477.4987300000016,47.74987300000016,4.435763925057445,17.774133272442306,0.22243424393924535,27.221207419653688,12
GAS,BAD,EPSILON_GREEDY,Epsilon-Greedy — Battle strategy,59,28,test,0.2503440897424549,-69.91101000000003,-6.991101000000004,-3.5902493179868933,22.376457128985503,-0.1411941004040003,24.47735894901206,4
GAS,BAD,EPSILON_GREEDY,Epsilon-Greedy — Battle strategy,59,29,train,0.23782688525533216,569.772620000002,56.97726200000021,5.141590580657529,18.104001939466432,0.25919447522150874,27.98327937165455,12
GAS,BAD,EPSILON_GREEDY,Epsilon-Greedy — Battle strategy,59,29,test,0.23782688525533216,-39.49139999999943,-3.9491399999999426,-2.01218403129656,22.617233299148335,-0.06530603265496067,23.00948934488894,4
GAS,BAD,EPSILON_GREEDY,Epsilon-Greedy — Battle strategy,59,30,train,0.22593554099256555,564.6869800000022,56.46869800000022,5.103662194566372,18.072847323152637,0.2573236030204357,28.61519502980653,12
GAS,BAD,EPSILON_GREEDY,Epsilon-Greedy — Battle strategy,59,30,test,0.22593554099256555,-45.03267000000005,-4.5032670000000055,-2.297781191533843,22.69160900178204,-0.07725202220004718,23.00948934488894,4
GAS,BAD,EPSILON_GREEDY,Epsilon-Greedy — Battle strategy,59,31,train,0.21463876394293727,533.2110400000029,53.32110400000028,4.866449087853697,18.184026762089527,0.24433737875266612,27.009231945458716,12
GAS,BAD,EPSILON_GREEDY,Epsilon-Greedy — Battle strategy,59,31,test,0.21463876394293727,-39.56372999999962,-3.9563729999999624,-2.0159066542127846,23.26533933940606,-0.05726330217218379,22.828626414304797,4
GAS,BAD,EPSILON_GREEDY,Epsilon-Greedy — Battle strategy,59,32,train,0.2039068257457904,458.42195000000174,45.842195000000174,4.284968824471802,18.01622077810663,0.2137946139279853,28.149126780317435,12
GAS,BAD,EPSILON_GREEDY,Epsilon-Greedy — Battle strategy,59,32,test,0.2039068257457904,-41.07756999999924,-4.107756999999925,-2.0938516716154654,23.269567539028728,-0.06063828418923646,22.828626414304797,4
GAS,BAD,EPSILON_GREEDY,Epsilon-Greedy — Battle strategy,59,33,train,0.19371148445850087,471.30161000000203,47.1301610000002,4.386968647293754,18.06081461404131,0.219180211904815,27.58590783659864,12
GAS,BAD,EPSILON_GREEDY,Epsilon-Greedy — Battle strategy,59,33,test,0.19371148445850087,-50.764340000000175,-5.076434000000017,-2.5940568752388704,22.69036600678122,-0.09069452688477751,23.047843345209,4
GAS,BAD,EPSILON_GREEDY,Epsilon-Greedy — Battle strategy,59,34,train,0.18402591023557582,496.115830000002,49.6115830000002,4.581266099765058,18.052953025863875,0.22956253926914094,28.385529350741006,12
GAS,BAD,EPSILON_GREEDY,Epsilon-Greedy — Battle strategy,59,34,test,0.18402591023557582,-14.966980000001058,-1.4966980000001058,-0.7578885958202664,22.792369242285808,-0.007103034570385068,23.047843345209,4
GAS,BAD,EPSILON_GREEDY,Epsilon-Greedy — Battle strategy,59,35,train,0.174824614723797,478.0388200000018,47.80388200000018,4.440007897722076,18.13138123917201,0.22182075921099112,28.838032635699612,12
GAS,BAD,EPSILON_GREEDY,Epsilon-Greedy — Battle strategy,59,35,test,0.174824614723797,-10.359290000000783,-1.0359290000000783,-0.5239630336691503,23.37388473772968,0.008916700760438524,22.828626414304797,4
GAS,BAD,EPSILON_GREEDY,Epsilon-Greedy — Battle strategy,59,36,train,0.16608338398760716,470.4184500000026,47.04184500000026,4.379999900300269,18.19814196278732,0.21848471889127827,29.86480904695135,12
GAS,BAD,EPSILON_GREEDY,Epsilon-Greedy — Battle strategy,59,36,test,0.16608338398760716,-10.359290000000783,-1.0359290000000783,-0.5239630336691503,23.37388473772968,0.008916700760438524,22.828626414304797,4
GAS,BAD,EPSILON_GREEDY,Epsilon-Greedy — Battle strategy,59,37,train,0.1577792147882268,472.65491000000134,47.26549100000013,4.397639915881091,18.307831539340118,0.2191992424550798,29.861074989901354,12
GAS,BAD,EPSILON_GREEDY,Epsilon-Greedy — Battle strategy,59,37,test,0.1577792147882268,-11.495060000000649,-1.1495060000000648,-0.5815741796728946,22.817132196912716,0.0009537654764492762,23.228706275793144,4
GAS,BAD,EPSILON_GREEDY,Epsilon-Greedy — Battle strategy,59,38,train,0.14989025404881545,485.4921600000014,48.549216000000136,4.4984351645085185,18.309921022992494,0.22451260274365034,29.260804545190844,12
GAS,BAD,EPSILON_GREEDY,Epsilon-Greedy — Battle strategy,59,38,test,0.14989025404881545,4.095749999999725,0.40957499999997254,0.20641681611786034,23.462200549765257,0.041059092383440264,22.534637186312526,5
GAS,BAD,EPSILON_GREEDY,Epsilon-Greedy — Battle strategy,59,39,train,0.14239574134637467,552.6958700000018,55.269587000000186,5.0137976550611585,18.395166569864916,0.2513305365755702,28.406425733337564,12
GAS,BAD,EPSILON_GREEDY,Epsilon-Greedy — Battle strategy,59,39,test,0.14239574134637467,16.347710000000234,1.6347710000000233,0.821410526848565,23.157377527172464,0.06504750848008246,22.144883770306503,5
GAS,BAD,EPSILON_GREEDY,Epsilon-Greedy — Battle strategy,59,40,train,0.13527595427905592,552.0621800000022,55.20621800000022,5.009031474917536,18.472592578172307,0.25080201556360066,28.688522239250947,12
GAS,BAD,EPSILON_GREEDY,Epsilon-Greedy — Battle strategy,59,40,test,0.13527595427905592,4.095749999999725,0.40957499999997254,0.20641681611786034,23.462200549765257,0.041059092383440264,22.534637186312526,5
GAS,BAD,EPSILON_GREEDY,Epsilon-Greedy — Battle strategy,59,41,train,0.12851215656510312,533.8422600000008,53.384226000000076,4.871248530217143,18.458110129267688,0.24366878569790767,29.34756397342271,12
GAS,BAD,EPSILON_GREEDY,Epsilon-Greedy — Battle strategy,59,41,test,0.12851215656510312,35.36088000000018,3.5360880000000177,1.7685582480861939,23.25154655469074,0.10604791327547763,22.144883770306503,5
GAS,BAD,EPSILON_GREEDY,Epsilon-Greedy — Battle strategy,59,42,train,0.12208654873684796,520.5800000000013,52.05800000000013,4.770038669891941,18.419386665329597,0.23850365989883407,29.489550319900477,12
GAS,BAD,EPSILON_GREEDY,Epsilon-Greedy — Battle strategy,59,42,test,0.12208654873684796,33.19871999999987,3.319871999999987,1.6612862836718811,23.287354164001073,0.10169927065345974,22.144883770306503,5
GAS,BAD,EPSILON_GREEDY,Epsilon-Greedy — Battle strategy,59,43,train,0.11598222130000556,532.5175400000007,53.251754000000076,4.861174078234698,18.431347577347918,0.2432282902199934,29.165798237754082,12
GAS,BAD,EPSILON_GREEDY,Epsilon-Greedy — Battle strategy,59,43,test,0.11598222130000556,1.8895600000003014,0.18895600000003013,0.09528162921024208,23.463920930284203,0.03634985899549577,22.144883770306503,5
GAS,BAD,EPSILON_GREEDY,Epsilon-Greedy — Battle strategy,59,44,train,0.11018311023500528,520.3907900000006,52.039079000000065,4.768589061201967,18.425935195901058,0.23840780463927908,29.19498051637054,12
GAS,BAD,EPSILON_GREEDY,Epsilon-Greedy — Battle strategy,59,44,test,0.11018311023500528,-2.9957299999998668,-0.29957299999998666,-0.15124360706484374,23.530520998318618,0.026406865018137698,22.144883770306503,5
GAS,BAD,EPSILON_GREEDY,Epsilon-Greedy — Battle strategy,59,45,train,0.10467395472325501,482.4971800000003,48.24971800000003,4.4749886849004605,18.668224948221336,0.222495346796887,34.084358339265606,12
GAS,BAD,EPSILON_GREEDY,Epsilon-Greedy — Battle strategy,59,45,test,0.10467395472325501,1.3700300000002699,0.137003000000027,0.0690930552772695,23.391796708400545,0.03461068019905253,21.962301425807144,4
GAS,BAD,EPSILON_GREEDY,Epsilon-Greedy — Battle strategy,60,1,train,1.0,337.88261999999895,33.7882619999999,3.289474199363296,23.31629256278024,0.17101677555912798,53.3454214922629,23
GAS,BAD,EPSILON_GREEDY,Epsilon-Greedy — Battle strategy,60,1,test,1.0,-76.55981000000008,-7.655981000000009,-3.938556660243586,31.83675156936101,-0.029794322646923405,29.672235594353115,11
GAS,BAD,EPSILON_GREEDY,Epsilon-Greedy — Battle strategy,60,2,train,0.95,489.87270999999896,48.98727099999989,4.532653151203103,22.823752340221528,0.22258360206208344,49.88611515603545,21
GAS,BAD,EPSILON_GREEDY,Epsilon-Greedy — Battle strategy,60,2,test,0.95,-79.24911000000009,-7.924911000000008,-4.079792509100266,31.893668121826245,-0.03379555566512508,29.734417618620558,11
GAS,BAD,EPSILON_GREEDY,Epsilon-Greedy — Battle strategy,60,3,train,0.9025,335.03063999999813,33.50306399999981,3.264969399154327,23.054079120831172,0.16929370080133066,52.90313975216351,23
GAS,BAD,EPSILON_GREEDY,Epsilon-Greedy — Battle strategy,60,3,test,0.9025,-79.24911000000009,-7.924911000000008,-4.079792509100266,31.893668121826245,-0.03379555566512508,29.734417618620558,11
GAS,BAD,EPSILON_GREEDY,Epsilon-Greedy — Battle strategy,60,4,train,0.8573749999999999,510.43243999999913,51.04324399999991,4.69206718091788,23.430177306018628,0.22934432927758236,50.619735314297834,23
GAS,BAD,EPSILON_GREEDY,Epsilon-Greedy — Battle strategy,60,4,test,0.8573749999999999,-79.24911000000009,-7.924911000000008,-4.079792509100266,31.893668121826245,-0.03379555566512508,29.734417618620558,11
GAS,BAD,EPSILON_GREEDY,Epsilon-Greedy — Battle strategy,60,5,train,0.8145062499999999,518.1906899999997,51.81906899999997,4.751721488554161,23.29903407040552,0.23180912517601976,50.11641522711113,24
GAS,BAD,EPSILON_GREEDY,Epsilon-Greedy — Battle strategy,60,5,test,0.8145062499999999,-79.24911000000009,-7.924911000000008,-4.079792509100266,31.893668121826245,-0.03379555566512508,29.734417618620558,11
GAS,BAD,EPSILON_GREEDY,Epsilon-Greedy — Battle strategy,60,6,train,0.7737809374999998,512.0247099999995,51.202470999999946,4.704332551118351,23.371030691040165,0.22983959590734884,50.78414386049667,23
GAS,BAD,EPSILON_GREEDY,Epsilon-Greedy — Battle strategy,60,6,test,0.7737809374999998,-86.03844000000004,-8.603844000000004,-4.437264599624314,31.883461403025976,-0.04565034077831896,30.187108120889654,11
GAS,BAD,EPSILON_GREEDY,Epsilon-Greedy — Battle strategy,60,7,train,0.7350918906249998,348.0232799999985,34.802327999999854,3.376230441152983,23.131012553589997,0.17420200123499271,52.80065840778404,23
GAS,BAD,EPSILON_GREEDY,Epsilon-Greedy — Battle strategy,60,7,test,0.7350918906249998,-83.34914000000003,-8.334914000000003,-4.29551060860347,31.82652144722702,-0.041634815200598696,30.12397940877519,11
GAS,BAD,EPSILON_GREEDY,Epsilon-Greedy — Battle strategy,60,8,train,0.6983372960937497,548.9876099999988,54.89876099999987,4.985882092317651,23.328817272996524,0.24142089772207345,50.476670107357926,23
GAS,BAD,EPSILON_GREEDY,Epsilon-Greedy — Battle strategy,60,8,test,0.6983372960937497,-76.55981000000008,-7.655981000000009,-3.938556660243586,31.83675156936101,-0.029794322646923405,29.672235594353115,11
GAS,BAD,EPSILON_GREEDY,Epsilon-Greedy — Battle strategy,60,9,train,0.6634204312890623,510.1461399999989,51.014613999999895,4.6898605725759435,23.37265292270929,0.22924937890851332,50.441352151029015,24
GAS,BAD,EPSILON_GREEDY,Epsilon-Greedy — Battle strategy,60,9,test,0.6634204312890623,-76.55981000000008,-7.655981000000009,-3.938556660243586,31.83675156936101,-0.029794322646923405,29.672235594353115,11
GAS,BAD,EPSILON_GREEDY,Epsilon-Greedy — Battle strategy,60,10,train,0.6302494097246091,519.0761199999993,51.90761199999992,4.758512452001495,23.38625829567179,0.23207480699458088,50.48241723334371,24
GAS,BAD,EPSILON_GREEDY,Epsilon-Greedy — Battle strategy,60,10,test,0.6302494097246091,-76.55981000000008,-7.655981000000009,-3.938556660243586,31.83675156936101,-0.029794322646923405,29.672235594353115,11
GAS,BAD,EPSILON_GREEDY,Epsilon-Greedy — Battle strategy,60,11,train,0.5987369392383787,526.9962999999993,52.69962999999993,4.819101696429606,23.325183754257463,0.23458899132908342,49.34558441060469,24
GAS,BAD,EPSILON_GREEDY,Epsilon-Greedy — Battle strategy,60,11,test,0.5987369392383787,-76.55981000000008,-7.655981000000009,-3.938556660243586,31.83675156936101,-0.029794322646923405,29.672235594353115,11
GAS,BAD,EPSILON_GREEDY,Epsilon-Greedy — Battle strategy,60,12,train,0.5688000922764597,564.8991700000001,56.48991700000001,5.1052468833039155,23.462977023279162,0.24629993862558744,48.960653288489944,24
GAS,BAD,EPSILON_GREEDY,Epsilon-Greedy — Battle strategy,60,12,test,0.5688000922764597,-76.55981000000008,-7.655981000000009,-3.938556660243586,31.83675156936101,-0.029794322646923405,29.672235594353115,11
GAS,BAD,EPSILON_GREEDY,Epsilon-Greedy — Battle strategy,60,13,train,0.5403600876626367,41.42126000000121,4.142126000000121,0.4522883640855513,26.06238529181631,0.07136600732576359,62.48339902920986,34
GAS,BAD,EPSILON_GREEDY,Epsilon-Greedy — Battle strategy,60,13,test,0.5403600876626367,-71.8315100000001,-7.183151000000009,-3.6907305090776,31.7205981836974,-0.022925569584223253,29.563536088514947,11
GAS,BAD,EPSILON_GREEDY,Epsilon-Greedy — Battle strategy,60,14,train,0.5133420832795048,48.04609000000096,4.804609000000096,0.5231381261346257,26.069872122087933,0.07411805415567689,63.7690705763306,33
GAS,BAD,EPSILON_GREEDY,Epsilon-Greedy — Battle strategy,60,14,test,0.5133420832795048,-71.8315100000001,-7.183151000000009,-3.6907305090776,31.7205981836974,-0.022925569584223253,29.563536088514947,11
GAS,BAD,EPSILON_GREEDY,Epsilon-Greedy — Battle strategy,60,15,train,0.48767497911552954,44.188180000000784,4.418818000000078,0.4819279832039003,26.073879635778635,0.07256460679142904,63.966444137612086,33
GAS,BAD,EPSILON_GREEDY,Epsilon-Greedy — Battle strategy,60,15,test,0.48767497911552954,-71.8315100000001,-7.183151000000009,-3.6907305090776,31.7205981836974,-0.022925569584223253,29.563536088514947,11
GAS,BAD,EPSILON_GREEDY,Epsilon-Greedy — Battle strategy,60,16,train,0.46329123015975304,45.11667000000148,4.5116670000001475,0.49185845110832904,26.258613554836263,0.07436485749340027,64.23763798415803,36
GAS,BAD,EPSILON_GREEDY,Epsilon-Greedy — Battle strategy,60,16,test,0.46329123015975304,-71.8315100000001,-7.183151000000009,-3.6907305090776,31.7205981836974,-0.022925569584223253,29.563536088514947,11
GAS,BAD,EPSILON_GREEDY,Epsilon-Greedy — Battle strategy,60,17,train,0.44012666865176536,-85.60357999999928,-8.560357999999928,-0.9900924007445022,26.070448867750578,0.01554485567825928,64.24352447624277,35
GAS,BAD,EPSILON_GREEDY,Epsilon-Greedy — Battle strategy,60,17,test,0.44012666865176536,-71.8315100000001,-7.183151000000009,-3.6907305090776,31.7205981836974,-0.022925569584223253,29.563536088514947,11
GAS,BAD,EPSILON_GREEDY,Epsilon-Greedy — Battle strategy,60,18,train,0.4181203352191771,39.51764000000139,3.9517640000001393,0.431855861627195,26.397915014738693,0.0730554456230982,64.20283511695281,33
GAS,BAD,EPSILON_GREEDY,Epsilon-Greedy — Battle strategy,60,18,test,0.4181203352191771,-71.8315100000001,-7.183151000000009,-3.6907305090776,31.7205981836974,-0.022925569584223253,29.563536088514947,11
GAS,BAD,EPSILON_GREEDY,Epsilon-Greedy — Battle strategy,60,19,train,0.3972143184582182,695.8147399999993,69.58147399999993,6.048357397116777,22.281256339215126,0.2877308127672386,49.80678380627662,23
GAS,BAD,EPSILON_GREEDY,Epsilon-Greedy — Battle strategy,60,19,test,0.3972143184582182,-68.75367000000017,-6.875367000000017,-3.52974654890289,31.711053070785418,-0.01774601494609806,29.325074563582078,11
GAS,BAD,EPSILON_GREEDY,Epsilon-Greedy — Battle strategy,60,20,train,0.37735360253530725,35.62273000000164,3.5622730000001637,0.3899460063236049,26.422586405788245,0.07166956253646956,64.7140970660408,36
GAS,BAD,EPSILON_GREEDY,Epsilon-Greedy — Battle strategy,60,20,test,0.37735360253530725,-71.8315100000001,-7.183151000000009,-3.6907305090776,31.7205981836974,-0.022925569584223253,29.563536088514947,11
GAS,BAD,EPSILON_GREEDY,Epsilon-Greedy — Battle strategy,60,21,train,0.3584859224085419,32.17945000000145,3.2179450000001455,0.35277892880958284,26.407793349894927,0.07015092800562903,65.37733923686625,35
GAS,BAD,EPSILON_GREEDY,Epsilon-Greedy — Battle strategy,60,21,test,0.3584859224085419,-71.8315100000001,-7.183151000000009,-3.6907305090776,31.7205981836974,-0.022925569584223253,29.563536088514947,11
GAS,BAD,EPSILON_GREEDY,Epsilon-Greedy — Battle strategy,60,22,train,0.3405616262881148,-87.17164999999909,-8.717164999999909,-1.008985170924348,26.128943754124514,0.015403112633790458,65.43588337667836,33
GAS,BAD,EPSILON_GREEDY,Epsilon-Greedy — Battle strategy,60,22,test,0.3405616262881148,-71.8315100000001,-7.183151000000009,-3.6907305090776,31.7205981836974,-0.022925569584223253,29.563536088514947,11
GAS,BAD,EPSILON_GREEDY,Epsilon-Greedy — Battle strategy,60,23,train,0.323533544973709,545.0457400000007,54.50457400000007,4.95614272183813,24.881083312989137,0.24041323485458693,53.03013506243752,30
GAS,BAD,EPSILON_GREEDY,Epsilon-Greedy — Battle strategy,60,23,test,0.323533544973709,-71.8315100000001,-7.183151000000009,-3.6907305090776,31.7205981836974,-0.022925569584223253,29.563536088514947,11
GAS,BAD,EPSILON_GREEDY,Epsilon-Greedy — Battle strategy,60,24,train,0.3073568677250236,548.0407800000005,54.80407800000005,4.978744893049525,24.867001192103505,0.24131448387922266,53.18275782913878,29
GAS,BAD,EPSILON_GREEDY,Epsilon-Greedy — Battle strategy,60,24,test,0.3073568677250236,-51.374610000000075,-5.137461000000008,-2.625654488772955,31.481761692630556,0.009459190108131971,29.102283133795748,10
GAS,BAD,EPSILON_GREEDY,Epsilon-Greedy — Battle strategy,60,25,train,0.2919890243387724,245.95589000000086,24.595589000000086,2.475176636759646,25.84879562561634,0.14767123644821953,62.778599329399064,35
GAS,BAD,EPSILON_GREEDY,Epsilon-Greedy — Battle strategy,60,25,test,0.2919890243387724,-51.374610000000075,-5.137461000000008,-2.625654488772955,31.481761692630556,0.009459190108131971,29.102283133795748,10
GAS,BAD,EPSILON_GREEDY,Epsilon-Greedy — Battle strategy,60,26,train,0.27738957312183377,626.5807099999988,62.65807099999988,5.557998628393679,24.235140565260085,0.26397941433048844,52.898670519855926,25
GAS,BAD,EPSILON_GREEDY,Epsilon-Greedy — Battle strategy,60,26,test,0.27738957312183377,-51.374610000000075,-5.137461000000008,-2.625654488772955,31.481761692630556,0.009459190108131971,29.102283133795748,10
GAS,BAD,EPSILON_GREEDY,Epsilon-Greedy — Battle strategy,60,27,train,0.26352009446574204,643.4910099999997,64.34910099999998,5.679455931665012,24.192297673839498,0.2688485234191077,50.66003648941457,27
GAS,BAD,EPSILON_GREEDY,Epsilon-Greedy — Battle strategy,60,27,test,0.26352009446574204,-51.374610000000075,-5.137461000000008,-2.625654488772955,31.481761692630556,0.009459190108131971,29.102283133795748,10
GAS,BAD,EPSILON_GREEDY,Epsilon-Greedy — Battle strategy,60,28,train,0.2503440897424549,248.55574000000047,24.855574000000047,2.498929543632844,25.988668850270617,0.14918535668303,63.69194687199234,35
GAS,BAD,EPSILON_GREEDY,Epsilon-Greedy — Battle strategy,60,28,test,0.2503440897424549,-51.374610000000075,-5.137461000000008,-2.625654488772955,31.481761692630556,0.009459190108131971,29.102283133795748,10
GAS,BAD,EPSILON_GREEDY,Epsilon-Greedy — Battle strategy,60,29,train,0.23782688525533216,243.3842200000006,24.338422000000058,2.451637811000529,25.952399797067223,0.14723592301030394,64.20357027321508,35
GAS,BAD,EPSILON_GREEDY,Epsilon-Greedy — Battle strategy,60,29,test,0.23782688525533216,-51.374610000000075,-5.137461000000008,-2.625654488772955,31.481761692630556,0.009459190108131971,29.102283133795748,10
GAS,BAD,EPSILON_GREEDY,Epsilon-Greedy — Battle strategy,60,30,train,0.22593554099256555,236.4453700000006,23.64453700000006,2.3879090554418614,26.093885921848052,0.14544974663842666,64.2913395499034,35
GAS,BAD,EPSILON_GREEDY,Epsilon-Greedy — Battle strategy,60,30,test,0.22593554099256555,-51.374610000000075,-5.137461000000008,-2.625654488772955,31.481761692630556,0.009459190108131971,29.102283133795748,10
GAS,BAD,EPSILON_GREEDY,Epsilon-Greedy — Battle strategy,60,31,train,0.21463876394293727,571.2722399999998,57.12722399999998,5.152753802648546,24.333709030790224,0.24804668622192264,53.081737152041796,28
GAS,BAD,EPSILON_GREEDY,Epsilon-Greedy — Battle strategy,60,31,test,0.21463876394293727,-51.374610000000075,-5.137461000000008,-2.625654488772955,31.481761692630556,0.009459190108131971,29.102283133795748,10
GAS,BAD,EPSILON_GREEDY,Epsilon-Greedy — Battle strategy,60,32,train,0.2039068257457904,643.0837199999996,64.30837199999996,5.6765436748600795,24.249946115656478,0.2687139247141973,51.105429486067486,26
GAS,BAD,EPSILON_GREEDY,Epsilon-Greedy — Battle strategy,60,32,test,0.2039068257457904,-51.374610000000075,-5.137461000000008,-2.625654488772955,31.481761692630556,0.009459190108131971,29.102283133795748,10
GAS,BAD,EPSILON_GREEDY,Epsilon-Greedy — Battle strategy,60,33,train,0.19371148445850087,576.9489699999995,57.69489699999995,5.194925981488963,24.278488992892523,0.24966313921323674,53.57281498899397,27
GAS,BAD,EPSILON_GREEDY,Epsilon-Greedy — Battle strategy,60,33,test,0.19371148445850087,-51.374610000000075,-5.137461000000008,-2.625654488772955,31.481761692630556,0.009459190108131971,29.102283133795748,10
GAS,BAD,EPSILON_GREEDY,Epsilon-Greedy — Battle strategy,60,34,train,0.18402591023557582,628.5420899999999,62.854209,5.572143516236228,24.229198096378482,0.2645700730762906,53.15566812477397,27
GAS,BAD,EPSILON_GREEDY,Epsilon-Greedy — Battle strategy,60,34,test,0.18402591023557582,-51.374610000000075,-5.137461000000008,-2.625654488772955,31.481761692630556,0.009459190108131971,29.102283133795748,10
GAS,BAD,EPSILON_GREEDY,Epsilon-Greedy — Battle strategy,60,35,train,0.174824614723797,262.46191999999905,26.24619199999991,2.625238500323479,25.28251736910016,0.15105539562509362,64.54131545259398,32
GAS,BAD,EPSILON_GREEDY,Epsilon-Greedy — Battle strategy,60,35,test,0.174824614723797,-51.374610000000075,-5.137461000000008,-2.625654488772955,31.481761692630556,0.009459190108131971,29.102283133795748,10
GAS,BAD,EPSILON_GREEDY,Epsilon-Greedy — Battle strategy,60,36,train,0.16608338398760716,683.7900000000004,68.37900000000005,5.964483154846456,24.223798970866863,0.28001731636300864,52.46035880946069,27
GAS,BAD,EPSILON_GREEDY,Epsilon-Greedy — Battle strategy,60,36,test,0.16608338398760716,-51.374610000000075,-5.137461000000008,-2.625654488772955,31.481761692630556,0.009459190108131971,29.102283133795748,10
GAS,BAD,EPSILON_GREEDY,Epsilon-Greedy — Battle strategy,60,37,train,0.1577792147882268,135.7135699999999,13.57135699999999,1.4250395180401165,25.96594006565491,0.10819372751444505,64.58535385310499,34
GAS,BAD,EPSILON_GREEDY,Epsilon-Greedy — Battle strategy,60,37,test,0.1577792147882268,-51.374610000000075,-5.137461000000008,-2.625654488772955,31.481761692630556,0.009459190108131971,29.102283133795748,10
GAS,BAD,EPSILON_GREEDY,Epsilon-Greedy — Battle strategy,60,38,train,0.14989025404881545,124.81875000000036,12.481875000000036,1.3163944479695822,25.974381937416023,0.10407663126887161,65.16657451886229,35
GAS,BAD,EPSILON_GREEDY,Epsilon-Greedy — Battle strategy,60,38,test,0.14989025404881545,-51.374610000000075,-5.137461000000008,-2.625654488772955,31.481761692630556,0.009459190108131971,29.102283133795748,10
GAS,BAD,EPSILON_GREEDY,Epsilon-Greedy — Battle strategy,60,39,train,0.14239574134637467,103.18273000000045,10.318273000000044,1.0978341514721546,26.23350327423124,0.0973234349945625,65.86214984733965,35
GAS,BAD,EPSILON_GREEDY,Epsilon-Greedy — Battle strategy,60,39,test,0.14239574134637467,-56.93781000000013,-5.693781000000013,-2.9141629416121417,31.532398781543225,0.0005145638810705472,29.526577859931745,10
GAS,BAD,EPSILON_GREEDY,Epsilon-Greedy — Battle strategy,60,40,train,0.13527595427905592,252.75334999999995,25.275334999999995,2.5371873747895846,26.04928066415842,0.15086983858785186,64.00542250692368,34
GAS,BAD,EPSILON_GREEDY,Epsilon-Greedy — Battle strategy,60,40,test,0.13527595427905592,-55.77263000000016,-5.577263000000016,-2.853666846028624,31.531466587550916,0.002487056084943351,29.437711788426295,10
GAS,BAD,EPSILON_GREEDY,Epsilon-Greedy — Battle strategy,60,41,train,0.12851215656510312,190.99488999999994,19.099488999999995,1.9624377416866734,26.192376378725555,0.1298233104497575,64.16626446539392,35
GAS,BAD,EPSILON_GREEDY,Epsilon-Greedy — Battle strategy,60,41,test,0.12851215656510312,-55.77263000000016,-5.577263000000016,-2.853666846028624,31.531466587550916,0.002487056084943351,29.437711788426295,10
GAS,BAD,EPSILON_GREEDY,Epsilon-Greedy — Battle strategy,60,42,train,0.12208654873684796,173.40340000000106,17.340340000000108,1.7938772333880193,26.022781370656535,0.12257328225478761,64.12614426931361,35
GAS,BAD,EPSILON_GREEDY,Epsilon-Greedy — Battle strategy,60,42,test,0.12208654873684796,-48.409590000000094,-4.84095900000001,-2.472230533260511,31.462037463863606,0.014290423435095087,28.876146674763586,10
GAS,BAD,EPSILON_GREEDY,Epsilon-Greedy — Battle strategy,60,43,train,0.11598222130000556,172.2043300000014,17.220433000000142,1.7823062303022885,26.124708547289,0.12266155726175777,64.16514656344737,35
GAS,BAD,EPSILON_GREEDY,Epsilon-Greedy — Battle strategy,60,43,test,0.11598222130000556,-44.50479000000007,-4.450479000000007,-2.2705389202582915,31.348717258353066,0.01982962230365813,28.57833497527124,10
GAS,BAD,EPSILON_GREEDY,Epsilon-Greedy — Battle strategy,60,44,train,0.11018311023500528,169.95405000000164,16.99540500000016,1.7605626440688749,26.184304684767625,0.12215612201834654,64.23846990289614,35
GAS,BAD,EPSILON_GREEDY,Epsilon-Greedy — Battle strategy,60,44,test,0.11018311023500528,-46.56004000000007,-4.656004000000007,-2.376646139852412,31.41273558525403,0.016944827009071045,28.735084999698007,10
GAS,BAD,EPSILON_GREEDY,Epsilon-Greedy — Battle strategy,60,45,train,0.10467395472325501,175.19449000000122,17.519449000000122,1.811141659871418,26.07940079444982,0.12351457660617887,64.09464496364389,35
GAS,BAD,EPSILON_GREEDY,Epsilon-Greedy — Battle strategy,60,45,test,0.10467395472325501,-46.56004000000007,-4.656004000000007,-2.376646139852412,31.41273558525403,0.016944827009071045,28.735084999698007,10
