ticker,period,model_key,model,seed,episode,split,control,epsilon_ucb,action_coverage,ucb_total_transitions,profit,roi,arr,volatility,sharpe,max_drawdown,violations,flat_step_ratio,no_trade,near_zero_vol,collapse,trade_count,invalid_action_count,invalid_action_rate,turnover,exposure_ratio,q_scale_mean,exploration_bonus_mean,exploration_bonus_max
VCB,BAD,UCB_WITHOUT_VAE_UNCERTAINTY,UCB-VAE without VAE uncertainty,41,1,train,1.0,1.0,1.0,2247,1590.0961200000002,159.009612,11.161766999787147,21.60865482168149,0.5095650910898788,38.793447450631454,16,0.00801068090787717,False,False,False,2229,0,0.0,84.26387999999999,0.629865040635189,0.27474153734176593,0.0,0.0
VCB,BAD,UCB_WITHOUT_VAE_UNCERTAINTY,UCB-VAE without VAE uncertainty,41,1,test,1.0,1.0,1.0,2247,53.05975999999964,5.305975999999965,2.627809975725026,23.711367928409082,0.1446025762887096,33.48412499095715,1,0.0,False,False,False,498,0,0.0,29.86023999999999,0.9100789927127992,0.3638382418357943,0.0,0.0
VCB,BAD,UCB_WITHOUT_VAE_UNCERTAINTY,UCB-VAE without VAE uncertainty,41,2,train,0.9045834549972122,0.8,1.0,4494,1795.1676299999995,179.51676299999994,12.107546061509389,21.439160859350494,0.5517446158437559,38.27255950946166,15,0.009345794392523364,False,False,False,2226,0,0.0,84.36237,0.6087963012255807,0.266775012354507,0.0,0.0
VCB,BAD,UCB_WITHOUT_VAE_UNCERTAINTY,UCB-VAE without VAE uncertainty,41,2,test,0.9045834549972122,0.8,1.0,4494,53.05975999999964,5.305975999999965,2.627809975725026,23.711367928409082,0.1446025762887096,33.48412499095715,1,0.0,False,False,False,498,0,0.0,29.86023999999999,0.9100789927127992,0.357912325221731,0.0,0.0
VCB,BAD,UCB_WITHOUT_VAE_UNCERTAINTY,UCB-VAE without VAE uncertainty,41,3,train,0.8182712270546932,0.6400000000000001,1.0,6741,1797.0452999999998,179.70452999999998,12.115916948728756,21.394554554380164,0.5527904949897925,38.07354919722926,15,0.01335113484646195,False,False,False,2216,0,0.0,84.23469999999996,0.607749320401693,0.2618716976273362,0.0,0.0
VCB,BAD,UCB_WITHOUT_VAE_UNCERTAINTY,UCB-VAE without VAE uncertainty,41,3,test,0.8182712270546932,0.6400000000000001,1.0,6741,44.97875999999974,4.497875999999974,2.2319252838794768,23.69439047153654,0.12808936917596483,33.75351389367655,1,0.0,False,False,False,498,0,0.0,29.86123999999999,0.9099313602763727,0.3520577821925462,0.0,0.0
VCB,BAD,UCB_WITHOUT_VAE_UNCERTAINTY,UCB-VAE without VAE uncertainty,41,4,train,0.7401946136939427,0.5120000000000001,1.0,8988,1655.5997499999994,165.55997499999995,11.470887830065536,21.34100232292164,0.5263751615731943,38.380137139853595,15,0.013796172674677348,False,False,False,2215,0,0.0,84.91024999999998,0.6140330057979019,0.2594192560561562,0.0,0.0
VCB,BAD,UCB_WITHOUT_VAE_UNCERTAINTY,UCB-VAE without VAE uncertainty,41,4,test,0.7401946136939427,0.5120000000000001,1.0,8988,44.97875999999974,4.497875999999974,2.2319252838794768,23.69439047153654,0.12808936917596483,33.75351389367655,1,0.0,False,False,False,498,0,0.0,29.86123999999999,0.9099313602763727,0.34691241853328114,0.0,0.0
VCB,BAD,UCB_WITHOUT_VAE_UNCERTAINTY,UCB-VAE without VAE uncertainty,41,5,train,0.6695678010255933,0.4096000000000001,1.0,11235,1543.4754599999997,154.34754599999997,10.93749629062717,21.285524742265725,0.5044696917825473,38.72530124145207,15,0.014686248331108143,False,False,False,2214,0,0.0,83.39454000000002,0.6103192356563893,0.2553180858532641,0.0,0.0
VCB,BAD,UCB_WITHOUT_VAE_UNCERTAINTY,UCB-VAE without VAE uncertainty,41,5,test,0.6695678010255933,0.4096000000000001,1.0,11235,44.72337999999968,4.472337999999968,2.219389507109737,23.725683576372322,0.1277042799305841,33.75351389367655,1,0.0,False,False,False,498,0,0.0,30.09661999999999,0.9091039907746872,0.3422749567043829,0.0,0.0
VCB,BAD,UCB_WITHOUT_VAE_UNCERTAINTY,UCB-VAE without VAE uncertainty,41,6,train,0.6056799548066172,0.3276800000000001,1.0,13482,1792.889599999999,179.2889599999999,12.097383606740376,21.04671027610104,0.5576607834230864,38.27009012198515,14,0.019581664441477527,False,False,False,2202,0,0.0,84.09039999999989,0.5960203975161397,0.2497934058315233,0.0,0.0
VCB,BAD,UCB_WITHOUT_VAE_UNCERTAINTY,UCB-VAE without VAE uncertainty,41,6,test,0.6056799548066172,0.3276800000000001,1.0,13482,50.45048999999972,5.045048999999971,2.5001489706987234,23.849603917591285,0.1398518546416862,33.75351389367655,1,0.0,False,False,False,498,0,0.0,30.079509999999996,0.9103113366344533,0.3380951528628188,0.0,0.0
VCB,BAD,UCB_WITHOUT_VAE_UNCERTAINTY,UCB-VAE without VAE uncertainty,41,7,train,0.547888066141525,0.2621440000000001,1.0,15729,1606.0144099999998,160.60144099999997,11.237521357008218,21.116393456552895,0.5197014530833901,38.18954442615172,15,0.018691588785046728,False,False,False,2204,0,0.0,83.56559000000001,0.6035559677926727,0.2484097036756459,0.0,0.0
VCB,BAD,UCB_WITHOUT_VAE_UNCERTAINTY,UCB-VAE without VAE uncertainty,41,7,test,0.547888066141525,0.2621440000000001,1.0,15729,50.45048999999972,5.045048999999971,2.5001489706987234,23.849603917591285,0.1398518546416862,33.75351389367655,1,0.0,False,False,False,498,0,0.0,30.079509999999996,0.9103113366344533,0.3342390905871209,0.0,0.0
VCB,BAD,UCB_WITHOUT_VAE_UNCERTAINTY,UCB-VAE without VAE uncertainty,41,8,train,0.49561047982204176,0.20971520000000007,1.0,17976,1509.9259400000014,150.99259400000014,10.773832896725665,21.003027620105584,0.5013079374454998,38.278695578581036,15,0.01913662661326213,False,False,False,2203,0,0.0,83.27405999999996,0.6000568427470945,0.24548942930283524,0.0,0.0
VCB,BAD,UCB_WITHOUT_VAE_UNCERTAINTY,UCB-VAE without VAE uncertainty,41,8,test,0.49561047982204176,0.20971520000000007,1.0,17976,44.72337999999968,4.472337999999968,2.219389507109737,23.725683576372322,0.1277042799305841,33.75351389367655,1,0.0,False,False,False,498,0,0.0,30.09661999999999,0.9091039907746872,0.33072981181513356,0.0,0.0
VCB,BAD,UCB_WITHOUT_VAE_UNCERTAINTY,UCB-VAE without VAE uncertainty,41,9,train,0.4483210401702486,0.1677721600000001,1.0,20223,1252.1815300000007,125.21815300000007,9.447284080243556,19.947053287153217,0.45611960341941693,38.10234890697967,14,0.03515798842901647,False,False,False,2168,0,0.0,76.79847000000004,0.5426394637356396,0.2375199510009224,0.0,0.0
VCB,BAD,UCB_WITHOUT_VAE_UNCERTAINTY,UCB-VAE without VAE uncertainty,41,9,test,0.4483210401702486,0.1677721600000001,1.0,20223,44.72337999999968,4.472337999999968,2.219389507109737,23.725683576372322,0.1277042799305841,33.75351389367655,1,0.0,False,False,False,498,0,0.0,30.09661999999999,0.9091039907746872,0.3277564789486458,0.0,0.0
VCB,BAD,UCB_WITHOUT_VAE_UNCERTAINTY,UCB-VAE without VAE uncertainty,41,10,train,0.4055437954651474,0.13421772800000006,1.0,22470,1346.65242,134.66524199999998,9.948464020746407,21.040575716326785,0.46495272432857593,38.51813877667302,15,0.02403204272363151,False,False,False,2192,0,0.0,81.61757999999995,0.6042980053199551,0.2418054933276344,0.0,0.0
VCB,BAD,UCB_WITHOUT_VAE_UNCERTAINTY,UCB-VAE without VAE uncertainty,41,10,test,0.4055437954651474,0.13421772800000006,1.0,22470,44.723379999999906,4.472337999999991,2.219389507109759,23.708258974184833,0.12762286868727934,33.75351389367653,1,0.0,False,False,False,498,0,0.0,30.09661999999999,0.9069377341128542,0.3244594863230684,0.0,0.0
VCB,BAD,UCB_WITHOUT_VAE_UNCERTAINTY,UCB-VAE without VAE uncertainty,41,11,train,0.3668482076545458,0.10737418240000006,1.0,24717,1331.9249000000004,133.19249000000005,9.871526309647493,20.997305512881542,0.462130688667901,38.114030767339955,15,0.0262572318647085,False,False,False,2187,0,0.0,81.40510000000002,0.6022896088341602,0.23950759545598604,0.0,0.0
VCB,BAD,UCB_WITHOUT_VAE_UNCERTAINTY,UCB-VAE without VAE uncertainty,41,11,test,0.3668482076545458,0.10737418240000006,1.0,24717,47.8916099999999,4.78916099999999,2.374799792771709,23.81840127754006,0.13454340636961487,33.75351389367653,1,0.0,False,False,False,498,0,0.0,30.07839,0.9069913538190835,0.32173118913867865,0.0,0.0
VCB,BAD,UCB_WITHOUT_VAE_UNCERTAINTY,UCB-VAE without VAE uncertainty,41,12,train,0.3318448191396838,0.08589934592000005,1.0,26964,1410.6041600000017,141.06041600000017,10.277653010863474,20.897825668658918,0.48112536583009086,38.42130019533915,15,0.029817534490431688,False,False,False,2180,0,0.0,82.51584000000004,0.5940342042612385,0.23678779716777124,0.0,0.0
VCB,BAD,UCB_WITHOUT_VAE_UNCERTAINTY,UCB-VAE without VAE uncertainty,41,12,test,0.3318448191396838,0.08589934592000005,1.0,26964,45.639149999999745,4.563914999999975,2.264334613455965,23.821773006757322,0.12998644448718277,33.75351389367653,1,0.0,False,False,False,498,0,0.0,30.190849999999998,0.9070613076239199,0.3196035267777711,0.0,0.0
VCB,BAD,UCB_WITHOUT_VAE_UNCERTAINTY,UCB-VAE without VAE uncertainty,41,13,train,0.3001813330203001,0.06871947673600004,1.0,29211,1440.2201500000024,144.02201500000024,10.427477677089957,20.797768147166682,0.4890258688866705,38.389467154041974,15,0.03204272363150868,False,False,False,2175,0,0.0,82.21985000000001,0.5877564870763264,0.23435033563380248,0.0,0.0
VCB,BAD,UCB_WITHOUT_VAE_UNCERTAINTY,UCB-VAE without VAE uncertainty,41,13,test,0.3001813330203001,0.06871947673600004,1.0,29211,52.01743999999985,5.2017439999999855,2.576832409541119,23.826551583493234,0.14294026171798105,33.75351389367653,1,0.0,False,False,False,498,0,0.0,30.42255999999999,0.9075687514497837,0.3176983709346099,0.0,0.0
VCB,BAD,UCB_WITHOUT_VAE_UNCERTAINTY,UCB-VAE without VAE uncertainty,41,14,train,0.27153906734917177,0.054975581388800036,1.0,31458,1468.1126999999997,146.81126999999995,10.567113010295138,20.594261830335295,0.4979906509551995,38.39483647964879,15,0.030707610146862484,False,False,False,2178,0,0.0,81.92729999999999,0.5802006591868648,0.23209026117005452,0.0,0.0
VCB,BAD,UCB_WITHOUT_VAE_UNCERTAINTY,UCB-VAE without VAE uncertainty,41,14,test,0.27153906734917177,0.054975581388800036,1.0,31458,51.62730999999985,5.162730999999985,2.5577455416246897,23.811842614103362,0.14209302999381684,33.7696772278397,1,0.0,False,False,False,498,0,0.0,30.422689999999985,0.9068265250416827,0.3156682677178019,0.0,0.0
VCB,BAD,UCB_WITHOUT_VAE_UNCERTAINTY,UCB-VAE without VAE uncertainty,41,15,train,0.24562974770943447,0.05,1.0,33705,1451.5494900000003,145.15494900000004,10.48436470289047,20.546563635262167,0.49499631090130125,37.908611369825806,14,0.032487761459724075,False,False,False,2174,0,0.0,81.86051000000002,0.5784928198440347,0.23030921374499452,0.0,0.0
VCB,BAD,UCB_WITHOUT_VAE_UNCERTAINTY,UCB-VAE without VAE uncertainty,41,15,test,0.24562974770943447,0.05,1.0,33705,58.14306999999985,5.814306999999985,2.8760639000445787,23.802597839679166,0.1551852914939236,33.7696772278397,1,0.0,False,False,False,498,0,0.0,30.30692999999999,0.9058396217986571,0.31373853870783464,0.0,0.0
VCB,BAD,UCB_WITHOUT_VAE_UNCERTAINTY,UCB-VAE without VAE uncertainty,41,16,train,0.2221926058330938,0.05,1.0,35952,1389.2658199999996,138.92658199999997,10.168686830816153,20.50431012197565,0.4815239087989673,38.65970052670797,14,0.03337783711615487,False,False,False,2172,0,0.0,81.19417999999995,0.5748144469155426,0.2288671833113612,0.0,0.0
VCB,BAD,UCB_WITHOUT_VAE_UNCERTAINTY,UCB-VAE without VAE uncertainty,41,16,test,0.2221926058330938,0.05,1.0,35952,71.2213999999999,7.122139999999991,3.512053346674815,23.643960865748966,0.18089557849643456,33.529921104419444,1,0.0,False,False,False,498,0,0.0,30.298599999999983,0.9112786495370256,0.3125924624981411,0.0,0.0
VCB,BAD,UCB_WITHOUT_VAE_UNCERTAINTY,UCB-VAE without VAE uncertainty,41,17,train,0.20099175505933367,0.05,1.0,38199,1349.6515200000013,134.96515200000013,9.964078937028397,20.4850978538354,0.4726285617051773,38.39139214749736,14,0.03515798842901647,False,False,False,2167,0,0.0,80.61848000000002,0.5721226862455434,0.22766497706008795,0.0,0.0
VCB,BAD,UCB_WITHOUT_VAE_UNCERTAINTY,UCB-VAE without VAE uncertainty,41,17,test,0.20099175505933367,0.05,1.0,38199,73.60980999999992,7.360980999999993,3.6277813246764046,23.644080669515986,0.1856613741260704,33.529921104419444,1,0.0,False,False,False,498,0,0.0,30.300189999999994,0.9110045452228009,0.3112259460351314,0.0,0.0
VCB,BAD,UCB_WITHOUT_VAE_UNCERTAINTY,UCB-VAE without VAE uncertainty,41,18,train,0.18181381621752543,0.05,1.0,40446,1384.8887900000004,138.48887900000005,10.146228270429214,20.416271687295893,0.48171796754428575,38.242824246241376,14,0.03515798842901647,False,False,False,2167,0,0.0,80.92120999999997,0.5707576564842959,0.22656501081250327,0.0,0.0
VCB,BAD,UCB_WITHOUT_VAE_UNCERTAINTY,UCB-VAE without VAE uncertainty,41,18,test,0.18181381621752543,0.05,1.0,40446,79.37387999999987,7.937387999999987,3.906546212247286,23.668372491869384,0.1971586759060881,33.783146672975676,1,0.0,False,False,False,498,0,0.0,30.47612,0.9123269736882879,0.30996358427537013,0.0,0.0
VCB,BAD,UCB_WITHOUT_VAE_UNCERTAINTY,UCB-VAE without VAE uncertainty,41,19,train,0.16446577004027732,0.05,1.0,42693,1342.1051600000005,134.21051600000004,9.924754688276893,20.5068617689548,0.4705913829441842,38.252413508009745,15,0.035603026257231864,False,False,False,2164,0,0.0,80.76484000000004,0.5703252636820741,0.22520071365234318,0.0,0.0
VCB,BAD,UCB_WITHOUT_VAE_UNCERTAINTY,UCB-VAE without VAE uncertainty,41,19,test,0.16446577004027732,0.05,1.0,42693,88.79555999999957,8.879555999999956,4.36060993816243,23.863513273817766,0.21590449273132553,33.72684968852367,1,0.0,False,False,False,498,0,0.0,30.424440000000008,0.9106697773391457,0.3083760561084891,0.0,0.0
VCB,BAD,UCB_WITHOUT_VAE_UNCERTAINTY,UCB-VAE without VAE uncertainty,41,20,train,0.14877301449181102,0.05,1.0,44940,1298.6379000000006,129.86379000000005,9.696028668948898,20.32328481820583,0.4626765451004619,38.20580868162216,15,0.03693813974187806,False,False,False,2164,0,0.0,80.52210000000002,0.5651147323981816,0.2231564821437512,0.0,0.0
VCB,BAD,UCB_WITHOUT_VAE_UNCERTAINTY,UCB-VAE without VAE uncertainty,41,20,test,0.14877301449181102,0.05,1.0,44940,88.79555999999957,8.879555999999956,4.36060993816243,23.863513273817766,0.21590449273132553,33.72684968852367,1,0.0,False,False,False,498,0,0.0,30.424440000000008,0.9106697773391457,0.30678271710214366,0.0,0.0
VCB,BAD,UCB_WITHOUT_VAE_UNCERTAINTY,UCB-VAE without VAE uncertainty,41,21,train,0.13457760745935274,0.05,1.0,47187,1321.0912900000008,132.10912900000008,9.814654506459576,20.0589008317195,0.47156297368946537,38.631532797303905,14,0.03649310191366266,False,False,False,2165,0,0.0,81.43870999999999,0.5534785748631699,0.22062241695207865,0.0,0.0
VCB,BAD,UCB_WITHOUT_VAE_UNCERTAINTY,UCB-VAE without VAE uncertainty,41,21,test,0.13457760745935274,0.05,1.0,47187,89.99595999999951,8.99959599999995,4.418320573722978,23.841225730642922,0.21822241507267912,33.619094127435915,1,0.0,False,False,False,498,0,0.0,30.42404000000001,0.9104922290449243,0.30512612699026087,0.0,0.0
VCB,BAD,UCB_WITHOUT_VAE_UNCERTAINTY,UCB-VAE without VAE uncertainty,41,22,train,0.12173667712083987,0.05,1.0,49434,1313.9988900000003,131.39988900000003,9.777294526737702,19.773232252918767,0.47374117497135537,38.57654616817865,13,0.03649310191366266,False,False,False,2160,0,0.0,80.27111,0.5432886114116674,0.2181241854289186,0.0,0.0
VCB,BAD,UCB_WITHOUT_VAE_UNCERTAINTY,UCB-VAE without VAE uncertainty,41,22,test,0.12173667712083987,0.05,1.0,49434,91.18458999999984,9.118458999999984,4.475434156485969,23.81133931707266,0.2205092352512391,33.5471894627054,1,0.0,False,False,False,498,0,0.0,30.425410000000017,0.9088349107637343,0.30338009689227646,0.0,0.0
VCB,BAD,UCB_WITHOUT_VAE_UNCERTAINTY,UCB-VAE without VAE uncertainty,41,23,train,0.11012098398984942,0.05,1.0,51681,1274.076630000001,127.4076630000001,9.565081138239773,19.744377564926708,0.4642559796092455,38.61867284972199,13,0.037383177570093455,False,False,False,2158,0,0.0,80.38336999999996,0.5435948652409685,0.21693849562935474,0.0,0.0
VCB,BAD,UCB_WITHOUT_VAE_UNCERTAINTY,UCB-VAE without VAE uncertainty,41,23,test,0.11012098398984942,0.05,1.0,51681,89.61972000000014,8.961972000000014,4.400235804141861,23.54812657025097,0.21724950776949484,33.600152523849495,1,0.0,False,False,False,498,0,0.0,30.98028000000002,0.9029263627517911,0.30137981190140467,0.0,0.0
VCB,BAD,UCB_WITHOUT_VAE_UNCERTAINTY,UCB-VAE without VAE uncertainty,41,24,train,0.1,0.05,1.0,53928,1318.8323100000007,131.88323100000008,9.802766111432536,19.50095393574494,0.4787746009963522,38.0559257278029,13,0.039163328882955054,False,False,False,2157,0,0.0,81.05769000000006,0.5355378763054346,0.21422848375999085,0.0,0.0
VCB,BAD,UCB_WITHOUT_VAE_UNCERTAINTY,UCB-VAE without VAE uncertainty,41,24,test,0.1,0.05,1.0,53928,89.5897100000002,8.95897100000002,4.398793176179461,23.531458433406772,0.2171764709276675,33.60284641287669,1,0.0,False,False,False,498,0,0.0,30.980290000000018,0.9024741733534457,0.29967189279485895,0.0,0.0
VCB,BAD,UCB_WITHOUT_VAE_UNCERTAINTY,UCB-VAE without VAE uncertainty,41,25,train,0.1,0.05,1.0,56175,1349.9695799999995,134.99695799999995,9.965733888127225,19.331735853551397,0.48897195222357587,35.493566234020626,12,0.040498442367601244,False,False,False,2154,0,0.0,81.50041999999996,0.5314267451910779,0.21270703187798415,0.0,0.0
VCB,BAD,UCB_WITHOUT_VAE_UNCERTAINTY,UCB-VAE without VAE uncertainty,41,25,test,0.1,0.05,1.0,56175,83.74452999999994,8.374452999999994,4.117427678321328,23.616571672856384,0.20571983958868692,33.57333392052513,1,0.0,False,False,False,498,0,0.0,31.06547000000002,0.9046574506696421,0.29835208339324915,0.0,0.0
VCB,BAD,UCB_WITHOUT_VAE_UNCERTAINTY,UCB-VAE without VAE uncertainty,41,26,train,0.1,0.05,1.0,58422,1363.8903400000004,136.38903400000004,10.037972995259548,19.201197548192166,0.4944164804320365,35.52578008765045,12,0.040943480195816645,False,False,False,2153,0,0.0,81.43965999999998,0.5248452644958138,0.21121052520628977,0.0,0.0
VCB,BAD,UCB_WITHOUT_VAE_UNCERTAINTY,UCB-VAE without VAE uncertainty,41,26,test,0.1,0.05,1.0,58422,84.48480999999992,8.448480999999992,4.153103787357204,23.581490690830453,0.20714098752415908,33.57333392052513,1,0.0,False,False,False,498,0,0.0,31.065190000000015,0.9022102698654284,0.2967652311047397,0.0,0.0
VCB,BAD,UCB_WITHOUT_VAE_UNCERTAINTY,UCB-VAE without VAE uncertainty,41,27,train,0.1,0.05,1.0,60669,1375.8326199999992,137.58326199999993,10.09964446691951,19.20670841561404,0.4972676094390524,35.5796957821518,12,0.04183355585224744,False,False,False,2151,0,0.0,81.80737999999998,0.5236000501869658,0.20972550462419104,0.0,0.0
VCB,BAD,UCB_WITHOUT_VAE_UNCERTAINTY,UCB-VAE without VAE uncertainty,41,27,test,0.1,0.05,1.0,60669,44.247759999999744,4.424775999999974,2.1960387917135504,23.26299977836576,0.12454002841615026,34.09122039663039,1,0.0,False,False,False,498,0,0.0,30.942240000000016,0.8849989625916702,0.29427973670234164,0.0,0.0
VCB,BAD,UCB_WITHOUT_VAE_UNCERTAINTY,UCB-VAE without VAE uncertainty,41,28,train,0.1,0.05,1.0,62916,1330.9116999999997,133.09116999999998,9.866217410163557,19.100216780290513,0.48777131063591617,35.16072087632747,12,0.04183355585224744,False,False,False,2151,0,0.0,81.18829999999998,0.5225636732401591,0.2084896348294121,0.0,0.0
VCB,BAD,UCB_WITHOUT_VAE_UNCERTAINTY,UCB-VAE without VAE uncertainty,41,28,test,0.1,0.05,1.0,62916,41.12142999999992,4.112142999999992,2.0424185389058547,23.3235472928425,0.11831081265038525,34.213212007728906,1,0.0,False,False,False,498,0,0.0,31.038569999999996,0.8820732360812424,0.2925133007058657,0.0,0.0
VCB,BAD,UCB_WITHOUT_VAE_UNCERTAINTY,UCB-VAE without VAE uncertainty,41,29,train,0.1,0.05,1.0,65163,1360.788579999999,136.0788579999999,10.021909809537565,19.029966936426383,0.49637753017381236,35.29091307898001,11,0.04227859368046284,False,False,False,2149,0,0.0,81.30141999999995,0.5163989700095694,0.20669148362340745,0.0,0.0
VCB,BAD,UCB_WITHOUT_VAE_UNCERTAINTY,UCB-VAE without VAE uncertainty,41,29,test,0.1,0.05,1.0,65163,77.83991000000015,7.783991000000015,3.832432158201926,23.47007084521585,0.1937614756529748,33.91419032571039,1,0.0,False,False,False,498,0,0.0,31.190090000000012,0.8967012160572588,0.2914609240599904,0.0,0.0
VCB,BAD,UCB_WITHOUT_VAE_UNCERTAINTY,UCB-VAE without VAE uncertainty,41,30,train,0.1,0.05,1.0,67410,1251.3591000000001,125.13591000000002,9.442839549847948,17.516327458925314,0.49297508804150825,32.833126240141816,6,0.04227859368046284,False,False,False,2143,0,0.0,78.89089999999995,0.48554332281850227,0.20144441826281465,0.0,0.0
VCB,BAD,UCB_WITHOUT_VAE_UNCERTAINTY,UCB-VAE without VAE uncertainty,41,30,test,0.1,0.05,1.0,67410,54.12799000000018,5.412799000000018,2.680028662017553,23.351341464075013,0.1453677382449497,33.91419032571039,1,0.0,False,False,False,498,0,0.0,31.52200999999999,0.8896657400920883,0.28970739362110576,0.0,0.0
VCB,BAD,UCB_WITHOUT_VAE_UNCERTAINTY,UCB-VAE without VAE uncertainty,41,31,train,0.1,0.05,1.0,69657,1196.78476,119.67847600000002,9.144637023710356,17.331066035730196,0.4805015958973368,32.85736491410495,6,0.044058744993324434,False,False,False,2139,0,0.0,78.86523999999987,0.47953561787912535,0.19991741502184204,0.0,0.0
VCB,BAD,UCB_WITHOUT_VAE_UNCERTAINTY,UCB-VAE without VAE uncertainty,41,31,test,0.1,0.05,1.0,69657,52.307880000000296,5.230788000000029,2.591039716011889,23.313743300200656,0.14146370495220237,33.376225803663324,1,0.0,False,False,False,498,0,0.0,31.532119999999978,0.8806768067427553,0.2876668145139533,0.0,0.0
VCB,BAD,UCB_WITHOUT_VAE_UNCERTAINTY,UCB-VAE without VAE uncertainty,41,32,train,0.1,0.05,1.0,71904,1224.234429999999,122.42344299999989,9.295439130716844,17.216950013106207,0.4906304256216662,33.38258255721175,5,0.044058744993324434,False,False,False,2138,0,0.0,79.17556999999988,0.4754754512598539,0.19921302946941769,0.0,0.0
VCB,BAD,UCB_WITHOUT_VAE_UNCERTAINTY,UCB-VAE without VAE uncertainty,41,32,test,0.1,0.05,1.0,71904,51.758890000000065,5.175889000000007,2.5641834056466584,23.276351114628728,0.14017378040759298,33.3465930243642,1,0.0,False,False,False,498,0,0.0,31.531109999999984,0.8795200975612272,0.28587517205132057,0.0,0.0
VCB,BAD,UCB_WITHOUT_VAE_UNCERTAINTY,UCB-VAE without VAE uncertainty,41,33,train,0.1,0.05,1.0,74151,1219.67177,121.96717699999999,9.270487973962972,17.151959932813384,0.49047854632799237,32.863376245189585,7,0.045838896306186025,False,False,False,2135,0,0.0,79.03822999999984,0.4737121428647682,0.19777881949609474,0.0,0.0
VCB,BAD,UCB_WITHOUT_VAE_UNCERTAINTY,UCB-VAE without VAE uncertainty,41,33,test,0.1,0.05,1.0,74151,52.71118999999999,5.271118999999999,2.6107649871243366,23.23381653418189,0.141980000837559,33.51333317528466,1,0.0,False,False,False,498,0,0.0,31.538809999999987,0.873397777628453,0.2836117622214388,0.0,0.0
VCB,BAD,UCB_WITHOUT_VAE_UNCERTAINTY,UCB-VAE without VAE uncertainty,41,34,train,0.1,0.05,1.0,76398,1230.5880400000005,123.05880400000004,9.330108520973269,17.18313789618354,0.4930930682675652,32.60375179509017,6,0.04672897196261682,False,False,False,2134,0,0.0,78.53195999999997,0.47395603154768223,0.19642646577247366,0.0,0.0
VCB,BAD,UCB_WITHOUT_VAE_UNCERTAINTY,UCB-VAE without VAE uncertainty,41,34,test,0.1,0.05,1.0,76398,39.706230000000005,3.9706230000000002,1.972803483137442,23.305433395313717,0.11528024128116533,33.51333317528466,1,0.0,False,False,False,498,0,0.0,31.203769999999984,0.8752180231712812,0.2824089401607293,0.0,0.0
VCB,BAD,UCB_WITHOUT_VAE_UNCERTAINTY,UCB-VAE without VAE uncertainty,41,35,train,0.1,0.05,1.0,78645,1178.5883500000004,117.85883500000006,9.043744365505614,16.757660104286888,0.4855631191109879,32.82224793950769,6,0.06364040943480195,False,False,False,2086,0,0.0,75.33164999999987,0.43172698517136054,0.1914728662512225,0.0,0.0
VCB,BAD,UCB_WITHOUT_VAE_UNCERTAINTY,UCB-VAE without VAE uncertainty,41,35,test,0.1,0.05,1.0,78645,37.50880999999981,3.750880999999981,1.8646166283740495,23.403474437970818,0.11118527642375506,33.637252070535574,1,0.0,False,False,False,498,0,0.0,31.151189999999993,0.8756022455765435,0.28113422919827774,0.0,0.0
VCB,BAD,UCB_WITHOUT_VAE_UNCERTAINTY,UCB-VAE without VAE uncertainty,41,36,train,0.1,0.05,1.0,80892,1123.2853200000009,112.32853200000008,8.732443630042685,16.633632777093194,0.4705985365225341,32.81332760151871,7,0.06631063640409435,False,False,False,2082,0,0.0,74.3446799999999,0.42694922573077243,0.1905982027789408,0.0,0.0
VCB,BAD,UCB_WITHOUT_VAE_UNCERTAINTY,UCB-VAE without VAE uncertainty,41,36,test,0.1,0.05,1.0,80892,35.55463000000009,3.5554630000000085,1.7683093932598482,23.405171118758382,0.10711778697247902,33.637252070535574,1,0.0,False,False,False,498,0,0.0,31.46536999999999,0.8748212654881204,0.2793840077597214,0.0,0.0
VCB,BAD,UCB_WITHOUT_VAE_UNCERTAINTY,UCB-VAE without VAE uncertainty,41,37,train,0.1,0.05,1.0,83139,1089.5060900000008,108.95060900000009,8.538736344418663,16.582259639530516,0.46069950342818394,32.669264882002835,6,0.06898086337338674,False,False,False,2075,0,0.0,73.73390999999985,0.4241444005374411,0.18899535350286012,0.0,0.0
VCB,BAD,UCB_WITHOUT_VAE_UNCERTAINTY,UCB-VAE without VAE uncertainty,41,37,test,0.1,0.05,1.0,83139,27.877510000000257,2.787751000000026,1.389080771130824,23.168293675308185,0.08965031100721658,33.3566378821497,1,0.0,False,False,False,498,0,0.0,31.96248999999998,0.8677318551585821,0.2771325718506752,0.0,0.0
VCB,BAD,UCB_WITHOUT_VAE_UNCERTAINTY,UCB-VAE without VAE uncertainty,41,38,train,0.1,0.05,1.0,85386,1072.4696200000008,107.24696200000008,8.439982398384128,16.56541579697473,0.4554614366834523,32.37094571537383,5,0.06987093902981753,False,False,False,2073,0,0.0,74.17037999999992,0.42105300754886893,0.18817042661511638,0.0,0.0
VCB,BAD,UCB_WITHOUT_VAE_UNCERTAINTY,UCB-VAE without VAE uncertainty,41,38,test,0.1,0.05,1.0,85386,38.589530000000195,3.8589530000000196,1.917838596747523,23.358731768570042,0.11320361775005318,33.21332944908225,1,0.0,False,False,False,498,0,0.0,31.63046999999998,0.8701812464349789,0.2760707458638283,0.0,0.0
VCB,BAD,UCB_WITHOUT_VAE_UNCERTAINTY,UCB-VAE without VAE uncertainty,41,39,train,0.1,0.05,1.0,87633,1069.945860000002,106.9945860000002,8.425291805744163,16.58796748355231,0.45423128892487913,32.32613854002744,4,0.07120605251446373,False,False,False,2067,0,0.0,73.85413999999993,0.42027473544823923,0.18706603697076288,0.0,0.0
VCB,BAD,UCB_WITHOUT_VAE_UNCERTAINTY,UCB-VAE without VAE uncertainty,41,39,test,0.1,0.05,1.0,87633,36.367609999999786,3.6367609999999786,1.808386220486069,23.009324049210782,0.10671612436361728,31.974174607796975,1,0.0,False,False,False,498,0,0.0,32.07238999999998,0.8586932507556282,0.2738405229097389,0.0,0.0
VCB,BAD,UCB_WITHOUT_VAE_UNCERTAINTY,UCB-VAE without VAE uncertainty,41,40,train,0.1,0.05,1.0,89880,1051.7502300000015,105.17502300000015,8.318902924473171,16.507114530666545,0.44965990582201476,32.826794982134594,6,0.07254116599910992,False,False,False,2064,0,0.0,73.72976999999995,0.41768910805538756,0.18600959156386632,0.0,0.0
VCB,BAD,UCB_WITHOUT_VAE_UNCERTAINTY,UCB-VAE without VAE uncertainty,41,40,test,0.1,0.05,1.0,89880,48.68480000000045,4.868480000000045,2.413671256960259,21.40452500633557,0.12591739621667053,24.161294096532913,1,0.0,False,False,False,498,0,0.0,31.695199999999986,0.806791449501194,0.2700093330658344,0.0,0.0
VCB,BAD,UCB_WITHOUT_VAE_UNCERTAINTY,UCB-VAE without VAE uncertainty,41,41,train,0.1,0.05,1.0,92127,692.3535400000007,69.23535400000007,6.024269364069701,18.259464063969908,0.30510585791724,37.7137165347669,13,0.0787716955941255,False,False,False,2044,0,0.0,68.20645999999999,0.4291925140893769,0.18846654037157057,0.0,0.0
VCB,BAD,UCB_WITHOUT_VAE_UNCERTAINTY,UCB-VAE without VAE uncertainty,41,41,test,0.1,0.05,1.0,92127,52.71421000000032,5.271421000000032,2.6109126764691792,21.319244565272733,0.13467112883240026,24.161294096532913,1,0.0,False,False,False,498,0,0.0,31.915789999999994,0.8050425332680448,0.268387324240313,0.0,0.0
VCB,BAD,UCB_WITHOUT_VAE_UNCERTAINTY,UCB-VAE without VAE uncertainty,41,42,train,0.1,0.05,1.0,94374,718.2532900000003,71.82532900000004,6.203465710073641,18.340858770592842,0.31387665251355146,38.084231111420166,13,0.0796617712505563,False,False,False,2040,0,0.0,68.33671000000001,0.42925091919065084,0.1872431365453937,0.0,0.0
VCB,BAD,UCB_WITHOUT_VAE_UNCERTAINTY,UCB-VAE without VAE uncertainty,41,42,test,0.1,0.05,1.0,94374,44.84225000000015,4.484225000000015,2.2252246402018283,21.391812796415437,0.11717485637776359,24.312151882055787,1,0.0,False,False,False,498,0,0.0,31.907749999999993,0.8060910871709497,0.2669045372630458,0.0,0.0
VCB,BAD,UCB_WITHOUT_VAE_UNCERTAINTY,UCB-VAE without VAE uncertainty,41,43,train,0.1,0.05,1.0,96621,700.1382100000008,70.01382100000008,6.07838504333178,18.26879137002585,0.30787074616883475,37.95713600266929,13,0.08188696039163329,False,False,False,2034,0,0.0,67.69178999999997,0.4283190484982476,0.1861086504581137,0.0,0.0
VCB,BAD,UCB_WITHOUT_VAE_UNCERTAINTY,UCB-VAE without VAE uncertainty,41,43,test,0.1,0.05,1.0,96621,56.747350000000324,5.674735000000032,2.8079603289886013,21.285031039548937,0.1436349374641014,24.312151882055787,1,0.0,False,False,False,498,0,0.0,32.022650000000006,0.8029517893153231,0.2654684777539897,0.0,0.0
VCB,BAD,UCB_WITHOUT_VAE_UNCERTAINTY,UCB-VAE without VAE uncertainty,41,44,train,0.1,0.05,1.0,98868,1046.4119200000007,104.64119200000006,8.287531004545222,16.888389436135284,0.44148980109653213,32.705386699880144,5,0.059635068980863376,False,False,False,2101,0,0.0,77.02807999999997,0.456711620612423,0.18658636438419515,0.0,0.0
VCB,BAD,UCB_WITHOUT_VAE_UNCERTAINTY,UCB-VAE without VAE uncertainty,41,44,test,0.1,0.05,1.0,98868,82.05128000000059,8.205128000000059,4.035779670283257,21.518122036336738,0.20002441938591897,23.783567946591262,1,0.0,False,False,False,498,0,0.0,32.11872000000001,0.8105496628521459,0.2644938694305688,0.0,0.0
VCB,BAD,UCB_WITHOUT_VAE_UNCERTAINTY,UCB-VAE without VAE uncertainty,41,45,train,0.1,0.05,1.0,101115,989.4676200000013,98.94676200000012,7.948278551678412,17.475800527063118,0.414429621188773,35.341181551651125,8,0.059635068980863376,False,False,False,2093,0,0.0,74.25237999999997,0.4565111486457522,0.1839387846466537,0.0,0.0
VCB,BAD,UCB_WITHOUT_VAE_UNCERTAINTY,UCB-VAE without VAE uncertainty,41,45,test,0.1,0.05,1.0,101115,94.37210000000027,9.437210000000027,4.628440922852084,20.269358781876644,0.22767500738608326,21.410329810382954,1,0.0,False,False,False,498,0,0.0,32.21790000000001,0.7667123507148689,0.2601653617399045,0.0,0.0
VCB,BAD,UCB_WITHOUT_VAE_UNCERTAINTY,UCB-VAE without VAE uncertainty,42,1,train,1.0,1.0,1.0,2247,541.04682,54.104682000000004,4.925903949883104,13.463290546064833,0.27924995943130554,34.26693716649351,8,0.08099688473520249,False,False,False,1231,0,0.0,71.12318000000005,0.28434910141687353,0.1938685833592122,0.0,0.0
VCB,BAD,UCB_WITHOUT_VAE_UNCERTAINTY,UCB-VAE without VAE uncertainty,42,1,test,1.0,1.0,1.0,2247,73.90309999999977,7.390309999999976,3.641983545934191,17.79111755610872,0.17924590249891487,22.17335397700998,0,0.014056224899598393,False,False,False,431,0,0.0,43.7469,0.5845172111013787,0.29170007450154506,0.0,0.0
VCB,BAD,UCB_WITHOUT_VAE_UNCERTAINTY,UCB-VAE without VAE uncertainty,42,2,train,0.9045834549972122,0.8,1.0,4494,750.8076700000006,75.08076700000007,6.4253298017691085,12.744697939113756,0.39968524545204837,29.96613891630101,5,0.09523809523809523,False,False,False,1277,0,0.0,72.32233000000004,0.24378198448542626,0.19219371831458198,0.0,0.0
VCB,BAD,UCB_WITHOUT_VAE_UNCERTAINTY,UCB-VAE without VAE uncertainty,42,2,test,0.9045834549972122,0.8,1.0,4494,51.15931999999907,5.1159319999999076,2.534844766243416,17.439169682167353,0.11737518073086141,22.290616068571588,0,0.01606425702811245,False,False,False,434,0,0.0,44.070679999999996,0.5739752438133011,0.2872579643824493,0.0,0.0
VCB,BAD,UCB_WITHOUT_VAE_UNCERTAINTY,UCB-VAE without VAE uncertainty,42,3,train,0.8182712270546932,0.6400000000000001,1.0,6741,824.4284399999997,82.44284399999997,6.913849109973302,11.53818760519759,0.46875039486919173,24.53017890223413,5,0.09523809523809523,False,False,False,1332,0,0.0,74.75156000000003,0.2057655280712104,0.19037641466665278,0.0,0.0
VCB,BAD,UCB_WITHOUT_VAE_UNCERTAINTY,UCB-VAE without VAE uncertainty,42,3,test,0.8182712270546932,0.6400000000000001,1.0,6741,62.657459999999446,6.265745999999944,3.0960356876474027,17.898417936141932,0.1495295382546773,21.91322501472254,0,0.014056224899598393,False,False,False,436,0,0.0,43.572540000000004,0.5771498903077028,0.28269375187445833,0.0,0.0
VCB,BAD,UCB_WITHOUT_VAE_UNCERTAINTY,UCB-VAE without VAE uncertainty,42,4,train,0.7401946136939427,0.5120000000000001,1.0,8988,841.3922699999998,84.13922699999998,7.023926488808763,11.189827691555156,0.4890370449333739,24.381720420125156,5,0.11259457053849577,False,False,False,1339,0,0.0,75.29773000000002,0.19920706081201622,0.1882423438450125,0.0,0.0
VCB,BAD,UCB_WITHOUT_VAE_UNCERTAINTY,UCB-VAE without VAE uncertainty,42,4,test,0.7401946136939427,0.5120000000000001,1.0,8988,21.853330000000142,2.185333000000014,1.0905135353079798,17.661320680760134,0.03707534631255153,25.993343496438108,0,0.014056224899598393,False,False,False,433,0,0.0,42.96667000000003,0.5969496135892565,0.2790490180762657,0.0,0.0
VCB,BAD,UCB_WITHOUT_VAE_UNCERTAINTY,UCB-VAE without VAE uncertainty,42,5,train,0.6695678010255933,0.4096000000000001,1.0,11235,1010.0391400000008,101.00391400000008,8.071820014748464,10.374435084454955,0.6136583568844939,21.589360029751873,4,0.08500222518914108,False,False,False,1367,0,0.0,78.55086,0.1928841070917906,0.18661238987564138,0.0,0.0
VCB,BAD,UCB_WITHOUT_VAE_UNCERTAINTY,UCB-VAE without VAE uncertainty,42,5,test,0.6695678010255933,0.4096000000000001,1.0,11235,-7.281760000000986,-0.7281760000000986,-0.36600351614463067,17.25421687045246,-0.05108868211222759,23.58474202238018,0,0.01606425702811245,False,False,False,435,0,0.0,42.981759999999994,0.5665348189481253,0.2744129039347172,0.0,0.0
VCB,BAD,UCB_WITHOUT_VAE_UNCERTAINTY,UCB-VAE without VAE uncertainty,42,6,train,0.6056799548066172,0.3276800000000001,1.0,13482,925.882480000002,92.5882480000002,7.559108193858388,9.910739385737557,0.5891871720836447,18.265321761373205,3,0.11659991099243436,False,False,False,1350,0,0.0,76.49752000000007,0.1807915836121228,0.18476393075289332,0.0,0.0
VCB,BAD,UCB_WITHOUT_VAE_UNCERTAINTY,UCB-VAE without VAE uncertainty,42,6,test,0.6056799548066172,0.3276800000000001,1.0,13482,10.930169999999407,1.0930169999999408,0.5469000027908955,17.527387234113505,0.004880551676399667,24.441449623019487,0,0.014056224899598393,False,False,False,435,0,0.0,42.73983,0.5920186422267856,0.27102576428089276,0.0,0.0
VCB,BAD,UCB_WITHOUT_VAE_UNCERTAINTY,UCB-VAE without VAE uncertainty,42,7,train,0.547888066141525,0.2621440000000001,1.0,15729,895.9973200000022,89.59973200000022,7.3722371930779795,9.683190258753365,0.5826351302769017,18.135620552113103,3,0.12372051624388072,False,False,False,1328,0,0.0,74.84268000000003,0.1652760805183988,0.18357039150969687,0.0,0.0
VCB,BAD,UCB_WITHOUT_VAE_UNCERTAINTY,UCB-VAE without VAE uncertainty,42,7,test,0.547888066141525,0.2621440000000001,1.0,15729,75.54050999999981,7.554050999999981,3.7212376975220396,17.088406909928647,0.18399816633903496,20.7414514225809,0,0.010040160642570281,False,False,False,444,0,0.0,43.50949,0.574130329924992,0.26760980470412704,0.0,0.0
VCB,BAD,UCB_WITHOUT_VAE_UNCERTAINTY,UCB-VAE without VAE uncertainty,42,8,train,0.49561047982204176,0.20971520000000007,1.0,17976,850.0016200000041,85.00016200000042,7.079447723421506,9.825115216115112,0.5476392203795899,21.711077904841318,3,0.12194036493101913,False,False,False,1315,0,0.0,74.29838000000004,0.16828868719597262,0.18151627088228384,0.0,0.0
VCB,BAD,UCB_WITHOUT_VAE_UNCERTAINTY,UCB-VAE without VAE uncertainty,42,8,test,0.49561047982204176,0.20971520000000007,1.0,17976,83.58745999999996,8.358745999999996,4.109856485912933,17.046899986489784,0.20615818170116967,20.721045204652157,0,0.010040160642570281,False,False,False,448,0,0.0,43.91254000000001,0.5739817918487977,0.2651031611853814,0.0,0.0
VCB,BAD,UCB_WITHOUT_VAE_UNCERTAINTY,UCB-VAE without VAE uncertainty,42,9,train,0.4483210401702486,0.1677721600000001,1.0,20223,919.1643700000027,91.91643700000027,7.517325773982519,9.788344895198659,0.5913512952502723,20.331596205597485,3,0.1277258566978193,False,False,False,1316,0,0.0,74.80563000000004,0.1606109272146649,0.18079137638323986,0.0,0.0
VCB,BAD,UCB_WITHOUT_VAE_UNCERTAINTY,UCB-VAE without VAE uncertainty,42,9,test,0.4483210401702486,0.1677721600000001,1.0,20223,106.59100000000012,10.659100000000011,5.212924936800789,16.723105613702796,0.27040257082049884,20.46934574495136,0,0.008032128514056224,False,False,False,449,0,0.0,43.389000000000024,0.545285433384852,0.26215577094131204,0.0,0.0
VCB,BAD,UCB_WITHOUT_VAE_UNCERTAINTY,UCB-VAE without VAE uncertainty,42,10,train,0.4055437954651474,0.13421772800000006,1.0,22470,904.3803100000032,90.43803100000032,7.424918466900032,9.482265499421482,0.5981764449080299,18.14961167005529,2,0.13573653760569648,False,False,False,1308,0,0.0,75.28969000000005,0.15212221384401955,0.17958667654001984,0.0,0.0
VCB,BAD,UCB_WITHOUT_VAE_UNCERTAINTY,UCB-VAE without VAE uncertainty,42,10,test,0.4055437954651474,0.13421772800000006,1.0,22470,155.03449,15.503449,7.499131106144019,16.371189333303725,0.4050730730239899,19.987504383653626,0,0.006024096385542169,False,False,False,449,0,0.0,43.04551000000001,0.5350320565430324,0.25979803351453506,0.0,0.0
VCB,BAD,UCB_WITHOUT_VAE_UNCERTAINTY,UCB-VAE without VAE uncertainty,42,11,train,0.3668482076545458,0.10737418240000006,1.0,24717,861.262370000001,86.1262370000001,7.15172209020134,9.241849305236464,0.583511397577566,17.81938384596332,3,0.1299510458388963,False,False,False,1313,0,0.0,75.10763000000006,0.15437374732280765,0.1783921729440046,0.0,0.0
VCB,BAD,UCB_WITHOUT_VAE_UNCERTAINTY,UCB-VAE without VAE uncertainty,42,11,test,0.3668482076545458,0.10737418240000006,1.0,24717,150.35714000000007,15.035714000000008,7.280502218803142,16.27845960543182,0.3938198941058641,20.130594000269234,0,0.010040160642570281,False,False,False,453,0,0.0,43.07286000000002,0.5165736512937187,0.2586339947180336,0.0,0.0
VCB,BAD,UCB_WITHOUT_VAE_UNCERTAINTY,UCB-VAE without VAE uncertainty,42,12,train,0.3318448191396838,0.08589934592000005,1.0,26964,975.4307500000009,97.54307500000009,7.863327324463709,8.959821999117894,0.6735784542941753,17.053905485195443,1,0.1321762349799733,False,False,False,1344,0,0.0,77.95925000000011,0.14848224976286076,0.1787442381567938,0.0,0.0
VCB,BAD,UCB_WITHOUT_VAE_UNCERTAINTY,UCB-VAE without VAE uncertainty,42,12,test,0.3318448191396838,0.08589934592000005,1.0,26964,100.41747999999984,10.041747999999984,4.918022358984198,16.36164724830263,0.25541161760329,20.215075044455077,0,0.008032128514056224,False,False,False,454,0,0.0,43.20252000000004,0.5383022954173303,0.2580575394971543,0.0,0.0
VCB,BAD,UCB_WITHOUT_VAE_UNCERTAINTY,UCB-VAE without VAE uncertainty,42,13,train,0.3001813330203001,0.06871947673600004,1.0,29211,976.2686400000016,97.62686400000015,7.868413273593444,8.956774087425853,0.6743059544613442,17.04837687356608,1,0.1348464619492657,False,False,False,1342,0,0.0,78.5313600000001,0.14748238078968742,0.1777713941646434,0.0,0.0
VCB,BAD,UCB_WITHOUT_VAE_UNCERTAINTY,UCB-VAE without VAE uncertainty,42,13,test,0.3001813330203001,0.06871947673600004,1.0,29211,142.33264999999983,14.233264999999983,6.904386795227135,16.315341947871747,0.3716403849137982,20.692386112095747,0,0.010040160642570281,False,False,False,454,0,0.0,42.82735000000002,0.512113553085278,0.25641969815794247,0.0,0.0
VCB,BAD,UCB_WITHOUT_VAE_UNCERTAINTY,UCB-VAE without VAE uncertainty,42,14,train,0.27153906734917177,0.054975581388800036,1.0,31458,965.5205200000019,96.55205200000019,7.8030268373397105,9.16861474784647,0.6541624939684614,19.2069748202883,3,0.13618157543391188,False,False,False,1345,0,0.0,79.01948000000017,0.1486101939212176,0.17703005173137892,0.0,0.0
VCB,BAD,UCB_WITHOUT_VAE_UNCERTAINTY,UCB-VAE without VAE uncertainty,42,14,test,0.27153906734917177,0.054975581388800036,1.0,31458,98.98996000000011,9.898996000000011,4.849713961914071,16.18770399898654,0.25237794727933144,20.229049371504885,0,0.008032128514056224,False,False,False,453,0,0.0,42.61004000000003,0.5340297963726697,0.25602756609698857,0.0,0.0
VCB,BAD,UCB_WITHOUT_VAE_UNCERTAINTY,UCB-VAE without VAE uncertainty,42,15,train,0.24562974770943447,0.05,1.0,33705,914.0783900000015,91.40783900000015,7.4856076266843985,9.302105412142692,0.6140912019476769,20.139177835193177,3,0.14241210502892745,False,False,False,1325,0,0.0,77.6716100000001,0.15422020291650324,0.17534006908569116,0.0,0.0
VCB,BAD,UCB_WITHOUT_VAE_UNCERTAINTY,UCB-VAE without VAE uncertainty,42,15,test,0.24562974770943447,0.05,1.0,33705,114.65395999999964,11.465395999999965,5.596852305026334,16.461486474510654,0.29436775151431277,21.201080220654987,0,0.018072289156626505,False,False,False,449,0,0.0,42.166039999999995,0.550047206788589,0.25503769353869926,0.0,0.0
VCB,BAD,UCB_WITHOUT_VAE_UNCERTAINTY,UCB-VAE without VAE uncertainty,42,16,train,0.2221926058330938,0.05,1.0,35952,951.231670000001,95.12316700000011,7.715606443221246,9.365440914271455,0.6335604867640429,17.597816833018857,2,0.1321762349799733,False,False,False,1361,0,0.0,80.53833000000013,0.16379563680349343,0.1744237332776832,0.0,0.0
VCB,BAD,UCB_WITHOUT_VAE_UNCERTAINTY,UCB-VAE without VAE uncertainty,42,16,test,0.2221926058330938,0.05,1.0,35952,113.68724999999995,11.368724999999994,5.550894440984977,16.502596902019157,0.2913916850379535,21.288865039125547,0,0.018072289156626505,False,False,False,448,0,0.0,42.00274999999999,0.5507591863334109,0.2540817483661165,0.0,0.0
VCB,BAD,UCB_WITHOUT_VAE_UNCERTAINTY,UCB-VAE without VAE uncertainty,42,17,train,0.20099175505933367,0.05,1.0,38199,936.123680000002,93.6123680000002,7.622553427097123,9.33541156355961,0.6259630501381107,17.581885926254383,2,0.13395638629283488,False,False,False,1361,0,0.0,80.61632000000007,0.16176315604196634,0.17383432340558286,0.0,0.0
VCB,BAD,UCB_WITHOUT_VAE_UNCERTAINTY,UCB-VAE without VAE uncertainty,42,17,test,0.20099175505933367,0.05,1.0,38199,95.28263999999945,9.528263999999945,4.67210784868608,16.816154800352006,0.2388942045835091,20.428750910766315,0,0.02208835341365462,False,False,False,443,0,0.0,41.697359999999996,0.5593454449760559,0.25366585127201424,0.0,0.0
VCB,BAD,UCB_WITHOUT_VAE_UNCERTAINTY,UCB-VAE without VAE uncertainty,42,18,train,0.18181381621752543,0.05,1.0,40446,925.7625000000025,92.57625000000026,7.558363130607848,9.307922497851443,0.6210830168539093,17.37290685716193,1,0.12817089452603472,False,False,False,1361,0,0.0,80.75750000000005,0.16239037435791245,0.17328594313809273,0.0,0.0
VCB,BAD,UCB_WITHOUT_VAE_UNCERTAINTY,UCB-VAE without VAE uncertainty,42,18,test,0.18181381621752543,0.05,1.0,40446,76.54611999999997,7.654611999999997,3.769881578410139,16.54022530313239,0.1873548250987819,20.428750910766315,0,0.018072289156626505,False,False,False,447,0,0.0,41.79388000000001,0.5372033364111384,0.25282208799537886,0.0,0.0
VCB,BAD,UCB_WITHOUT_VAE_UNCERTAINTY,UCB-VAE without VAE uncertainty,42,19,train,0.16446577004027732,0.05,1.0,42693,928.5719300000017,92.85719300000017,7.5757985792292315,9.304237570280737,0.6230433825545961,17.407373585431802,1,0.12817089452603472,False,False,False,1357,0,0.0,80.87807000000008,0.15938058297739255,0.1727544530864737,0.0,0.0
VCB,BAD,UCB_WITHOUT_VAE_UNCERTAINTY,UCB-VAE without VAE uncertainty,42,19,test,0.16446577004027732,0.05,1.0,42693,107.51146999999946,10.751146999999946,5.256824527411652,16.74013265983299,0.2727914688026887,20.40891107253395,0,0.010040160642570281,False,False,False,448,0,0.0,41.578530000000015,0.5558588757279588,0.25186088473263035,0.0,0.0
VCB,BAD,UCB_WITHOUT_VAE_UNCERTAINTY,UCB-VAE without VAE uncertainty,42,20,train,0.14877301449181102,0.05,1.0,44940,1014.2797999999998,101.42797999999998,8.0971473453058,8.971471357596842,0.6971805834373437,16.390293122904456,2,0.1268357810413885,False,False,False,1374,0,0.0,83.11020000000013,0.15516797624116163,0.17348562430509154,0.0,0.0
VCB,BAD,UCB_WITHOUT_VAE_UNCERTAINTY,UCB-VAE without VAE uncertainty,42,20,test,0.14877301449181102,0.05,1.0,44940,94.26084999999875,9.426084999999876,4.62310444629408,16.658977981723147,0.23680793357530064,21.829866624831407,0,0.004016064257028112,False,False,False,451,0,0.0,41.96914999999999,0.5562953993813304,0.25092896386741637,0.0,0.0
VCB,BAD,UCB_WITHOUT_VAE_UNCERTAINTY,UCB-VAE without VAE uncertainty,42,21,train,0.13457760745935274,0.05,1.0,47187,1024.9586399999994,102.49586399999995,8.160717365503324,8.984242629979516,0.7029197599754511,16.75890446601313,2,0.12060525144637294,False,False,False,1371,0,0.0,83.25136000000012,0.15559828482814403,0.17259035209251022,0.0,0.0
VCB,BAD,UCB_WITHOUT_VAE_UNCERTAINTY,UCB-VAE without VAE uncertainty,42,21,test,0.13457760745935274,0.05,1.0,47187,81.45593000000008,8.145593000000009,4.007056945872933,16.436596084602016,0.2014840722404783,21.126575753289973,0,0.006024096385542169,False,False,False,453,0,0.0,42.21406999999999,0.5365338286392826,0.2493136250918888,0.0,0.0
VCB,BAD,UCB_WITHOUT_VAE_UNCERTAINTY,UCB-VAE without VAE uncertainty,42,22,train,0.12173667712083987,0.05,1.0,49434,956.7578000000012,95.67578000000012,7.74948303908054,9.626940495352661,0.6222274357934996,19.941991753413614,4,0.11971517578994215,False,False,False,1363,0,0.0,83.43220000000007,0.17028816723510812,0.17016091914602954,0.0,0.0
VCB,BAD,UCB_WITHOUT_VAE_UNCERTAINTY,UCB-VAE without VAE uncertainty,42,22,test,0.12173667712083987,0.05,1.0,49434,76.69554999999991,7.669554999999992,3.77710795024917,16.93813454781617,0.1873123646719946,21.392679711625934,0,0.010040160642570281,False,False,False,449,0,0.0,41.15444999999999,0.5628599189564478,0.24891006793961468,0.0,0.0
VCB,BAD,UCB_WITHOUT_VAE_UNCERTAINTY,UCB-VAE without VAE uncertainty,42,23,train,0.11012098398984942,0.05,1.0,51681,1025.3053600000012,102.53053600000013,8.16277635486271,8.94143114481656,0.7060768454479335,16.516400611506533,2,0.12594570538495772,False,False,False,1378,0,0.0,84.3346400000001,0.15623851849528386,0.1711875602742222,0.0,0.0
VCB,BAD,UCB_WITHOUT_VAE_UNCERTAINTY,UCB-VAE without VAE uncertainty,42,23,test,0.11012098398984942,0.05,1.0,51681,74.93846000000053,7.493846000000053,3.692104181341138,16.67365658118761,0.18270191734358315,21.70919249573393,0,0.010040160642570281,False,False,False,450,0,0.0,41.92153999999999,0.5416278562358989,0.24793575298654508,0.0,0.0
VCB,BAD,UCB_WITHOUT_VAE_UNCERTAINTY,UCB-VAE without VAE uncertainty,42,24,train,0.1,0.05,1.0,53928,960.6768100000008,96.06768100000008,7.773456079105334,9.545605981177438,0.6290754684437004,18.879516707972723,4,0.12327547841566533,False,False,False,1359,0,0.0,82.9431900000001,0.16847078946375016,0.16892806791402415,0.0,0.0
VCB,BAD,UCB_WITHOUT_VAE_UNCERTAINTY,UCB-VAE without VAE uncertainty,42,24,test,0.1,0.05,1.0,53928,69.09389000000033,6.909389000000033,3.4088586943074928,16.715892057206073,0.16615822567685537,21.71429198322939,0,0.008032128514056224,False,False,False,451,0,0.0,41.51610999999999,0.5441614110669742,0.2470406519032147,0.0,0.0
VCB,BAD,UCB_WITHOUT_VAE_UNCERTAINTY,UCB-VAE without VAE uncertainty,42,25,train,0.1,0.05,1.0,56175,833.7340400000007,83.37340400000008,6.97434473644023,10.505223815561838,0.5093938942828129,29.54074159767657,4,0.11526479750778816,False,False,False,1303,0,0.0,78.8559600000001,0.17908580314382827,0.16781123065562528,0.0,0.0
VCB,BAD,UCB_WITHOUT_VAE_UNCERTAINTY,UCB-VAE without VAE uncertainty,42,25,test,0.1,0.05,1.0,56175,70.37497000000008,7.037497000000008,3.471009590670171,16.208502911329674,0.1698496992516235,21.657176747162914,0,0.004016064257028112,False,False,False,457,0,0.0,42.07503,0.5320919006384631,0.2463597650658414,0.0,0.0
VCB,BAD,UCB_WITHOUT_VAE_UNCERTAINTY,UCB-VAE without VAE uncertainty,42,26,train,0.1,0.05,1.0,58422,1021.6317799999997,102.16317799999996,8.140944933952344,9.153578714388715,0.6895763630875293,17.341883067250414,3,0.1548731642189586,False,False,False,1377,0,0.0,86.02822000000009,0.1621777023112219,0.1693069756952826,0.0,0.0
VCB,BAD,UCB_WITHOUT_VAE_UNCERTAINTY,UCB-VAE without VAE uncertainty,42,26,test,0.1,0.05,1.0,58422,17.00650999999982,1.7006509999999821,0.84966073285484,16.604635029945275,0.013905166110169603,25.84897288050397,0,0.008032128514056224,False,False,False,449,0,0.0,41.33349000000001,0.5408317617970644,0.24742956917329006,0.0,0.0
VCB,BAD,UCB_WITHOUT_VAE_UNCERTAINTY,UCB-VAE without VAE uncertainty,42,27,train,0.1,0.05,1.0,60669,891.0103600000011,89.10103600000011,7.340799316007773,10.496818819880119,0.5425782138570682,29.55802284993561,4,0.14730752113929685,False,False,False,1309,0,0.0,79.66964000000009,0.17997329628986716,0.1672210855584411,0.0,0.0
VCB,BAD,UCB_WITHOUT_VAE_UNCERTAINTY,UCB-VAE without VAE uncertainty,42,27,test,0.1,0.05,1.0,60669,30.14010000000053,3.014010000000053,1.5009927441504312,16.62750743748068,0.05317026321661478,25.887453923780022,0,0.008032128514056224,False,False,False,450,0,0.0,41.14990000000003,0.5393585719459876,0.24609318994973078,0.0,0.0
VCB,BAD,UCB_WITHOUT_VAE_UNCERTAINTY,UCB-VAE without VAE uncertainty,42,28,train,0.1,0.05,1.0,62916,886.7384900000015,88.67384900000016,7.313810725774972,10.464174072296993,0.5415429481823216,29.744050406273203,3,0.09879839786381843,False,False,False,1309,0,0.0,79.74151000000003,0.18128187944248725,0.1662448379358266,0.0,0.0
VCB,BAD,UCB_WITHOUT_VAE_UNCERTAINTY,UCB-VAE without VAE uncertainty,42,28,test,0.1,0.05,1.0,62916,40.85167000000024,4.085167000000024,2.0291524228030378,16.725494818717916,0.08511819981911534,25.72297917892044,0,0.008032128514056224,False,False,False,450,0,0.0,40.28833,0.5506690968725665,0.24527200806631622,0.0,0.0
VCB,BAD,UCB_WITHOUT_VAE_UNCERTAINTY,UCB-VAE without VAE uncertainty,42,29,train,0.1,0.05,1.0,65163,871.5409900000006,87.15409900000006,7.217354412286547,10.42687623729493,0.5344059387299114,30.03674432696955,2,0.1059190031152648,False,False,False,1301,0,0.0,79.56901000000003,0.1835409890404211,0.16576320991006277,0.0,0.0
VCB,BAD,UCB_WITHOUT_VAE_UNCERTAINTY,UCB-VAE without VAE uncertainty,42,29,test,0.1,0.05,1.0,65163,46.45601999999985,4.645601999999985,2.30440925533808,16.702477942003178,0.10128405255518227,24.82426229394129,0,0.006024096385542169,False,False,False,451,0,0.0,40.473980000000005,0.5494833196484348,0.2441562028624207,0.0,0.0
VCB,BAD,UCB_WITHOUT_VAE_UNCERTAINTY,UCB-VAE without VAE uncertainty,42,30,train,0.1,0.05,1.0,67410,868.5077400000005,86.85077400000004,7.198019517550303,10.47098718426836,0.5308587564312179,30.159802842259154,2,0.102803738317757,False,False,False,1311,0,0.0,80.09226000000002,0.18511627577428422,0.16493948619990123,0.0,0.0
VCB,BAD,UCB_WITHOUT_VAE_UNCERTAINTY,UCB-VAE without VAE uncertainty,42,30,test,0.1,0.05,1.0,67410,16.16703000000041,1.6167030000000409,0.8078864263506125,16.53435177200626,0.010727005904782509,25.279428452327867,0,0.006024096385542169,False,False,False,450,0,0.0,40.17297000000001,0.5316733554555233,0.24287174049630222,0.0,0.0
VCB,BAD,UCB_WITHOUT_VAE_UNCERTAINTY,UCB-VAE without VAE uncertainty,42,31,train,0.1,0.05,1.0,69657,849.4915600000004,84.94915600000003,7.0761647803664784,10.476004600927851,0.5197002204694247,29.716389598125325,2,0.12461059190031153,False,False,False,1315,0,0.0,81.56844000000007,0.18911854333402126,0.16404927579473005,0.0,0.0
VCB,BAD,UCB_WITHOUT_VAE_UNCERTAINTY,UCB-VAE without VAE uncertainty,42,31,test,0.1,0.05,1.0,69657,19.90610999999967,1.990610999999967,0.9938189762295879,16.620155841336075,0.02272287281506974,25.193000836424478,0,0.006024096385542169,False,False,False,452,0,0.0,41.53389,0.537859817675918,0.2419205344764583,0.0,0.0
VCB,BAD,UCB_WITHOUT_VAE_UNCERTAINTY,UCB-VAE without VAE uncertainty,42,32,train,0.1,0.05,1.0,71904,878.1821000000018,87.81821000000019,7.259589887923434,10.486130618993936,0.5357635562105693,29.82342555575001,3,0.1268357810413885,False,False,False,1317,0,0.0,81.78790000000008,0.18438403586308375,0.1635669479349692,0.0,0.0
VCB,BAD,UCB_WITHOUT_VAE_UNCERTAINTY,UCB-VAE without VAE uncertainty,42,32,test,0.1,0.05,1.0,71904,-32.38367000000062,-3.238367000000062,-1.638068901677192,16.26614252532296,-0.14403423598549403,26.532461177081906,0,0.014056224899598393,False,False,False,451,0,0.0,42.533670000000015,0.5383356151733037,0.24129878506662855,0.0,0.0
VCB,BAD,UCB_WITHOUT_VAE_UNCERTAINTY,UCB-VAE without VAE uncertainty,42,33,train,0.1,0.05,1.0,74151,830.7376000000013,83.07376000000014,6.9548947494790125,10.574812360779706,0.505001445210091,30.13230921690852,3,0.1321762349799733,False,False,False,1312,0,0.0,80.76240000000003,0.1891086296543083,0.16301468598461968,0.0,0.0
VCB,BAD,UCB_WITHOUT_VAE_UNCERTAINTY,UCB-VAE without VAE uncertainty,42,33,test,0.1,0.05,1.0,74151,7.610599999999522,0.7610599999999521,0.3811154971416375,16.479789605868923,-0.015679221653027434,27.783961964198905,0,0.010040160642570281,False,False,False,450,0,0.0,42.069400000000016,0.5431974796664679,0.24074014874706307,0.0,0.0
VCB,BAD,UCB_WITHOUT_VAE_UNCERTAINTY,UCB-VAE without VAE uncertainty,42,34,train,0.1,0.05,1.0,76398,860.7620600000005,86.07620600000004,7.148519233727568,10.484145794396612,0.5258797715334295,29.54800036547439,3,0.1041388518024032,False,False,False,1309,0,0.0,80.63794000000007,0.18643329685481064,0.16225510569886997,0.0,0.0
VCB,BAD,UCB_WITHOUT_VAE_UNCERTAINTY,UCB-VAE without VAE uncertainty,42,34,test,0.1,0.05,1.0,76398,4.9005099999994854,0.4900509999999485,0.24556748222857028,16.085413313638394,-0.0285347129021191,26.865291447339178,0,0.028112449799196786,False,False,False,452,0,0.0,42.40949000000002,0.5201107606597998,0.23892084106683253,0.0,0.0
VCB,BAD,UCB_WITHOUT_VAE_UNCERTAINTY,UCB-VAE without VAE uncertainty,42,35,train,0.1,0.05,1.0,78645,887.8790100000022,88.78790100000022,7.3210215518991095,10.597611094724279,0.5366890064243918,30.01093636870867,3,0.1081441922563418,False,False,False,1310,0,0.0,80.70099000000006,0.19059896259370324,0.1617268928864239,0.0,0.0
VCB,BAD,UCB_WITHOUT_VAE_UNCERTAINTY,UCB-VAE without VAE uncertainty,42,35,test,0.1,0.05,1.0,78645,66.01077999999939,6.601077999999938,3.2591310004252305,16.409673304178725,0.15716216200435898,23.250991369329157,0,0.012048192771084338,False,False,False,455,0,0.0,41.19922000000002,0.5348259659572474,0.2381396781817737,0.0,0.0
VCB,BAD,UCB_WITHOUT_VAE_UNCERTAINTY,UCB-VAE without VAE uncertainty,42,36,train,0.1,0.05,1.0,80892,835.8658099999984,83.58658099999984,6.988164932973384,10.49105630707751,0.5112037142713648,29.991051774816448,2,0.105028927458834,False,False,False,1308,0,0.0,81.70419000000007,0.18891257219730592,0.16095039576563933,0.0,0.0
VCB,BAD,UCB_WITHOUT_VAE_UNCERTAINTY,UCB-VAE without VAE uncertainty,42,36,test,0.1,0.05,1.0,80892,19.4257300000005,1.9425730000000498,0.9699502448736297,16.33957177460179,0.018823390514809305,25.938827654257523,0,0.010040160642570281,False,False,False,457,0,0.0,41.33427000000002,0.550553563397633,0.23813169679967275,0.0,0.0
VCB,BAD,UCB_WITHOUT_VAE_UNCERTAINTY,UCB-VAE without VAE uncertainty,42,37,train,0.1,0.05,1.0,83139,922.7283300000015,92.27283300000015,7.539507524178157,10.329313045658468,0.5677827072411613,29.237952187951205,2,0.13618157543391188,False,False,False,1313,0,0.0,83.29167000000004,0.18460109962476104,0.16077351672587312,0.0,0.0
VCB,BAD,UCB_WITHOUT_VAE_UNCERTAINTY,UCB-VAE without VAE uncertainty,42,37,test,0.1,0.05,1.0,83139,32.08926999999949,3.208926999999949,1.5973042059382214,16.767308697421687,0.05976244535762166,25.487735450477512,0,0.012048192771084338,False,False,False,455,0,0.0,41.39073000000002,0.5585170374985055,0.2370051286037428,0.0,0.0
VCB,BAD,UCB_WITHOUT_VAE_UNCERTAINTY,UCB-VAE without VAE uncertainty,42,38,train,0.1,0.05,1.0,85386,946.3728800000015,94.63728800000015,7.685750289185833,10.36675322104863,0.5793280783289786,29.457957263434352,3,0.1068090787716956,False,False,False,1315,0,0.0,83.69712000000007,0.18681361481713463,0.15990452741450556,0.0,0.0
VCB,BAD,UCB_WITHOUT_VAE_UNCERTAINTY,UCB-VAE without VAE uncertainty,42,38,test,0.1,0.05,1.0,85386,17.07138999999961,1.707138999999961,0.8528885839549138,16.375471109632837,0.01194290736268453,26.29528474688998,0,0.018072289156626505,False,False,False,450,0,0.0,40.65861000000003,0.5333658643740646,0.2352745989748991,0.0,0.0
VCB,BAD,UCB_WITHOUT_VAE_UNCERTAINTY,UCB-VAE without VAE uncertainty,42,39,train,0.1,0.05,1.0,87633,898.6326899999995,89.86326899999995,7.388820938242224,10.274181239696677,0.5565065043433276,29.026058015178442,2,0.11793502447708056,False,False,False,1318,0,0.0,83.50731000000009,0.18601794887397624,0.15926181443091972,0.0,0.0
VCB,BAD,UCB_WITHOUT_VAE_UNCERTAINTY,UCB-VAE without VAE uncertainty,42,39,test,0.1,0.05,1.0,87633,40.26365999999962,4.026365999999962,2.000229636300288,16.7956718828247,0.08370181159841908,26.29528474688998,0,0.014056224899598393,False,False,False,449,0,0.0,40.646340000000016,0.559118822047636,0.2348534425787897,0.0,0.0
VCB,BAD,UCB_WITHOUT_VAE_UNCERTAINTY,UCB-VAE without VAE uncertainty,42,40,train,0.1,0.05,1.0,89880,857.6859500000014,85.76859500000013,7.128809928243496,10.258872026579883,0.5333315558768338,28.906310764652176,2,0.1045838896306186,False,False,False,1331,0,0.0,83.62405000000001,0.18420452479528548,0.15880195438881742,0.0,0.0
VCB,BAD,UCB_WITHOUT_VAE_UNCERTAINTY,UCB-VAE without VAE uncertainty,42,40,test,0.1,0.05,1.0,89880,39.313379999999825,3.931337999999982,1.9534704406711567,16.82799749337481,0.08112050693650093,26.29528474688998,0,0.014056224899598393,False,False,False,451,0,0.0,40.85662000000003,0.558357218354255,0.2340874017691277,0.0,0.0
VCB,BAD,UCB_WITHOUT_VAE_UNCERTAINTY,UCB-VAE without VAE uncertainty,42,41,train,0.1,0.05,1.0,92127,844.9508500000011,84.4950850000001,7.046903495679224,10.396364066069687,0.5202192151580722,29.320371857491146,3,0.10102358700489542,False,False,False,1318,0,0.0,83.12915000000002,0.18750508461008966,0.15806898821027585,0.0,0.0
VCB,BAD,UCB_WITHOUT_VAE_UNCERTAINTY,UCB-VAE without VAE uncertainty,42,41,test,0.1,0.05,1.0,92127,37.69725999999946,3.769725999999946,1.8738991698196372,17.001375544725782,0.077427032352305,27.2367738304456,0,0.014056224899598393,False,False,False,450,0,0.0,40.532740000000025,0.5645430322666469,0.23330466197915825,0.0,0.0
VCB,BAD,UCB_WITHOUT_VAE_UNCERTAINTY,UCB-VAE without VAE uncertainty,42,42,train,0.1,0.05,1.0,94374,958.5526000000016,95.85526000000016,7.760467331108711,10.363952458246452,0.5861832008952208,29.324846347935345,3,0.1068090787716956,False,False,False,1333,0,0.0,84.8274000000001,0.1855024842384077,0.15763561524414305,0.0,0.0
VCB,BAD,UCB_WITHOUT_VAE_UNCERTAINTY,UCB-VAE without VAE uncertainty,42,42,test,0.1,0.05,1.0,94374,30.061179999999695,3.0061179999999696,1.4970912747212628,16.955068999052106,0.055136091872833214,27.2367738304456,0,0.014056224899598393,False,False,False,452,0,0.0,40.988820000000025,0.564947676080194,0.23242886172959124,0.0,0.0
VCB,BAD,UCB_WITHOUT_VAE_UNCERTAINTY,UCB-VAE without VAE uncertainty,42,43,train,0.1,0.05,1.0,96621,909.80394,90.980394,7.458892509206572,10.15443354309116,0.5683066318296215,28.441577637437494,3,0.09968847352024922,False,False,False,1335,0,0.0,84.82606000000008,0.1829646663847454,0.15682332872727683,0.0,0.0
VCB,BAD,UCB_WITHOUT_VAE_UNCERTAINTY,UCB-VAE without VAE uncertainty,42,43,test,0.1,0.05,1.0,96621,92.1732099999997,9.21732099999997,4.522913663450945,16.193517455669433,0.23292449960180836,23.393411915342448,0,0.012048192771084338,False,False,False,462,0,0.0,42.776790000000005,0.5343416443215411,0.2306593585175922,0.0,0.0
VCB,BAD,UCB_WITHOUT_VAE_UNCERTAINTY,UCB-VAE without VAE uncertainty,42,44,train,0.1,0.05,1.0,98868,1041.8306200000006,104.18306200000006,8.260549792924676,9.633099280498847,0.6715033634145252,23.82428098956183,4,0.1081441922563418,False,False,False,1354,0,0.0,87.59938000000012,0.1816483073017268,0.1561547678327051,0.0,0.0
VCB,BAD,UCB_WITHOUT_VAE_UNCERTAINTY,UCB-VAE without VAE uncertainty,42,44,test,0.1,0.05,1.0,98868,100.96699999999987,10.096699999999988,4.944305722485609,16.235888583655743,0.25773607947450444,23.393411915342448,0,0.014056224899598393,False,False,False,461,0,0.0,42.313,0.534943266189285,0.22949612362078395,0.0,0.0
VCB,BAD,UCB_WITHOUT_VAE_UNCERTAINTY,UCB-VAE without VAE uncertainty,42,45,train,0.1,0.05,1.0,101115,1033.8553700000002,103.38553700000001,8.21345154709352,8.166604135129074,0.7707915475949763,10.408354237849549,1,0.11170449488206498,False,False,False,1327,0,0.0,85.50463000000009,0.16656411612069802,0.15554479967005316,0.0,0.0
VCB,BAD,UCB_WITHOUT_VAE_UNCERTAINTY,UCB-VAE without VAE uncertainty,42,45,test,0.1,0.05,1.0,101115,65.1929799999998,6.5192979999999805,3.2193792870852445,17.330759573016564,0.1555086458130671,25.79557899136089,0,0.012048192771084338,False,False,False,458,0,0.0,42.25702000000001,0.5678753284573882,0.22868789642690177,0.0,0.0
VCB,BAD,UCB_WITHOUT_VAE_UNCERTAINTY,UCB-VAE without VAE uncertainty,43,1,train,1.0,1.0,1.0,2247,1318.9708900000032,131.89708900000034,9.80349571644894,12.880482428430598,0.6414732245752989,19.82152185210061,0,0.07521139296840232,False,False,False,1575,0,0.0,73.44910999999993,0.32694401927703526,0.2325355044147891,0.0,0.0
VCB,BAD,UCB_WITHOUT_VAE_UNCERTAINTY,UCB-VAE without VAE uncertainty,43,1,test,1.0,1.0,1.0,2247,150.0893799999999,15.008937999999988,7.267973177600084,18.426583035903747,0.3676746871143925,16.817807789171205,0,0.06224899598393574,False,False,False,239,0,0.0,25.500619999999998,0.7053649492085136,0.29603241422928,0.0,0.0
VCB,BAD,UCB_WITHOUT_VAE_UNCERTAINTY,UCB-VAE without VAE uncertainty,43,2,train,0.9045834549972122,0.8,1.0,4494,1328.2392300000015,132.82392300000015,9.852204529345299,12.766872910445343,0.6495263172485504,17.59937299404345,0,0.11081441922563418,False,False,False,1580,0,0.0,73.52076999999991,0.32482028046528055,0.22907352078793894,0.0,0.0
VCB,BAD,UCB_WITHOUT_VAE_UNCERTAINTY,UCB-VAE without VAE uncertainty,43,2,test,0.9045834549972122,0.8,1.0,4494,131.5699099999997,13.156990999999971,6.397853860951908,18.82672960483492,0.3201557691082988,16.688172985290862,0,0.060240963855421686,False,False,False,237,0,0.0,25.24008999999999,0.7254586969252937,0.29132948860705615,0.0,0.0
VCB,BAD,UCB_WITHOUT_VAE_UNCERTAINTY,UCB-VAE without VAE uncertainty,43,3,train,0.8182712270546932,0.6400000000000001,1.0,6741,1255.4493800000023,125.54493800000024,9.464929771817655,12.975883030968738,0.6136578306889657,17.247332235740444,0,0.11748998664886515,False,False,False,1596,0,0.0,76.09061999999992,0.3290149990830413,0.2254441622022952,0.0,0.0
VCB,BAD,UCB_WITHOUT_VAE_UNCERTAINTY,UCB-VAE without VAE uncertainty,43,3,test,0.8182712270546932,0.6400000000000001,1.0,6741,118.9879199999998,11.89879199999998,5.8026471835966875,18.594875865603857,0.2913481010995573,16.854997379008633,0,0.05421686746987952,False,False,False,231,0,0.0,24.762080000000005,0.7194236803871614,0.2871853836389431,0.0,0.0
VCB,BAD,UCB_WITHOUT_VAE_UNCERTAINTY,UCB-VAE without VAE uncertainty,43,4,train,0.7401946136939427,0.5120000000000001,1.0,8988,1352.9558000000025,135.29558000000023,9.981262286186698,12.97357139972847,0.6503292828141911,16.575203353858072,1,0.09345794392523364,False,False,False,1602,0,0.0,75.74419999999992,0.3324867729548098,0.22175526788062822,0.0,0.0
VCB,BAD,UCB_WITHOUT_VAE_UNCERTAINTY,UCB-VAE without VAE uncertainty,43,4,test,0.7401946136939427,0.5120000000000001,1.0,8988,100.27498999999989,10.027498999999988,4.9112060407469516,18.48844349445291,0.24584703312663173,17.34349662840455,0,0.050200803212851405,False,False,False,238,0,0.0,25.805009999999992,0.713775108602153,0.28361270614117984,0.0,0.0
VCB,BAD,UCB_WITHOUT_VAE_UNCERTAINTY,UCB-VAE without VAE uncertainty,43,5,train,0.6695678010255933,0.4096000000000001,1.0,11235,1411.5581800000023,141.15581800000024,10.282504751455313,12.891060771772436,0.6750891653807756,18.670893082404643,1,0.07521139296840232,False,False,False,1636,0,0.0,76.35181999999996,0.3323080468460548,0.21820493203948008,0.0,0.0
VCB,BAD,UCB_WITHOUT_VAE_UNCERTAINTY,UCB-VAE without VAE uncertainty,43,5,test,0.6695678010255933,0.4096000000000001,1.0,11235,115.76940999999965,11.576940999999966,5.649856668697284,18.50662440610629,0.2840120004160197,17.34349662840455,0,0.05220883534136546,False,False,False,238,0,0.0,25.810589999999998,0.7117535547580012,0.28025991951366025,0.0,0.0
VCB,BAD,UCB_WITHOUT_VAE_UNCERTAINTY,UCB-VAE without VAE uncertainty,43,6,train,0.6056799548066172,0.3276800000000001,1.0,13482,1352.9553400000045,135.29553400000046,9.981259895527606,12.858694867835139,0.6550060174071837,17.879973973897247,0,0.09879839786381843,False,False,False,1643,0,0.0,77.99465999999997,0.33354134985968725,0.21544021340174097,0.0,0.0
VCB,BAD,UCB_WITHOUT_VAE_UNCERTAINTY,UCB-VAE without VAE uncertainty,43,6,test,0.6056799548066172,0.3276800000000001,1.0,13482,129.85487999999987,12.985487999999986,6.316917042519843,18.652154725679324,0.3172787199680185,17.34349662840455,0,0.05220883534136546,False,False,False,239,0,0.0,25.985119999999977,0.7201672547815214,0.27711959078489057,0.0,0.0
VCB,BAD,UCB_WITHOUT_VAE_UNCERTAINTY,UCB-VAE without VAE uncertainty,43,7,train,0.547888066141525,0.2621440000000001,1.0,15729,1339.1011400000052,133.91011400000053,9.90906932927853,12.725822752028678,0.6552762018155748,15.231650208568153,0,0.10235870048954161,False,False,False,1659,0,0.0,78.82885999999999,0.33115955311349127,0.2134024366756307,0.0,0.0
VCB,BAD,UCB_WITHOUT_VAE_UNCERTAINTY,UCB-VAE without VAE uncertainty,43,7,test,0.547888066141525,0.2621440000000001,1.0,15729,102.53268999999977,10.253268999999978,5.019156343720543,18.504926057343653,0.25139338506739495,17.34349662840455,0,0.05220883534136546,False,False,False,238,0,0.0,25.807309999999994,0.714385221534919,0.2751667902741327,0.0,0.0
VCB,BAD,UCB_WITHOUT_VAE_UNCERTAINTY,UCB-VAE without VAE uncertainty,43,8,train,0.49561047982204176,0.20971520000000007,1.0,17976,1384.0897700000041,138.40897700000042,10.14212454145671,12.887303423403957,0.6652566498451566,17.190617105350878,0,0.0774365821094793,False,False,False,1657,0,0.0,78.38022999999995,0.3355081489669628,0.21117943389035354,0.0,0.0
VCB,BAD,UCB_WITHOUT_VAE_UNCERTAINTY,UCB-VAE without VAE uncertainty,43,8,test,0.49561047982204176,0.20971520000000007,1.0,17976,120.34672999999998,12.034672999999998,5.8670874585416755,18.47732669537497,0.29539056959120835,17.34349662840455,0,0.05220883534136546,False,False,False,238,0,0.0,26.233269999999983,0.709932147787554,0.273249861526202,0.0,0.0
VCB,BAD,UCB_WITHOUT_VAE_UNCERTAINTY,UCB-VAE without VAE uncertainty,43,9,train,0.4483210401702486,0.1677721600000001,1.0,20223,1384.6570500000034,138.46570500000036,10.145038190567423,12.90582914881523,0.6647077068016894,15.550074378328887,0,0.1045838896306186,False,False,False,1665,0,0.0,80.18295000000006,0.3387886351755678,0.20939330181043095,0.0,0.0
VCB,BAD,UCB_WITHOUT_VAE_UNCERTAINTY,UCB-VAE without VAE uncertainty,43,9,test,0.4483210401702486,0.1677721600000001,1.0,20223,149.2801199999999,14.92801199999999,7.230097400063773,18.59079510588011,0.36412100150349547,18.027683592328273,0,0.050200803212851405,False,False,False,240,0,0.0,26.359879999999986,0.7208619956788884,0.27097146039507,0.0,0.0
VCB,BAD,UCB_WITHOUT_VAE_UNCERTAINTY,UCB-VAE without VAE uncertainty,43,10,train,0.4055437954651474,0.13421772800000006,1.0,22470,1376.666170000005,137.66661700000049,10.10393873227824,13.076821446881148,0.6548343183691808,17.13583596409282,0,0.09256786826880285,False,False,False,1682,0,0.0,80.96383000000004,0.343005144207072,0.20773637779869394,0.0,0.0
VCB,BAD,UCB_WITHOUT_VAE_UNCERTAINTY,UCB-VAE without VAE uncertainty,43,10,test,0.4055437954651474,0.13421772800000006,1.0,22470,137.57510000000002,13.757510000000003,6.680774087979224,18.580152006271224,0.33634229400341614,18.027683592328273,0,0.050200803212851405,False,False,False,239,0,0.0,26.164899999999985,0.7171972540748379,0.2692732354364242,0.0,0.0
VCB,BAD,UCB_WITHOUT_VAE_UNCERTAINTY,UCB-VAE without VAE uncertainty,43,11,train,0.3668482076545458,0.10737418240000006,1.0,24717,1372.9484900000034,137.29484900000034,10.084775726838814,12.980821679924013,0.6573576818201042,15.553006672027605,0,0.09790832220738763,False,False,False,1692,0,0.0,82.43151,0.3415814924428988,0.20654104051852046,0.0,0.0
VCB,BAD,UCB_WITHOUT_VAE_UNCERTAINTY,UCB-VAE without VAE uncertainty,43,11,test,0.3668482076545458,0.10737418240000006,1.0,24717,129.6354600000002,12.96354600000002,6.306557614452646,18.54216193058579,0.31753727232992,18.027683592328273,0,0.050200803212851405,False,False,False,238,0,0.0,26.14453999999998,0.7173056921170423,0.26756369467660124,0.0,0.0
VCB,BAD,UCB_WITHOUT_VAE_UNCERTAINTY,UCB-VAE without VAE uncertainty,43,12,train,0.3318448191396838,0.08589934592000005,1.0,26964,1401.904850000005,140.19048500000048,10.233333107894582,13.078574529588153,0.6638157895833664,16.965256899568303,0,0.06764574988874054,False,False,False,1683,0,0.0,81.54515000000004,0.343938337549773,0.20529604547345803,0.0,0.0
VCB,BAD,UCB_WITHOUT_VAE_UNCERTAINTY,UCB-VAE without VAE uncertainty,43,12,test,0.3318448191396838,0.08589934592000005,1.0,26964,134.73444000000018,13.473444000000018,6.547036149140939,18.498072924957125,0.3301726739768587,18.027683592328273,0,0.050200803212851405,False,False,False,238,0,0.0,26.145559999999985,0.7161423627833093,0.2662670778551973,0.0,0.0
VCB,BAD,UCB_WITHOUT_VAE_UNCERTAINTY,UCB-VAE without VAE uncertainty,43,13,train,0.3001813330203001,0.06871947673600004,1.0,29211,1401.9186300000033,140.19186300000032,10.233403424856924,13.13627391562569,0.6614414361341243,14.736603762136255,0,0.07432131731197152,False,False,False,1695,0,0.0,82.34137000000003,0.34691833468205135,0.20415722302227057,0.0,0.0
VCB,BAD,UCB_WITHOUT_VAE_UNCERTAINTY,UCB-VAE without VAE uncertainty,43,13,test,0.3001813330203001,0.06871947673600004,1.0,29211,163.42985,16.342985,7.890443720443452,18.483303301747593,0.3986612957414985,18.027683592328273,0,0.050200803212851405,False,False,False,239,0,0.0,26.360149999999976,0.7161235195957677,0.26511019255861223,0.0,0.0
VCB,BAD,UCB_WITHOUT_VAE_UNCERTAINTY,UCB-VAE without VAE uncertainty,43,14,train,0.27153906734917177,0.054975581388800036,1.0,31458,1475.645020000004,147.5645020000004,10.604580647758333,13.372564066954501,0.6774596270331285,16.493657944547405,0,0.07209612817089453,False,False,False,1705,0,0.0,83.33498000000007,0.35255016036404024,0.20323626372779163,0.0,0.0
VCB,BAD,UCB_WITHOUT_VAE_UNCERTAINTY,UCB-VAE without VAE uncertainty,43,14,test,0.27153906734917177,0.054975581388800036,1.0,31458,145.01748999999995,14.501748999999995,7.030373904013287,18.56704049225049,0.35425016934563847,18.027683592328273,0,0.06224899598393574,False,False,False,237,0,0.0,26.07250999999998,0.7172638609157658,0.26404981228362123,0.0,0.0
VCB,BAD,UCB_WITHOUT_VAE_UNCERTAINTY,UCB-VAE without VAE uncertainty,43,15,train,0.24562974770943447,0.05,1.0,33705,1423.4106600000046,142.34106600000044,10.34263960650006,13.239442665623233,0.6648542738087281,14.60043535961653,0,0.08945260347129506,False,False,False,1708,0,0.0,84.39934000000004,0.35255277186166467,0.20240517981552686,0.0,0.0
VCB,BAD,UCB_WITHOUT_VAE_UNCERTAINTY,UCB-VAE without VAE uncertainty,43,15,test,0.24562974770943447,0.05,1.0,33705,131.69632000000001,13.169632,6.403817064959649,18.74446069133584,0.32106133009602084,18.442943172996234,0,0.04819277108433735,False,False,False,237,0,0.0,26.403679999999987,0.7289707126449206,0.26293262599941236,0.0,0.0
VCB,BAD,UCB_WITHOUT_VAE_UNCERTAINTY,UCB-VAE without VAE uncertainty,43,16,train,0.2221926058330938,0.05,1.0,35952,1450.6383100000044,145.06383100000045,10.479798124338169,13.476628221435186,0.6647938917546495,15.144736214264052,1,0.09034267912772585,False,False,False,1714,0,0.0,85.31169000000006,0.3564956291646212,0.20149895216909897,0.0,0.0
VCB,BAD,UCB_WITHOUT_VAE_UNCERTAINTY,UCB-VAE without VAE uncertainty,43,16,test,0.2221926058330938,0.05,1.0,35952,161.20666000000006,16.120666000000007,7.786956883998841,18.38373997548739,0.3946093876332684,16.309040417186623,1,0.05421686746987952,False,False,False,232,0,0.0,25.373339999999985,0.7018012954742677,0.2628559462845804,0.0,0.0
VCB,BAD,UCB_WITHOUT_VAE_UNCERTAINTY,UCB-VAE without VAE uncertainty,43,17,train,0.20099175505933367,0.05,1.0,38199,1455.718660000004,145.5718660000004,10.5052401897747,13.499063026070676,0.6656358985859058,15.472899055052311,2,0.09701824655095684,False,False,False,1717,0,0.0,85.15134000000006,0.35709181176390925,0.20067908384758046,0.0,0.0
VCB,BAD,UCB_WITHOUT_VAE_UNCERTAINTY,UCB-VAE without VAE uncertainty,43,17,test,0.20099175505933367,0.05,1.0,38199,161.20666000000006,16.120666000000007,7.786956883998841,18.38373997548739,0.3946093876332684,16.309040417186623,1,0.05421686746987952,False,False,False,232,0,0.0,25.373339999999985,0.7018012954742677,0.2619397794027405,0.0,0.0
VCB,BAD,UCB_WITHOUT_VAE_UNCERTAINTY,UCB-VAE without VAE uncertainty,43,18,train,0.18181381621752543,0.05,1.0,40446,1422.9972900000053,142.29972900000053,10.34054673249345,13.507243772269204,0.6541802228154768,16.71729906344524,1,0.09256786826880285,False,False,False,1720,0,0.0,86.7727100000001,0.3599191404794252,0.1994552795004728,0.0,0.0
VCB,BAD,UCB_WITHOUT_VAE_UNCERTAINTY,UCB-VAE without VAE uncertainty,43,18,test,0.18181381621752543,0.05,1.0,40446,181.91969000000017,18.191969000000014,8.747334256841333,18.174002657794894,0.4462489402064207,15.507037945613602,0,0.05220883534136546,False,False,False,232,0,0.0,25.640309999999985,0.6952378786380022,0.2609649504942588,0.0,0.0
VCB,BAD,UCB_WITHOUT_VAE_UNCERTAINTY,UCB-VAE without VAE uncertainty,43,19,train,0.16446577004027732,0.05,1.0,42693,1526.0748000000035,152.60748000000035,10.852852429289218,13.824058280458477,0.6760920541742811,16.060821816229947,2,0.09345794392523364,False,False,False,1722,0,0.0,85.98520000000006,0.3655406014225223,0.19866470451428192,0.0,0.0
VCB,BAD,UCB_WITHOUT_VAE_UNCERTAINTY,UCB-VAE without VAE uncertainty,43,19,test,0.16446577004027732,0.05,1.0,42693,174.55950999999982,17.45595099999998,8.407041025364759,18.028184275743627,0.43086611820569504,15.507037945613602,0,0.0783132530120482,False,False,False,234,0,0.0,25.87048999999998,0.6821703398322086,0.26050817520623226,0.0,0.0
VCB,BAD,UCB_WITHOUT_VAE_UNCERTAINTY,UCB-VAE without VAE uncertainty,43,20,train,0.14877301449181102,0.05,1.0,44940,1536.2471200000023,153.62471200000022,10.902397401910502,13.80781786932697,0.6799910098302913,15.9455481091674,1,0.08500222518914108,False,False,False,1730,0,0.0,86.77288000000009,0.36627503160076613,0.19788681385474147,0.0,0.0
VCB,BAD,UCB_WITHOUT_VAE_UNCERTAINTY,UCB-VAE without VAE uncertainty,43,20,test,0.14877301449181102,0.05,1.0,44940,188.1779700000002,18.81779700000002,9.035852113077736,18.259367169682555,0.4596495755970126,15.507037945613602,0,0.05220883534136546,False,False,False,234,0,0.0,26.062029999999993,0.695918320350092,0.2590002491920588,0.0,0.0
VCB,BAD,UCB_WITHOUT_VAE_UNCERTAINTY,UCB-VAE without VAE uncertainty,43,21,train,0.13457760745935274,0.05,1.0,47187,1560.4050300000026,156.04050300000026,11.019356040238716,13.87390206479226,0.6850795347405562,16.036692414551716,1,0.0796617712505563,False,False,False,1739,0,0.0,87.49497000000005,0.36970437841888176,0.19645718087056344,0.0,0.0
VCB,BAD,UCB_WITHOUT_VAE_UNCERTAINTY,UCB-VAE without VAE uncertainty,43,21,test,0.13457760745935274,0.05,1.0,47187,187.7516599999999,18.77516599999999,9.016222532584518,18.094611493166884,0.46117469994938964,15.353922117540755,0,0.05220883534136546,False,False,False,231,0,0.0,25.458339999999982,0.6863651875525949,0.25826592735916254,0.0,0.0
VCB,BAD,UCB_WITHOUT_VAE_UNCERTAINTY,UCB-VAE without VAE uncertainty,43,22,train,0.12173667712083987,0.05,1.0,49434,1516.6813300000022,151.6681330000002,10.806943161952942,13.82083239943892,0.6732043726944928,15.709299319871084,1,0.06497552291944815,False,False,False,1737,0,0.0,87.76867000000004,0.3688233056843886,0.19560418270021002,0.0,0.0
VCB,BAD,UCB_WITHOUT_VAE_UNCERTAINTY,UCB-VAE without VAE uncertainty,43,22,test,0.12173667712083987,0.05,1.0,49434,199.46165000000042,19.94616500000004,9.554142948138367,18.272683377105565,0.485610100242099,15.662754829943113,0,0.05421686746987952,False,False,False,230,0,0.0,25.438349999999986,0.6894658766956462,0.25726379199798804,0.0,0.0
VCB,BAD,UCB_WITHOUT_VAE_UNCERTAINTY,UCB-VAE without VAE uncertainty,43,23,train,0.11012098398984942,0.05,1.0,51681,1538.5099900000027,153.8509990000003,10.913394844054448,13.880642125813852,0.6778742899163509,15.578405406260298,2,0.08366711170449488,False,False,False,1747,0,0.0,88.15001000000012,0.3689557325166488,0.1946319574925387,0.0,0.0
VCB,BAD,UCB_WITHOUT_VAE_UNCERTAINTY,UCB-VAE without VAE uncertainty,43,23,test,0.11012098398984942,0.05,1.0,51681,183.3629699999999,18.33629699999999,8.813939439531682,18.32517400882176,0.4474768692886132,15.4728340558384,0,0.05622489959839357,False,False,False,230,0,0.0,25.857029999999984,0.6912193596764624,0.2562603995233894,0.0,0.0
VCB,BAD,UCB_WITHOUT_VAE_UNCERTAINTY,UCB-VAE without VAE uncertainty,43,24,train,0.1,0.05,1.0,53928,1367.7316500000047,136.77316500000046,10.057840166790433,13.963089866196146,0.6187553068820476,15.654728431280041,1,0.06987093902981753,False,False,False,1715,0,0.0,87.45835000000011,0.371056591446757,0.19452304248318814,0.0,0.0
VCB,BAD,UCB_WITHOUT_VAE_UNCERTAINTY,UCB-VAE without VAE uncertainty,43,24,test,0.1,0.05,1.0,53928,186.9920199999999,18.69920199999999,8.981235962261147,18.278344910072743,0.45662985700194153,15.4728340558384,0,0.05622489959839357,False,False,False,230,0,0.0,25.857979999999987,0.6904636096293539,0.2551408543524493,0.0,0.0
VCB,BAD,UCB_WITHOUT_VAE_UNCERTAINTY,UCB-VAE without VAE uncertainty,43,25,train,0.1,0.05,1.0,56175,1417.7294200000047,141.77294200000046,10.31384791136225,14.042617342689162,0.6327231206773368,16.586271697590046,1,0.06453048509123276,False,False,False,1717,0,0.0,88.4205800000001,0.37360134664092126,0.19381270759739397,0.0,0.0
VCB,BAD,UCB_WITHOUT_VAE_UNCERTAINTY,UCB-VAE without VAE uncertainty,43,25,test,0.1,0.05,1.0,56175,185.29094999999984,18.529094999999984,8.902849673042379,18.319511389554446,0.4520529277346719,15.686515573776868,0,0.05622489959839357,False,False,False,228,0,0.0,25.58904999999999,0.6914150971277161,0.2542929868382144,0.0,0.0
VCB,BAD,UCB_WITHOUT_VAE_UNCERTAINTY,UCB-VAE without VAE uncertainty,43,26,train,0.1,0.05,1.0,58422,1351.4592900000043,135.14592900000045,9.97348259802715,14.120046253924079,0.6079559627433567,16.76411065781646,1,0.056074766355140186,False,False,False,1712,0,0.0,87.7407100000001,0.37520637098234405,0.19263183442079124,0.0,0.0
VCB,BAD,UCB_WITHOUT_VAE_UNCERTAINTY,UCB-VAE without VAE uncertainty,43,26,test,0.1,0.05,1.0,58422,191.43420999999967,19.143420999999964,9.185671099550152,18.49519665192661,0.4636424496162373,16.015303323979012,1,0.05622489959839357,False,False,False,230,0,0.0,25.395789999999984,0.6918959903924068,0.25343418743715707,0.0,0.0
VCB,BAD,UCB_WITHOUT_VAE_UNCERTAINTY,UCB-VAE without VAE uncertainty,43,27,train,0.1,0.05,1.0,60669,1320.6613700000034,132.06613700000034,9.812392747450605,14.014411953319536,0.6009231298365539,16.795201101424656,1,0.0529595015576324,False,False,False,1720,0,0.0,89.55863000000002,0.376441970149678,0.1915354897804031,0.0,0.0
VCB,BAD,UCB_WITHOUT_VAE_UNCERTAINTY,UCB-VAE without VAE uncertainty,43,27,test,0.1,0.05,1.0,60669,181.25473999999963,18.125473999999965,8.71663418622266,18.46091431048633,0.4406481433795614,15.94326173039665,1,0.0823293172690763,False,False,False,227,0,0.0,25.265259999999984,0.6941733051897803,0.2521836928963422,0.0,0.0
VCB,BAD,UCB_WITHOUT_VAE_UNCERTAINTY,UCB-VAE without VAE uncertainty,43,28,train,0.1,0.05,1.0,62916,1342.5899300000056,134.25899300000054,9.927284217820187,14.196185692439064,0.6024509325737895,17.13271751387324,1,0.05651980418335559,False,False,False,1727,0,0.0,89.99007,0.3802399415074234,0.19058016609710537,0.0,0.0
VCB,BAD,UCB_WITHOUT_VAE_UNCERTAINTY,UCB-VAE without VAE uncertainty,43,28,test,0.1,0.05,1.0,62916,181.25473999999963,18.125473999999965,8.71663418622266,18.46091431048633,0.4406481433795614,15.94326173039665,1,0.0823293172690763,False,False,False,227,0,0.0,25.265259999999984,0.6941733051897803,0.25129612650438005,0.0,0.0
VCB,BAD,UCB_WITHOUT_VAE_UNCERTAINTY,UCB-VAE without VAE uncertainty,43,29,train,0.1,0.05,1.0,65163,1300.9882800000064,130.09882800000062,9.708494349979912,14.320268387369635,0.5844244129814417,19.066287454357827,1,0.07432131731197152,False,False,False,1717,0,0.0,89.68171999999998,0.3826998017200861,0.18979545147500146,0.0,0.0
VCB,BAD,UCB_WITHOUT_VAE_UNCERTAINTY,UCB-VAE without VAE uncertainty,43,29,test,0.1,0.05,1.0,65163,176.99243999999976,17.699243999999975,8.519643251215815,18.391820124536746,0.4316718938157033,15.94326173039665,1,0.0823293172690763,False,False,False,225,0,0.0,25.09755999999999,0.6876783203790237,0.2506055396843148,0.0,0.0
VCB,BAD,UCB_WITHOUT_VAE_UNCERTAINTY,UCB-VAE without VAE uncertainty,43,30,train,0.1,0.05,1.0,67410,1394.503470000005,139.4503470000005,10.19551322555252,14.34736344699698,0.6147583034904934,16.734021887443895,1,0.06319537160658656,False,False,False,1742,0,0.0,90.97653000000011,0.3882656421134443,0.1886461602650752,0.0,0.0
VCB,BAD,UCB_WITHOUT_VAE_UNCERTAINTY,UCB-VAE without VAE uncertainty,43,30,test,0.1,0.05,1.0,67410,183.3044699999998,18.33044699999998,8.811240540616039,18.91348998881039,0.4392379656189357,16.570072171094317,1,0.05622489959839357,False,False,False,229,0,0.0,25.565529999999995,0.7050212334689151,0.24941537630964952,0.0,0.0
VCB,BAD,UCB_WITHOUT_VAE_UNCERTAINTY,UCB-VAE without VAE uncertainty,43,31,train,0.1,0.05,1.0,69657,1399.6348000000057,139.96348000000057,10.22174453672189,14.5702244190025,0.6092116230794246,16.748794800733226,2,0.07521139296840232,False,False,False,1749,0,0.0,91.50520000000006,0.39328130580372955,0.18768812843665156,0.0,0.0
VCB,BAD,UCB_WITHOUT_VAE_UNCERTAINTY,UCB-VAE without VAE uncertainty,43,31,test,0.1,0.05,1.0,69657,184.62446999999952,18.46244699999995,8.872122606868317,18.79331838515573,0.443833883290429,15.94326173039665,1,0.05622489959839357,False,False,False,229,0,0.0,25.565529999999995,0.7032877658320297,0.2486864792025951,0.0,0.0
VCB,BAD,UCB_WITHOUT_VAE_UNCERTAINTY,UCB-VAE without VAE uncertainty,43,32,train,0.1,0.05,1.0,71904,1394.7904600000065,139.47904600000066,10.196981634172065,14.619281932441735,0.6061027621820948,16.986536468649614,2,0.07387627948375612,False,False,False,1753,0,0.0,91.52954000000005,0.3948309268717427,0.1868479357535806,0.0,0.0
VCB,BAD,UCB_WITHOUT_VAE_UNCERTAINTY,UCB-VAE without VAE uncertainty,43,32,test,0.1,0.05,1.0,71904,156.3001799999995,15.630017999999952,7.558216165660947,18.466302176794112,0.38201981856230827,15.187496775117893,0,0.08433734939759036,False,False,False,223,0,0.0,24.809819999999984,0.6917298569513378,0.24834526539686694,0.0,0.0
VCB,BAD,UCB_WITHOUT_VAE_UNCERTAINTY,UCB-VAE without VAE uncertainty,43,33,train,0.1,0.05,1.0,74151,1397.2739500000062,139.72739500000063,10.209682092057104,14.842503589829706,0.5999719247971318,17.012775631473612,2,0.07476635514018691,False,False,False,1751,0,0.0,92.19605000000006,0.40003545708487354,0.18580229116191746,0.0,0.0
VCB,BAD,UCB_WITHOUT_VAE_UNCERTAINTY,UCB-VAE without VAE uncertainty,43,33,test,0.1,0.05,1.0,74151,179.52434999999923,17.952434999999923,8.636703440687409,18.679771488997442,0.433645576087062,15.187496775117893,0,0.05823293172690763,False,False,False,223,0,0.0,24.985649999999993,0.7046428697141968,0.24672064437983504,0.0,0.0
VCB,BAD,UCB_WITHOUT_VAE_UNCERTAINTY,UCB-VAE without VAE uncertainty,43,34,train,0.1,0.05,1.0,76398,1433.7589600000047,143.37589600000047,10.394929468506087,14.760206124255774,0.6139736437733001,17.646367185423426,2,0.07654650645304852,False,False,False,1751,0,0.0,92.11104000000006,0.39844679918200665,0.1851182558590776,0.0,0.0
VCB,BAD,UCB_WITHOUT_VAE_UNCERTAINTY,UCB-VAE without VAE uncertainty,43,34,test,0.1,0.05,1.0,76398,172.9157599999994,17.291575999999942,8.330898271786635,18.469682713700035,0.42109517324492335,15.187496775117893,0,0.05823293172690763,False,False,False,223,0,0.0,25.134239999999988,0.6940164250208606,0.24614485595599714,0.0,0.0
VCB,BAD,UCB_WITHOUT_VAE_UNCERTAINTY,UCB-VAE without VAE uncertainty,43,35,train,0.1,0.05,1.0,78645,1432.4138500000035,143.24138500000038,10.388143827029728,14.659942426162223,0.6167362093001585,17.412423703428882,2,0.07387627948375612,False,False,False,1751,0,0.0,92.17615000000012,0.39732922930585923,0.18416658455185164,0.0,0.0
VCB,BAD,UCB_WITHOUT_VAE_UNCERTAINTY,UCB-VAE without VAE uncertainty,43,35,test,0.1,0.05,1.0,78645,182.31263999999965,18.231263999999964,8.765472316318878,18.73545405307884,0.4393668439290953,16.1665095727733,1,0.05823293172690763,False,False,False,225,0,0.0,25.707359999999994,0.7065983268001548,0.2444841131328579,0.0,0.0
VCB,BAD,UCB_WITHOUT_VAE_UNCERTAINTY,UCB-VAE without VAE uncertainty,43,36,train,0.1,0.05,1.0,80892,1475.9732900000063,147.59732900000063,10.606211239343398,14.88642490966522,0.6229638013926011,17.88338814641649,2,0.06809078771695594,False,False,False,1770,0,0.0,93.15671,0.4068083366287645,0.18342238837048166,0.0,0.0
VCB,BAD,UCB_WITHOUT_VAE_UNCERTAINTY,UCB-VAE without VAE uncertainty,43,36,test,0.1,0.05,1.0,80892,145.4544499999995,14.54544499999995,7.050864479912011,18.83998685084422,0.35285796500354744,16.791994575472277,1,0.05823293172690763,False,False,False,222,0,0.0,25.165549999999996,0.7105112173740457,0.24359301322076216,0.0,0.0
VCB,BAD,UCB_WITHOUT_VAE_UNCERTAINTY,UCB-VAE without VAE uncertainty,43,37,train,0.1,0.05,1.0,83139,1437.9849400000048,143.7984940000005,10.416226494302272,15.11222980986503,0.6044267350724752,17.053550378441976,2,0.06275033377837116,False,False,False,1780,0,0.0,93.94506,0.4112021289486373,0.1814899134487378,0.0,0.0
VCB,BAD,UCB_WITHOUT_VAE_UNCERTAINTY,UCB-VAE without VAE uncertainty,43,37,test,0.1,0.05,1.0,83139,144.05472999999938,14.405472999999938,6.985212980718569,18.844539480689466,0.34953394323845177,16.791994575472277,1,0.05823293172690763,False,False,False,222,0,0.0,25.165269999999996,0.7103525976394457,0.24280891657234674,0.0,0.0
VCB,BAD,UCB_WITHOUT_VAE_UNCERTAINTY,UCB-VAE without VAE uncertainty,43,38,train,0.1,0.05,1.0,85386,1470.710780000005,147.0710780000005,10.580047975780849,15.18422662505624,0.612100345942707,18.01880793718596,2,0.06764574988874054,False,False,False,1782,0,0.0,94.55922000000004,0.4144751776323902,0.1808241761534491,0.0,0.0
VCB,BAD,UCB_WITHOUT_VAE_UNCERTAINTY,UCB-VAE without VAE uncertainty,43,38,test,0.1,0.05,1.0,85386,144.05472999999938,14.405472999999938,6.985212980718569,18.844539480689466,0.34953394323845177,16.791994575472277,1,0.05823293172690763,False,False,False,222,0,0.0,25.165269999999996,0.7103525976394457,0.24196807835176287,0.0,0.0
VCB,BAD,UCB_WITHOUT_VAE_UNCERTAINTY,UCB-VAE without VAE uncertainty,43,39,train,0.1,0.05,1.0,87633,1555.6844800000044,155.56844800000044,10.996579194135126,15.335908613538173,0.632277004103135,18.121573735998815,2,0.06052514463729417,False,False,False,1806,0,0.0,96.23551999999997,0.4195980832501595,0.18044988647216045,0.0,0.0
VCB,BAD,UCB_WITHOUT_VAE_UNCERTAINTY,UCB-VAE without VAE uncertainty,43,39,test,0.1,0.05,1.0,87633,144.05472999999938,14.405472999999938,6.985212980718569,18.844539480689466,0.34953394323845177,16.791994575472277,1,0.05823293172690763,False,False,False,222,0,0.0,25.165269999999996,0.7103525976394457,0.24124120849083705,0.0,0.0
VCB,BAD,UCB_WITHOUT_VAE_UNCERTAINTY,UCB-VAE without VAE uncertainty,43,40,train,0.1,0.05,1.0,89880,1483.891010000004,148.3891010000004,10.645482257716399,15.419178891381783,0.6089637141244634,20.58951611066426,2,0.05651980418335559,False,False,False,1798,0,0.0,95.47898999999998,0.4211580343032668,0.1798561238362543,0.0,0.0
VCB,BAD,UCB_WITHOUT_VAE_UNCERTAINTY,UCB-VAE without VAE uncertainty,43,40,test,0.1,0.05,1.0,89880,142.65500999999927,14.265500999999928,6.9195214458110055,18.849140654155832,0.34620712652583485,16.791994575472277,1,0.05823293172690763,False,False,False,222,0,0.0,25.16499,0.7101966821010973,0.24051901316606855,0.0,0.0
VCB,BAD,UCB_WITHOUT_VAE_UNCERTAINTY,UCB-VAE without VAE uncertainty,43,41,train,0.1,0.05,1.0,92127,1551.8855200000044,155.18855200000044,10.978221885962824,15.289316964801708,0.632695095014595,17.750403168290184,2,0.044058744993324434,False,False,False,1834,0,0.0,97.91447999999994,0.43260751880909715,0.17799014527173268,0.0,0.0
VCB,BAD,UCB_WITHOUT_VAE_UNCERTAINTY,UCB-VAE without VAE uncertainty,43,41,test,0.1,0.05,1.0,92127,145.86167999999952,14.586167999999953,7.069957406484617,18.840943456063723,0.3538021450440129,16.85593831910661,1,0.060240963855421686,False,False,False,219,0,0.0,24.80831999999999,0.709822006134818,0.23987565279366022,0.0,0.0
VCB,BAD,UCB_WITHOUT_VAE_UNCERTAINTY,UCB-VAE without VAE uncertainty,43,42,train,0.1,0.05,1.0,94374,1488.4377300000033,148.84377300000034,10.667983224839395,15.457684031072377,0.6091596223709241,18.974368948802418,2,0.051179350244770806,False,False,False,1808,0,0.0,97.03226999999994,0.4298661269488387,0.17780763262648236,0.0,0.0
VCB,BAD,UCB_WITHOUT_VAE_UNCERTAINTY,UCB-VAE without VAE uncertainty,43,42,test,0.1,0.05,1.0,94374,166.0503099999994,16.60503099999994,8.01229656046958,18.826488655617986,0.4008744150614163,16.85593831910661,1,0.06224899598393574,False,False,False,215,0,0.0,24.18968999999999,0.7086860526292007,0.23921868199086094,0.0,0.0
VCB,BAD,UCB_WITHOUT_VAE_UNCERTAINTY,UCB-VAE without VAE uncertainty,43,43,train,0.1,0.05,1.0,96621,1536.4734900000049,153.64734900000047,10.903497941990437,15.456267659406853,0.6231155350141468,18.653357808020047,2,0.04672897196261682,False,False,False,1834,0,0.0,98.32650999999997,0.4420611552458392,0.17637010379584567,0.0,0.0
VCB,BAD,UCB_WITHOUT_VAE_UNCERTAINTY,UCB-VAE without VAE uncertainty,43,43,test,0.1,0.05,1.0,96621,77.77762999999959,7.7777629999999585,3.8294219781881855,19.640807645143283,0.18944850475779018,21.235074892564395,0,0.06224899598393574,False,False,False,216,0,0.0,25.032369999999997,0.7793444280121219,0.23624332095066228,0.0,0.0
VCB,BAD,UCB_WITHOUT_VAE_UNCERTAINTY,UCB-VAE without VAE uncertainty,43,44,train,0.1,0.05,1.0,98868,1520.0019400000028,152.00019400000028,10.823189554764179,16.011151115022564,0.6023302897601679,20.612899531718863,2,0.04183355585224744,False,False,False,1828,0,0.0,99.0380599999999,0.44859104202913036,0.17574685687820116,0.0,0.0
VCB,BAD,UCB_WITHOUT_VAE_UNCERTAINTY,UCB-VAE without VAE uncertainty,43,44,test,0.1,0.05,1.0,98868,77.68533999999954,7.7685339999999545,3.824961165084706,19.78477538014187,0.18925812483529653,21.066463737520944,0,0.060240963855421686,False,False,False,217,0,0.0,25.194659999999992,0.7812464032733853,0.23553185618246894,0.0,0.0
VCB,BAD,UCB_WITHOUT_VAE_UNCERTAINTY,UCB-VAE without VAE uncertainty,43,45,train,0.1,0.05,1.0,101115,1460.2452800000046,146.02452800000046,10.52786983032885,16.190216914820997,0.5808365416574955,20.89517451963617,2,0.04672897196261682,False,False,False,1830,0,0.0,99.04471999999987,0.4549869035009795,0.17475338741261587,0.0,0.0
VCB,BAD,UCB_WITHOUT_VAE_UNCERTAINTY,UCB-VAE without VAE uncertainty,43,45,test,0.1,0.05,1.0,101115,86.03493999999955,8.603493999999955,4.227769486095911,19.541171956599513,0.2091393263868905,21.32145963260515,0,0.0642570281124498,False,False,False,212,0,0.0,24.165059999999993,0.7734740101218082,0.23499523947037845,0.0,0.0
VCB,BAD,UCB_WITHOUT_VAE_UNCERTAINTY,UCB-VAE without VAE uncertainty,44,1,train,1.0,1.0,1.0,2247,1876.636989999999,187.6636989999999,12.466233727876608,22.29926139528179,0.5533944008131864,37.72270561528024,17,0.0,False,False,False,2245,0,0.0,100.66300999999999,0.6996450507277853,0.2722790064841416,0.0,0.0
VCB,BAD,UCB_WITHOUT_VAE_UNCERTAINTY,UCB-VAE without VAE uncertainty,44,1,test,1.0,1.0,1.0,2247,178.20046000000025,17.820046000000026,8.57551041750022,20.65785719489145,0.4080875986591966,27.23119492214609,0,0.0,False,False,False,498,0,0.0,50.53954000000002,0.7910136146034397,0.379427341273032,0.0,0.0
VCB,BAD,UCB_WITHOUT_VAE_UNCERTAINTY,UCB-VAE without VAE uncertainty,44,2,train,0.9045834549972122,0.8,1.0,4494,1789.6228599999986,178.96228599999986,12.082797580693704,21.94269215449957,0.5430916512890441,37.66451416727482,17,0.0,False,False,False,2245,0,0.0,100.34713999999992,0.6877012933908445,0.2652162605051895,0.0,0.0
VCB,BAD,UCB_WITHOUT_VAE_UNCERTAINTY,UCB-VAE without VAE uncertainty,44,2,test,0.9045834549972122,0.8,1.0,4494,173.55238000000008,17.35523800000001,8.360394462336806,20.45529991142242,0.4003228791413046,27.23119492214609,0,0.0,False,False,False,498,0,0.0,50.40762000000007,0.779792277091984,0.37316248993796997,0.0,0.0
VCB,BAD,UCB_WITHOUT_VAE_UNCERTAINTY,UCB-VAE without VAE uncertainty,44,3,train,0.8182712270546932,0.6400000000000001,1.0,6741,1809.5623799999994,180.95623799999993,12.171592370005225,22.13751957126508,0.5438279927743919,37.45881369721762,19,0.0,False,False,False,2245,0,0.0,100.31761999999996,0.6879347611874372,0.26060294237238174,0.0,0.0
VCB,BAD,UCB_WITHOUT_VAE_UNCERTAINTY,UCB-VAE without VAE uncertainty,44,3,test,0.8182712270546932,0.6400000000000001,1.0,6741,191.64022000000068,19.16402200000007,9.195142714220793,20.572193529117065,0.4368845316639448,26.181817294185105,0,0.0,False,False,False,498,0,0.0,49.82978000000006,0.7782858059034314,0.368310220928556,0.0,0.0
VCB,BAD,UCB_WITHOUT_VAE_UNCERTAINTY,UCB-VAE without VAE uncertainty,44,4,train,0.7401946136939427,0.5120000000000001,1.0,8988,1743.2148499999994,174.32148499999994,11.873928558039992,21.885621161082508,0.5353372108802381,37.53748573093887,18,0.0,False,False,False,2245,0,0.0,100.99514999999998,0.6823329789634643,0.2537899684935185,0.0,0.0
VCB,BAD,UCB_WITHOUT_VAE_UNCERTAINTY,UCB-VAE without VAE uncertainty,44,4,test,0.7401946136939427,0.5120000000000001,1.0,8988,195.4715900000008,19.54715900000008,9.371147159811377,20.013513493836466,0.4514860815737279,21.137439861721333,0,0.0,False,False,False,498,0,0.0,50.00841000000003,0.767993386615482,0.36246230851215533,0.0,0.0
VCB,BAD,UCB_WITHOUT_VAE_UNCERTAINTY,UCB-VAE without VAE uncertainty,44,5,train,0.6695678010255933,0.4096000000000001,1.0,11235,1503.9568799999988,150.39568799999986,10.744510699319033,21.493945037736626,0.4935151857631106,37.36370844835064,17,0.0,False,False,False,2239,0,0.0,101.2431199999999,0.6699501388290952,0.24504089800116216,0.0,0.0
VCB,BAD,UCB_WITHOUT_VAE_UNCERTAINTY,UCB-VAE without VAE uncertainty,44,5,test,0.6695678010255933,0.4096000000000001,1.0,11235,174.17197000000033,17.417197000000034,8.389093955647242,19.906293364298808,0.40712667428459637,21.663975546850583,0,0.0,False,False,False,498,0,0.0,50.17803000000005,0.7610647410053881,0.3575667807435894,0.0,0.0
VCB,BAD,UCB_WITHOUT_VAE_UNCERTAINTY,UCB-VAE without VAE uncertainty,44,6,train,0.6056799548066172,0.3276800000000001,1.0,13482,1579.1742499999996,157.91742499999998,11.109550630861897,21.49002210923556,0.5090139306105376,37.14413739623126,18,0.0004450378282153983,False,False,False,2239,0,0.0,101.57574999999991,0.6697827169650686,0.24229022188084784,0.0,0.0
VCB,BAD,UCB_WITHOUT_VAE_UNCERTAINTY,UCB-VAE without VAE uncertainty,44,6,test,0.6056799548066172,0.3276800000000001,1.0,13482,158.86834000000044,15.886834000000045,7.678004301015973,20.000747625890373,0.37288026878757763,20.931168284832914,0,0.0,False,False,False,498,0,0.0,49.921660000000045,0.7680438232389918,0.3542667695556779,0.0,0.0
VCB,BAD,UCB_WITHOUT_VAE_UNCERTAINTY,UCB-VAE without VAE uncertainty,44,7,train,0.547888066141525,0.2621440000000001,1.0,15729,1559.4675900000002,155.94675900000001,11.014835825798897,21.384850084641034,0.5064517787797616,37.70872527332302,19,0.0,False,False,False,2239,0,0.0,101.53240999999986,0.6644186029395301,0.23845256178655994,0.0,0.0
VCB,BAD,UCB_WITHOUT_VAE_UNCERTAINTY,UCB-VAE without VAE uncertainty,44,7,test,0.547888066141525,0.2621440000000001,1.0,15729,215.53674000000046,21.553674000000047,10.28833863726799,19.892451385653732,0.4952924545045703,20.931168284832914,0,0.0,False,False,False,498,0,0.0,50.123260000000045,0.7619044563423701,0.35027985663777855,0.0,0.0
VCB,BAD,UCB_WITHOUT_VAE_UNCERTAINTY,UCB-VAE without VAE uncertainty,44,8,train,0.49561047982204176,0.20971520000000007,1.0,17976,1464.4546199999995,146.44546199999994,10.548880130743354,21.255410920214572,0.4882716877140885,37.26586532425271,19,0.0,False,False,False,2239,0,0.0,102.61537999999983,0.6581568064377247,0.23479875667218797,0.0,0.0
VCB,BAD,UCB_WITHOUT_VAE_UNCERTAINTY,UCB-VAE without VAE uncertainty,44,8,test,0.49561047982204176,0.20971520000000007,1.0,17976,211.55645000000004,21.155645000000003,10.107000226287589,19.82013410261283,0.48797092724883134,20.931168284832914,0,0.0,False,False,False,498,0,0.0,49.79355,0.760948010009629,0.3472489222405426,0.0,0.0
VCB,BAD,UCB_WITHOUT_VAE_UNCERTAINTY,UCB-VAE without VAE uncertainty,44,9,train,0.4483210401702486,0.1677721600000001,1.0,20223,1417.8197999999998,141.78197999999998,10.314306414499264,21.196992234017387,0.4789329572745875,37.372179292879984,18,0.0,False,False,False,2238,0,0.0,102.13019999999992,0.6579765356839385,0.23190343769745503,0.0,0.0
VCB,BAD,UCB_WITHOUT_VAE_UNCERTAINTY,UCB-VAE without VAE uncertainty,44,9,test,0.4483210401702486,0.1677721600000001,1.0,20223,202.6850800000002,20.268508000000022,9.701757455522086,20.02268903713682,0.4665159392449114,20.75473607810262,0,0.0,False,False,False,498,0,0.0,49.79492000000003,0.7688996993989969,0.3451322253090311,0.0,0.0
VCB,BAD,UCB_WITHOUT_VAE_UNCERTAINTY,UCB-VAE without VAE uncertainty,44,10,train,0.4055437954651474,0.13421772800000006,1.0,22470,1438.6366900000003,143.86366900000002,10.41950809838017,20.901977614167304,0.48730100863727654,37.07445026623575,16,0.0,False,False,False,2237,0,0.0,103.09331000000002,0.6477407547013055,0.22874115152482621,0.0,0.0
VCB,BAD,UCB_WITHOUT_VAE_UNCERTAINTY,UCB-VAE without VAE uncertainty,44,10,test,0.4055437954651474,0.13421772800000006,1.0,22470,209.11760000000072,20.911760000000072,9.995741730569385,19.844897282817527,0.4825055581326666,20.83857539761014,0,0.0,False,False,False,498,0,0.0,49.88240000000003,0.7650260614853793,0.343089684784173,0.0,0.0
VCB,BAD,UCB_WITHOUT_VAE_UNCERTAINTY,UCB-VAE without VAE uncertainty,44,11,train,0.3668482076545458,0.10737418240000006,1.0,24717,1447.4085299999988,144.74085299999987,10.463599208558861,20.46435159565824,0.4952850427817304,37.362978248366964,16,0.0004450378282153983,False,False,False,2236,0,0.0,103.15146999999996,0.6294940541225769,0.22200066642524882,0.0,0.0
VCB,BAD,UCB_WITHOUT_VAE_UNCERTAINTY,UCB-VAE without VAE uncertainty,44,11,test,0.3668482076545458,0.10737418240000006,1.0,24717,222.45126000000073,22.245126000000074,10.602655876066214,19.628277392782167,0.513942352255832,19.11841434277428,0,0.0,False,False,False,498,0,0.0,50.08874000000004,0.7589563644993439,0.34101121112644434,0.0,0.0
VCB,BAD,UCB_WITHOUT_VAE_UNCERTAINTY,UCB-VAE without VAE uncertainty,44,12,train,0.3318448191396838,0.08589934592000005,1.0,26964,1372.2868499999995,137.22868499999996,10.081362466808685,20.445691016674783,0.478463602372185,37.89403116222492,16,0.0,False,False,False,2235,0,0.0,103.61314999999988,0.6270600219371456,0.22024350577545102,0.0,0.0
VCB,BAD,UCB_WITHOUT_VAE_UNCERTAINTY,UCB-VAE without VAE uncertainty,44,12,test,0.3318448191396838,0.08589934592000005,1.0,26964,287.29495000000065,28.729495000000068,13.508230549622358,19.79527063870817,0.6434169542868294,16.950778682634663,0,0.0,False,False,False,498,0,0.0,49.89505000000003,0.762134593946797,0.3392276349795391,0.0,0.0
VCB,BAD,UCB_WITHOUT_VAE_UNCERTAINTY,UCB-VAE without VAE uncertainty,44,13,train,0.3001813330203001,0.06871947673600004,1.0,29211,1409.8856500000002,140.98856500000002,10.273997847310866,20.262272695168566,0.4896371491567058,37.18735625215373,15,0.0004450378282153983,False,False,False,2236,0,0.0,103.77434999999984,0.6240882375776068,0.2183649590248047,0.0,0.0
VCB,BAD,UCB_WITHOUT_VAE_UNCERTAINTY,UCB-VAE without VAE uncertainty,44,13,test,0.3001813330203001,0.06871947673600004,1.0,29211,286.17923000000064,28.61792300000006,13.458861227800266,19.761710676266713,0.6419653338821604,16.950778682634663,0,0.0,False,False,False,498,0,0.0,50.01077000000004,0.7617281981163322,0.33759550217643797,0.0,0.0
VCB,BAD,UCB_WITHOUT_VAE_UNCERTAINTY,UCB-VAE without VAE uncertainty,44,14,train,0.27153906734917177,0.054975581388800036,1.0,31458,1367.7252900000008,136.77252900000008,10.05780729669301,20.19258765584272,0.4808420900641175,37.76551337727028,14,0.0,False,False,False,2235,0,0.0,104.49470999999986,0.6213592490243098,0.21658913350842718,0.0,0.0
VCB,BAD,UCB_WITHOUT_VAE_UNCERTAINTY,UCB-VAE without VAE uncertainty,44,14,test,0.27153906734917177,0.054975581388800036,1.0,31458,163.79716000000053,16.37971600000005,7.907532073886148,19.87880472720393,0.3848261789743007,22.021110822599514,0,0.0,False,False,False,498,0,0.0,50.95284000000002,0.7599528240302182,0.3361282725650144,0.0,0.0
VCB,BAD,UCB_WITHOUT_VAE_UNCERTAINTY,UCB-VAE without VAE uncertainty,44,15,train,0.24562974770943447,0.05,1.0,33705,1399.2940999999992,139.92940999999993,10.220004427464513,20.000638428810383,0.49091680780229796,36.55386953228167,13,0.0,False,False,False,2235,0,0.0,104.82589999999989,0.6160706306499001,0.2154092471375166,0.0,0.0
VCB,BAD,UCB_WITHOUT_VAE_UNCERTAINTY,UCB-VAE without VAE uncertainty,44,15,test,0.24562974770943447,0.05,1.0,33705,132.78826000000095,13.278826000000093,6.455313902902016,19.925687840114307,0.31591296748231834,22.021110822599514,1,0.0,False,False,False,498,0,0.0,50.981740000000045,0.758451802978281,0.33491618437580317,0.0,0.0
VCB,BAD,UCB_WITHOUT_VAE_UNCERTAINTY,UCB-VAE without VAE uncertainty,44,16,train,0.2221926058330938,0.05,1.0,35952,1534.936819999999,153.49368199999992,10.896025417692258,19.995473504953043,0.5218071862672122,36.08603075550465,13,0.0,False,False,False,2234,0,0.0,105.02317999999987,0.611877599211039,0.21527357058103053,0.0,0.0
VCB,BAD,UCB_WITHOUT_VAE_UNCERTAINTY,UCB-VAE without VAE uncertainty,44,16,test,0.2221926058330938,0.05,1.0,35952,209.22332000000074,20.922332000000075,10.000566914460318,19.725100584571784,0.4844911494742545,20.584684447222102,0,0.0,False,False,False,498,0,0.0,50.876680000000036,0.7562127715965691,0.33371417071804943,0.0,0.0
VCB,BAD,UCB_WITHOUT_VAE_UNCERTAINTY,UCB-VAE without VAE uncertainty,44,17,train,0.20099175505933367,0.05,1.0,38199,1401.1718499999988,140.11718499999986,10.229592218458873,19.495881715003087,0.49895564384087854,36.02377468057836,13,0.0,False,False,False,2233,0,0.0,105.18814999999987,0.5996283258880083,0.20912946417138584,0.0,0.0
VCB,BAD,UCB_WITHOUT_VAE_UNCERTAINTY,UCB-VAE without VAE uncertainty,44,17,test,0.20099175505933367,0.05,1.0,38199,214.32355000000075,21.432355000000076,10.233098187742073,19.588714379909796,0.4973647189073468,19.784975727178807,0,0.0,False,False,False,498,0,0.0,50.886450000000046,0.7537419482174342,0.33248836966044454,0.0,0.0
VCB,BAD,UCB_WITHOUT_VAE_UNCERTAINTY,UCB-VAE without VAE uncertainty,44,18,train,0.18181381621752543,0.05,1.0,40446,1342.6053899999993,134.26053899999994,9.927364880434396,19.327859032173393,0.48727697499812705,36.04815483711896,13,0.0004450378282153983,False,False,False,2233,0,0.0,105.2046099999999,0.5920565956748494,0.2076750550026171,0.0,0.0
VCB,BAD,UCB_WITHOUT_VAE_UNCERTAINTY,UCB-VAE without VAE uncertainty,44,18,test,0.18181381621752543,0.05,1.0,40446,190.85103000000026,19.085103000000025,9.158854110157378,19.809929772606484,0.4442275264178647,19.784975727178807,1,0.0,False,False,False,498,0,0.0,51.25897000000006,0.7630171555393457,0.33209032831661195,0.0,0.0
VCB,BAD,UCB_WITHOUT_VAE_UNCERTAINTY,UCB-VAE without VAE uncertainty,44,19,train,0.16446577004027732,0.05,1.0,42693,1401.681459999998,140.1681459999998,10.232193137244439,19.72693506155203,0.4955331088307261,36.05585678730785,14,0.0,False,False,False,2236,0,0.0,105.88853999999992,0.6013528536353849,0.20891422775715365,0.0,0.0
VCB,BAD,UCB_WITHOUT_VAE_UNCERTAINTY,UCB-VAE without VAE uncertainty,44,19,test,0.16446577004027732,0.05,1.0,42693,228.7460500000011,22.874605000000113,10.888032244449985,19.418471514015636,0.530804025966631,19.345785670624974,0,0.0,False,False,False,498,0,0.0,51.313950000000034,0.7482488513385539,0.3297373258983754,0.0,0.0
VCB,BAD,UCB_WITHOUT_VAE_UNCERTAINTY,UCB-VAE without VAE uncertainty,44,20,train,0.14877301449181102,0.05,1.0,44940,1357.1845999999982,135.71845999999982,10.003222183755177,19.464165121083557,0.48880715817213855,36.071729928190905,12,0.0,False,False,False,2232,0,0.0,106.4453999999999,0.5922199615407009,0.20629678558165304,0.0,0.0
VCB,BAD,UCB_WITHOUT_VAE_UNCERTAINTY,UCB-VAE without VAE uncertainty,44,20,test,0.14877301449181102,0.05,1.0,44940,185.08655999999996,18.508655999999995,8.893427492453455,19.758394343482458,0.43234845778017245,20.48358557850369,0,0.0,False,False,False,498,0,0.0,51.89344000000006,0.7581539621682658,0.328889617838534,0.0,0.0
VCB,BAD,UCB_WITHOUT_VAE_UNCERTAINTY,UCB-VAE without VAE uncertainty,44,21,train,0.13457760745935274,0.05,1.0,47187,1277.6773699999985,127.76773699999985,9.584356754951507,19.21714931434617,0.47257218832052345,35.78240485603766,13,0.0,False,False,False,2233,0,0.0,107.08262999999985,0.585022993403259,0.20151839065263946,0.0,0.0
VCB,BAD,UCB_WITHOUT_VAE_UNCERTAINTY,UCB-VAE without VAE uncertainty,44,21,test,0.13457760745935274,0.05,1.0,47187,176.12659000000008,17.612659000000008,8.479582802445451,19.67401034071435,0.4138376278625755,20.48358557850369,0,0.0,False,False,False,498,0,0.0,52.00341000000006,0.7562870709411323,0.3277033795434308,0.0,0.0
VCB,BAD,UCB_WITHOUT_VAE_UNCERTAINTY,UCB-VAE without VAE uncertainty,44,22,train,0.12173667712083987,0.05,1.0,49434,1185.6961999999971,118.5696199999997,9.083243704502685,19.09752816220998,0.4501541396579164,36.42430882010084,13,0.0,False,False,False,2233,0,0.0,107.60379999999995,0.5812861043625618,0.19987744856567768,0.0,0.0
VCB,BAD,UCB_WITHOUT_VAE_UNCERTAINTY,UCB-VAE without VAE uncertainty,44,22,test,0.12173667712083987,0.05,1.0,49434,189.76681000000053,18.976681000000053,9.108979864876066,19.554720003522007,0.4449743124417288,21.306237869419423,0,0.0,False,False,False,498,0,0.0,52.19319000000006,0.7582854016227998,0.3261544818440116,0.0,0.0
VCB,BAD,UCB_WITHOUT_VAE_UNCERTAINTY,UCB-VAE without VAE uncertainty,44,23,train,0.11012098398984942,0.05,1.0,51681,1219.810109999998,121.98101099999981,9.271245163697351,19.13951477042637,0.45864027130265766,36.491949801030984,13,0.0004450378282153983,False,False,False,2234,0,0.0,108.81988999999994,0.5791121668954005,0.1985895564215126,0.0,0.0
VCB,BAD,UCB_WITHOUT_VAE_UNCERTAINTY,UCB-VAE without VAE uncertainty,44,23,test,0.11012098398984942,0.05,1.0,51681,203.37682000000086,20.337682000000086,9.733409456977116,19.57985054335657,0.4741186731192323,19.064625364780973,0,0.0,False,False,False,498,0,0.0,51.63318000000008,0.7393073198663269,0.32437404349865206,0.0,0.0
VCB,BAD,UCB_WITHOUT_VAE_UNCERTAINTY,UCB-VAE without VAE uncertainty,44,24,train,0.1,0.05,1.0,53928,1191.807069999998,119.18070699999981,9.117111517119536,18.97602275161954,0.4534692642656463,36.51624828224686,12,0.0,False,False,False,2234,0,0.0,109.23293000000001,0.5746046563094109,0.19780982131719535,0.0,0.0
VCB,BAD,UCB_WITHOUT_VAE_UNCERTAINTY,UCB-VAE without VAE uncertainty,44,24,test,0.1,0.05,1.0,53928,131.57619000000068,13.157619000000068,6.398150118460388,19.804020984246854,0.3138100323098346,23.461557858698228,1,0.0,False,False,False,498,0,0.0,51.72381000000004,0.7542887094083202,0.32346721442348986,0.0,0.0
VCB,BAD,UCB_WITHOUT_VAE_UNCERTAINTY,UCB-VAE without VAE uncertainty,44,25,train,0.1,0.05,1.0,56175,1178.2418299999972,117.82418299999972,9.04181577761285,18.857420116866695,0.45142069880384705,36.64511545664886,13,0.0,False,False,False,2234,0,0.0,110.03816999999997,0.5562852818516247,0.19093487460313768,0.0,0.0
VCB,BAD,UCB_WITHOUT_VAE_UNCERTAINTY,UCB-VAE without VAE uncertainty,44,25,test,0.1,0.05,1.0,56175,136.16690000000017,13.616690000000018,6.614497022704957,19.48786458276615,0.3261700792207129,22.61647809212848,0,0.0,False,False,False,498,0,0.0,52.08310000000004,0.7477099501763631,0.32172081822970783,0.0,0.0
VCB,BAD,UCB_WITHOUT_VAE_UNCERTAINTY,UCB-VAE without VAE uncertainty,44,26,train,0.1,0.05,1.0,58422,1107.6904699999977,110.76904699999976,8.643357795886342,18.648690057974925,0.43458840108760793,36.44594793053436,13,0.0004450378282153983,False,False,False,2235,0,0.0,110.22952999999997,0.5512349229394811,0.18943718202249654,0.0,0.0
VCB,BAD,UCB_WITHOUT_VAE_UNCERTAINTY,UCB-VAE without VAE uncertainty,44,26,test,0.1,0.05,1.0,58422,132.0235399999999,13.20235399999999,6.419251641112567,19.39132368751777,0.31730677541770297,21.404927572810543,0,0.0,False,False,False,498,0,0.0,52.086460000000024,0.7441549789491602,0.32025963109899236,0.0,0.0
VCB,BAD,UCB_WITHOUT_VAE_UNCERTAINTY,UCB-VAE without VAE uncertainty,44,27,train,0.1,0.05,1.0,60669,1104.9251899999977,110.49251899999976,8.627499969239194,18.541194060723296,0.435200898613891,34.5464439934015,12,0.0,False,False,False,2237,0,0.0,110.71480999999999,0.5608170163311146,0.19330298445180463,0.0,0.0
VCB,BAD,UCB_WITHOUT_VAE_UNCERTAINTY,UCB-VAE without VAE uncertainty,44,27,test,0.1,0.05,1.0,60669,123.35128000000032,12.335128000000031,6.009437275604967,19.413007510904862,0.29712539431061613,21.582483236901922,0,0.0,False,False,False,498,0,0.0,51.85872000000001,0.7439617537712271,0.3189981222511774,0.0,0.0
VCB,BAD,UCB_WITHOUT_VAE_UNCERTAINTY,UCB-VAE without VAE uncertainty,44,28,train,0.1,0.05,1.0,62916,1013.2114099999981,101.3211409999998,8.090770858088202,18.362459609004095,0.4104325835135761,34.003852290519454,11,0.0,False,False,False,2232,0,0.0,111.45859000000006,0.5439444120801988,0.18639803015965592,0.0,0.0
VCB,BAD,UCB_WITHOUT_VAE_UNCERTAINTY,UCB-VAE without VAE uncertainty,44,28,test,0.1,0.05,1.0,62916,152.42608000000064,15.242608000000063,7.3772632252189885,19.30231318353307,0.36469225566414865,20.917689292931723,0,0.0,False,False,False,498,0,0.0,52.20392000000002,0.7370093406869929,0.3172700826123536,0.0,0.0
VCB,BAD,UCB_WITHOUT_VAE_UNCERTAINTY,UCB-VAE without VAE uncertainty,44,29,train,0.1,0.05,1.0,65163,964.7811999999969,96.47811999999969,7.798517494177126,18.26729658914605,0.396662340220066,34.56929351537467,13,0.0,False,False,False,2231,0,0.0,110.91880000000005,0.5422087674175523,0.18450261448880118,0.0,0.0
VCB,BAD,UCB_WITHOUT_VAE_UNCERTAINTY,UCB-VAE without VAE uncertainty,44,29,test,0.1,0.05,1.0,65163,131.3525000000002,13.135250000000017,6.387597090664698,18.93293919674168,0.31874276452962313,20.31183447242456,0,0.0,False,False,False,498,0,0.0,52.44750000000006,0.7282963641662953,0.31614264621433,0.0,0.0
VCB,BAD,UCB_WITHOUT_VAE_UNCERTAINTY,UCB-VAE without VAE uncertainty,44,30,train,0.1,0.05,1.0,67410,992.339719999997,99.23397199999971,7.965594839179269,18.3153792237425,0.4046215882608222,33.924450635277566,12,0.0004450378282153983,False,False,False,2231,0,0.0,111.49028000000006,0.5427093808270508,0.1841313788873729,0.0,0.0
VCB,BAD,UCB_WITHOUT_VAE_UNCERTAINTY,UCB-VAE without VAE uncertainty,44,30,test,0.1,0.05,1.0,67410,128.78090000000043,12.878090000000043,6.266201901838975,18.934383279816267,0.31265378831448576,20.171242899501742,0,0.0,False,False,False,498,0,0.0,52.389100000000035,0.7244903461715365,0.31466653386512433,0.0,0.0
VCB,BAD,UCB_WITHOUT_VAE_UNCERTAINTY,UCB-VAE without VAE uncertainty,44,31,train,0.1,0.05,1.0,69657,1055.447799999999,105.54477999999989,8.340590122783276,18.202291071983524,0.4252197627653256,34.109894636732015,12,0.0,False,False,False,2232,0,0.0,112.07220000000011,0.536273854895464,0.1831182393269853,0.0,0.0
VCB,BAD,UCB_WITHOUT_VAE_UNCERTAINTY,UCB-VAE without VAE uncertainty,44,31,test,0.1,0.05,1.0,69657,151.97711000000118,15.197711000000117,7.356272976711797,18.902982110728363,0.3673515148203798,21.68573769242776,0,0.0,False,False,False,498,0,0.0,52.04289000000003,0.7290989681012335,0.3134894719624136,0.0,0.0
VCB,BAD,UCB_WITHOUT_VAE_UNCERTAINTY,UCB-VAE without VAE uncertainty,44,32,train,0.1,0.05,1.0,71904,922.514679999998,92.25146799999979,7.538178816902974,17.79277301669109,0.38869588078287515,33.9125082641209,9,0.0,False,False,False,2235,0,0.0,112.15532000000003,0.532724086644324,0.18200452438740927,0.0,0.0
VCB,BAD,UCB_WITHOUT_VAE_UNCERTAINTY,UCB-VAE without VAE uncertainty,44,32,test,0.1,0.05,1.0,71904,127.28963999999951,12.728963999999952,6.1957422101987625,19.14617356425191,0.30784530161666507,22.68865266366416,0,0.0,False,False,False,498,0,0.0,52.260360000000034,0.7279897919499404,0.3124392562242876,0.0,0.0
VCB,BAD,UCB_WITHOUT_VAE_UNCERTAINTY,UCB-VAE without VAE uncertainty,44,33,train,0.1,0.05,1.0,74151,957.3203399999975,95.73203399999974,7.752926783416303,17.810223470288463,0.3998099066721161,33.66362699766497,10,0.0,False,False,False,2237,0,0.0,113.69966000000007,0.5308100143763923,0.18134794829717518,0.0,0.0
VCB,BAD,UCB_WITHOUT_VAE_UNCERTAINTY,UCB-VAE without VAE uncertainty,44,33,test,0.1,0.05,1.0,74151,132.96845999999982,13.29684599999998,6.463809913123164,18.919458681561395,0.3226819780395633,22.336321745993352,0,0.0,False,False,False,498,0,0.0,52.58154000000006,0.7234876810854813,0.31117982952949036,0.0,0.0
VCB,BAD,UCB_WITHOUT_VAE_UNCERTAINTY,UCB-VAE without VAE uncertainty,44,34,train,0.1,0.05,1.0,76398,1204.0203399999968,120.40203399999969,9.184549460906744,17.52672975728254,0.479249461094791,25.546226408896118,8,0.0004450378282153983,False,False,False,2232,0,0.0,115.48965999999997,0.5332804544063757,0.18074182317184775,0.0,0.0
VCB,BAD,UCB_WITHOUT_VAE_UNCERTAINTY,UCB-VAE without VAE uncertainty,44,34,test,0.1,0.05,1.0,76398,139.93438000000015,13.993438000000014,6.791722268141043,18.835043938704306,0.3397636641763571,21.89574684543601,0,0.0,False,False,False,498,0,0.0,52.615620000000064,0.730953868044031,0.31005655061528387,0.0,0.0
VCB,BAD,UCB_WITHOUT_VAE_UNCERTAINTY,UCB-VAE without VAE uncertainty,44,35,train,0.1,0.05,1.0,78645,1158.7838299999971,115.8783829999997,8.933080512991731,17.566264676361026,0.46534429645394876,25.969570919540818,9,0.0,False,False,False,2232,0,0.0,115.77616999999996,0.5283999481938209,0.1792271540072901,0.0,0.0
VCB,BAD,UCB_WITHOUT_VAE_UNCERTAINTY,UCB-VAE without VAE uncertainty,44,35,test,0.1,0.05,1.0,78645,156.20105000000035,15.620105000000034,7.5535897332104085,18.98556608001905,0.3763373584412104,21.551004717179325,0,0.0,False,False,False,498,0,0.0,52.73895000000006,0.7267678134448214,0.30886872310236274,0.0,0.0
VCB,BAD,UCB_WITHOUT_VAE_UNCERTAINTY,UCB-VAE without VAE uncertainty,44,36,train,0.1,0.05,1.0,80892,1178.8236499999966,117.88236499999967,9.045053793171043,17.676366234560454,0.46938333242824526,27.516809585847028,11,0.0004450378282153983,False,False,False,2234,0,0.0,116.09634999999984,0.5317676331796763,0.17820730225299536,0.0,0.0
VCB,BAD,UCB_WITHOUT_VAE_UNCERTAINTY,UCB-VAE without VAE uncertainty,44,36,test,0.1,0.05,1.0,80892,129.98849000000018,12.998849000000018,6.323224650928649,18.9726499480923,0.31529804957653124,21.110325117890756,0,0.0,False,False,False,498,0,0.0,52.31151000000005,0.7267150243517517,0.30803963449226324,0.0,0.0
VCB,BAD,UCB_WITHOUT_VAE_UNCERTAINTY,UCB-VAE without VAE uncertainty,44,37,train,0.1,0.05,1.0,83139,1131.2815399999972,113.12815399999971,8.777896849039713,17.395758134693974,0.45993461514222406,27.10987192109394,9,0.0,False,False,False,2234,0,0.0,115.53845999999996,0.5264609294997666,0.1766449440225899,0.0,0.0
VCB,BAD,UCB_WITHOUT_VAE_UNCERTAINTY,UCB-VAE without VAE uncertainty,44,37,test,0.1,0.05,1.0,83139,156.4340500000012,15.643405000000122,7.5644636126540155,19.211910166203285,0.3746258231474859,19.9845691666565,1,0.0,False,False,False,498,0,0.0,52.475950000000026,0.7193891855194555,0.3065622013555952,0.0,0.0
VCB,BAD,UCB_WITHOUT_VAE_UNCERTAINTY,UCB-VAE without VAE uncertainty,44,38,train,0.1,0.05,1.0,85386,1115.4744899999987,111.54744899999986,8.687897099417441,17.53864421002831,0.45284797107365177,28.293450781366413,10,0.0004450378282153983,False,False,False,2230,0,0.0,115.66551,0.5241554122803471,0.17595080987719838,0.0,0.0
VCB,BAD,UCB_WITHOUT_VAE_UNCERTAINTY,UCB-VAE without VAE uncertainty,44,38,test,0.1,0.05,1.0,85386,126.9518900000005,12.69518900000005,6.179777603870185,18.960358412038698,0.30815265977709283,19.9845691666565,1,0.0,False,False,False,498,0,0.0,51.94811000000002,0.7053405705789824,0.3042818357547124,0.0,0.0
VCB,BAD,UCB_WITHOUT_VAE_UNCERTAINTY,UCB-VAE without VAE uncertainty,44,39,train,0.1,0.05,1.0,87633,1116.9093099999977,111.69093099999978,8.696091077493072,17.460114589434383,0.4545469256476318,28.306092866122214,8,0.0004450378282153983,False,False,False,2232,0,0.0,116.51069000000003,0.5231235684563335,0.17479834968864943,0.0,0.0
VCB,BAD,UCB_WITHOUT_VAE_UNCERTAINTY,UCB-VAE without VAE uncertainty,44,39,test,0.1,0.05,1.0,87633,155.12538000000086,15.512538000000086,7.503375116508737,19.039699199119145,0.37325527565984395,20.91951651920739,1,0.0,False,False,False,498,0,0.0,52.184620000000045,0.706943539382169,0.30422440584165505,0.0,0.0
VCB,BAD,UCB_WITHOUT_VAE_UNCERTAINTY,UCB-VAE without VAE uncertainty,44,40,train,0.1,0.05,1.0,89880,1032.528019999998,103.2528019999998,8.205596885469312,17.4910487134561,0.42800554337198077,31.409515103505054,11,0.0,False,False,False,2235,0,0.0,117.53197999999998,0.519287937932885,0.17406376148190666,0.0,0.0
VCB,BAD,UCB_WITHOUT_VAE_UNCERTAINTY,UCB-VAE without VAE uncertainty,44,40,test,0.1,0.05,1.0,89880,142.94532000000117,14.294532000000117,6.9331495432997325,18.867734096442586,0.3464982800327733,21.688869191059204,1,0.0,False,False,False,498,0,0.0,51.98468000000001,0.6976302346013508,0.3025156202684923,0.0,0.0
VCB,BAD,UCB_WITHOUT_VAE_UNCERTAINTY,UCB-VAE without VAE uncertainty,44,41,train,0.1,0.05,1.0,92127,1162.4112499999983,116.24112499999984,8.953417154815057,18.4038365034617,0.4534652820377358,30.997474314345443,11,0.0,False,False,False,2237,0,0.0,116.74874999999997,0.5534041115119803,0.18465408524825777,0.0,0.0
VCB,BAD,UCB_WITHOUT_VAE_UNCERTAINTY,UCB-VAE without VAE uncertainty,44,41,test,0.1,0.05,1.0,92127,137.08231000000092,13.708231000000094,6.65758553267648,18.811809653555958,0.33313327485643407,21.719649738224987,1,0.0,False,False,False,498,0,0.0,52.29769000000003,0.6976556643228704,0.3009366999309226,0.0,0.0
VCB,BAD,UCB_WITHOUT_VAE_UNCERTAINTY,UCB-VAE without VAE uncertainty,44,42,train,0.1,0.05,1.0,94374,1076.972879999997,107.69728799999972,8.466156038889295,18.593451112561468,0.4264393420666391,32.389994055143,10,0.0,False,False,False,2237,0,0.0,117.37712000000003,0.5545176363227282,0.18290298094398508,0.0,0.0
VCB,BAD,UCB_WITHOUT_VAE_UNCERTAINTY,UCB-VAE without VAE uncertainty,44,42,test,0.1,0.05,1.0,94374,121.30103000000054,12.130103000000053,5.912320953897288,18.815849783325845,0.2955241590292762,22.04072027518555,1,0.0,False,False,False,498,0,0.0,52.34897000000002,0.6962068135854835,0.3002911088277537,0.0,0.0
VCB,BAD,UCB_WITHOUT_VAE_UNCERTAINTY,UCB-VAE without VAE uncertainty,44,43,train,0.1,0.05,1.0,96621,1081.2788399999972,108.12788399999972,8.491135810914386,18.253154396043474,0.43217503207847685,32.302925473255605,11,0.0004450378282153983,False,False,False,2228,0,0.0,116.47116000000004,0.5504436165660064,0.18092880621850888,0.0,0.0
VCB,BAD,UCB_WITHOUT_VAE_UNCERTAINTY,UCB-VAE without VAE uncertainty,44,43,test,0.1,0.05,1.0,96621,75.55272999999988,7.555272999999989,3.7218289455970277,18.677141830799467,0.18361132158171642,24.432058652968276,1,0.0,False,False,False,498,0,0.0,52.78727000000001,0.691940316740088,0.299321544607241,0.0,0.0
VCB,BAD,UCB_WITHOUT_VAE_UNCERTAINTY,UCB-VAE without VAE uncertainty,44,44,train,0.1,0.05,1.0,98868,1240.7874299999971,124.0787429999997,9.385579852283254,17.95512794910352,0.48241897410663037,26.26672304965917,10,0.0,False,False,False,2233,0,0.0,118.62257,0.5456240919919454,0.1803068253806447,0.0,0.0
VCB,BAD,UCB_WITHOUT_VAE_UNCERTAINTY,UCB-VAE without VAE uncertainty,44,44,test,0.1,0.05,1.0,98868,125.26983000000064,12.526983000000063,6.100235265919718,18.799519075142488,0.3050981970812581,21.718583394844533,1,0.0,False,False,False,498,0,0.0,52.420170000000006,0.6907666031594201,0.2979356085500085,0.0,0.0
VCB,BAD,UCB_WITHOUT_VAE_UNCERTAINTY,UCB-VAE without VAE uncertainty,44,45,train,0.1,0.05,1.0,101115,1100.4361399999993,110.04361399999993,8.601717507781403,18.35722412755225,0.43640513944848125,32.21600642842933,11,0.0,False,False,False,2233,0,0.0,117.99385999999994,0.550348049558832,0.18298346377846184,0.0,0.0
VCB,BAD,UCB_WITHOUT_VAE_UNCERTAINTY,UCB-VAE without VAE uncertainty,44,45,test,0.1,0.05,1.0,101115,95.67077000000063,9.567077000000063,4.690715968157577,18.213478512264178,0.2350490434937963,21.218771887753636,1,0.0,False,False,False,498,0,0.0,52.90923000000002,0.6856163279770731,0.296124159092884,0.0,0.0
VCB,BAD,UCB_WITHOUT_VAE_UNCERTAINTY,UCB-VAE without VAE uncertainty,45,1,train,1.0,1.0,1.0,2247,247.0682300000028,24.70682300000028,2.4853446515823885,20.715656964836487,0.12655935372076876,38.33134860687096,12,0.020471740097908322,False,False,False,1989,0,0.0,159.75176999999977,0.5773964208767534,0.31052093796057334,0.0,0.0
VCB,BAD,UCB_WITHOUT_VAE_UNCERTAINTY,UCB-VAE without VAE uncertainty,45,1,test,1.0,1.0,1.0,2247,69.79586999999901,6.979586999999901,3.442919463637506,22.029019402923492,0.17433318793314623,32.90756708571043,0,0.0,False,False,False,498,0,0.0,94.39412999999998,0.842289463275336,0.40420908836954567,0.0,0.0
VCB,BAD,UCB_WITHOUT_VAE_UNCERTAINTY,UCB-VAE without VAE uncertainty,45,2,train,0.9045834549972122,0.8,1.0,4494,245.086560000002,24.5086560000002,2.4672243830627494,20.986612870374106,0.1267353883117047,37.743578018247575,14,0.023141967067200713,False,False,False,1973,0,0.0,158.82343999999983,0.5771260992052639,0.305107864403279,0.0,0.0
VCB,BAD,UCB_WITHOUT_VAE_UNCERTAINTY,UCB-VAE without VAE uncertainty,45,2,test,0.9045834549972122,0.8,1.0,4494,36.12519999999881,3.612519999999881,1.7964379674959785,21.35780753193511,0.09731322406902611,32.53111567471943,0,0.0,False,False,False,498,0,0.0,95.46479999999997,0.8199023470026493,0.3978291775986373,0.0,0.0
VCB,BAD,UCB_WITHOUT_VAE_UNCERTAINTY,UCB-VAE without VAE uncertainty,45,3,train,0.8182712270546932,0.6400000000000001,1.0,6741,288.9795000000024,28.897950000000243,2.8627064105023026,21.022522926273783,0.14533759365176388,38.481775882786195,14,0.019581664441477527,False,False,False,1963,0,0.0,157.90049999999977,0.5770333413709497,0.3013004161049432,0.0,0.0
VCB,BAD,UCB_WITHOUT_VAE_UNCERTAINTY,UCB-VAE without VAE uncertainty,45,3,test,0.8182712270546932,0.6400000000000001,1.0,6741,43.77704999999901,4.3777049999999,2.172923916057168,21.461661345950777,0.11518825815677468,33.0284312385672,0,0.0,False,False,False,497,0,0.0,95.00294999999996,0.8272575951365505,0.3925983711897609,0.0,0.0
VCB,BAD,UCB_WITHOUT_VAE_UNCERTAINTY,UCB-VAE without VAE uncertainty,45,4,train,0.7401946136939427,0.5120000000000001,1.0,8988,421.6245500000023,42.16245500000023,3.9890783512724237,21.21923468253675,0.19771320634832842,36.9663373600238,13,0.02848242100578549,False,False,False,1948,0,0.0,157.72544999999965,0.5864998839797757,0.2965995686673354,0.0,0.0
VCB,BAD,UCB_WITHOUT_VAE_UNCERTAINTY,UCB-VAE without VAE uncertainty,45,4,test,0.7401946136939427,0.5120000000000001,1.0,8988,-1.15036000000066,-0.115036000000066,-0.057732071521210404,21.227216667889206,0.00919427103807263,34.0978105614455,0,0.0,False,False,False,497,0,0.0,94.63035999999995,0.8076247598845584,0.3870727920747665,0.0,0.0
VCB,BAD,UCB_WITHOUT_VAE_UNCERTAINTY,UCB-VAE without VAE uncertainty,45,5,train,0.6695678010255933,0.4096000000000001,1.0,11235,375.75165000000084,37.575165000000084,3.610526698574512,21.12640318384875,0.18025123974602786,38.08940615734439,14,0.029372496662216287,False,False,False,1935,0,0.0,156.60834999999972,0.5816633182112413,0.29206014824115173,0.0,0.0
VCB,BAD,UCB_WITHOUT_VAE_UNCERTAINTY,UCB-VAE without VAE uncertainty,45,5,test,0.6695678010255933,0.4096000000000001,1.0,11235,28.420869999999695,2.8420869999999696,1.4159675728999233,21.044018573529172,0.07767383687781194,33.00501935214655,0,0.0,False,False,False,497,0,0.0,95.57912999999995,0.8116753224316933,0.38156385465439063,0.0,0.0
VCB,BAD,UCB_WITHOUT_VAE_UNCERTAINTY,UCB-VAE without VAE uncertainty,45,6,train,0.6056799548066172,0.3276800000000001,1.0,13482,240.67302000000086,24.067302000000083,2.426774945608434,20.83387271127791,0.1242565853278775,38.8745941556417,14,0.027592345349354695,False,False,False,1901,0,0.0,154.36697999999984,0.5761499810331441,0.28936341193367443,0.0,0.0
VCB,BAD,UCB_WITHOUT_VAE_UNCERTAINTY,UCB-VAE without VAE uncertainty,45,6,test,0.6056799548066172,0.3276800000000001,1.0,13482,56.05941999999936,5.605941999999936,2.7743765839221224,21.78085155408484,0.1438106094968019,33.78550811342991,0,0.0,False,False,False,498,0,0.0,94.80057999999994,0.8298707838587199,0.3779239583925071,0.0,0.0
VCB,BAD,UCB_WITHOUT_VAE_UNCERTAINTY,UCB-VAE without VAE uncertainty,45,7,train,0.547888066141525,0.2621440000000001,1.0,15729,337.7022700000018,33.77022700000018,3.2879259708169295,20.865282254968793,0.16488424579479508,33.93311310805427,15,0.02358700489541611,False,False,False,1920,0,0.0,156.25772999999973,0.570729664533866,0.28642157689698494,0.0,0.0
VCB,BAD,UCB_WITHOUT_VAE_UNCERTAINTY,UCB-VAE without VAE uncertainty,45,7,test,0.547888066141525,0.2621440000000001,1.0,15729,36.32053999999903,3.632053999999903,1.8060662755337686,21.36718499822779,0.09784709104881971,33.13374230996529,0,0.0,False,False,False,497,0,0.0,94.73945999999994,0.8206991257795413,0.37431405580426796,0.0,0.0
VCB,BAD,UCB_WITHOUT_VAE_UNCERTAINTY,UCB-VAE without VAE uncertainty,45,8,train,0.49561047982204176,0.20971520000000007,1.0,17976,365.7272700000019,36.57272700000019,3.5263122290797977,20.937305715483976,0.1761761061500669,35.312575311869374,14,0.0262572318647085,False,False,False,1918,0,0.0,155.9427299999999,0.5640427799296539,0.2848755263478479,0.0,0.0
VCB,BAD,UCB_WITHOUT_VAE_UNCERTAINTY,UCB-VAE without VAE uncertainty,45,8,test,0.49561047982204176,0.20971520000000007,1.0,17976,47.7395099999992,4.77395099999992,2.3673442293717484,21.488007145758573,0.12421338644708928,33.682634119919925,0,0.0,False,False,False,498,0,0.0,94.85048999999992,0.818510291561067,0.3712003992264529,0.0,0.0
VCB,BAD,UCB_WITHOUT_VAE_UNCERTAINTY,UCB-VAE without VAE uncertainty,45,9,train,0.4483210401702486,0.1677721600000001,1.0,20223,772.7563000000005,77.27563000000005,6.572853419658986,20.801205837107993,0.3165227498057325,37.015426654837206,14,0.02403204272363151,False,False,False,1927,0,0.0,155.1737,0.5465152859322303,0.2823018295119272,0.0,0.0
VCB,BAD,UCB_WITHOUT_VAE_UNCERTAINTY,UCB-VAE without VAE uncertainty,45,9,test,0.4483210401702486,0.1677721600000001,1.0,20223,89.71175999999946,8.971175999999947,4.40466018842538,21.78039062873959,0.21675666182016562,33.696204290607625,0,0.0,False,False,False,498,0,0.0,94.65823999999999,0.8348217920197389,0.3688350914412713,0.0,0.0
VCB,BAD,UCB_WITHOUT_VAE_UNCERTAINTY,UCB-VAE without VAE uncertainty,45,10,train,0.4055437954651474,0.13421772800000006,1.0,22470,854.6728500000017,85.46728500000017,7.109476199032705,20.958320284885435,0.33993742581059255,37.19198688151006,14,0.022251891410769914,False,False,False,1915,0,0.0,154.30715,0.5427565076724388,0.28028685718602375,0.0,0.0
VCB,BAD,UCB_WITHOUT_VAE_UNCERTAINTY,UCB-VAE without VAE uncertainty,45,10,test,0.4055437954651474,0.13421772800000006,1.0,22470,112.96933999999919,11.29693399999992,5.516751786431051,21.82086604666968,0.265649001751251,32.56744304564403,0,0.0,False,False,False,495,0,0.0,94.02065999999999,0.8349771673243926,0.3657062967498618,0.0,0.0
VCB,BAD,UCB_WITHOUT_VAE_UNCERTAINTY,UCB-VAE without VAE uncertainty,45,11,train,0.3668482076545458,0.10737418240000006,1.0,24717,907.630180000001,90.7630180000001,7.445286216818636,20.852532456698455,0.3557201999172723,37.444833489310334,15,0.03515798842901647,False,False,False,1915,0,0.0,154.08981999999997,0.5407569017853298,0.2788298703799738,0.0,0.0
VCB,BAD,UCB_WITHOUT_VAE_UNCERTAINTY,UCB-VAE without VAE uncertainty,45,11,test,0.3668482076545458,0.10737418240000006,1.0,24717,105.37544999999955,10.537544999999955,5.154924330017874,21.799119206770264,0.24984933782124216,33.21530044114541,0,0.0,False,False,False,495,0,0.0,93.68455000000002,0.837072455979658,0.3642504415418728,0.0,0.0
VCB,BAD,UCB_WITHOUT_VAE_UNCERTAINTY,UCB-VAE without VAE uncertainty,45,12,train,0.3318448191396838,0.08589934592000005,1.0,26964,900.4835800000005,90.04835800000005,7.400455914579851,20.53630283141806,0.3559892029393234,37.65557763000105,13,0.03337783711615487,False,False,False,1927,0,0.0,154.19642,0.522287855512264,0.2788052792794767,0.0,0.0
VCB,BAD,UCB_WITHOUT_VAE_UNCERTAINTY,UCB-VAE without VAE uncertainty,45,12,test,0.3318448191396838,0.08589934592000005,1.0,26964,134.67065999999886,13.467065999999885,6.544031480536616,22.61876855450221,0.3072764156826331,31.89027816039218,0,0.0,False,False,False,497,0,0.0,93.85933999999996,0.8494562537501565,0.36267377771287557,0.0,0.0
VCB,BAD,UCB_WITHOUT_VAE_UNCERTAINTY,UCB-VAE without VAE uncertainty,45,13,train,0.3001813330203001,0.06871947673600004,1.0,29211,953.3113400000027,95.33113400000028,7.728365349697541,20.535138147041263,0.3710052086089581,38.30925527712224,14,0.020471740097908322,False,False,False,1926,0,0.0,153.57865999999993,0.5092941166913805,0.27911052117095186,0.0,0.0
VCB,BAD,UCB_WITHOUT_VAE_UNCERTAINTY,UCB-VAE without VAE uncertainty,45,13,test,0.3001813330203001,0.06871947673600004,1.0,29211,134.67065999999886,13.467065999999885,6.544031480536616,22.61876855450221,0.3072764156826331,31.89027816039218,0,0.0,False,False,False,497,0,0.0,93.85933999999996,0.8494562537501565,0.36115932979258186,0.0,0.0
VCB,BAD,UCB_WITHOUT_VAE_UNCERTAINTY,UCB-VAE without VAE uncertainty,45,14,train,0.27153906734917177,0.054975581388800036,1.0,31458,949.1993300000024,94.91993300000024,7.703126226657764,20.455133110658227,0.3704905427883757,38.48569035787964,14,0.027592345349354695,False,False,False,1927,0,0.0,153.92066999999994,0.5080075149246167,0.2782078062859333,0.0,0.0
VCB,BAD,UCB_WITHOUT_VAE_UNCERTAINTY,UCB-VAE without VAE uncertainty,45,14,test,0.27153906734917177,0.054975581388800036,1.0,31458,141.7826799999989,14.178267999999889,6.8785610486975735,22.506960580962193,0.3217239774238003,32.041779741425046,0,0.0,False,False,False,497,0,0.0,93.84731999999997,0.8506293686217952,0.35996545656737555,0.0,0.0
VCB,BAD,UCB_WITHOUT_VAE_UNCERTAINTY,UCB-VAE without VAE uncertainty,45,15,train,0.24562974770943447,0.05,1.0,33705,776.8590400000012,77.68590400000012,6.600248977645928,21.061110240354225,0.31659417254596395,37.72815262057932,17,0.02358700489541611,False,False,False,1912,0,0.0,156.08095999999995,0.5334645882713842,0.27644118201111917,0.0,0.0
VCB,BAD,UCB_WITHOUT_VAE_UNCERTAINTY,UCB-VAE without VAE uncertainty,45,15,test,0.24562974770943447,0.05,1.0,33705,31.684129999999413,3.1684129999999415,1.5772930871348123,21.696472426487638,0.0891492502007241,33.21406133614323,0,0.0,False,False,False,496,0,0.0,94.24586999999995,0.8349186292199701,0.3592575439008843,0.0,0.0
VCB,BAD,UCB_WITHOUT_VAE_UNCERTAINTY,UCB-VAE without VAE uncertainty,45,16,train,0.2221926058330938,0.05,1.0,35952,730.7664300000017,73.07664300000017,6.28918356017123,20.79158395871208,0.30381040797594067,37.745090115431005,17,0.022696929238985315,False,False,False,1913,0,0.0,156.3635699999999,0.5287942836416621,0.27541717910135277,0.0,0.0
VCB,BAD,UCB_WITHOUT_VAE_UNCERTAINTY,UCB-VAE without VAE uncertainty,45,16,test,0.2221926058330938,0.05,1.0,35952,30.859839999999167,3.085983999999917,1.5365667607606603,21.587445712566012,0.08669895565498965,33.76693696294099,2,0.004016064257028112,False,False,False,494,0,0.0,93.90015999999994,0.8245164437031287,0.3575116312767128,0.0,0.0
VCB,BAD,UCB_WITHOUT_VAE_UNCERTAINTY,UCB-VAE without VAE uncertainty,45,17,train,0.20099175505933367,0.05,1.0,38199,910.4777900000024,91.04777900000023,7.463107567350757,20.404170190990616,0.35995747343794604,37.83373475823535,16,0.0258121940364931,False,False,False,1904,0,0.0,155.52220999999997,0.5179490292917756,0.2730723172824119,0.0,0.0
VCB,BAD,UCB_WITHOUT_VAE_UNCERTAINTY,UCB-VAE without VAE uncertainty,45,17,test,0.20099175505933367,0.05,1.0,38199,12.956659999999374,1.2956659999999374,0.6479727577588301,21.75070741611862,0.04677790685723769,34.075889714239096,0,0.002008032128514056,False,False,False,494,0,0.0,94.31333999999994,0.8290600346746033,0.3570674811920009,0.0,0.0
VCB,BAD,UCB_WITHOUT_VAE_UNCERTAINTY,UCB-VAE without VAE uncertainty,45,18,train,0.18181381621752543,0.05,1.0,40446,825.8682000000006,82.58682000000006,6.923226885332623,18.165405394634966,0.35261820788712994,37.675463147799846,13,0.024477080551846907,False,False,False,1972,0,0.0,149.5217999999999,0.4106750007132494,0.2804079149357733,0.0,0.0
VCB,BAD,UCB_WITHOUT_VAE_UNCERTAINTY,UCB-VAE without VAE uncertainty,45,18,test,0.18181381621752543,0.05,1.0,40446,46.288479999999254,4.628847999999925,2.2961912191026057,21.754387970239875,0.12216084701126162,34.306334109393546,0,0.002008032128514056,False,False,False,494,0,0.0,94.43151999999999,0.8357745572304301,0.356342143143516,0.0,0.0
VCB,BAD,UCB_WITHOUT_VAE_UNCERTAINTY,UCB-VAE without VAE uncertainty,45,19,train,0.16446577004027732,0.05,1.0,42693,753.5297399999995,75.35297399999995,6.443714682720003,17.975498030052798,0.3292436984085874,37.940250193275624,13,0.03115264797507788,False,False,False,1970,0,0.0,148.06025999999991,0.3946507624900195,0.2792286836390077,0.0,0.0
VCB,BAD,UCB_WITHOUT_VAE_UNCERTAINTY,UCB-VAE without VAE uncertainty,45,19,test,0.16446577004027732,0.05,1.0,42693,35.66262999999935,3.5662629999999353,1.7736342859727694,21.42055340221712,0.09661168692444426,33.81597330086913,1,0.004016064257028112,False,False,False,491,0,0.0,93.91736999999995,0.8247973093641985,0.3544031293037905,0.0,0.0
VCB,BAD,UCB_WITHOUT_VAE_UNCERTAINTY,UCB-VAE without VAE uncertainty,45,20,train,0.14877301449181102,0.05,1.0,44940,925.8869199999999,92.588692,7.559135765002356,18.643327651977728,0.38039532918700836,38.481728342362736,14,0.03115264797507788,False,False,False,1931,0,0.0,152.79307999999992,0.4500825388969607,0.27432355114922397,0.0,0.0
VCB,BAD,UCB_WITHOUT_VAE_UNCERTAINTY,UCB-VAE without VAE uncertainty,45,20,test,0.14877301449181102,0.05,1.0,44940,65.36146999999937,6.536146999999937,3.22757051121052,22.04301117286338,0.16488191367651436,33.82670535553524,0,0.002008032128514056,False,False,False,493,0,0.0,94.35852999999996,0.8466635252136885,0.35424492205960684,0.0,0.0
VCB,BAD,UCB_WITHOUT_VAE_UNCERTAINTY,UCB-VAE without VAE uncertainty,45,21,train,0.13457760745935274,0.05,1.0,47187,709.971850000001,70.9971850000001,6.14643034022706,18.600668352002533,0.3091582855626252,38.18473840369468,15,0.024477080551846907,False,False,False,1934,0,0.0,152.5081499999999,0.42825905152461907,0.273715201335904,0.0,0.0
VCB,BAD,UCB_WITHOUT_VAE_UNCERTAINTY,UCB-VAE without VAE uncertainty,45,21,test,0.13457760745935274,0.05,1.0,47187,75.81093999999939,7.58109399999994,3.734321302648369,22.275204190936464,0.18758075772994517,33.950075996726284,0,0.004016064257028112,False,False,False,491,0,0.0,94.55905999999996,0.8556799043961704,0.3536735738975456,0.0,0.0
VCB,BAD,UCB_WITHOUT_VAE_UNCERTAINTY,UCB-VAE without VAE uncertainty,45,22,train,0.12173667712083987,0.05,1.0,49434,670.5798100000015,67.05798100000015,5.871724298781,18.34151551309031,0.2966703021795878,37.5739635248072,15,0.03649310191366266,False,False,False,1906,0,0.0,153.75018999999983,0.43655230243328136,0.27163132960179887,0.0,0.0
VCB,BAD,UCB_WITHOUT_VAE_UNCERTAINTY,UCB-VAE without VAE uncertainty,45,22,test,0.12173667712083987,0.05,1.0,49434,74.70959999999945,7.470959999999946,3.681027392848879,21.40999249780065,0.1839830473690197,33.50103543586199,1,0.004016064257028112,False,False,False,492,0,0.0,94.08039999999998,0.8074952030788577,0.35031470213549204,0.0,0.0
VCB,BAD,UCB_WITHOUT_VAE_UNCERTAINTY,UCB-VAE without VAE uncertainty,45,23,train,0.11012098398984942,0.05,1.0,51681,668.4760600000022,66.84760600000023,5.856892121417068,18.659846235427526,0.2940242457499817,37.44657283414364,15,0.037383177570093455,False,False,False,1900,0,0.0,153.0239399999999,0.43904051743797845,0.2706652258866407,0.0,0.0
VCB,BAD,UCB_WITHOUT_VAE_UNCERTAINTY,UCB-VAE without VAE uncertainty,45,23,test,0.11012098398984942,0.05,1.0,51681,-8.390630000000442,-0.8390630000000442,-0.4218559290394164,21.175769237181225,-0.008604401381676839,34.349214370427816,0,0.004016064257028112,False,False,False,492,0,0.0,94.49062999999997,0.8094445934485853,0.3501606067440596,0.0,0.0
VCB,BAD,UCB_WITHOUT_VAE_UNCERTAINTY,UCB-VAE without VAE uncertainty,45,24,train,0.1,0.05,1.0,53928,686.2800400000008,68.62800400000008,5.981895141490368,18.74237445513107,0.2999639618521866,38.54203516768361,16,0.030707610146862484,False,False,False,1908,0,0.0,153.15995999999987,0.4390089749917911,0.2696566777158749,0.0,0.0
VCB,BAD,UCB_WITHOUT_VAE_UNCERTAINTY,UCB-VAE without VAE uncertainty,45,24,test,0.1,0.05,1.0,53928,-8.390630000000442,-0.8390630000000442,-0.4218559290394164,21.175769237181225,-0.008604401381676839,34.349214370427816,0,0.004016064257028112,False,False,False,492,0,0.0,94.49062999999997,0.8094445934485853,0.3492117416427796,0.0,0.0
VCB,BAD,UCB_WITHOUT_VAE_UNCERTAINTY,UCB-VAE without VAE uncertainty,45,25,train,0.1,0.05,1.0,56175,694.2016200000007,69.42016200000008,6.037136418635947,18.745440209533985,0.3027496741669103,38.56516484431016,16,0.02848242100578549,False,False,False,1909,0,0.0,153.23837999999992,0.43960159702711127,0.26849676569833403,0.0,0.0
VCB,BAD,UCB_WITHOUT_VAE_UNCERTAINTY,UCB-VAE without VAE uncertainty,45,25,test,0.1,0.05,1.0,56175,84.91063999999983,8.491063999999984,4.173620197077077,21.667932131550398,0.20632859622641284,31.78567185879736,0,0.004016064257028112,False,False,False,490,0,0.0,94.18935999999997,0.8318866902765413,0.34816877391323986,0.0,0.0
VCB,BAD,UCB_WITHOUT_VAE_UNCERTAINTY,UCB-VAE without VAE uncertainty,45,26,train,0.1,0.05,1.0,58422,652.55394,65.255394,5.7440934674240385,18.456064570401022,0.2894067239610575,37.77355847546401,13,0.036048064085447265,False,False,False,1893,0,0.0,153.07605999999984,0.4342710825098273,0.26723670214746176,0.0,0.0
VCB,BAD,UCB_WITHOUT_VAE_UNCERTAINTY,UCB-VAE without VAE uncertainty,45,26,test,0.1,0.05,1.0,58422,93.1554599999995,9.31554599999995,4.5700660406684745,21.533270792631303,0.2240861209881665,33.06135472279478,0,0.004016064257028112,False,False,False,490,0,0.0,93.86453999999995,0.8296716452078506,0.3467824720893519,0.0,0.0
VCB,BAD,UCB_WITHOUT_VAE_UNCERTAINTY,UCB-VAE without VAE uncertainty,45,27,train,0.1,0.05,1.0,60669,673.60456,67.360456,5.89302078237699,18.543058141927162,0.2966012180847974,37.83174773717604,14,0.04717400979083222,False,False,False,1885,0,0.0,152.66543999999993,0.43273456628307816,0.2652155848864083,0.0,0.0
VCB,BAD,UCB_WITHOUT_VAE_UNCERTAINTY,UCB-VAE without VAE uncertainty,45,27,test,0.1,0.05,1.0,60669,93.1554599999995,9.31554599999995,4.5700660406684745,21.533270792631303,0.2240861209881665,33.06135472279478,0,0.004016064257028112,False,False,False,490,0,0.0,93.86453999999995,0.8296716452078506,0.3456147903479247,0.0,0.0
VCB,BAD,UCB_WITHOUT_VAE_UNCERTAINTY,UCB-VAE without VAE uncertainty,45,28,train,0.1,0.05,1.0,62916,692.6688799999997,69.26688799999997,6.026465767676181,18.496106537792194,0.30371103938037486,37.6102811131336,15,0.04895416110369381,False,False,False,1889,0,0.0,153.25111999999987,0.43429863348964626,0.26370185714432226,0.0,0.0
VCB,BAD,UCB_WITHOUT_VAE_UNCERTAINTY,UCB-VAE without VAE uncertainty,45,28,test,0.1,0.05,1.0,62916,73.84836999999993,7.384836999999993,3.6393334571265257,22.029294445930685,0.18308290617741077,32.46590199027212,0,0.004016064257028112,False,False,False,491,0,0.0,94.31162999999995,0.8436339801411914,0.3453875149050391,0.0,0.0
VCB,BAD,UCB_WITHOUT_VAE_UNCERTAINTY,UCB-VAE without VAE uncertainty,45,29,train,0.1,0.05,1.0,65163,653.7630700000004,65.37630700000004,5.752693243608831,18.545457608030055,0.28937865985569966,37.35480264778881,14,0.050734312416555405,False,False,False,1878,0,0.0,153.5169299999999,0.4403498018380236,0.2626246959169971,0.0,0.0
VCB,BAD,UCB_WITHOUT_VAE_UNCERTAINTY,UCB-VAE without VAE uncertainty,45,29,test,0.1,0.05,1.0,65163,128.75333999999907,12.875333999999908,6.264900155974007,21.994287810263703,0.2976947993602102,30.20967533404007,1,0.004016064257028112,False,False,False,492,0,0.0,94.60665999999996,0.8386668834366128,0.34297134146752606,0.0,0.0
VCB,BAD,UCB_WITHOUT_VAE_UNCERTAINTY,UCB-VAE without VAE uncertainty,45,30,train,0.1,0.05,1.0,67410,667.0369100000005,66.70369100000005,5.846736029878397,18.860321158265446,0.29244650478383766,38.02940535209317,14,0.042723631508678236,False,False,False,1852,0,0.0,151.25308999999993,0.45963292425875546,0.2569445316718322,0.0,0.0
VCB,BAD,UCB_WITHOUT_VAE_UNCERTAINTY,UCB-VAE without VAE uncertainty,45,30,test,0.1,0.05,1.0,67410,74.03655999999933,7.403655999999932,3.6484455487032497,21.705751540439802,0.18293424068984673,29.85201257502821,0,0.004016064257028112,False,False,False,492,0,0.0,94.65343999999996,0.8293955179126853,0.342354944731337,0.0,0.0
VCB,BAD,UCB_WITHOUT_VAE_UNCERTAINTY,UCB-VAE without VAE uncertainty,45,31,train,0.1,0.05,1.0,69657,800.380349999999,80.0380349999999,6.75623309350224,17.412813646437314,0.35110670192790167,38.49955376702888,11,0.03515798842901647,False,False,False,1888,0,0.0,147.2896499999999,0.40957756577867754,0.25961882495381433,0.0,0.0
VCB,BAD,UCB_WITHOUT_VAE_UNCERTAINTY,UCB-VAE without VAE uncertainty,45,31,test,0.1,0.05,1.0,69657,101.04634999999917,10.104634999999917,4.948100467116823,21.40203621869045,0.24113926832793559,30.523817279572583,0,0.004016064257028112,False,False,False,492,0,0.0,94.65364999999996,0.8214848521198361,0.3407565510596137,0.0,0.0
VCB,BAD,UCB_WITHOUT_VAE_UNCERTAINTY,UCB-VAE without VAE uncertainty,45,32,train,0.1,0.05,1.0,71904,539.1294500000001,53.912945000000015,4.911380562522538,18.665445430057943,0.2456125143846138,37.80124517568205,13,0.03115264797507788,False,False,False,1838,0,0.0,153.4705499999999,0.4792600411880072,0.2518383440344823,0.0,0.0
VCB,BAD,UCB_WITHOUT_VAE_UNCERTAINTY,UCB-VAE without VAE uncertainty,45,32,test,0.1,0.05,1.0,71904,69.6302499999997,6.96302499999997,3.4348844201835593,20.851336737044083,0.1717285918985898,29.665483486640596,1,0.004016064257028112,False,False,False,492,0,0.0,94.29974999999996,0.789709642820161,0.33918489461921786,0.0,0.0
VCB,BAD,UCB_WITHOUT_VAE_UNCERTAINTY,UCB-VAE without VAE uncertainty,45,33,train,0.1,0.05,1.0,74151,502.07295999999974,50.20729599999998,4.62748433538398,17.125501429659344,0.23550404469784317,37.902555390887386,10,0.03204272363150868,False,False,False,1847,0,0.0,148.6470399999999,0.41721034543416524,0.25302913289933293,0.0,0.0
VCB,BAD,UCB_WITHOUT_VAE_UNCERTAINTY,UCB-VAE without VAE uncertainty,45,33,test,0.1,0.05,1.0,74151,69.6302499999997,6.96302499999997,3.4348844201835593,20.851336737044083,0.1717285918985898,29.665483486640596,1,0.004016064257028112,False,False,False,492,0,0.0,94.29974999999996,0.789709642820161,0.33841535416113805,0.0,0.0
VCB,BAD,UCB_WITHOUT_VAE_UNCERTAINTY,UCB-VAE without VAE uncertainty,45,34,train,0.1,0.05,1.0,76398,706.0371299999972,70.60371299999973,6.119245321159794,17.675484677558583,0.31440599285206233,37.850763909188025,12,0.032487761459724075,False,False,False,1858,0,0.0,147.97286999999983,0.43154299169775806,0.252779408026044,0.0,0.0
VCB,BAD,UCB_WITHOUT_VAE_UNCERTAINTY,UCB-VAE without VAE uncertainty,45,34,test,0.1,0.05,1.0,76398,58.16405999999961,5.816405999999961,2.8770877565287956,20.903647197773797,0.1457383697452502,29.724998382463973,1,0.004016064257028112,False,False,False,492,0,0.0,94.24593999999996,0.787798372110811,0.33740690904089726,0.0,0.0
VCB,BAD,UCB_WITHOUT_VAE_UNCERTAINTY,UCB-VAE without VAE uncertainty,45,35,train,0.1,0.05,1.0,78645,946.3221099999973,94.63221099999973,7.685437969584097,17.850160964511307,0.39581675386086596,38.27775731659098,11,0.035603026257231864,False,False,False,1856,0,0.0,147.49788999999987,0.4340406546900898,0.25184167642353583,0.0,0.0
VCB,BAD,UCB_WITHOUT_VAE_UNCERTAINTY,UCB-VAE without VAE uncertainty,45,35,test,0.1,0.05,1.0,78645,84.8910999999996,8.48910999999996,4.1726788513798185,20.662864583040943,0.20606532054463952,29.724998382463973,1,0.004016064257028112,False,False,False,492,0,0.0,94.40889999999995,0.7814499152337138,0.3360273885020769,0.0,0.0
VCB,BAD,UCB_WITHOUT_VAE_UNCERTAINTY,UCB-VAE without VAE uncertainty,45,36,train,0.1,0.05,1.0,80892,733.2258799999977,73.32258799999977,6.305966550885356,16.750259577423957,0.3327577813585616,38.3858253330791,9,0.035603026257231864,False,False,False,1853,0,0.0,146.76411999999993,0.4058872591017333,0.2506752804114015,0.0,0.0
VCB,BAD,UCB_WITHOUT_VAE_UNCERTAINTY,UCB-VAE without VAE uncertainty,45,36,test,0.1,0.05,1.0,80892,100.86243999999965,10.086243999999965,4.93930515522536,20.741692473709605,0.2417638996973286,29.766090018734154,1,0.002008032128514056,False,False,False,494,0,0.0,94.37755999999999,0.7929572420648581,0.33590639241967335,0.0,0.0
VCB,BAD,UCB_WITHOUT_VAE_UNCERTAINTY,UCB-VAE without VAE uncertainty,45,37,train,0.1,0.05,1.0,83139,739.1396099999974,73.91396099999974,6.346234657417926,16.781336204740413,0.3347292366774915,38.396049138048625,9,0.029817534490431688,False,False,False,1855,0,0.0,146.76038999999986,0.405974595224504,0.249325371652006,0.0,0.0
VCB,BAD,UCB_WITHOUT_VAE_UNCERTAINTY,UCB-VAE without VAE uncertainty,45,37,test,0.1,0.05,1.0,83139,101.10205999999971,10.110205999999971,4.95076459771171,20.598691432507913,0.2425485689599789,28.969898564327345,1,0.002008032128514056,False,False,False,494,0,0.0,94.19793999999997,0.7835793303008728,0.3346148289470787,0.0,0.0
VCB,BAD,UCB_WITHOUT_VAE_UNCERTAINTY,UCB-VAE without VAE uncertainty,45,38,train,0.1,0.05,1.0,85386,820.207079999996,82.02070799999962,6.886315613542804,17.832527823724092,0.35394471155770674,38.151565752511765,11,0.03426791277258567,False,False,False,1850,0,0.0,147.34291999999988,0.42951529304847796,0.24778809519439046,0.0,0.0
VCB,BAD,UCB_WITHOUT_VAE_UNCERTAINTY,UCB-VAE without VAE uncertainty,45,38,test,0.1,0.05,1.0,85386,90.79285000000004,9.079285000000006,4.4566145050927375,20.198682057591384,0.21971656707430237,28.969898564327345,1,0.002008032128514056,False,False,False,494,0,0.0,94.19714999999997,0.774464378717283,0.3334740166024989,0.0,0.0
VCB,BAD,UCB_WITHOUT_VAE_UNCERTAINTY,UCB-VAE without VAE uncertainty,45,39,train,0.1,0.05,1.0,87633,761.1485999999986,76.11485999999987,6.495037990245267,17.155958790135927,0.339346613492452,37.60668599592253,9,0.03515798842901647,False,False,False,1832,0,0.0,148.1613999999999,0.42208865792159367,0.2457746208960818,0.0,0.0
VCB,BAD,UCB_WITHOUT_VAE_UNCERTAINTY,UCB-VAE without VAE uncertainty,45,39,test,0.1,0.05,1.0,87633,121.5610899999997,12.156108999999969,5.924644383120414,21.196663097510648,0.2854949867561875,27.612314486468886,1,0.004016064257028112,False,False,False,492,0,0.0,94.15890999999996,0.800410431029529,0.33338980364751625,0.0,0.0
VCB,BAD,UCB_WITHOUT_VAE_UNCERTAINTY,UCB-VAE without VAE uncertainty,45,40,train,0.1,0.05,1.0,89880,845.6254499999977,84.56254499999977,7.051254804782636,17.6073867259557,0.36497744206389354,37.69500546484995,11,0.03426791277258567,False,False,False,1803,0,0.0,145.61454999999987,0.4502202097947689,0.24262590422185198,0.0,0.0
VCB,BAD,UCB_WITHOUT_VAE_UNCERTAINTY,UCB-VAE without VAE uncertainty,45,40,test,0.1,0.05,1.0,89880,120.45159999999964,12.045159999999964,5.872059199583113,21.196381185094264,0.2831311105556952,27.471058434602618,1,0.004016064257028112,False,False,False,492,0,0.0,94.15839999999997,0.8010355079301837,0.3326931371985669,0.0,0.0
VCB,BAD,UCB_WITHOUT_VAE_UNCERTAINTY,UCB-VAE without VAE uncertainty,45,41,train,0.1,0.05,1.0,92127,700.9982599999985,70.09982599999984,6.084350224080337,17.600236648345515,0.31310390651323844,37.554341073194436,12,0.03649310191366266,False,False,False,1813,0,0.0,146.72173999999978,0.45035312077113354,0.24133623712689917,0.0,0.0
VCB,BAD,UCB_WITHOUT_VAE_UNCERTAINTY,UCB-VAE without VAE uncertainty,45,41,test,0.1,0.05,1.0,92127,69.02751999999919,6.902751999999919,3.405637779205528,20.143377631616097,0.1691174012946469,28.828642512461077,1,0.002008032128514056,False,False,False,494,0,0.0,94.44247999999996,0.750195982943812,0.3300349363780405,0.0,0.0
VCB,BAD,UCB_WITHOUT_VAE_UNCERTAINTY,UCB-VAE without VAE uncertainty,45,42,train,0.1,0.05,1.0,94374,1505.629129999999,150.5629129999999,10.752731659742043,20.437496273709055,0.5084026907117747,36.87174811609232,16,0.024922118380062305,False,False,False,1758,0,0.0,98.71086999999982,0.4487852411300307,0.26176476382750324,0.0,0.0
VCB,BAD,UCB_WITHOUT_VAE_UNCERTAINTY,UCB-VAE without VAE uncertainty,45,42,test,0.1,0.05,1.0,94374,36.471149999999625,3.6471149999999626,1.813489224600029,19.51091679347207,0.08797518875165941,28.01424231948653,0,0.002008032128514056,False,False,False,494,0,0.0,94.83884999999995,0.7409663851825904,0.3292523504620096,0.0,0.0
VCB,BAD,UCB_WITHOUT_VAE_UNCERTAINTY,UCB-VAE without VAE uncertainty,45,43,train,0.1,0.05,1.0,96621,1646.4248000000007,164.64248000000006,11.428000880810863,23.963386871565977,0.49199280398785217,44.03180255405431,24,0.024477080551846907,False,False,False,1762,0,0.0,136.56519999999978,0.5969380759525078,0.2470196461546246,0.0,0.0
VCB,BAD,UCB_WITHOUT_VAE_UNCERTAINTY,UCB-VAE without VAE uncertainty,45,43,test,0.1,0.05,1.0,96621,120.77549999999928,12.07754999999993,5.887413384866269,20.807939811702862,0.2850858747686962,26.72404261417584,0,0.004016064257028112,False,False,False,492,0,0.0,94.39449999999995,0.7868194262166966,0.3304396006596615,0.0,0.0
VCB,BAD,UCB_WITHOUT_VAE_UNCERTAINTY,UCB-VAE without VAE uncertainty,45,44,train,0.1,0.05,1.0,98868,1328.215049999997,132.8215049999997,9.852077678219517,20.35643057999007,0.46913750020921613,36.851269144288345,16,0.024477080551846907,False,False,False,1748,0,0.0,99.39494999999987,0.42385948925142963,0.2570964958026349,0.0,0.0
VCB,BAD,UCB_WITHOUT_VAE_UNCERTAINTY,UCB-VAE without VAE uncertainty,45,44,test,0.1,0.05,1.0,98868,119.24498999999923,11.924498999999923,5.814841473716226,20.83868166795004,0.28165270473542064,26.865298666042108,0,0.004016064257028112,False,False,False,492,0,0.0,94.39500999999996,0.7880430557212036,0.3299199424115529,0.0,0.0
VCB,BAD,UCB_WITHOUT_VAE_UNCERTAINTY,UCB-VAE without VAE uncertainty,45,45,train,0.1,0.05,1.0,101115,1339.78114,133.978114,9.912621486599393,20.380127628098748,0.4715525322346847,36.9171464716212,17,0.024477080551846907,False,False,False,1748,0,0.0,99.55885999999985,0.42388637263042644,0.2554244939511386,0.0,0.0
VCB,BAD,UCB_WITHOUT_VAE_UNCERTAINTY,UCB-VAE without VAE uncertainty,45,45,test,0.1,0.05,1.0,101115,114.28609999999912,11.428609999999912,5.579366403260466,20.58957406165843,0.27164373582578916,26.72404261417584,0,0.004016064257028112,False,False,False,492,0,0.0,94.77389999999997,0.7783464458782228,0.32874671357822227,0.0,0.0
VCB,BAD,UCB_WITHOUT_VAE_UNCERTAINTY,UCB-VAE without VAE uncertainty,46,1,train,1.0,1.0,1.0,2247,-15.096630000000573,-1.5096630000000573,-0.1689921932065519,2.154723916692635,-0.9965919321513219,6.8118006241364855,0,0.04717400979083222,False,False,False,2141,0,0.0,66.68662999999998,0.04082930090986087,0.23405994242450953,0.0,0.0
VCB,BAD,UCB_WITHOUT_VAE_UNCERTAINTY,UCB-VAE without VAE uncertainty,46,1,test,1.0,1.0,1.0,2247,-40.15107999999964,-4.015107999999964,-2.035013708911382,5.059387176041169,-0.7798936586868964,5.881848673431135,0,0.08835341365461848,False,False,False,454,0,0.0,33.47107999999998,0.10742489944606846,0.3236873670814028,0.0,0.0
VCB,BAD,UCB_WITHOUT_VAE_UNCERTAINTY,UCB-VAE without VAE uncertainty,46,2,train,0.9045834549972122,0.8,1.0,4494,-7.096890000001736,-0.7096890000001735,-0.07915833017017038,2.19298210063532,-0.9374568618885964,6.659588914103533,0,0.04984423676012461,False,False,False,2135,0,0.0,67.12689000000002,0.0417229123177731,0.22996032351075038,0.0,0.0
VCB,BAD,UCB_WITHOUT_VAE_UNCERTAINTY,UCB-VAE without VAE uncertainty,46,2,test,0.9045834549972122,0.8,1.0,4494,-47.459339999999656,-4.7459339999999655,-2.4099582499663263,5.037512573564692,-0.8602723307263395,7.109377545976615,0,0.09236947791164658,False,False,False,452,0,0.0,33.79933999999999,0.11106389525861114,0.31719796966955843,0.0,0.0
VCB,BAD,UCB_WITHOUT_VAE_UNCERTAINTY,UCB-VAE without VAE uncertainty,46,3,train,0.8182712270546932,0.6400000000000001,1.0,6741,-12.561550000000807,-1.2561550000000805,-0.14045428784199565,2.1091556308725394,-1.0049239800464547,6.352085943305726,0,0.051179350244770806,False,False,False,2132,0,0.0,67.48155000000004,0.04124219047050766,0.2260588308142247,0.0,0.0
VCB,BAD,UCB_WITHOUT_VAE_UNCERTAINTY,UCB-VAE without VAE uncertainty,46,3,test,0.8182712270546932,0.6400000000000001,1.0,6741,-46.05514999999957,-4.605514999999957,-2.337806430768652,5.045301397173775,-0.8440939010188618,6.855860068734457,0,0.09437751004016064,False,False,False,451,0,0.0,33.78514999999999,0.11148191328643278,0.3108500677897748,0.0,0.0
VCB,BAD,UCB_WITHOUT_VAE_UNCERTAINTY,UCB-VAE without VAE uncertainty,46,4,train,0.7401946136939427,0.5120000000000001,1.0,8988,-23.90393000000074,-2.390393000000074,-0.26864778812805135,2.1624550913852674,-1.0395456609711629,7.236747596832559,0,0.054294615042278595,False,False,False,2125,0,0.0,67.81393000000006,0.042700265167879725,0.22204914013305982,0.0,0.0
VCB,BAD,UCB_WITHOUT_VAE_UNCERTAINTY,UCB-VAE without VAE uncertainty,46,4,test,0.7401946136939427,0.5120000000000001,1.0,8988,-33.433389999999804,-3.3433389999999807,-1.6916206438297277,5.314091948419489,-0.6736384421069196,6.746491690585048,0,0.09236947791164658,False,False,False,452,0,0.0,33.86338999999999,0.11817010918158018,0.30437685627056416,0.0,0.0
VCB,BAD,UCB_WITHOUT_VAE_UNCERTAINTY,UCB-VAE without VAE uncertainty,46,5,train,0.6695678010255933,0.4096000000000001,1.0,11235,-31.167070000000763,-3.1167070000000763,-0.3514341735857074,2.203847897245138,-1.057616277210819,7.368684111151367,0,0.05518469069870939,False,False,False,2123,0,0.0,68.09707000000003,0.043186622682930484,0.21866102709630145,0.0,0.0
VCB,BAD,UCB_WITHOUT_VAE_UNCERTAINTY,UCB-VAE without VAE uncertainty,46,5,test,0.6695678010255933,0.4096000000000001,1.0,11235,-27.190349999999967,-2.7190349999999968,-1.373555169159013,5.2565116539678804,-0.6196199929997286,7.18704242451761,0,0.09437751004016064,False,False,False,451,0,0.0,34.34035000000001,0.11778193909853542,0.2986649241014178,0.0,0.0
VCB,BAD,UCB_WITHOUT_VAE_UNCERTAINTY,UCB-VAE without VAE uncertainty,46,6,train,0.6056799548066172,0.3276800000000001,1.0,13482,5.509009999999421,0.550900999999942,0.061103703439013834,2.3939700952057317,-0.7977288898575905,6.440873347177859,0,0.0529595015576324,False,False,False,2128,0,0.0,68.78099000000003,0.046047804598185804,0.21536275593901297,0.0,0.0
VCB,BAD,UCB_WITHOUT_VAE_UNCERTAINTY,UCB-VAE without VAE uncertainty,46,6,test,0.6056799548066172,0.3276800000000001,1.0,13482,-27.166999999998893,-2.7166999999998893,-1.3723674640036543,5.260151764962086,-0.6189235730900257,7.042135464786645,0,0.09437751004016064,False,False,False,451,0,0.0,34.427,0.11519514349246861,0.29372787717954224,0.0,0.0
VCB,BAD,UCB_WITHOUT_VAE_UNCERTAINTY,UCB-VAE without VAE uncertainty,46,7,train,0.547888066141525,0.2621440000000001,1.0,15729,54.715650000000096,5.47156500000001,0.5940652955138681,2.572824240695494,-0.5322878713829813,6.504387837500906,0,0.050734312416555405,False,False,False,2133,0,0.0,69.71434999999997,0.05051092438201665,0.21242112419010534,0.0,0.0
VCB,BAD,UCB_WITHOUT_VAE_UNCERTAINTY,UCB-VAE without VAE uncertainty,46,7,test,0.547888066141525,0.2621440000000001,1.0,15729,6.322960000000762,0.6322960000000762,0.31673550309161413,5.277598461970263,-0.29219167249862654,4.566046761642674,0,0.0963855421686747,False,False,False,450,0,0.0,34.93704000000001,0.12347583908497609,0.28939109193871776,0.0,0.0
VCB,BAD,UCB_WITHOUT_VAE_UNCERTAINTY,UCB-VAE without VAE uncertainty,46,8,train,0.49561047982204176,0.20971520000000007,1.0,17976,47.9017400000007,4.79017400000007,0.5215986112964366,2.6642804951936787,-0.5403935241583131,7.381455481293199,0,0.047619047619047616,False,False,False,2140,0,0.0,69.99825999999995,0.05371259931464636,0.21033905822539997,0.0,0.0
VCB,BAD,UCB_WITHOUT_VAE_UNCERTAINTY,UCB-VAE without VAE uncertainty,46,8,test,0.49561047982204176,0.20971520000000007,1.0,17976,4.873250000000894,0.48732500000008944,0.2442031198232275,5.280770761185396,-0.3057989032869126,4.566046761642674,0,0.0963855421686747,False,False,False,450,0,0.0,34.93675000000001,0.12404815647934858,0.2858257208722662,0.0,0.0
VCB,BAD,UCB_WITHOUT_VAE_UNCERTAINTY,UCB-VAE without VAE uncertainty,46,9,train,0.4483210401702486,0.1677721600000001,1.0,20223,37.43872000000147,3.7438720000001466,0.40950375026251873,2.774753736445439,-0.558382073235504,8.046912844083158,0,0.045838896306186025,False,False,False,2144,0,0.0,70.58127999999994,0.05424095319606404,0.2084196038149599,0.0,0.0
VCB,BAD,UCB_WITHOUT_VAE_UNCERTAINTY,UCB-VAE without VAE uncertainty,46,9,test,0.4483210401702486,0.1677721600000001,1.0,20223,19.085850000000278,1.908585000000028,0.9530591778467823,5.367129154707441,-0.16762238285444042,4.53075906728806,0,0.0963855421686747,False,False,False,450,0,0.0,35.04415,0.12420178362985018,0.2824009358284464,0.0,0.0
VCB,BAD,UCB_WITHOUT_VAE_UNCERTAINTY,UCB-VAE without VAE uncertainty,46,10,train,0.4055437954651474,0.13421772800000006,1.0,22470,27.351360000000568,2.7351360000000566,0.30047805872788214,2.819644171427627,-0.5879120667060029,8.496769155575205,0,0.044058744993324434,False,False,False,2148,0,0.0,70.78863999999992,0.05547383838221415,0.20666190098869996,0.0,0.0
VCB,BAD,UCB_WITHOUT_VAE_UNCERTAINTY,UCB-VAE without VAE uncertainty,46,10,test,0.4055437954651474,0.13421772800000006,1.0,22470,24.556920000000446,2.455692000000045,1.2246156183593593,5.307327092953986,-0.11907116315725633,4.53075906728806,0,0.09036144578313253,False,False,False,453,0,0.0,35.50308000000001,0.12308154103460046,0.27945352638940735,0.0,0.0
VCB,BAD,UCB_WITHOUT_VAE_UNCERTAINTY,UCB-VAE without VAE uncertainty,46,11,train,0.3668482076545458,0.10737418240000006,1.0,24717,28.394169999998667,2.839416999999867,0.311792893443652,2.9334405072021648,-0.5601195925387757,8.595656746966366,0,0.04138851802403204,False,False,False,2154,0,0.0,71.1558299999999,0.057334229356666405,0.20514969398074007,0.0,0.0
VCB,BAD,UCB_WITHOUT_VAE_UNCERTAINTY,UCB-VAE without VAE uncertainty,46,11,test,0.3668482076545458,0.10737418240000006,1.0,24717,-19.779099999999517,-1.9779099999999514,-0.997290149642649,6.207347393881318,-0.4540989063793964,6.007390073021884,0,0.08835341365461848,False,False,False,454,0,0.0,35.5391,0.14488903492154048,0.2773792578812584,0.0,0.0
VCB,BAD,UCB_WITHOUT_VAE_UNCERTAINTY,UCB-VAE without VAE uncertainty,46,12,train,0.3318448191396838,0.08589934592000005,1.0,26964,14.664129999999545,1.4664129999999544,0.16199353825085971,3.0423633693183727,-0.5885431605033755,8.695285108042135,0,0.03871829105473965,False,False,False,2160,0,0.0,71.2858699999999,0.06078740809852337,0.20408854726743422,0.0,0.0
VCB,BAD,UCB_WITHOUT_VAE_UNCERTAINTY,UCB-VAE without VAE uncertainty,46,12,test,0.3318448191396838,0.08589934592000005,1.0,26964,-18.24899999999957,-1.8248999999999567,-0.9197845671800153,6.2258691496894185,-0.43988685426131147,6.281294330274386,0,0.08433734939759036,False,False,False,456,0,0.0,35.80899999999999,0.14636401678315186,0.2755942139699756,0.0,0.0
VCB,BAD,UCB_WITHOUT_VAE_UNCERTAINTY,UCB-VAE without VAE uncertainty,46,13,train,0.3001813330203001,0.06871947673600004,1.0,29211,307.8537100000019,30.78537100000019,3.0290960135002543,5.663138288217281,0.20644580336489898,7.6264479977310105,0,0.03693813974187806,False,False,False,2164,0,0.0,74.26628999999994,0.11850788350338368,0.20102438727218838,0.0,0.0
VCB,BAD,UCB_WITHOUT_VAE_UNCERTAINTY,UCB-VAE without VAE uncertainty,46,13,test,0.3001813330203001,0.06871947673600004,1.0,29211,-14.666249999999309,-1.4666249999999308,-0.7385393241881699,6.23454122059467,-0.4096113267573557,6.281294330274386,0,0.08433734939759036,False,False,False,456,0,0.0,36.01625,0.1501848608876167,0.2741006996976324,0.0,0.0
VCB,BAD,UCB_WITHOUT_VAE_UNCERTAINTY,UCB-VAE without VAE uncertainty,46,14,train,0.27153906734917177,0.054975581388800036,1.0,31458,410.54988000000503,41.054988000000506,3.898693264874442,6.023394553469498,0.33833328953269687,6.255329538782814,0,0.03426791277258567,False,False,False,2165,0,0.0,74.38011999999989,0.1293921333287384,0.19981715976064557,0.0,0.0
VCB,BAD,UCB_WITHOUT_VAE_UNCERTAINTY,UCB-VAE without VAE uncertainty,46,14,test,0.27153906734917177,0.054975581388800036,1.0,31458,-8.997629999998935,-0.8997629999998934,-0.45244295072297547,5.80369768013302,-0.39447937550213447,5.847810828573267,0,0.0823293172690763,False,False,False,457,0,0.0,36.18763,0.14410566910375966,0.2724783501950612,0.0,0.0
VCB,BAD,UCB_WITHOUT_VAE_UNCERTAINTY,UCB-VAE without VAE uncertainty,46,15,train,0.24562974770943447,0.05,1.0,33705,380.0758400000036,38.007584000000364,3.646685797183924,6.875203367256563,0.26879340083715086,9.101276260804694,0,0.03159768580329328,False,False,False,2173,0,0.0,74.7841599999999,0.14887924898970897,0.1990195812552199,0.0,0.0
VCB,BAD,UCB_WITHOUT_VAE_UNCERTAINTY,UCB-VAE without VAE uncertainty,46,15,test,0.24562974770943447,0.05,1.0,33705,-17.709629999998924,-1.7709629999998926,-0.892477705559791,6.259240683457246,-0.4327234462360276,5.997534355035423,0,0.0783132530120482,False,False,False,459,0,0.0,36.15963,0.15864201037454612,0.2711717489972172,0.0,0.0
VCB,BAD,UCB_WITHOUT_VAE_UNCERTAINTY,UCB-VAE without VAE uncertainty,46,16,train,0.2221926058330938,0.05,1.0,35952,363.97669000000496,36.3976690000005,3.511549348879428,6.993805512432116,0.24658141903776393,8.760651700549491,0,0.030262572318647086,False,False,False,2176,0,0.0,74.55330999999991,0.15235189616033262,0.1982901410913011,0.0,0.0
VCB,BAD,UCB_WITHOUT_VAE_UNCERTAINTY,UCB-VAE without VAE uncertainty,46,16,test,0.2221926058330938,0.05,1.0,35952,-27.757719999999154,-2.7757719999999155,-1.4024189914354834,6.461626296898718,-0.49767001747529266,6.643618379779641,0,0.07630522088353414,False,False,False,460,0,0.0,36.47772,0.174030974900375,0.26994910474163464,0.0,0.0
VCB,BAD,UCB_WITHOUT_VAE_UNCERTAINTY,UCB-VAE without VAE uncertainty,46,17,train,0.20099175505933367,0.05,1.0,38199,289.3327300000026,28.93327300000026,2.8658402120020687,6.88882827273168,0.1576646983539046,9.576020573860587,0,0.030262572318647086,False,False,False,2177,0,0.0,74.79726999999993,0.14703101530116797,0.1981719740043495,0.0,0.0
VCB,BAD,UCB_WITHOUT_VAE_UNCERTAINTY,UCB-VAE without VAE uncertainty,46,17,test,0.20099175505933367,0.05,1.0,38199,5.846860000000106,0.5846860000000107,0.2929208512920001,6.463359951345489,-0.2315209837569935,6.246322235334398,0,0.07228915662650602,False,False,False,462,0,0.0,36.35313999999999,0.16963607123844335,0.2682702340873849,0.0,0.0
VCB,BAD,UCB_WITHOUT_VAE_UNCERTAINTY,UCB-VAE without VAE uncertainty,46,18,train,0.18181381621752543,0.05,1.0,40446,592.0974100000026,59.20974100000026,5.306806148837584,8.250688925512101,0.4307904139246918,10.668043827706205,0,0.01335113484646195,False,False,False,2190,0,0.0,77.36258999999991,0.20219876766106035,0.1967574193523256,0.0,0.0
VCB,BAD,UCB_WITHOUT_VAE_UNCERTAINTY,UCB-VAE without VAE uncertainty,46,18,test,0.18181381621752543,0.05,1.0,40446,4.858240000000023,0.4858240000000023,0.24345186177736622,6.4702152894000635,-0.23889809775794255,6.252348808740351,0,0.07228915662650602,False,False,False,462,0,0.0,36.44175999999999,0.1701566794574856,0.2666400378667207,0.0,0.0
VCB,BAD,UCB_WITHOUT_VAE_UNCERTAINTY,UCB-VAE without VAE uncertainty,46,19,train,0.16446577004027732,0.05,1.0,42693,299.72495000000345,29.972495000000343,2.957698596085878,7.193052389334661,0.16646033727263373,9.54686504927915,0,0.02848242100578549,False,False,False,2183,0,0.0,75.12504999999992,0.1589257528023586,0.19661735127210406,0.0,0.0
VCB,BAD,UCB_WITHOUT_VAE_UNCERTAINTY,UCB-VAE without VAE uncertainty,46,19,test,0.16446577004027732,0.05,1.0,42693,5.447110000000066,0.5447110000000066,0.27292090907140576,6.571871765162335,-0.2296835319756181,6.252348808740351,0,0.07228915662650602,False,False,False,462,0,0.0,36.44288999999999,0.17284407473837984,0.2649295096356706,0.0,0.0
VCB,BAD,UCB_WITHOUT_VAE_UNCERTAINTY,UCB-VAE without VAE uncertainty,46,20,train,0.14877301449181102,0.05,1.0,44940,313.7496800000026,31.374968000000266,3.080635768187534,7.225904272607697,0.18268872162676103,9.9194389815979,0,0.027592345349354695,False,False,False,2185,0,0.0,75.41031999999993,0.15949924594245551,0.19572033380992582,0.0,0.0
VCB,BAD,UCB_WITHOUT_VAE_UNCERTAINTY,UCB-VAE without VAE uncertainty,46,20,test,0.14877301449181102,0.05,1.0,44940,5.447109999999839,0.5447109999999838,0.27292090907138356,6.571926092038815,-0.2296810906068777,6.252348808740351,0,0.07228915662650602,False,False,False,462,0,0.0,36.44288999999999,0.17318266336796861,0.26325732290026654,0.0,0.0
VCB,BAD,UCB_WITHOUT_VAE_UNCERTAINTY,UCB-VAE without VAE uncertainty,46,21,train,0.13457760745935274,0.05,1.0,47187,130.20364000000154,13.020364000000153,1.3702098625944625,6.268078492055595,-0.06892533701896304,9.502537184873676,0,0.02892745883400089,False,False,False,2182,0,0.0,74.51635999999993,0.13526813005773175,0.1956881988059164,0.0,0.0
VCB,BAD,UCB_WITHOUT_VAE_UNCERTAINTY,UCB-VAE without VAE uncertainty,46,21,test,0.13457760745935274,0.05,1.0,47187,14.566280000000006,1.4566280000000007,0.7281820234511294,6.4751059135252795,-0.16355158548118098,6.252348808740351,0,0.07630522088353414,False,False,False,460,0,0.0,36.333719999999985,0.16903563048444523,0.26172483817161807,0.0,0.0
VCB,BAD,UCB_WITHOUT_VAE_UNCERTAINTY,UCB-VAE without VAE uncertainty,46,22,train,0.12173667712083987,0.05,1.0,49434,125.45516000000225,12.545516000000227,1.3227665078875628,6.389967779472215,-0.07378396170347058,13.887626637809989,0,0.028037383177570093,False,False,False,2184,0,0.0,74.36483999999992,0.14221076438949345,0.19737262135221526,0.0,0.0
VCB,BAD,UCB_WITHOUT_VAE_UNCERTAINTY,UCB-VAE without VAE uncertainty,46,22,test,0.12173667712083987,0.05,1.0,49434,25.621189999999615,2.5621189999999614,1.2773566183448715,6.406839000100302,-0.08038071776974615,6.252348808740351,0,0.07630522088353414,False,False,False,460,0,0.0,36.428809999999984,0.16722067979312838,0.26033660138108167,0.0,0.0
VCB,BAD,UCB_WITHOUT_VAE_UNCERTAINTY,UCB-VAE without VAE uncertainty,46,23,train,0.11012098398984942,0.05,1.0,51681,123.44909000000098,12.344909000000099,1.3026698404568826,6.651051297114704,-0.07132772754385959,12.903645459746057,0,0.027592345349354695,False,False,False,2183,0,0.0,74.4409099999999,0.14878600804841283,0.19631219798517482,0.0,0.0
VCB,BAD,UCB_WITHOUT_VAE_UNCERTAINTY,UCB-VAE without VAE uncertainty,46,23,test,0.11012098398984942,0.05,1.0,51681,14.351879999999937,1.4351879999999937,0.7175018805168465,6.627512026273114,-0.15988422904271282,6.252348808740351,0,0.0783132530120482,False,False,False,459,0,0.0,35.988119999999974,0.17342977339341464,0.25929588154257543,0.0,0.0
VCB,BAD,UCB_WITHOUT_VAE_UNCERTAINTY,UCB-VAE without VAE uncertainty,46,24,train,0.1,0.05,1.0,53928,673.3491300000021,67.33491300000021,5.89122368876851,9.546358214522524,0.44282692518704164,12.89496639778597,0,0.012016021361815754,False,False,False,2193,0,0.0,77.87086999999993,0.23192320123290994,0.19391780420905705,0.0,0.0
VCB,BAD,UCB_WITHOUT_VAE_UNCERTAINTY,UCB-VAE without VAE uncertainty,46,24,test,0.1,0.05,1.0,53928,14.351879999999937,1.4351879999999937,0.7175018805168465,6.627512026273114,-0.15988422904271282,6.252348808740351,0,0.0783132530120482,False,False,False,459,0,0.0,35.988119999999974,0.17342977339341464,0.2581221338316619,0.0,0.0
VCB,BAD,UCB_WITHOUT_VAE_UNCERTAINTY,UCB-VAE without VAE uncertainty,46,25,train,0.1,0.05,1.0,56175,663.3430500000015,66.33430500000014,5.820632719674279,9.5855012027223,0.43439856152011314,13.944450579615737,0,0.02358700489541611,False,False,False,2192,0,0.0,77.47694999999993,0.23038627822409707,0.1939588519709345,0.0,0.0
VCB,BAD,UCB_WITHOUT_VAE_UNCERTAINTY,UCB-VAE without VAE uncertainty,46,25,test,0.1,0.05,1.0,56175,14.311240000000225,1.4311240000000225,0.7154773087017396,6.64520990936275,-0.15958530804048743,6.252348808740351,0,0.0783132530120482,False,False,False,459,0,0.0,36.108759999999975,0.1772891252526037,0.2566563336245985,0.0,0.0
VCB,BAD,UCB_WITHOUT_VAE_UNCERTAINTY,UCB-VAE without VAE uncertainty,46,26,train,0.1,0.05,1.0,58422,652.4835900000023,65.24835900000024,5.743592940270004,9.72925249679603,0.42185053491730046,13.455803703930552,0,0.02358700489541611,False,False,False,2193,0,0.0,78.01640999999996,0.23383378230915763,0.19306712928856007,0.0,0.0
VCB,BAD,UCB_WITHOUT_VAE_UNCERTAINTY,UCB-VAE without VAE uncertainty,46,26,test,0.1,0.05,1.0,58422,-6.287259999999492,-0.6287259999999492,-0.315938215576117,6.772793749109575,-0.3086067889572776,7.300355209562557,0,0.07630522088353414,False,False,False,460,0,0.0,36.48725999999998,0.18100399264710954,0.25535813042796757,0.0,0.0
VCB,BAD,UCB_WITHOUT_VAE_UNCERTAINTY,UCB-VAE without VAE uncertainty,46,27,train,0.1,0.05,1.0,60669,658.237420000002,65.8237420000002,5.784467935227866,9.662339237056582,0.4281420854427319,13.65285396871625,0,0.022696929238985315,False,False,False,2195,0,0.0,77.87257999999993,0.23283716352232914,0.19190857053452934,0.0,0.0
VCB,BAD,UCB_WITHOUT_VAE_UNCERTAINTY,UCB-VAE without VAE uncertainty,46,27,test,0.1,0.05,1.0,60669,-0.4764699999999493,-0.04764699999999493,-0.02390814990755885,6.79436510444686,-0.26399023782227427,7.2605118538557125,0,0.07429718875502007,False,False,False,461,0,0.0,36.80646999999997,0.18442553114686674,0.2535537878672282,0.0,0.0
VCB,BAD,UCB_WITHOUT_VAE_UNCERTAINTY,UCB-VAE without VAE uncertainty,46,28,train,0.1,0.05,1.0,62916,637.7951100000025,63.779511000000255,5.638670009450575,9.506507789544214,0.41898034904324416,13.65285396871625,0,0.022696929238985315,False,False,False,2193,0,0.0,77.52488999999994,0.2300489640920193,0.1908418957125785,0.0,0.0
VCB,BAD,UCB_WITHOUT_VAE_UNCERTAINTY,UCB-VAE without VAE uncertainty,46,28,test,0.1,0.05,1.0,62916,-13.918680000000109,-1.3918680000000108,-0.7007624565136927,6.762565314453408,-0.36685946434837513,7.415005963335367,0,0.0783132530120482,False,False,False,459,0,0.0,37.13868,0.18140204854852562,0.2519564793770572,0.0,0.0
VCB,BAD,UCB_WITHOUT_VAE_UNCERTAINTY,UCB-VAE without VAE uncertainty,46,29,train,0.1,0.05,1.0,65163,612.6814800000029,61.26814800000029,5.457324908293271,9.385679443870913,0.40471597486273975,14.30049351315347,0,0.011570983533600357,False,False,False,2193,0,0.0,77.88851999999994,0.23321642785378222,0.19005806117082735,0.0,0.0
VCB,BAD,UCB_WITHOUT_VAE_UNCERTAINTY,UCB-VAE without VAE uncertainty,46,29,test,0.1,0.05,1.0,65163,-26.93193000000008,-2.693193000000008,-1.3604113451332722,6.884433185178003,-0.4568122092231902,7.415005963335367,0,0.0783132530120482,False,False,False,459,0,0.0,37.22192999999999,0.18501898024329688,0.2504915631260259,0.0,0.0
VCB,BAD,UCB_WITHOUT_VAE_UNCERTAINTY,UCB-VAE without VAE uncertainty,46,30,train,0.1,0.05,1.0,67410,624.7842800000024,62.47842800000023,5.545030003392326,10.110022932870825,0.3909571755838995,14.30049351315347,0,0.011125945705384957,False,False,False,2197,0,0.0,78.66571999999992,0.25782610181316995,0.18890477518638504,0.0,0.0
VCB,BAD,UCB_WITHOUT_VAE_UNCERTAINTY,UCB-VAE without VAE uncertainty,46,30,test,0.1,0.05,1.0,67410,-26.93193000000008,-2.693193000000008,-1.3604113451332722,6.884433185178003,-0.4568122092231902,7.415005963335367,0,0.0783132530120482,False,False,False,459,0,0.0,37.22192999999999,0.18501898024329688,0.24890665264134426,0.0,0.0
VCB,BAD,UCB_WITHOUT_VAE_UNCERTAINTY,UCB-VAE without VAE uncertainty,46,31,train,0.1,0.05,1.0,69657,361.024720000001,36.102472000000105,3.4866167973856665,10.34086645849435,0.19245296265950843,18.59332027082145,0,0.0026702269692923898,False,False,False,2202,0,0.0,79.19527999999997,0.27392151569738843,0.1880754164764496,0.0,0.0
VCB,BAD,UCB_WITHOUT_VAE_UNCERTAINTY,UCB-VAE without VAE uncertainty,46,31,test,0.1,0.05,1.0,69657,-25.254629999999793,-2.5254629999999794,-1.2751423323235311,6.86106193643491,-0.4459013190811876,7.359336114318357,0,0.0783132530120482,False,False,False,459,0,0.0,37.22462999999999,0.18277868841743558,0.2471418757455416,0.0,0.0
VCB,BAD,UCB_WITHOUT_VAE_UNCERTAINTY,UCB-VAE without VAE uncertainty,46,32,train,0.1,0.05,1.0,71904,729.6622700000023,72.96622700000023,6.281642009919031,10.935399045644479,0.43355350686545935,16.459819379997697,1,0.004005340453938585,False,False,False,2202,0,0.0,80.84772999999997,0.29586266537676176,0.1870953097614544,0.0,0.0
VCB,BAD,UCB_WITHOUT_VAE_UNCERTAINTY,UCB-VAE without VAE uncertainty,46,32,test,0.1,0.05,1.0,71904,-25.254629999999793,-2.5254629999999794,-1.2751423323235311,6.86106193643491,-0.4459013190811876,7.359336114318357,0,0.0783132530120482,False,False,False,459,0,0.0,37.22462999999999,0.18277868841743558,0.24555151550525642,0.0,0.0
VCB,BAD,UCB_WITHOUT_VAE_UNCERTAINTY,UCB-VAE without VAE uncertainty,46,33,train,0.1,0.05,1.0,74151,759.6011800000003,75.96011800000004,6.4846300193538875,11.507981006849556,0.43429447821379613,18.022080898525374,1,0.003115264797507788,False,False,False,2204,0,0.0,81.74881999999994,0.3151905253307234,0.18707158210930636,0.0,0.0
VCB,BAD,UCB_WITHOUT_VAE_UNCERTAINTY,UCB-VAE without VAE uncertainty,46,33,test,0.1,0.05,1.0,74151,-25.254629999999793,-2.5254629999999794,-1.2751423323235311,6.86106193643491,-0.4459013190811876,7.359336114318357,0,0.0783132530120482,False,False,False,459,0,0.0,37.22462999999999,0.18277868841743558,0.24412093927941647,0.0,0.0
VCB,BAD,UCB_WITHOUT_VAE_UNCERTAINTY,UCB-VAE without VAE uncertainty,46,34,train,0.1,0.05,1.0,76398,811.3276000000023,81.13276000000023,6.8282141472886915,11.586059929768522,0.46019689323921975,17.96685409083278,1,0.003115264797507788,False,False,False,2202,0,0.0,82.08239999999998,0.3174405991438629,0.18615652933471405,0.0,0.0
VCB,BAD,UCB_WITHOUT_VAE_UNCERTAINTY,UCB-VAE without VAE uncertainty,46,34,test,0.1,0.05,1.0,76398,-25.394769999999312,-2.5394769999999314,-1.2822638384248908,6.855321063009229,-0.44739358771520543,7.372655144124978,0,0.0783132530120482,False,False,False,459,0,0.0,37.10476999999999,0.1824392663554919,0.24259858856718225,0.0,0.0
VCB,BAD,UCB_WITHOUT_VAE_UNCERTAINTY,UCB-VAE without VAE uncertainty,46,35,train,0.1,0.05,1.0,78645,718.4710600000017,71.84710600000017,6.2049622211895805,11.70015564326552,0.4064165080832244,21.227016422238904,1,0.0017801513128615932,False,False,False,2205,0,0.0,81.42893999999991,0.32004139773702084,0.18477974130768324,0.0,0.0
VCB,BAD,UCB_WITHOUT_VAE_UNCERTAINTY,UCB-VAE without VAE uncertainty,46,35,test,0.1,0.05,1.0,78645,6.624969999999962,0.6624969999999962,0.33183921555919316,6.5342267341898115,-0.22236961976532837,7.289508609859192,0,0.08032128514056225,False,False,False,458,0,0.0,37.505030000000005,0.17277942770120464,0.24085910672164826,0.0,0.0
VCB,BAD,UCB_WITHOUT_VAE_UNCERTAINTY,UCB-VAE without VAE uncertainty,46,36,train,0.1,0.05,1.0,80892,913.3185300000009,91.3318530000001,7.480862414230205,11.557375827837856,0.5141962828924932,16.29699209830133,1,0.004005340453938585,False,False,False,2200,0,0.0,82.76146999999997,0.31777983487759853,0.18390570432411918,0.0,0.0
VCB,BAD,UCB_WITHOUT_VAE_UNCERTAINTY,UCB-VAE without VAE uncertainty,46,36,test,0.1,0.05,1.0,80892,-2.0105400000001055,-0.20105400000001053,-0.10092279493866263,6.6793596189440665,-0.2813626401841187,7.289508609859192,0,0.0823293172690763,False,False,False,457,0,0.0,37.39054,0.17732066651298237,0.23917906234661737,0.0,0.0
VCB,BAD,UCB_WITHOUT_VAE_UNCERTAINTY,UCB-VAE without VAE uncertainty,46,37,train,0.1,0.05,1.0,83139,978.5935900000027,97.85935900000027,7.882515569802484,11.639416564219111,0.5437208820938518,16.271591473812418,1,0.0004450378282153983,False,False,False,2202,0,0.0,82.79641,0.31927324301489346,0.18297223734508158,0.0,0.0
VCB,BAD,UCB_WITHOUT_VAE_UNCERTAINTY,UCB-VAE without VAE uncertainty,46,37,test,0.1,0.05,1.0,83139,-2.0105400000001055,-0.20105400000001053,-0.10092279493866263,6.6793596189440665,-0.2813626401841187,7.289508609859192,0,0.0823293172690763,False,False,False,457,0,0.0,37.39054,0.17732066651298237,0.2379076987145895,0.0,0.0
VCB,BAD,UCB_WITHOUT_VAE_UNCERTAINTY,UCB-VAE without VAE uncertainty,46,38,train,0.1,0.05,1.0,85386,868.5467200000021,86.8546720000002,7.198268165292387,11.643653152246767,0.48844715498513697,18.51093494073124,1,0.0,False,False,False,2208,0,0.0,82.86327999999997,0.32119131394409967,0.18212238552308263,0.0,0.0
VCB,BAD,UCB_WITHOUT_VAE_UNCERTAINTY,UCB-VAE without VAE uncertainty,46,38,test,0.1,0.05,1.0,85386,-9.040900000001102,-0.9040900000001103,-0.4546237032204137,6.661579420325396,-0.3360072152990926,7.487020107267359,0,0.07630522088353414,False,False,False,460,0,0.0,37.800900000000006,0.17816653594263537,0.23679788647047487,0.0,0.0
VCB,BAD,UCB_WITHOUT_VAE_UNCERTAINTY,UCB-VAE without VAE uncertainty,46,39,train,0.1,0.05,1.0,87633,673.7359800000015,67.37359800000016,5.893945300960968,9.882808171651902,0.4314085372989461,14.761151284128015,0,0.004005340453938585,False,False,False,2196,0,0.0,81.14401999999991,0.2703118588498821,0.1808259612986338,0.0,0.0
VCB,BAD,UCB_WITHOUT_VAE_UNCERTAINTY,UCB-VAE without VAE uncertainty,46,39,test,0.1,0.05,1.0,87633,15.27157000000011,1.5271570000000112,0.7633074773889303,6.536209236849169,-0.15608507892972848,7.5325204803761,0,0.07630522088353414,False,False,False,460,0,0.0,37.91843,0.1708289063442441,0.23481408291193376,0.0,0.0
VCB,BAD,UCB_WITHOUT_VAE_UNCERTAINTY,UCB-VAE without VAE uncertainty,46,40,train,0.1,0.05,1.0,89880,680.9692900000016,68.09692900000016,5.944731238847734,9.877674428071938,0.43648922205302565,15.750466479178035,0,0.004450378282153983,False,False,False,2197,0,0.0,81.18070999999992,0.2689511596399368,0.18005523837946977,0.0,0.0
VCB,BAD,UCB_WITHOUT_VAE_UNCERTAINTY,UCB-VAE without VAE uncertainty,46,40,test,0.1,0.05,1.0,89880,14.080370000000585,1.4080370000000584,0.7039752400515464,6.382825275458333,-0.17067801425099524,7.5282450402925125,0,0.08634538152610442,False,False,False,455,0,0.0,37.72963,0.16836381007589163,0.23335568361493,0.0,0.0
VCB,BAD,UCB_WITHOUT_VAE_UNCERTAINTY,UCB-VAE without VAE uncertainty,46,41,train,0.1,0.05,1.0,92127,434.43116999999984,43.44311699999998,4.092821608011588,8.888402777954369,0.2745065388996838,15.750466479178035,0,0.011570983533600357,False,False,False,2194,0,0.0,78.79882999999991,0.23007607102917807,0.17914766195579587,0.0,0.0
VCB,BAD,UCB_WITHOUT_VAE_UNCERTAINTY,UCB-VAE without VAE uncertainty,46,41,test,0.1,0.05,1.0,92127,1.6522799999994504,0.16522799999994503,0.08286360509119906,6.445422445493169,-0.265217580954576,7.571524046007112,0,0.08032128514056225,False,False,False,458,0,0.0,37.78771999999999,0.16822259209778737,0.2319442523291791,0.0,0.0
VCB,BAD,UCB_WITHOUT_VAE_UNCERTAINTY,UCB-VAE without VAE uncertainty,46,42,train,0.1,0.05,1.0,94374,103.51904000000104,10.351904000000104,1.1012604894368616,7.250709556095513,-0.08738110953883839,15.750466479178035,0,0.016911437472185136,False,False,False,2182,0,0.0,76.51095999999997,0.16883897328973346,0.17986999274719329,0.0,0.0
VCB,BAD,UCB_WITHOUT_VAE_UNCERTAINTY,UCB-VAE without VAE uncertainty,46,42,test,0.1,0.05,1.0,94374,1.384479999999371,0.13844799999993712,0.06943777680430419,6.522290609019857,-0.2634003380538021,7.571524046007112,0,0.08032128514056225,False,False,False,458,0,0.0,37.81552,0.17052545675426248,0.23039137482284064,0.0,0.0
VCB,BAD,UCB_WITHOUT_VAE_UNCERTAINTY,UCB-VAE without VAE uncertainty,46,43,train,0.1,0.05,1.0,96621,1565.3857200000002,156.53857200000004,11.043347642213885,19.693010708596205,0.5331028201752299,27.577097415379743,4,0.0017801513128615932,False,False,False,2225,0,0.0,103.67427999999987,0.587227234363532,0.19715588489770358,0.0,0.0
VCB,BAD,UCB_WITHOUT_VAE_UNCERTAINTY,UCB-VAE without VAE uncertainty,46,43,test,0.1,0.05,1.0,96621,-9.116240000001085,-0.9116240000001086,-0.4584208558131908,6.575231582368316,-0.341894732896922,7.571524046007112,0,0.0783132530120482,False,False,False,459,0,0.0,37.89624,0.17028995347579523,0.22912924958161082,0.0,0.0
VCB,BAD,UCB_WITHOUT_VAE_UNCERTAINTY,UCB-VAE without VAE uncertainty,46,44,train,0.1,0.05,1.0,98868,1590.0394000000024,159.00394000000026,11.161496333067378,19.951194617701425,0.5341460837674546,27.58159539704465,5,0.0008900756564307966,False,False,False,2229,0,0.0,104.22059999999983,0.6012300046399806,0.1974561962986661,0.0,0.0
VCB,BAD,UCB_WITHOUT_VAE_UNCERTAINTY,UCB-VAE without VAE uncertainty,46,44,test,0.1,0.05,1.0,98868,-11.049230000001103,-1.1049230000001105,-0.555893219524306,6.632132774983633,-0.3532923719638002,7.571524046007112,0,0.08032128514056225,False,False,False,458,0,0.0,37.89923,0.17306743184483722,0.2276248965098197,0.0,0.0
VCB,BAD,UCB_WITHOUT_VAE_UNCERTAINTY,UCB-VAE without VAE uncertainty,46,45,train,0.1,0.05,1.0,101115,1556.1816299999991,155.6181629999999,10.998979723991887,19.877695672322822,0.5279989805696506,27.431778716929482,4,0.0,False,False,False,2226,0,0.0,103.3883699999999,0.5942545720023213,0.19439161180269468,0.0,0.0
VCB,BAD,UCB_WITHOUT_VAE_UNCERTAINTY,UCB-VAE without VAE uncertainty,46,45,test,0.1,0.05,1.0,101115,-14.926290000000563,-1.4926290000000562,-0.7516832428803633,6.765776248798494,-0.3743745280769459,7.8297402220519885,0,0.08032128514056225,False,False,False,457,0,0.0,37.97629,0.17712953102483278,0.22637382371119227,0.0,0.0
VCB,BAD,UCB_WITHOUT_VAE_UNCERTAINTY,UCB-VAE without VAE uncertainty,47,1,train,1.0,1.0,1.0,2247,1041.589220000002,104.15892200000019,8.259126594508581,13.773911923908205,0.5047179299164908,18.098965309796284,2,0.027147307521139297,False,False,False,2106,0,0.0,153.49077999999997,0.38504360000914634,0.27424455230826,0.0,0.0
VCB,BAD,UCB_WITHOUT_VAE_UNCERTAINTY,UCB-VAE without VAE uncertainty,47,1,test,1.0,1.0,1.0,2247,251.8470399999992,25.18470399999992,11.929131038876584,18.857552395916237,0.5910501919759423,23.259702612317664,0,0.0321285140562249,False,False,False,304,0,0.0,43.19295999999999,0.6852912682217075,0.3506005265746251,0.0,0.0
VCB,BAD,UCB_WITHOUT_VAE_UNCERTAINTY,UCB-VAE without VAE uncertainty,47,2,train,0.9045834549972122,0.8,1.0,4494,1261.4725400000007,126.14725400000006,9.497394092164457,13.95586113505438,0.5821462909283321,18.798405951313903,1,0.016911437472185136,False,False,False,2105,0,0.0,152.34745999999998,0.39212273778071904,0.2685597878617608,0.0,0.0
VCB,BAD,UCB_WITHOUT_VAE_UNCERTAINTY,UCB-VAE without VAE uncertainty,47,2,test,0.9045834549972122,0.8,1.0,4494,274.7275599999998,27.472755999999983,12.950899245191172,19.388885431210205,0.6272867730586702,24.85986159970586,0,0.0321285140562249,False,False,False,305,0,0.0,42.66244000000002,0.6888139639830221,0.34669463336467743,0.0,0.0
VCB,BAD,UCB_WITHOUT_VAE_UNCERTAINTY,UCB-VAE without VAE uncertainty,47,3,train,0.8182712270546932,0.6400000000000001,1.0,6741,1224.1334199999997,122.41334199999996,9.29488724460259,13.011723554786672,0.6002738194738951,17.75955127052332,2,0.015131286159323543,False,False,False,2110,0,0.0,151.02658000000002,0.34986284057173667,0.27274563146608377,0.0,0.0
VCB,BAD,UCB_WITHOUT_VAE_UNCERTAINTY,UCB-VAE without VAE uncertainty,47,3,test,0.8182712270546932,0.6400000000000001,1.0,6741,214.41178999999852,21.441178999999853,10.237116966320015,17.975945763218302,0.5254474674315592,23.802173474215376,0,0.0321285140562249,False,False,False,304,0,0.0,41.07821000000002,0.642777828779976,0.34330491569027843,0.0,0.0
VCB,BAD,UCB_WITHOUT_VAE_UNCERTAINTY,UCB-VAE without VAE uncertainty,47,4,train,0.7401946136939427,0.5120000000000001,1.0,8988,1234.8926399999978,123.48926399999978,9.353547349176615,12.97837473691819,0.6056601595839098,18.45557607384629,2,0.02892745883400089,False,False,False,2100,0,0.0,149.99735999999987,0.3627262118231932,0.2639934640820418,0.0,0.0
VCB,BAD,UCB_WITHOUT_VAE_UNCERTAINTY,UCB-VAE without VAE uncertainty,47,4,test,0.7401946136939427,0.5120000000000001,1.0,8988,266.5183499999987,26.651834999999867,12.585362511926256,17.91196151400461,0.6453903371169609,18.80433729612538,0,0.03614457831325301,False,False,False,302,0,0.0,40.14165000000004,0.6489449173287637,0.3387793900078559,0.0,0.0
VCB,BAD,UCB_WITHOUT_VAE_UNCERTAINTY,UCB-VAE without VAE uncertainty,47,5,train,0.6695678010255933,0.4096000000000001,1.0,11235,1270.142699999999,127.0142699999999,9.543990842950922,12.724153320764986,0.628995570077782,16.450307562624133,2,0.01335113484646195,False,False,False,2112,0,0.0,150.0272999999999,0.3429428609198606,0.26536634152578575,0.0,0.0
VCB,BAD,UCB_WITHOUT_VAE_UNCERTAINTY,UCB-VAE without VAE uncertainty,47,5,test,0.6695678010255933,0.4096000000000001,1.0,11235,192.43645999999944,19.243645999999945,9.231743357899958,16.27366182072593,0.5056854994785642,16.61698108095136,0,0.03815261044176707,False,False,False,295,0,0.0,38.603540000000024,0.5730510717498928,0.33943322348786165,0.0,0.0
VCB,BAD,UCB_WITHOUT_VAE_UNCERTAINTY,UCB-VAE without VAE uncertainty,47,6,train,0.6056799548066172,0.3276800000000001,1.0,13482,1312.8108199999992,131.2810819999999,9.771026290277373,12.322917870059543,0.6623405522349316,17.30741676215372,1,0.01335113484646195,False,False,False,2112,0,0.0,149.47917999999987,0.33368538936260933,0.26313103567667945,0.0,0.0
VCB,BAD,UCB_WITHOUT_VAE_UNCERTAINTY,UCB-VAE without VAE uncertainty,47,6,test,0.6056799548066172,0.3276800000000001,1.0,13482,229.57007999999996,22.957007999999995,10.92533594071703,17.013715558456106,0.582149021909334,19.995989009457148,0,0.04216867469879518,False,False,False,289,0,0.0,37.569920000000025,0.5885731072591647,0.3354497391536054,0.0,0.0
VCB,BAD,UCB_WITHOUT_VAE_UNCERTAINTY,UCB-VAE without VAE uncertainty,47,7,train,0.547888066141525,0.2621440000000001,1.0,15729,1509.6146599999984,150.96146599999983,10.772305308571495,12.61695559240206,0.7223988969929123,16.58752010247303,0,0.010680907877169559,False,False,False,2111,0,0.0,149.06533999999988,0.35939781587476083,0.2560046995195432,0.0,0.0
VCB,BAD,UCB_WITHOUT_VAE_UNCERTAINTY,UCB-VAE without VAE uncertainty,47,7,test,0.547888066141525,0.2621440000000001,1.0,15729,159.92977999999948,15.99297799999995,7.72747500887494,15.841355284160821,0.4268309083838178,16.800250310022516,0,0.03614457831325301,False,False,False,294,0,0.0,38.53022000000003,0.5653322201053209,0.333121186907751,0.0,0.0
VCB,BAD,UCB_WITHOUT_VAE_UNCERTAINTY,UCB-VAE without VAE uncertainty,47,8,train,0.49561047982204176,0.20971520000000007,1.0,17976,1305.5371499999974,130.55371499999976,9.732588021180689,13.230658579836135,0.6230042852170986,19.67793596824004,1,0.017356475300400534,False,False,False,2084,0,0.0,147.17284999999998,0.3636106224237727,0.24962090577185816,0.0,0.0
VCB,BAD,UCB_WITHOUT_VAE_UNCERTAINTY,UCB-VAE without VAE uncertainty,47,8,test,0.49561047982204176,0.20971520000000007,1.0,17976,168.29847999999924,16.829847999999924,8.116729004550272,16.338847483520702,0.44095118310737896,19.30590049966615,0,0.09236947791164658,False,False,False,287,0,0.0,37.20152000000002,0.5684543726848893,0.3312968152115144,0.0,0.0
VCB,BAD,UCB_WITHOUT_VAE_UNCERTAINTY,UCB-VAE without VAE uncertainty,47,9,train,0.4483210401702486,0.1677721600000001,1.0,20223,1354.41266,135.44126599999998,9.988831628233807,12.034412760799537,0.6919085777662969,16.86805234169778,0,0.009345794392523364,False,False,False,2118,0,0.0,150.43733999999998,0.323589240598464,0.2563172017779942,0.0,0.0
VCB,BAD,UCB_WITHOUT_VAE_UNCERTAINTY,UCB-VAE without VAE uncertainty,47,9,test,0.4483210401702486,0.1677721600000001,1.0,20223,166.34691999999973,16.634691999999973,8.02608048939284,15.494446212738906,0.4508074027364842,15.178223631224219,0,0.09036144578313253,False,False,False,289,0,0.0,37.653080000000024,0.5473052877224639,0.33004134824596737,0.0,0.0
VCB,BAD,UCB_WITHOUT_VAE_UNCERTAINTY,UCB-VAE without VAE uncertainty,47,10,train,0.4055437954651474,0.13421772800000006,1.0,22470,1350.2087199999996,135.02087199999997,9.966978066283772,12.002202168033,0.691769671374115,16.55518337503409,0,0.010680907877169559,False,False,False,2118,0,0.0,150.02127999999988,0.3226550668327402,0.2538367601191939,0.0,0.0
VCB,BAD,UCB_WITHOUT_VAE_UNCERTAINTY,UCB-VAE without VAE uncertainty,47,10,test,0.4055437954651474,0.13421772800000006,1.0,22470,145.75379999999996,14.575379999999996,7.064899795704127,15.532397094046585,0.3920842659907651,16.13447262485696,0,0.09036144578313253,False,False,False,286,0,0.0,37.106200000000015,0.5448073392515022,0.32782835253031856,0.0,0.0
VCB,BAD,UCB_WITHOUT_VAE_UNCERTAINTY,UCB-VAE without VAE uncertainty,47,11,train,0.3668482076545458,0.10737418240000006,1.0,24717,1447.0040099999997,144.70040099999997,10.461569005525885,13.164558910604585,0.6761981177858902,18.774323140515037,0,0.014241210502892745,False,False,False,2100,0,0.0,149.64598999999998,0.36261222965563966,0.24390465156086083,0.0,0.0
VCB,BAD,UCB_WITHOUT_VAE_UNCERTAINTY,UCB-VAE without VAE uncertainty,47,11,test,0.3668482076545458,0.10737418240000006,1.0,24717,143.53725000000009,14.35372500000001,6.96093132376816,15.503046914807033,0.3862015366739363,16.13447262485696,0,0.09036144578313253,False,False,False,286,0,0.0,36.822750000000035,0.5446632343386166,0.32586335701995106,0.0,0.0
VCB,BAD,UCB_WITHOUT_VAE_UNCERTAINTY,UCB-VAE without VAE uncertainty,47,12,train,0.3318448191396838,0.08589934592000005,1.0,26964,1431.3660899999986,143.13660899999988,10.38285590821344,13.015341430893221,0.6769449988038571,18.776074259694823,0,0.012461059190031152,False,False,False,2101,0,0.0,149.58390999999992,0.3587000370587074,0.24224623388179314,0.0,0.0
VCB,BAD,UCB_WITHOUT_VAE_UNCERTAINTY,UCB-VAE without VAE uncertainty,47,12,test,0.3318448191396838,0.08589934592000005,1.0,26964,74.3512399999995,7.435123999999951,3.6636804630547637,14.732205354198157,0.1841315756438884,16.12656956820307,0,0.09236947791164658,False,False,False,289,0,0.0,37.94876000000005,0.5120605269585172,0.32542874185316056,0.0,0.0
VCB,BAD,UCB_WITHOUT_VAE_UNCERTAINTY,UCB-VAE without VAE uncertainty,47,13,train,0.3001813330203001,0.06871947673600004,1.0,29211,1412.3772700000004,141.23772700000004,10.2866689344572,12.07791418673561,0.712443788679072,15.450704240128946,0,0.012016021361815754,False,False,False,2117,0,0.0,149.9327299999998,0.32150153223913447,0.25051506023819203,0.0,0.0
VCB,BAD,UCB_WITHOUT_VAE_UNCERTAINTY,UCB-VAE without VAE uncertainty,47,13,test,0.3001813330203001,0.06871947673600004,1.0,29211,74.3512399999995,7.435123999999951,3.6636804630547637,14.732205354198157,0.1841315756438884,16.12656956820307,0,0.09236947791164658,False,False,False,289,0,0.0,37.94876000000005,0.5120605269585172,0.32420920867876835,0.0,0.0
VCB,BAD,UCB_WITHOUT_VAE_UNCERTAINTY,UCB-VAE without VAE uncertainty,47,14,train,0.27153906734917177,0.054975581388800036,1.0,31458,1338.816099999999,133.8816099999999,9.907580075501588,12.182518193831827,0.6788548661429191,17.097006268707833,0,0.018691588785046728,False,False,False,2108,0,0.0,149.83389999999986,0.3422205377644163,0.24314441709291368,0.0,0.0
VCB,BAD,UCB_WITHOUT_VAE_UNCERTAINTY,UCB-VAE without VAE uncertainty,47,14,test,0.27153906734917177,0.054975581388800036,1.0,31458,77.1893799999998,7.718937999999981,3.80098580699606,14.71541977488506,0.19324362115561786,16.12656956820307,0,0.09236947791164658,False,False,False,289,0,0.0,38.34062000000005,0.5115916611624662,0.32329891397651417,0.0,0.0
VCB,BAD,UCB_WITHOUT_VAE_UNCERTAINTY,UCB-VAE without VAE uncertainty,47,15,train,0.24562974770943447,0.05,1.0,33705,1340.3153799999982,134.03153799999984,9.915411584989254,12.100876116164546,0.683205137658606,15.143168752761524,0,0.008455718736092568,False,False,False,2121,0,0.0,151.0746199999999,0.32577355527976914,0.2463904751616422,0.0,0.0
VCB,BAD,UCB_WITHOUT_VAE_UNCERTAINTY,UCB-VAE without VAE uncertainty,47,15,test,0.24562974770943447,0.05,1.0,33705,72.29076999999961,7.229076999999961,3.563884461704303,14.770354488500681,0.17744572302165976,16.12656956820307,0,0.09236947791164658,False,False,False,292,0,0.0,39.16923000000004,0.5161955016152623,0.3224482297837495,0.0,0.0
VCB,BAD,UCB_WITHOUT_VAE_UNCERTAINTY,UCB-VAE without VAE uncertainty,47,16,train,0.2221926058330938,0.05,1.0,35952,1438.4120799999992,143.8412079999999,10.418377260311429,12.012147255109468,0.7256973311715527,16.51599613121128,0,0.017356475300400534,False,False,False,2133,0,0.0,152.18791999999993,0.3235506959251039,0.24645660470791483,0.0,0.0
VCB,BAD,UCB_WITHOUT_VAE_UNCERTAINTY,UCB-VAE without VAE uncertainty,47,16,test,0.2221926058330938,0.05,1.0,35952,120.58829999999898,12.058829999999897,5.8785396086133535,15.066557022803087,0.3248863906163358,16.12656956820307,0,0.09236947791164658,False,False,False,289,0,0.0,38.43170000000004,0.524729227056014,0.32160195543703785,0.0,0.0
VCB,BAD,UCB_WITHOUT_VAE_UNCERTAINTY,UCB-VAE without VAE uncertainty,47,17,train,0.20099175505933367,0.05,1.0,38199,1408.9556499999976,140.89556499999975,10.269265365243442,11.91819501662701,0.7190377135682771,15.470129643971624,0,0.01290609701824655,False,False,False,2135,0,0.0,152.71435000000005,0.3216876620025756,0.24522950246591912,0.0,0.0
VCB,BAD,UCB_WITHOUT_VAE_UNCERTAINTY,UCB-VAE without VAE uncertainty,47,17,test,0.20099175505933367,0.05,1.0,38199,231.73708999999917,23.173708999999917,11.023376698239208,15.645363593968609,0.6244543352778192,15.431876780461243,0,0.03614457831325301,False,False,False,295,0,0.0,39.872910000000026,0.5465820582322479,0.31952560070647773,0.0,0.0
VCB,BAD,UCB_WITHOUT_VAE_UNCERTAINTY,UCB-VAE without VAE uncertainty,47,18,train,0.18181381621752543,0.05,1.0,40446,1468.4477599999973,146.8447759999997,10.568781840756136,13.186039041687412,0.682724273342131,17.24201007794933,0,0.01290609701824655,False,False,False,2113,0,0.0,152.31223999999995,0.36659137852104295,0.23372154641095724,0.0,0.0
VCB,BAD,UCB_WITHOUT_VAE_UNCERTAINTY,UCB-VAE without VAE uncertainty,47,18,test,0.18181381621752543,0.05,1.0,40446,220.66880999999898,22.0668809999999,10.521714970685881,15.688208567405916,0.5940389524291857,15.620283047128686,0,0.03614457831325301,False,False,False,294,0,0.0,39.86119000000002,0.5480409991371058,0.3183889768149958,0.0,0.0
VCB,BAD,UCB_WITHOUT_VAE_UNCERTAINTY,UCB-VAE without VAE uncertainty,47,19,train,0.16446577004027732,0.05,1.0,42693,1412.1309100000021,141.21309100000022,10.28541659360178,12.116786895760905,0.7104417144190452,15.64000307924811,0,0.015131286159323543,False,False,False,2140,0,0.0,154.25909,0.32247443855119956,0.2426194384243152,0.0,0.0
VCB,BAD,UCB_WITHOUT_VAE_UNCERTAINTY,UCB-VAE without VAE uncertainty,47,19,test,0.16446577004027732,0.05,1.0,42693,218.7933699999994,21.87933699999994,10.436487789812944,15.609574033564963,0.5912677407092838,15.620283047128686,0,0.03614457831325301,False,False,False,289,0,0.0,38.83663000000005,0.5458947363100906,0.31734031088739995,0.0,0.0
VCB,BAD,UCB_WITHOUT_VAE_UNCERTAINTY,UCB-VAE without VAE uncertainty,47,20,train,0.14877301449181102,0.05,1.0,44940,1455.709749999999,145.57097499999992,10.505195610036067,13.31476334930386,0.6730426884588121,17.243577291562417,0,0.016911437472185136,False,False,False,2110,0,0.0,152.02024999999992,0.3679615091541894,0.23110209787401242,0.0,0.0
VCB,BAD,UCB_WITHOUT_VAE_UNCERTAINTY,UCB-VAE without VAE uncertainty,47,20,test,0.14877301449181102,0.05,1.0,44940,216.68481999999926,21.668481999999926,10.340589124111155,15.705325701650077,0.5830582077911037,15.620283047128686,0,0.03614457831325301,False,False,False,291,0,0.0,39.545180000000045,0.5464075730814593,0.3166903181966529,0.0,0.0
VCB,BAD,UCB_WITHOUT_VAE_UNCERTAINTY,UCB-VAE without VAE uncertainty,47,21,train,0.13457760745935274,0.05,1.0,47187,1432.3926600000023,143.23926600000024,10.388036903705622,12.009349106915623,0.723550916469108,17.386496407927392,0,0.016911437472185136,False,False,False,2156,0,0.0,157.41734000000008,0.3215182529589389,0.2401977901458475,0.0,0.0
VCB,BAD,UCB_WITHOUT_VAE_UNCERTAINTY,UCB-VAE without VAE uncertainty,47,21,test,0.13457760745935274,0.05,1.0,47187,217.88578999999936,21.788578999999935,10.395220413321393,15.679578276806389,0.5869469033587137,15.587886937264006,0,0.03614457831325301,False,False,False,289,0,0.0,39.184210000000036,0.548052591277495,0.31541306630195864,0.0,0.0
VCB,BAD,UCB_WITHOUT_VAE_UNCERTAINTY,UCB-VAE without VAE uncertainty,47,22,train,0.12173667712083987,0.05,1.0,49434,1723.3663499999975,172.33663499999977,11.78363594632621,13.265748719401987,0.7625248447909228,17.007181718847836,0,0.004005340453938585,False,False,False,2135,0,0.0,154.08364999999995,0.37036481288275286,0.23072725087470566,0.0,0.0
VCB,BAD,UCB_WITHOUT_VAE_UNCERTAINTY,UCB-VAE without VAE uncertainty,47,22,test,0.12173667712083987,0.05,1.0,49434,150.9279199999994,15.09279199999994,7.307205339655565,15.45450126547448,0.408041840278197,18.04020298035428,0,0.040160642570281124,False,False,False,294,0,0.0,40.30208000000002,0.5382116560195209,0.3150633698306888,0.0,0.0
VCB,BAD,UCB_WITHOUT_VAE_UNCERTAINTY,UCB-VAE without VAE uncertainty,47,23,train,0.11012098398984942,0.05,1.0,51681,1720.575069999999,172.05750699999987,11.770891284444417,13.236350013977924,0.7630538146788369,16.88238643574733,0,0.004450378282153983,False,False,False,2133,0,0.0,153.79492999999988,0.37197861050140124,0.22926805882279905,0.0,0.0
VCB,BAD,UCB_WITHOUT_VAE_UNCERTAINTY,UCB-VAE without VAE uncertainty,47,23,test,0.11012098398984942,0.05,1.0,51681,167.4931799999997,16.74931799999997,8.079332567045627,15.558298359570117,0.45284207510351326,18.04020298035428,0,0.040160642570281124,False,False,False,292,0,0.0,39.99682000000003,0.5402313985679599,0.3139101718384099,0.0,0.0
VCB,BAD,UCB_WITHOUT_VAE_UNCERTAINTY,UCB-VAE without VAE uncertainty,47,24,train,0.1,0.05,1.0,53928,1733.2092600000024,173.32092600000024,11.828485073305028,13.28100126676404,0.7648507820098074,17.009134704934045,0,0.006675567423230975,False,False,False,2132,0,0.0,153.9107399999999,0.37158067209929474,0.22810978928193762,0.0,0.0
VCB,BAD,UCB_WITHOUT_VAE_UNCERTAINTY,UCB-VAE without VAE uncertainty,47,24,test,0.1,0.05,1.0,53928,173.54372999999987,17.35437299999999,8.359993739725201,15.398839930252823,0.47291929870035126,15.587886937264006,0,0.040160642570281124,False,False,False,294,0,0.0,40.516270000000034,0.5288272359038347,0.3126777836895851,0.0,0.0
VCB,BAD,UCB_WITHOUT_VAE_UNCERTAINTY,UCB-VAE without VAE uncertainty,47,25,train,0.1,0.05,1.0,56175,1760.89993,176.08999300000002,11.953891716324637,13.271561468655618,0.773831017687658,17.0135801277032,0,0.009345794392523364,False,False,False,2135,0,0.0,155.16006999999996,0.3675772844772513,0.22710902819473797,0.0,0.0
VCB,BAD,UCB_WITHOUT_VAE_UNCERTAINTY,UCB-VAE without VAE uncertainty,47,25,test,0.1,0.05,1.0,56175,176.90452000000005,17.690452000000004,8.51557610962903,15.309503948283194,0.4842325866943978,15.539737262123769,0,0.040160642570281124,False,False,False,295,0,0.0,40.785480000000035,0.5257010110212544,0.3117121874268754,0.0,0.0
VCB,BAD,UCB_WITHOUT_VAE_UNCERTAINTY,UCB-VAE without VAE uncertainty,47,26,train,0.1,0.05,1.0,58422,1723.335640000002,172.33356400000022,11.783495791193111,13.285812800283036,0.7615580267650984,17.165931611484815,0,0.004450378282153983,False,False,False,2134,0,0.0,154.66436,0.36748250921266695,0.22565767288367167,0.0,0.0
VCB,BAD,UCB_WITHOUT_VAE_UNCERTAINTY,UCB-VAE without VAE uncertainty,47,26,test,0.1,0.05,1.0,58422,176.90452000000005,17.690452000000004,8.51557610962903,15.309503948283194,0.4842325866943978,15.539737262123769,0,0.040160642570281124,False,False,False,295,0,0.0,40.785480000000035,0.5257010110212544,0.3104116615042629,0.0,0.0
VCB,BAD,UCB_WITHOUT_VAE_UNCERTAINTY,UCB-VAE without VAE uncertainty,47,27,train,0.1,0.05,1.0,60669,1724.9636900000014,172.49636900000013,11.790923994038828,13.412346221485539,0.7561368487151158,17.15345678796817,0,0.004450378282153983,False,False,False,2136,0,0.0,154.84631000000002,0.37229278390479625,0.22438557923145172,0.0,0.0
VCB,BAD,UCB_WITHOUT_VAE_UNCERTAINTY,UCB-VAE without VAE uncertainty,47,27,test,0.1,0.05,1.0,60669,193.56611999999996,19.356611999999995,9.283649379949477,15.396407804806922,0.5285791527805562,15.539737262123769,0,0.040160642570281124,False,False,False,294,0,0.0,40.76388000000003,0.5300252815850433,0.3089910182488491,0.0,0.0
VCB,BAD,UCB_WITHOUT_VAE_UNCERTAINTY,UCB-VAE without VAE uncertainty,47,28,train,0.1,0.05,1.0,62916,1710.6304,171.06304,11.725390406614466,13.506358082046344,0.7474182912555173,17.14240349809119,0,0.004450378282153983,False,False,False,2134,0,0.0,154.7096,0.37794547821953073,0.2221522691531557,0.0,0.0
VCB,BAD,UCB_WITHOUT_VAE_UNCERTAINTY,UCB-VAE without VAE uncertainty,47,28,test,0.1,0.05,1.0,62916,171.23214999999982,17.123214999999984,8.252853959130135,15.319174282425841,0.4680703961628571,17.889648805681567,0,0.040160642570281124,False,False,False,294,0,0.0,40.52785000000003,0.5296246949940928,0.3084112066162159,0.0,0.0
VCB,BAD,UCB_WITHOUT_VAE_UNCERTAINTY,UCB-VAE without VAE uncertainty,47,29,train,0.1,0.05,1.0,65163,1619.596329999999,161.95963299999988,11.301832577531545,13.491821087483357,0.7196933003829621,17.233293412289626,0,0.005785491766800178,False,False,False,2127,0,0.0,154.82367000000008,0.37466561934962805,0.22049025003850115,0.0,0.0
VCB,BAD,UCB_WITHOUT_VAE_UNCERTAINTY,UCB-VAE without VAE uncertainty,47,29,test,0.1,0.05,1.0,65163,171.23214999999982,17.123214999999984,8.252853959130135,15.319174282425841,0.4680703961628571,17.889648805681567,0,0.040160642570281124,False,False,False,294,0,0.0,40.52785000000003,0.528843507285859,0.30734459415497073,0.0,0.0
VCB,BAD,UCB_WITHOUT_VAE_UNCERTAINTY,UCB-VAE without VAE uncertainty,47,30,train,0.1,0.05,1.0,67410,1422.7535199999984,142.27535199999983,10.339312387018085,13.773047983460376,0.6441597927583004,15.893119660615621,0,0.010235870048954161,False,False,False,2116,0,0.0,154.17648,0.39477827059693704,0.21599713486793787,0.0,0.0
VCB,BAD,UCB_WITHOUT_VAE_UNCERTAINTY,UCB-VAE without VAE uncertainty,47,30,test,0.1,0.05,1.0,67410,171.23214999999982,17.123214999999984,8.252853959130135,15.319174282425841,0.4680703961628571,17.889648805681567,0,0.040160642570281124,False,False,False,294,0,0.0,40.52785000000003,0.528843507285859,0.30610569102697105,0.0,0.0
VCB,BAD,UCB_WITHOUT_VAE_UNCERTAINTY,UCB-VAE without VAE uncertainty,47,31,train,0.1,0.05,1.0,69657,1304.6678799999986,130.46678799999987,9.727987089121859,13.913328735241242,0.5987825737478697,18.74370429467341,0,0.011125945705384957,False,False,False,2115,0,0.0,154.96212,0.3982014805258644,0.2143756083358273,0.0,0.0
VCB,BAD,UCB_WITHOUT_VAE_UNCERTAINTY,UCB-VAE without VAE uncertainty,47,31,test,0.1,0.05,1.0,69657,85.19737999999938,8.519737999999938,4.187433016051023,14.18267626825645,0.22152110426908453,16.317671523617538,0,0.09236947791164658,False,False,False,290,0,0.0,41.04262000000003,0.49166071872217,0.306936657303069,0.0,0.0
VCB,BAD,UCB_WITHOUT_VAE_UNCERTAINTY,UCB-VAE without VAE uncertainty,47,32,train,0.1,0.05,1.0,71904,1355.5355899999986,135.55355899999986,9.994663144685202,13.712178470378083,0.6233966096373423,19.231301788809745,0,0.012016021361815754,False,False,False,2124,0,0.0,155.67441000000002,0.384487416127581,0.2148946688527471,0.0,0.0
VCB,BAD,UCB_WITHOUT_VAE_UNCERTAINTY,UCB-VAE without VAE uncertainty,47,32,test,0.1,0.05,1.0,71904,78.04974999999968,7.804974999999968,3.8425737196347898,14.079961158401039,0.19834838168839491,16.317671523617538,0,0.0963855421686747,False,False,False,289,0,0.0,41.04025000000002,0.4850599176476273,0.30592344644438313,0.0,0.0
VCB,BAD,UCB_WITHOUT_VAE_UNCERTAINTY,UCB-VAE without VAE uncertainty,47,33,train,0.1,0.05,1.0,74151,1281.4870699999992,128.14870699999992,9.604721518981796,13.958123618961363,0.5891956867180761,20.513486037419014,0,0.009345794392523364,False,False,False,2114,0,0.0,154.44292999999988,0.40038160814806817,0.2108386514230097,0.0,0.0
VCB,BAD,UCB_WITHOUT_VAE_UNCERTAINTY,UCB-VAE without VAE uncertainty,47,33,test,0.1,0.05,1.0,74151,73.56061999999974,7.356061999999975,3.6253991678230957,14.072633905428807,0.18337183745943353,16.317671523617538,0,0.0963855421686747,False,False,False,289,0,0.0,41.03938000000004,0.48458366925962515,0.30451963111818076,0.0,0.0
VCB,BAD,UCB_WITHOUT_VAE_UNCERTAINTY,UCB-VAE without VAE uncertainty,47,34,train,0.1,0.05,1.0,76398,1393.4121899999982,139.34121899999982,10.189928170425189,13.786696822945357,0.6337332663226491,15.914043810821504,0,0.008900756564307966,False,False,False,2115,0,0.0,154.13781,0.39680246424630655,0.21002928910981722,0.0,0.0
VCB,BAD,UCB_WITHOUT_VAE_UNCERTAINTY,UCB-VAE without VAE uncertainty,47,34,test,0.1,0.05,1.0,76398,140.38345999999956,14.038345999999958,6.812827866934512,15.09613530515491,0.3832145403932157,16.890459399906156,0,0.09437751004016064,False,False,False,290,0,0.0,40.87654000000003,0.5135896869945535,0.3016511587852455,0.0,0.0
VCB,BAD,UCB_WITHOUT_VAE_UNCERTAINTY,UCB-VAE without VAE uncertainty,47,35,train,0.1,0.05,1.0,78645,1387.7435399999986,138.77435399999987,10.160880155889963,13.783955125710168,0.6319104424341271,15.966914892380826,0,0.008900756564307966,False,False,False,2113,0,0.0,153.93645999999998,0.39631758119265903,0.20856465452317932,0.0,0.0
VCB,BAD,UCB_WITHOUT_VAE_UNCERTAINTY,UCB-VAE without VAE uncertainty,47,35,test,0.1,0.05,1.0,78645,140.38345999999956,14.038345999999958,6.812827866934512,15.09613530515491,0.3832145403932157,16.890459399906156,0,0.09437751004016064,False,False,False,290,0,0.0,40.87654000000003,0.5135896869945535,0.2998246112202545,0.0,0.0
VCB,BAD,UCB_WITHOUT_VAE_UNCERTAINTY,UCB-VAE without VAE uncertainty,47,36,train,0.1,0.05,1.0,80892,1244.865249999997,124.4865249999997,9.407695076447942,13.914028431323445,0.5775728563650665,18.82711440469316,0,0.008455718736092568,False,False,False,2107,0,0.0,154.5047499999999,0.3998198212883894,0.20647281968015324,0.0,0.0
VCB,BAD,UCB_WITHOUT_VAE_UNCERTAINTY,UCB-VAE without VAE uncertainty,47,36,test,0.1,0.05,1.0,80892,140.38345999999956,14.038345999999958,6.812827866934512,15.09613530515491,0.3832145403932157,16.890459399906156,0,0.09437751004016064,False,False,False,290,0,0.0,40.87654000000003,0.5135896869945535,0.298521643871045,0.0,0.0
VCB,BAD,UCB_WITHOUT_VAE_UNCERTAINTY,UCB-VAE without VAE uncertainty,47,37,train,0.1,0.05,1.0,83139,1272.4177299999992,127.24177299999992,9.556191523048785,13.708743032509323,0.594144968673494,16.098967000477256,0,0.006230529595015576,False,False,False,2114,0,0.0,155.37227000000004,0.3946689145793254,0.20603304657741925,0.0,0.0
VCB,BAD,UCB_WITHOUT_VAE_UNCERTAINTY,UCB-VAE without VAE uncertainty,47,37,test,0.1,0.05,1.0,83139,141.7788599999992,14.177885999999921,6.878381645690812,15.035764417275704,0.38826465748925904,16.8580748861213,0,0.09437751004016064,False,False,False,290,0,0.0,40.93114000000003,0.5101929516022747,0.29741794705749997,0.0,0.0
VCB,BAD,UCB_WITHOUT_VAE_UNCERTAINTY,UCB-VAE without VAE uncertainty,47,38,train,0.1,0.05,1.0,85386,1396.7168399999996,139.67168399999997,10.206834073956728,13.532763084892013,0.6442490448223714,16.0001721650175,0,0.007120605251446373,False,False,False,2115,0,0.0,154.13316000000003,0.3906342825598599,0.20535574592799147,0.0,0.0
VCB,BAD,UCB_WITHOUT_VAE_UNCERTAINTY,UCB-VAE without VAE uncertainty,47,38,test,0.1,0.05,1.0,85386,140.71593999999936,14.071593999999937,6.8284508992829895,14.455757725727455,0.39464227479663916,14.530692303251168,0,0.09437751004016064,False,False,False,291,0,0.0,40.974060000000044,0.4898719768299498,0.29749802844112655,0.0,0.0
VCB,BAD,UCB_WITHOUT_VAE_UNCERTAINTY,UCB-VAE without VAE uncertainty,47,39,train,0.1,0.05,1.0,87633,1532.9680400000007,153.29680400000007,10.886445741574647,13.288537873147236,0.7003011929287183,17.344798111417454,0,0.0053404539385847796,False,False,False,2139,0,0.0,156.45195999999996,0.3687127408773893,0.20685083207205554,0.0,0.0
VCB,BAD,UCB_WITHOUT_VAE_UNCERTAINTY,UCB-VAE without VAE uncertainty,47,39,test,0.1,0.05,1.0,87633,139.73953999999935,13.973953999999935,6.782564003269531,15.10731936225799,0.3811516506895393,16.890459399906156,0,0.09437751004016064,False,False,False,290,0,0.0,40.930460000000025,0.514343345047133,0.29442553694947177,0.0,0.0
VCB,BAD,UCB_WITHOUT_VAE_UNCERTAINTY,UCB-VAE without VAE uncertainty,47,40,train,0.1,0.05,1.0,89880,1163.5466499999993,116.35466499999994,8.959776391469521,13.95061429088999,0.5467999194366661,20.16362731403152,2,0.012016021361815754,False,False,False,2108,0,0.0,154.55334999999982,0.3996604527115408,0.2016701552574243,0.0,0.0
VCB,BAD,UCB_WITHOUT_VAE_UNCERTAINTY,UCB-VAE without VAE uncertainty,47,40,test,0.1,0.05,1.0,89880,139.73953999999935,13.973953999999935,6.782564003269531,15.10731936225799,0.3811516506895393,16.890459399906156,0,0.09437751004016064,False,False,False,290,0,0.0,40.930460000000025,0.514343345047133,0.2928495960661685,0.0,0.0
VCB,BAD,UCB_WITHOUT_VAE_UNCERTAINTY,UCB-VAE without VAE uncertainty,47,41,train,0.1,0.05,1.0,92127,1228.33432,122.83343199999999,9.31782082932633,13.885244595308505,0.5725542029906585,18.587635465761046,2,0.009345794392523364,False,False,False,2110,0,0.0,154.18567999999996,0.39869593618728955,0.20066447022508185,0.0,0.0
VCB,BAD,UCB_WITHOUT_VAE_UNCERTAINTY,UCB-VAE without VAE uncertainty,47,41,test,0.1,0.05,1.0,92127,136.4620199999997,13.64620199999997,6.628390261955297,14.268793480358893,0.3846993750609034,14.476257226958303,0,0.09437751004016064,False,False,False,291,0,0.0,40.54798000000004,0.49064210861950086,0.2919874260404024,0.0,0.0
VCB,BAD,UCB_WITHOUT_VAE_UNCERTAINTY,UCB-VAE without VAE uncertainty,47,42,train,0.1,0.05,1.0,94374,1198.4599699999985,119.84599699999985,9.153888091597073,13.880069257572297,0.5618106693100368,18.61748764793946,2,0.012461059190031152,False,False,False,2113,0,0.0,155.09003,0.3962710826542461,0.19940768051635546,0.0,0.0
VCB,BAD,UCB_WITHOUT_VAE_UNCERTAINTY,UCB-VAE without VAE uncertainty,47,42,test,0.1,0.05,1.0,94374,128.0291199999997,12.802911999999969,6.230687279534108,14.297706680589398,0.3578501412122061,14.476257226958303,0,0.09437751004016064,False,False,False,291,0,0.0,40.710880000000024,0.4907548427351662,0.29014963946907396,0.0,0.0
VCB,BAD,UCB_WITHOUT_VAE_UNCERTAINTY,UCB-VAE without VAE uncertainty,47,43,train,0.1,0.05,1.0,96621,1055.7271799999985,105.57271799999985,8.342227348948672,13.937376008156189,0.5060496287549685,18.597006304515745,2,0.009345794392523364,False,False,False,2108,0,0.0,155.10281999999992,0.3977733219299952,0.19800384830754758,0.0,0.0
VCB,BAD,UCB_WITHOUT_VAE_UNCERTAINTY,UCB-VAE without VAE uncertainty,47,43,test,0.1,0.05,1.0,96621,142.68042999999966,14.268042999999967,6.9207148123668905,14.166105608145624,0.40595363823145947,14.476257226958303,0,0.09236947791164658,False,False,False,290,0,0.0,40.559570000000036,0.4879284576387683,0.2882594826470417,0.0,0.0
VCB,BAD,UCB_WITHOUT_VAE_UNCERTAINTY,UCB-VAE without VAE uncertainty,47,44,train,0.1,0.05,1.0,98868,1159.6512299999986,115.96512299999986,8.937946235765848,13.809677050035138,0.549481976059469,18.638176823044443,0,0.010235870048954161,False,False,False,2114,0,0.0,154.92877000000001,0.39563233139882137,0.19650950141559456,0.0,0.0
VCB,BAD,UCB_WITHOUT_VAE_UNCERTAINTY,UCB-VAE without VAE uncertainty,47,44,test,0.1,0.05,1.0,98868,139.6921199999997,13.96921199999997,6.780334954213596,14.785989186699341,0.3860621196294622,16.650471557465217,0,0.09036144578313253,False,False,False,293,0,0.0,41.26788000000003,0.4993732968878206,0.28646235422317284,0.0,0.0
VCB,BAD,UCB_WITHOUT_VAE_UNCERTAINTY,UCB-VAE without VAE uncertainty,47,45,train,0.1,0.05,1.0,101115,1274.0393999999983,127.40393999999984,9.564881695552895,13.731708041669494,0.5940030820818744,18.464926019732765,1,0.008900756564307966,False,False,False,2128,0,0.0,157.05059999999997,0.3877800772868878,0.1957409381899613,0.0,0.0
VCB,BAD,UCB_WITHOUT_VAE_UNCERTAINTY,UCB-VAE without VAE uncertainty,47,45,test,0.1,0.05,1.0,101115,140.06328999999982,14.006328999999981,6.797781128689806,14.928746873349711,0.3848958776537597,16.6447346368273,0,0.09036144578313253,False,False,False,293,0,0.0,41.26671000000002,0.5043051819536228,0.2844043206199106,0.0,0.0
VCB,BAD,UCB_WITHOUT_VAE_UNCERTAINTY,UCB-VAE without VAE uncertainty,48,1,train,1.0,1.0,1.0,2247,4750.8032299999995,475.08032299999996,21.470857317710546,27.705048357025575,0.7745133759349726,39.25125236026704,29,0.017356475300400534,False,False,False,2075,0,0.0,74.86676999999989,0.9119789969401558,0.31222874814794493,0.0,0.0
VCB,BAD,UCB_WITHOUT_VAE_UNCERTAINTY,UCB-VAE without VAE uncertainty,48,1,test,1.0,1.0,1.0,2247,54.33812000000057,5.433812000000057,2.690297421331622,4.910909591150454,0.16238725134457554,3.829498340061266,0,0.3654618473895582,False,False,False,304,0,0.0,25.58188000000001,0.08148237506231357,0.3694272539522274,0.0,0.0
VCB,BAD,UCB_WITHOUT_VAE_UNCERTAINTY,UCB-VAE without VAE uncertainty,48,2,train,0.9045834549972122,0.8,1.0,4494,5074.60945,507.460945,22.21294912572127,27.772749147354975,0.7954520561073528,39.02914553250503,29,0.020026702269692925,False,False,False,2039,0,0.0,75.66054999999997,0.9129472717655451,0.32465413124907744,0.0,0.0
VCB,BAD,UCB_WITHOUT_VAE_UNCERTAINTY,UCB-VAE without VAE uncertainty,48,2,test,0.9045834549972122,0.8,1.0,4494,54.252010000000155,5.4252010000000155,2.6860894693567117,4.906399044357793,0.16164941966388166,3.826032948020133,0,0.3755020080321285,False,False,False,302,0,0.0,25.577990000000014,0.08099300990693264,0.3647659999958004,0.0,0.0
VCB,BAD,UCB_WITHOUT_VAE_UNCERTAINTY,UCB-VAE without VAE uncertainty,48,3,train,0.8182712270546932,0.6400000000000001,1.0,6741,5023.51579,502.351579,22.09822634325398,27.68817745414478,0.7936074658779443,38.996990337157065,28,0.018691588785046728,False,False,False,2040,0,0.0,77.42420999999999,0.9114006063614869,0.3169870320649533,0.0,0.0
VCB,BAD,UCB_WITHOUT_VAE_UNCERTAINTY,UCB-VAE without VAE uncertainty,48,3,test,0.8182712270546932,0.6400000000000001,1.0,6741,54.16948000000002,5.416948000000002,2.6820563011181298,4.905314175135318,0.16086644044342915,3.826032948020133,0,0.37349397590361444,False,False,False,301,0,0.0,25.52052000000002,0.0819668771584326,0.3611067404229957,0.0,0.0
VCB,BAD,UCB_WITHOUT_VAE_UNCERTAINTY,UCB-VAE without VAE uncertainty,48,4,train,0.7401946136939427,0.5120000000000001,1.0,8988,4617.916289999999,461.79162899999994,21.155514358357696,27.390539428132342,0.7706665977327304,38.90388861126542,27,0.017801513128615932,False,False,False,2054,0,0.0,78.30371000000004,0.9063132522785837,0.295222616608163,0.0,0.0
VCB,BAD,UCB_WITHOUT_VAE_UNCERTAINTY,UCB-VAE without VAE uncertainty,48,4,test,0.7401946136939427,0.5120000000000001,1.0,8988,55.93641999999977,5.593641999999977,2.768370753634253,4.851737098429551,0.17957613859063407,3.805983753238314,0,0.37751004016064255,False,False,False,300,0,0.0,25.293580000000016,0.07995903984531899,0.35843102984040615,0.0,0.0
VCB,BAD,UCB_WITHOUT_VAE_UNCERTAINTY,UCB-VAE without VAE uncertainty,48,5,train,0.6695678010255933,0.4096000000000001,1.0,11235,4663.99685,466.39968500000003,21.265608114800006,27.232441838725457,0.7769020088677341,38.69971065699841,24,0.017801513128615932,False,False,False,2051,0,0.0,79.7431500000001,0.9005322370007806,0.2920847358998586,0.0,0.0
VCB,BAD,UCB_WITHOUT_VAE_UNCERTAINTY,UCB-VAE without VAE uncertainty,48,5,test,0.6695678010255933,0.4096000000000001,1.0,11235,56.21613999999977,5.621613999999977,2.782028385654356,4.850323969374119,0.18237807352829627,3.805011700319881,0,0.37751004016064255,False,False,False,300,0,0.0,25.293860000000016,0.0798518237591946,0.3557506120767459,0.0,0.0
VCB,BAD,UCB_WITHOUT_VAE_UNCERTAINTY,UCB-VAE without VAE uncertainty,48,6,train,0.6056799548066172,0.3276800000000001,1.0,13482,4534.1608000000015,453.41608000000014,20.953337657818906,27.033958752043773,0.7709945313333919,38.86419153368789,24,0.01824655095683133,False,False,False,2049,0,0.0,83.33919999999992,0.8895244660525852,0.2887223294451601,0.0,0.0
VCB,BAD,UCB_WITHOUT_VAE_UNCERTAINTY,UCB-VAE without VAE uncertainty,48,6,test,0.6056799548066172,0.3276800000000001,1.0,13482,59.44089000000008,5.944089000000008,2.9393503314440794,4.967235307587396,0.21029048736265082,3.904191357114925,0,0.3815261044176707,False,False,False,297,0,0.0,25.11911000000002,0.07873273753318356,0.35405377346468736,0.0,0.0
VCB,BAD,UCB_WITHOUT_VAE_UNCERTAINTY,UCB-VAE without VAE uncertainty,48,7,train,0.547888066141525,0.2621440000000001,1.0,15729,4899.42294,489.942294,21.81595237252001,27.175739047395897,0.7947785606282715,38.4793490236971,25,0.018691588785046728,False,False,False,2026,0,0.0,85.87705999999999,0.8909837402325808,0.29821867667533153,0.0,0.0
VCB,BAD,UCB_WITHOUT_VAE_UNCERTAINTY,UCB-VAE without VAE uncertainty,48,7,test,0.547888066141525,0.2621440000000001,1.0,15729,-11.731189999999629,-1.1731189999999627,-0.5903041770839668,1.4441111397591582,-1.7912100543840297,2.726296021526176,0,0.40562248995983935,False,False,False,281,0,0.0,24.631190000000032,0.03935237221061492,0.35151807158946036,0.0,0.0
VCB,BAD,UCB_WITHOUT_VAE_UNCERTAINTY,UCB-VAE without VAE uncertainty,48,8,train,0.49561047982204176,0.20971520000000007,1.0,17976,4430.179619999993,443.0179619999993,20.698519672219806,25.75001871335305,0.7880353319222803,38.30568647467225,24,0.03693813974187806,False,False,False,1995,0,0.0,78.57037999999976,0.7904831285703782,0.3312069023410161,0.0,0.0
VCB,BAD,UCB_WITHOUT_VAE_UNCERTAINTY,UCB-VAE without VAE uncertainty,48,8,test,0.49561047982204176,0.20971520000000007,1.0,17976,-8.029059999999845,-0.8029059999999845,-0.40364067667761905,1.4711736214020383,-1.6293848103649164,2.3150552685505623,0,0.4036144578313253,False,False,False,281,0,0.0,24.43906000000003,0.03934380605092239,0.35038480737123145,0.0,0.0
VCB,BAD,UCB_WITHOUT_VAE_UNCERTAINTY,UCB-VAE without VAE uncertainty,48,9,train,0.4483210401702486,0.1677721600000001,1.0,20223,4366.694979999988,436.66949799999884,20.54080267582661,25.519388993140087,0.7876840563812895,37.81900552164268,20,0.037828215398308856,False,False,False,1993,0,0.0,78.53501999999982,0.7845005075056624,0.3259340772462464,0.0,0.0
VCB,BAD,UCB_WITHOUT_VAE_UNCERTAINTY,UCB-VAE without VAE uncertainty,48,9,test,0.4483210401702486,0.1677721600000001,1.0,20223,2.4812900000002855,0.24812900000002855,0.12441368180193813,1.39611681107408,-1.3357450523323553,1.4840027851940343,0,0.43775100401606426,False,False,False,273,0,0.0,23.67871000000003,0.03408820002447101,0.3495743052667403,0.0,0.0
VCB,BAD,UCB_WITHOUT_VAE_UNCERTAINTY,UCB-VAE without VAE uncertainty,48,10,train,0.4055437954651474,0.13421772800000006,1.0,22470,4638.984879999999,463.8984879999999,21.205949766250964,26.643983718795784,0.7862629821628906,38.21846870804098,21,0.017801513128615932,False,False,False,2037,0,0.0,88.80511999999987,0.8710138602545988,0.2843503247188843,0.0,0.0
VCB,BAD,UCB_WITHOUT_VAE_UNCERTAINTY,UCB-VAE without VAE uncertainty,48,10,test,0.4055437954651474,0.13421772800000006,1.0,22470,-20.024139999999534,-2.0024139999999533,-1.0097079880471815,1.4747725075605853,-2.04279148044573,2.920565134684026,0,0.45180722891566266,False,False,False,269,0,0.0,23.664140000000028,0.029813107139397305,0.3479357493450364,0.0,0.0
VCB,BAD,UCB_WITHOUT_VAE_UNCERTAINTY,UCB-VAE without VAE uncertainty,48,11,train,0.3668482076545458,0.10737418240000006,1.0,24717,4499.50565,449.950565,20.868887511530687,26.61035621578935,0.7763637221692749,38.325782482546394,20,0.017356475300400534,False,False,False,2042,0,0.0,89.08434999999994,0.8700528074508481,0.2796243131160736,0.0,0.0
VCB,BAD,UCB_WITHOUT_VAE_UNCERTAINTY,UCB-VAE without VAE uncertainty,48,11,test,0.3668482076545458,0.10737418240000006,1.0,24717,-21.653569999999036,-2.1653569999999034,-1.0923216363094346,1.450630539624839,-2.1350787971987017,3.2646215926911464,0,0.4497991967871486,False,False,False,267,0,0.0,23.343570000000028,0.03009903185782025,0.34632869750021933,0.0,0.0
VCB,BAD,UCB_WITHOUT_VAE_UNCERTAINTY,UCB-VAE without VAE uncertainty,48,12,train,0.3318448191396838,0.08589934592000005,1.0,26964,4505.235070000001,450.52350700000005,20.88288194739136,26.492533223839853,0.7790645216977716,37.982368544148976,20,0.016466399643969738,False,False,False,2055,0,0.0,90.93493,0.8643121404219696,0.2767380972703298,0.0,0.0
VCB,BAD,UCB_WITHOUT_VAE_UNCERTAINTY,UCB-VAE without VAE uncertainty,48,12,test,0.3318448191396838,0.08589934592000005,1.0,26964,-20.79362999999944,-2.079362999999944,-1.0487133254443504,1.4342737392407245,-2.128596628663692,3.1795082182201515,0,0.4497991967871486,False,False,False,267,0,0.0,23.343630000000022,0.029634906240505365,0.34510977814594906,0.0,0.0
VCB,BAD,UCB_WITHOUT_VAE_UNCERTAINTY,UCB-VAE without VAE uncertainty,48,13,train,0.3001813330203001,0.06871947673600004,1.0,29211,3097.0796000000028,309.7079600000003,16.97668850390397,23.299562533646,0.7093073303584745,34.285749732940864,15,0.05696484201157098,False,False,False,1975,0,0.0,76.23039999999988,0.6649889461932112,0.3197851024723923,0.0,0.0
VCB,BAD,UCB_WITHOUT_VAE_UNCERTAINTY,UCB-VAE without VAE uncertainty,48,13,test,0.3001813330203001,0.06871947673600004,1.0,29211,-5.24522999999931,-0.524522999999931,-0.263506928550028,1.4264479488722444,-1.5815105881388756,2.2657761470940594,0,0.42971887550200805,False,False,False,268,0,0.0,23.355230000000017,0.0307214288510325,0.3446393835855775,0.0,0.0
VCB,BAD,UCB_WITHOUT_VAE_UNCERTAINTY,UCB-VAE without VAE uncertainty,48,14,train,0.27153906734917177,0.054975581388800036,1.0,31458,3101.593270000004,310.1593270000004,16.991010285397113,23.08718115402217,0.7142278622460205,34.01350369234629,14,0.05829995549621718,False,False,False,1979,0,0.0,75.48672999999982,0.6580691441580214,0.3178171086003635,0.0,0.0
VCB,BAD,UCB_WITHOUT_VAE_UNCERTAINTY,UCB-VAE without VAE uncertainty,48,14,test,0.27153906734917177,0.054975581388800036,1.0,31458,-14.328819999999268,-1.432881999999927,-0.7214862456800475,1.4478695492237903,-1.8784999556947455,2.539647536760853,0,0.42369477911646586,False,False,False,269,0,0.0,23.58882000000001,0.03182643574724319,0.34360654445656813,0.0,0.0
VCB,BAD,UCB_WITHOUT_VAE_UNCERTAINTY,UCB-VAE without VAE uncertainty,48,15,train,0.24562974770943447,0.05,1.0,33705,1814.2044400000036,181.42044400000037,12.192184019340257,20.62355911688396,0.5685509770741014,27.609417790953422,10,0.11748998664886515,False,False,False,1890,0,0.0,63.84555999999995,0.5188449829070282,0.2929745787281326,0.0,0.0
VCB,BAD,UCB_WITHOUT_VAE_UNCERTAINTY,UCB-VAE without VAE uncertainty,48,15,test,0.24562974770943447,0.05,1.0,33705,-20.1758499999994,-2.01758499999994,-1.0173969379772885,1.4176693687733433,-2.131183314961453,3.1183628586826027,0,0.42570281124497994,False,False,False,268,0,0.0,23.465850000000007,0.03125800979553706,0.3428442344727765,0.0,0.0
VCB,BAD,UCB_WITHOUT_VAE_UNCERTAINTY,UCB-VAE without VAE uncertainty,48,16,train,0.2221926058330938,0.05,1.0,35952,2912.822739999999,291.2822739999999,16.3797264654052,23.3030877595363,0.6870779245250059,34.10306551911003,14,0.04806408544726302,False,False,False,2007,0,0.0,80.98725999999982,0.6701793721036041,0.3081519635826097,0.0,0.0
VCB,BAD,UCB_WITHOUT_VAE_UNCERTAINTY,UCB-VAE without VAE uncertainty,48,16,test,0.2221926058330938,0.05,1.0,35952,-22.39761999999928,-2.239761999999928,-1.1300684781734738,1.516652019496692,-2.0668738598871643,3.338264644851989,0,0.3895582329317269,False,False,False,271,0,0.0,23.69762000000001,0.035587777805514975,0.34126153669084414,0.0,0.0
VCB,BAD,UCB_WITHOUT_VAE_UNCERTAINTY,UCB-VAE without VAE uncertainty,48,17,train,0.20099175505933367,0.05,1.0,38199,3123.9540499999994,312.3954049999999,17.061754646186866,22.505837269192092,0.7295204783739244,32.53166966120139,13,0.05028927458834001,False,False,False,2026,0,0.0,72.24594999999987,0.6335823712381758,0.31684221942052343,0.0,0.0
VCB,BAD,UCB_WITHOUT_VAE_UNCERTAINTY,UCB-VAE without VAE uncertainty,48,17,test,0.20099175505933367,0.05,1.0,38199,-20.225509999999304,-2.0225509999999303,-1.0199139296334092,1.5547598184358125,-1.9436056895363893,3.0427485549535014,0,0.38755020080321284,False,False,False,271,0,0.0,23.795510000000014,0.03621111295120099,0.3401782949226927,0.0,0.0
VCB,BAD,UCB_WITHOUT_VAE_UNCERTAINTY,UCB-VAE without VAE uncertainty,48,18,train,0.18181381621752543,0.05,1.0,40446,2800.61941,280.061941,16.003847473760004,22.97890318738097,0.679308494051765,32.76875396530504,13,0.04850912327547842,False,False,False,2022,0,0.0,80.78058999999982,0.6623553777003055,0.299282415292106,0.0,0.0
VCB,BAD,UCB_WITHOUT_VAE_UNCERTAINTY,UCB-VAE without VAE uncertainty,48,18,test,0.18181381621752543,0.05,1.0,40446,-12.709759999999505,-1.2709759999999506,-0.6397024286208475,1.4500330295393484,-1.818402299754465,2.7183742499090355,0,0.41967871485943775,False,False,False,270,0,0.0,23.88976000000001,0.03235549630357717,0.3395091244674112,0.0,0.0
VCB,BAD,UCB_WITHOUT_VAE_UNCERTAINTY,UCB-VAE without VAE uncertainty,48,19,train,0.16446577004027732,0.05,1.0,42693,4025.2598800000005,402.525988,19.662993645290406,25.22166312743344,0.7646524490643252,33.53137591341909,16,0.01557632398753894,False,False,False,2100,0,0.0,94.47011999999998,0.8261200304383446,0.25941179876108406,0.0,0.0
VCB,BAD,UCB_WITHOUT_VAE_UNCERTAINTY,UCB-VAE without VAE uncertainty,48,19,test,0.16446577004027732,0.05,1.0,42693,-11.07853999999952,-1.1078539999999522,-0.5573719269330701,1.4539702192447694,-1.7559857398537253,2.5750105946513187,0,0.41164658634538154,False,False,False,274,0,0.0,24.15854000000001,0.03286933750859529,0.33866934262844456,0.0,0.0
VCB,BAD,UCB_WITHOUT_VAE_UNCERTAINTY,UCB-VAE without VAE uncertainty,48,20,train,0.14877301449181102,0.05,1.0,44940,2808.3594699999994,280.835947,16.030091137181437,23.025019287148407,0.6794094354690975,33.329565784374395,13,0.04005340453938585,False,False,False,2056,0,0.0,83.15052999999983,0.660630755523593,0.29566354182862575,0.0,0.0
VCB,BAD,UCB_WITHOUT_VAE_UNCERTAINTY,UCB-VAE without VAE uncertainty,48,20,test,0.14877301449181102,0.05,1.0,44940,-19.761159999999336,-1.9761159999999338,-0.996381068963792,1.438537414237105,-2.0851769788898395,3.413869799216856,0,0.41164658634538154,False,False,False,274,0,0.0,24.30116000000001,0.03324918771405304,0.33762116251461,0.0,0.0
VCB,BAD,UCB_WITHOUT_VAE_UNCERTAINTY,UCB-VAE without VAE uncertainty,48,21,train,0.13457760745935274,0.05,1.0,47187,2524.6245999999965,252.46245999999965,15.035518910335677,22.85886986059391,0.6446889910596599,32.984661080907685,13,0.04005340453938585,False,False,False,2061,0,0.0,79.95539999999981,0.6563220967258001,0.2855336779275098,0.0,0.0
VCB,BAD,UCB_WITHOUT_VAE_UNCERTAINTY,UCB-VAE without VAE uncertainty,48,21,test,0.13457760745935274,0.05,1.0,47187,-27.4887899999992,-2.7488789999999197,-1.3887366656266997,1.4659638927110756,-2.3190792692756244,3.762236141839189,0,0.40763052208835343,False,False,False,276,0,0.0,24.29879000000001,0.03260960617282204,0.336229478499018,0.0,0.0
VCB,BAD,UCB_WITHOUT_VAE_UNCERTAINTY,UCB-VAE without VAE uncertainty,48,22,train,0.12173667712083987,0.05,1.0,49434,374.55128000000036,37.45512800000004,3.600471230728486,10.531558622142423,0.20145907965097096,13.5593995125864,0,0.14819759679572764,False,False,False,1894,0,0.0,71.25872000000003,0.272665678806968,0.24024100541325744,0.0,0.0
VCB,BAD,UCB_WITHOUT_VAE_UNCERTAINTY,UCB-VAE without VAE uncertainty,48,22,test,0.12173667712083987,0.05,1.0,49434,-30.73048999999935,-3.073048999999935,-1.553790148571288,1.4758030112056906,-2.4179968726245544,3.3701732761826584,0,0.41365461847389556,False,False,False,283,0,0.0,25.230490000000025,0.035331865775366414,0.3348957227475672,0.0,0.0
VCB,BAD,UCB_WITHOUT_VAE_UNCERTAINTY,UCB-VAE without VAE uncertainty,48,23,train,0.11012098398984942,0.05,1.0,51681,1449.7647900000002,144.976479,10.475418870064178,15.622485814568401,0.5930140640943173,25.28166458231208,3,0.08099688473520249,False,False,False,2013,0,0.0,66.64520999999992,0.3884312467223204,0.2688979892450595,0.0,0.0
VCB,BAD,UCB_WITHOUT_VAE_UNCERTAINTY,UCB-VAE without VAE uncertainty,48,23,test,0.11012098398984942,0.05,1.0,51681,-38.51868999999931,-3.851868999999931,-1.951459780180087,1.5014722048909834,-2.648277235768232,4.072812414912462,0,0.41967871485943775,False,False,False,278,0,0.0,24.73869000000002,0.03470692258046125,0.3343787439257266,0.0,0.0
VCB,BAD,UCB_WITHOUT_VAE_UNCERTAINTY,UCB-VAE without VAE uncertainty,48,24,train,0.1,0.05,1.0,53928,1408.5693500000016,140.85693500000016,10.267299126779573,15.119094469690836,0.5950840462620414,26.49341055175092,2,0.07832665776591011,False,False,False,2012,0,0.0,67.20064999999991,0.3979359145791103,0.26684149577848953,0.0,0.0
VCB,BAD,UCB_WITHOUT_VAE_UNCERTAINTY,UCB-VAE without VAE uncertainty,48,24,test,0.1,0.05,1.0,53928,-35.77748999999915,-3.577748999999915,-1.8113102323471297,1.5029319688587517,-2.5498430592685204,3.7991447355895067,0,0.41365461847389556,False,False,False,281,0,0.0,24.917490000000022,0.03493504326392036,0.3336660718642564,0.0,0.0
VCB,BAD,UCB_WITHOUT_VAE_UNCERTAINTY,UCB-VAE without VAE uncertainty,48,25,train,0.1,0.05,1.0,56175,1501.7196800000015,150.17196800000013,10.733504749485911,15.442097364467516,0.6133692535097428,25.95819562157512,2,0.07699154428126391,False,False,False,2013,0,0.0,68.6603199999999,0.4133606539358292,0.26537390226024915,0.0,0.0
VCB,BAD,UCB_WITHOUT_VAE_UNCERTAINTY,UCB-VAE without VAE uncertainty,48,25,test,0.1,0.05,1.0,56175,-35.15698999999938,-3.515698999999938,-1.7796134471288472,1.5036636976668527,-2.5269471065735525,3.7371971232227263,0,0.41365461847389556,False,False,False,281,0,0.0,24.916990000000023,0.03513533438340479,0.33288209729764356,0.0,0.0
VCB,BAD,UCB_WITHOUT_VAE_UNCERTAINTY,UCB-VAE without VAE uncertainty,48,26,train,0.1,0.05,1.0,58422,1486.9061600000005,148.69061600000003,10.660407821901586,15.548043048844495,0.6059631348807683,26.577322682526162,2,0.07654650645304852,False,False,False,2015,0,0.0,69.58383999999994,0.41562465439985147,0.2640510802905348,0.0,0.0
VCB,BAD,UCB_WITHOUT_VAE_UNCERTAINTY,UCB-VAE without VAE uncertainty,48,26,test,0.1,0.05,1.0,58422,-5.992359999998939,-0.599235999999894,-0.3010971057462841,1.5610874815783549,-1.468186793406004,2.416173538050157,0,0.41365461847389556,False,False,False,280,0,0.0,24.662360000000017,0.0355185832357674,0.3332474577917631,0.0,0.0
VCB,BAD,UCB_WITHOUT_VAE_UNCERTAINTY,UCB-VAE without VAE uncertainty,48,27,train,0.1,0.05,1.0,60669,331.2770499999999,33.12770499999999,3.2326467651443425,10.841942506243614,0.1656259947704916,14.23455826167731,0,0.13929684023141967,False,False,False,1908,0,0.0,72.88294999999998,0.2859607567702963,0.235916703146964,0.0,0.0
VCB,BAD,UCB_WITHOUT_VAE_UNCERTAINTY,UCB-VAE without VAE uncertainty,48,27,test,0.1,0.05,1.0,60669,-7.767059999998878,-0.7767059999998878,-0.39044365059092145,1.5421169403798716,-1.545075470556171,2.4203931418730473,0,0.42771084337349397,False,False,False,279,0,0.0,24.57706000000002,0.03436306304148429,0.33234738693179855,0.0,0.0
VCB,BAD,UCB_WITHOUT_VAE_UNCERTAINTY,UCB-VAE without VAE uncertainty,48,28,train,0.1,0.05,1.0,62916,1485.127379999998,148.51273799999979,10.6516044703715,15.551666275234563,0.6053446473894565,26.3189035843732,2,0.07165109034267912,False,False,False,2026,0,0.0,70.18262000000004,0.41633339532544816,0.2618928494476508,0.0,0.0
VCB,BAD,UCB_WITHOUT_VAE_UNCERTAINTY,UCB-VAE without VAE uncertainty,48,28,test,0.1,0.05,1.0,62916,-5.992359999998939,-0.599235999999894,-0.3010971057462841,1.5610874815783549,-1.468186793406004,2.416173538050157,0,0.41365461847389556,False,False,False,280,0,0.0,24.662360000000017,0.0355185832357674,0.331013953410478,0.0,0.0
VCB,BAD,UCB_WITHOUT_VAE_UNCERTAINTY,UCB-VAE without VAE uncertainty,48,29,train,0.1,0.05,1.0,65163,1379.6962899999994,137.96962899999994,10.119537971152681,14.72421330840369,0.5978480446363726,25.36203725795237,1,0.059635068980863376,False,False,False,2057,0,0.0,71.88371,0.4060083558326455,0.2557663555556687,0.0,0.0
VCB,BAD,UCB_WITHOUT_VAE_UNCERTAINTY,UCB-VAE without VAE uncertainty,48,29,test,0.1,0.05,1.0,65163,-32.648879999999394,-3.2648879999999396,-1.651595925582361,1.4564403574771612,-2.519167479139938,4.4129019515049865,0,0.41365461847389556,False,False,False,280,0,0.0,24.83888000000002,0.03556433021830658,0.3288742769434749,0.0,0.0
VCB,BAD,UCB_WITHOUT_VAE_UNCERTAINTY,UCB-VAE without VAE uncertainty,48,30,train,0.1,0.05,1.0,67410,1509.559150000001,150.9559150000001,10.772032878842452,17.818341900189033,0.5557480037853465,26.625289432925392,5,0.04895416110369381,False,False,False,2075,0,0.0,75.92085000000003,0.4854160472583742,0.24971737054437332,0.0,0.0
VCB,BAD,UCB_WITHOUT_VAE_UNCERTAINTY,UCB-VAE without VAE uncertainty,48,30,test,0.1,0.05,1.0,67410,-39.5890999999998,-3.95890999999998,-2.0062407602779775,1.5000997179058317,-2.688286380935299,4.179676788407355,0,0.41164658634538154,False,False,False,282,0,0.0,25.279100000000014,0.03550491752475823,0.3274473864211136,0.0,0.0
VCB,BAD,UCB_WITHOUT_VAE_UNCERTAINTY,UCB-VAE without VAE uncertainty,48,31,train,0.1,0.05,1.0,69657,3968.6500399999986,396.8650039999999,19.512356404100228,25.46131698710466,0.7548402588009626,33.62968913309507,16,0.00801068090787717,False,False,False,2172,0,0.0,104.02996000000002,0.8407779080439454,0.24511979276610313,0.0,0.0
VCB,BAD,UCB_WITHOUT_VAE_UNCERTAINTY,UCB-VAE without VAE uncertainty,48,31,test,0.1,0.05,1.0,69657,-39.5890999999998,-3.95890999999998,-2.0062407602779775,1.5000997179058317,-2.688286380935299,4.179676788407355,0,0.41164658634538154,False,False,False,282,0,0.0,25.279100000000014,0.03550491752475823,0.32652069646191884,0.0,0.0
VCB,BAD,UCB_WITHOUT_VAE_UNCERTAINTY,UCB-VAE without VAE uncertainty,48,32,train,0.1,0.05,1.0,71904,3913.10005,391.310005,19.363049144298028,25.287250188208134,0.7533083081899611,33.31174134550489,15,0.0075656430796617715,False,False,False,2170,0,0.0,101.78995000000005,0.8332880844438818,0.24249959901525647,0.0,0.0
VCB,BAD,UCB_WITHOUT_VAE_UNCERTAINTY,UCB-VAE without VAE uncertainty,48,32,test,0.1,0.05,1.0,71904,-39.5890999999998,-3.95890999999998,-2.0062407602779775,1.5000997179058317,-2.688286380935299,4.179676788407355,0,0.41164658634538154,False,False,False,282,0,0.0,25.279100000000014,0.03550491752475823,0.32542205416414155,0.0,0.0
VCB,BAD,UCB_WITHOUT_VAE_UNCERTAINTY,UCB-VAE without VAE uncertainty,48,33,train,0.1,0.05,1.0,74151,1344.8198999999986,134.48198999999985,9.938914210582572,14.908634298440827,0.581163625568227,25.19799445091038,1,0.05740987983978638,False,False,False,2065,0,0.0,71.62009999999998,0.40153091425180826,0.2512332612460435,0.0,0.0
VCB,BAD,UCB_WITHOUT_VAE_UNCERTAINTY,UCB-VAE without VAE uncertainty,48,33,test,0.1,0.05,1.0,74151,-39.22278999999969,-3.922278999999969,-1.9874904829678242,1.4678379088748335,-2.734552675278287,4.632550812381604,0,0.41967871485943775,False,False,False,283,0,0.0,25.262790000000017,0.036105959273768994,0.3245085864421354,0.0,0.0
VCB,BAD,UCB_WITHOUT_VAE_UNCERTAINTY,UCB-VAE without VAE uncertainty,48,34,train,0.1,0.05,1.0,76398,1437.7310300000036,143.77310300000033,10.414947829707067,15.191479581599346,0.6018451772382415,25.34405026260637,1,0.050734312416555405,False,False,False,2077,0,0.0,73.21897000000001,0.4179740288093124,0.2523478157967528,0.0,0.0
VCB,BAD,UCB_WITHOUT_VAE_UNCERTAINTY,UCB-VAE without VAE uncertainty,48,34,test,0.1,0.05,1.0,76398,-39.5890999999998,-3.95890999999998,-2.0062407602779775,1.5000997179058317,-2.688286380935299,4.179676788407355,0,0.41164658634538154,False,False,False,282,0,0.0,25.279100000000014,0.03550491752475823,0.32330173514334554,0.0,0.0
VCB,BAD,UCB_WITHOUT_VAE_UNCERTAINTY,UCB-VAE without VAE uncertainty,48,35,train,0.1,0.05,1.0,78645,1356.4143599999989,135.64143599999989,9.999224984429734,14.82696884411153,0.5872993372498585,24.958087109965014,0,0.0520694259012016,False,False,False,2079,0,0.0,72.98564,0.40634109361970827,0.24875219676910532,0.0,0.0
VCB,BAD,UCB_WITHOUT_VAE_UNCERTAINTY,UCB-VAE without VAE uncertainty,48,35,test,0.1,0.05,1.0,78645,-39.22278999999969,-3.922278999999969,-1.9874904829678242,1.4678379088748335,-2.734552675278287,4.632550812381604,0,0.41967871485943775,False,False,False,283,0,0.0,25.262790000000017,0.036105959273768994,0.32245531950490064,0.0,0.0
VCB,BAD,UCB_WITHOUT_VAE_UNCERTAINTY,UCB-VAE without VAE uncertainty,48,36,train,0.1,0.05,1.0,80892,1615.9616700000024,161.59616700000024,11.284651336707817,14.857606605391698,0.6652875662409566,25.15259676974686,0,0.03960836671117045,False,False,False,2107,0,0.0,75.57833000000001,0.4364885479705579,0.24909668372016405,0.0,0.0
VCB,BAD,UCB_WITHOUT_VAE_UNCERTAINTY,UCB-VAE without VAE uncertainty,48,36,test,0.1,0.05,1.0,80892,-24.35157999999967,-2.435157999999967,-1.2292641957334371,1.5607119943466485,-2.0729664104939274,3.155464384260181,0,0.40963855421686746,False,False,False,283,0,0.0,25.10158000000002,0.037128918546199624,0.32213009645541507,0.0,0.0
VCB,BAD,UCB_WITHOUT_VAE_UNCERTAINTY,UCB-VAE without VAE uncertainty,48,37,train,0.1,0.05,1.0,83139,1424.7182899999993,142.47182899999993,10.34925799052624,14.821143424509087,0.6090853331949527,25.156108975498693,0,0.0529595015576324,False,False,False,2084,0,0.0,73.85171000000004,0.4148780525241438,0.24940599694775112,0.0,0.0
VCB,BAD,UCB_WITHOUT_VAE_UNCERTAINTY,UCB-VAE without VAE uncertainty,48,37,test,0.1,0.05,1.0,83139,-20.28775999999982,-2.028775999999982,-1.0230691287755334,1.559922781703866,-1.939193147811519,2.7518245077250385,0,0.41164658634538154,False,False,False,282,0,0.0,24.997760000000017,0.03689114778055475,0.3210607641731879,0.0,0.0
VCB,BAD,UCB_WITHOUT_VAE_UNCERTAINTY,UCB-VAE without VAE uncertainty,48,38,train,0.1,0.05,1.0,85386,1448.7320599999998,144.87320599999998,10.47023965089602,15.458200008084663,0.5973533205624642,24.97495054567119,2,0.05785491766800178,False,False,False,2070,0,0.0,72.83794,0.4218368275759745,0.2515180615296245,0.0,0.0
VCB,BAD,UCB_WITHOUT_VAE_UNCERTAINTY,UCB-VAE without VAE uncertainty,48,38,test,0.1,0.05,1.0,85386,-14.366269999999645,-1.4366269999999646,-0.7233787548257764,1.5508692832149589,-1.7539950445297585,2.4362138515526826,0,0.42369477911646586,False,False,False,283,0,0.0,25.08627000000002,0.0356239976832566,0.3196654131852958,0.0,0.0
VCB,BAD,UCB_WITHOUT_VAE_UNCERTAINTY,UCB-VAE without VAE uncertainty,48,39,train,0.1,0.05,1.0,87633,1468.7162400000016,146.87162400000017,10.57011891149051,14.616834841541973,0.6293576608613132,24.397263906639328,0,0.03871829105473965,False,False,False,2111,0,0.0,75.13376000000004,0.41565475034112165,0.2460929408112419,0.0,0.0
VCB,BAD,UCB_WITHOUT_VAE_UNCERTAINTY,UCB-VAE without VAE uncertainty,48,39,test,0.1,0.05,1.0,87633,-47.56663999999989,-4.75666399999999,-2.415473849637062,1.4673078023370767,-3.036324267868276,5.461305674513281,0,0.41967871485943775,False,False,False,285,0,0.0,25.356640000000016,0.037133036259689375,0.3172113452271285,0.0,0.0
VCB,BAD,UCB_WITHOUT_VAE_UNCERTAINTY,UCB-VAE without VAE uncertainty,48,40,train,0.1,0.05,1.0,89880,1456.8268900000012,145.68268900000012,10.510783918010791,14.786309746744067,0.620176663722727,24.30874186250494,0,0.03649310191366266,False,False,False,2116,0,0.0,76.41311,0.4172813194800139,0.2441079807834568,0.0,0.0
VCB,BAD,UCB_WITHOUT_VAE_UNCERTAINTY,UCB-VAE without VAE uncertainty,48,40,test,0.1,0.05,1.0,89880,-48.42625999999984,-4.842625999999985,-2.45967254043421,1.4671437035331634,-3.0678058866818305,5.546687633031899,0,0.41967871485943775,False,False,False,285,0,0.0,25.356260000000017,0.03714859865967136,0.3161119719346364,0.0,0.0
VCB,BAD,UCB_WITHOUT_VAE_UNCERTAINTY,UCB-VAE without VAE uncertainty,48,41,train,0.1,0.05,1.0,92127,1589.733200000002,158.9733200000002,11.16003506171943,14.902656725844022,0.6561397198282024,24.307266511302164,0,0.02848242100578549,False,False,False,2136,0,0.0,77.15680000000002,0.4388426940250483,0.24292307036369706,0.0,0.0
VCB,BAD,UCB_WITHOUT_VAE_UNCERTAINTY,UCB-VAE without VAE uncertainty,48,41,test,0.1,0.05,1.0,92127,-49.974869999999896,-4.997486999999989,-2.539346951312871,1.5755156021512535,-2.908044755708937,5.918540839026633,0,0.40763052208835343,False,False,False,285,0,0.0,25.454870000000017,0.03993708528799588,0.31522752880212296,0.0,0.0
VCB,BAD,UCB_WITHOUT_VAE_UNCERTAINTY,UCB-VAE without VAE uncertainty,48,42,train,0.1,0.05,1.0,94374,1588.153920000002,158.8153920000002,11.152495859990319,15.074861918925603,0.6498915008939274,24.818205394823174,0,0.030262572318647086,False,False,False,2129,0,0.0,76.97608000000002,0.4365696793854169,0.24393029262953778,0.0,0.0
VCB,BAD,UCB_WITHOUT_VAE_UNCERTAINTY,UCB-VAE without VAE uncertainty,48,42,test,0.1,0.05,1.0,94374,-45.60901999999999,-4.560901999999999,-2.314893909172777,1.4758186716545092,-2.948334046690354,5.485904412188019,0,0.41967871485943775,False,False,False,285,0,0.0,25.439020000000017,0.037328210858062184,0.31471136239278746,0.0,0.0
VCB,BAD,UCB_WITHOUT_VAE_UNCERTAINTY,UCB-VAE without VAE uncertainty,48,43,train,0.1,0.05,1.0,96621,1966.6949599999984,196.66949599999987,12.852376111619801,16.359293967633512,0.7047835831510594,24.76130498656482,1,0.012016021361815754,False,False,False,2148,0,0.0,81.30504000000006,0.5146657886653383,0.23702459904714643,0.0,0.0
VCB,BAD,UCB_WITHOUT_VAE_UNCERTAINTY,UCB-VAE without VAE uncertainty,48,43,test,0.1,0.05,1.0,96621,-41.548390000000154,-4.154839000000016,-2.1065913224166732,1.523151808315032,-2.7152058769453715,5.132808041550666,0,0.40562248995983935,False,False,False,285,0,0.0,25.49839000000002,0.03525446760195421,0.314111730988964,0.0,0.0
VCB,BAD,UCB_WITHOUT_VAE_UNCERTAINTY,UCB-VAE without VAE uncertainty,48,44,train,0.1,0.05,1.0,98868,2088.1165399999995,208.81165399999998,13.356825823970908,19.739425847961176,0.6378058906252808,26.679296270001217,7,0.009790832220738763,False,False,False,2157,0,0.0,85.99346000000001,0.6110288805832564,0.23125828963401426,0.0,0.0
VCB,BAD,UCB_WITHOUT_VAE_UNCERTAINTY,UCB-VAE without VAE uncertainty,48,44,test,0.1,0.05,1.0,98868,-24.41740000000027,-2.441740000000027,-1.2326073696247497,1.6713523784409996,-1.9367093013234806,3.435202695098517,0,0.39959839357429716,False,False,False,285,0,0.0,25.59740000000001,0.03710286020495011,0.31335972569673415,0.0,0.0
VCB,BAD,UCB_WITHOUT_VAE_UNCERTAINTY,UCB-VAE without VAE uncertainty,48,45,train,0.1,0.05,1.0,101115,1516.6587200000022,151.6658720000002,10.806832475137185,15.265607115365434,0.6231176753222486,23.597913963473957,0,0.020471740097908322,False,False,False,2149,0,0.0,81.09128000000001,0.4700352960821693,0.23167752260346386,0.0,0.0
VCB,BAD,UCB_WITHOUT_VAE_UNCERTAINTY,UCB-VAE without VAE uncertainty,48,45,test,0.1,0.05,1.0,101115,-24.91935000000035,-2.491935000000035,-1.2581064506176909,1.772272949342329,-1.8401366795257124,3.511231794990466,0,0.3895582329317269,False,False,False,284,0,0.0,25.50935000000001,0.04027622723048494,0.31227320366834543,0.0,0.0
VCB,BAD,UCB_WITHOUT_VAE_UNCERTAINTY,UCB-VAE without VAE uncertainty,49,1,train,1.0,1.0,1.0,2247,802.7547200000017,80.27547200000016,6.771878174827184,19.28353885995051,0.33529327410630233,32.265187060499436,10,0.06230529595015576,False,False,False,2010,0,0.0,119.69527999999985,0.47023532520139905,0.2570680325488594,0.0,0.0
VCB,BAD,UCB_WITHOUT_VAE_UNCERTAINTY,UCB-VAE without VAE uncertainty,49,1,test,1.0,1.0,1.0,2247,42.8733600000005,4.28733600000005,2.1285323864850714,9.556627603811767,0.0607859575192344,9.569442398979442,0,0.0823293172690763,False,False,False,302,0,0.0,33.61663999999998,0.22454285060709703,0.25498914667760514,0.0,0.0
VCB,BAD,UCB_WITHOUT_VAE_UNCERTAINTY,UCB-VAE without VAE uncertainty,49,2,train,0.9045834549972122,0.8,1.0,4494,861.3532000000032,86.13532000000032,7.1523034785240025,19.37498412050573,0.3531113893281538,32.265187060499436,10,0.04539385847797063,False,False,False,2064,0,0.0,126.8567999999998,0.47370135608910985,0.2551554216740924,0.0,0.0
VCB,BAD,UCB_WITHOUT_VAE_UNCERTAINTY,UCB-VAE without VAE uncertainty,49,2,test,0.9045834549972122,0.8,1.0,4494,42.8733600000005,4.28733600000005,2.1285323864850714,9.556627603811767,0.0607859575192344,9.569442398979442,0,0.0823293172690763,False,False,False,302,0,0.0,33.61663999999998,0.22454285060709703,0.2520494161839466,0.0,0.0
VCB,BAD,UCB_WITHOUT_VAE_UNCERTAINTY,UCB-VAE without VAE uncertainty,49,3,train,0.8182712270546932,0.6400000000000001,1.0,6741,840.6557000000034,84.06557000000035,7.019165680919537,19.412487263351338,0.34634055971299327,32.31129606991933,10,0.047619047619047616,False,False,False,2029,0,0.0,122.07429999999982,0.4720479837930893,0.25107523121858205,0.0,0.0
VCB,BAD,UCB_WITHOUT_VAE_UNCERTAINTY,UCB-VAE without VAE uncertainty,49,3,test,0.8182712270546932,0.6400000000000001,1.0,6741,42.8733600000005,4.28733600000005,2.1285323864850714,9.556627603811767,0.0607859575192344,9.569442398979442,0,0.0823293172690763,False,False,False,302,0,0.0,33.61663999999998,0.22454285060709703,0.2498102177338428,0.0,0.0
VCB,BAD,UCB_WITHOUT_VAE_UNCERTAINTY,UCB-VAE without VAE uncertainty,49,4,train,0.7401946136939427,0.5120000000000001,1.0,8988,839.5176100000058,83.95176100000057,7.011806324710945,19.574504522179797,0.3447505504436714,32.421832704946425,11,0.049399198931909215,False,False,False,2013,0,0.0,121.56238999999988,0.4788773344281136,0.24902234693991646,0.0,0.0
VCB,BAD,UCB_WITHOUT_VAE_UNCERTAINTY,UCB-VAE without VAE uncertainty,49,4,test,0.7401946136939427,0.5120000000000001,1.0,8988,42.8733600000005,4.28733600000005,2.1285323864850714,9.556627603811767,0.0607859575192344,9.569442398979442,0,0.0823293172690763,False,False,False,302,0,0.0,33.61663999999998,0.22454285060709703,0.24782357053704052,0.0,0.0
VCB,BAD,UCB_WITHOUT_VAE_UNCERTAINTY,UCB-VAE without VAE uncertainty,49,5,train,0.6695678010255933,0.4096000000000001,1.0,11235,932.6108000000017,93.26108000000018,7.600824474008405,19.64367223306299,0.37241802020217246,32.37375944431179,10,0.03693813974187806,False,False,False,2074,0,0.0,130.81919999999988,0.48327976101345477,0.24856192496587395,0.0,0.0
VCB,BAD,UCB_WITHOUT_VAE_UNCERTAINTY,UCB-VAE without VAE uncertainty,49,5,test,0.6695678010255933,0.4096000000000001,1.0,11235,42.8733600000005,4.28733600000005,2.1285323864850714,9.556627603811767,0.0607859575192344,9.569442398979442,0,0.0823293172690763,False,False,False,302,0,0.0,33.61663999999998,0.22454285060709703,0.24576072186889897,0.0,0.0
VCB,BAD,UCB_WITHOUT_VAE_UNCERTAINTY,UCB-VAE without VAE uncertainty,49,6,train,0.6056799548066172,0.3276800000000001,1.0,13482,951.0059700000043,95.10059700000043,7.714221032544577,19.668153047592586,0.37758623889281984,30.90153449246451,9,0.027147307521139297,False,False,False,2087,0,0.0,133.2940299999999,0.4848624854018368,0.24670818332345634,0.0,0.0
VCB,BAD,UCB_WITHOUT_VAE_UNCERTAINTY,UCB-VAE without VAE uncertainty,49,6,test,0.6056799548066172,0.3276800000000001,1.0,13482,43.093080000000555,4.309308000000056,2.1393273494903386,9.555472692459482,0.061897520105676646,9.569442398979442,0,0.0823293172690763,False,False,False,303,0,0.0,33.87691999999998,0.22476647029920005,0.24387199205746612,0.0,0.0
VCB,BAD,UCB_WITHOUT_VAE_UNCERTAINTY,UCB-VAE without VAE uncertainty,49,7,train,0.547888066141525,0.2621440000000001,1.0,15729,944.4462600000033,94.44462600000033,7.673893305282253,19.74076592455881,0.3750303938052972,31.024646382871296,10,0.027147307521139297,False,False,False,2081,0,0.0,134.58373999999986,0.4878464994290267,0.24519201471214566,0.0,0.0
VCB,BAD,UCB_WITHOUT_VAE_UNCERTAINTY,UCB-VAE without VAE uncertainty,49,7,test,0.547888066141525,0.2621440000000001,1.0,15729,42.8733600000005,4.28733600000005,2.1285323864850714,9.556627603811767,0.0607859575192344,9.569442398979442,0,0.0823293172690763,False,False,False,302,0,0.0,33.61663999999998,0.22454285060709703,0.2421049303917521,0.0,0.0
VCB,BAD,UCB_WITHOUT_VAE_UNCERTAINTY,UCB-VAE without VAE uncertainty,49,8,train,0.49561047982204176,0.20971520000000007,1.0,17976,908.0075200000033,90.80075200000033,7.447649102465537,19.748828755704544,0.3642200605774816,31.86858353151133,12,0.037828215398308856,False,False,False,2054,0,0.0,132.84247999999985,0.49168204969534024,0.24277066915537657,0.0,0.0
VCB,BAD,UCB_WITHOUT_VAE_UNCERTAINTY,UCB-VAE without VAE uncertainty,49,8,test,0.49561047982204176,0.20971520000000007,1.0,17976,44.906970000000456,4.490697000000045,2.2284014996402757,9.485099940660891,0.07090591125927466,10.422136898622703,0,0.10642570281124498,False,False,False,299,0,0.0,33.35302999999998,0.21900317571120428,0.23982222629598823,0.0,0.0
VCB,BAD,UCB_WITHOUT_VAE_UNCERTAINTY,UCB-VAE without VAE uncertainty,49,9,train,0.4483210401702486,0.1677721600000001,1.0,20223,892.4931100000022,89.24931100000022,7.350154286323751,19.777961757638003,0.35934364328502966,31.95990968403799,12,0.036048064085447265,False,False,False,2050,0,0.0,132.78688999999991,0.49501560761236507,0.24038778986528178,0.0,0.0
VCB,BAD,UCB_WITHOUT_VAE_UNCERTAINTY,UCB-VAE without VAE uncertainty,49,9,test,0.4483210401702486,0.1677721600000001,1.0,20223,45.188330000000406,4.518833000000041,2.242211255867521,9.497797532957843,0.07237350995663268,10.422136898622703,0,0.10642570281124498,False,False,False,298,0,0.0,33.40166999999999,0.2180139040485405,0.23839763326039276,0.0,0.0
VCB,BAD,UCB_WITHOUT_VAE_UNCERTAINTY,UCB-VAE without VAE uncertainty,49,10,train,0.4055437954651474,0.13421772800000006,1.0,22470,945.4934800000028,94.54934800000028,7.680339498629185,19.467974768070277,0.3778287195823796,29.806277902150587,11,0.030262572318647086,False,False,False,2069,0,0.0,137.14651999999992,0.4838748032574115,0.23832480883632812,0.0,0.0
VCB,BAD,UCB_WITHOUT_VAE_UNCERTAINTY,UCB-VAE without VAE uncertainty,49,10,test,0.4055437954651474,0.13421772800000006,1.0,22470,54.768670000000384,5.476867000000039,2.7113346129869598,9.813342848831262,0.12021781099074029,10.422136898622703,0,0.17269076305220885,False,False,False,300,0,0.0,33.46132999999999,0.21471338541272755,0.2367186883397131,0.0,0.0
VCB,BAD,UCB_WITHOUT_VAE_UNCERTAINTY,UCB-VAE without VAE uncertainty,49,11,train,0.3668482076545458,0.10737418240000006,1.0,24717,846.4145400000025,84.64145400000025,7.056342804506044,19.53344668007183,0.34718327405510735,29.113818319059888,10,0.042723631508678236,False,False,False,2034,0,0.0,130.85545999999997,0.4948055607712873,0.2352054284103828,0.0,0.0
VCB,BAD,UCB_WITHOUT_VAE_UNCERTAINTY,UCB-VAE without VAE uncertainty,49,11,test,0.3668482076545458,0.10737418240000006,1.0,24717,54.47294000000056,5.447294000000056,2.69688534920538,10.044014887883137,0.11831132299667663,10.422136898622703,0,0.21285140562248997,False,False,False,303,0,0.0,33.807059999999986,0.2150768366847452,0.23565249116605066,0.0,0.0
VCB,BAD,UCB_WITHOUT_VAE_UNCERTAINTY,UCB-VAE without VAE uncertainty,49,12,train,0.3318448191396838,0.08589934592000005,1.0,26964,823.0144700000019,82.3014470000002,6.904632911764219,19.512914857979137,0.3400132967314807,29.09785105118332,10,0.045838896306186025,False,False,False,2023,0,0.0,129.7055299999999,0.4938984225908703,0.23462120278787763,0.0,0.0
VCB,BAD,UCB_WITHOUT_VAE_UNCERTAINTY,UCB-VAE without VAE uncertainty,49,12,test,0.3318448191396838,0.08589934592000005,1.0,26964,50.58884000000057,5.058884000000057,2.5069218395712856,10.044919144326611,0.09971766650437185,10.422136898622703,0,0.21485943775100402,False,False,False,302,0,0.0,33.641159999999985,0.21412761515522105,0.23465596978743392,0.0,0.0
VCB,BAD,UCB_WITHOUT_VAE_UNCERTAINTY,UCB-VAE without VAE uncertainty,49,13,train,0.3001813330203001,0.06871947673600004,1.0,29211,900.0769799999989,90.00769799999989,7.397900828569859,18.631707019801024,0.37202894350764576,29.07825890558045,10,0.020471740097908322,False,False,False,2078,0,0.0,141.95301999999984,0.47681499674279726,0.23355825851175271,0.0,0.0
VCB,BAD,UCB_WITHOUT_VAE_UNCERTAINTY,UCB-VAE without VAE uncertainty,49,13,test,0.3001813330203001,0.06871947673600004,1.0,29211,51.373070000000325,5.137307000000033,2.545305108654272,9.88616498368528,0.1035253972628763,10.638078464133585,0,0.16666666666666666,False,False,False,300,0,0.0,33.346929999999986,0.21730839525655787,0.23423759440281783,0.0,0.0
VCB,BAD,UCB_WITHOUT_VAE_UNCERTAINTY,UCB-VAE without VAE uncertainty,49,14,train,0.27153906734917177,0.054975581388800036,1.0,31458,893.9998399999954,89.39998399999955,7.359653880228256,18.86626145357333,0.36780142804458926,29.583368909404435,9,0.015131286159323543,False,False,False,2113,0,0.0,148.75016,0.4764241370612329,0.23325427303618732,0.0,0.0
VCB,BAD,UCB_WITHOUT_VAE_UNCERTAINTY,UCB-VAE without VAE uncertainty,49,14,test,0.27153906734917177,0.054975581388800036,1.0,31458,46.09779999999978,4.609779999999978,2.2868373404995923,10.280201396105419,0.07874358081401547,12.038457190636183,0,0.20080321285140562,False,False,False,299,0,0.0,33.25219999999999,0.21758355809955512,0.23358405580422487,0.0,0.0
VCB,BAD,UCB_WITHOUT_VAE_UNCERTAINTY,UCB-VAE without VAE uncertainty,49,15,train,0.24562974770943447,0.05,1.0,33705,792.8851899999986,79.28851899999985,6.706725753397325,18.47506579694803,0.3383433641559923,28.433713999971488,10,0.02892745883400089,False,False,False,2048,0,0.0,138.05480999999986,0.47292419493895227,0.22753948027961882,0.0,0.0
VCB,BAD,UCB_WITHOUT_VAE_UNCERTAINTY,UCB-VAE without VAE uncertainty,49,15,test,0.24562974770943447,0.05,1.0,33705,52.39072999999985,5.239072999999985,2.595092089339035,10.258735899282172,0.10826655187883395,12.038457190636183,0,0.20080321285140562,False,False,False,299,0,0.0,33.24926999999999,0.21703546554246006,0.23265762939809795,0.0,0.0
VCB,BAD,UCB_WITHOUT_VAE_UNCERTAINTY,UCB-VAE without VAE uncertainty,49,16,train,0.2221926058330938,0.05,1.0,35952,752.2415000000015,75.22415000000015,6.435017064305537,18.657632429693326,0.3230789932317136,29.935920408541055,9,0.024477080551846907,False,False,False,2022,0,0.0,135.12849999999986,0.48214656847925863,0.22472012270130898,0.0,0.0
VCB,BAD,UCB_WITHOUT_VAE_UNCERTAINTY,UCB-VAE without VAE uncertainty,49,16,test,0.2221926058330938,0.05,1.0,35952,71.82336999999961,7.182336999999961,3.541233299584734,10.241120949963815,0.19868208258820058,11.416761343058353,0,0.21084337349397592,False,False,False,301,0,0.0,33.72662999999999,0.21892714996281828,0.2319381485831546,0.0,0.0
VCB,BAD,UCB_WITHOUT_VAE_UNCERTAINTY,UCB-VAE without VAE uncertainty,49,17,train,0.20099175505933367,0.05,1.0,38199,716.845690000001,71.6845690000001,6.193788642453768,18.284117374153883,0.31335423529804957,29.66410682314102,8,0.03426791277258567,False,False,False,1993,0,0.0,132.23430999999994,0.47504354538268595,0.22498577257554478,0.0,0.0
VCB,BAD,UCB_WITHOUT_VAE_UNCERTAINTY,UCB-VAE without VAE uncertainty,49,17,test,0.20099175505933367,0.05,1.0,38199,46.81039000000055,4.681039000000055,2.3217893656590993,9.806643719922873,0.08132566845250158,10.819369986493339,0,0.19076305220883535,False,False,False,300,0,0.0,33.59960999999999,0.21770987796423846,0.23161190908297477,0.0,0.0
VCB,BAD,UCB_WITHOUT_VAE_UNCERTAINTY,UCB-VAE without VAE uncertainty,49,18,train,0.18181381621752543,0.05,1.0,40446,802.2691499999992,80.22691499999992,6.7686801713660705,18.25841782077542,0.34336847606829024,29.460947063436805,7,0.0258121940364931,False,False,False,2030,0,0.0,139.51084999999992,0.4720293105642007,0.22472230599663445,0.0,0.0
VCB,BAD,UCB_WITHOUT_VAE_UNCERTAINTY,UCB-VAE without VAE uncertainty,49,18,test,0.18181381621752543,0.05,1.0,40446,36.4662000000003,3.6466200000000297,1.8132452679482602,10.03534951845544,0.0315366478461356,10.819369986493339,0,0.21686746987951808,False,False,False,300,0,0.0,33.353799999999985,0.21511088039812817,0.2308107245129993,0.0,0.0
VCB,BAD,UCB_WITHOUT_VAE_UNCERTAINTY,UCB-VAE without VAE uncertainty,49,19,train,0.16446577004027732,0.05,1.0,42693,782.9468900000015,78.29468900000015,6.640796441272645,18.196864853724637,0.3372812868782483,29.4683879779684,7,0.024922118380062305,False,False,False,2026,0,0.0,139.29310999999996,0.4676651031810848,0.22319690969038603,0.0,0.0
VCB,BAD,UCB_WITHOUT_VAE_UNCERTAINTY,UCB-VAE without VAE uncertainty,49,19,test,0.16446577004027732,0.05,1.0,42693,43.24660000000017,4.324660000000017,2.146869198133672,10.238317817219299,0.06517482134993742,10.705599335293826,0,0.21485943775100402,False,False,False,303,0,0.0,33.853399999999986,0.2208757839695246,0.23039804134203726,0.0,0.0
VCB,BAD,UCB_WITHOUT_VAE_UNCERTAINTY,UCB-VAE without VAE uncertainty,49,20,train,0.14877301449181102,0.05,1.0,44940,642.5702500000016,64.25702500000016,5.672871281824099,18.425715690256855,0.28544651116430547,29.382240706464263,7,0.04183355585224744,False,False,False,1963,0,0.0,129.56974999999994,0.4740606945423382,0.2206360817214198,0.0,0.0
VCB,BAD,UCB_WITHOUT_VAE_UNCERTAINTY,UCB-VAE without VAE uncertainty,49,20,test,0.14877301449181102,0.05,1.0,44940,52.2794200000003,5.22794200000003,2.5896476389541956,9.869778128165041,0.10808840997653794,10.705599335293826,0,0.21485943775100402,False,False,False,302,0,0.0,33.64058,0.21627203585119867,0.22910869271161566,0.0,0.0
VCB,BAD,UCB_WITHOUT_VAE_UNCERTAINTY,UCB-VAE without VAE uncertainty,49,21,train,0.13457760745935274,0.05,1.0,47187,641.3179600000017,64.13179600000016,5.66391048749566,18.005077922585375,0.28740687667699016,29.981199350655892,7,0.04450378282153983,False,False,False,1940,0,0.0,127.55203999999986,0.4627846311680885,0.22016520216616728,0.0,0.0
VCB,BAD,UCB_WITHOUT_VAE_UNCERTAINTY,UCB-VAE without VAE uncertainty,49,21,test,0.13457760745935274,0.05,1.0,47187,60.704910000000154,6.070491000000016,3.000951428459997,10.047413681789545,0.14805102533603196,10.705599335293826,0,0.2971887550200803,False,False,False,305,0,0.0,33.91509,0.21225333071297653,0.228260045684126,0.0,0.0
VCB,BAD,UCB_WITHOUT_VAE_UNCERTAINTY,UCB-VAE without VAE uncertainty,49,22,train,0.12173667712083987,0.05,1.0,49434,681.5894700000008,68.15894700000008,5.949076551152999,18.193435405337137,0.30125122450537134,28.90038566382888,6,0.027147307521139297,False,False,False,1967,0,0.0,133.81052999999986,0.4666811585366417,0.21792383209487626,0.0,0.0
VCB,BAD,UCB_WITHOUT_VAE_UNCERTAINTY,UCB-VAE without VAE uncertainty,49,22,test,0.12173667712083987,0.05,1.0,49434,58.82900000000018,5.882900000000018,2.9095171617116167,10.338540245214523,0.13804242138353792,11.423655433721539,0,0.13855421686746988,False,False,False,299,0,0.0,33.571000000000005,0.22815589678205328,0.22869549977432294,0.0,0.0
VCB,BAD,UCB_WITHOUT_VAE_UNCERTAINTY,UCB-VAE without VAE uncertainty,49,23,train,0.11012098398984942,0.05,1.0,51681,701.1072800000011,70.11072800000011,6.085106179369659,17.909376425654898,0.31035736407775233,29.161672144801848,5,0.025367156208277702,False,False,False,1959,0,0.0,133.22271999999978,0.4577146057200476,0.215779644797312,0.0,0.0
VCB,BAD,UCB_WITHOUT_VAE_UNCERTAINTY,UCB-VAE without VAE uncertainty,49,23,test,0.11012098398984942,0.05,1.0,51681,87.13081999999986,8.713081999999986,4.280523116481394,10.67195632299667,0.26208983947627884,11.910399869935999,0,0.15060240963855423,False,False,False,305,0,0.0,34.389179999999996,0.23642161335485337,0.2284572798175266,0.0,0.0
VCB,BAD,UCB_WITHOUT_VAE_UNCERTAINTY,UCB-VAE without VAE uncertainty,49,24,train,0.1,0.05,1.0,53928,710.598129999999,71.05981299999989,6.150752184847641,17.824350463156495,0.3144982860233275,29.648938779867912,7,0.0262572318647085,False,False,False,1985,0,0.0,137.98186999999984,0.45264864695161067,0.21616968123592903,0.0,0.0
VCB,BAD,UCB_WITHOUT_VAE_UNCERTAINTY,UCB-VAE without VAE uncertainty,49,24,test,0.1,0.05,1.0,53928,79.85216000000082,7.985216000000082,3.9296436674907564,10.767900197119353,0.22915665221029996,11.910399869935999,0,0.15060240963855423,False,False,False,305,0,0.0,34.38784,0.23796103858660925,0.227845715830125,0.0,0.0
VCB,BAD,UCB_WITHOUT_VAE_UNCERTAINTY,UCB-VAE without VAE uncertainty,49,25,train,0.1,0.05,1.0,56175,638.0901900000022,63.80901900000022,5.640786046217916,17.51640019046559,0.2892268736604838,29.277256077269055,7,0.03515798842901647,False,False,False,1950,0,0.0,133.76980999999986,0.44707720116175287,0.21399644377977517,0.0,0.0
VCB,BAD,UCB_WITHOUT_VAE_UNCERTAINTY,UCB-VAE without VAE uncertainty,49,25,test,0.1,0.05,1.0,56175,105.52930999999944,10.552930999999944,5.162267596923931,10.750464053032077,0.33995611497714334,10.893390050130595,0,0.16265060240963855,False,False,False,301,0,0.0,34.14068999999999,0.2377013626101212,0.2264890953988196,0.0,0.0
VCB,BAD,UCB_WITHOUT_VAE_UNCERTAINTY,UCB-VAE without VAE uncertainty,49,26,train,0.1,0.05,1.0,58422,582.4073300000041,58.24073300000041,5.235348844405152,17.210913913496174,0.2687402282969719,26.307909523918166,6,0.03871829105473965,False,False,False,1907,0,0.0,126.93266999999986,0.45125608247983673,0.210858505094879,0.0,0.0
VCB,BAD,UCB_WITHOUT_VAE_UNCERTAINTY,UCB-VAE without VAE uncertainty,49,26,test,0.1,0.05,1.0,58422,95.69730999999956,9.569730999999956,4.6919882555892745,10.375550536189976,0.3049151174560737,10.081893513406808,0,0.2289156626506024,False,False,False,300,0,0.0,34.082689999999985,0.2232528614099676,0.22453422958113584,0.0,0.0
VCB,BAD,UCB_WITHOUT_VAE_UNCERTAINTY,UCB-VAE without VAE uncertainty,49,27,train,0.1,0.05,1.0,60669,655.514190000003,65.55141900000031,5.765137949255417,17.200796793190044,0.2981828367932225,29.63530904800883,6,0.03693813974187806,False,False,False,1922,0,0.0,131.1058099999998,0.4442862005222287,0.21049217178150978,0.0,0.0
VCB,BAD,UCB_WITHOUT_VAE_UNCERTAINTY,UCB-VAE without VAE uncertainty,49,27,test,0.1,0.05,1.0,60669,95.69730999999956,9.569730999999956,4.6919882555892745,10.375550536189976,0.3049151174560737,10.081893513406808,0,0.2289156626506024,False,False,False,300,0,0.0,34.082689999999985,0.2232528614099676,0.22371104014027549,0.0,0.0
VCB,BAD,UCB_WITHOUT_VAE_UNCERTAINTY,UCB-VAE without VAE uncertainty,49,28,train,0.1,0.05,1.0,62916,618.374290000002,61.8374290000002,5.498651478444239,17.501963224477006,0.28153633485850027,30.036179951906618,7,0.032487761459724075,False,False,False,1909,0,0.0,130.1657099999997,0.44391927444186835,0.2088633987855317,0.0,0.0
VCB,BAD,UCB_WITHOUT_VAE_UNCERTAINTY,UCB-VAE without VAE uncertainty,49,28,test,0.1,0.05,1.0,62916,121.92423999999983,12.192423999999983,5.94185054261569,10.669512078317231,0.41160578889898736,10.892085203888879,0,0.12248995983935743,False,False,False,294,0,0.0,33.475759999999994,0.2408264064105086,0.22407723408207358,0.0,0.0
VCB,BAD,UCB_WITHOUT_VAE_UNCERTAINTY,UCB-VAE without VAE uncertainty,49,29,train,0.1,0.05,1.0,65163,638.5546500000014,63.855465000000144,5.64411603113002,17.584762683314136,0.28898304989287465,29.759139708982406,8,0.03204272363150868,False,False,False,1913,0,0.0,130.1853499999999,0.4420830952581277,0.20764880664530572,0.0,0.0
VCB,BAD,UCB_WITHOUT_VAE_UNCERTAINTY,UCB-VAE without VAE uncertainty,49,29,test,0.1,0.05,1.0,65163,119.61249999999973,11.961249999999973,5.832272136809324,10.514683362023142,0.406147974283488,10.892085203888879,0,0.1646586345381526,False,False,False,295,0,0.0,33.68749999999999,0.23537578054208064,0.2228455476193543,0.0,0.0
VCB,BAD,UCB_WITHOUT_VAE_UNCERTAINTY,UCB-VAE without VAE uncertainty,49,30,train,0.1,0.05,1.0,67410,574.8458500000015,57.48458500000015,5.179317753573498,16.892590796298997,0.2674492473649875,26.032790149957062,6,0.04316866933689364,False,False,False,1891,0,0.0,126.23414999999986,0.43354077689879067,0.20574407557686222,0.0,0.0
VCB,BAD,UCB_WITHOUT_VAE_UNCERTAINTY,UCB-VAE without VAE uncertainty,49,30,test,0.1,0.05,1.0,67410,87.96062999999867,8.796062999999869,4.320451004253267,10.741690826594812,0.26479979365791595,10.892085203888879,0,0.16666666666666666,False,False,False,295,0,0.0,33.80936999999999,0.23671817629570482,0.22250169704118408,0.0,0.0
VCB,BAD,UCB_WITHOUT_VAE_UNCERTAINTY,UCB-VAE without VAE uncertainty,49,31,train,0.1,0.05,1.0,69657,598.675320000003,59.8675320000003,5.355093514165454,17.406857635182256,0.2742266401219784,30.333219788894294,7,0.04494882064975523,False,False,False,1913,0,0.0,131.73467999999986,0.4312967443392581,0.20443978876167263,0.0,0.0
VCB,BAD,UCB_WITHOUT_VAE_UNCERTAINTY,UCB-VAE without VAE uncertainty,49,31,test,0.1,0.05,1.0,69657,74.64561999999933,7.464561999999933,3.677930560560627,10.759167320584242,0.2065261779275782,13.211314045213058,0,0.15060240963855423,False,False,False,294,0,0.0,33.87437999999999,0.2399203669180612,0.22173792167181472,0.0,0.0
VCB,BAD,UCB_WITHOUT_VAE_UNCERTAINTY,UCB-VAE without VAE uncertainty,49,32,train,0.1,0.05,1.0,71904,704.7717300000018,70.47717300000016,6.110490817024883,17.14682293480888,0.3177899444320637,30.138209208723175,7,0.022696929238985315,False,False,False,1983,0,0.0,143.0482699999999,0.42853630898583284,0.20506242878194592,0.0,0.0
VCB,BAD,UCB_WITHOUT_VAE_UNCERTAINTY,UCB-VAE without VAE uncertainty,49,32,test,0.1,0.05,1.0,71904,89.69224999999824,8.969224999999824,4.403722353723816,10.630077610605328,0.2740049232013566,10.472405754364184,0,0.17670682730923695,False,False,False,292,0,0.0,33.737749999999984,0.23519768685668427,0.22021276665380202,0.0,0.0
VCB,BAD,UCB_WITHOUT_VAE_UNCERTAINTY,UCB-VAE without VAE uncertainty,49,33,train,0.1,0.05,1.0,74151,387.5989200000022,38.75989200000022,3.709354863694214,16.17611398192546,0.1842205171967562,26.892991186119975,4,0.06675567423230974,False,False,False,1803,0,0.0,115.25107999999982,0.4265975837416689,0.2039979954540703,0.0,0.0
VCB,BAD,UCB_WITHOUT_VAE_UNCERTAINTY,UCB-VAE without VAE uncertainty,49,33,test,0.1,0.05,1.0,74151,56.66850999999906,5.666850999999906,2.804112027319161,10.815960484105778,0.12714580160072322,12.835497878495303,0,0.13855421686746988,False,False,False,295,0,0.0,34.051489999999994,0.2354428970808982,0.21969477054345082,0.0,0.0
VCB,BAD,UCB_WITHOUT_VAE_UNCERTAINTY,UCB-VAE without VAE uncertainty,49,34,train,0.1,0.05,1.0,76398,359.74063000000115,35.974063000000115,3.4757562765324046,15.550939518039057,0.17060416855433344,25.45781054780789,2,0.07832665776591011,False,False,False,1796,0,0.0,116.11936999999992,0.4086840723721404,0.2003759904024757,0.0,0.0
VCB,BAD,UCB_WITHOUT_VAE_UNCERTAINTY,UCB-VAE without VAE uncertainty,49,34,test,0.1,0.05,1.0,76398,74.1862299999998,7.41862299999998,3.6556919478960115,10.552794914723448,0.20643986128067687,12.06985694951178,0,0.18072289156626506,False,False,False,294,0,0.0,34.32376999999998,0.2331973771831155,0.2187140347458512,0.0,0.0
VCB,BAD,UCB_WITHOUT_VAE_UNCERTAINTY,UCB-VAE without VAE uncertainty,49,35,train,0.1,0.05,1.0,78645,370.08212000000094,37.00821200000009,3.5629644409996386,15.572945409809533,0.17606350524884104,26.866747596943934,3,0.06987093902981753,False,False,False,1797,0,0.0,116.74787999999991,0.4073142161610103,0.1989153878366252,0.0,0.0
VCB,BAD,UCB_WITHOUT_VAE_UNCERTAINTY,UCB-VAE without VAE uncertainty,49,35,test,0.1,0.05,1.0,78645,68.61138999999912,6.861138999999912,3.385440850690946,10.588936177493283,0.18123594145085148,12.06985694951178,0,0.16666666666666666,False,False,False,291,0,0.0,34.01860999999999,0.23484149204401839,0.21773679356977163,0.0,0.0
VCB,BAD,UCB_WITHOUT_VAE_UNCERTAINTY,UCB-VAE without VAE uncertainty,49,36,train,0.1,0.05,1.0,80892,298.95218000000114,29.895218000000114,2.950890475246992,15.747608662384705,0.13787678701194267,26.861459833043387,2,0.056074766355140186,False,False,False,1777,0,0.0,114.96781999999986,0.41346390735040184,0.198423046255621,0.0,0.0
VCB,BAD,UCB_WITHOUT_VAE_UNCERTAINTY,UCB-VAE without VAE uncertainty,49,36,test,0.1,0.05,1.0,80892,78.95560999999952,7.895560999999953,3.8863426243259447,10.628287624829374,0.22682155809557666,12.4544175335812,0,0.15060240963855423,False,False,False,294,0,0.0,34.214389999999995,0.23911841819354482,0.21674333719244923,0.0,0.0
VCB,BAD,UCB_WITHOUT_VAE_UNCERTAINTY,UCB-VAE without VAE uncertainty,49,37,train,0.1,0.05,1.0,83139,411.4669200000035,41.14669200000035,3.9062015252235183,14.909214799798113,0.19951830527888384,26.498136942136448,2,0.04806408544726302,False,False,False,1810,0,0.0,119.6330799999998,0.38691240908606983,0.19411881424198163,0.0,0.0
VCB,BAD,UCB_WITHOUT_VAE_UNCERTAINTY,UCB-VAE without VAE uncertainty,49,37,test,0.1,0.05,1.0,83139,83.08463999999958,8.308463999999958,4.0856155443959485,10.589262557729878,0.245522820974668,12.06985694951178,0,0.14859437751004015,False,False,False,294,0,0.0,34.21535999999999,0.23813368790011627,0.21551101560513658,0.0,0.0
VCB,BAD,UCB_WITHOUT_VAE_UNCERTAINTY,UCB-VAE without VAE uncertainty,49,38,train,0.1,0.05,1.0,85386,378.43157999999994,37.843157999999995,3.632948291973359,15.122933135781553,0.1813085388885898,24.968923704258444,3,0.06052514463729417,False,False,False,1794,0,0.0,118.75841999999986,0.3817048909624303,0.19386818762628247,0.0,0.0
VCB,BAD,UCB_WITHOUT_VAE_UNCERTAINTY,UCB-VAE without VAE uncertainty,49,38,test,0.1,0.05,1.0,85386,81.4751999999994,8.14751999999994,4.007986752448245,10.519018687077617,0.23930530891010868,11.936551325659511,0,0.1646586345381526,False,False,False,292,0,0.0,34.224799999999995,0.23601365564761617,0.21443402390164065,0.0,0.0
VCB,BAD,UCB_WITHOUT_VAE_UNCERTAINTY,UCB-VAE without VAE uncertainty,49,39,train,0.1,0.05,1.0,87633,372.28158000000167,37.228158000000164,3.5814366638158956,15.058570946030486,0.1781134762506853,24.572449586319095,4,0.06408544726301736,False,False,False,1784,0,0.0,117.74841999999983,0.3793969277715142,0.19276473218592527,0.0,0.0
VCB,BAD,UCB_WITHOUT_VAE_UNCERTAINTY,UCB-VAE without VAE uncertainty,49,39,test,0.1,0.05,1.0,87633,69.40077999999949,6.940077999999948,3.4237506735960155,10.548943687562588,0.18504823845504131,11.936551325659511,0,0.17670682730923695,False,False,False,293,0,0.0,34.479219999999984,0.23415926402037252,0.21362194623872938,0.0,0.0
VCB,BAD,UCB_WITHOUT_VAE_UNCERTAINTY,UCB-VAE without VAE uncertainty,49,40,train,0.1,0.05,1.0,89880,342.1226900000024,34.21226900000024,3.3258200675046146,15.243638981653854,0.1614416591606814,25.474509675712415,3,0.05874499332443257,False,False,False,1782,0,0.0,117.62730999999988,0.38474615804029716,0.19188612778756053,0.0,0.0
VCB,BAD,UCB_WITHOUT_VAE_UNCERTAINTY,UCB-VAE without VAE uncertainty,49,40,test,0.1,0.05,1.0,89880,69.40077999999949,6.940077999999948,3.4237506735960155,10.548943687562588,0.18504823845504131,11.936551325659511,0,0.17670682730923695,False,False,False,293,0,0.0,34.479219999999984,0.23415926402037252,0.2126644061631467,0.0,0.0
VCB,BAD,UCB_WITHOUT_VAE_UNCERTAINTY,UCB-VAE without VAE uncertainty,49,41,train,0.1,0.05,1.0,92127,361.9288600000018,36.19288600000018,3.4942583310529685,15.004392180287338,0.17257321026442238,24.6765117418599,4,0.06542056074766354,False,False,False,1788,0,0.0,118.08113999999983,0.38049639959620496,0.19085354742257926,0.0,0.0
VCB,BAD,UCB_WITHOUT_VAE_UNCERTAINTY,UCB-VAE without VAE uncertainty,49,41,test,0.1,0.05,1.0,92127,65.14196999999922,6.514196999999921,3.2168992835613697,10.746457983727945,0.1648926549999065,11.140471449905807,0,0.19678714859437751,False,False,False,295,0,0.0,34.48802999999999,0.2326633538181493,0.21118001153610316,0.0,0.0
VCB,BAD,UCB_WITHOUT_VAE_UNCERTAINTY,UCB-VAE without VAE uncertainty,49,42,train,0.1,0.05,1.0,94374,285.57372000000214,28.557372000000214,2.832451638345024,14.05359774660003,0.12838257150695884,25.559099989927976,1,0.07432131731197152,False,False,False,1771,0,0.0,117.15627999999994,0.3667653460854516,0.1877386052514587,0.0,0.0
VCB,BAD,UCB_WITHOUT_VAE_UNCERTAINTY,UCB-VAE without VAE uncertainty,49,42,test,0.1,0.05,1.0,94374,56.5017299999995,5.65017299999995,2.7959707675027534,10.740814380023595,0.12655506414668327,11.140471449905807,0,0.19678714859437751,False,False,False,295,0,0.0,34.48826999999999,0.23239037855473815,0.21037104622606773,0.0,0.0
VCB,BAD,UCB_WITHOUT_VAE_UNCERTAINTY,UCB-VAE without VAE uncertainty,49,43,train,0.1,0.05,1.0,96621,308.0038300000026,30.80038300000026,3.030410850675036,14.28507934924064,0.1422086741139584,25.57232242991262,2,0.05829995549621718,False,False,False,1780,0,0.0,118.16616999999992,0.3700396729705965,0.18696299311673847,0.0,0.0
VCB,BAD,UCB_WITHOUT_VAE_UNCERTAINTY,UCB-VAE without VAE uncertainty,49,43,test,0.1,0.05,1.0,96621,62.50515999999925,6.250515999999926,3.0886221938717595,10.750695720847144,0.1532015149529652,11.140471449905807,0,0.14859437751004015,False,False,False,296,0,0.0,34.544839999999986,0.23595372867918907,0.20962490057610125,0.0,0.0
VCB,BAD,UCB_WITHOUT_VAE_UNCERTAINTY,UCB-VAE without VAE uncertainty,49,44,train,0.1,0.05,1.0,98868,435.22542000000067,43.522542000000065,4.099228483719153,15.360903676073983,0.21033124386288846,25.10978986362239,4,0.040498442367601244,False,False,False,1793,0,0.0,121.30457999999987,0.39051849922876714,0.1880934528233902,0.0,0.0
VCB,BAD,UCB_WITHOUT_VAE_UNCERTAINTY,UCB-VAE without VAE uncertainty,49,44,test,0.1,0.05,1.0,98868,89.27283999999918,8.927283999999917,4.383559527896996,10.769447211076162,0.2700537909692449,9.524570313158842,0,0.1827309236947791,False,False,False,298,0,0.0,34.707159999999995,0.24044739012297017,0.20849445266237698,0.0,0.0
VCB,BAD,UCB_WITHOUT_VAE_UNCERTAINTY,UCB-VAE without VAE uncertainty,49,45,train,0.1,0.05,1.0,101115,484.6636900000026,48.466369000000256,4.491953616768796,15.364525480900774,0.23501951217172248,24.29787109854999,3,0.04183355585224744,False,False,False,1801,0,0.0,123.22630999999991,0.39236664027998636,0.1878722245507788,0.0,0.0
VCB,BAD,UCB_WITHOUT_VAE_UNCERTAINTY,UCB-VAE without VAE uncertainty,49,45,test,0.1,0.05,1.0,101115,89.27283999999918,8.927283999999917,4.383559527896996,10.769447211076162,0.2700537909692449,9.524570313158842,0,0.1827309236947791,False,False,False,298,0,0.0,34.707159999999995,0.24044739012297017,0.20740021159311375,0.0,0.0
VCB,BAD,UCB_WITHOUT_VAE_UNCERTAINTY,UCB-VAE without VAE uncertainty,50,1,train,1.0,1.0,1.0,2247,92.74030000000198,9.274030000000199,0.9909816183991449,5.001054941890242,-0.17603906783815862,11.99489925078758,0,0.0,False,False,False,2247,0,0.0,120.74969999999996,0.07925914539832649,0.24991605198072972,0.0,0.0
VCB,BAD,UCB_WITHOUT_VAE_UNCERTAINTY,UCB-VAE without VAE uncertainty,50,1,test,1.0,1.0,1.0,2247,-29.676260000000525,-2.9676260000000525,-1.5000831319929575,2.5109326950935547,-1.3910548718168603,4.5708746172904196,0,0.006024096385542169,False,False,False,495,0,0.0,47.646260000000034,0.0761237861645034,0.354148191321327,0.0,0.0
VCB,BAD,UCB_WITHOUT_VAE_UNCERTAINTY,UCB-VAE without VAE uncertainty,50,2,train,0.9045834549972122,0.8,1.0,4494,79.64642999999955,7.964642999999956,0.8557081703446379,5.805539437643169,-0.16746225241767657,14.70572289807713,0,0.0,False,False,False,2247,0,0.0,120.7135699999999,0.0931880558839336,0.24613999478887016,0.0,0.0
VCB,BAD,UCB_WITHOUT_VAE_UNCERTAINTY,UCB-VAE without VAE uncertainty,50,2,test,0.9045834549972122,0.8,1.0,4494,-16.76457000000073,-1.6764570000000731,-0.8446498512849177,2.5259608267905067,-1.1178313579328694,4.634160473783455,0,0.008032128514056224,False,False,False,494,0,0.0,47.73457000000003,0.0774609312864664,0.3477659071664734,0.0,0.0
VCB,BAD,UCB_WITHOUT_VAE_UNCERTAINTY,UCB-VAE without VAE uncertainty,50,3,train,0.8182712270546932,0.6400000000000001,1.0,6741,83.39250000000015,8.339250000000016,0.8945572689820436,6.305604679315008,-0.14320563524953117,16.62086741719845,1,0.0,False,False,False,2247,0,0.0,120.65749999999991,0.1026574877096982,0.24192641867788092,0.0,0.0
VCB,BAD,UCB_WITHOUT_VAE_UNCERTAINTY,UCB-VAE without VAE uncertainty,50,3,test,0.8182712270546932,0.6400000000000001,1.0,6741,-21.455670000000964,-2.1455670000000966,-1.0822842625174522,3.019092811038755,-1.0108865049142057,4.96387362835456,0,0.010040160642570281,False,False,False,493,0,0.0,47.56567000000002,0.07937795523346597,0.3415606801349475,0.0,0.0
VCB,BAD,UCB_WITHOUT_VAE_UNCERTAINTY,UCB-VAE without VAE uncertainty,50,4,train,0.7401946136939427,0.5120000000000001,1.0,8988,62.76033000000257,6.276033000000257,0.6790876338826024,6.7277507115300335,-0.16221141269505676,20.098870572558244,0,0.0,False,False,False,2247,0,0.0,122.33966999999994,0.11046221851091045,0.23821374633389683,0.0,0.0
VCB,BAD,UCB_WITHOUT_VAE_UNCERTAINTY,UCB-VAE without VAE uncertainty,50,4,test,0.7401946136939427,0.5120000000000001,1.0,8988,8.275839999999334,0.8275839999999335,0.4143604002816881,3.592049359236369,-0.4227909191257813,5.202696295306368,0,0.012048192771084338,False,False,False,491,0,0.0,47.32416000000004,0.09004498611411757,0.3356106120000881,0.0,0.0
VCB,BAD,UCB_WITHOUT_VAE_UNCERTAINTY,UCB-VAE without VAE uncertainty,50,5,train,0.6695678010255933,0.4096000000000001,1.0,11235,122.58890000000315,12.258890000000315,1.2940427459142256,7.159456520411607,-0.06250131727607601,20.170710452776124,0,0.0,False,False,False,2247,0,0.0,122.80109999999995,0.11455052508812888,0.23366564120989564,0.0,0.0
VCB,BAD,UCB_WITHOUT_VAE_UNCERTAINTY,UCB-VAE without VAE uncertainty,50,5,test,0.6695678010255933,0.4096000000000001,1.0,11235,4.429149999999481,0.4429149999999481,0.22197332635465195,3.6509910218207895,-0.46836036950685717,5.182065076530297,0,0.01606425702811245,False,False,False,490,0,0.0,47.320850000000036,0.09143303182328472,0.3304901116763253,0.0,0.0
VCB,BAD,UCB_WITHOUT_VAE_UNCERTAINTY,UCB-VAE without VAE uncertainty,50,6,train,0.6056799548066172,0.3276800000000001,1.0,13482,131.4982800000023,13.14982800000023,1.3831142245184003,7.670006442366205,-0.04181517004537458,21.42890830319343,1,0.0,False,False,False,2247,0,0.0,123.6717199999999,0.12238656883452596,0.23078885915202993,0.0,0.0
VCB,BAD,UCB_WITHOUT_VAE_UNCERTAINTY,UCB-VAE without VAE uncertainty,50,6,test,0.6056799548066172,0.3276800000000001,1.0,13482,41.7638000000004,4.17638000000004,2.0740017809669498,4.063594290222513,0.0374930494217672,3.8779193349521996,0,0.02208835341365462,False,False,False,486,0,0.0,46.75620000000004,0.09182339721132868,0.325022423542647,0.0,0.0
VCB,BAD,UCB_WITHOUT_VAE_UNCERTAINTY,UCB-VAE without VAE uncertainty,50,7,train,0.547888066141525,0.2621440000000001,1.0,15729,194.31018000000267,19.431018000000265,1.9939565685703098,8.071181790763779,0.03917660684263086,21.904376666353663,1,0.0,False,False,False,2247,0,0.0,122.11981999999993,0.12993350582635016,0.22721800418312835,0.0,0.0
VCB,BAD,UCB_WITHOUT_VAE_UNCERTAINTY,UCB-VAE without VAE uncertainty,50,7,test,0.547888066141525,0.2621440000000001,1.0,15729,31.81484999999998,3.1814849999999977,1.5837501804206733,4.171161047075875,-0.07883751122780326,3.875816824238112,0,0.020080321285140562,False,False,False,488,0,0.0,47.39515000000003,0.09637351230824717,0.3209417259477707,0.0,0.0
VCB,BAD,UCB_WITHOUT_VAE_UNCERTAINTY,UCB-VAE without VAE uncertainty,50,8,train,0.49561047982204176,0.20971520000000007,1.0,17976,293.4198500000043,29.34198500000043,2.902045114987084,8.49794789270484,0.1465305432828871,21.296075901121363,0,0.0,False,False,False,2247,0,0.0,122.80015000000002,0.1408001410219408,0.22403661095676922,0.0,0.0
VCB,BAD,UCB_WITHOUT_VAE_UNCERTAINTY,UCB-VAE without VAE uncertainty,50,8,test,0.49561047982204176,0.20971520000000007,1.0,17976,46.102249999998776,4.610224999999877,2.2870556465928837,4.333018263905922,0.08631288811062716,3.7621880519999213,0,0.020080321285140562,False,False,False,488,0,0.0,48.207750000000054,0.10389546819525326,0.31770335562736635,0.0,0.0
VCB,BAD,UCB_WITHOUT_VAE_UNCERTAINTY,UCB-VAE without VAE uncertainty,50,9,train,0.4483210401702486,0.1677721600000001,1.0,20223,348.87827000000243,34.88782700000024,3.383518582784495,8.61144121850543,0.20039518540903398,21.10133148071625,1,0.0,False,False,False,2247,0,0.0,123.68173000000003,0.1434327072742327,0.22185039688705815,0.0,0.0
VCB,BAD,UCB_WITHOUT_VAE_UNCERTAINTY,UCB-VAE without VAE uncertainty,50,9,test,0.4483210401702486,0.1677721600000001,1.0,20223,39.9124499999989,3.99124499999989,1.9829505817585469,4.594529088888039,0.018564031399224374,4.928481629937175,0,0.01606425702811245,False,False,False,486,0,0.0,48.997550000000054,0.11433690021017345,0.3150918086669052,0.0,0.0
VCB,BAD,UCB_WITHOUT_VAE_UNCERTAINTY,UCB-VAE without VAE uncertainty,50,10,train,0.4055437954651474,0.13421772800000006,1.0,22470,171.7740200000021,17.17740200000021,1.7781511816214124,9.553928669451905,0.024401353283048335,30.6659401449448,0,0.0,False,False,False,2247,0,0.0,126.75597999999995,0.16572095611202248,0.22328034120901563,0.0,0.0
VCB,BAD,UCB_WITHOUT_VAE_UNCERTAINTY,UCB-VAE without VAE uncertainty,50,10,test,0.4055437954651474,0.13421772800000006,1.0,22470,48.086310000000594,4.80863100000006,2.3843427152665297,4.977788410575023,0.10039884686863558,3.420433803699738,0,0.014056224899598393,False,False,False,488,0,0.0,49.32369000000003,0.13083243220029997,0.3126702027687107,0.0,0.0
VCB,BAD,UCB_WITHOUT_VAE_UNCERTAINTY,UCB-VAE without VAE uncertainty,50,11,train,0.3668482076545458,0.10737418240000006,1.0,24717,208.8399700000009,20.88399700000009,2.1311821251939866,9.94226003652221,0.062339324474461534,31.625908061513584,1,0.0,False,False,False,2247,0,0.0,127.95002999999988,0.17569684271956934,0.22159359743051865,0.0,0.0
VCB,BAD,UCB_WITHOUT_VAE_UNCERTAINTY,UCB-VAE without VAE uncertainty,50,11,test,0.3668482076545458,0.10737418240000006,1.0,24717,58.50640000000158,5.8506400000001575,2.893785090945533,5.32858991840974,0.1911746215220622,3.4543198581782035,0,0.012048192771084338,False,False,False,489,0,0.0,49.973600000000005,0.14760336308713518,0.31102061573879786,0.0,0.0
VCB,BAD,UCB_WITHOUT_VAE_UNCERTAINTY,UCB-VAE without VAE uncertainty,50,12,train,0.3318448191396838,0.08589934592000005,1.0,26964,185.80020000000013,18.580020000000015,1.9128940791884652,10.407613270051643,0.04341702998093643,32.326561026533234,2,0.0,False,False,False,2247,0,0.0,128.5797999999999,0.1871447425396243,0.22115315427621524,0.0,0.0
VCB,BAD,UCB_WITHOUT_VAE_UNCERTAINTY,UCB-VAE without VAE uncertainty,50,12,test,0.3318448191396838,0.08589934592000005,1.0,26964,56.697550000000774,5.669755000000078,2.8055295310311035,5.463834762490894,0.171941928975739,4.230530094386114,0,0.012048192771084338,False,False,False,489,0,0.0,50.412450000000014,0.15449011541400254,0.30925353006067047,0.0,0.0
VCB,BAD,UCB_WITHOUT_VAE_UNCERTAINTY,UCB-VAE without VAE uncertainty,50,13,train,0.3001813330203001,0.06871947673600004,1.0,29211,184.75643000000082,18.475643000000083,1.9029159936325701,10.699559714653697,0.04423103597239031,32.470702062894404,3,0.0,False,False,False,2247,0,0.0,130.91356999999996,0.19473768084986715,0.21996085938276796,0.0,0.0
VCB,BAD,UCB_WITHOUT_VAE_UNCERTAINTY,UCB-VAE without VAE uncertainty,50,13,test,0.3001813330203001,0.06871947673600004,1.0,29211,13.121290000000272,1.3121290000000272,0.6561793793202098,6.22380664962774,-0.18430015850473128,5.520827294042944,0,0.006024096385542169,False,False,False,492,0,0.0,51.23871000000001,0.17854798130887156,0.30941220962378874,0.0,0.0
VCB,BAD,UCB_WITHOUT_VAE_UNCERTAINTY,UCB-VAE without VAE uncertainty,50,14,train,0.27153906734917177,0.054975581388800036,1.0,31458,220.22165000000086,22.022165000000086,2.2376553733974847,10.885514696428753,0.07566369115651146,32.09573538310424,3,0.0,False,False,False,2247,0,0.0,131.08835000000002,0.2025588842654555,0.21883801480280224,0.0,0.0
VCB,BAD,UCB_WITHOUT_VAE_UNCERTAINTY,UCB-VAE without VAE uncertainty,50,14,test,0.27153906734917177,0.054975581388800036,1.0,31458,41.1399399999998,4.1139939999999795,2.043328751201434,6.504474162476373,0.0386793955204139,5.435822887346053,0,0.006024096385542169,False,False,False,491,0,0.0,51.73006000000002,0.18838347859329824,0.3083716553138442,0.0,0.0
VCB,BAD,UCB_WITHOUT_VAE_UNCERTAINTY,UCB-VAE without VAE uncertainty,50,15,train,0.24562974770943447,0.05,1.0,33705,238.87113999999747,23.887113999999745,2.410224208190437,11.19639468137099,0.09182718999254524,32.788468961253905,2,0.0,False,False,False,2247,0,0.0,133.24885999999987,0.21454607324541564,0.21818299182372777,0.0,0.0
VCB,BAD,UCB_WITHOUT_VAE_UNCERTAINTY,UCB-VAE without VAE uncertainty,50,15,test,0.24562974770943447,0.05,1.0,33705,88.70322999999962,8.870322999999962,4.356169752561945,6.777133528693105,0.37331907244306894,4.734682221680871,0,0.006024096385542169,False,False,False,491,0,0.0,51.47677000000003,0.2013653735935017,0.30744196019737596,0.0,0.0
VCB,BAD,UCB_WITHOUT_VAE_UNCERTAINTY,UCB-VAE without VAE uncertainty,50,16,train,0.2221926058330938,0.05,1.0,35952,292.90162000000373,29.290162000000375,2.8974601161683378,11.57776722587059,0.13391502822436213,31.672638154439714,3,0.0,False,False,False,2247,0,0.0,133.11837999999995,0.22698710262785823,0.21704049190256827,0.0,0.0
VCB,BAD,UCB_WITHOUT_VAE_UNCERTAINTY,UCB-VAE without VAE uncertainty,50,16,test,0.2221926058330938,0.05,1.0,35952,95.52095000000054,9.552095000000053,4.683533536073736,7.0879239208010185,0.4046218318550548,4.349263679084134,0,0.006024096385542169,False,False,False,491,0,0.0,51.38905000000003,0.20785927226548737,0.3063076930532015,0.0,0.0
VCB,BAD,UCB_WITHOUT_VAE_UNCERTAINTY,UCB-VAE without VAE uncertainty,50,17,train,0.20099175505933367,0.05,1.0,38199,328.06616999999915,32.80661699999992,3.2049331295956662,11.968844034682391,0.15848571264236658,30.875897505507808,3,0.0,False,False,False,2247,0,0.0,134.34382999999985,0.23693951363569982,0.21559899344768427,0.0,0.0
VCB,BAD,UCB_WITHOUT_VAE_UNCERTAINTY,UCB-VAE without VAE uncertainty,50,17,test,0.20099175505933367,0.05,1.0,38199,52.21007000000009,5.221007000000009,2.586255411980165,7.289475633973408,0.11542679679345186,4.7595163107876575,0,0.010040160642570281,False,False,False,493,0,0.0,52.62993000000003,0.22708272750207578,0.30585168969320004,0.0,0.0
VCB,BAD,UCB_WITHOUT_VAE_UNCERTAINTY,UCB-VAE without VAE uncertainty,50,18,train,0.18181381621752543,0.05,1.0,40446,478.2583500000014,47.82583500000015,4.441732548301758,12.431425556893835,0.2537504608508217,32.82367637653883,3,0.0,False,False,False,2247,0,0.0,132.29164999999978,0.2451262711959003,0.21357461397959276,0.0,0.0
VCB,BAD,UCB_WITHOUT_VAE_UNCERTAINTY,UCB-VAE without VAE uncertainty,50,18,test,0.18181381621752543,0.05,1.0,40446,50.21548999999982,5.0215489999999825,2.4886436209781815,7.442881207141254,0.10164080186970832,4.335537692610057,0,0.010040160642570281,False,False,False,493,0,0.0,52.96451000000003,0.23122557889294054,0.30487622706645945,0.0,0.0
VCB,BAD,UCB_WITHOUT_VAE_UNCERTAINTY,UCB-VAE without VAE uncertainty,50,19,train,0.16446577004027732,0.05,1.0,42693,500.26359,50.026359,4.613463638718596,12.682712895047665,0.2642586581510081,31.935238709085702,2,0.0,False,False,False,2247,0,0.0,133.4064099999998,0.2493236650356434,0.21257988744820283,0.0,0.0
VCB,BAD,UCB_WITHOUT_VAE_UNCERTAINTY,UCB-VAE without VAE uncertainty,50,19,test,0.16446577004027732,0.05,1.0,42693,78.41025999999988,7.841025999999989,3.8599948617132007,8.323375238188492,0.2602285832301353,6.34195835009662,0,0.010040160642570281,False,False,False,493,0,0.0,53.23974000000002,0.261462743889978,0.3037969914066744,0.0,0.0
VCB,BAD,UCB_WITHOUT_VAE_UNCERTAINTY,UCB-VAE without VAE uncertainty,50,20,train,0.14877301449181102,0.05,1.0,44940,507.9451799999995,50.79451799999995,4.672884621910556,12.89056058222079,0.26648687721956016,31.521958319424215,2,0.0,False,False,False,2247,0,0.0,135.00481999999985,0.2566283751762544,0.21151859849081286,0.0,0.0
VCB,BAD,UCB_WITHOUT_VAE_UNCERTAINTY,UCB-VAE without VAE uncertainty,50,20,test,0.14877301449181102,0.05,1.0,44940,69.06236999999942,6.906236999999941,3.407329051103103,8.558302240610345,0.20390967039687388,6.8064063325871444,0,0.010040160642570281,False,False,False,493,0,0.0,53.95763000000002,0.2833302050669804,0.3041508198682084,0.0,0.0
VCB,BAD,UCB_WITHOUT_VAE_UNCERTAINTY,UCB-VAE without VAE uncertainty,50,21,train,0.13457760745935274,0.05,1.0,47187,585.6199199999994,58.56199199999994,5.259082356119005,13.196160624362363,0.30601361166222574,31.317324787523198,2,0.0,False,False,False,2247,0,0.0,134.39007999999967,0.27061256220209784,0.21114066517055963,0.0,0.0
VCB,BAD,UCB_WITHOUT_VAE_UNCERTAINTY,UCB-VAE without VAE uncertainty,50,21,test,0.13457760745935274,0.05,1.0,47187,96.02128999999945,9.602128999999945,4.707518128763244,9.156323264262301,0.33403479056635166,6.600498491467081,0,0.0,False,False,False,496,0,0.0,54.43871000000002,0.2935556217502085,0.3033247918010237,0.0,0.0
VCB,BAD,UCB_WITHOUT_VAE_UNCERTAINTY,UCB-VAE without VAE uncertainty,50,22,train,0.12173667712083987,0.05,1.0,49434,568.7856099999988,56.87856099999987,5.134238071396835,13.319899654338096,0.29545469213369185,33.336987055665,2,0.0,False,False,False,2247,0,0.0,136.2943899999998,0.2709487990893237,0.21035586288227842,0.0,0.0
VCB,BAD,UCB_WITHOUT_VAE_UNCERTAINTY,UCB-VAE without VAE uncertainty,50,22,test,0.12173667712083987,0.05,1.0,49434,60.92336999999884,6.092336999999884,3.011594210025925,8.923082385353911,0.15593260432297174,6.164592380070856,0,0.0,False,False,False,497,0,0.0,54.75663,0.29561709693582516,0.30298107177258493,0.0,0.0
VCB,BAD,UCB_WITHOUT_VAE_UNCERTAINTY,UCB-VAE without VAE uncertainty,50,23,train,0.11012098398984942,0.05,1.0,51681,491.5693999999978,49.156939999999786,4.545882560891101,13.37778573916108,0.25243444589808056,32.48944543266959,2,0.0,False,False,False,2247,0,0.0,136.38059999999987,0.2792488229737239,0.21008371085618197,0.0,0.0
VCB,BAD,UCB_WITHOUT_VAE_UNCERTAINTY,UCB-VAE without VAE uncertainty,50,23,test,0.11012098398984942,0.05,1.0,51681,53.773069999999734,5.377306999999973,2.6626819012350422,9.40324734670274,0.11619988228954428,7.778121095477612,0,0.0,False,False,False,497,0,0.0,55.406930000000024,0.30686667337050694,0.3029323596671882,0.0,0.0
VCB,BAD,UCB_WITHOUT_VAE_UNCERTAINTY,UCB-VAE without VAE uncertainty,50,24,train,0.1,0.05,1.0,53928,641.6481800000033,64.16481800000034,5.666273975235581,13.658523112811723,0.3287117300421988,31.526394892679292,3,0.0,False,False,False,2247,0,0.0,136.85181999999975,0.288208248435299,0.20865996463475464,0.0,0.0
VCB,BAD,UCB_WITHOUT_VAE_UNCERTAINTY,UCB-VAE without VAE uncertainty,50,24,test,0.1,0.05,1.0,53928,64.56991999999968,6.4569919999999685,3.1890833097683036,9.583974978744017,0.16962469417901355,7.724039460385897,0,0.0,False,False,False,497,0,0.0,55.280080000000005,0.31667049450507784,0.30232123937831823,0.0,0.0
VCB,BAD,UCB_WITHOUT_VAE_UNCERTAINTY,UCB-VAE without VAE uncertainty,50,25,train,0.1,0.05,1.0,56175,596.8442000000007,59.684420000000074,5.341669324110332,13.840960257625545,0.30380983678695145,32.19755333660219,4,0.0,False,False,False,2247,0,0.0,138.10579999999982,0.29566929636930134,0.20831808148090394,0.0,0.0
VCB,BAD,UCB_WITHOUT_VAE_UNCERTAINTY,UCB-VAE without VAE uncertainty,50,25,test,0.1,0.05,1.0,56175,13.83636999999976,1.383636999999976,0.6918176093583916,10.514937253528652,-0.07139301689998469,14.039802545234888,0,0.0,False,False,False,497,0,0.0,54.66363000000002,0.3631419642897168,0.30435383385683157,0.0,0.0
VCB,BAD,UCB_WITHOUT_VAE_UNCERTAINTY,UCB-VAE without VAE uncertainty,50,26,train,0.1,0.05,1.0,58422,620.9149699999991,62.09149699999992,5.517053687323581,13.777145144742157,0.3167546143124113,31.624687046172962,3,0.0,False,False,False,2247,0,0.0,138.32502999999974,0.2960880449712524,0.20677885994427883,0.0,0.0
VCB,BAD,UCB_WITHOUT_VAE_UNCERTAINTY,UCB-VAE without VAE uncertainty,50,26,test,0.1,0.05,1.0,58422,16.9630599999997,1.6963059999999701,0.8474989903717756,11.150834340670459,-0.04716229347220781,12.683713585415202,0,0.0,False,False,False,497,0,0.0,54.79693999999999,0.381152587774339,0.3032745033741955,0.0,0.0
VCB,BAD,UCB_WITHOUT_VAE_UNCERTAINTY,UCB-VAE without VAE uncertainty,50,27,train,0.1,0.05,1.0,60669,588.6605299999994,58.86605299999994,5.2815060026681016,13.965062449200577,0.29822356597111194,31.16870757814867,3,0.0,False,False,False,2247,0,0.0,139.21946999999975,0.30274571356937546,0.2060079391752289,0.0,0.0
VCB,BAD,UCB_WITHOUT_VAE_UNCERTAINTY,UCB-VAE without VAE uncertainty,50,27,test,0.1,0.05,1.0,60669,7.452080000000024,0.7452080000000023,0.37319195773235503,11.175466249690293,-0.08938823244809796,13.253545967360465,0,0.0,False,False,False,497,0,0.0,55.10791999999999,0.381746153134052,0.30202110018955175,0.0,0.0
VCB,BAD,UCB_WITHOUT_VAE_UNCERTAINTY,UCB-VAE without VAE uncertainty,50,28,train,0.1,0.05,1.0,62916,616.651059999999,61.6651059999999,5.486155460718201,14.255813488868313,0.3086756410767569,30.707979274346265,5,0.0,False,False,False,2247,0,0.0,139.2789399999998,0.30528086357702433,0.2046222247325902,0.0,0.0
VCB,BAD,UCB_WITHOUT_VAE_UNCERTAINTY,UCB-VAE without VAE uncertainty,50,28,test,0.1,0.05,1.0,62916,34.51787000000036,3.451787000000036,1.7171783103376637,11.110110899267353,0.03010386990062864,10.4368437230258,0,0.0,False,False,False,497,0,0.0,55.982129999999984,0.37389756291533555,0.3006802936454853,0.0,0.0
VCB,BAD,UCB_WITHOUT_VAE_UNCERTAINTY,UCB-VAE without VAE uncertainty,50,29,train,0.1,0.05,1.0,65163,730.0067599999991,73.00067599999991,6.283995378641305,14.307482760163476,0.3612149717557284,30.459125795107838,3,0.0,False,False,False,2247,0,0.0,138.47323999999966,0.30939920072988514,0.2025008131801737,0.0,0.0
VCB,BAD,UCB_WITHOUT_VAE_UNCERTAINTY,UCB-VAE without VAE uncertainty,50,29,test,0.1,0.05,1.0,65163,33.29572999999982,3.329572999999982,1.656871828694917,10.945909520898425,0.023485462261093347,12.214609664803575,0,0.0,False,False,False,497,0,0.0,55.52426999999998,0.37080800527839675,0.298921938461951,0.0,0.0
VCB,BAD,UCB_WITHOUT_VAE_UNCERTAINTY,UCB-VAE without VAE uncertainty,50,30,train,0.1,0.05,1.0,67410,657.8950299999985,65.78950299999985,5.782039139603601,14.328486255648109,0.3275902291048384,31.073618937164454,3,0.0,False,False,False,2247,0,0.0,140.06496999999976,0.3164282906909742,0.20277946476518285,0.0,0.0
VCB,BAD,UCB_WITHOUT_VAE_UNCERTAINTY,UCB-VAE without VAE uncertainty,50,30,test,0.1,0.05,1.0,67410,36.573440000000346,3.657344000000035,1.8185303726150792,11.474766005562731,0.04158833927680979,12.94508384580156,0,0.0,False,False,False,497,0,0.0,55.51655999999998,0.3990139493860221,0.2984255744690397,0.0,0.0
VCB,BAD,UCB_WITHOUT_VAE_UNCERTAINTY,UCB-VAE without VAE uncertainty,50,31,train,0.1,0.05,1.0,69657,662.4852399999988,66.24852399999989,5.81456348350986,14.455455073751041,0.3281080150828239,31.052143364314137,5,0.0,False,False,False,2247,0,0.0,140.47475999999983,0.31968778379691737,0.20132003147627547,0.0,0.0
VCB,BAD,UCB_WITHOUT_VAE_UNCERTAINTY,UCB-VAE without VAE uncertainty,50,31,test,0.1,0.05,1.0,69657,-15.835370000000012,-1.583537000000001,-0.7976469721566404,11.607890106915187,-0.18371164181335906,13.568028112743214,0,0.0,False,False,False,497,0,0.0,55.455369999999974,0.4048936560070467,0.2988230437937989,0.0,0.0
VCB,BAD,UCB_WITHOUT_VAE_UNCERTAINTY,UCB-VAE without VAE uncertainty,50,32,train,0.1,0.05,1.0,71904,748.9666199999972,74.89666199999971,6.412880928764952,14.598497587716233,0.3652493819126895,31.052143364314137,4,0.0,False,False,False,2247,0,0.0,140.61337999999978,0.32174532786062904,0.19993938787491736,0.0,0.0
VCB,BAD,UCB_WITHOUT_VAE_UNCERTAINTY,UCB-VAE without VAE uncertainty,50,32,test,0.1,0.05,1.0,71904,-32.95574999999985,-3.2955749999999853,-1.667250122225994,11.701960494321604,-0.25719892307949044,17.33229130178314,0,0.0,False,False,False,497,0,0.0,56.23574999999999,0.40534636538610747,0.29899243295312405,0.0,0.0
VCB,BAD,UCB_WITHOUT_VAE_UNCERTAINTY,UCB-VAE without VAE uncertainty,50,33,train,0.1,0.05,1.0,74151,756.5895499999976,75.65895499999976,6.464350404127495,14.415373871426103,0.37145213902075586,31.02832958474082,3,0.0,False,False,False,2247,0,0.0,140.36044999999982,0.321041853541145,0.19857303078672225,0.0,0.0
VCB,BAD,UCB_WITHOUT_VAE_UNCERTAINTY,UCB-VAE without VAE uncertainty,50,33,test,0.1,0.05,1.0,74151,-45.88043999999968,-4.588043999999968,-2.328832969330197,11.770715683944893,-0.31291585198419847,16.839540769686874,0,0.0,False,False,False,497,0,0.0,56.15043999999996,0.41502258301514705,0.29824048140082493,0.0,0.0
VCB,BAD,UCB_WITHOUT_VAE_UNCERTAINTY,UCB-VAE without VAE uncertainty,50,34,train,0.1,0.05,1.0,76398,711.8143499999976,71.18143499999977,6.15914108240001,14.51646908231599,0.3499094358144138,31.11513104172015,3,0.0,False,False,False,2247,0,0.0,140.78564999999975,0.32521311123584234,0.1980566574127132,0.0,0.0
VCB,BAD,UCB_WITHOUT_VAE_UNCERTAINTY,UCB-VAE without VAE uncertainty,50,34,test,0.1,0.05,1.0,76398,-39.12000999999918,-3.9120009999999183,-1.9822301322499514,11.874775809608757,-0.27908316818646095,17.01026313792346,0,0.0,False,False,False,496,0,0.0,55.40000999999996,0.4194498904095472,0.2975789625122844,0.0,0.0
VCB,BAD,UCB_WITHOUT_VAE_UNCERTAINTY,UCB-VAE without VAE uncertainty,50,35,train,0.1,0.05,1.0,78645,828.7183699999975,82.87183699999976,6.941771899176885,14.59912822451242,0.39950463985281376,31.11513104172015,3,0.0,False,False,False,2247,0,0.0,140.63162999999975,0.32784836775557513,0.19633027103128145,0.0,0.0
VCB,BAD,UCB_WITHOUT_VAE_UNCERTAINTY,UCB-VAE without VAE uncertainty,50,35,test,0.1,0.05,1.0,78645,-80.87195999999972,-8.087195999999972,-4.142715229528537,11.974775970534138,-0.46335577126090916,18.812078544833266,0,0.0,False,False,False,496,0,0.0,55.521959999999964,0.42571002103840677,0.29739156114049703,0.0,0.0
VCB,BAD,UCB_WITHOUT_VAE_UNCERTAINTY,UCB-VAE without VAE uncertainty,50,36,train,0.1,0.05,1.0,80892,806.0485499999957,80.60485499999956,6.7935514176414635,14.647796724461207,0.38911926834733085,30.903177210975663,4,0.0,False,False,False,2247,0,0.0,140.99144999999984,0.3306935747619967,0.19580568841724433,0.0,0.0
VCB,BAD,UCB_WITHOUT_VAE_UNCERTAINTY,UCB-VAE without VAE uncertainty,50,36,test,0.1,0.05,1.0,80892,-34.42467999999974,-3.442467999999974,-1.7422181753675825,12.335286345404779,-0.24409342584678598,17.006574449722923,0,0.0,False,False,False,496,0,0.0,55.44467999999998,0.4299812765671088,0.2959815206896349,0.0,0.0
VCB,BAD,UCB_WITHOUT_VAE_UNCERTAINTY,UCB-VAE without VAE uncertainty,50,37,train,0.1,0.05,1.0,83139,823.3241699999967,82.33241699999967,6.906652066867736,14.695523639248428,0.3955904183998342,31.219666564573068,5,0.0,False,False,False,2247,0,0.0,141.26583,0.33464852315447563,0.19478876335346598,0.0,0.0
VCB,BAD,UCB_WITHOUT_VAE_UNCERTAINTY,UCB-VAE without VAE uncertainty,50,37,test,0.1,0.05,1.0,83139,-73.68314999999882,-7.368314999999883,-3.767291988922805,12.113026155790283,-0.42415134846633235,19.58833083291749,0,0.0,False,False,False,496,0,0.0,55.44314999999999,0.42733309059236047,0.29592140518637544,0.0,0.0
VCB,BAD,UCB_WITHOUT_VAE_UNCERTAINTY,UCB-VAE without VAE uncertainty,50,38,train,0.1,0.05,1.0,85386,883.8098899999968,88.38098899999967,7.295277176962545,14.704036604031204,0.4203579999022169,31.62279842223902,5,0.0,False,False,False,2247,0,0.0,141.18010999999987,0.33906150342673297,0.1941076330359798,0.0,0.0
VCB,BAD,UCB_WITHOUT_VAE_UNCERTAINTY,UCB-VAE without VAE uncertainty,50,38,test,0.1,0.05,1.0,85386,-76.9844599999999,-7.698445999999989,-3.939516289521583,12.186008051443785,-0.4357097310761917,19.294021730097473,0,0.0,False,False,False,496,0,0.0,55.58445999999999,0.43506246304242663,0.29535224875173416,0.0,0.0
VCB,BAD,UCB_WITHOUT_VAE_UNCERTAINTY,UCB-VAE without VAE uncertainty,50,39,train,0.1,0.05,1.0,87633,903.1213099999957,90.31213099999957,7.4170196952035194,14.689080306190474,0.4284268666800988,31.662659861952104,5,0.0,False,False,False,2247,0,0.0,140.93868999999987,0.33934548160828554,0.19297402653499982,0.0,0.0
VCB,BAD,UCB_WITHOUT_VAE_UNCERTAINTY,UCB-VAE without VAE uncertainty,50,39,test,0.1,0.05,1.0,87633,-22.297830000000317,-2.229783000000032,-1.1250051414868234,12.461638499506485,-0.18970468772676377,17.06533964312,0,0.0,False,False,False,496,0,0.0,54.917829999999995,0.44245315281106495,0.2937426053017498,0.0,0.0
VCB,BAD,UCB_WITHOUT_VAE_UNCERTAINTY,UCB-VAE without VAE uncertainty,50,40,train,0.1,0.05,1.0,89880,849.6706399999969,84.96706399999968,7.077317500033464,14.688583170817072,0.4067059601922163,31.780205069194505,3,0.0,False,False,False,2247,0,0.0,142.59935999999976,0.3458320801525598,0.19266919433261534,0.0,0.0
VCB,BAD,UCB_WITHOUT_VAE_UNCERTAINTY,UCB-VAE without VAE uncertainty,50,40,test,0.1,0.05,1.0,89880,10.443289999999365,1.0443289999999366,0.5226014488572739,12.24250040178255,-0.05911142870369551,14.35976947992723,0,0.0,False,False,False,497,0,0.0,55.876709999999974,0.4338251696241468,0.2919464736698143,0.0,0.0
VCB,BAD,UCB_WITHOUT_VAE_UNCERTAINTY,UCB-VAE without VAE uncertainty,50,41,train,0.1,0.05,1.0,92127,828.4379499999945,82.84379499999946,6.939948448664901,14.800710232005526,0.3959900789997183,31.780205069194505,4,0.0,False,False,False,2247,0,0.0,143.09204999999994,0.3571832875506757,0.19310168768094813,0.0,0.0
VCB,BAD,UCB_WITHOUT_VAE_UNCERTAINTY,UCB-VAE without VAE uncertainty,50,41,test,0.1,0.05,1.0,92127,20.02776999999969,2.002776999999969,0.9998630304624667,12.254834926355516,-0.019952317587982524,12.873553803951774,0,0.0,False,False,False,496,0,0.0,55.782229999999984,0.4350908390547288,0.2911888275400223,0.0,0.0
VCB,BAD,UCB_WITHOUT_VAE_UNCERTAINTY,UCB-VAE without VAE uncertainty,50,42,train,0.1,0.05,1.0,94374,816.6819999999966,81.66819999999966,6.863280030522745,14.766270592006487,0.3916687852227283,31.108925294351575,4,0.0,False,False,False,2247,0,0.0,144.15799999999987,0.35788866583531714,0.1918622424364302,0.0,0.0
VCB,BAD,UCB_WITHOUT_VAE_UNCERTAINTY,UCB-VAE without VAE uncertainty,50,42,test,0.1,0.05,1.0,94374,33.409689999999955,3.340968999999996,1.6624966853584278,12.422716408233386,0.03506064213805882,11.91952096478817,0,0.0,False,False,False,497,0,0.0,56.52030999999998,0.44371610651853965,0.28979679553144905,0.0,0.0
VCB,BAD,UCB_WITHOUT_VAE_UNCERTAINTY,UCB-VAE without VAE uncertainty,50,43,train,0.1,0.05,1.0,96621,826.9375799999962,82.69375799999962,6.9301879637895025,14.792801696537216,0.39550220477442527,30.87712680405436,4,0.0,False,False,False,2247,0,0.0,144.2424199999999,0.36120309876178974,0.19102465042377717,0.0,0.0
VCB,BAD,UCB_WITHOUT_VAE_UNCERTAINTY,UCB-VAE without VAE uncertainty,50,43,test,0.1,0.05,1.0,96621,30.650579999999536,3.0650579999999534,1.526225109558954,12.471446237115828,0.024574812594210408,11.88208647101022,0,0.0,False,False,False,497,0,0.0,56.34941999999998,0.43997375490796736,0.28875697466982414,0.0,0.0
VCB,BAD,UCB_WITHOUT_VAE_UNCERTAINTY,UCB-VAE without VAE uncertainty,50,44,train,0.1,0.05,1.0,98868,836.0703299999977,83.60703299999977,6.989490079612248,14.788322812499946,0.39934337427987077,30.87712680405436,3,0.0,False,False,False,2247,0,0.0,144.53967,0.36124719620748014,0.1898867338464745,0.0,0.0
VCB,BAD,UCB_WITHOUT_VAE_UNCERTAINTY,UCB-VAE without VAE uncertainty,50,44,test,0.1,0.05,1.0,98868,39.62284000000068,3.962284000000068,1.9686999758346424,12.394347918333331,0.05935693428120698,11.913439443278799,0,0.0,False,False,False,497,0,0.0,55.55715999999999,0.4349745399651602,0.28748733625115164,0.0,0.0
VCB,BAD,UCB_WITHOUT_VAE_UNCERTAINTY,UCB-VAE without VAE uncertainty,50,45,train,0.1,0.05,1.0,101115,813.007899999998,81.30078999999981,6.8392283145539245,15.02192987634367,0.3859930652973272,31.898308022449317,5,0.0,False,False,False,2247,0,0.0,144.84209999999996,0.36314485265242796,0.18902649632628143,0.0,0.0
VCB,BAD,UCB_WITHOUT_VAE_UNCERTAINTY,UCB-VAE without VAE uncertainty,50,45,test,0.1,0.05,1.0,101115,68.04804999999988,6.804804999999988,3.35809281919901,12.843197968446946,0.16790052327181076,11.554962988386382,0,0.004016064257028112,False,False,False,495,0,0.0,54.88194999999997,0.44832874796059763,0.28627826240527104,0.0,0.0
VCB,BAD,UCB_WITHOUT_VAE_UNCERTAINTY,UCB-VAE without VAE uncertainty,51,1,train,1.0,1.0,1.0,2247,263.62042000000406,26.362042000000407,2.6357051993845637,5.442848816688152,0.14167888451175736,9.33108410755627,0,0.0796617712505563,False,False,False,1771,0,0.0,99.51957999999992,0.09387420675085967,0.24217970783995904,0.0,0.0
VCB,BAD,UCB_WITHOUT_VAE_UNCERTAINTY,UCB-VAE without VAE uncertainty,51,1,test,1.0,1.0,1.0,2247,-28.5296500000004,-2.85296500000004,-1.4417028786198327,4.594932073246963,-0.7310221364192254,5.556914933360083,0,0.2389558232931727,False,False,False,264,0,0.0,39.28965000000001,0.11508744216852566,0.30976881086826324,0.0,0.0
VCB,BAD,UCB_WITHOUT_VAE_UNCERTAINTY,UCB-VAE without VAE uncertainty,51,2,train,0.9045834549972122,0.8,1.0,4494,257.53757000000473,25.753757000000473,2.5806529961448277,5.839671935002742,0.12657055990943653,9.135501800126807,0,0.09746328437917223,False,False,False,1771,0,0.0,98.28242999999989,0.09496196413863996,0.23714289064533614,0.0,0.0
VCB,BAD,UCB_WITHOUT_VAE_UNCERTAINTY,UCB-VAE without VAE uncertainty,51,2,test,0.9045834549972122,0.8,1.0,4494,-123.52690000000075,-12.352690000000074,-6.401050157960131,7.577192089438089,-1.1060469777568611,16.653467694457554,0,0.24497991967871485,False,False,False,266,0,0.0,38.84689999999999,0.1503304242200942,0.3044593930244446,0.0,0.0
VCB,BAD,UCB_WITHOUT_VAE_UNCERTAINTY,UCB-VAE without VAE uncertainty,51,3,train,0.8182712270546932,0.6400000000000001,1.0,6741,245.89904000000365,24.589904000000367,2.474656748351367,5.73380103014194,0.10967587851020576,9.51314705470318,0,0.1375166889185581,False,False,False,1754,0,0.0,96.84095999999995,0.09877394802250146,0.23141466304958264,0.0,0.0
VCB,BAD,UCB_WITHOUT_VAE_UNCERTAINTY,UCB-VAE without VAE uncertainty,51,3,test,0.8182712270546932,0.6400000000000001,1.0,6741,-9.47840000000042,-0.947840000000042,-0.47667580776721286,3.5101126920453654,-0.6895436773448579,4.053496924855636,0,0.2931726907630522,False,False,False,266,0,0.0,39.01839999999999,0.1066137004119522,0.2955787812909448,0.0,0.0
VCB,BAD,UCB_WITHOUT_VAE_UNCERTAINTY,UCB-VAE without VAE uncertainty,51,4,train,0.7401946136939427,0.5120000000000001,1.0,8988,241.3889900000031,24.13889900000031,2.4333453860649,5.944454743961913,0.10098889919172013,9.82835749881676,0,0.11927013796172675,False,False,False,1756,0,0.0,97.50101,0.10130714928237357,0.22656569773812904,0.0,0.0
VCB,BAD,UCB_WITHOUT_VAE_UNCERTAINTY,UCB-VAE without VAE uncertainty,51,4,test,0.7401946136939427,0.5120000000000001,1.0,8988,-97.50832000000037,-9.750832000000036,-5.017171581138758,7.194519693016016,-0.9631762933638405,14.941111096506987,0,0.178714859437751,False,False,False,279,0,0.0,40.33832,0.1448595424963657,0.2911062593081869,0.0,0.0
VCB,BAD,UCB_WITHOUT_VAE_UNCERTAINTY,UCB-VAE without VAE uncertainty,51,5,train,0.6695678010255933,0.4096000000000001,1.0,11235,252.18166000000338,25.218166000000338,2.5319835895275755,5.724874994072138,0.11959227045617794,8.308140856498554,0,0.11570983533600356,False,False,False,1764,0,0.0,97.53834000000002,0.1000734017688994,0.22231723753794277,0.0,0.0
VCB,BAD,UCB_WITHOUT_VAE_UNCERTAINTY,UCB-VAE without VAE uncertainty,51,5,test,0.6695678010255933,0.4096000000000001,1.0,11235,-64.68739000000096,-6.468739000000095,-3.2995429747060823,7.4627399119496935,-0.6837739033868843,16.048336706078853,0,0.21686746987951808,False,False,False,271,0,0.0,39.06739,0.12892152928077033,0.2847256623358133,0.0,0.0
VCB,BAD,UCB_WITHOUT_VAE_UNCERTAINTY,UCB-VAE without VAE uncertainty,51,6,train,0.6056799548066172,0.3276800000000001,1.0,13482,256.5503500000036,25.65503500000036,2.5716959491986824,5.997543561538811,0.12332259560457826,8.568713549111209,0,0.11437472185135737,False,False,False,1770,0,0.0,98.57965000000004,0.10368521782343712,0.2184764407028025,0.0,0.0
VCB,BAD,UCB_WITHOUT_VAE_UNCERTAINTY,UCB-VAE without VAE uncertainty,51,6,test,0.6056799548066172,0.3276800000000001,1.0,13482,-63.33931000000075,-6.333931000000074,-3.229640849320692,7.477808295034056,-0.6726642123975192,14.475832074116788,0,0.25502008032128515,False,False,False,278,0,0.0,40.20930999999999,0.13441300166415224,0.2808275605780054,0.0,0.0
VCB,BAD,UCB_WITHOUT_VAE_UNCERTAINTY,UCB-VAE without VAE uncertainty,51,7,train,0.547888066141525,0.2621440000000001,1.0,15729,246.37129000000323,24.637129000000325,2.4789747946346363,6.1631151884155315,0.10683959876968843,8.826404444011423,0,0.08722741433021806,False,False,False,1783,0,0.0,100.31871000000002,0.10939965363116345,0.2146239438366508,0.0,0.0
VCB,BAD,UCB_WITHOUT_VAE_UNCERTAINTY,UCB-VAE without VAE uncertainty,51,7,test,0.547888066141525,0.2621440000000001,1.0,15729,-67.75783000000024,-6.775783000000024,-3.4589424312670203,7.323243757217424,-0.721002187938072,14.50954427042414,0,0.1465863453815261,False,False,False,287,0,0.0,41.22783,0.15003077668237977,0.27662432513921614,0.0,0.0
VCB,BAD,UCB_WITHOUT_VAE_UNCERTAINTY,UCB-VAE without VAE uncertainty,51,8,train,0.49561047982204176,0.20971520000000007,1.0,17976,335.9182400000029,33.591824000000294,3.2726008242798477,9.923359721080494,0.17524061784139108,21.405283591825928,3,0.10057854917668002,False,False,False,1808,0,0.0,105.45176000000006,0.15632871769562398,0.21167365892972212,0.0,0.0
VCB,BAD,UCB_WITHOUT_VAE_UNCERTAINTY,UCB-VAE without VAE uncertainty,51,8,test,0.49561047982204176,0.20971520000000007,1.0,17976,-109.42993000000047,-10.942993000000047,-5.648756966725966,8.153402416871769,-0.9236625762188421,15.649634365838239,0,0.3092369477911647,False,False,False,292,0,0.0,42.51993000000001,0.15154767645551417,0.2746505535031897,0.0,0.0
VCB,BAD,UCB_WITHOUT_VAE_UNCERTAINTY,UCB-VAE without VAE uncertainty,51,9,train,0.4483210401702486,0.1677721600000001,1.0,20223,274.6258700000019,27.462587000000187,2.734713013218837,6.668617781648406,0.14126906992591154,9.162300262407369,0,0.10057854917668002,False,False,False,1830,0,0.0,107.55412999999999,0.12858621306185522,0.20910639847033174,0.0,0.0
VCB,BAD,UCB_WITHOUT_VAE_UNCERTAINTY,UCB-VAE without VAE uncertainty,51,9,test,0.4483210401702486,0.1677721600000001,1.0,20223,-97.17438000000061,-9.717438000000062,-4.999540085733322,7.913005030543976,-0.8667181613466187,15.803687291742143,0,0.285140562248996,False,False,False,301,0,0.0,44.33438,0.15267372951292565,0.2705831136928505,0.0,0.0
VCB,BAD,UCB_WITHOUT_VAE_UNCERTAINTY,UCB-VAE without VAE uncertainty,51,10,train,0.4055437954651474,0.13421772800000006,1.0,22470,273.1289000000015,27.312890000000152,2.721290643106,10.079899268475996,0.12049171049761126,21.040358391736326,3,0.07832665776591011,False,False,False,1838,0,0.0,110.98110000000001,0.16436380923135985,0.2069660829314668,0.0,0.0
VCB,BAD,UCB_WITHOUT_VAE_UNCERTAINTY,UCB-VAE without VAE uncertainty,51,10,test,0.4055437954651474,0.13421772800000006,1.0,22470,-78.18150000000037,-7.8181500000000375,-4.002039843472616,8.052441107469646,-0.7195229108247044,15.782790436275848,0,0.2248995983935743,False,False,False,305,0,0.0,44.6215,0.1651124353731019,0.26783092182324114,0.0,0.0
VCB,BAD,UCB_WITHOUT_VAE_UNCERTAINTY,UCB-VAE without VAE uncertainty,51,11,train,0.3668482076545458,0.10737418240000006,1.0,24717,398.64644000000203,39.864644000000204,3.8008381950812353,11.4664010400304,0.21091788116492038,21.4367566088052,4,0.05740987983978638,False,False,False,1899,0,0.0,120.1035600000001,0.21237742647080957,0.2042118621352624,0.0,0.0
VCB,BAD,UCB_WITHOUT_VAE_UNCERTAINTY,UCB-VAE without VAE uncertainty,51,11,test,0.3668482076545458,0.10737418240000006,1.0,24717,-59.684700000000475,-5.968470000000047,-3.0403897604974084,8.395162360772439,-0.5671423453212316,15.728598491656227,0,0.2751004016064257,False,False,False,310,0,0.0,46.41470000000003,0.16069204946561733,0.2658659687422844,0.0,0.0
VCB,BAD,UCB_WITHOUT_VAE_UNCERTAINTY,UCB-VAE without VAE uncertainty,51,12,train,0.3318448191396838,0.08589934592000005,1.0,26964,600.0549700000024,60.00549700000024,5.365198891623213,11.772663634875398,0.33663855882395716,21.33221910390625,4,0.04850912327547842,False,False,False,1970,0,0.0,133.41502999999994,0.23293193409424665,0.20483206417104854,0.0,0.0
VCB,BAD,UCB_WITHOUT_VAE_UNCERTAINTY,UCB-VAE without VAE uncertainty,51,12,test,0.3318448191396838,0.08589934592000005,1.0,26964,-64.27990000000057,-6.427990000000057,-3.2784080645813063,8.630601258376394,-0.5780369690978332,16.439316873450952,0,0.12048192771084337,False,False,False,314,0,0.0,46.83990000000002,0.17890824970527627,0.26437918632384766,0.0,0.0
VCB,BAD,UCB_WITHOUT_VAE_UNCERTAINTY,UCB-VAE without VAE uncertainty,51,13,train,0.3001813330203001,0.06871947673600004,1.0,29211,445.4330400000026,44.54330400000026,4.181289713230485,9.38764889689291,0.2738185125569472,12.446108489381585,1,0.050734312416555405,False,False,False,1965,0,0.0,131.58696,0.2186779199701208,0.20155429127524574,0.0,0.0
VCB,BAD,UCB_WITHOUT_VAE_UNCERTAINTY,UCB-VAE without VAE uncertainty,51,13,test,0.3001813330203001,0.06871947673600004,1.0,29211,-95.99663999999962,-9.599663999999962,-4.9373832318400535,8.835104338490979,-0.7601237720417592,16.771398453584766,0,0.11847389558232932,False,False,False,317,0,0.0,48.08664000000001,0.1786417050292102,0.2634461958963708,0.0,0.0
VCB,BAD,UCB_WITHOUT_VAE_UNCERTAINTY,UCB-VAE without VAE uncertainty,51,14,train,0.27153906734917177,0.054975581388800036,1.0,31458,528.3589800000041,52.835898000000405,4.829498001361632,10.416673807303848,0.31660244586426295,14.114679186420192,1,0.03115264797507788,False,False,False,2015,0,0.0,140.20101999999994,0.26066620315176947,0.20150744300924198,0.0,0.0
VCB,BAD,UCB_WITHOUT_VAE_UNCERTAINTY,UCB-VAE without VAE uncertainty,51,14,test,0.27153906734917177,0.054975581388800036,1.0,31458,-98.1278199999997,-9.81278199999997,-5.049888796953905,9.675716268274162,-0.6982619771190697,16.102897306592606,0,0.12248995983935743,False,False,False,325,0,0.0,49.13782000000004,0.19666635459260975,0.2630812985949727,0.0,0.0
VCB,BAD,UCB_WITHOUT_VAE_UNCERTAINTY,UCB-VAE without VAE uncertainty,51,15,train,0.24562974770943447,0.05,1.0,33705,752.192910000002,75.2192910000002,6.434688895214569,11.78409186277488,0.42279029476168,15.320967876002259,1,0.02091677792612372,False,False,False,2102,0,0.0,149.33709000000007,0.3106088202711837,0.2030094665192104,0.0,0.0
VCB,BAD,UCB_WITHOUT_VAE_UNCERTAINTY,UCB-VAE without VAE uncertainty,51,15,test,0.24562974770943447,0.05,1.0,33705,-59.63483000000019,-5.96348300000002,-3.0378098191453984,9.340060954297186,-0.5004067887239667,16.22311427441987,0,0.19477911646586346,False,False,False,327,0,0.0,50.16483000000003,0.18592684536789178,0.2602845446232811,0.0,0.0
VCB,BAD,UCB_WITHOUT_VAE_UNCERTAINTY,UCB-VAE without VAE uncertainty,51,16,train,0.2221926058330938,0.05,1.0,35952,619.1678500000039,61.916785000000395,5.5044020093024,13.768833604847968,0.3160437508087166,23.194966440187674,4,0.030262572318647086,False,False,False,2046,0,0.0,145.82214999999997,0.34187520736549415,0.19841419713771444,0.0,0.0
VCB,BAD,UCB_WITHOUT_VAE_UNCERTAINTY,UCB-VAE without VAE uncertainty,51,16,test,0.2221926058330938,0.05,1.0,35952,-75.70884000000069,-7.57088400000007,-3.872932813522889,10.105682747267124,-0.5414329992859891,18.28455049187193,0,0.18674698795180722,False,False,False,331,0,0.0,51.28884000000004,0.2083617747145181,0.2596938967944149,0.0,0.0
VCB,BAD,UCB_WITHOUT_VAE_UNCERTAINTY,UCB-VAE without VAE uncertainty,51,17,train,0.20099175505933367,0.05,1.0,38199,812.6494399999997,81.26494399999997,6.8368794132985355,12.495982137953082,0.4360924772707511,16.189459028074264,1,0.022696929238985315,False,False,False,2123,0,0.0,152.5305599999999,0.33625260307275534,0.20178960704066035,0.0,0.0
VCB,BAD,UCB_WITHOUT_VAE_UNCERTAINTY,UCB-VAE without VAE uncertainty,51,17,test,0.20099175505933367,0.05,1.0,38199,-105.10034000000041,-10.510034000000042,-5.418898727415245,10.111918490307007,-0.7027208929484633,18.28455049187193,0,0.23694779116465864,False,False,False,333,0,0.0,52.44034000000004,0.20404123423869439,0.25861943375513735,0.0,0.0
VCB,BAD,UCB_WITHOUT_VAE_UNCERTAINTY,UCB-VAE without VAE uncertainty,51,18,train,0.18181381621752543,0.05,1.0,40446,898.6816700000027,89.86816700000027,7.389128963814118,12.694858347275176,0.47219639237832906,15.927590174111295,1,0.008455718736092568,False,False,False,2132,0,0.0,153.04832999999996,0.3468919856743057,0.20130897976182863,0.0,0.0
VCB,BAD,UCB_WITHOUT_VAE_UNCERTAINTY,UCB-VAE without VAE uncertainty,51,18,test,0.18181381621752543,0.05,1.0,40446,-117.90125,-11.790125,-6.100116256047238,10.459791154629453,-0.7455916094392339,18.02740667256101,0,0.2289156626506024,False,False,False,335,0,0.0,52.98125000000004,0.21821236550446876,0.2566927171884531,0.0,0.0
VCB,BAD,UCB_WITHOUT_VAE_UNCERTAINTY,UCB-VAE without VAE uncertainty,51,19,train,0.16446577004027732,0.05,1.0,42693,855.6849099999997,85.56849099999997,7.115973251848962,14.826346319685562,0.4068279983885205,25.265740599715024,5,0.012016021361815754,False,False,False,2093,0,0.0,151.97508999999988,0.3881344651192158,0.19492936071006786,0.0,0.0
VCB,BAD,UCB_WITHOUT_VAE_UNCERTAINTY,UCB-VAE without VAE uncertainty,51,19,test,0.16446577004027732,0.05,1.0,42693,-128.02846000000056,-12.802846000000056,-6.642546782157954,9.736570410509831,-0.8685264690375759,20.362561078091698,0,0.2931726907630522,False,False,False,331,0,0.0,53.07846000000003,0.1966445889710538,0.25568768569085015,0.0,0.0
VCB,BAD,UCB_WITHOUT_VAE_UNCERTAINTY,UCB-VAE without VAE uncertainty,51,20,train,0.14877301449181102,0.05,1.0,44940,779.6514000000022,77.96514000000022,6.618862492421851,14.706753954678728,0.37708386740102223,25.159777684812486,5,0.014241210502892745,False,False,False,2077,0,0.0,149.7385999999999,0.3888423021383112,0.19279633412360614,0.0,0.0
VCB,BAD,UCB_WITHOUT_VAE_UNCERTAINTY,UCB-VAE without VAE uncertainty,51,20,test,0.14877301449181102,0.05,1.0,44940,42.73319999999967,4.273319999999967,2.1216456574719045,9.441672745066896,0.05963854223764793,15.64932722335648,0,0.09839357429718876,False,False,False,338,0,0.0,55.666800000000066,0.20380291803698652,0.2496882094047874,0.0,0.0
VCB,BAD,UCB_WITHOUT_VAE_UNCERTAINTY,UCB-VAE without VAE uncertainty,51,21,train,0.13457760745935274,0.05,1.0,47187,870.7393300000019,87.0739330000002,7.2122470872896915,14.844448318531226,0.4126760323528155,25.032639752486585,5,0.01290609701824655,False,False,False,2076,0,0.0,148.90066999999993,0.3928314247334107,0.19176537585977346,0.0,0.0
VCB,BAD,UCB_WITHOUT_VAE_UNCERTAINTY,UCB-VAE without VAE uncertainty,51,21,test,0.13457760745935274,0.05,1.0,47187,48.40380999999934,4.840380999999934,2.399902597271941,9.41191614365871,0.08876189307053153,16.206417542501057,0,0.09839357429718876,False,False,False,337,0,0.0,55.42619000000006,0.21528097456248196,0.2471226249862627,0.0,0.0
VCB,BAD,UCB_WITHOUT_VAE_UNCERTAINTY,UCB-VAE without VAE uncertainty,51,22,train,0.12173667712083987,0.05,1.0,49434,832.7506500000011,83.2750650000001,6.96796463693321,14.957316190813922,0.3952529345987072,24.421173398021757,4,0.013796172674677348,False,False,False,2083,0,0.0,149.11934999999997,0.40434204810744795,0.19020652748448721,0.0,0.0
VCB,BAD,UCB_WITHOUT_VAE_UNCERTAINTY,UCB-VAE without VAE uncertainty,51,22,test,0.12173667712083987,0.05,1.0,49434,24.56434999999965,2.456434999999965,1.2249839142894903,8.946871870682353,-0.041438105372289334,16.12409839373104,0,0.10240963855421686,False,False,False,334,0,0.0,54.88565000000006,0.2052383182274944,0.24551356607771302,0.0,0.0
VCB,BAD,UCB_WITHOUT_VAE_UNCERTAINTY,UCB-VAE without VAE uncertainty,51,23,train,0.11012098398984942,0.05,1.0,51681,878.3420000000026,87.83420000000027,7.260605166725065,14.978628123454248,0.41330322918769036,24.96719331960001,4,0.010680907877169559,False,False,False,2093,0,0.0,150.788,0.40297330234781564,0.18997261422206732,0.0,0.0
VCB,BAD,UCB_WITHOUT_VAE_UNCERTAINTY,UCB-VAE without VAE uncertainty,51,23,test,0.11012098398984942,0.05,1.0,51681,16.279979999999114,1.6279979999999115,0.8135080590092603,8.930400752248222,-0.08768420679666572,16.12409839373104,0,0.13453815261044177,False,False,False,336,0,0.0,55.60002000000006,0.2007301394311248,0.2441850795922988,0.0,0.0
VCB,BAD,UCB_WITHOUT_VAE_UNCERTAINTY,UCB-VAE without VAE uncertainty,51,24,train,0.1,0.05,1.0,53928,902.055149999999,90.2055149999999,7.4103271392612635,15.10181201119352,0.4205176221909445,25.62400730310259,5,0.013796172674677348,False,False,False,2097,0,0.0,150.09485,0.4092985362146213,0.18871315333927585,0.0,0.0
VCB,BAD,UCB_WITHOUT_VAE_UNCERTAINTY,UCB-VAE without VAE uncertainty,51,24,test,0.1,0.05,1.0,53928,-0.7129300000010517,-0.07129300000010516,-0.03577526798439479,8.876117556062077,-0.18489707524114188,16.131173533831785,0,0.1927710843373494,False,False,False,333,0,0.0,55.02293000000006,0.19218776022392023,0.24319374823127407,0.0,0.0
VCB,BAD,UCB_WITHOUT_VAE_UNCERTAINTY,UCB-VAE without VAE uncertainty,51,25,train,0.1,0.05,1.0,56175,803.6276600000033,80.36276600000033,6.777625503677043,15.044875070726057,0.38192391113423785,25.032972016105948,5,0.015131286159323543,False,False,False,2055,0,0.0,146.71233999999995,0.40271939904128556,0.18610260988414473,0.0,0.0
VCB,BAD,UCB_WITHOUT_VAE_UNCERTAINTY,UCB-VAE without VAE uncertainty,51,25,test,0.1,0.05,1.0,56175,1.36230999999907,0.136230999999907,0.06832623055512688,8.874310435242698,-0.17312318586859354,16.131173533831785,0,0.1927710843373494,False,False,False,333,0,0.0,54.54769000000007,0.19163809982561666,0.24179779214552607,0.0,0.0
VCB,BAD,UCB_WITHOUT_VAE_UNCERTAINTY,UCB-VAE without VAE uncertainty,51,26,train,0.1,0.05,1.0,58422,890.5008800000021,89.0500880000002,7.337583398406289,15.181154032417554,0.41459895573239414,26.126664248823385,5,0.012461059190031152,False,False,False,2060,0,0.0,147.6991199999999,0.408299994387346,0.18511379912701192,0.0,0.0
VCB,BAD,UCB_WITHOUT_VAE_UNCERTAINTY,UCB-VAE without VAE uncertainty,51,26,test,0.1,0.05,1.0,58422,0.5815299999987928,0.05815299999987929,0.029172124680920675,8.882865535864058,-0.17731426851081286,16.14268149186347,0,0.1927710843373494,False,False,False,333,0,0.0,54.548470000000066,0.19254030284652585,0.24070435003882432,0.0,0.0
VCB,BAD,UCB_WITHOUT_VAE_UNCERTAINTY,UCB-VAE without VAE uncertainty,51,27,train,0.1,0.05,1.0,60669,908.4282800000008,90.84282800000008,7.450283392415558,15.179448705726792,0.42161047075057184,26.243161326923076,5,0.012016021361815754,False,False,False,2060,0,0.0,146.73171999999994,0.4105062789070532,0.18380969295607283,0.0,0.0
VCB,BAD,UCB_WITHOUT_VAE_UNCERTAINTY,UCB-VAE without VAE uncertainty,51,27,test,0.1,0.05,1.0,60669,-1.3733600000011847,-0.13733600000011847,-0.06892740281736476,8.889618507026057,-0.18824994359206781,16.102176933903305,0,0.21887550200803213,False,False,False,335,0,0.0,55.27336000000007,0.18809293214726622,0.239455337565108,0.0,0.0
VCB,BAD,UCB_WITHOUT_VAE_UNCERTAINTY,UCB-VAE without VAE uncertainty,51,28,train,0.1,0.05,1.0,62916,791.8978000000011,79.18978000000011,6.700190097096037,15.195031934576514,0.3748002660302518,25.876996089135318,5,0.015131286159323543,False,False,False,2037,0,0.0,145.82219999999995,0.4077392355354712,0.18213676248768673,0.0,0.0
VCB,BAD,UCB_WITHOUT_VAE_UNCERTAINTY,UCB-VAE without VAE uncertainty,51,28,test,0.1,0.05,1.0,62916,-7.9865200000010645,-0.7986520000001064,-0.40149780480368547,8.792234790229864,-0.2295537534889917,16.054965895862537,0,0.2248995983935743,False,False,False,335,0,0.0,55.62652000000007,0.17482544821983714,0.23771365724474072,0.0,0.0
VCB,BAD,UCB_WITHOUT_VAE_UNCERTAINTY,UCB-VAE without VAE uncertainty,51,29,train,0.1,0.05,1.0,65163,493.2448199999999,49.32448199999999,4.558933005888988,15.442538862198923,0.23893144302256464,25.933758001115763,5,0.02091677792612372,False,False,False,2000,0,0.0,140.81518,0.40748313093622573,0.17921641620201803,0.0,0.0
VCB,BAD,UCB_WITHOUT_VAE_UNCERTAINTY,UCB-VAE without VAE uncertainty,51,29,test,0.1,0.05,1.0,65163,-7.9865200000010645,-0.7986520000001064,-0.40149780480368547,8.792234790229864,-0.2295537534889917,16.054965895862537,0,0.2248995983935743,False,False,False,335,0,0.0,55.62652000000007,0.17482544821983714,0.23597688344587764,0.0,0.0
VCB,BAD,UCB_WITHOUT_VAE_UNCERTAINTY,UCB-VAE without VAE uncertainty,51,30,train,0.1,0.05,1.0,67410,850.4733000000031,85.04733000000031,7.082482922090305,15.082399726396357,0.400424230757934,26.613043331694264,6,0.01335113484646195,False,False,False,2052,0,0.0,146.11669999999998,0.41268444444135693,0.17971924071676423,0.0,0.0
VCB,BAD,UCB_WITHOUT_VAE_UNCERTAINTY,UCB-VAE without VAE uncertainty,51,30,test,0.1,0.05,1.0,67410,-8.667200000001003,-0.8667200000001003,-0.43579126688835235,8.804713395511063,-0.23304859419066007,16.065037267958065,0,0.2248995983935743,False,False,False,335,0,0.0,55.62720000000007,0.17568942950637462,0.23450101732489576,0.0,0.0
VCB,BAD,UCB_WITHOUT_VAE_UNCERTAINTY,UCB-VAE without VAE uncertainty,51,31,train,0.1,0.05,1.0,69657,990.593310000002,99.0593310000002,7.955068138151078,15.130796802216768,0.4537195911513318,25.237181284957817,5,0.008900756564307966,False,False,False,2092,0,0.0,149.6466900000001,0.41963219784171735,0.17953164930881052,0.0,0.0
VCB,BAD,UCB_WITHOUT_VAE_UNCERTAINTY,UCB-VAE without VAE uncertainty,51,31,test,0.1,0.05,1.0,69657,10.954719999999497,1.0954719999999498,0.5481250568162732,8.85349917811029,-0.11924367370920232,15.012850320096828,0,0.13453815261044177,False,False,False,336,0,0.0,55.30528000000007,0.183049948670116,0.2325676188591015,0.0,0.0
VCB,BAD,UCB_WITHOUT_VAE_UNCERTAINTY,UCB-VAE without VAE uncertainty,51,32,train,0.1,0.05,1.0,71904,901.9831000000017,90.19831000000018,7.4098747429229395,15.646153091509735,0.41123745642746085,25.55597495305262,5,0.013796172674677348,False,False,False,2037,0,0.0,142.94690000000006,0.4357327707916364,0.1772132283404078,0.0,0.0
VCB,BAD,UCB_WITHOUT_VAE_UNCERTAINTY,UCB-VAE without VAE uncertainty,51,32,test,0.1,0.05,1.0,71904,9.687169999999242,0.9687169999999242,0.484854458001549,9.510700003433415,-0.11142050779404783,16.82156967110021,0,0.22289156626506024,False,False,False,338,0,0.0,55.82283000000007,0.19083994826374878,0.23150255143582582,0.0,0.0
VCB,BAD,UCB_WITHOUT_VAE_UNCERTAINTY,UCB-VAE without VAE uncertainty,51,33,train,0.1,0.05,1.0,74151,1196.4621199999983,119.64621199999984,9.14285457803896,14.862069705051992,0.5334675311787018,19.53532007357854,4,0.007120605251446373,False,False,False,2120,0,0.0,150.4478799999999,0.4496908659624455,0.17627281363362146,0.0,0.0
VCB,BAD,UCB_WITHOUT_VAE_UNCERTAINTY,UCB-VAE without VAE uncertainty,51,33,test,0.1,0.05,1.0,74151,2.759089999999105,0.27590899999991053,0.13833321964702439,9.452103968144312,-0.14952771695299127,16.99241305319411,0,0.22289156626506024,False,False,False,332,0,0.0,54.07091000000007,0.19663633226940835,0.23069345913677808,0.0,0.0
VCB,BAD,UCB_WITHOUT_VAE_UNCERTAINTY,UCB-VAE without VAE uncertainty,51,34,train,0.1,0.05,1.0,76398,1234.5251899999998,123.45251899999998,9.351548127059427,14.206365563753659,0.5649562414778214,19.42535188295671,4,0.0075656430796617715,False,False,False,2112,0,0.0,149.6948099999999,0.4183360008364504,0.17605185279938504,0.0,0.0
VCB,BAD,UCB_WITHOUT_VAE_UNCERTAINTY,UCB-VAE without VAE uncertainty,51,34,test,0.1,0.05,1.0,76398,-9.296060000000352,-0.9296060000000352,-0.4674844049000315,9.006349437724696,-0.22934646389587274,16.0948573102841,0,0.13855421686746988,False,False,False,331,0,0.0,53.816060000000064,0.19306905087454648,0.22890701626678067,0.0,0.0
VCB,BAD,UCB_WITHOUT_VAE_UNCERTAINTY,UCB-VAE without VAE uncertainty,51,35,train,0.1,0.05,1.0,78645,934.2835200000022,93.42835200000023,7.6111754739762505,14.769580790909679,0.43940753218031486,26.312403512665526,5,0.01335113484646195,False,False,False,2044,0,0.0,144.56647999999998,0.4007238265126983,0.17502126051921232,0.0,0.0
VCB,BAD,UCB_WITHOUT_VAE_UNCERTAINTY,UCB-VAE without VAE uncertainty,51,35,test,0.1,0.05,1.0,78645,-6.960620000000745,-0.6960620000000745,-0.34983389667664344,9.820135541023015,-0.19055821267158457,16.412290099572672,0,0.13253012048192772,False,False,False,334,0,0.0,54.67062000000007,0.2055485882495469,0.22702983255127826,0.0,0.0
VCB,BAD,UCB_WITHOUT_VAE_UNCERTAINTY,UCB-VAE without VAE uncertainty,51,36,train,0.1,0.05,1.0,80892,822.9368200000033,82.29368200000033,6.904126608249217,14.810085508178151,0.39368386043143,26.37167374888923,5,0.01335113484646195,False,False,False,2024,0,0.0,142.92318000000006,0.4004111829003685,0.17322127958059205,0.0,0.0
VCB,BAD,UCB_WITHOUT_VAE_UNCERTAINTY,UCB-VAE without VAE uncertainty,51,36,test,0.1,0.05,1.0,80892,-6.960620000000745,-0.6960620000000745,-0.34983389667664344,9.820135541023015,-0.19055821267158457,16.412290099572672,0,0.13253012048192772,False,False,False,334,0,0.0,54.67062000000007,0.2055485882495469,0.22553764421298322,0.0,0.0
VCB,BAD,UCB_WITHOUT_VAE_UNCERTAINTY,UCB-VAE without VAE uncertainty,51,37,train,0.1,0.05,1.0,83139,870.9063600000018,87.09063600000017,7.21331138523027,14.7021205778307,0.4153087923341891,26.2212565504503,6,0.01824655095683133,False,False,False,2035,0,0.0,143.87364,0.3994064206930364,0.17246370543412862,0.0,0.0
VCB,BAD,UCB_WITHOUT_VAE_UNCERTAINTY,UCB-VAE without VAE uncertainty,51,37,test,0.1,0.05,1.0,83139,-6.960620000000745,-0.6960620000000745,-0.34983389667664344,9.820135541023015,-0.19055821267158457,16.412290099572672,0,0.13253012048192772,False,False,False,334,0,0.0,54.67062000000007,0.2055485882495469,0.22416772376222305,0.0,0.0
VCB,BAD,UCB_WITHOUT_VAE_UNCERTAINTY,UCB-VAE without VAE uncertainty,51,38,train,0.1,0.05,1.0,85386,854.436990000002,85.4436990000002,7.107961611870062,14.670713781340245,0.4091520564557362,25.024385706658542,5,0.016466399643969738,False,False,False,2030,0,0.0,142.85301000000004,0.40031735793770357,0.17082969800572848,0.0,0.0
VCB,BAD,UCB_WITHOUT_VAE_UNCERTAINTY,UCB-VAE without VAE uncertainty,51,38,test,0.1,0.05,1.0,85386,-6.960620000000745,-0.6960620000000745,-0.34983389667664344,9.820135541023015,-0.19055821267158457,16.412290099572672,0,0.13253012048192772,False,False,False,334,0,0.0,54.67062000000007,0.2055485882495469,0.22284641740731445,0.0,0.0
VCB,BAD,UCB_WITHOUT_VAE_UNCERTAINTY,UCB-VAE without VAE uncertainty,51,39,train,0.1,0.05,1.0,87633,1023.4921800000038,102.34921800000039,8.152005357077252,15.011467265501574,0.4683749187472553,26.2893282970928,5,0.009345794392523364,False,False,False,2082,0,0.0,148.62782000000004,0.4115671225484688,0.17104031199951622,0.0,0.0
VCB,BAD,UCB_WITHOUT_VAE_UNCERTAINTY,UCB-VAE without VAE uncertainty,51,39,test,0.1,0.05,1.0,87633,-28.93435999999997,-2.893435999999997,-1.4623049792837683,9.584450541585474,-0.3156915394398441,18.023219658208333,0,0.142570281124498,False,False,False,323,0,0.0,52.63436000000008,0.19666840325592008,0.22248285821822272,0.0,0.0
VCB,BAD,UCB_WITHOUT_VAE_UNCERTAINTY,UCB-VAE without VAE uncertainty,51,40,train,0.1,0.05,1.0,89880,1050.523750000004,105.0523750000004,8.311701631440393,15.034143321909143,0.4778383912932153,26.533118769454596,5,0.011570983533600357,False,False,False,2048,0,0.0,143.86625,0.4140374822482329,0.16930643585479466,0.0,0.0
VCB,BAD,UCB_WITHOUT_VAE_UNCERTAINTY,UCB-VAE without VAE uncertainty,51,40,test,0.1,0.05,1.0,89880,-44.492350000000215,-4.449235000000021,-2.2575669141727372,9.51588647960949,-0.4045106433974213,18.118473544764164,0,0.142570281124498,False,False,False,322,0,0.0,52.50235000000007,0.19637038853982733,0.22102059335653562,0.0,0.0
VCB,BAD,UCB_WITHOUT_VAE_UNCERTAINTY,UCB-VAE without VAE uncertainty,51,41,train,0.1,0.05,1.0,92127,882.5673800000045,88.25673800000044,7.287406254923368,14.853428611552857,0.4173316900653833,26.59434204273865,5,0.013796172674677348,False,False,False,2010,0,0.0,140.8326200000001,0.40132974569596064,0.16823177927923458,0.0,0.0
VCB,BAD,UCB_WITHOUT_VAE_UNCERTAINTY,UCB-VAE without VAE uncertainty,51,41,test,0.1,0.05,1.0,92127,-25.935080000000198,-2.59350800000002,-1.3097255940591301,9.69789686325914,-0.29482104869242337,17.392662553842637,0,0.22690763052208834,False,False,False,320,0,0.0,51.73508000000006,0.19233223877903197,0.21946771872271018,0.0,0.0
VCB,BAD,UCB_WITHOUT_VAE_UNCERTAINTY,UCB-VAE without VAE uncertainty,51,42,train,0.1,0.05,1.0,94374,940.6282800000031,94.06282800000031,7.650365455264718,14.888698253031125,0.43953480284757906,25.969470187887406,5,0.012461059190031152,False,False,False,2030,0,0.0,142.1717200000001,0.4041304859175996,0.16796316981355403,0.0,0.0
VCB,BAD,UCB_WITHOUT_VAE_UNCERTAINTY,UCB-VAE without VAE uncertainty,51,42,test,0.1,0.05,1.0,94374,-5.418839999999818,-0.5418839999999818,-0.2722404729119443,9.348886946994675,-0.1966189002873386,15.730748214975973,0,0.142570281124498,False,False,False,320,0,0.0,52.18884000000007,0.1926774236153981,0.21754535696054078,0.0,0.0
VCB,BAD,UCB_WITHOUT_VAE_UNCERTAINTY,UCB-VAE without VAE uncertainty,51,43,train,0.1,0.05,1.0,96621,991.5683700000029,99.15683700000028,7.9609464438338495,15.000115303823442,0.4567493583291764,26.119954500206205,5,0.011570983533600357,False,False,False,2052,0,0.0,145.56162999999998,0.40873088805541014,0.1672931624137936,0.0,0.0
VCB,BAD,UCB_WITHOUT_VAE_UNCERTAINTY,UCB-VAE without VAE uncertainty,51,43,test,0.1,0.05,1.0,96621,-28.449839999999767,-2.8449839999999766,-1.4376405887638777,9.231968088195803,-0.3286993772892177,15.730748214975973,0,0.23293172690763053,False,False,False,315,0,0.0,50.94984000000006,0.1853642459343295,0.21671565827057065,0.0,0.0
VCB,BAD,UCB_WITHOUT_VAE_UNCERTAINTY,UCB-VAE without VAE uncertainty,51,44,train,0.1,0.05,1.0,98868,1178.3356700000036,117.83356700000036,9.042338079405376,15.016315599358487,0.523349847161679,26.021311968477928,5,0.011125945705384957,False,False,False,2077,0,0.0,144.69433,0.4189421004748689,0.1666966764812582,0.0,0.0
VCB,BAD,UCB_WITHOUT_VAE_UNCERTAINTY,UCB-VAE without VAE uncertainty,51,44,test,0.1,0.05,1.0,98868,2.906030000000328,0.2906030000000328,0.1456950664759038,9.543708833346118,-0.14647376263299686,16.68526474941331,0,0.13855421686746988,False,False,False,318,0,0.0,51.233970000000056,0.1985276740724658,0.21438548809672933,0.0,0.0
VCB,BAD,UCB_WITHOUT_VAE_UNCERTAINTY,UCB-VAE without VAE uncertainty,51,45,train,0.1,0.05,1.0,101115,1121.4584000000032,112.14584000000032,8.722037450983699,14.794898842742416,0.5089134756720991,25.10331831339016,5,0.010680907877169559,False,False,False,2064,0,0.0,143.37159999999992,0.40756856342340125,0.16561333740459158,0.0,0.0
VCB,BAD,UCB_WITHOUT_VAE_UNCERTAINTY,UCB-VAE without VAE uncertainty,51,45,test,0.1,0.05,1.0,101115,-6.962339999999813,-0.6962339999999813,-0.3499204929165778,9.455508731418158,-0.20166726473775232,16.501832376188254,0,0.142570281124498,False,False,False,316,0,0.0,51.21234000000007,0.18882064163310888,0.213168051796984,0.0,0.0
VCB,BAD,UCB_WITHOUT_VAE_UNCERTAINTY,UCB-VAE without VAE uncertainty,52,1,train,1.0,1.0,1.0,2247,1039.9010000000007,103.99010000000008,8.249169337938866,17.34173304725592,0.4325472035949277,33.13171330438147,11,0.0,False,False,False,2246,0,0.0,188.22900000000007,0.40258508731993287,0.27102320855479267,0.0,0.0
VCB,BAD,UCB_WITHOUT_VAE_UNCERTAINTY,UCB-VAE without VAE uncertainty,52,1,test,1.0,1.0,1.0,2247,-30.685100000000148,-3.068510000000015,-1.551477187037087,15.878005882877154,-0.14553838613616646,25.571183946578095,1,0.0,False,False,False,498,0,0.0,99.79509999999992,0.4776762526956227,0.503682200927811,0.0,0.0
VCB,BAD,UCB_WITHOUT_VAE_UNCERTAINTY,UCB-VAE without VAE uncertainty,52,2,train,0.9045834549972122,0.8,1.0,4494,1043.5734500000017,104.35734500000018,8.270820390444268,17.348800148778583,0.4336063723801469,33.19597363658717,11,0.0,False,False,False,2245,0,0.0,188.1065500000001,0.4012334504181452,0.2669807768791158,0.0,0.0
VCB,BAD,UCB_WITHOUT_VAE_UNCERTAINTY,UCB-VAE without VAE uncertainty,52,2,test,0.9045834549972122,0.8,1.0,4494,-17.328370000000177,-1.7328370000000177,-0.8731800375361476,15.820615559051204,-0.10299271984958391,25.571183946578095,0,0.0,False,False,False,496,0,0.0,99.58837000000004,0.4806995416501195,0.49639609940798884,0.0,0.0
VCB,BAD,UCB_WITHOUT_VAE_UNCERTAINTY,UCB-VAE without VAE uncertainty,52,3,train,0.8182712270546932,0.6400000000000001,1.0,6741,1084.0165000000015,108.40165000000015,8.506993672134367,17.439487721179855,0.4448860650268993,34.016373248777185,12,0.0,False,False,False,2243,0,0.0,187.63349999999997,0.3963732424957799,0.2635496743968396,0.0,0.0
VCB,BAD,UCB_WITHOUT_VAE_UNCERTAINTY,UCB-VAE without VAE uncertainty,52,3,test,0.8182712270546932,0.6400000000000001,1.0,6741,61.89888000000019,6.189888000000019,3.0591051046096496,15.815614560887765,0.1450381750389674,25.571183946578095,0,0.0,False,False,False,491,0,0.0,99.12111999999992,0.47926781440668825,0.48943813372567957,0.0,0.0
VCB,BAD,UCB_WITHOUT_VAE_UNCERTAINTY,UCB-VAE without VAE uncertainty,52,4,train,0.7401946136939427,0.5120000000000001,1.0,8988,945.6231400000015,94.56231400000014,7.681137409977401,16.970824600060137,0.4069874578515933,33.07113489258141,13,0.0,False,False,False,2244,0,0.0,186.73685999999998,0.3830092355575121,0.25807423124352613,0.0,0.0
VCB,BAD,UCB_WITHOUT_VAE_UNCERTAINTY,UCB-VAE without VAE uncertainty,52,4,test,0.7401946136939427,0.5120000000000001,1.0,8988,31.87926999999968,3.1879269999999673,1.5869321445409978,15.604863115002123,0.0517818645689713,24.08610573120932,0,0.002008032128514056,False,False,False,490,0,0.0,98.82073000000004,0.4670296623880751,0.4826307131583432,0.0,0.0
VCB,BAD,UCB_WITHOUT_VAE_UNCERTAINTY,UCB-VAE without VAE uncertainty,52,5,train,0.6695678010255933,0.4096000000000001,1.0,11235,986.6991900000035,98.66991900000035,7.931566261483458,17.065807644679563,0.4194333614781812,33.212164777502586,12,0.0,False,False,False,2242,0,0.0,186.03081,0.3803714915725321,0.2545283638839463,0.0,0.0
VCB,BAD,UCB_WITHOUT_VAE_UNCERTAINTY,UCB-VAE without VAE uncertainty,52,5,test,0.6695678010255933,0.4096000000000001,1.0,11235,-16.101110000000062,-1.610111000000006,-0.8110869705106327,15.801776918496918,-0.0992171703951366,23.552062826175202,1,0.002008032128514056,False,False,False,489,0,0.0,98.79111000000002,0.4616718822586942,0.4767218727962559,0.0,0.0
VCB,BAD,UCB_WITHOUT_VAE_UNCERTAINTY,UCB-VAE without VAE uncertainty,52,6,train,0.6056799548066172,0.3276800000000001,1.0,13482,895.809080000003,89.58090800000029,7.371051860528066,16.84685760690693,0.39155717524754186,34.03182095541803,11,0.0,False,False,False,2241,0,0.0,184.4609200000001,0.37663463878359266,0.2500161614134729,0.0,0.0
VCB,BAD,UCB_WITHOUT_VAE_UNCERTAINTY,UCB-VAE without VAE uncertainty,52,6,test,0.6056799548066172,0.3276800000000001,1.0,13482,52.40576999999939,5.24057699999994,2.5958277113353967,16.042546873385458,0.11688614037030134,20.665177552248203,1,0.002008032128514056,False,False,False,489,0,0.0,98.51423000000005,0.4695679673543383,0.47112239424483365,0.0,0.0
VCB,BAD,UCB_WITHOUT_VAE_UNCERTAINTY,UCB-VAE without VAE uncertainty,52,7,train,0.547888066141525,0.2621440000000001,1.0,15729,863.079550000002,86.3079550000002,7.163348777705303,16.478452207242952,0.38473895812289827,34.08934473909987,12,0.0,False,False,False,2239,0,0.0,183.62044999999998,0.3629051857205189,0.24668570624479572,0.0,0.0
VCB,BAD,UCB_WITHOUT_VAE_UNCERTAINTY,UCB-VAE without VAE uncertainty,52,7,test,0.547888066141525,0.2621440000000001,1.0,15729,21.65152999999941,2.165152999999941,1.0804968687954553,16.15617499637862,0.024292795524702038,20.379866959147808,1,0.002008032128514056,False,False,False,489,0,0.0,98.06846999999995,0.4731677684021324,0.46646236071744596,0.0,0.0
VCB,BAD,UCB_WITHOUT_VAE_UNCERTAINTY,UCB-VAE without VAE uncertainty,52,8,train,0.49561047982204176,0.20971520000000007,1.0,17976,783.86033,78.386033,6.646869688921719,16.32193671622692,0.35696958146359975,33.78594285599042,11,0.0,False,False,False,2238,0,0.0,183.02967000000024,0.3535607145482909,0.243905148186655,0.0,0.0
VCB,BAD,UCB_WITHOUT_VAE_UNCERTAINTY,UCB-VAE without VAE uncertainty,52,8,test,0.49561047982204176,0.20971520000000007,1.0,17976,14.032189999999218,1.4032189999999218,0.701574721756093,16.15569355112772,0.0008404713685948847,20.379866959147808,1,0.002008032128514056,False,False,False,489,0,0.0,98.06780999999995,0.4700325495773254,0.46263525494370594,0.0,0.0
VCB,BAD,UCB_WITHOUT_VAE_UNCERTAINTY,UCB-VAE without VAE uncertainty,52,9,train,0.4483210401702486,0.1677721600000001,1.0,20223,809.6151100000006,80.96151100000006,6.816979630423381,16.12989731903891,0.36927777099614406,34.74018875659735,11,0.0,False,False,False,2233,0,0.0,181.36489000000012,0.3423312588061533,0.24130680889859432,0.0,0.0
VCB,BAD,UCB_WITHOUT_VAE_UNCERTAINTY,UCB-VAE without VAE uncertainty,52,9,test,0.4483210401702486,0.1677721600000001,1.0,20223,11.041649999998981,1.1041649999998981,0.5524627766040346,16.082161706331544,-0.009182925653083634,20.55142026583391,1,0.002008032128514056,False,False,False,489,0,0.0,98.39834999999992,0.46089316944910297,0.45896296702834016,0.0,0.0
VCB,BAD,UCB_WITHOUT_VAE_UNCERTAINTY,UCB-VAE without VAE uncertainty,52,10,train,0.4055437954651474,0.13421772800000006,1.0,22470,635.6158600000024,63.56158600000023,5.623031973417514,15.877073720796126,0.30117176496400516,34.71524444991111,10,0.0,False,False,False,2233,0,0.0,181.83414000000013,0.33021575533243425,0.2381664890088025,0.0,0.0
VCB,BAD,UCB_WITHOUT_VAE_UNCERTAINTY,UCB-VAE without VAE uncertainty,52,10,test,0.4055437954651474,0.13421772800000006,1.0,22470,78.9903399999996,7.89903399999996,3.8880203271103975,15.454374526964093,0.19682764728908658,21.930869067233505,0,0.002008032128514056,False,False,False,489,0,0.0,98.67965999999988,0.46726702019275,0.4562555840276331,0.0,0.0
VCB,BAD,UCB_WITHOUT_VAE_UNCERTAINTY,UCB-VAE without VAE uncertainty,52,11,train,0.3668482076545458,0.10737418240000006,1.0,24717,721.4812200000008,72.14812200000009,6.2256307318874216,16.29023382727837,0.33289428267763876,34.678618107568624,12,0.0,False,False,False,2234,0,0.0,181.44878,0.3388357837269806,0.23667437508934383,0.0,0.0
VCB,BAD,UCB_WITHOUT_VAE_UNCERTAINTY,UCB-VAE without VAE uncertainty,52,11,test,0.3668482076545458,0.10737418240000006,1.0,24717,61.012149999999565,6.101214999999956,3.0159190199414043,15.336165880510016,0.1417944439513728,22.63664748104158,0,0.002008032128514056,False,False,False,490,0,0.0,98.70784999999987,0.46367952083844927,0.45399027889272775,0.0,0.0
VCB,BAD,UCB_WITHOUT_VAE_UNCERTAINTY,UCB-VAE without VAE uncertainty,52,12,train,0.3318448191396838,0.08589934592000005,1.0,26964,588.5243999999993,58.85243999999993,5.280502898079709,16.109280447691297,0.27885346306108716,35.08270587958809,11,0.0,False,False,False,2233,0,0.0,180.89560000000014,0.3300893558401971,0.23479426667445705,0.0,0.0
VCB,BAD,UCB_WITHOUT_VAE_UNCERTAINTY,UCB-VAE without VAE uncertainty,52,12,test,0.3318448191396838,0.08589934592000005,1.0,26964,36.383229999999,3.6383229999999003,1.809156073769036,15.07109835059482,0.06275379203615697,21.6090228038389,0,0.002008032128514056,False,False,False,490,0,0.0,98.71676999999997,0.4475827218486039,0.45137792685065403,0.0,0.0
VCB,BAD,UCB_WITHOUT_VAE_UNCERTAINTY,UCB-VAE without VAE uncertainty,52,13,train,0.3001813330203001,0.06871947673600004,1.0,29211,693.6244200000019,69.36244200000019,6.033119067109638,15.884056691559984,0.325729168972484,33.18676067855157,9,0.0,False,False,False,2236,0,0.0,181.17558000000002,0.32674822698502154,0.23407843633391986,0.0,0.0
VCB,BAD,UCB_WITHOUT_VAE_UNCERTAINTY,UCB-VAE without VAE uncertainty,52,13,test,0.3001813330203001,0.06871947673600004,1.0,29211,56.75714999999923,5.675714999999923,2.8084386720658605,14.627344668075025,0.1275412981568855,20.353266984288894,0,0.002008032128514056,False,False,False,490,0,0.0,98.20284999999991,0.4451119481426413,0.4501747696335057,0.0,0.0
VCB,BAD,UCB_WITHOUT_VAE_UNCERTAINTY,UCB-VAE without VAE uncertainty,52,14,train,0.27153906734917177,0.054975581388800036,1.0,31458,623.8258000000033,62.38258000000032,5.53810541653188,15.958726911513551,0.29542749383878014,34.734077765245054,11,0.0008900756564307966,False,False,False,2229,0,0.0,180.65420000000017,0.3269136665992533,0.23246380969596853,0.0,0.0
VCB,BAD,UCB_WITHOUT_VAE_UNCERTAINTY,UCB-VAE without VAE uncertainty,52,14,test,0.27153906734917177,0.054975581388800036,1.0,31458,54.320649999999205,5.432064999999921,2.6894437257258597,14.539336539020459,0.11939595836477555,20.353266984288894,0,0.002008032128514056,False,False,False,490,0,0.0,98.07934999999988,0.4404049950455182,0.448516185833029,0.0,0.0
VCB,BAD,UCB_WITHOUT_VAE_UNCERTAINTY,UCB-VAE without VAE uncertainty,52,15,train,0.24562974770943447,0.05,1.0,33705,587.2750200000032,58.72750200000032,5.271292989753218,15.926575142565468,0.279669274528831,34.53510262797773,12,0.0008900756564307966,False,False,False,2229,0,0.0,180.80498000000017,0.32038896469432965,0.2311057637685609,0.0,0.0
VCB,BAD,UCB_WITHOUT_VAE_UNCERTAINTY,UCB-VAE without VAE uncertainty,52,15,test,0.24562974770943447,0.05,1.0,33705,20.379959999999983,2.0379959999999984,1.0173577627464292,14.547939959435126,0.005570324427477126,21.59681878167326,0,0.002008032128514056,False,False,False,489,0,0.0,97.65003999999993,0.43472139048904135,0.44695022920647776,0.0,0.0
VCB,BAD,UCB_WITHOUT_VAE_UNCERTAINTY,UCB-VAE without VAE uncertainty,52,16,train,0.2221926058330938,0.05,1.0,35952,594.0269500000031,59.402695000000314,5.320988938025106,15.661325472967599,0.28474469856236717,33.47601897484759,12,0.0008900756564307966,False,False,False,2228,0,0.0,180.7230500000002,0.31108057669134265,0.23042510950239065,0.0,0.0
VCB,BAD,UCB_WITHOUT_VAE_UNCERTAINTY,UCB-VAE without VAE uncertainty,52,16,test,0.2221926058330938,0.05,1.0,35952,6.878060000000005,0.6878060000000006,0.3444946688051731,14.574391283452828,-0.0404213299365821,21.642553066702916,0,0.002008032128514056,False,False,False,489,0,0.0,97.53193999999993,0.4293768201308128,0.44529856995765466,0.0,0.0
VCB,BAD,UCB_WITHOUT_VAE_UNCERTAINTY,UCB-VAE without VAE uncertainty,52,17,train,0.20099175505933367,0.05,1.0,38199,541.5870000000032,54.158700000000316,4.929992719056231,15.673085873019076,0.2607528367004181,33.42850635636579,10,0.0013351134846461949,False,False,False,2227,0,0.0,180.27300000000014,0.3098133400319794,0.22906021997962572,0.0,0.0
VCB,BAD,UCB_WITHOUT_VAE_UNCERTAINTY,UCB-VAE without VAE uncertainty,52,17,test,0.20099175505933367,0.05,1.0,38199,19.564019999999346,1.9564019999999345,0.9768220604592592,14.458273500286662,0.001942268936826936,21.152404099068892,0,0.002008032128514056,False,False,False,489,0,0.0,97.42597999999994,0.4252587863647545,0.44338024078483085,0.0,0.0
VCB,BAD,UCB_WITHOUT_VAE_UNCERTAINTY,UCB-VAE without VAE uncertainty,52,18,train,0.18181381621752543,0.05,1.0,40446,494.61660000000074,49.46166000000007,4.569608603746,15.499739365812577,0.23949080442619,34.60724366180678,11,0.0004450378282153983,False,False,False,2230,0,0.0,180.50340000000028,0.3037446365617953,0.22749193940804066,0.0,0.0
VCB,BAD,UCB_WITHOUT_VAE_UNCERTAINTY,UCB-VAE without VAE uncertainty,52,18,test,0.18181381621752543,0.05,1.0,40446,85.50336000000016,8.550336000000016,4.202170657355331,14.919004909277522,0.21905689544413406,20.263302263848477,0,0.002008032128514056,False,False,False,490,0,0.0,97.31663999999994,0.4249881617688173,0.4415145123818792,0.0,0.0
VCB,BAD,UCB_WITHOUT_VAE_UNCERTAINTY,UCB-VAE without VAE uncertainty,52,19,train,0.16446577004027732,0.05,1.0,42693,469.773700000002,46.9773700000002,4.374910024400824,15.618995779506909,0.2268080437332683,34.94894344756322,11,0.0017801513128615932,False,False,False,2228,0,0.0,180.4363000000001,0.3054132124735279,0.22632990237350298,0.0,0.0
VCB,BAD,UCB_WITHOUT_VAE_UNCERTAINTY,UCB-VAE without VAE uncertainty,52,19,test,0.16446577004027732,0.05,1.0,42693,63.980939999999464,6.398093999999946,3.1604363306325434,15.009509299810977,0.15111748885169277,20.368477284083085,0,0.002008032128514056,False,False,False,490,0,0.0,97.53905999999994,0.42383886287849376,0.4400220986710016,0.0,0.0
VCB,BAD,UCB_WITHOUT_VAE_UNCERTAINTY,UCB-VAE without VAE uncertainty,52,20,train,0.14877301449181102,0.05,1.0,44940,368.4951699999997,36.84951699999997,3.549620023284561,15.480293399771284,0.1757287192531329,35.26207853827486,10,0.0008900756564307966,False,False,False,2228,0,0.0,179.3748300000001,0.29985823251448385,0.22458263171292114,0.0,0.0
VCB,BAD,UCB_WITHOUT_VAE_UNCERTAINTY,UCB-VAE without VAE uncertainty,52,20,test,0.14877301449181102,0.05,1.0,44940,73.74345999999923,7.374345999999924,3.6342534075292976,14.745480776619372,0.1824411419884165,20.011752613629792,0,0.002008032128514056,False,False,False,489,0,0.0,97.53653999999995,0.41828036649358974,0.43800371613009387,0.0,0.0
VCB,BAD,UCB_WITHOUT_VAE_UNCERTAINTY,UCB-VAE without VAE uncertainty,52,21,train,0.13457760745935274,0.05,1.0,47187,397.3235400000003,39.73235400000003,3.789917320877678,15.74527541328849,0.19023345667272748,33.90388784459096,11,0.0022251891410769915,False,False,False,2228,0,0.0,179.1364600000001,0.303681269198435,0.22354886369157168,0.0,0.0
VCB,BAD,UCB_WITHOUT_VAE_UNCERTAINTY,UCB-VAE without VAE uncertainty,52,21,test,0.13457760745935274,0.05,1.0,47187,89.17365999999947,8.917365999999948,4.37879095716589,14.621975134312809,0.2321766630472942,20.227056627592944,0,0.002008032128514056,False,False,False,490,0,0.0,97.54633999999996,0.41271940538325536,0.43645045601100807,0.0,0.0
VCB,BAD,UCB_WITHOUT_VAE_UNCERTAINTY,UCB-VAE without VAE uncertainty,52,22,train,0.12173667712083987,0.05,1.0,49434,366.3345199999999,36.63345199999999,3.5314293223918325,15.621011174856944,0.174399167836661,31.96721866650011,10,0.003115264797507788,False,False,False,2228,0,0.0,179.44548000000017,0.30001933019049326,0.2225727746366765,0.0,0.0
VCB,BAD,UCB_WITHOUT_VAE_UNCERTAINTY,UCB-VAE without VAE uncertainty,52,22,test,0.12173667712083987,0.05,1.0,49434,82.62945999999965,8.262945999999966,4.063666490003048,14.532610699460522,0.21163717248973704,20.772248524306356,0,0.002008032128514056,False,False,False,489,0,0.0,97.37053999999993,0.4099217860619996,0.4343498447333953,0.0,0.0
VCB,BAD,UCB_WITHOUT_VAE_UNCERTAINTY,UCB-VAE without VAE uncertainty,52,23,train,0.11012098398984942,0.05,1.0,51681,430.43866000000094,43.043866000000094,4.060567893742051,14.870768862660116,0.21009093700142348,33.05099844390283,9,0.0017801513128615932,False,False,False,2225,0,0.0,180.39134,0.28203868083835587,0.22136609061962242,0.0,0.0
VCB,BAD,UCB_WITHOUT_VAE_UNCERTAINTY,UCB-VAE without VAE uncertainty,52,23,test,0.11012098398984942,0.05,1.0,51681,75.0997099999995,7.50997099999995,3.6999079506820243,14.640856833148375,0.18704498450164067,20.55294563879195,0,0.002008032128514056,False,False,False,489,0,0.0,97.17028999999992,0.4094558621278896,0.43223798909340516,0.0,0.0
VCB,BAD,UCB_WITHOUT_VAE_UNCERTAINTY,UCB-VAE without VAE uncertainty,52,24,train,0.1,0.05,1.0,53928,342.228730000003,34.2228730000003,3.3267277332868606,15.672576564744212,0.1616080143834345,32.839149371988185,10,0.0017801513128615932,False,False,False,2226,0,0.0,179.37126999999998,0.2932511261057384,0.2196787373060431,0.0,0.0
VCB,BAD,UCB_WITHOUT_VAE_UNCERTAINTY,UCB-VAE without VAE uncertainty,52,24,test,0.1,0.05,1.0,53928,83.3751199999997,8.337511999999968,4.099620262873049,14.55582900216807,0.21394089404506567,20.756917201075336,0,0.002008032128514056,False,False,False,489,0,0.0,96.84487999999995,0.4063297292646501,0.4302409695812976,0.0,0.0
VCB,BAD,UCB_WITHOUT_VAE_UNCERTAINTY,UCB-VAE without VAE uncertainty,52,25,train,0.1,0.05,1.0,56175,421.1122999999998,42.11122999999998,3.9849114886085113,15.231845388185135,0.20389443203268331,32.83427356326545,12,0.0022251891410769915,False,False,False,2221,0,0.0,179.73770000000022,0.2926756938959886,0.2188682718261327,0.0,0.0
VCB,BAD,UCB_WITHOUT_VAE_UNCERTAINTY,UCB-VAE without VAE uncertainty,52,25,test,0.1,0.05,1.0,56175,88.13871999999992,8.813871999999993,4.329018165575094,14.614526086870638,0.22886363411069682,20.734479899838657,0,0.002008032128514056,False,False,False,489,0,0.0,96.60127999999995,0.40120708149234335,0.4285892673345455,0.0,0.0
VCB,BAD,UCB_WITHOUT_VAE_UNCERTAINTY,UCB-VAE without VAE uncertainty,52,26,train,0.1,0.05,1.0,58422,405.2519300000008,40.52519300000008,3.8552311991006283,15.28228813110952,0.19550893941223765,32.314842811498934,11,0.0022251891410769915,False,False,False,2220,0,0.0,179.2380700000001,0.28898715843061956,0.217547517235034,0.0,0.0
VCB,BAD,UCB_WITHOUT_VAE_UNCERTAINTY,UCB-VAE without VAE uncertainty,52,26,test,0.1,0.05,1.0,58422,83.4160400000003,8.341604000000029,4.101592961176914,14.698838729841787,0.2133974776527182,20.734479899838657,0,0.002008032128514056,False,False,False,490,0,0.0,96.29396000000001,0.4019856007176037,0.42702438547668686,0.0,0.0
VCB,BAD,UCB_WITHOUT_VAE_UNCERTAINTY,UCB-VAE without VAE uncertainty,52,27,train,0.1,0.05,1.0,60669,484.44449000000077,48.44444900000008,4.490238164417515,15.598576983965105,0.23410135003970295,35.114053004653364,11,0.0004450378282153983,False,False,False,2224,0,0.0,180.83551000000008,0.3080465674174661,0.21700758641667772,0.0,0.0
VCB,BAD,UCB_WITHOUT_VAE_UNCERTAINTY,UCB-VAE without VAE uncertainty,52,27,test,0.1,0.05,1.0,60669,89.58544000000006,8.958544000000005,4.398587908945761,14.214549201835549,0.23600755581998664,18.691983771548514,0,0.002008032128514056,False,False,False,491,0,0.0,96.66456,0.3896722730013313,0.42512034651744796,0.0,0.0
VCB,BAD,UCB_WITHOUT_VAE_UNCERTAINTY,UCB-VAE without VAE uncertainty,52,28,train,0.1,0.05,1.0,62916,504.95766000000185,50.49576600000019,4.649806684255142,15.689789051440705,0.24337978493693596,32.85749927912481,10,0.0004450378282153983,False,False,False,2224,0,0.0,180.56234000000003,0.3092663516090668,0.2162176456134957,0.0,0.0
VCB,BAD,UCB_WITHOUT_VAE_UNCERTAINTY,UCB-VAE without VAE uncertainty,52,28,test,0.1,0.05,1.0,62916,89.47359999999958,8.947359999999959,4.39321139912261,14.22322371131608,0.2355852549736512,18.68826211200043,0,0.002008032128514056,False,False,False,491,0,0.0,96.43639999999995,0.3909828919004203,0.42343392300916965,0.0,0.0
VCB,BAD,UCB_WITHOUT_VAE_UNCERTAINTY,UCB-VAE without VAE uncertainty,52,29,train,0.1,0.05,1.0,65163,484.8491900000008,48.48491900000008,4.493405158121866,15.934845761848493,0.23262039957042496,33.80299804253324,10,0.0004450378282153983,False,False,False,2223,0,0.0,179.7708100000001,0.3107771929413385,0.21489177215686892,0.0,0.0
VCB,BAD,UCB_WITHOUT_VAE_UNCERTAINTY,UCB-VAE without VAE uncertainty,52,29,test,0.1,0.05,1.0,65163,108.76326000000017,10.876326000000017,5.316496460830189,14.188920590521374,0.2984082856874952,18.68826211200043,0,0.002008032128514056,False,False,False,491,0,0.0,96.08673999999995,0.38537021729180404,0.4214225218717353,0.0,0.0
VCB,BAD,UCB_WITHOUT_VAE_UNCERTAINTY,UCB-VAE without VAE uncertainty,52,30,train,0.1,0.05,1.0,67410,464.5628800000011,46.45628800000011,4.333701049319272,15.940227860433042,0.22292014013391048,33.8206646399026,10,0.003115264797507788,False,False,False,2221,0,0.0,179.38712000000012,0.3099367004443152,0.21371679592746654,0.0,0.0
VCB,BAD,UCB_WITHOUT_VAE_UNCERTAINTY,UCB-VAE without VAE uncertainty,52,30,test,0.1,0.05,1.0,67410,57.75628000000097,5.775628000000097,2.8571951302067466,14.262392386733566,0.13053513391347474,18.867969925832867,0,0.002008032128514056,False,False,False,491,0,0.0,95.35371999999994,0.38640305392220226,0.42023833266582833,0.0,0.0
VCB,BAD,UCB_WITHOUT_VAE_UNCERTAINTY,UCB-VAE without VAE uncertainty,52,31,train,0.1,0.05,1.0,69657,430.0712300000009,43.00712300000009,4.05759557077674,15.749063403673116,0.20670822214129697,32.087726518548024,11,0.004005340453938585,False,False,False,2220,0,0.0,179.71877000000006,0.30735596686913935,0.2120405382642122,0.0,0.0
VCB,BAD,UCB_WITHOUT_VAE_UNCERTAINTY,UCB-VAE without VAE uncertainty,52,31,test,0.1,0.05,1.0,69657,73.93662000000063,7.393662000000063,3.643606589203796,14.250696136358659,0.18443823235621185,18.848727336286743,0,0.002008032128514056,False,False,False,491,0,0.0,95.59337999999993,0.3810116518672891,0.418474747354247,0.0,0.0
VCB,BAD,UCB_WITHOUT_VAE_UNCERTAINTY,UCB-VAE without VAE uncertainty,52,32,train,0.1,0.05,1.0,71904,483.4389399999991,48.343893999999906,4.4823658749859385,15.792222061504072,0.23255265290740404,31.939767649883482,10,0.0022251891410769915,False,False,False,2219,0,0.0,180.04106000000004,0.3061368455919268,0.2114895690443068,0.0,0.0
VCB,BAD,UCB_WITHOUT_VAE_UNCERTAINTY,UCB-VAE without VAE uncertainty,52,32,test,0.1,0.05,1.0,71904,58.784469999999146,5.878446999999914,2.907345731860045,13.804707331655965,0.13376375593844256,18.832252551670575,0,0.0,False,False,False,492,0,0.0,95.52552999999993,0.3724086209899973,0.4165623878020359,0.0,0.0
VCB,BAD,UCB_WITHOUT_VAE_UNCERTAINTY,UCB-VAE without VAE uncertainty,52,33,train,0.1,0.05,1.0,74151,487.4112200000002,48.74112200000002,4.513436627791889,15.547444137710132,0.23579725588537828,33.29961396334819,11,0.0008900756564307966,False,False,False,2213,0,0.0,180.05878000000024,0.3089384492936904,0.21040383112274066,0.0,0.0
VCB,BAD,UCB_WITHOUT_VAE_UNCERTAINTY,UCB-VAE without VAE uncertainty,52,33,test,0.1,0.05,1.0,74151,33.673579999999674,3.3673579999999674,1.6755206255363086,14.289199439311703,0.049014887765607584,20.32185576204244,0,0.002008032128514056,False,False,False,494,0,0.0,95.3664199999999,0.38183983971632857,0.4150389540925562,0.0,0.0
VCB,BAD,UCB_WITHOUT_VAE_UNCERTAINTY,UCB-VAE without VAE uncertainty,52,34,train,0.1,0.05,1.0,76398,528.6335400000012,52.863354000000115,4.8315917067977665,15.060596680161092,0.2588038259684581,31.85984754555576,10,0.004005340453938585,False,False,False,2208,0,0.0,179.8864600000002,0.2953457502778259,0.20976307952522064,0.0,0.0
VCB,BAD,UCB_WITHOUT_VAE_UNCERTAINTY,UCB-VAE without VAE uncertainty,52,34,test,0.1,0.05,1.0,76398,51.854579999998805,5.185457999999881,2.5688650141258984,14.32386643541213,0.110840811988139,20.61996884807888,0,0.002008032128514056,False,False,False,494,0,0.0,95.60541999999991,0.38352116456346924,0.4134218280753457,0.0,0.0
VCB,BAD,UCB_WITHOUT_VAE_UNCERTAINTY,UCB-VAE without VAE uncertainty,52,35,train,0.1,0.05,1.0,78645,538.8499099999981,53.88499099999981,4.909261804686471,15.474144985875773,0.26081195046901423,33.32430726996453,10,0.0035603026257231864,False,False,False,2210,0,0.0,180.6200900000001,0.3039650488105139,0.20864700019014745,0.0,0.0
VCB,BAD,UCB_WITHOUT_VAE_UNCERTAINTY,UCB-VAE without VAE uncertainty,52,35,test,0.1,0.05,1.0,78645,35.12319999999909,3.5123199999999084,1.7470351648926519,13.97401831816284,0.05189679738711279,20.373990103521507,0,0.002008032128514056,False,False,False,491,0,0.0,95.18680000000006,0.37717990374023935,0.41130064194460947,0.0,0.0
VCB,BAD,UCB_WITHOUT_VAE_UNCERTAINTY,UCB-VAE without VAE uncertainty,52,36,train,0.1,0.05,1.0,80892,353.39780000000064,35.33978000000006,3.421976068042132,14.965130626256043,0.16826389715448892,33.579118005956246,10,0.0035603026257231864,False,False,False,2207,0,0.0,178.6422,0.2850293273065039,0.20551697057839707,0.0,0.0
VCB,BAD,UCB_WITHOUT_VAE_UNCERTAINTY,UCB-VAE without VAE uncertainty,52,36,test,0.1,0.05,1.0,80892,26.391639999999597,2.6391639999999597,1.3155200499855857,13.677237001820766,0.01870326303710437,20.373990103521507,0,0.0,False,False,False,495,0,0.0,95.63835999999998,0.3755933318440397,0.4094827407933622,0.0,0.0
VCB,BAD,UCB_WITHOUT_VAE_UNCERTAINTY,UCB-VAE without VAE uncertainty,52,37,train,0.1,0.05,1.0,83139,477.1811799999996,47.71811799999996,4.433268005500146,15.464926524138448,0.23115210862926874,31.583401028034373,11,0.0013351134846461949,False,False,False,2214,0,0.0,180.18882000000028,0.30082870844096077,0.2055814096552428,0.0,0.0
VCB,BAD,UCB_WITHOUT_VAE_UNCERTAINTY,UCB-VAE without VAE uncertainty,52,37,test,0.1,0.05,1.0,83139,19.080199999999422,1.9080199999999423,0.9527783652371502,13.76752232129601,-0.006797673981256159,20.277020613658824,0,0.0,False,False,False,494,0,0.0,95.36980000000004,0.37235691727255577,0.407531437086293,0.0,0.0
VCB,BAD,UCB_WITHOUT_VAE_UNCERTAINTY,UCB-VAE without VAE uncertainty,52,38,train,0.1,0.05,1.0,85386,512.0350399999995,51.20350399999995,4.704412086362364,15.390027352741322,0.24851771663711847,31.681315722388465,11,0.0026702269692923898,False,False,False,2212,0,0.0,179.6349600000002,0.30404448328216643,0.20451934827291865,0.0,0.0
VCB,BAD,UCB_WITHOUT_VAE_UNCERTAINTY,UCB-VAE without VAE uncertainty,52,38,test,0.1,0.05,1.0,85386,-39.15550000000121,-3.915550000000121,-1.9840465030381504,13.531105478218059,-0.2293526335963329,20.277020613658824,0,0.0,False,False,False,494,0,0.0,95.14549999999997,0.3707197942832117,0.40598865757026825,0.0,0.0
VCB,BAD,UCB_WITHOUT_VAE_UNCERTAINTY,UCB-VAE without VAE uncertainty,52,39,train,0.1,0.05,1.0,87633,359.0339299999987,35.903392999999866,3.4697752902328016,15.338437071275642,0.1708727862973515,32.497091737372976,10,0.0035603026257231864,False,False,False,2208,0,0.0,178.83606999999995,0.2937053729435873,0.2026234567778796,0.0,0.0
VCB,BAD,UCB_WITHOUT_VAE_UNCERTAINTY,UCB-VAE without VAE uncertainty,52,39,test,0.1,0.05,1.0,87633,-18.821860000001152,-1.8821860000001152,-0.9487951252780236,14.248665110301314,-0.13628845669576495,19.978895273893134,1,0.002008032128514056,False,False,False,494,0,0.0,95.33186,0.3695797534533501,0.4035904010735362,0.0,0.0
VCB,BAD,UCB_WITHOUT_VAE_UNCERTAINTY,UCB-VAE without VAE uncertainty,52,40,train,0.1,0.05,1.0,89880,364.91395000000057,36.491395000000054,3.519455483566958,15.33671196085784,0.17399921467276144,32.73634369700558,10,0.004005340453938585,False,False,False,2210,0,0.0,179.23604999999992,0.30017507904786506,0.20171868858645903,0.0,0.0
VCB,BAD,UCB_WITHOUT_VAE_UNCERTAINTY,UCB-VAE without VAE uncertainty,52,40,test,0.1,0.05,1.0,89880,4.417529999999033,0.4417529999999033,0.22139161188505785,14.295048090093617,-0.05252710571162821,20.00252966689797,1,0.002008032128514056,False,False,False,495,0,0.0,95.34247,0.36605468534369545,0.4013515623159198,0.0,0.0
VCB,BAD,UCB_WITHOUT_VAE_UNCERTAINTY,UCB-VAE without VAE uncertainty,52,41,train,0.1,0.05,1.0,92127,340.6738899999996,34.067388999999956,3.313412450885256,15.373836612495372,0.1609174449163782,34.2026630664771,10,0.0035603026257231864,False,False,False,2209,0,0.0,178.80611000000013,0.29948190951327486,0.20014303560734698,0.0,0.0
VCB,BAD,UCB_WITHOUT_VAE_UNCERTAINTY,UCB-VAE without VAE uncertainty,52,41,test,0.1,0.05,1.0,92127,46.613459999998895,4.661345999999889,2.3121312770720825,14.366665648252615,0.09339031922319341,19.235635118570336,1,0.002008032128514056,False,False,False,493,0,0.0,94.83654,0.3622092760104009,0.399124557174832,0.0,0.0
VCB,BAD,UCB_WITHOUT_VAE_UNCERTAINTY,UCB-VAE without VAE uncertainty,52,42,train,0.1,0.05,1.0,94374,337.351090000001,33.7351090000001,3.2849107064768512,15.415747963836909,0.159097657137309,34.5671788148103,12,0.0035603026257231864,False,False,False,2205,0,0.0,179.09891000000013,0.29647565261815745,0.19868445899428713,0.0,0.0
VCB,BAD,UCB_WITHOUT_VAE_UNCERTAINTY,UCB-VAE without VAE uncertainty,52,42,test,0.1,0.05,1.0,94374,49.936139999999114,4.993613999999911,2.4749652735525096,14.820094705132957,0.10588788451101341,20.336795406205205,1,0.0,False,False,False,498,0,0.0,95.10386,0.3791310539301879,0.3973799304490587,0.0,0.0
VCB,BAD,UCB_WITHOUT_VAE_UNCERTAINTY,UCB-VAE without VAE uncertainty,52,43,train,0.1,0.05,1.0,96621,340.2856499999998,34.028564999999986,3.3100855138492147,14.926531300473094,0.16093093691900828,32.880862289411176,10,0.009345794392523364,False,False,False,2207,0,0.0,179.22435,0.28799450742800903,0.19816400591511169,0.0,0.0
VCB,BAD,UCB_WITHOUT_VAE_UNCERTAINTY,UCB-VAE without VAE uncertainty,52,43,test,0.1,0.05,1.0,96621,44.809789999999566,4.480978999999956,2.223631264940118,14.76053172639726,0.08888891946069559,20.336795406205205,1,0.0,False,False,False,495,0,0.0,95.27021,0.3713683759462254,0.3953348283308098,0.0,0.0
VCB,BAD,UCB_WITHOUT_VAE_UNCERTAINTY,UCB-VAE without VAE uncertainty,52,44,train,0.1,0.05,1.0,98868,379.8043699999994,37.98043699999994,3.644418715708375,14.975166828359368,0.18262914155092191,34.244082166980434,11,0.009345794392523364,False,False,False,2209,0,0.0,178.9856300000002,0.2925468241264237,0.19674830014838554,0.0,0.0
VCB,BAD,UCB_WITHOUT_VAE_UNCERTAINTY,UCB-VAE without VAE uncertainty,52,44,test,0.1,0.05,1.0,98868,44.809789999999566,4.480978999999956,2.223631264940118,14.76053172639726,0.08888891946069559,20.336795406205205,1,0.0,False,False,False,495,0,0.0,95.27021,0.3713683759462254,0.3933425869149377,0.0,0.0
VCB,BAD,UCB_WITHOUT_VAE_UNCERTAINTY,UCB-VAE without VAE uncertainty,52,45,train,0.1,0.05,1.0,101115,417.6966900000018,41.76966900000018,3.9570932653144375,14.898838078795048,0.20323296952217665,33.23170039653243,11,0.012461059190031152,False,False,False,2209,0,0.0,178.50331,0.29505109549878733,0.1962716738512291,0.0,0.0
VCB,BAD,UCB_WITHOUT_VAE_UNCERTAINTY,UCB-VAE without VAE uncertainty,52,45,test,0.1,0.05,1.0,101115,44.809789999999566,4.480978999999956,2.223631264940118,14.76053172639726,0.08888891946069559,20.336795406205205,1,0.0,False,False,False,495,0,0.0,95.27021,0.3713683759462254,0.391576077145745,0.0,0.0
VCB,BAD,UCB_WITHOUT_VAE_UNCERTAINTY,UCB-VAE without VAE uncertainty,53,1,train,1.0,1.0,1.0,2247,1950.284219999999,195.0284219999999,12.782795078762188,21.276086815936416,0.5828753851284459,39.3426413955001,20,0.16154873164218958,False,False,False,419,0,0.0,9.055780000000007,0.526389593695891,0.2657728395265211,0.0,0.0
VCB,BAD,UCB_WITHOUT_VAE_UNCERTAINTY,UCB-VAE without VAE uncertainty,53,1,test,1.0,1.0,1.0,2247,54.04173000000014,5.404173000000014,2.6758129611269554,23.87330141117168,0.1471636829582936,31.401193160285224,1,0.0963855421686747,False,False,False,19,0,0.0,0.9582700000000001,0.921522864490577,0.3660534048176195,0.0,0.0
VCB,BAD,UCB_WITHOUT_VAE_UNCERTAINTY,UCB-VAE without VAE uncertainty,53,2,train,0.9045834549972122,0.8,1.0,4494,1945.676489999999,194.5676489999999,12.763196594101235,21.325786759154166,0.5811926451432828,39.40886973059994,20,0.16377392078326658,False,False,False,428,0,0.0,9.273510000000007,0.5273688000491717,0.26220144966760633,0.0,0.0
VCB,BAD,UCB_WITHOUT_VAE_UNCERTAINTY,UCB-VAE without VAE uncertainty,53,2,test,0.9045834549972122,0.8,1.0,4494,54.04173000000014,5.404173000000014,2.6758129611269554,23.87330141117168,0.1471636829582936,31.401193160285224,1,0.0963855421686747,False,False,False,19,0,0.0,0.9582700000000001,0.921522864490577,0.3618703820858615,0.0,0.0
VCB,BAD,UCB_WITHOUT_VAE_UNCERTAINTY,UCB-VAE without VAE uncertainty,53,3,train,0.8182712270546932,0.6400000000000001,1.0,6741,1333.3293099999992,133.33293099999992,9.878881656432693,20.759204867309496,0.4654024283833476,39.430625100635794,19,0.14285714285714285,False,False,False,437,0,0.0,10.38069,0.47473156038780473,0.25651074764221365,0.0,0.0
VCB,BAD,UCB_WITHOUT_VAE_UNCERTAINTY,UCB-VAE without VAE uncertainty,53,3,test,0.8182712270546932,0.6400000000000001,1.0,6741,54.04173000000014,5.404173000000014,2.6758129611269554,23.87330141117168,0.1471636829582936,31.401193160285224,1,0.0963855421686747,False,False,False,19,0,0.0,0.9582700000000001,0.921522864490577,0.3572978370759382,0.0,0.0
VCB,BAD,UCB_WITHOUT_VAE_UNCERTAINTY,UCB-VAE without VAE uncertainty,53,4,train,0.7401946136939427,0.5120000000000001,1.0,8988,1377.2672899999998,137.72672899999998,10.107034738956443,20.76659504660763,0.47539351303329214,39.43783744237813,19,0.102803738317757,False,False,False,464,0,0.0,11.172709999999997,0.4794295568420137,0.2522812655065449,0.0,0.0
VCB,BAD,UCB_WITHOUT_VAE_UNCERTAINTY,UCB-VAE without VAE uncertainty,53,4,test,0.7401946136939427,0.5120000000000001,1.0,8988,54.04173000000014,5.404173000000014,2.6758129611269554,23.87330141117168,0.1471636829582936,31.401193160285224,1,0.0963855421686747,False,False,False,19,0,0.0,0.9582700000000001,0.921522864490577,0.3521970415330795,0.0,0.0
VCB,BAD,UCB_WITHOUT_VAE_UNCERTAINTY,UCB-VAE without VAE uncertainty,53,5,train,0.6695678010255933,0.4096000000000001,1.0,11235,1911.185469999999,191.1185469999999,12.615621198763582,21.100752621199156,0.57888075113422,39.26509981797342,18,0.16777926123720516,False,False,False,491,0,0.0,11.214530000000002,0.5270274234407785,0.24978383308550917,0.0,0.0
VCB,BAD,UCB_WITHOUT_VAE_UNCERTAINTY,UCB-VAE without VAE uncertainty,53,5,test,0.6695678010255933,0.4096000000000001,1.0,11235,54.04173000000014,5.404173000000014,2.6758129611269554,23.87330141117168,0.1471636829582936,31.401193160285224,1,0.0963855421686747,False,False,False,19,0,0.0,0.9582700000000001,0.921522864490577,0.3473861401219923,0.0,0.0
VCB,BAD,UCB_WITHOUT_VAE_UNCERTAINTY,UCB-VAE without VAE uncertainty,53,6,train,0.6056799548066172,0.3276800000000001,1.0,13482,1862.701219999999,186.2701219999999,12.405523793967665,21.38438201340396,0.5651976667618208,39.32368832418145,19,0.16421895861148197,False,False,False,464,0,0.0,10.79878,0.5567657702994724,0.2472919487706491,0.0,0.0
VCB,BAD,UCB_WITHOUT_VAE_UNCERTAINTY,UCB-VAE without VAE uncertainty,53,6,test,0.6056799548066172,0.3276800000000001,1.0,13482,54.04173000000014,5.404173000000014,2.6758129611269554,23.87330141117168,0.1471636829582936,31.401193160285224,1,0.0963855421686747,False,False,False,19,0,0.0,0.9582700000000001,0.921522864490577,0.34333570798238117,0.0,0.0
VCB,BAD,UCB_WITHOUT_VAE_UNCERTAINTY,UCB-VAE without VAE uncertainty,53,7,train,0.547888066141525,0.2621440000000001,1.0,15729,1859.9230399999992,185.99230399999993,12.393389507579112,21.42552944539719,0.5640144993706371,39.36478278176203,19,0.16599910992434358,False,False,False,471,0,0.0,10.996960000000003,0.5584944243731418,0.2446188298686112,0.0,0.0
VCB,BAD,UCB_WITHOUT_VAE_UNCERTAINTY,UCB-VAE without VAE uncertainty,53,7,test,0.547888066141525,0.2621440000000001,1.0,15729,54.04173000000014,5.404173000000014,2.6758129611269554,23.87330141117168,0.1471636829582936,31.401193160285224,1,0.0963855421686747,False,False,False,19,0,0.0,0.9582700000000001,0.921522864490577,0.33990302194194144,0.0,0.0
VCB,BAD,UCB_WITHOUT_VAE_UNCERTAINTY,UCB-VAE without VAE uncertainty,53,8,train,0.49561047982204176,0.20971520000000007,1.0,17976,1397.403519999999,139.7403519999999,10.210344386272062,20.602336331697337,0.48213811577600285,39.23030343209293,18,0.19136626613262128,False,False,False,531,0,0.0,12.956479999999997,0.47971717176754514,0.23977389425026027,0.0,0.0
VCB,BAD,UCB_WITHOUT_VAE_UNCERTAINTY,UCB-VAE without VAE uncertainty,53,8,test,0.49561047982204176,0.20971520000000007,1.0,17976,54.04173000000014,5.404173000000014,2.6758129611269554,23.87330141117168,0.1471636829582936,31.401193160285224,1,0.0963855421686747,False,False,False,19,0,0.0,0.9582700000000001,0.921522864490577,0.33709479371706647,0.0,0.0
VCB,BAD,UCB_WITHOUT_VAE_UNCERTAINTY,UCB-VAE without VAE uncertainty,53,9,train,0.4483210401702486,0.1677721600000001,1.0,20223,1393.821899999999,139.3821899999999,10.192025287999385,20.65185042211335,0.48066535072740924,39.29380810124429,18,0.17445482866043613,False,False,False,539,0,0.0,13.278100000000002,0.47776008363298433,0.23807377351964373,0.0,0.0
VCB,BAD,UCB_WITHOUT_VAE_UNCERTAINTY,UCB-VAE without VAE uncertainty,53,9,test,0.4483210401702486,0.1677721600000001,1.0,20223,54.04173000000014,5.404173000000014,2.6758129611269554,23.87330141117168,0.1471636829582936,31.401193160285224,1,0.0963855421686747,False,False,False,19,0,0.0,0.9582700000000001,0.921522864490577,0.3345504094319171,0.0,0.0
VCB,BAD,UCB_WITHOUT_VAE_UNCERTAINTY,UCB-VAE without VAE uncertainty,53,10,train,0.4055437954651474,0.13421772800000006,1.0,22470,1800.7890499999999,180.078905,12.132592157348832,21.253655656835942,0.555821937904332,39.19334296336272,19,0.16688918558077437,False,False,False,513,0,0.0,12.190950000000003,0.5549637768050109,0.2378111212159137,0.0,0.0
VCB,BAD,UCB_WITHOUT_VAE_UNCERTAINTY,UCB-VAE without VAE uncertainty,53,10,test,0.4055437954651474,0.13421772800000006,1.0,22470,54.04173000000014,5.404173000000014,2.6758129611269554,23.87330141117168,0.1471636829582936,31.401193160285224,1,0.0963855421686747,False,False,False,19,0,0.0,0.9582700000000001,0.921522864490577,0.3322471449054389,0.0,0.0
VCB,BAD,UCB_WITHOUT_VAE_UNCERTAINTY,UCB-VAE without VAE uncertainty,53,11,train,0.3668482076545458,0.10737418240000006,1.0,24717,1823.3137899999997,182.33137899999997,12.23250446137516,21.053938974213885,0.5633201751014025,37.73095767033768,19,0.16154873164218958,False,False,False,529,0,0.0,12.846210000000005,0.552191194677776,0.2358453766168039,0.0,0.0
VCB,BAD,UCB_WITHOUT_VAE_UNCERTAINTY,UCB-VAE without VAE uncertainty,53,11,test,0.3668482076545458,0.10737418240000006,1.0,24717,58.540300000000116,5.854030000000011,2.8954383873972978,23.836051621494814,0.15605810672145237,31.401193160285224,1,0.0963855421686747,False,False,False,22,0,0.0,1.1897000000000002,0.92017397634513,0.33031704163096515,0.0,0.0
VCB,BAD,UCB_WITHOUT_VAE_UNCERTAINTY,UCB-VAE without VAE uncertainty,53,12,train,0.3318448191396838,0.08589934592000005,1.0,26964,1855.1891299999997,185.518913,12.372689001855552,21.049769862328322,0.569375575808838,37.99281311909905,18,0.1606586559857588,False,False,False,545,0,0.0,13.420870000000006,0.5518701978354305,0.2344662442199909,0.0,0.0
VCB,BAD,UCB_WITHOUT_VAE_UNCERTAINTY,UCB-VAE without VAE uncertainty,53,12,test,0.3318448191396838,0.08589934592000005,1.0,26964,53.98911000000021,5.39891100000002,2.6732412307436837,23.85984460266296,0.14700384966624197,31.401193160285224,1,0.0963855421686747,False,False,False,22,0,0.0,1.19089,0.9212320426484712,0.3286098694825268,0.0,0.0
VCB,BAD,UCB_WITHOUT_VAE_UNCERTAINTY,UCB-VAE without VAE uncertainty,53,13,train,0.3001813330203001,0.06871947673600004,1.0,29211,1852.6479199999999,185.264792,12.361564178095374,20.941212984504862,0.5707595834574264,38.02118839620562,19,0.17846016911437473,False,False,False,557,0,0.0,13.772080000000004,0.5501267260691639,0.23300829106004278,0.0,0.0
VCB,BAD,UCB_WITHOUT_VAE_UNCERTAINTY,UCB-VAE without VAE uncertainty,53,13,test,0.3001813330203001,0.06871947673600004,1.0,29211,53.98911000000021,5.39891100000002,2.6732412307436837,23.85984460266296,0.14700384966624197,31.401193160285224,1,0.0963855421686747,False,False,False,22,0,0.0,1.19089,0.9212320426484712,0.32672686443989535,0.0,0.0
VCB,BAD,UCB_WITHOUT_VAE_UNCERTAINTY,UCB-VAE without VAE uncertainty,53,14,train,0.27153906734917177,0.054975581388800036,1.0,31458,1854.4841899999997,185.44841899999997,12.369603821527031,20.947733123633157,0.5709984264266605,38.31196017962279,19,0.16644414775255897,False,False,False,574,0,0.0,14.325810000000002,0.5490301734888945,0.2319224126003666,0.0,0.0
VCB,BAD,UCB_WITHOUT_VAE_UNCERTAINTY,UCB-VAE without VAE uncertainty,53,14,test,0.27153906734917177,0.054975581388800036,1.0,31458,55.8742000000002,5.58742000000002,2.7653325496423298,23.85110757845088,0.15076140068470198,31.401193160285224,1,0.0963855421686747,False,False,False,25,0,0.0,1.4358,0.9205826769583949,0.3253554576132671,0.0,0.0
VCB,BAD,UCB_WITHOUT_VAE_UNCERTAINTY,UCB-VAE without VAE uncertainty,53,15,train,0.24562974770943447,0.05,1.0,33705,1835.9864799999996,183.59864799999997,12.288405314386196,21.013123424072678,0.5664038330764992,38.10673267548035,19,0.16644414775255897,False,False,False,581,0,0.0,14.553520000000008,0.5493105588035121,0.2309266437967459,0.0,0.0
VCB,BAD,UCB_WITHOUT_VAE_UNCERTAINTY,UCB-VAE without VAE uncertainty,53,15,test,0.24562974770943447,0.05,1.0,33705,55.56744000000003,5.556744000000003,2.7503521476753168,23.85677321508551,0.15016777858534092,31.401193160285224,1,0.0963855421686747,False,False,False,28,0,0.0,1.66256,0.9203532195777386,0.3241986056049186,0.0,0.0
VCB,BAD,UCB_WITHOUT_VAE_UNCERTAINTY,UCB-VAE without VAE uncertainty,53,16,train,0.2221926058330938,0.05,1.0,35952,1868.269499999999,186.8269499999999,12.429812950334696,20.93466975363536,0.5737936666151008,38.16754867784668,19,0.16510903426791276,False,False,False,587,0,0.0,14.750500000000006,0.5480930519986587,0.22977045801118792,0.0,0.0
VCB,BAD,UCB_WITHOUT_VAE_UNCERTAINTY,UCB-VAE without VAE uncertainty,53,16,test,0.2221926058330938,0.05,1.0,35952,57.526310000000194,5.752631000000019,2.8459748779396277,23.834830206190126,0.15401843182854835,31.401193160285224,1,0.0963855421686747,False,False,False,34,0,0.0,2.133690000000001,0.9192017378043537,0.323077386282534,0.0,0.0
VCB,BAD,UCB_WITHOUT_VAE_UNCERTAINTY,UCB-VAE without VAE uncertainty,53,17,train,0.20099175505933367,0.05,1.0,38199,1841.0395699999985,184.10395699999987,12.310633243505919,20.425788012027677,0.5777166502115836,38.02061130313252,17,0.16243880729862037,False,False,False,643,0,0.0,16.370430000000002,0.5099618087444351,0.2274277609390421,0.0,0.0
VCB,BAD,UCB_WITHOUT_VAE_UNCERTAINTY,UCB-VAE without VAE uncertainty,53,17,test,0.20099175505933367,0.05,1.0,38199,51.68743000000018,5.168743000000018,2.560687105214332,23.860085945682695,0.14236754736403964,31.401193160285224,1,0.0963855421686747,False,False,False,34,0,0.0,2.1325700000000007,0.9205670929824168,0.3220068648397683,0.0,0.0
VCB,BAD,UCB_WITHOUT_VAE_UNCERTAINTY,UCB-VAE without VAE uncertainty,53,18,train,0.18181381621752543,0.05,1.0,40446,1421.4451999999992,142.14451999999994,10.332685735715641,20.082738382315153,0.494882242153668,37.990590218799355,18,0.16421895861148197,False,False,False,653,0,0.0,17.034800000000004,0.47001826859009566,0.22548695051197906,0.0,0.0
VCB,BAD,UCB_WITHOUT_VAE_UNCERTAINTY,UCB-VAE without VAE uncertainty,53,18,test,0.18181381621752543,0.05,1.0,40446,53.486990000000105,5.3486990000000105,2.648697585216775,23.853945970385073,0.145970008386662,31.401193160285224,1,0.09437751004016064,False,False,False,37,0,0.0,2.3730100000000007,0.9199116623208324,0.32093909056670217,0.0,0.0
VCB,BAD,UCB_WITHOUT_VAE_UNCERTAINTY,UCB-VAE without VAE uncertainty,53,19,train,0.16446577004027732,0.05,1.0,42693,1423.0679899999996,142.30679899999996,10.34090470595892,20.07453189352772,0.49538595859158396,37.962779052785336,18,0.15398308856252782,False,False,False,660,0,0.0,17.22201,0.4704760311235119,0.2244223861175481,0.0,0.0
VCB,BAD,UCB_WITHOUT_VAE_UNCERTAINTY,UCB-VAE without VAE uncertainty,53,19,test,0.16446577004027732,0.05,1.0,42693,55.5936700000002,5.5593670000000195,2.751633155494515,23.828261294496404,0.1501130109692775,31.401193160285224,1,0.08835341365461848,False,False,False,46,0,0.0,3.0663300000000002,0.9185758533726966,0.319907847417885,0.0,0.0
VCB,BAD,UCB_WITHOUT_VAE_UNCERTAINTY,UCB-VAE without VAE uncertainty,53,20,train,0.14877301449181102,0.05,1.0,44940,1779.370649999999,177.93706499999988,12.036922568950992,20.465767606378147,0.5649622298514311,38.12012476331687,18,0.16377392078326658,False,False,False,652,0,0.0,16.859350000000017,0.5162475957375081,0.22476850163886214,0.0,0.0
VCB,BAD,UCB_WITHOUT_VAE_UNCERTAINTY,UCB-VAE without VAE uncertainty,53,20,test,0.14877301449181102,0.05,1.0,44940,60.3131800000001,6.03131800000001,2.9818646646101232,23.722030723189434,0.15922175459079266,31.401193160285224,1,0.09036144578313253,False,False,False,55,0,0.0,3.6968200000000007,0.9154029708000618,0.31870370217595234,0.0,0.0
VCB,BAD,UCB_WITHOUT_VAE_UNCERTAINTY,UCB-VAE without VAE uncertainty,53,21,train,0.13457760745935274,0.05,1.0,47187,1744.9806199999994,174.49806199999992,11.881933051416894,20.27854965446186,0.5613922519928849,36.856624073394535,16,0.16332888295505119,False,False,False,670,0,0.0,17.849380000000007,0.5141785060573075,0.22362751231545813,0.0,0.0
VCB,BAD,UCB_WITHOUT_VAE_UNCERTAINTY,UCB-VAE without VAE uncertainty,53,21,test,0.13457760745935274,0.05,1.0,47187,61.15357000000017,6.115357000000017,3.022807751179224,23.722838180310983,0.16091538625110843,31.401193160285224,1,0.09036144578313253,False,False,False,61,0,0.0,4.16643,0.9151331391902999,0.3175587351003804,0.0,0.0
VCB,BAD,UCB_WITHOUT_VAE_UNCERTAINTY,UCB-VAE without VAE uncertainty,53,22,train,0.12173667712083987,0.05,1.0,49434,1747.6900099999993,174.76900099999992,11.894206217994462,20.27706791150515,0.5619724895468182,36.8591806736214,16,0.15620827770360482,False,False,False,679,0,0.0,18.21999000000001,0.5138691934590331,0.22257798146846086,0.0,0.0
VCB,BAD,UCB_WITHOUT_VAE_UNCERTAINTY,UCB-VAE without VAE uncertainty,53,22,test,0.12173667712083987,0.05,1.0,49434,50.930590000000166,5.093059000000016,2.5236501694857916,23.752079087681068,0.14039861671291606,31.401193160285224,1,0.09236947791164658,False,False,False,67,0,0.0,4.6094100000000005,0.9169633901171488,0.31651837938281907,0.0,0.0
VCB,BAD,UCB_WITHOUT_VAE_UNCERTAINTY,UCB-VAE without VAE uncertainty,53,23,train,0.11012098398984942,0.05,1.0,51681,1709.595389999999,170.9595389999999,11.72064629738896,20.156495142016418,0.5563569308881001,36.727492379806705,16,0.17000445037828216,False,False,False,696,0,0.0,18.86461,0.5097158063134662,0.2210251314936079,0.0,0.0
VCB,BAD,UCB_WITHOUT_VAE_UNCERTAINTY,UCB-VAE without VAE uncertainty,53,23,test,0.11012098398984942,0.05,1.0,51681,36.395910000000185,3.6395910000000185,1.809781020838086,23.818935992332648,0.11111010182650458,31.401193160285224,1,0.09036144578313253,False,False,False,76,0,0.0,5.224090000000001,0.9213779258028783,0.31555831620851194,0.0,0.0
VCB,BAD,UCB_WITHOUT_VAE_UNCERTAINTY,UCB-VAE without VAE uncertainty,53,24,train,0.1,0.05,1.0,53928,1704.732109999999,170.4732109999999,11.698333204024735,20.083471994368637,0.5566326912334074,36.789336093450515,15,0.1780151312861593,False,False,False,710,0,0.0,19.527890000000003,0.5087416182302726,0.21996918180729477,0.0,0.0
VCB,BAD,UCB_WITHOUT_VAE_UNCERTAINTY,UCB-VAE without VAE uncertainty,53,24,test,0.1,0.05,1.0,53928,38.95683000000008,3.895683000000008,1.9359206514152572,23.81890483123118,0.11634922705452658,31.401193160285224,1,0.09036144578313253,False,False,False,79,0,0.0,5.46317,0.920606266875439,0.31432585343419306,0.0,0.0
VCB,BAD,UCB_WITHOUT_VAE_UNCERTAINTY,UCB-VAE without VAE uncertainty,53,25,train,0.1,0.05,1.0,56175,1645.5145799999987,164.55145799999985,11.42373898923097,19.79637790404814,0.5492611625244791,36.20424612660672,14,0.17890520694259013,False,False,False,721,0,0.0,20.235420000000012,0.504174896990749,0.21849804211774296,0.0,0.0
VCB,BAD,UCB_WITHOUT_VAE_UNCERTAINTY,UCB-VAE without VAE uncertainty,53,25,test,0.1,0.05,1.0,56175,38.03766000000019,3.8037660000000186,1.8906642319179712,23.758018972264132,0.11413463657199283,31.401193160285224,1,0.08634538152610442,False,False,False,85,0,0.0,5.892339999999998,0.9189378518959841,0.31293582655938273,0.0,0.0
VCB,BAD,UCB_WITHOUT_VAE_UNCERTAINTY,UCB-VAE without VAE uncertainty,53,26,train,0.1,0.05,1.0,58422,1669.5773999999992,166.95773999999992,11.535971818552525,19.77244492243777,0.5548260027168668,35.81264990238894,14,0.17757009345794392,False,False,False,740,0,0.0,20.882600000000007,0.5036372698382583,0.21726163705826654,0.0,0.0
VCB,BAD,UCB_WITHOUT_VAE_UNCERTAINTY,UCB-VAE without VAE uncertainty,53,26,test,0.1,0.05,1.0,58422,52.530910000000176,5.253091000000017,2.601948235396523,23.72243319538172,0.1435092434092016,31.401193160285224,1,0.08634538152610442,False,False,False,88,0,0.0,6.12909,0.915627028943428,0.3112058977345865,0.0,0.0
VCB,BAD,UCB_WITHOUT_VAE_UNCERTAINTY,UCB-VAE without VAE uncertainty,53,27,train,0.1,0.05,1.0,60669,1601.0011199999994,160.10011199999994,11.213707828657382,19.750366737886473,0.5404719820241094,37.3328417070322,15,0.17979528259902092,False,False,False,760,0,0.0,21.478880000000004,0.5032384086833297,0.21557623395654005,0.0,0.0
VCB,BAD,UCB_WITHOUT_VAE_UNCERTAINTY,UCB-VAE without VAE uncertainty,53,27,test,0.1,0.05,1.0,60669,56.85411000000022,5.685411000000022,2.813171220785171,23.698878408601292,0.15217466065099103,31.401193160285224,1,0.08634538152610442,False,False,False,88,0,0.0,6.12589,0.9139501520417699,0.3096885538424354,0.0,0.0
VCB,BAD,UCB_WITHOUT_VAE_UNCERTAINTY,UCB-VAE without VAE uncertainty,53,28,train,0.1,0.05,1.0,62916,1514.0084200000001,151.400842,10.793851854984382,19.474730038931515,0.5257551640919843,37.15799466126411,15,0.17712505562972852,False,False,False,771,0,0.0,21.931580000000007,0.49564938640062056,0.21415630858648496,0.0,0.0
VCB,BAD,UCB_WITHOUT_VAE_UNCERTAINTY,UCB-VAE without VAE uncertainty,53,28,test,0.1,0.05,1.0,62916,54.68113000000017,5.468113000000017,2.7070576497333576,24.175297657083995,0.1495849710721593,31.953455564071415,1,0.08634538152610442,False,False,False,91,0,0.0,6.3188699999999995,0.9271689942721869,0.3090945953824913,0.0,0.0
VCB,BAD,UCB_WITHOUT_VAE_UNCERTAINTY,UCB-VAE without VAE uncertainty,53,29,train,0.1,0.05,1.0,65163,1449.26739,144.926739,10.472924613689694,19.255214978198765,0.5143347077552851,35.673816116516505,14,0.19359145527369825,False,False,False,802,0,0.0,22.992609999999992,0.49273117016317086,0.212824628917599,0.0,0.0
VCB,BAD,UCB_WITHOUT_VAE_UNCERTAINTY,UCB-VAE without VAE uncertainty,53,29,test,0.1,0.05,1.0,65163,33.87232000000017,3.387232000000017,1.685328080391657,24.009998097434945,0.10697434110291898,31.953455564071415,1,0.08634538152610442,False,False,False,97,0,0.0,6.817679999999999,0.9170527975331499,0.30725862983479557,0.0,0.0
VCB,BAD,UCB_WITHOUT_VAE_UNCERTAINTY,UCB-VAE without VAE uncertainty,53,30,train,0.1,0.05,1.0,67410,1534.5120200000001,153.45120200000002,10.893958988418472,19.8196651057129,0.5245759252902722,35.81094867411245,14,0.1864708500222519,False,False,False,815,0,0.0,23.29798,0.5416292109418092,0.2127029091504398,0.0,0.0
VCB,BAD,UCB_WITHOUT_VAE_UNCERTAINTY,UCB-VAE without VAE uncertainty,53,30,test,0.1,0.05,1.0,67410,33.87232000000017,3.387232000000017,1.685328080391657,24.009998097434945,0.10697434110291898,31.953455564071415,1,0.08634538152610442,False,False,False,97,0,0.0,6.817679999999999,0.9170527975331499,0.305936758387759,0.0,0.0
VCB,BAD,UCB_WITHOUT_VAE_UNCERTAINTY,UCB-VAE without VAE uncertainty,53,31,train,0.1,0.05,1.0,69657,1423.6914299999999,142.36914299999998,10.34406095163687,19.137012940902373,0.5101335329835123,34.3278895223212,14,0.18914107699154428,False,False,False,832,0,0.0,24.55857000000001,0.48962061077560054,0.21020122599246294,0.0,0.0
VCB,BAD,UCB_WITHOUT_VAE_UNCERTAINTY,UCB-VAE without VAE uncertainty,53,31,test,0.1,0.05,1.0,69657,38.446050000000014,3.844605000000002,1.910774259458492,23.96224385176492,0.11600771068386971,31.953455564071415,1,0.08634538152610442,False,False,False,97,0,0.0,6.813949999999999,0.9150646266102245,0.304571296795305,0.0,0.0
VCB,BAD,UCB_WITHOUT_VAE_UNCERTAINTY,UCB-VAE without VAE uncertainty,53,32,train,0.1,0.05,1.0,71904,1427.6569099999997,142.76569099999995,10.364119831710706,19.045859442393283,0.5126270223240451,34.226236546545394,13,0.1864708500222519,False,False,False,831,0,0.0,24.413090000000015,0.48893270112119397,0.2089741913494822,0.0,0.0
VCB,BAD,UCB_WITHOUT_VAE_UNCERTAINTY,UCB-VAE without VAE uncertainty,53,32,test,0.1,0.05,1.0,71904,17.76175000000012,1.776175000000012,0.8872283983959006,23.956488552948464,0.07350673987221255,31.953455564071415,1,0.08634538152610442,False,False,False,100,0,0.0,7.038249999999995,0.9193584579691395,0.3035960976318662,0.0,0.0
VCB,BAD,UCB_WITHOUT_VAE_UNCERTAINTY,UCB-VAE without VAE uncertainty,53,33,train,0.1,0.05,1.0,74151,1370.5080199999998,137.05080199999998,10.072181664074154,18.939208907380696,0.5003366559597643,33.44892112692935,12,0.19003115264797507,False,False,False,854,0,0.0,25.20198,0.4865320985094087,0.20781809613141794,0.0,0.0
VCB,BAD,UCB_WITHOUT_VAE_UNCERTAINTY,UCB-VAE without VAE uncertainty,53,33,test,0.1,0.05,1.0,74151,20.218040000000087,2.021804000000009,1.0093149011441982,23.925099097071133,0.07838493083383904,31.953455564071415,1,0.08634538152610442,False,False,False,103,0,0.0,7.2319599999999955,0.918017041192587,0.30231759227423305,0.0,0.0
VCB,BAD,UCB_WITHOUT_VAE_UNCERTAINTY,UCB-VAE without VAE uncertainty,53,34,train,0.1,0.05,1.0,76398,1378.8640799999998,137.886408,10.115255463644068,18.93308182798356,0.5025144101985133,33.4207622699046,12,0.1842456608811749,False,False,False,867,0,0.0,25.685920000000003,0.4864610841168816,0.20675876417661912,0.0,0.0
VCB,BAD,UCB_WITHOUT_VAE_UNCERTAINTY,UCB-VAE without VAE uncertainty,53,34,test,0.1,0.05,1.0,76398,40.38475000000017,4.038475000000017,2.006186425785672,23.955530171531837,0.11990478985448866,31.953455564071415,1,0.08634538152610442,False,False,False,106,0,0.0,7.4152499999999995,0.9191196622120474,0.301188679883279,0.0,0.0
VCB,BAD,UCB_WITHOUT_VAE_UNCERTAINTY,UCB-VAE without VAE uncertainty,53,35,train,0.1,0.05,1.0,78645,1356.8499199999997,135.68499199999997,10.001485487662197,18.74043420516024,0.5001546950164407,33.4470011870837,11,0.17578994214508234,False,False,False,868,0,0.0,25.52008000000001,0.4809895611229807,0.20555577637701497,0.0,0.0
VCB,BAD,UCB_WITHOUT_VAE_UNCERTAINTY,UCB-VAE without VAE uncertainty,53,35,test,0.1,0.05,1.0,78645,40.38475000000017,4.038475000000017,2.006186425785672,23.955530171531837,0.11990478985448866,31.953455564071415,1,0.08634538152610442,False,False,False,106,0,0.0,7.4152499999999995,0.9191196622120474,0.3000069883274266,0.0,0.0
VCB,BAD,UCB_WITHOUT_VAE_UNCERTAINTY,UCB-VAE without VAE uncertainty,53,36,train,0.1,0.05,1.0,80892,1147.9667999999997,114.79667999999997,8.872255448770616,18.483965831788584,0.44818512801124466,33.52797738806747,12,0.14152202937249667,False,False,False,890,0,0.0,26.713200000000015,0.4599048421838341,0.20372144742294795,0.0,0.0
VCB,BAD,UCB_WITHOUT_VAE_UNCERTAINTY,UCB-VAE without VAE uncertainty,53,36,test,0.1,0.05,1.0,80892,42.066550000000234,4.206655000000024,2.0888836485293494,23.94734739854401,0.123276707478932,31.953455564071415,1,0.08634538152610442,False,False,False,109,0,0.0,7.653449999999999,0.9185243328967924,0.29881308703537446,0.0,0.0
VCB,BAD,UCB_WITHOUT_VAE_UNCERTAINTY,UCB-VAE without VAE uncertainty,53,37,train,0.1,0.05,1.0,83139,1113.429219999999,111.34292199999992,8.676208416863096,18.5444841703363,0.43752262220181626,33.40575246498341,11,0.1628838451268358,False,False,False,921,0,0.0,27.720780000000016,0.457494908571934,0.20308189224708753,0.0,0.0
VCB,BAD,UCB_WITHOUT_VAE_UNCERTAINTY,UCB-VAE without VAE uncertainty,53,37,test,0.1,0.05,1.0,83139,29.85447000000022,2.985447000000022,1.4868717047038515,23.332746664414305,0.09473765851027242,31.33197888967672,1,0.08433734939759036,False,False,False,112,0,0.0,7.845529999999995,0.9033767897817913,0.2965973402003208,0.0,0.0
VCB,BAD,UCB_WITHOUT_VAE_UNCERTAINTY,UCB-VAE without VAE uncertainty,53,38,train,0.1,0.05,1.0,85386,1112.8012899999999,111.28012899999999,8.672617790589143,18.568228680763806,0.4370379039309519,33.385346039143805,11,0.17534490431686695,False,False,False,947,0,0.0,28.578710000000004,0.4557265205491596,0.20167881055081427,0.0,0.0
VCB,BAD,UCB_WITHOUT_VAE_UNCERTAINTY,UCB-VAE without VAE uncertainty,53,38,test,0.1,0.05,1.0,85386,32.16453000000001,3.216453000000001,1.6010210992117635,23.314951954880392,0.09946817120542284,31.440643401779045,1,0.08433734939759036,False,False,False,121,0,0.0,8.495469999999994,0.900819524009636,0.2952141960461934,0.0,0.0
VCB,BAD,UCB_WITHOUT_VAE_UNCERTAINTY,UCB-VAE without VAE uncertainty,53,39,train,0.1,0.05,1.0,87633,990.8502899999992,99.0850289999999,7.956617631642415,18.31910778437212,0.40405502685433115,32.388705035514775,11,0.19270137961726747,False,False,False,956,0,0.0,28.739710000000006,0.4494436823955727,0.20021190013509355,0.0,0.0
VCB,BAD,UCB_WITHOUT_VAE_UNCERTAINTY,UCB-VAE without VAE uncertainty,53,39,test,0.1,0.05,1.0,87633,40.345110000000204,4.034511000000021,2.004236450318264,23.39991288535054,0.1170365234961215,31.440643401779045,1,0.0823293172690763,False,False,False,124,0,0.0,8.734889999999998,0.8997347013841643,0.2939867722581189,0.0,0.0
VCB,BAD,UCB_WITHOUT_VAE_UNCERTAINTY,UCB-VAE without VAE uncertainty,53,40,train,0.1,0.05,1.0,89880,994.0695299999993,99.40695299999993,7.976013399982862,18.430586558026032,0.4037204746584074,32.387804446387676,11,0.1909212283044059,False,False,False,977,0,0.0,29.470470000000017,0.45204846540869836,0.1990255158731128,0.0,0.0
VCB,BAD,UCB_WITHOUT_VAE_UNCERTAINTY,UCB-VAE without VAE uncertainty,53,40,test,0.1,0.05,1.0,89880,44.21382000000017,4.421382000000016,2.1943722940458654,23.3747727622138,0.12494458599850075,31.440643401779045,1,0.0823293172690763,False,False,False,124,0,0.0,8.73618,0.8986158671425966,0.29280839950205334,0.0,0.0
VCB,BAD,UCB_WITHOUT_VAE_UNCERTAINTY,UCB-VAE without VAE uncertainty,53,41,train,0.1,0.05,1.0,92127,976.1237299999991,97.6123729999999,7.867533814445382,18.280414632438678,0.3999562241345866,31.919366530741332,11,0.1806853582554517,False,False,False,978,0,0.0,29.62627000000001,0.4497235392191824,0.1979274674719527,0.0,0.0
VCB,BAD,UCB_WITHOUT_VAE_UNCERTAINTY,UCB-VAE without VAE uncertainty,53,41,test,0.1,0.05,1.0,92127,44.21382000000017,4.421382000000016,2.1943722940458654,23.3747727622138,0.12494458599850075,31.440643401779045,1,0.0823293172690763,False,False,False,124,0,0.0,8.73618,0.8986158671425966,0.2916291284273906,0.0,0.0
VCB,BAD,UCB_WITHOUT_VAE_UNCERTAINTY,UCB-VAE without VAE uncertainty,53,42,train,0.1,0.05,1.0,94374,999.3416799999995,99.93416799999996,8.007717823790973,18.21140725825125,0.40797105206396517,31.93634364015144,11,0.19003115264797507,False,False,False,992,0,0.0,30.328320000000016,0.4471397921396167,0.19682648717614348,0.0,0.0
VCB,BAD,UCB_WITHOUT_VAE_UNCERTAINTY,UCB-VAE without VAE uncertainty,53,42,test,0.1,0.05,1.0,94374,47.073430000000144,4.707343000000015,2.334688291831899,23.310867814111617,0.13058245054551154,31.161646727911986,1,0.0823293172690763,False,False,False,127,0,0.0,8.926569999999998,0.8965229142248589,0.2904153144263838,0.0,0.0
VCB,BAD,UCB_WITHOUT_VAE_UNCERTAINTY,UCB-VAE without VAE uncertainty,53,43,train,0.1,0.05,1.0,96621,973.0349299999991,97.3034929999999,7.848774233904798,18.17151659016644,0.40029941344471176,31.971739196212916,11,0.18914107699154428,False,False,False,987,0,0.0,30.05507000000002,0.4472094734046544,0.19587319406950585,0.0,0.0
VCB,BAD,UCB_WITHOUT_VAE_UNCERTAINTY,UCB-VAE without VAE uncertainty,53,43,test,0.1,0.05,1.0,96621,47.073430000000144,4.707343000000015,2.334688291831899,23.310867814111617,0.13058245054551154,31.161646727911986,1,0.0823293172690763,False,False,False,127,0,0.0,8.926569999999998,0.8965229142248589,0.28935686346278133,0.0,0.0
VCB,BAD,UCB_WITHOUT_VAE_UNCERTAINTY,UCB-VAE without VAE uncertainty,53,44,train,0.1,0.05,1.0,98868,994.6551499999989,99.4655149999999,7.9795387404624,18.21713523728048,0.4064594653769749,31.649507352984635,11,0.1602136181575434,False,False,False,1000,0,0.0,30.60485000000002,0.4476446861339655,0.19482956627739448,0.0,0.0
VCB,BAD,UCB_WITHOUT_VAE_UNCERTAINTY,UCB-VAE without VAE uncertainty,53,44,test,0.1,0.05,1.0,98868,136.18581999999992,13.618581999999993,6.615387765473257,21.631023496213782,0.31437912721133204,31.161646727911986,1,0.1686746987951807,False,False,False,141,0,0.0,10.374179999999996,0.6770656078150211,0.2886405967804323,0.0,0.0
VCB,BAD,UCB_WITHOUT_VAE_UNCERTAINTY,UCB-VAE without VAE uncertainty,53,45,train,0.1,0.05,1.0,101115,992.3353899999995,99.23353899999995,7.965568749715368,18.095391697879066,0.4072450393302519,31.07767217257884,11,0.16733422340898976,False,False,False,1003,0,0.0,30.614610000000013,0.44763991395638586,0.19353603483784926,0.0,0.0
VCB,BAD,UCB_WITHOUT_VAE_UNCERTAINTY,UCB-VAE without VAE uncertainty,53,45,test,0.1,0.05,1.0,101115,137.0796499999999,13.70796499999999,6.657460351052835,21.584072799205835,0.31644013013045125,31.15046485038607,1,0.1706827309236948,False,False,False,141,0,0.0,10.370349999999997,0.6753388451821456,0.2875588690660086,0.0,0.0
VCB,BAD,UCB_WITHOUT_VAE_UNCERTAINTY,UCB-VAE without VAE uncertainty,54,1,train,1.0,1.0,1.0,2247,212.06053999999767,21.206053999999767,2.1613999711220355,9.75428148671325,0.06462042747344653,20.172534023132208,1,0.0,False,False,False,2245,0,0.0,159.44945999999982,0.19103890075391147,0.2271584073503547,0.0,0.0
VCB,BAD,UCB_WITHOUT_VAE_UNCERTAINTY,UCB-VAE without VAE uncertainty,54,1,test,1.0,1.0,1.0,2247,-12.509959999999637,-1.2509959999999638,-0.6296145354666938,5.755827635354669,-0.42939810761482744,6.959156725268927,0,0.0,False,False,False,498,0,0.0,81.04995999999997,0.16818423308989303,0.3073027889173194,0.0,0.0
VCB,BAD,UCB_WITHOUT_VAE_UNCERTAINTY,UCB-VAE without VAE uncertainty,54,2,train,0.9045834549972122,0.8,1.0,4494,-14.242209999997954,-1.4242209999997952,-0.15936652884998015,10.330089504639869,-0.1577942652384759,24.03040957120549,1,0.0,False,False,False,2245,0,0.0,161.85220999999996,0.20046555049296724,0.22296242119804932,0.0,0.0
VCB,BAD,UCB_WITHOUT_VAE_UNCERTAINTY,UCB-VAE without VAE uncertainty,54,2,test,0.9045834549972122,0.8,1.0,4494,32.27926000000002,3.2279260000000023,1.606687052039013,5.376876406295328,-0.04615755918752718,6.486256005957348,0,0.0,False,False,False,498,0,0.0,80.83074000000009,0.16424956590975368,0.3009433769677059,0.0,0.0
VCB,BAD,UCB_WITHOUT_VAE_UNCERTAINTY,UCB-VAE without VAE uncertainty,54,3,train,0.8182712270546932,0.6400000000000001,1.0,6741,-12.446840000000066,-1.2446840000000066,-0.13916451489837112,9.68714722821697,-0.17273651102504617,23.13512353562686,1,0.0,False,False,False,2245,0,0.0,162.07683999999992,0.18711392042808855,0.21895500853107303,0.0,0.0
VCB,BAD,UCB_WITHOUT_VAE_UNCERTAINTY,UCB-VAE without VAE uncertainty,54,3,test,0.8182712270546932,0.6400000000000001,1.0,6741,18.05246000000045,1.805246000000045,0.9016853916970158,5.456349999208072,-0.17340697528239005,6.486256005957348,0,0.0,False,False,False,498,0,0.0,80.93754000000011,0.16603831633502902,0.29585856938338184,0.0,0.0
VCB,BAD,UCB_WITHOUT_VAE_UNCERTAINTY,UCB-VAE without VAE uncertainty,54,4,train,0.7401946136939427,0.5120000000000001,1.0,8988,-4.385880000001521,-0.438588000000152,-0.04886069062012277,10.166665001474563,-0.15097742327661168,25.342695304735685,1,0.0,False,False,False,2244,0,0.0,161.70588,0.19278075642563397,0.21474347477774647,0.0,0.0
VCB,BAD,UCB_WITHOUT_VAE_UNCERTAINTY,UCB-VAE without VAE uncertainty,54,4,test,0.7401946136939427,0.5120000000000001,1.0,8988,17.039350000000013,1.7039350000000013,0.8512945716667497,5.60773594156011,-0.17621183810158927,5.671999600368941,0,0.0,False,False,False,498,0,0.0,80.3406500000001,0.1633259242944441,0.2912794358160601,0.0,0.0
VCB,BAD,UCB_WITHOUT_VAE_UNCERTAINTY,UCB-VAE without VAE uncertainty,54,5,train,0.6695678010255933,0.4096000000000001,1.0,11235,41.70999999999958,4.1709999999999585,0.45538465453387467,10.31247734245192,-0.09819738164353872,23.48701480149767,1,0.0,False,False,False,2245,0,0.0,162.69000000000003,0.1961146173708415,0.21147222796717802,0.0,0.0
VCB,BAD,UCB_WITHOUT_VAE_UNCERTAINTY,UCB-VAE without VAE uncertainty,54,5,test,0.6695678010255933,0.4096000000000001,1.0,11235,4.124919999999747,0.41249199999997477,0.20674201483392718,5.437615356080266,-0.3023608553159452,4.82089492451556,0,0.0,False,False,False,498,0,0.0,80.46508000000006,0.16069430845143676,0.28806496980080165,0.0,0.0
VCB,BAD,UCB_WITHOUT_VAE_UNCERTAINTY,UCB-VAE without VAE uncertainty,54,6,train,0.6056799548066172,0.3276800000000001,1.0,13482,130.4044700000004,13.040447000000041,1.3722125021497833,10.515684932999097,-0.007157377214298389,23.490413206571358,1,0.0,False,False,False,2243,0,0.0,161.6455299999999,0.20317257838118116,0.2084609803473838,0.0,0.0
VCB,BAD,UCB_WITHOUT_VAE_UNCERTAINTY,UCB-VAE without VAE uncertainty,54,6,test,0.6056799548066172,0.3276800000000001,1.0,13482,-3.951029999999605,-0.39510299999996046,-0.1984254215460668,6.207035908177744,-0.32349186718764084,9.831366453805328,0,0.0,False,False,False,498,0,0.0,80.09103000000007,0.18091794537196176,0.28635480284810544,0.0,0.0
VCB,BAD,UCB_WITHOUT_VAE_UNCERTAINTY,UCB-VAE without VAE uncertainty,54,7,train,0.547888066141525,0.2621440000000001,1.0,15729,-97.70888000000127,-9.770888000000127,-1.1366956249881488,10.887050385230143,-0.2354273892376726,24.44810316493243,1,0.0008900756564307966,False,False,False,2242,0,0.0,163.91887999999977,0.2185452727701463,0.20721819379765244,0.0,0.0
VCB,BAD,UCB_WITHOUT_VAE_UNCERTAINTY,UCB-VAE without VAE uncertainty,54,7,test,0.547888066141525,0.2621440000000001,1.0,15729,-23.659859999999412,-2.3659859999999413,-1.194136680620561,6.097059146927888,-0.49626901163984455,9.831366453805328,0,0.0,False,False,False,498,0,0.0,79.82986000000005,0.17991412963447978,0.283952637519463,0.0,0.0
VCB,BAD,UCB_WITHOUT_VAE_UNCERTAINTY,UCB-VAE without VAE uncertainty,54,8,train,0.49561047982204176,0.20971520000000007,1.0,17976,87.1241399999983,8.71241399999983,0.9331381956503959,11.099614787130994,-0.040526647535421054,22.25983185862726,1,0.0,False,False,False,2242,0,0.0,162.5658599999999,0.23434696048940754,0.20379063009579126,0.0,0.0
VCB,BAD,UCB_WITHOUT_VAE_UNCERTAINTY,UCB-VAE without VAE uncertainty,54,8,test,0.49561047982204176,0.20971520000000007,1.0,17976,-23.045199999999454,-2.3045199999999455,-1.1629328963226992,6.218147098759812,-0.48030822450059785,9.628302423645005,0,0.0,False,False,False,498,0,0.0,80.27520000000004,0.18605074452168976,0.2820929108733633,0.0,0.0
VCB,BAD,UCB_WITHOUT_VAE_UNCERTAINTY,UCB-VAE without VAE uncertainty,54,9,train,0.4483210401702486,0.1677721600000001,1.0,20223,174.032009999999,17.4032009999999,1.799939109806803,11.193264804228972,0.037779709565466654,23.78755276361062,1,0.0,False,False,False,2242,0,0.0,162.05798999999985,0.2400622467453186,0.20178904290206176,0.0,0.0
VCB,BAD,UCB_WITHOUT_VAE_UNCERTAINTY,UCB-VAE without VAE uncertainty,54,9,test,0.4483210401702486,0.1677721600000001,1.0,20223,-51.017709999999965,-5.101770999999997,-2.593036477410504,6.6653577424713175,-0.664280295728493,9.829403071558467,0,0.0,False,False,False,498,0,0.0,80.67771000000005,0.22302648359932364,0.2806710980862499,0.0,0.0
VCB,BAD,UCB_WITHOUT_VAE_UNCERTAINTY,UCB-VAE without VAE uncertainty,54,10,train,0.4055437954651474,0.13421772800000006,1.0,22470,104.0270300000002,10.40270300000002,1.1064341498999264,12.117071409036559,-0.013052668282264356,24.623512054307927,1,0.0017801513128615932,False,False,False,2242,0,0.0,162.23296999999988,0.26585440146304407,0.20036629349669724,0.0,0.0
VCB,BAD,UCB_WITHOUT_VAE_UNCERTAINTY,UCB-VAE without VAE uncertainty,54,10,test,0.4055437954651474,0.13421772800000006,1.0,22470,-86.33715999999993,-8.633715999999993,-4.429105870097205,6.651219374603606,-0.9543261561279253,11.464702093447356,0,0.0,False,False,False,497,0,0.0,80.46716000000006,0.23062071403761,0.2803823731869579,0.0,0.0
VCB,BAD,UCB_WITHOUT_VAE_UNCERTAINTY,UCB-VAE without VAE uncertainty,54,11,train,0.3668482076545458,0.10737418240000006,1.0,24717,323.3605499999967,32.33605499999967,3.164210361873754,12.733307607090808,0.15317343918099396,24.551201409363706,1,0.0,False,False,False,2241,0,0.0,158.56944999999953,0.2846825149053181,0.19799977298254007,0.0,0.0
VCB,BAD,UCB_WITHOUT_VAE_UNCERTAINTY,UCB-VAE without VAE uncertainty,54,11,test,0.3668482076545458,0.10737418240000006,1.0,24717,-94.51524000000018,-9.451524000000019,-4.859257570833286,7.8437542173712735,-0.8562310596475691,12.141413893842325,0,0.0,False,False,False,497,0,0.0,80.53524000000007,0.26058305200536297,0.28015721370896185,0.0,0.0
VCB,BAD,UCB_WITHOUT_VAE_UNCERTAINTY,UCB-VAE without VAE uncertainty,54,12,train,0.3318448191396838,0.08589934592000005,1.0,26964,287.8738700000017,28.78738700000017,2.852892497381121,12.966702543806818,0.12923103513840783,25.479296737607726,2,0.0008900756564307966,False,False,False,2242,0,0.0,160.98612999999975,0.31288404404490533,0.19783250906292896,0.0,0.0
VCB,BAD,UCB_WITHOUT_VAE_UNCERTAINTY,UCB-VAE without VAE uncertainty,54,12,test,0.3318448191396838,0.08589934592000005,1.0,26964,-99.37975000000131,-9.937975000000131,-5.116040290766099,8.776570682249426,-0.7874525278440063,14.73769481950573,0,0.0,False,False,False,498,0,0.0,81.73975000000006,0.2865739389963586,0.2803613928008271,0.0,0.0
VCB,BAD,UCB_WITHOUT_VAE_UNCERTAINTY,UCB-VAE without VAE uncertainty,54,13,train,0.3001813330203001,0.06871947673600004,1.0,29211,494.4521700000014,49.44521700000014,4.568329420323058,13.284230552498203,0.25479198466236563,25.548987739081873,3,0.0008900756564307966,False,False,False,2241,0,0.0,158.36782999999974,0.32677049214022796,0.19627121806436504,0.0,0.0
VCB,BAD,UCB_WITHOUT_VAE_UNCERTAINTY,UCB-VAE without VAE uncertainty,54,13,test,0.3001813330203001,0.06871947673600004,1.0,29211,-31.840549999999553,-3.184054999999955,-1.6103728552642749,8.589795263891926,-0.3805560966558031,10.699192734352119,0,0.0,False,False,False,498,0,0.0,81.80055000000007,0.2779587370376011,0.27858620861088895,0.0,0.0
VCB,BAD,UCB_WITHOUT_VAE_UNCERTAINTY,UCB-VAE without VAE uncertainty,54,14,train,0.27153906734917177,0.054975581388800036,1.0,31458,551.6597900000011,55.16597900000011,5.00600407628673,14.095845907807936,0.2779171676528188,24.50767843046588,3,0.0008900756564307966,False,False,False,2241,0,0.0,156.9702099999998,0.3537170881435637,0.1942585282521774,0.0,0.0
VCB,BAD,UCB_WITHOUT_VAE_UNCERTAINTY,UCB-VAE without VAE uncertainty,54,14,test,0.27153906734917177,0.054975581388800036,1.0,31458,-53.865349999999125,-5.386534999999912,-2.739794169956322,9.112503680250336,-0.4814341194747367,11.230016576276446,0,0.0,False,False,False,498,0,0.0,81.95535000000011,0.305714747864351,0.27805167813617065,0.0,0.0
VCB,BAD,UCB_WITHOUT_VAE_UNCERTAINTY,UCB-VAE without VAE uncertainty,54,15,train,0.24562974770943447,0.05,1.0,33705,415.2188600000004,41.52188600000004,3.936875426556674,14.105213467003736,0.2046827033668826,26.86265747129947,3,0.0,False,False,False,2243,0,0.0,160.6911399999998,0.36702137259683026,0.19438610464984382,0.0,0.0
VCB,BAD,UCB_WITHOUT_VAE_UNCERTAINTY,UCB-VAE without VAE uncertainty,54,15,test,0.24562974770943447,0.05,1.0,33705,-41.70329000000015,-4.170329000000015,-2.114529320884595,9.395977230864961,-0.39531497220489303,12.120948426903052,0,0.0,False,False,False,498,0,0.0,82.71329000000009,0.32030310988561433,0.2773125504693353,0.0,0.0
VCB,BAD,UCB_WITHOUT_VAE_UNCERTAINTY,UCB-VAE without VAE uncertainty,54,16,train,0.2221926058330938,0.05,1.0,35952,613.9570600000015,61.395706000000146,5.466596154059644,14.698043649503918,0.3024836995973512,27.523985525889067,4,0.0,False,False,False,2242,0,0.0,159.94293999999974,0.3967463342603346,0.19303814115182633,0.0,0.0
VCB,BAD,UCB_WITHOUT_VAE_UNCERTAINTY,UCB-VAE without VAE uncertainty,54,16,test,0.2221926058330938,0.05,1.0,35952,-173.15550999999982,-17.31555099999998,-9.098692020461485,11.343139591407498,-0.967550922922821,21.101817482491796,0,0.0,False,False,False,498,0,0.0,82.13551000000008,0.3901776758716676,0.28182767891141786,0.0,0.0
VCB,BAD,UCB_WITHOUT_VAE_UNCERTAINTY,UCB-VAE without VAE uncertainty,54,17,train,0.20099175505933367,0.05,1.0,38199,836.6667500000012,83.66667500000013,6.99335371529326,15.16216599937632,0.39333214971896224,28.606118534543647,1,0.0,False,False,False,2243,0,0.0,158.60324999999978,0.40909276106135634,0.19207114267731223,0.0,0.0
VCB,BAD,UCB_WITHOUT_VAE_UNCERTAINTY,UCB-VAE without VAE uncertainty,54,17,test,0.20099175505933367,0.05,1.0,38199,-159.64903000000027,-15.964903000000028,-8.356714769651042,11.653173937025944,-0.8683260211798384,21.76824865338054,0,0.0,False,False,False,498,0,0.0,82.14903000000011,0.39291105184016883,0.2813521608052005,0.0,0.0
VCB,BAD,UCB_WITHOUT_VAE_UNCERTAINTY,UCB-VAE without VAE uncertainty,54,18,train,0.18181381621752543,0.05,1.0,40446,665.67922,66.567922,5.837147655891561,15.600483283720681,0.31639250157880255,29.547134166966455,2,0.0,False,False,False,2246,0,0.0,159.40077999999983,0.4298158028106868,0.190729610134508,0.0,0.0
VCB,BAD,UCB_WITHOUT_VAE_UNCERTAINTY,UCB-VAE without VAE uncertainty,54,18,test,0.18181381621752543,0.05,1.0,40446,-112.24105000000054,-11.224105000000053,-5.798297768886895,11.940104158116824,-0.6122107379345676,21.262496654969254,0,0.0,False,False,False,498,0,0.0,82.79105000000007,0.41066895691006544,0.2797184930328863,0.0,0.0
VCB,BAD,UCB_WITHOUT_VAE_UNCERTAINTY,UCB-VAE without VAE uncertainty,54,19,train,0.16446577004027732,0.05,1.0,42693,707.9942500000029,70.7994250000003,6.132774040117783,15.630347294968205,0.33410534993450486,30.162391217803208,2,0.0,False,False,False,2244,0,0.0,158.80574999999973,0.43384728520207116,0.19041652967187633,0.0,0.0
VCB,BAD,UCB_WITHOUT_VAE_UNCERTAINTY,UCB-VAE without VAE uncertainty,54,19,test,0.16446577004027732,0.05,1.0,42693,-140.9451400000005,-14.09451400000005,-7.338961921437448,11.80865989178828,-0.7609743733262213,21.70683031448975,0,0.0,False,False,False,498,0,0.0,82.59514000000009,0.41724507580595815,0.27973482111491355,0.0,0.0
VCB,BAD,UCB_WITHOUT_VAE_UNCERTAINTY,UCB-VAE without VAE uncertainty,54,20,train,0.14877301449181102,0.05,1.0,44940,915.6433000000002,91.56433000000001,7.4953749838608585,16.163539601716774,0.4078891171999754,27.157104932845055,3,0.0,False,False,False,2245,0,0.0,158.11669999999972,0.4441440308668448,0.18990470529676917,0.0,0.0
VCB,BAD,UCB_WITHOUT_VAE_UNCERTAINTY,UCB-VAE without VAE uncertainty,54,20,test,0.14877301449181102,0.05,1.0,44940,-113.42495000000008,-11.342495000000008,-5.861347309115916,12.493392472035305,-0.5849868252289555,19.435350105994356,0,0.0,False,False,False,498,0,0.0,82.79495000000004,0.42130238856791646,0.27879579673450156,0.0,0.0
VCB,BAD,UCB_WITHOUT_VAE_UNCERTAINTY,UCB-VAE without VAE uncertainty,54,21,train,0.13457760745935274,0.05,1.0,47187,690.017330000002,69.0017330000002,6.007985873582711,16.252738389258678,0.32003682427361946,31.384264904341723,4,0.0004450378282153983,False,False,False,2244,0,0.0,159.56266999999983,0.4567750604496379,0.18908293913630417,0.0,0.0
VCB,BAD,UCB_WITHOUT_VAE_UNCERTAINTY,UCB-VAE without VAE uncertainty,54,21,test,0.13457760745935274,0.05,1.0,47187,-87.81699999999978,-8.781699999999978,-4.50680007947164,13.284025005144464,-0.43403093144422905,17.55806974726466,0,0.0,False,False,False,498,0,0.0,82.78700000000003,0.4335859396043864,0.2780416734127634,0.0,0.0
VCB,BAD,UCB_WITHOUT_VAE_UNCERTAINTY,UCB-VAE without VAE uncertainty,54,22,train,0.12173667712083987,0.05,1.0,49434,818.8543500000019,81.88543500000019,6.877480528004165,17.094090455622794,0.36076508767739124,28.99177496529846,6,0.0,False,False,False,2244,0,0.0,159.55564999999973,0.474992365828107,0.18818342041441424,0.0,0.0
VCB,BAD,UCB_WITHOUT_VAE_UNCERTAINTY,UCB-VAE without VAE uncertainty,54,22,test,0.12173667712083987,0.05,1.0,49434,-137.60333999999978,-13.760333999999977,-7.158288086065257,13.42866766487246,-0.6392772279871851,21.51313881780701,0,0.0,False,False,False,498,0,0.0,83.02334000000006,0.45755586019729705,0.2788375099320488,0.0,0.0
VCB,BAD,UCB_WITHOUT_VAE_UNCERTAINTY,UCB-VAE without VAE uncertainty,54,23,train,0.11012098398984942,0.05,1.0,51681,923.3923500000014,92.33923500000014,7.543636282709598,16.533485543557777,0.4051895246164542,31.325677327831702,4,0.0,False,False,False,2246,0,0.0,158.3576499999998,0.47326074652616035,0.18736821165019055,0.0,0.0
VCB,BAD,UCB_WITHOUT_VAE_UNCERTAINTY,UCB-VAE without VAE uncertainty,54,23,test,0.11012098398984942,0.05,1.0,51681,-106.54896999999983,-10.654896999999982,-5.495744786662893,13.438050408874666,-0.5056124959935877,17.922536763968903,0,0.0,False,False,False,498,0,0.0,83.21897,0.4577574842896432,0.27671394817321654,0.0,0.0
VCB,BAD,UCB_WITHOUT_VAE_UNCERTAINTY,UCB-VAE without VAE uncertainty,54,24,train,0.1,0.05,1.0,53928,959.7668300000014,95.97668300000014,7.767893424579508,17.294604656728513,0.4070167901343574,28.14536040055819,5,0.0,False,False,False,2246,0,0.0,158.5231699999999,0.48293602776953154,0.18653756289891682,0.0,0.0
VCB,BAD,UCB_WITHOUT_VAE_UNCERTAINTY,UCB-VAE without VAE uncertainty,54,24,test,0.1,0.05,1.0,53928,-122.25865999999974,-12.225865999999975,-6.333124133564228,13.902229435683264,-0.5486384559918428,21.50450924364408,0,0.0,False,False,False,498,0,0.0,82.79866,0.4754498718478992,0.27761231458570107,0.0,0.0
VCB,BAD,UCB_WITHOUT_VAE_UNCERTAINTY,UCB-VAE without VAE uncertainty,54,25,train,0.1,0.05,1.0,56175,1009.4222400000017,100.94222400000017,8.068131624933716,16.86554285822946,0.4296041145344291,27.643559708802496,3,0.0,False,False,False,2246,0,0.0,157.15775999999985,0.48200443002102555,0.18530992046495942,0.0,0.0
VCB,BAD,UCB_WITHOUT_VAE_UNCERTAINTY,UCB-VAE without VAE uncertainty,54,25,test,0.1,0.05,1.0,56175,-122.19859999999971,-12.219859999999972,-6.329908576275023,13.901948708602374,-0.5484033432132269,21.50450924364408,0,0.0,False,False,False,498,0,0.0,82.79860000000001,0.47532891258955284,0.276560672974012,0.0,0.0
VCB,BAD,UCB_WITHOUT_VAE_UNCERTAINTY,UCB-VAE without VAE uncertainty,54,26,train,0.1,0.05,1.0,58422,1163.882510000004,116.38825100000041,8.961656933804374,17.01238306804152,0.47614334358141197,28.095318918052197,3,0.0,False,False,False,2246,0,0.0,157.23748999999992,0.4881703401743609,0.1846627201710906,0.0,0.0
VCB,BAD,UCB_WITHOUT_VAE_UNCERTAINTY,UCB-VAE without VAE uncertainty,54,26,test,0.1,0.05,1.0,58422,-115.32031999999981,-11.532031999999981,-5.962374161933514,13.916752859669462,-0.5192996472479694,21.50450924364408,0,0.0,False,False,False,498,0,0.0,82.80032,0.47683341510313215,0.275480645667597,0.0,0.0
VCB,BAD,UCB_WITHOUT_VAE_UNCERTAINTY,UCB-VAE without VAE uncertainty,54,27,train,0.1,0.05,1.0,60669,999.4619000000012,99.94619000000012,8.008439907819742,17.811056462279993,0.412985576903764,32.31944392209753,4,0.0,False,False,False,2244,0,0.0,157.67809999999977,0.5109871382657333,0.18377967580363758,0.0,0.0
VCB,BAD,UCB_WITHOUT_VAE_UNCERTAINTY,UCB-VAE without VAE uncertainty,54,27,test,0.1,0.05,1.0,60669,-133.55968999999993,-13.355968999999993,-6.94013466431943,14.385190627380611,-0.5710649001018082,23.16574977626236,0,0.0,False,False,False,498,0,0.0,82.6096900000001,0.49367412141418754,0.27556624069031943,0.0,0.0
VCB,BAD,UCB_WITHOUT_VAE_UNCERTAINTY,UCB-VAE without VAE uncertainty,54,28,train,0.1,0.05,1.0,62916,971.0731100000023,97.10731100000022,7.836845717507579,17.79923096223655,0.40414681093170324,32.667393599472625,5,0.0,False,False,False,2246,0,0.0,158.55688999999973,0.5098390787174301,0.18295383832363962,0.0,0.0
VCB,BAD,UCB_WITHOUT_VAE_UNCERTAINTY,UCB-VAE without VAE uncertainty,54,28,test,0.1,0.05,1.0,62916,-128.15939000000003,-12.815939000000004,-6.6495801113714,14.276348000818107,-0.5545013844117792,22.561889074894307,0,0.0,False,False,False,498,0,0.0,82.60939000000012,0.49071768979218816,0.27435534055453226,0.0,0.0
VCB,BAD,UCB_WITHOUT_VAE_UNCERTAINTY,UCB-VAE without VAE uncertainty,54,29,train,0.1,0.05,1.0,65163,972.9894900000022,97.29894900000022,7.848498062914078,17.97023826521454,0.40255855704695465,30.728399638739422,6,0.0008900756564307966,False,False,False,2244,0,0.0,156.22050999999973,0.531842215919215,0.18169402945198163,0.0,0.0
VCB,BAD,UCB_WITHOUT_VAE_UNCERTAINTY,UCB-VAE without VAE uncertainty,54,29,test,0.1,0.05,1.0,65163,-144.64172000000042,-14.464172000000042,-7.539225312625986,14.48239251389116,-0.6112343294558049,22.561889074894307,0,0.0,False,False,False,498,0,0.0,82.02172000000012,0.4963443128606113,0.2738486650478409,0.0,0.0
VCB,BAD,UCB_WITHOUT_VAE_UNCERTAINTY,UCB-VAE without VAE uncertainty,54,30,train,0.1,0.05,1.0,67410,974.9011800000012,97.49011800000012,7.860111872884046,17.961139480767617,0.4033062850599224,30.712064077200885,5,0.0,False,False,False,2244,0,0.0,155.36881999999972,0.5219817660477789,0.1806698117187992,0.0,0.0
VCB,BAD,UCB_WITHOUT_VAE_UNCERTAINTY,UCB-VAE without VAE uncertainty,54,30,test,0.1,0.05,1.0,67410,-68.12862000000018,-6.812862000000018,-3.4782093918152235,14.452243234819544,-0.3129729074476184,18.53540847543488,0,0.0,False,False,False,498,0,0.0,82.49862000000013,0.5058196650453598,0.2716484724218587,0.0,0.0
VCB,BAD,UCB_WITHOUT_VAE_UNCERTAINTY,UCB-VAE without VAE uncertainty,54,31,train,0.1,0.05,1.0,69657,974.403960000001,97.44039600000009,7.857092146911349,17.89561915058347,0.40399611708595745,32.311124620155304,3,0.0,False,False,False,2242,0,0.0,157.01603999999975,0.5178740799473958,0.1804754282494996,0.0,0.0
VCB,BAD,UCB_WITHOUT_VAE_UNCERTAINTY,UCB-VAE without VAE uncertainty,54,31,test,0.1,0.05,1.0,69657,-67.64874000000032,-6.764874000000032,-3.4532746323520658,14.449927387628458,-0.311243599612597,18.53540847543488,0,0.0,False,False,False,498,0,0.0,82.49874000000013,0.5064094752349971,0.27036260277870666,0.0,0.0
VCB,BAD,UCB_WITHOUT_VAE_UNCERTAINTY,UCB-VAE without VAE uncertainty,54,32,train,0.1,0.05,1.0,71904,943.300250000003,94.33002500000029,7.666835470158184,17.9793352580493,0.39305237142885313,32.96310079036769,3,0.0004450378282153983,False,False,False,2243,0,0.0,157.1597499999999,0.5195165821892638,0.17947141304247421,0.0,0.0
VCB,BAD,UCB_WITHOUT_VAE_UNCERTAINTY,UCB-VAE without VAE uncertainty,54,32,test,0.1,0.05,1.0,71904,-101.43807999999967,-10.143807999999966,-5.224901321603747,14.448247778943315,-0.440560840952631,19.12804048453433,0,0.0,False,False,False,498,0,0.0,81.69808000000008,0.5076881530725181,0.26901317402780295,0.0,0.0
VCB,BAD,UCB_WITHOUT_VAE_UNCERTAINTY,UCB-VAE without VAE uncertainty,54,33,train,0.1,0.05,1.0,74151,1011.790570000001,101.1790570000001,8.082286177269694,18.076064681697584,0.4133528635476587,29.70977866531786,5,0.0004450378282153983,False,False,False,2241,0,0.0,156.37942999999987,0.5309386107388095,0.17808782530125375,0.0,0.0
VCB,BAD,UCB_WITHOUT_VAE_UNCERTAINTY,UCB-VAE without VAE uncertainty,54,33,test,0.1,0.05,1.0,74151,-51.51827999999932,-5.151827999999932,-2.61881824244381,14.347707642780863,-0.2539836645345161,18.59167140111808,0,0.0,False,False,False,498,0,0.0,81.38828000000005,0.5107380760876509,0.26727140757692863,0.0,0.0
VCB,BAD,UCB_WITHOUT_VAE_UNCERTAINTY,UCB-VAE without VAE uncertainty,54,34,train,0.1,0.05,1.0,76398,1008.8455700000009,100.8845570000001,8.064682856434713,17.99363634129982,0.41350580177452556,30.000011827086205,3,0.0008900756564307966,False,False,False,2242,0,0.0,155.30442999999983,0.5249157589861089,0.1776549994255842,0.0,0.0
VCB,BAD,UCB_WITHOUT_VAE_UNCERTAINTY,UCB-VAE without VAE uncertainty,54,34,test,0.1,0.05,1.0,76398,-44.619509999999764,-4.461950999999977,-2.264093299955783,14.369009518431433,-0.2278894810752354,18.83822477366618,0,0.0,False,False,False,498,0,0.0,81.27951000000009,0.508454687890532,0.2660458437410224,0.0,0.0
VCB,BAD,UCB_WITHOUT_VAE_UNCERTAINTY,UCB-VAE without VAE uncertainty,54,35,train,0.1,0.05,1.0,78645,980.5602100000019,98.05602100000019,7.894432873623836,17.8733846068285,0.4061910709153629,30.83971991422946,4,0.0004450378282153983,False,False,False,2242,0,0.0,155.49978999999973,0.5325130627400988,0.1761476027803735,0.0,0.0
VCB,BAD,UCB_WITHOUT_VAE_UNCERTAINTY,UCB-VAE without VAE uncertainty,54,35,test,0.1,0.05,1.0,78645,-37.35176999999999,-3.7351769999999984,-1.8917742640145674,14.271700196743186,-0.2035618172242122,18.83822477366618,0,0.0,False,False,False,498,0,0.0,81.22177000000009,0.5073501283469337,0.26501590866281327,0.0,0.0
VCB,BAD,UCB_WITHOUT_VAE_UNCERTAINTY,UCB-VAE without VAE uncertainty,54,36,train,0.1,0.05,1.0,80892,1042.5748300000027,104.25748300000028,8.264936418155933,17.86583364149356,0.42563884168882954,30.7053997782537,4,0.0,False,False,False,2242,0,0.0,155.07516999999967,0.5341544967709867,0.17541524961517818,0.0,0.0
VCB,BAD,UCB_WITHOUT_VAE_UNCERTAINTY,UCB-VAE without VAE uncertainty,54,36,test,0.1,0.05,1.0,80892,-92.98322000000121,-9.298322000000121,-4.778529287283084,15.303375325391706,-0.37653859947447404,28.05493302953327,0,0.0,False,False,False,498,0,0.0,81.55322000000014,0.5095396080180575,0.2657986182465132,0.0,0.0
VCB,BAD,UCB_WITHOUT_VAE_UNCERTAINTY,UCB-VAE without VAE uncertainty,54,37,train,0.1,0.05,1.0,83139,1019.8219800000034,101.98219800000035,8.13017665291409,18.224120769383415,0.4139649167385306,29.887119873127983,7,0.0,False,False,False,2245,0,0.0,155.74801999999974,0.536423277859485,0.17407327295543354,0.0,0.0
VCB,BAD,UCB_WITHOUT_VAE_UNCERTAINTY,UCB-VAE without VAE uncertainty,54,37,test,0.1,0.05,1.0,83139,-28.76143999999954,-2.876143999999954,-1.453501818833458,14.123946844881782,-0.17542262458464092,18.308406158954355,0,0.0,False,False,False,498,0,0.0,81.1114400000001,0.5085995988127966,0.2631803649256986,0.0,0.0
VCB,BAD,UCB_WITHOUT_VAE_UNCERTAINTY,UCB-VAE without VAE uncertainty,54,38,train,0.1,0.05,1.0,85386,1273.2789400000015,127.32789400000016,9.560807243927538,18.66417809059006,0.47956958556564666,33.15185454616504,5,0.0004450378282153983,False,False,False,2240,0,0.0,154.26105999999984,0.543125127556303,0.17304518987629008,0.0,0.0
VCB,BAD,UCB_WITHOUT_VAE_UNCERTAINTY,UCB-VAE without VAE uncertainty,54,38,test,0.1,0.05,1.0,85386,-38.792679999999564,-3.8792679999999566,-1.9654790269438616,14.15948323482896,-0.21171537751870023,19.086049246794488,0,0.0,False,False,False,498,0,0.0,80.86268000000011,0.5073331841114155,0.2626692714940113,0.0,0.0
VCB,BAD,UCB_WITHOUT_VAE_UNCERTAINTY,UCB-VAE without VAE uncertainty,54,39,train,0.1,0.05,1.0,87633,1134.0254400000013,113.40254400000012,8.793459178838091,18.517330631517268,0.4436043352926197,31.30783810883735,6,0.0,False,False,False,2241,0,0.0,154.29455999999965,0.535195772695987,0.17278565614288205,0.0,0.0
VCB,BAD,UCB_WITHOUT_VAE_UNCERTAINTY,UCB-VAE without VAE uncertainty,54,39,test,0.1,0.05,1.0,87633,-96.39256000000012,-9.639256000000012,-4.958273951540604,14.9862121436387,-0.40041422009937505,24.242522970651113,1,0.0,False,False,False,498,0,0.0,80.93256000000005,0.5181679814599011,0.2633715855129751,0.0,0.0
VCB,BAD,UCB_WITHOUT_VAE_UNCERTAINTY,UCB-VAE without VAE uncertainty,54,40,train,0.1,0.05,1.0,89880,1314.8170799999998,131.481708,9.781609619757647,18.87888672554589,0.4869970640349345,33.330430271039106,5,0.0,False,False,False,2242,0,0.0,155.30291999999957,0.5579413297189514,0.17142641472389394,0.0,0.0
VCB,BAD,UCB_WITHOUT_VAE_UNCERTAINTY,UCB-VAE without VAE uncertainty,54,40,test,0.1,0.05,1.0,89880,-134.52309000000014,-13.452309000000016,-6.9920636233959055,15.077181201546674,-0.5417462094550012,24.291313162923135,1,0.0,False,False,False,498,0,0.0,81.1330900000001,0.5228389732225914,0.26281619766151093,0.0,0.0
VCB,BAD,UCB_WITHOUT_VAE_UNCERTAINTY,UCB-VAE without VAE uncertainty,54,41,train,0.1,0.05,1.0,92127,1131.8966500000001,113.189665,8.781387060791236,18.40396415913227,0.44458484992942354,31.2699029070061,5,0.0,False,False,False,2241,0,0.0,154.43334999999962,0.5410856090941041,0.17126033835122995,0.0,0.0
VCB,BAD,UCB_WITHOUT_VAE_UNCERTAINTY,UCB-VAE without VAE uncertainty,54,41,test,0.1,0.05,1.0,92127,-114.4630400000002,-11.446304000000021,-5.916666150279148,15.392283085302777,-0.452291222395356,24.12957851623643,0,0.0,False,False,False,498,0,0.0,81.00304000000007,0.5220896312845262,0.2615187207917612,0.0,0.0
VCB,BAD,UCB_WITHOUT_VAE_UNCERTAINTY,UCB-VAE without VAE uncertainty,54,42,train,0.1,0.05,1.0,94374,1322.6219000000006,132.26219000000006,9.822703845785385,18.514551258782188,0.49493987642007103,31.29033115411416,4,0.0,False,False,False,2243,0,0.0,155.61809999999974,0.5482263630070273,0.17004441640339377,0.0,0.0
VCB,BAD,UCB_WITHOUT_VAE_UNCERTAINTY,UCB-VAE without VAE uncertainty,54,42,test,0.1,0.05,1.0,94374,-188.96516999999983,-18.89651699999998,-9.974908686089258,14.85973488960254,-0.7730473173706507,27.05229749327303,1,0.0,False,False,False,498,0,0.0,80.40517000000013,0.5194764788410631,0.2627117442318713,0.0,0.0
VCB,BAD,UCB_WITHOUT_VAE_UNCERTAINTY,UCB-VAE without VAE uncertainty,54,43,train,0.1,0.05,1.0,96621,1153.1185,115.31184999999999,8.901257760905668,18.44284261943182,0.4500579764770804,30.219954656420136,6,0.0,False,False,False,2239,0,0.0,152.36149999999986,0.5519431441650304,0.16927535442654482,0.0,0.0
VCB,BAD,UCB_WITHOUT_VAE_UNCERTAINTY,UCB-VAE without VAE uncertainty,54,43,test,0.1,0.05,1.0,96621,-190.38167999999985,-19.038167999999985,-10.053829518399326,14.887008565152767,-0.7772964749558154,27.187675439356845,1,0.0,False,False,False,498,0,0.0,80.1316800000001,0.5203780299284589,0.26189223278957197,0.0,0.0
VCB,BAD,UCB_WITHOUT_VAE_UNCERTAINTY,UCB-VAE without VAE uncertainty,54,44,train,0.1,0.05,1.0,98868,1544.2666299999992,154.4266629999999,10.941332616073417,18.51597368571577,0.5500951896168155,31.41709054916025,4,0.0,False,False,False,2243,0,0.0,153.97336999999976,0.5530519819405763,0.16851174204042874,0.0,0.0
VCB,BAD,UCB_WITHOUT_VAE_UNCERTAINTY,UCB-VAE without VAE uncertainty,54,44,test,0.1,0.05,1.0,98868,-185.05811000000062,-18.505811000000065,-9.757582186011982,14.984030488055344,-0.7491638917547737,27.593327586313514,1,0.0,False,False,False,498,0,0.0,79.09811000000006,0.5156096703324956,0.26108706760478306,0.0,0.0
VCB,BAD,UCB_WITHOUT_VAE_UNCERTAINTY,UCB-VAE without VAE uncertainty,54,45,train,0.1,0.05,1.0,101115,1381.373180000001,138.13731800000008,10.12816311424638,18.540769539180836,0.5096143558135398,30.742972645315668,5,0.0,False,False,False,2240,0,0.0,153.25681999999998,0.5577728977063459,0.16759222722021697,0.0,0.0
VCB,BAD,UCB_WITHOUT_VAE_UNCERTAINTY,UCB-VAE without VAE uncertainty,54,45,test,0.1,0.05,1.0,101115,-178.31178000000045,-17.831178000000044,-9.383542610296935,15.357057541201197,-0.7001515448415137,27.101500517873404,1,0.0,False,False,False,498,0,0.0,78.92178000000008,0.5226903356687523,0.2592535937227399,0.0,0.0
VCB,BAD,UCB_WITHOUT_VAE_UNCERTAINTY,UCB-VAE without VAE uncertainty,55,1,train,1.0,1.0,1.0,2247,1748.9763599999987,174.8976359999999,11.900029442419392,22.64472052213496,0.5256792529259179,36.44503762180135,15,0.009790832220738763,False,False,False,1938,0,0.0,75.62363999999984,0.6099166583431898,0.25579610868830865,0.0,0.0
VCB,BAD,UCB_WITHOUT_VAE_UNCERTAINTY,UCB-VAE without VAE uncertainty,55,1,test,1.0,1.0,1.0,2247,192.40402999999878,19.24040299999988,9.230252890933087,16.763124097795355,0.4957480324959576,17.13299886491156,0,0.012048192771084338,False,False,False,388,0,0.0,29.67597000000001,0.5799702166256545,0.3860845058917042,0.0,0.0
VCB,BAD,UCB_WITHOUT_VAE_UNCERTAINTY,UCB-VAE without VAE uncertainty,55,2,train,0.9045834549972122,0.8,1.0,4494,1792.2073000000023,179.22073000000023,12.094338383858293,21.43937085555275,0.5510387938416009,36.2864211715113,13,0.008900756564307966,False,False,False,1950,0,0.0,75.6426999999998,0.5725939076684273,0.2553351874457872,0.0,0.0
VCB,BAD,UCB_WITHOUT_VAE_UNCERTAINTY,UCB-VAE without VAE uncertainty,55,2,test,0.9045834549972122,0.8,1.0,4494,192.40402999999878,19.24040299999988,9.230252890933087,16.763124097795355,0.4957480324959576,17.13299886491156,0,0.012048192771084338,False,False,False,388,0,0.0,29.67597000000001,0.5799702166256545,0.3791622232541023,0.0,0.0
VCB,BAD,UCB_WITHOUT_VAE_UNCERTAINTY,UCB-VAE without VAE uncertainty,55,3,train,0.8182712270546932,0.6400000000000001,1.0,6741,1739.900140000001,173.99001400000012,11.858890118238175,21.272980193369996,0.5437040461386592,36.25325193861356,14,0.008455718736092568,False,False,False,1954,0,0.0,74.8198599999998,0.5653057442190615,0.2535331999136174,0.0,0.0
VCB,BAD,UCB_WITHOUT_VAE_UNCERTAINTY,UCB-VAE without VAE uncertainty,55,3,test,0.8182712270546932,0.6400000000000001,1.0,6741,212.99740999999813,21.299740999999813,10.17268329223484,16.7612902541861,0.5474873299051104,15.115974726987435,0,0.012048192771084338,False,False,False,391,0,0.0,30.062589999999993,0.5748024173476393,0.37430736952158344,0.0,0.0
VCB,BAD,UCB_WITHOUT_VAE_UNCERTAINTY,UCB-VAE without VAE uncertainty,55,4,train,0.7401946136939427,0.5120000000000001,1.0,8988,1463.714750000001,146.3714750000001,10.545189490266216,20.36358876423571,0.5001586123669888,36.4631770273579,11,0.008455718736092568,False,False,False,1982,0,0.0,75.60524999999981,0.5428760910099507,0.2541497720112841,0.0,0.0
VCB,BAD,UCB_WITHOUT_VAE_UNCERTAINTY,UCB-VAE without VAE uncertainty,55,4,test,0.7401946136939427,0.5120000000000001,1.0,8988,217.15874999999824,21.715874999999823,10.362151078046011,16.799701772232055,0.5569471436615724,15.305617375358038,0,0.012048192771084338,False,False,False,387,0,0.0,29.801249999999996,0.5755313711486155,0.3694737485972753,0.0,0.0
VCB,BAD,UCB_WITHOUT_VAE_UNCERTAINTY,UCB-VAE without VAE uncertainty,55,5,train,0.6695678010255933,0.4096000000000001,1.0,11235,1553.1482,155.31482,10.98432609289246,20.885903515102573,0.5119975527474137,36.83953422767281,12,0.00801068090787717,False,False,False,1971,0,0.0,76.08179999999982,0.5537141092366198,0.2499797676980469,0.0,0.0
VCB,BAD,UCB_WITHOUT_VAE_UNCERTAINTY,UCB-VAE without VAE uncertainty,55,5,test,0.6695678010255933,0.4096000000000001,1.0,11235,222.3259199999975,22.232591999999748,10.59696612018637,16.742333667993226,0.5710909440612447,15.146666068900458,0,0.012048192771084338,False,False,False,387,0,0.0,29.80408,0.5719383387778938,0.3646143639542492,0.0,0.0
VCB,BAD,UCB_WITHOUT_VAE_UNCERTAINTY,UCB-VAE without VAE uncertainty,55,6,train,0.6056799548066172,0.3276800000000001,1.0,13482,1521.0466500000011,152.1046650000001,10.828296960658456,20.346872493422868,0.5130952671558383,36.83843322887868,11,0.006675567423230975,False,False,False,1979,0,0.0,75.68334999999982,0.5395756000911668,0.24990292530777086,0.0,0.0
VCB,BAD,UCB_WITHOUT_VAE_UNCERTAINTY,UCB-VAE without VAE uncertainty,55,6,test,0.6056799548066172,0.3276800000000001,1.0,13482,224.62453999999752,22.462453999999752,10.701264818260348,16.739031097581773,0.5768525542464211,15.146666068900458,0,0.012048192771084338,False,False,False,387,0,0.0,29.805459999999997,0.5713520677012327,0.36000085960190936,0.0,0.0
VCB,BAD,UCB_WITHOUT_VAE_UNCERTAINTY,UCB-VAE without VAE uncertainty,55,7,train,0.547888066141525,0.2621440000000001,1.0,15729,1572.872800000002,157.28728000000018,11.079334554548637,19.65066001755334,0.5357622384367822,33.95656143059948,11,0.008455718736092568,False,False,False,1986,0,0.0,76.45719999999982,0.5193072675258946,0.2480658026180853,0.0,0.0
VCB,BAD,UCB_WITHOUT_VAE_UNCERTAINTY,UCB-VAE without VAE uncertainty,55,7,test,0.547888066141525,0.2621440000000001,1.0,15729,224.4246599999974,22.44246599999974,10.692199240813615,16.401221909350514,0.5848042403184748,15.146666068900458,0,0.012048192771084338,False,False,False,387,0,0.0,29.805339999999998,0.5610773189826515,0.35725493382019213,0.0,0.0
VCB,BAD,UCB_WITHOUT_VAE_UNCERTAINTY,UCB-VAE without VAE uncertainty,55,8,train,0.49561047982204176,0.20971520000000007,1.0,17976,1546.723250000001,154.6723250000001,10.953237832888485,19.267535183527453,0.5365914407199521,34.02283337538533,10,0.008455718736092568,False,False,False,1997,0,0.0,76.16674999999982,0.49981446782962324,0.24921432251220924,0.0,0.0
VCB,BAD,UCB_WITHOUT_VAE_UNCERTAINTY,UCB-VAE without VAE uncertainty,55,8,test,0.49561047982204176,0.20971520000000007,1.0,17976,243.30797999999731,24.33079799999973,11.545423152047984,16.30037870406484,0.6349383998727407,15.146666068900458,0,0.012048192771084338,False,False,False,383,0,0.0,29.412020000000002,0.55755806808123,0.3546744401914528,0.0,0.0
VCB,BAD,UCB_WITHOUT_VAE_UNCERTAINTY,UCB-VAE without VAE uncertainty,55,9,train,0.4483210401702486,0.1677721600000001,1.0,20223,1000.8265499999991,100.0826549999999,8.016633776521775,17.363910932423654,0.4194713898082008,32.47328388252823,7,0.006230529595015576,False,False,False,2050,0,0.0,77.12344999999979,0.44157393941125284,0.24992761093813098,0.0,0.0
VCB,BAD,UCB_WITHOUT_VAE_UNCERTAINTY,UCB-VAE without VAE uncertainty,55,9,test,0.4483210401702486,0.1677721600000001,1.0,20223,246.97696999999744,24.697696999999742,11.710451845286629,16.27314506184282,0.6448918672555721,15.155821547393408,0,0.014056224899598393,False,False,False,385,0,0.0,29.513029999999993,0.5562618403018967,0.35197427994515523,0.0,0.0
VCB,BAD,UCB_WITHOUT_VAE_UNCERTAINTY,UCB-VAE without VAE uncertainty,55,10,train,0.4055437954651474,0.13421772800000006,1.0,22470,1373.6696700000025,137.36696700000024,10.088495177705603,19.11933444364154,0.4979857981098792,34.00430997026242,11,0.008900756564307966,False,False,False,2006,0,0.0,76.81032999999982,0.4960265677734774,0.24575129166596935,0.0,0.0
VCB,BAD,UCB_WITHOUT_VAE_UNCERTAINTY,UCB-VAE without VAE uncertainty,55,10,test,0.4055437954651474,0.13421772800000006,1.0,22470,245.8602399999968,24.58602399999968,11.660247727942586,16.155141604058088,0.6456034228436173,14.681334617657612,0,0.014056224899598393,False,False,False,385,0,0.0,29.49976,0.5527775434135024,0.3491921830907404,0.0,0.0
VCB,BAD,UCB_WITHOUT_VAE_UNCERTAINTY,UCB-VAE without VAE uncertainty,55,11,train,0.3668482076545458,0.10737418240000006,1.0,24717,1047.2964899999986,104.72964899999985,8.292734426441385,17.08995594241327,0.43846990205881825,30.55057605666922,6,0.0053404539385847796,False,False,False,2060,0,0.0,77.18350999999977,0.43617573507210955,0.24770616856704142,0.0,0.0
VCB,BAD,UCB_WITHOUT_VAE_UNCERTAINTY,UCB-VAE without VAE uncertainty,55,11,test,0.3668482076545458,0.10737418240000006,1.0,24717,279.16119999999705,27.916119999999705,13.147830997387434,16.28656544769648,0.7236680044501644,14.681334617657612,0,0.014056224899598393,False,False,False,384,0,0.0,29.398799999999987,0.5520028336837304,0.3470486791497732,0.0,0.0
VCB,BAD,UCB_WITHOUT_VAE_UNCERTAINTY,UCB-VAE without VAE uncertainty,55,12,train,0.3318448191396838,0.08589934592000005,1.0,26964,1583.0475900000001,158.30475900000002,11.128091133684936,19.023541538235175,0.5493822048969138,34.143541016380695,10,0.009345794392523364,False,False,False,2010,0,0.0,76.77240999999981,0.4964857147421544,0.24367019363347828,0.0,0.0
VCB,BAD,UCB_WITHOUT_VAE_UNCERTAINTY,UCB-VAE without VAE uncertainty,55,12,test,0.3318448191396838,0.08589934592000005,1.0,26964,278.3203699999974,27.832036999999744,13.110509493098043,16.32309414037466,0.7203851653822985,15.183871777944754,0,0.014056224899598393,False,False,False,384,0,0.0,29.409629999999993,0.5464102948958214,0.3457781907066284,0.0,0.0
VCB,BAD,UCB_WITHOUT_VAE_UNCERTAINTY,UCB-VAE without VAE uncertainty,55,13,train,0.3001813330203001,0.06871947673600004,1.0,29211,1261.1970599999995,126.11970599999995,9.495910956420284,17.860805353073513,0.48954946345343736,33.011808197157464,8,0.007120605251446373,False,False,False,2042,0,0.0,76.59293999999983,0.45574092762896945,0.24535570143791216,0.0,0.0
VCB,BAD,UCB_WITHOUT_VAE_UNCERTAINTY,UCB-VAE without VAE uncertainty,55,13,test,0.3001813330203001,0.06871947673600004,1.0,29211,250.97565999999756,25.097565999999755,11.890034921134074,16.04735354346615,0.661786566209399,16.281942595318267,0,0.014056224899598393,False,False,False,385,0,0.0,29.40434,0.5331783452547373,0.34524357812591344,0.0,0.0
VCB,BAD,UCB_WITHOUT_VAE_UNCERTAINTY,UCB-VAE without VAE uncertainty,55,14,train,0.27153906734917177,0.054975581388800036,1.0,31458,1060.0114799999983,106.00114799999983,8.367309519306998,17.3180666679655,0.43899405233883443,30.878087566643924,5,0.006675567423230975,False,False,False,2070,0,0.0,77.98851999999984,0.44601495296343074,0.2451089405859636,0.0,0.0
VCB,BAD,UCB_WITHOUT_VAE_UNCERTAINTY,UCB-VAE without VAE uncertainty,55,14,test,0.27153906734917177,0.054975581388800036,1.0,31458,250.97565999999756,25.097565999999755,11.890034921134074,16.04735354346615,0.661786566209399,16.281942595318267,0,0.014056224899598393,False,False,False,385,0,0.0,29.40434,0.5331783452547373,0.34356311041427906,0.0,0.0
VCB,BAD,UCB_WITHOUT_VAE_UNCERTAINTY,UCB-VAE without VAE uncertainty,55,15,train,0.24562974770943447,0.05,1.0,33705,1107.7856899999997,110.77856899999996,8.64390351687403,16.880111631952023,0.4611614453435734,30.675761376714878,5,0.0053404539385847796,False,False,False,2078,0,0.0,78.49430999999981,0.42535570085166846,0.24534282293195558,0.0,0.0
VCB,BAD,UCB_WITHOUT_VAE_UNCERTAINTY,UCB-VAE without VAE uncertainty,55,15,test,0.24562974770943447,0.05,1.0,33705,247.87341999999762,24.78734199999976,11.750736767384584,16.046272677054194,0.6539887090513881,16.281942595318267,0,0.014056224899598393,False,False,False,387,0,0.0,29.506580000000003,0.5330111391231406,0.34209716011841135,0.0,0.0
VCB,BAD,UCB_WITHOUT_VAE_UNCERTAINTY,UCB-VAE without VAE uncertainty,55,16,train,0.2221926058330938,0.05,1.0,35952,1071.26732,107.126732,8.432985896482714,16.88450031588608,0.44948192675709486,30.80024871447543,5,0.0053404539385847796,False,False,False,2076,0,0.0,78.1826799999998,0.420759701513521,0.24526090054218644,0.0,0.0
VCB,BAD,UCB_WITHOUT_VAE_UNCERTAINTY,UCB-VAE without VAE uncertainty,55,16,test,0.2221926058330938,0.05,1.0,35952,253.47005999999783,25.347005999999784,12.001914778859412,15.979628401482177,0.670227982905526,16.281942595318267,0,0.014056224899598393,False,False,False,387,0,0.0,29.50994,0.5280649732241958,0.3413892455668335,0.0,0.0
VCB,BAD,UCB_WITHOUT_VAE_UNCERTAINTY,UCB-VAE without VAE uncertainty,55,17,train,0.20099175505933367,0.05,1.0,38199,1152.2007399999998,115.22007399999998,8.896095603767318,16.75042580040304,0.47740611756419454,30.293472424760065,5,0.005785491766800178,False,False,False,2079,0,0.0,77.78925999999979,0.4184011436138377,0.245457511900874,0.0,0.0
VCB,BAD,UCB_WITHOUT_VAE_UNCERTAINTY,UCB-VAE without VAE uncertainty,55,17,test,0.20099175505933367,0.05,1.0,38199,200.7212399999985,20.07212399999985,9.611848408218492,15.822099285914348,0.537762398242903,18.073969866930838,0,0.012048192771084338,False,False,False,398,0,0.0,30.468760000000007,0.5084536593112656,0.3408997681246225,0.0,0.0
VCB,BAD,UCB_WITHOUT_VAE_UNCERTAINTY,UCB-VAE without VAE uncertainty,55,18,train,0.18181381621752543,0.05,1.0,40446,613.363310000002,61.3363310000002,5.462281435819105,13.97796661593403,0.3104168830214702,19.300415730603323,4,0.003115264797507788,False,False,False,2102,0,0.0,78.86668999999978,0.3284701440625587,0.24834246543854885,0.0,0.0
VCB,BAD,UCB_WITHOUT_VAE_UNCERTAINTY,UCB-VAE without VAE uncertainty,55,18,test,0.18181381621752543,0.05,1.0,40446,201.51146999999855,20.151146999999856,9.64803573265689,16.11936349657809,0.5328686418446515,20.194277083100122,0,0.012048192771084338,False,False,False,397,0,0.0,30.408530000000006,0.5131186228799771,0.33853031512364806,0.0,0.0
VCB,BAD,UCB_WITHOUT_VAE_UNCERTAINTY,UCB-VAE without VAE uncertainty,55,19,train,0.16446577004027732,0.05,1.0,42693,680.4010100000037,68.04010100000036,5.940748314441757,14.07388486421457,0.3416885213407811,18.2619126125853,4,0.0035603026257231864,False,False,False,2102,0,0.0,78.7689899999998,0.33315863186718464,0.24771856516931234,0.0,0.0
VCB,BAD,UCB_WITHOUT_VAE_UNCERTAINTY,UCB-VAE without VAE uncertainty,55,19,test,0.16446577004027732,0.05,1.0,42693,219.42625999999882,21.942625999999883,10.465256037356575,15.737668757568951,0.5895417516535838,18.073969866930838,0,0.012048192771084338,False,False,False,400,0,0.0,30.583739999999995,0.5071177991609795,0.33727288931368826,0.0,0.0
VCB,BAD,UCB_WITHOUT_VAE_UNCERTAINTY,UCB-VAE without VAE uncertainty,55,20,train,0.14877301449181102,0.05,1.0,44940,887.4778600000002,88.74778600000002,7.3184857618016075,15.770075066504813,0.40357475330675185,25.505038967953375,5,0.004450378282153983,False,False,False,2104,0,0.0,78.26213999999985,0.3802171526413098,0.246100472326962,0.0,0.0
VCB,BAD,UCB_WITHOUT_VAE_UNCERTAINTY,UCB-VAE without VAE uncertainty,55,20,test,0.14877301449181102,0.05,1.0,44940,234.5865399999982,23.45865399999982,11.152161972875785,15.460706811809866,0.6377635725438783,17.181037527713183,0,0.010040160642570281,False,False,False,402,0,0.0,30.683459999999993,0.5009751655519636,0.33633756296462325,0.0,0.0
VCB,BAD,UCB_WITHOUT_VAE_UNCERTAINTY,UCB-VAE without VAE uncertainty,55,21,train,0.13457760745935274,0.05,1.0,47187,917.2197300000016,91.72197300000016,7.50520707514184,15.819529005086489,0.4139132691124985,26.935020988652614,5,0.004005340453938585,False,False,False,2102,0,0.0,77.52026999999978,0.37517329306579045,0.24614855362592297,0.0,0.0
VCB,BAD,UCB_WITHOUT_VAE_UNCERTAINTY,UCB-VAE without VAE uncertainty,55,21,test,0.13457760745935274,0.05,1.0,47187,233.8355599999977,23.38355599999977,11.11823466304578,15.36544919495331,0.6387547155105904,17.181037527713183,0,0.010040160642570281,False,False,False,403,0,0.0,30.744439999999994,0.4918079402076864,0.33626055062176236,0.0,0.0
VCB,BAD,UCB_WITHOUT_VAE_UNCERTAINTY,UCB-VAE without VAE uncertainty,55,22,train,0.12173667712083987,0.05,1.0,49434,889.8166300000007,88.98166300000007,7.333263092961961,15.494346167129805,0.4088847289505016,25.34891586569934,5,0.004005340453938585,False,False,False,2097,0,0.0,77.67336999999982,0.36507707807002,0.24512992581434656,0.0,0.0
VCB,BAD,UCB_WITHOUT_VAE_UNCERTAINTY,UCB-VAE without VAE uncertainty,55,22,test,0.12173667712083987,0.05,1.0,49434,221.99891999999863,22.199891999999863,10.582120725809707,15.181920224939027,0.6125205757314525,17.65789144708596,0,0.010040160642570281,False,False,False,407,0,0.0,31.091079999999987,0.48125337331024337,0.3354285837237136,0.0,0.0
VCB,BAD,UCB_WITHOUT_VAE_UNCERTAINTY,UCB-VAE without VAE uncertainty,55,23,train,0.11012098398984942,0.05,1.0,51681,876.9713900000011,87.6971390000001,7.251900038051717,15.33139475431566,0.40659159864041844,25.86134686818563,4,0.0035603026257231864,False,False,False,2111,0,0.0,78.2586099999998,0.362544271979522,0.24526349094360206,0.0,0.0
VCB,BAD,UCB_WITHOUT_VAE_UNCERTAINTY,UCB-VAE without VAE uncertainty,55,23,test,0.11012098398984942,0.05,1.0,51681,233.79183999999805,23.379183999999807,11.11625919102499,14.894945375060864,0.6540647188412585,17.18571256613839,0,0.010040160642570281,False,False,False,407,0,0.0,31.098159999999986,0.4716385849898557,0.3347184829503657,0.0,0.0
VCB,BAD,UCB_WITHOUT_VAE_UNCERTAINTY,UCB-VAE without VAE uncertainty,55,24,train,0.1,0.05,1.0,53928,725.1262000000022,72.51262000000021,6.250615120481373,13.576413429109046,0.37082828990122946,17.08308741586939,3,0.004450378282153983,False,False,False,2103,0,0.0,78.91379999999985,0.31952461517112135,0.2452939322519207,0.0,0.0
VCB,BAD,UCB_WITHOUT_VAE_UNCERTAINTY,UCB-VAE without VAE uncertainty,55,24,test,0.1,0.05,1.0,53928,233.10531999999785,23.310531999999785,11.085234463465877,14.88447872889519,0.6525229904431152,17.184356926619056,0,0.010040160642570281,False,False,False,408,0,0.0,31.154679999999992,0.4691017188515379,0.3333469236411723,0.0,0.0
VCB,BAD,UCB_WITHOUT_VAE_UNCERTAINTY,UCB-VAE without VAE uncertainty,55,25,train,0.1,0.05,1.0,56175,667.648080000002,66.7648080000002,5.8510500124397735,13.530781092015973,0.34353615340731636,18.588356996334,3,0.004450378282153983,False,False,False,2105,0,0.0,79.16191999999981,0.3136862868229338,0.24441142321216514,0.0,0.0
VCB,BAD,UCB_WITHOUT_VAE_UNCERTAINTY,UCB-VAE without VAE uncertainty,55,25,test,0.1,0.05,1.0,56175,244.45581999999786,24.445581999999785,11.597078272255978,14.87503529392419,0.6840190196773155,17.31993304095055,0,0.010040160642570281,False,False,False,409,0,0.0,31.38417999999999,0.4666842737684447,0.3321285598787917,0.0,0.0
VCB,BAD,UCB_WITHOUT_VAE_UNCERTAINTY,UCB-VAE without VAE uncertainty,55,26,train,0.1,0.05,1.0,58422,681.4767300000005,68.14767300000005,5.948286740444408,13.407903724482285,0.352361616608972,16.755545874490867,3,0.004005340453938585,False,False,False,2113,0,0.0,79.11326999999982,0.3086011184714529,0.24392638827662072,0.0,0.0
VCB,BAD,UCB_WITHOUT_VAE_UNCERTAINTY,UCB-VAE without VAE uncertainty,55,26,test,0.1,0.05,1.0,58422,244.705669999998,24.4705669999998,11.60831888066598,14.871640206921816,0.6848246941012492,17.296557848824417,0,0.010040160642570281,False,False,False,409,0,0.0,31.38432999999999,0.46472160033396215,0.3302269693179782,0.0,0.0
VCB,BAD,UCB_WITHOUT_VAE_UNCERTAINTY,UCB-VAE without VAE uncertainty,55,27,train,0.1,0.05,1.0,60669,622.4926000000019,62.249260000000184,5.528467602872289,13.02238108068793,0.32817518200120327,16.26860548005892,3,0.0035603026257231864,False,False,False,2099,0,0.0,78.52739999999982,0.2990018395866521,0.2422662032979512,0.0,0.0
VCB,BAD,UCB_WITHOUT_VAE_UNCERTAINTY,UCB-VAE without VAE uncertainty,55,27,test,0.1,0.05,1.0,60669,231.28317999999854,23.128317999999854,11.002847835653483,14.857933715877811,0.6483772118088256,17.438097280130556,0,0.010040160642570281,False,False,False,408,0,0.0,31.156819999999993,0.4624588740184452,0.3283620337884589,0.0,0.0
VCB,BAD,UCB_WITHOUT_VAE_UNCERTAINTY,UCB-VAE without VAE uncertainty,55,28,train,0.1,0.05,1.0,62916,701.9511100000004,70.19511100000004,6.090955922619368,13.1396402909578,0.3671905969012083,16.239950591392258,3,0.003115264797507788,False,False,False,2109,0,0.0,78.38888999999983,0.29879213621458933,0.24380452395095578,0.0,0.0
VCB,BAD,UCB_WITHOUT_VAE_UNCERTAINTY,UCB-VAE without VAE uncertainty,55,28,test,0.1,0.05,1.0,62916,233.36704999999756,23.336704999999753,11.09706339589469,14.261475282963666,0.6753635970342526,14.85399009909118,0,0.012048192771084338,False,False,False,407,0,0.0,31.06294999999999,0.4496123141178751,0.32785992761213617,0.0,0.0
VCB,BAD,UCB_WITHOUT_VAE_UNCERTAINTY,UCB-VAE without VAE uncertainty,55,29,train,0.1,0.05,1.0,65163,691.7756300000001,69.177563,6.0202431656800615,13.019913783439922,0.36421911659979433,16.105932629048933,3,0.0026702269692923898,False,False,False,2111,0,0.0,78.50436999999981,0.29879534242982553,0.24223537034507217,0.0,0.0
VCB,BAD,UCB_WITHOUT_VAE_UNCERTAINTY,UCB-VAE without VAE uncertainty,55,29,test,0.1,0.05,1.0,65163,246.87570999999798,24.687570999999796,11.705900487986654,14.181359387563623,0.7172518812046064,14.83006317884856,0,0.012048192771084338,False,False,False,408,0,0.0,31.29428999999999,0.44322937261196566,0.32703474244798525,0.0,0.0
VCB,BAD,UCB_WITHOUT_VAE_UNCERTAINTY,UCB-VAE without VAE uncertainty,55,30,train,0.1,0.05,1.0,67410,668.4816600000015,66.84816600000015,5.856931625445894,13.040815607524022,0.35191405555147515,16.996589855429388,2,0.003115264797507788,False,False,False,2112,0,0.0,78.66833999999983,0.294523035636198,0.2408391493602652,0.0,0.0
VCB,BAD,UCB_WITHOUT_VAE_UNCERTAINTY,UCB-VAE without VAE uncertainty,55,30,test,0.1,0.05,1.0,67410,249.52411999999777,24.952411999999775,11.824878682399032,14.17676758990617,0.725015241878585,14.83006317884856,0,0.012048192771084338,False,False,False,408,0,0.0,31.295879999999986,0.4426542235684351,0.32476828375973377,0.0,0.0
VCB,BAD,UCB_WITHOUT_VAE_UNCERTAINTY,UCB-VAE without VAE uncertainty,55,31,train,0.1,0.05,1.0,69657,700.4560799999999,70.04560799999999,6.080590055453894,12.906108373497913,0.3707415782418074,15.672484939558476,2,0.0026702269692923898,False,False,False,2121,0,0.0,79.40391999999979,0.29372036643614124,0.2403977178849535,0.0,0.0
VCB,BAD,UCB_WITHOUT_VAE_UNCERTAINTY,UCB-VAE without VAE uncertainty,55,31,test,0.1,0.05,1.0,69657,257.2888799999978,25.728887999999777,12.172983357759115,13.844122574924956,0.7616960030755962,12.519827607987239,0,0.010040160642570281,False,False,False,409,0,0.0,31.391119999999983,0.4361808359949054,0.32347686855070085,0.0,0.0
VCB,BAD,UCB_WITHOUT_VAE_UNCERTAINTY,UCB-VAE without VAE uncertainty,55,32,train,0.1,0.05,1.0,71904,598.522630000002,59.85226300000019,5.353974645408721,12.422839733062249,0.3243963088571679,19.393210052766403,1,0.0075656430796617715,False,False,False,2108,0,0.0,79.30736999999988,0.2830219588633266,0.2385365453312065,0.0,0.0
VCB,BAD,UCB_WITHOUT_VAE_UNCERTAINTY,UCB-VAE without VAE uncertainty,55,32,test,0.1,0.05,1.0,71904,250.02614999999787,25.00261499999979,11.847417900253653,13.701860465385407,0.7467200961180036,14.122635617259933,0,0.010040160642570281,False,False,False,412,0,0.0,31.683849999999993,0.4310342157635412,0.32157527810957537,0.0,0.0
VCB,BAD,UCB_WITHOUT_VAE_UNCERTAINTY,UCB-VAE without VAE uncertainty,55,33,train,0.1,0.05,1.0,74151,604.9930900000029,60.49930900000029,5.4013052655548455,12.328276887997246,0.3296147049517994,19.453707367867075,1,0.007120605251446373,False,False,False,2109,0,0.0,79.49690999999986,0.2805680517842305,0.23725461415717694,0.0,0.0
VCB,BAD,UCB_WITHOUT_VAE_UNCERTAINTY,UCB-VAE without VAE uncertainty,55,33,test,0.1,0.05,1.0,74151,250.02614999999787,25.00261499999979,11.847417900253653,13.701860465385407,0.7467200961180036,14.122635617259933,0,0.010040160642570281,False,False,False,412,0,0.0,31.683849999999993,0.4310342157635412,0.3190923207495586,0.0,0.0
VCB,BAD,UCB_WITHOUT_VAE_UNCERTAINTY,UCB-VAE without VAE uncertainty,55,34,train,0.1,0.05,1.0,76398,632.8874800000019,63.2887480000002,5.603427318881771,12.388578853484386,0.34421542183870946,18.847338893815593,1,0.007120605251446373,False,False,False,2112,0,0.0,79.65251999999981,0.2828437496482819,0.235858601214995,0.0,0.0
VCB,BAD,UCB_WITHOUT_VAE_UNCERTAINTY,UCB-VAE without VAE uncertainty,55,34,test,0.1,0.05,1.0,76398,252.55936999999813,25.25593699999981,11.961081004131113,13.903837468772732,0.7452907092107903,12.453895256325474,0,0.010040160642570281,False,False,False,409,0,0.0,31.730629999999994,0.43502002442873716,0.3170827534722995,0.0,0.0
VCB,BAD,UCB_WITHOUT_VAE_UNCERTAINTY,UCB-VAE without VAE uncertainty,55,35,train,0.1,0.05,1.0,78645,597.6664200000016,59.76664200000016,5.3476988224671285,11.921184144848864,0.3324914741485938,14.109515113410994,1,0.006675567423230975,False,False,False,2117,0,0.0,79.55357999999988,0.26988361272950645,0.23541418503112777,0.0,0.0
VCB,BAD,UCB_WITHOUT_VAE_UNCERTAINTY,UCB-VAE without VAE uncertainty,55,35,test,0.1,0.05,1.0,78645,251.29215999999815,25.129215999999815,11.9042368632027,13.93279311592927,0.7403461976492098,11.34714789942503,0,0.012048192771084338,False,False,False,409,0,0.0,31.707839999999994,0.43311776197766894,0.3153682910354741,0.0,0.0
VCB,BAD,UCB_WITHOUT_VAE_UNCERTAINTY,UCB-VAE without VAE uncertainty,55,36,train,0.1,0.05,1.0,80892,607.9019600000022,60.79019600000022,5.422528054091491,12.17690142219508,0.33386590690888424,19.211830460845412,1,0.004895416110369382,False,False,False,2118,0,0.0,79.99803999999985,0.2771580584759979,0.23349389976324056,0.0,0.0
VCB,BAD,UCB_WITHOUT_VAE_UNCERTAINTY,UCB-VAE without VAE uncertainty,55,36,test,0.1,0.05,1.0,80892,282.9774499999985,28.297744999999853,13.317067550806595,13.913879051691955,0.8321414093905523,10.293797997131524,0,0.010040160642570281,False,False,False,408,0,0.0,31.632549999999988,0.4338468218927707,0.3137060069295776,0.0,0.0
VCB,BAD,UCB_WITHOUT_VAE_UNCERTAINTY,UCB-VAE without VAE uncertainty,55,37,train,0.1,0.05,1.0,83139,580.0280800000048,58.002808000000485,5.21774414320495,12.18628709462813,0.3176111832641524,18.716429051414302,2,0.004895416110369382,False,False,False,2113,0,0.0,79.68191999999978,0.2742579930221916,0.23291834241875978,0.0,0.0
VCB,BAD,UCB_WITHOUT_VAE_UNCERTAINTY,UCB-VAE without VAE uncertainty,55,37,test,0.1,0.05,1.0,83139,278.17496999999867,27.817496999999868,13.104054455018609,13.96265460405809,0.8161205026447355,10.712213595092066,0,0.010040160642570281,False,False,False,410,0,0.0,31.73502999999999,0.4338176537618222,0.3119433825334392,0.0,0.0
VCB,BAD,UCB_WITHOUT_VAE_UNCERTAINTY,UCB-VAE without VAE uncertainty,55,38,train,0.1,0.05,1.0,85386,569.0103100000015,56.901031000000145,5.135912284957045,12.001984334483963,0.31408612857192936,19.80165983326132,1,0.004895416110369382,False,False,False,2107,0,0.0,79.43968999999987,0.26849770597683026,0.23145003822720417,0.0,0.0
VCB,BAD,UCB_WITHOUT_VAE_UNCERTAINTY,UCB-VAE without VAE uncertainty,55,38,test,0.1,0.05,1.0,85386,224.1541699999991,22.415416999999913,10.679929965483726,13.46628029266661,0.6788019612622324,11.613334279421741,0,0.010040160642570281,False,False,False,411,0,0.0,31.78583,0.41727075906487077,0.310590971425834,0.0,0.0
VCB,BAD,UCB_WITHOUT_VAE_UNCERTAINTY,UCB-VAE without VAE uncertainty,55,39,train,0.1,0.05,1.0,87633,618.7499800000028,61.87499800000028,5.501374227551303,12.238903575654202,0.338954406094848,18.677329816713904,2,0.004895416110369382,False,False,False,2113,0,0.0,80.0700199999998,0.2753746802316066,0.22988022003085762,0.0,0.0
VCB,BAD,UCB_WITHOUT_VAE_UNCERTAINTY,UCB-VAE without VAE uncertainty,55,39,test,0.1,0.05,1.0,87633,224.15416999999866,22.415416999999866,10.679929965483703,13.466228267587892,0.6788040619848276,11.613334279421762,0,0.010040160642570281,False,False,False,411,0,0.0,31.78583,0.41594425543076263,0.30837068195084494,0.0,0.0
VCB,BAD,UCB_WITHOUT_VAE_UNCERTAINTY,UCB-VAE without VAE uncertainty,55,40,train,0.1,0.05,1.0,89880,647.2455700000041,64.72455700000042,5.706272094182774,12.21966709297505,0.355294485485859,19.467072226299216,1,0.004895416110369382,False,False,False,2116,0,0.0,80.47442999999977,0.2760367662864383,0.2285845569659457,0.0,0.0
VCB,BAD,UCB_WITHOUT_VAE_UNCERTAINTY,UCB-VAE without VAE uncertainty,55,40,test,0.1,0.05,1.0,89880,221.17742999999882,22.11774299999988,10.544817363765846,13.510525083642754,0.6679056077623555,11.505038477596678,0,0.010040160642570281,False,False,False,411,0,0.0,31.73257,0.41953116806698476,0.305702601899823,0.0,0.0
VCB,BAD,UCB_WITHOUT_VAE_UNCERTAINTY,UCB-VAE without VAE uncertainty,55,41,train,0.1,0.05,1.0,92127,583.4149900000048,58.341499000000475,5.242797696627877,12.21202499465885,0.31913122107991915,21.712024188490673,1,0.0053404539385847796,False,False,False,2105,0,0.0,80.19500999999988,0.2753034388573555,0.2257700053171736,0.0,0.0
VCB,BAD,UCB_WITHOUT_VAE_UNCERTAINTY,UCB-VAE without VAE uncertainty,55,41,test,0.1,0.05,1.0,92127,221.17742999999882,22.11774299999988,10.544817363765846,13.51059863527583,0.6679027087231708,11.505038477596656,0,0.010040160642570281,False,False,False,411,0,0.0,31.73257,0.4200045666213432,0.3032646429646446,0.0,0.0
VCB,BAD,UCB_WITHOUT_VAE_UNCERTAINTY,UCB-VAE without VAE uncertainty,55,42,train,0.1,0.05,1.0,94374,570.4694200000024,57.04694200000024,5.146778761786086,12.24756438490308,0.31106401578263304,20.801765557871306,2,0.00801068090787717,False,False,False,2103,0,0.0,80.33057999999983,0.2755218163495538,0.22342176067269426,0.0,0.0
VCB,BAD,UCB_WITHOUT_VAE_UNCERTAINTY,UCB-VAE without VAE uncertainty,55,42,test,0.1,0.05,1.0,94374,222.39963999999873,22.239963999999873,10.6003126433748,13.495027406037211,0.672270783329828,11.384638772365674,0,0.012048192771084338,False,False,False,410,0,0.0,31.64036,0.41921473786216623,0.30083343844456845,0.0,0.0
VCB,BAD,UCB_WITHOUT_VAE_UNCERTAINTY,UCB-VAE without VAE uncertainty,55,43,train,0.1,0.05,1.0,96621,567.9788800000022,56.79788800000022,5.128225463218494,11.987490658749314,0.3137836326208529,15.776955668701204,2,0.006230529595015576,False,False,False,2102,0,0.0,80.42111999999982,0.2741701552808917,0.22121276291320205,0.0,0.0
VCB,BAD,UCB_WITHOUT_VAE_UNCERTAINTY,UCB-VAE without VAE uncertainty,55,43,test,0.1,0.05,1.0,96621,258.8829199999982,25.88829199999982,12.244313672526896,13.589601915015153,0.7781124436214424,11.102998169480394,0,0.012048192771084338,False,False,False,413,0,0.0,32.377079999999985,0.41703574190176596,0.299313456867354,0.0,0.0
VCB,BAD,UCB_WITHOUT_VAE_UNCERTAINTY,UCB-VAE without VAE uncertainty,55,44,train,0.1,0.05,1.0,98868,616.4358200000022,61.64358200000022,5.484593814316607,12.388324007950926,0.33503399871637324,20.23639663717148,2,0.0053404539385847796,False,False,False,2110,0,0.0,81.34417999999977,0.2790119577687953,0.2209237930101716,0.0,0.0
VCB,BAD,UCB_WITHOUT_VAE_UNCERTAINTY,UCB-VAE without VAE uncertainty,55,44,test,0.1,0.05,1.0,98868,259.8934099999983,25.989340999999833,12.28950790835599,13.825321011176495,0.7701207336018294,11.22041105651924,0,0.012048192771084338,False,False,False,411,0,0.0,32.396589999999996,0.4264340480872402,0.29616148120547875,0.0,0.0
VCB,BAD,UCB_WITHOUT_VAE_UNCERTAINTY,UCB-VAE without VAE uncertainty,55,45,train,0.1,0.05,1.0,101115,511.39122000000066,51.13912200000007,4.699454107900047,12.001881702679364,0.2791283440374409,21.96856724776664,1,0.004895416110369382,False,False,False,2096,0,0.0,80.19877999999976,0.26631105756724144,0.21878180250319895,0.0,0.0
VCB,BAD,UCB_WITHOUT_VAE_UNCERTAINTY,UCB-VAE without VAE uncertainty,55,45,test,0.1,0.05,1.0,101115,202.54263999999807,20.254263999999807,9.695238691087171,14.101169187489374,0.5905079133711624,14.012459543611635,0,0.014056224899598393,False,False,False,406,0,0.0,32.53736,0.43022201016554396,0.2930855870127199,0.0,0.0
VCB,BAD,UCB_WITHOUT_VAE_UNCERTAINTY,UCB-VAE without VAE uncertainty,56,1,train,1.0,1.0,1.0,2247,-11.259279999999421,-1.125927999999942,-0.12581968181909486,5.570561331481356,-0.35400035136791147,15.764999664583687,0,0.0,False,False,False,2247,0,0.0,118.61927999999973,0.11180669254608283,0.22742698417539645,0.0,0.0
VCB,BAD,UCB_WITHOUT_VAE_UNCERTAINTY,UCB-VAE without VAE uncertainty,56,1,test,1.0,1.0,1.0,2247,17.856260000001157,1.7856260000001158,0.8919286015260042,6.674431349668673,-0.13232025681300405,6.737183538549549,0,0.0,False,False,False,498,0,0.0,48.98374,0.16475665515110907,0.28134690464500445,0.0,0.0
VCB,BAD,UCB_WITHOUT_VAE_UNCERTAINTY,UCB-VAE without VAE uncertainty,56,2,train,0.9045834549972122,0.8,1.0,4494,6.863589999999931,0.6863589999999931,0.07608257058622225,5.479887889600987,-0.3235914707516164,14.68482139705744,0,0.0,False,False,False,2247,0,0.0,119.45640999999966,0.1133171216475756,0.222248451407082,0.0,0.0
VCB,BAD,UCB_WITHOUT_VAE_UNCERTAINTY,UCB-VAE without VAE uncertainty,56,2,test,0.9045834549972122,0.8,1.0,4494,38.06689000000142,3.806689000000142,1.8921037127867857,6.532832955684695,0.015755145964729364,5.516643067132088,0,0.0,False,False,False,498,0,0.0,48.47310999999999,0.17224227468196202,0.2758272576583437,0.0,0.0
VCB,BAD,UCB_WITHOUT_VAE_UNCERTAINTY,UCB-VAE without VAE uncertainty,56,3,train,0.8182712270546932,0.6400000000000001,1.0,6741,-76.39490000000046,-7.639490000000046,-0.8797199703358127,5.6094885155875325,-0.4873839016108673,17.516955154963533,0,0.0,False,False,False,2247,0,0.0,117.10489999999976,0.11601466101122049,0.21754143315126592,0.0,0.0
VCB,BAD,UCB_WITHOUT_VAE_UNCERTAINTY,UCB-VAE without VAE uncertainty,56,3,test,0.8182712270546932,0.6400000000000001,1.0,6741,34.04383000000007,3.4043830000000073,1.6937910295132808,6.722624252402623,-0.01202716197306939,5.886844167057096,0,0.0,False,False,False,498,0,0.0,48.856169999999985,0.18435699961054627,0.2706492930710555,0.0,0.0
VCB,BAD,UCB_WITHOUT_VAE_UNCERTAINTY,UCB-VAE without VAE uncertainty,56,4,train,0.7401946136939427,0.5120000000000001,1.0,8988,-113.27913000000126,-11.327913000000125,-1.3278538823224162,5.555831882810708,-0.5749026476775659,19.441077208817504,0,0.0,False,False,False,2247,0,0.0,118.09912999999975,0.11623517538859283,0.21328284111641543,0.0,0.0
VCB,BAD,UCB_WITHOUT_VAE_UNCERTAINTY,UCB-VAE without VAE uncertainty,56,4,test,0.7401946136939427,0.5120000000000001,1.0,8988,43.16632000000027,4.316632000000027,2.1429254187018465,6.830383816140255,0.054313870685002985,6.565086715047465,0,0.0,False,False,False,498,0,0.0,48.243679999999976,0.19368173671857974,0.2661399302712406,0.0,0.0
VCB,BAD,UCB_WITHOUT_VAE_UNCERTAINTY,UCB-VAE without VAE uncertainty,56,5,train,0.6695678010255933,0.4096000000000001,1.0,11235,-121.29192000000194,-12.129192000000193,-1.4273936839271362,5.5977771636548646,-0.5883581468039437,20.371102916602936,0,0.0,False,False,False,2247,0,0.0,119.2219199999998,0.11941845848670726,0.20953116957869167,0.0,0.0
VCB,BAD,UCB_WITHOUT_VAE_UNCERTAINTY,UCB-VAE without VAE uncertainty,56,5,test,0.6695678010255933,0.4096000000000001,1.0,11235,62.75668999999971,6.275668999999971,3.1008656128340917,7.025774878243486,0.18873998539636225,6.342136582435942,0,0.0,False,False,False,498,0,0.0,48.743309999999994,0.1994264306503312,0.26180609142086114,0.0,0.0
VCB,BAD,UCB_WITHOUT_VAE_UNCERTAINTY,UCB-VAE without VAE uncertainty,56,6,train,0.6056799548066172,0.3276800000000001,1.0,13482,18.140409999998838,1.8140409999998837,0.2000904644738455,6.078255428327646,-0.26551771478417685,15.102126820283681,0,0.0,False,False,False,2247,0,0.0,123.33958999999979,0.13086323128551414,0.20511006065538634,0.0,0.0
VCB,BAD,UCB_WITHOUT_VAE_UNCERTAINTY,UCB-VAE without VAE uncertainty,56,6,test,0.6056799548066172,0.3276800000000001,1.0,13482,54.453070000000935,5.445307000000094,2.695914435605906,7.171933949823833,0.1309726538474522,6.278723872844873,0,0.0,False,False,False,498,0,0.0,49.69693,0.2134556061256425,0.2585992785881322,0.0,0.0
VCB,BAD,UCB_WITHOUT_VAE_UNCERTAINTY,UCB-VAE without VAE uncertainty,56,7,train,0.547888066141525,0.2621440000000001,1.0,15729,92.84329000000025,9.284329000000026,0.9920398905135963,6.38720451209244,-0.12532251340403616,11.830333236999861,0,0.0,False,False,False,2247,0,0.0,124.38670999999971,0.13493517948477227,0.20195135851210363,0.0,0.0
VCB,BAD,UCB_WITHOUT_VAE_UNCERTAINTY,UCB-VAE without VAE uncertainty,56,7,test,0.547888066141525,0.2621440000000001,1.0,15729,60.2206199999996,6.02206199999996,2.977354231690077,7.548641745764114,0.1646239653654523,7.773445220531775,0,0.0,False,False,False,498,0,0.0,49.52938,0.2209327315850562,0.25587473770820474,0.0,0.0
VCB,BAD,UCB_WITHOUT_VAE_UNCERTAINTY,UCB-VAE without VAE uncertainty,56,8,train,0.49561047982204176,0.20971520000000007,1.0,17976,43.090730000000804,4.3090730000000805,0.47018031383541103,6.4133617687304305,-0.206045336442302,16.504961259768965,0,0.0,False,False,False,2247,0,0.0,125.1192699999998,0.1371144255522657,0.19970890004594008,0.0,0.0
VCB,BAD,UCB_WITHOUT_VAE_UNCERTAINTY,UCB-VAE without VAE uncertainty,56,8,test,0.49561047982204176,0.20971520000000007,1.0,17976,89.92246999999884,8.992246999999884,4.414788366261213,7.184326919581656,0.3638930003324079,6.359738620958215,0,0.0,False,False,False,498,0,0.0,51.09752999999998,0.2178812746485273,0.2524423865249837,0.0,0.0
VCB,BAD,UCB_WITHOUT_VAE_UNCERTAINTY,UCB-VAE without VAE uncertainty,56,9,train,0.4483210401702486,0.1677721600000001,1.0,20223,-0.04287999999814929,-0.0042879999998149294,-0.00047677986189098576,6.435985525607898,-0.2786617597596005,15.63075200656215,0,0.0,False,False,False,2247,0,0.0,124.34287999999978,0.14209660170722074,0.19737437725544613,0.0,0.0
VCB,BAD,UCB_WITHOUT_VAE_UNCERTAINTY,UCB-VAE without VAE uncertainty,56,9,test,0.4483210401702486,0.1677721600000001,1.0,20223,44.49511000000075,4.449511000000075,2.208183179965051,7.724278405592747,0.06469881368417699,7.298045049952788,0,0.0,False,False,False,498,0,0.0,50.20489000000001,0.228690968372029,0.25054026547684727,0.0,0.0
VCB,BAD,UCB_WITHOUT_VAE_UNCERTAINTY,UCB-VAE without VAE uncertainty,56,10,train,0.4055437954651474,0.13421772800000006,1.0,22470,-8.250559999996995,-0.8250559999996995,-0.09207379444561292,6.5629745379170785,-0.2860997082248588,15.436955680964967,0,0.0,False,False,False,2247,0,0.0,125.33055999999975,0.15033828970027963,0.19507007001106294,0.0,0.0
VCB,BAD,UCB_WITHOUT_VAE_UNCERTAINTY,UCB-VAE without VAE uncertainty,56,10,test,0.4055437954651474,0.13421772800000006,1.0,22470,36.662460000000465,3.6662460000000467,1.8229173347996008,7.807199908623544,0.01605968105338128,8.350416392333894,0,0.0,False,False,False,498,0,0.0,50.587540000000004,0.24165290342800952,0.24873998584637202,0.0,0.0
VCB,BAD,UCB_WITHOUT_VAE_UNCERTAINTY,UCB-VAE without VAE uncertainty,56,11,train,0.3668482076545458,0.10737418240000006,1.0,24717,-33.764119999997774,-3.3764119999997773,-0.3811696740439796,7.132548766375119,-0.29876085052954937,17.20224102005413,0,0.0,False,False,False,2247,0,0.0,124.73411999999989,0.16515189443338368,0.19328827762078538,0.0,0.0
VCB,BAD,UCB_WITHOUT_VAE_UNCERTAINTY,UCB-VAE without VAE uncertainty,56,11,test,0.3668482076545458,0.10737418240000006,1.0,24717,42.144280000000435,4.214428000000043,2.0927041682141656,8.02338900289034,0.05102582428469108,8.540109583105835,0,0.0,False,False,False,498,0,0.0,51.52572,0.2547422535099481,0.24706514664443144,0.0,0.0
VCB,BAD,UCB_WITHOUT_VAE_UNCERTAINTY,UCB-VAE without VAE uncertainty,56,12,train,0.3318448191396838,0.08589934592000005,1.0,26964,-17.277509999998074,-1.7277509999998073,-0.19359508786950252,7.562488729703245,-0.2525335324362661,19.13995378659288,0,0.0,False,False,False,2247,0,0.0,123.79750999999975,0.18160803166632364,0.1924917354291155,0.0,0.0
VCB,BAD,UCB_WITHOUT_VAE_UNCERTAINTY,UCB-VAE without VAE uncertainty,56,12,test,0.3318448191396838,0.08589934592000005,1.0,26964,64.90203999999949,6.49020399999995,3.205233576005173,8.740108557165966,0.17873517961500895,8.469066962150722,0,0.0,False,False,False,498,0,0.0,52.38796000000002,0.26235488191135176,0.24568121649893412,0.0,0.0
VCB,BAD,UCB_WITHOUT_VAE_UNCERTAINTY,UCB-VAE without VAE uncertainty,56,13,train,0.3001813330203001,0.06871947673600004,1.0,29211,55.62137000000166,5.562137000000166,0.6036663757158944,7.919459919379467,-0.1363340742280174,19.05714685049035,0,0.0,False,False,False,2247,0,0.0,125.19862999999977,0.1932414921891003,0.19081662954703724,0.0,0.0
VCB,BAD,UCB_WITHOUT_VAE_UNCERTAINTY,UCB-VAE without VAE uncertainty,56,13,test,0.3001813330203001,0.06871947673600004,1.0,29211,38.656080000000884,3.8656080000000883,1.9211150670564114,8.883389966461644,0.03511402152846324,7.846592366865643,0,0.0,False,False,False,498,0,0.0,52.58392000000002,0.2719378280609013,0.2447224856919074,0.0,0.0
VCB,BAD,UCB_WITHOUT_VAE_UNCERTAINTY,UCB-VAE without VAE uncertainty,56,14,train,0.27153906734917177,0.054975581388800036,1.0,31458,67.98012000000358,6.798012000000359,0.7339488924075654,7.979882107278591,-0.11834660213238644,19.55450556154087,0,0.0,False,False,False,2247,0,0.0,127.18987999999969,0.19686181896641677,0.18969059179478556,0.0,0.0
VCB,BAD,UCB_WITHOUT_VAE_UNCERTAINTY,UCB-VAE without VAE uncertainty,56,14,test,0.27153906734917177,0.054975581388800036,1.0,31458,41.41719000000012,4.141719000000012,2.0569613012215493,8.93314515790719,0.05046294256598833,8.327437228768094,0,0.0,False,False,False,498,0,0.0,53.38281,0.26842874223393315,0.2434294030788433,0.0,0.0
VCB,BAD,UCB_WITHOUT_VAE_UNCERTAINTY,UCB-VAE without VAE uncertainty,56,15,train,0.24562974770943447,0.05,1.0,33705,38.526200000003655,3.8526200000003654,0.4212010675558986,8.185919797791914,-0.15162631056825032,19.320089769166252,0,0.0,False,False,False,2247,0,0.0,127.75379999999969,0.20755450084854093,0.1886337500050644,0.0,0.0
VCB,BAD,UCB_WITHOUT_VAE_UNCERTAINTY,UCB-VAE without VAE uncertainty,56,15,test,0.24562974770943447,0.05,1.0,33705,28.930290000000696,2.8930290000000696,1.4411685109948724,8.296002024173324,-0.02572893460067778,7.637024461150217,0,0.0,False,False,False,498,0,0.0,54.44971,0.27353831579068993,0.24170699129142914,0.0,0.0
VCB,BAD,UCB_WITHOUT_VAE_UNCERTAINTY,UCB-VAE without VAE uncertainty,56,16,train,0.2221926058330938,0.05,1.0,35952,129.00918000000138,12.90091800000014,1.3582923897933474,8.68005528647934,-0.030269706093575117,18.47964155890241,0,0.0,False,False,False,2247,0,0.0,129.50081999999978,0.22334354254753913,0.18692271837166377,0.0,0.0
VCB,BAD,UCB_WITHOUT_VAE_UNCERTAINTY,UCB-VAE without VAE uncertainty,56,16,test,0.2221926058330938,0.05,1.0,35952,26.143360000000484,2.614336000000048,1.3032233202020516,8.588079608902778,-0.03808481695033919,8.519461232081527,0,0.0,False,False,False,498,0,0.0,54.306640000000016,0.27486047523807006,0.24116500398241372,0.0,0.0
VCB,BAD,UCB_WITHOUT_VAE_UNCERTAINTY,UCB-VAE without VAE uncertainty,56,17,train,0.20099175505933367,0.05,1.0,38199,94.58072000000129,9.45807200000013,1.0098794767899655,8.897204861458695,-0.06639947975961032,20.92145153228568,0,0.0,False,False,False,2247,0,0.0,127.35927999999976,0.23805040934891436,0.18569141618731716,0.0,0.0
VCB,BAD,UCB_WITHOUT_VAE_UNCERTAINTY,UCB-VAE without VAE uncertainty,56,17,test,0.20099175505933367,0.05,1.0,38199,-19.690729999998553,-1.9690729999998553,-0.9928122220189683,8.313172147941494,-0.3201958399552844,9.808563143457766,0,0.0,False,False,False,498,0,0.0,53.39073000000002,0.27565381546166834,0.24036963005740958,0.0,0.0
VCB,BAD,UCB_WITHOUT_VAE_UNCERTAINTY,UCB-VAE without VAE uncertainty,56,18,train,0.18181381621752543,0.05,1.0,40446,140.44768000000022,14.04476800000002,1.4719604267084074,9.40920497649599,-0.008879578975329027,20.842186847509943,0,0.0,False,False,False,2247,0,0.0,128.4523199999998,0.2527046091440746,0.18420242791076102,0.0,0.0
VCB,BAD,UCB_WITHOUT_VAE_UNCERTAINTY,UCB-VAE without VAE uncertainty,56,18,test,0.18181381621752543,0.05,1.0,40446,33.98291000000063,3.398291000000063,1.690785087456792,8.97562624084212,0.010306409117831317,8.5717973007356,0,0.0,False,False,False,498,0,0.0,55.87709000000002,0.29712904879409857,0.23956179155044288,0.0,0.0
VCB,BAD,UCB_WITHOUT_VAE_UNCERTAINTY,UCB-VAE without VAE uncertainty,56,19,train,0.16446577004027732,0.05,1.0,42693,151.40112000000113,15.140112000000114,1.579862448013003,9.281811669404275,0.0012451793498207172,23.059595569578228,0,0.0,False,False,False,2247,0,0.0,127.6888799999997,0.25694127627724705,0.1835105358678922,0.0,0.0
VCB,BAD,UCB_WITHOUT_VAE_UNCERTAINTY,UCB-VAE without VAE uncertainty,56,19,test,0.16446577004027732,0.05,1.0,42693,46.84000000000128,4.684000000000128,2.323241458198022,9.469585669962278,0.08070073397971742,7.589688116521444,0,0.0,False,False,False,498,0,0.0,57.44000000000006,0.307292803955098,0.23803104735521907,0.0,0.0
VCB,BAD,UCB_WITHOUT_VAE_UNCERTAINTY,UCB-VAE without VAE uncertainty,56,20,train,0.14877301449181102,0.05,1.0,44940,300.69575999999984,30.06957599999998,2.966246356588109,10.059064610998378,0.14455098089948065,21.720554325345564,0,0.0,False,False,False,2247,0,0.0,127.83423999999985,0.2774686972867556,0.18161714590611752,0.0,0.0
VCB,BAD,UCB_WITHOUT_VAE_UNCERTAINTY,UCB-VAE without VAE uncertainty,56,20,test,0.14877301449181102,0.05,1.0,44940,45.2305900000008,4.52305900000008,2.2442853078876057,9.657726811172886,0.07293247346636811,7.451563817818613,0,0.0,False,False,False,498,0,0.0,57.25941000000006,0.3160295197889312,0.23686122271909293,0.0,0.0
VCB,BAD,UCB_WITHOUT_VAE_UNCERTAINTY,UCB-VAE without VAE uncertainty,56,21,train,0.13457760745935274,0.05,1.0,47187,393.23584000000074,39.323584000000075,3.7561141580138457,10.507586256712788,0.21613158401030333,21.165885952056236,0,0.0,False,False,False,2247,0,0.0,125.07415999999976,0.297026956077372,0.17928323138407404,0.0,0.0
VCB,BAD,UCB_WITHOUT_VAE_UNCERTAINTY,UCB-VAE without VAE uncertainty,56,21,test,0.13457760745935274,0.05,1.0,47187,83.89126000000033,8.389126000000033,4.124499961235428,10.184420162781963,0.2546594503949158,8.621336588336263,0,0.0,False,False,False,498,0,0.0,57.57874000000005,0.33964710849436375,0.23592027300691987,0.0,0.0
VCB,BAD,UCB_WITHOUT_VAE_UNCERTAINTY,UCB-VAE without VAE uncertainty,56,22,train,0.12173667712083987,0.05,1.0,49434,377.7289099999996,37.77289099999996,3.627073164309458,10.872532571903507,0.2009245699981964,21.272930673961504,0,0.0,False,False,False,2247,0,0.0,125.80108999999983,0.30593770174059814,0.17839290626416696,0.0,0.0
VCB,BAD,UCB_WITHOUT_VAE_UNCERTAINTY,UCB-VAE without VAE uncertainty,56,22,test,0.12173667712083987,0.05,1.0,49434,91.17775000000074,9.117775000000075,4.475105583703409,10.285689639670727,0.28613321651216883,8.069550173333925,0,0.0,False,False,False,498,0,0.0,58.182250000000046,0.34479289417708864,0.2345316908864611,0.0,0.0
VCB,BAD,UCB_WITHOUT_VAE_UNCERTAINTY,UCB-VAE without VAE uncertainty,56,23,train,0.11012098398984942,0.05,1.0,51681,379.4094900000007,37.94094900000007,3.641120313337276,11.023221411550848,0.20092546330543642,20.579339177550455,0,0.0,False,False,False,2247,0,0.0,125.92050999999975,0.3133807587734302,0.17641758285446277,0.0,0.0
VCB,BAD,UCB_WITHOUT_VAE_UNCERTAINTY,UCB-VAE without VAE uncertainty,56,23,test,0.11012098398984942,0.05,1.0,51681,145.63624999999956,14.563624999999956,7.0593885675702905,10.504792457456348,0.516990593476116,7.3490913179255015,0,0.0,False,False,False,498,0,0.0,58.89375000000006,0.3554138263707103,0.23345609033203507,0.0,0.0
VCB,BAD,UCB_WITHOUT_VAE_UNCERTAINTY,UCB-VAE without VAE uncertainty,56,24,train,0.1,0.05,1.0,53928,433.2308799999996,43.32308799999996,4.083133395416283,11.446240573306204,0.23515256618961264,20.5394175149598,0,0.0,False,False,False,2247,0,0.0,125.36911999999974,0.32545761871086637,0.17501243824925908,0.0,0.0
VCB,BAD,UCB_WITHOUT_VAE_UNCERTAINTY,UCB-VAE without VAE uncertainty,56,24,test,0.1,0.05,1.0,53928,112.92601000000013,11.292601000000014,5.514690729634797,10.750488069319998,0.37124426236835495,8.196570710456161,0,0.0,False,False,False,498,0,0.0,59.383990000000054,0.3573214449297445,0.23227440182822776,0.0,0.0
VCB,BAD,UCB_WITHOUT_VAE_UNCERTAINTY,UCB-VAE without VAE uncertainty,56,25,train,0.1,0.05,1.0,56175,443.05766999999696,44.3057669999997,4.162239701102632,11.542383846794134,0.24079261950337075,20.71756262210793,0,0.0,False,False,False,2247,0,0.0,126.25232999999976,0.3285972744806836,0.17414061831908062,0.0,0.0
VCB,BAD,UCB_WITHOUT_VAE_UNCERTAINTY,UCB-VAE without VAE uncertainty,56,25,test,0.1,0.05,1.0,56175,148.71141999999963,14.871141999999962,7.203472595371663,10.66885497113926,0.523379991365597,7.849714397922296,0,0.0,False,False,False,498,0,0.0,60.258580000000066,0.36324821350885883,0.23108552970800056,0.0,0.0
VCB,BAD,UCB_WITHOUT_VAE_UNCERTAINTY,UCB-VAE without VAE uncertainty,56,26,train,0.1,0.05,1.0,58422,434.5529399999996,43.45529399999995,4.093804079238428,11.893443200224372,0.2315666792607894,18.54486738947778,0,0.0,False,False,False,2247,0,0.0,124.81705999999976,0.3416233418597835,0.17305629937832867,0.0,0.0
VCB,BAD,UCB_WITHOUT_VAE_UNCERTAINTY,UCB-VAE without VAE uncertainty,56,26,test,0.1,0.05,1.0,58422,153.07237999999847,15.307237999999849,7.407471893886974,11.596153192789927,0.5070449318547074,8.919823871486585,0,0.0,False,False,False,498,0,0.0,60.00762000000006,0.37724047776255754,0.22969708926826116,0.0,0.0
VCB,BAD,UCB_WITHOUT_VAE_UNCERTAINTY,UCB-VAE without VAE uncertainty,56,27,train,0.1,0.05,1.0,60669,644.3961500000016,64.43961500000016,5.68592568276538,12.332599819529765,0.3517842791261729,17.594251096090108,0,0.0,False,False,False,2247,0,0.0,124.75384999999973,0.356950477652374,0.1714059910146353,0.0,0.0
VCB,BAD,UCB_WITHOUT_VAE_UNCERTAINTY,UCB-VAE without VAE uncertainty,56,27,test,0.1,0.05,1.0,60669,177.63229999999817,17.763229999999815,8.549238342289268,11.209426662476131,0.6156680745013632,7.617179033804707,0,0.0,False,False,False,498,0,0.0,59.63770000000004,0.3772967282466346,0.22819601941898646,0.0,0.0
VCB,BAD,UCB_WITHOUT_VAE_UNCERTAINTY,UCB-VAE without VAE uncertainty,56,28,train,0.1,0.05,1.0,62916,530.6072599999995,53.06072599999996,4.846632824853647,12.270697919557835,0.2873866936944426,18.89085990934031,0,0.0,False,False,False,2247,0,0.0,124.36273999999982,0.3604779782635623,0.17063053638326575,0.0,0.0
VCB,BAD,UCB_WITHOUT_VAE_UNCERTAINTY,UCB-VAE without VAE uncertainty,56,28,test,0.1,0.05,1.0,62916,148.0412599999995,14.80412599999995,7.172089310365015,11.455106486944757,0.49246828023362615,7.893504357670149,0,0.0,False,False,False,498,0,0.0,59.988740000000035,0.3790405839319415,0.227649871933173,0.0,0.0
VCB,BAD,UCB_WITHOUT_VAE_UNCERTAINTY,UCB-VAE without VAE uncertainty,56,29,train,0.1,0.05,1.0,65163,466.9449300000033,46.69449300000033,4.3525552710842685,12.322117194361562,0.24801711920022762,18.930822356809607,0,0.0,False,False,False,2247,0,0.0,125.8750699999998,0.35653315381311806,0.17020169673732083,0.0,0.0
VCB,BAD,UCB_WITHOUT_VAE_UNCERTAINTY,UCB-VAE without VAE uncertainty,56,29,test,0.1,0.05,1.0,65163,109.04200999999989,10.90420099999999,5.329779703229698,10.995341361978221,0.3493154677054545,8.741780066755537,0,0.0,False,False,False,498,0,0.0,61.237990000000046,0.3775779156058688,0.22608151442434893,0.0,0.0
VCB,BAD,UCB_WITHOUT_VAE_UNCERTAINTY,UCB-VAE without VAE uncertainty,56,30,train,0.1,0.05,1.0,67410,689.9871500000002,68.998715,6.007775386738001,13.72707549777639,0.3516798380773315,19.396779580712302,2,0.0,False,False,False,2244,0,0.0,122.07284999999978,0.392540011201184,0.1685515805203542,0.0,0.0
VCB,BAD,UCB_WITHOUT_VAE_UNCERTAINTY,UCB-VAE without VAE uncertainty,56,30,test,0.1,0.05,1.0,67410,112.69583000000011,11.269583000000011,5.503741200354728,10.801204410641537,0.369051180155729,8.60047082228512,0,0.0,False,False,False,498,0,0.0,61.274170000000055,0.3708268222435254,0.22460976365699348,0.0,0.0
VCB,BAD,UCB_WITHOUT_VAE_UNCERTAINTY,UCB-VAE without VAE uncertainty,56,31,train,0.1,0.05,1.0,69657,704.5095699999999,70.45095699999999,6.108676375195099,14.029813119635264,0.35393980497363386,21.26321160192185,1,0.0,False,False,False,2246,0,0.0,122.20042999999983,0.39910392980134535,0.1662382955418781,0.0,0.0
VCB,BAD,UCB_WITHOUT_VAE_UNCERTAINTY,UCB-VAE without VAE uncertainty,56,31,test,0.1,0.05,1.0,69657,133.27799999999957,13.327799999999957,6.478402431492403,11.071900169932672,0.44642097124644864,9.409472910692386,0,0.0,False,False,False,498,0,0.0,61.14200000000003,0.3787979220651443,0.22376885692996673,0.0,0.0
VCB,BAD,UCB_WITHOUT_VAE_UNCERTAINTY,UCB-VAE without VAE uncertainty,56,32,train,0.1,0.05,1.0,71904,459.5264700000009,45.95264700000009,4.293747335007625,13.142620171192872,0.2361631058768136,20.38225198902314,0,0.0,False,False,False,2244,0,0.0,123.02352999999991,0.38429757030214406,0.16744323936259953,0.0,0.0
VCB,BAD,UCB_WITHOUT_VAE_UNCERTAINTY,UCB-VAE without VAE uncertainty,56,32,test,0.1,0.05,1.0,71904,131.03180999999972,13.103180999999973,6.37246607797568,11.152232541004189,0.43500209759461583,9.426398297558931,0,0.0,False,False,False,498,0,0.0,61.418190000000024,0.3793722497242182,0.2225465448236609,0.0,0.0
VCB,BAD,UCB_WITHOUT_VAE_UNCERTAINTY,UCB-VAE without VAE uncertainty,56,33,train,0.1,0.05,1.0,74151,461.8254400000012,46.18254400000012,4.312000183016407,13.177945169900035,0.2372258713752605,21.20853394905031,0,0.0,False,False,False,2243,0,0.0,126.1145599999998,0.3762344661531722,0.1655882513444849,0.0,0.0
VCB,BAD,UCB_WITHOUT_VAE_UNCERTAINTY,UCB-VAE without VAE uncertainty,56,33,test,0.1,0.05,1.0,74151,145.30963999999972,14.53096399999997,7.044074266355049,10.976055676367862,0.4980638743351801,9.613771762118454,0,0.0,False,False,False,498,0,0.0,61.84036000000004,0.37185750375627935,0.22087556889736987,0.0,0.0
VCB,BAD,UCB_WITHOUT_VAE_UNCERTAINTY,UCB-VAE without VAE uncertainty,56,34,train,0.1,0.05,1.0,76398,523.6527900000003,52.36527900000003,4.793558049472257,13.53998522627339,0.26879079286130564,20.92624411841017,0,0.0,False,False,False,2244,0,0.0,124.30720999999976,0.3905573524642944,0.16491783318794936,0.0,0.0
VCB,BAD,UCB_WITHOUT_VAE_UNCERTAINTY,UCB-VAE without VAE uncertainty,56,34,test,0.1,0.05,1.0,76398,158.37951000000044,15.837951000000045,7.655213728028065,10.939439469173386,0.5518940730389136,7.585782577459445,0,0.0,False,False,False,498,0,0.0,62.54049000000004,0.37276950530630376,0.21944392511404184,0.0,0.0
VCB,BAD,UCB_WITHOUT_VAE_UNCERTAINTY,UCB-VAE without VAE uncertainty,56,35,train,0.1,0.05,1.0,78645,565.7327500000019,56.57327500000019,5.111470421909692,13.50898466303449,0.29169586949290505,21.037734239218914,0,0.0,False,False,False,2242,0,0.0,126.21724999999978,0.386912456770453,0.1640188736674464,0.0,0.0
VCB,BAD,UCB_WITHOUT_VAE_UNCERTAINTY,UCB-VAE without VAE uncertainty,56,35,test,0.1,0.05,1.0,78645,112.49346000000037,11.249346000000036,5.494113644278764,10.823081510877357,0.3676513783390667,9.813732525203447,0,0.0,False,False,False,498,0,0.0,61.896540000000044,0.36998405304793575,0.2184331155116539,0.0,0.0
VCB,BAD,UCB_WITHOUT_VAE_UNCERTAINTY,UCB-VAE without VAE uncertainty,56,36,train,0.1,0.05,1.0,80892,551.366930000002,55.13669300000019,5.003800292593996,13.638814368737501,0.2826589532825078,21.517987579598245,0,0.0,False,False,False,2240,0,0.0,124.82306999999983,0.39757867370092503,0.16231322524265868,0.0,0.0
VCB,BAD,UCB_WITHOUT_VAE_UNCERTAINTY,UCB-VAE without VAE uncertainty,56,36,test,0.1,0.05,1.0,80892,157.67001999999957,15.767001999999957,7.622126863666856,10.915545283950236,0.5500113785560773,8.606940283063606,0,0.0,False,False,False,498,0,0.0,62.919980000000045,0.36694965737779783,0.21694917480150858,0.0,0.0
VCB,BAD,UCB_WITHOUT_VAE_UNCERTAINTY,UCB-VAE without VAE uncertainty,56,37,train,0.1,0.05,1.0,83139,465.0865800000008,46.50865800000008,4.337848536107569,13.433639295023692,0.23709628958008844,20.82728075544884,0,0.0,False,False,False,2239,0,0.0,125.2634199999998,0.4011599009676949,0.1630768939938925,0.0,0.0
VCB,BAD,UCB_WITHOUT_VAE_UNCERTAINTY,UCB-VAE without VAE uncertainty,56,37,test,0.1,0.05,1.0,83139,172.97865999999976,17.297865999999974,8.333812940578644,10.861182402779908,0.613428191607167,8.504163120716008,0,0.0,False,False,False,498,0,0.0,62.73134000000006,0.36824633534027884,0.21536352216120225,0.0,0.0
VCB,BAD,UCB_WITHOUT_VAE_UNCERTAINTY,UCB-VAE without VAE uncertainty,56,38,train,0.1,0.05,1.0,85386,540.0052600000013,54.00052600000013,4.918016501829192,13.844188016028877,0.2745108445481999,21.228322169640563,0,0.0004450378282153983,False,False,False,2238,0,0.0,124.25473999999979,0.40821010426394333,0.16163497259007276,0.0,0.0
VCB,BAD,UCB_WITHOUT_VAE_UNCERTAINTY,UCB-VAE without VAE uncertainty,56,38,test,0.1,0.05,1.0,85386,168.04305999999997,16.804305999999997,8.104869228465027,11.126263764081203,0.5822586398425261,8.537029963244994,0,0.0,False,False,False,498,0,0.0,62.62694000000005,0.3709941498013469,0.2145281218471058,0.0,0.0
VCB,BAD,UCB_WITHOUT_VAE_UNCERTAINTY,UCB-VAE without VAE uncertainty,56,39,train,0.1,0.05,1.0,87633,534.5206700000017,53.45206700000017,4.876404821963853,13.807533137406361,0.2719846243751657,20.136290500039276,0,0.0004450378282153983,False,False,False,2238,0,0.0,124.82932999999981,0.4101920402342713,0.16079867430923248,0.0,0.0
VCB,BAD,UCB_WITHOUT_VAE_UNCERTAINTY,UCB-VAE without VAE uncertainty,56,39,test,0.1,0.05,1.0,87633,169.52966999999876,16.952966999999877,8.173878056546503,10.735456484726882,0.6054639185184606,8.195104795160933,0,0.0,False,False,False,498,0,0.0,63.29033000000007,0.3642336555809907,0.21325213619204889,0.0,0.0
VCB,BAD,UCB_WITHOUT_VAE_UNCERTAINTY,UCB-VAE without VAE uncertainty,56,40,train,0.1,0.05,1.0,89880,581.3154600000009,58.13154600000009,5.227272732015087,13.961626436007506,0.294622093056024,20.445673872699224,0,0.0004450378282153983,False,False,False,2237,0,0.0,124.25453999999989,0.4150925429808131,0.16002299893576144,0.0,0.0
VCB,BAD,UCB_WITHOUT_VAE_UNCERTAINTY,UCB-VAE without VAE uncertainty,56,40,test,0.1,0.05,1.0,89880,171.2441599999986,17.124415999999858,8.253410884642198,10.818761438019777,0.6084817351708796,8.279732603213754,0,0.0,False,False,False,497,0,0.0,63.405840000000055,0.36806634174753944,0.21217425999392467,0.0,0.0
VCB,BAD,UCB_WITHOUT_VAE_UNCERTAINTY,UCB-VAE without VAE uncertainty,56,41,train,0.1,0.05,1.0,92127,548.1736700000013,54.817367000000125,4.979746851156497,14.028432565900081,0.2769680509979813,20.94891071383034,0,0.0004450378282153983,False,False,False,2236,0,0.0,124.61632999999989,0.41970275411927993,0.15856352589218733,0.0,0.0
VCB,BAD,UCB_WITHOUT_VAE_UNCERTAINTY,UCB-VAE without VAE uncertainty,56,41,test,0.1,0.05,1.0,92127,173.85203,17.385203,8.374275233712837,11.020845890069655,0.6095741833105166,8.756224461056368,0,0.0,False,False,False,498,0,0.0,62.75797000000007,0.3743460733539974,0.21144257858395576,0.0,0.0
VCB,BAD,UCB_WITHOUT_VAE_UNCERTAINTY,UCB-VAE without VAE uncertainty,56,42,train,0.1,0.05,1.0,94374,547.5916500000014,54.759165000000145,4.975357996769403,14.080587523214,0.27614588586773475,21.074080359413244,0,0.0004450378282153983,False,False,False,2234,0,0.0,124.4883499999998,0.4235727083172116,0.15788433821494705,0.0,0.0
VCB,BAD,UCB_WITHOUT_VAE_UNCERTAINTY,UCB-VAE without VAE uncertainty,56,42,test,0.1,0.05,1.0,94374,154.3468499999999,15.43468499999999,7.467017105704565,10.684745311069156,0.5459268610289947,8.88210305747618,0,0.0,False,False,False,497,0,0.0,62.94315000000003,0.3675368997929465,0.21018059503840633,0.0,0.0
VCB,BAD,UCB_WITHOUT_VAE_UNCERTAINTY,UCB-VAE without VAE uncertainty,56,43,train,0.1,0.05,1.0,96621,467.0290000000034,46.70290000000034,4.3532201983089935,14.098858860687189,0.2334509910634607,22.425539012431553,1,0.0004450378282153983,False,False,False,2232,0,0.0,125.08099999999985,0.4222632963998137,0.15739096894455742,0.0,0.0
VCB,BAD,UCB_WITHOUT_VAE_UNCERTAINTY,UCB-VAE without VAE uncertainty,56,43,test,0.1,0.05,1.0,96621,254.16367999999989,25.416367999999988,12.033005591480972,11.54038906725642,0.8774969638958705,7.346491453164727,0,0.0,False,False,False,497,0,0.0,63.686320000000066,0.3876049338224595,0.2091743761007805,0.0,0.0
VCB,BAD,UCB_WITHOUT_VAE_UNCERTAINTY,UCB-VAE without VAE uncertainty,56,44,train,0.1,0.05,1.0,98868,542.3034600000008,54.230346000000075,4.93541383530971,14.49109172691819,0.2697422914323612,21.488236906817928,1,0.0008900756564307966,False,False,False,2228,0,0.0,123.00653999999982,0.43412391693470265,0.15606548317012173,0.0,0.0
VCB,BAD,UCB_WITHOUT_VAE_UNCERTAINTY,UCB-VAE without VAE uncertainty,56,44,test,0.1,0.05,1.0,98868,257.1655900000003,25.71655900000003,12.16746448343391,11.519443137676353,0.8893790061486417,7.329317695971198,0,0.0,False,False,False,497,0,0.0,63.85441000000007,0.3893407616468481,0.20813135515494519,0.0,0.0
VCB,BAD,UCB_WITHOUT_VAE_UNCERTAINTY,UCB-VAE without VAE uncertainty,56,45,train,0.1,0.05,1.0,101115,493.59810000000016,49.35981000000002,4.561683168484021,14.567141371010658,0.2443875025597672,22.732156066400936,1,0.0008900756564307966,False,False,False,2226,0,0.0,124.61189999999979,0.4345349287683427,0.15544844988748452,0.0,0.0
VCB,BAD,UCB_WITHOUT_VAE_UNCERTAINTY,UCB-VAE without VAE uncertainty,56,45,test,0.1,0.05,1.0,101115,268.0042199999996,26.80042199999996,12.651612105620602,11.564946865683433,0.9239255475569121,7.286771049230883,0,0.0,False,False,False,497,0,0.0,64.04578000000008,0.39439485007540004,0.20714641423768787,0.0,0.0
VCB,BAD,UCB_WITHOUT_VAE_UNCERTAINTY,UCB-VAE without VAE uncertainty,57,1,train,1.0,1.0,1.0,2247,430.2422300000037,43.024223000000376,4.058978958766368,13.877574883599731,0.21424078691763704,28.182364768740076,5,0.03115264797507788,False,False,False,1896,0,0.0,109.92776999999977,0.2545236743412831,0.3113564063853352,0.0,0.0
VCB,BAD,UCB_WITHOUT_VAE_UNCERTAINTY,UCB-VAE without VAE uncertainty,57,1,test,1.0,1.0,1.0,2247,126.7352199999998,12.673521999999979,6.169534894074369,13.188039187900793,0.3720608415713347,12.48179374485539,0,0.09839357429718876,False,False,False,319,0,0.0,26.844779999999986,0.3440525635755045,0.341304468103202,0.0,0.0
VCB,BAD,UCB_WITHOUT_VAE_UNCERTAINTY,UCB-VAE without VAE uncertainty,57,2,train,0.9045834549972122,0.8,1.0,4494,439.25702000000274,43.92570200000027,4.131701164750035,13.863499586365629,0.2193887963555284,27.79050183920915,4,0.0778816199376947,False,False,False,1913,0,0.0,110.80297999999978,0.2540437719879082,0.3071336140155686,0.0,0.0
VCB,BAD,UCB_WITHOUT_VAE_UNCERTAINTY,UCB-VAE without VAE uncertainty,57,2,test,0.9045834549972122,0.8,1.0,4494,135.58987999999977,13.558987999999978,6.587327700561341,12.799049031928453,0.4103840576200841,13.23906459263227,0,0.17269076305220885,False,False,False,318,0,0.0,26.45011999999998,0.33936528768352725,0.33537830547036895,0.0,0.0
VCB,BAD,UCB_WITHOUT_VAE_UNCERTAINTY,UCB-VAE without VAE uncertainty,57,3,train,0.8182712270546932,0.6400000000000001,1.0,6741,407.8392200000019,40.78392200000019,3.8764743563542314,13.923561707632498,0.20124575724601296,27.478933813353624,4,0.05829995549621718,False,False,False,1915,0,0.0,110.60077999999977,0.2564333664044348,0.30104252762353095,0.0,0.0
VCB,BAD,UCB_WITHOUT_VAE_UNCERTAINTY,UCB-VAE without VAE uncertainty,57,3,test,0.8182712270546932,0.6400000000000001,1.0,6741,104.74806000000012,10.474806000000013,5.124975651523966,13.100522454446473,0.2976104071433031,13.662176404523919,0,0.18875502008032127,False,False,False,317,0,0.0,26.331939999999985,0.34373731557607856,0.328606019806431,0.0,0.0
VCB,BAD,UCB_WITHOUT_VAE_UNCERTAINTY,UCB-VAE without VAE uncertainty,57,4,train,0.7401946136939427,0.5120000000000001,1.0,8988,410.81580000000076,41.08158000000008,3.900870930056244,14.14287976127397,0.20200768234409489,27.68185594581409,6,0.047619047619047616,False,False,False,1918,0,0.0,110.68419999999972,0.2628249287436545,0.29431918256140627,0.0,0.0
VCB,BAD,UCB_WITHOUT_VAE_UNCERTAINTY,UCB-VAE without VAE uncertainty,57,4,test,0.7401946136939427,0.5120000000000001,1.0,8988,80.29187000000047,8.029187000000046,3.9508739744147814,13.044968363073274,0.21142340466580986,14.804719475080447,0,0.13453815261044177,False,False,False,317,0,0.0,26.798129999999983,0.34650742238850024,0.32233094896777087,0.0,0.0
VCB,BAD,UCB_WITHOUT_VAE_UNCERTAINTY,UCB-VAE without VAE uncertainty,57,5,train,0.6695678010255933,0.4096000000000001,1.0,11235,436.00308000000086,43.60030800000009,4.105498482426451,14.22058919204902,0.2156184743069973,26.883901302300377,5,0.05473965287049399,False,False,False,1929,0,0.0,110.97691999999978,0.2607977070977132,0.29271949960302657,0.0,0.0
VCB,BAD,UCB_WITHOUT_VAE_UNCERTAINTY,UCB-VAE without VAE uncertainty,57,5,test,0.6695678010255933,0.4096000000000001,1.0,11235,78.17681000000061,7.817681000000061,3.8487140478312254,13.057700544454152,0.20374896214672508,14.804719475080447,0,0.0963855421686747,False,False,False,312,0,0.0,26.333189999999984,0.3492344057106406,0.31705674561989833,0.0,0.0
VCB,BAD,UCB_WITHOUT_VAE_UNCERTAINTY,UCB-VAE without VAE uncertainty,57,6,train,0.6056799548066172,0.3276800000000001,1.0,13482,421.8386999999998,42.18386999999998,3.990819944278967,14.106744419191314,0.2083483786486317,27.630824905738937,5,0.044058744993324434,False,False,False,1939,0,0.0,111.5412999999998,0.26278700028144997,0.2890015059893907,0.0,0.0
VCB,BAD,UCB_WITHOUT_VAE_UNCERTAINTY,UCB-VAE without VAE uncertainty,57,6,test,0.6056799548066172,0.3276800000000001,1.0,13482,80.9700200000002,8.09700200000002,3.9836083259480626,13.002065840176325,0.21416160305253376,14.13264323299552,0,0.11244979919678715,False,False,False,308,0,0.0,25.579979999999985,0.3456036321827693,0.312793960802287,0.0,0.0
VCB,BAD,UCB_WITHOUT_VAE_UNCERTAINTY,UCB-VAE without VAE uncertainty,57,7,train,0.547888066141525,0.2621440000000001,1.0,15729,413.00200000000063,41.30020000000007,3.9187602867997606,14.304443304869535,0.20256611928272722,26.185119979662886,6,0.04005340453938585,False,False,False,1940,0,0.0,111.7379999999998,0.27211945279928107,0.2865266802247811,0.0,0.0
VCB,BAD,UCB_WITHOUT_VAE_UNCERTAINTY,UCB-VAE without VAE uncertainty,57,7,test,0.547888066141525,0.2621440000000001,1.0,15729,136.90458999999964,13.690458999999963,6.649221573449116,13.499666531716702,0.4002882051122981,13.054497777773078,0,0.1465863453815261,False,False,False,303,0,0.0,25.125409999999995,0.34691794528445224,0.31017111041340006,0.0,0.0
VCB,BAD,UCB_WITHOUT_VAE_UNCERTAINTY,UCB-VAE without VAE uncertainty,57,8,train,0.49561047982204176,0.20971520000000007,1.0,17976,429.3216800000016,42.93216800000016,4.051529984878144,14.0811268602657,0.21263364200752113,26.032138072498785,6,0.03471295060080107,False,False,False,1949,0,0.0,112.43831999999979,0.26243876587326964,0.28388019062621783,0.0,0.0
VCB,BAD,UCB_WITHOUT_VAE_UNCERTAINTY,UCB-VAE without VAE uncertainty,57,8,test,0.49561047982204176,0.20971520000000007,1.0,17976,139.67601999999988,13.967601999999987,6.779578138774411,13.644743426425348,0.4064905853832336,13.054497777773078,0,0.19076305220883535,False,False,False,303,0,0.0,25.58397999999999,0.35179275445998626,0.30606089137404796,0.0,0.0
VCB,BAD,UCB_WITHOUT_VAE_UNCERTAINTY,UCB-VAE without VAE uncertainty,57,9,train,0.4483210401702486,0.1677721600000001,1.0,20223,381.2861599999985,38.12861599999985,3.6567885173734105,14.107278150435668,0.18531962971785546,26.043907194739095,5,0.03337783711615487,False,False,False,1969,0,0.0,113.19383999999977,0.27544057514434295,0.28050962494687076,0.0,0.0
VCB,BAD,UCB_WITHOUT_VAE_UNCERTAINTY,UCB-VAE without VAE uncertainty,57,9,test,0.4483210401702486,0.1677721600000001,1.0,20223,142.5095199999996,14.25095199999996,6.9126910221051,13.614304632249638,0.41632522149873724,13.054497777773078,0,0.1465863453815261,False,False,False,305,0,0.0,25.710479999999986,0.3491435595482817,0.30317613527358295,0.0,0.0
VCB,BAD,UCB_WITHOUT_VAE_UNCERTAINTY,UCB-VAE without VAE uncertainty,57,10,train,0.4055437954651474,0.13421772800000006,1.0,22470,429.0203700000002,42.90203700000002,4.049090896284069,14.19996509289185,0.21192956735839538,26.070331418167253,6,0.03159768580329328,False,False,False,1997,0,0.0,115.68962999999972,0.27291290256775935,0.28005696675302083,0.0,0.0
VCB,BAD,UCB_WITHOUT_VAE_UNCERTAINTY,UCB-VAE without VAE uncertainty,57,10,test,0.4055437954651474,0.13421772800000006,1.0,22470,110.19685000000004,11.019685000000004,5.384793449093728,13.183678041355732,0.31537599484104367,15.1294743122863,0,0.1686746987951807,False,False,False,306,0,0.0,26.023149999999987,0.33227103759168336,0.30048038038503694,0.0,0.0
VCB,BAD,UCB_WITHOUT_VAE_UNCERTAINTY,UCB-VAE without VAE uncertainty,57,11,train,0.3668482076545458,0.10737418240000006,1.0,24717,435.52350000000115,43.55235000000012,4.10163215458812,13.440899779791637,0.21985740270291126,26.18458152308986,6,0.03204272363150868,False,False,False,2010,0,0.0,116.15649999999975,0.24547183086547036,0.27803216880567877,0.0,0.0
VCB,BAD,UCB_WITHOUT_VAE_UNCERTAINTY,UCB-VAE without VAE uncertainty,57,11,test,0.3668482076545458,0.10737418240000006,1.0,24717,126.52961999999911,12.652961999999912,6.15981459235444,13.284050076570994,0.36970405804089446,13.054497777773078,0,0.19477911646586346,False,False,False,308,0,0.0,25.260379999999994,0.33695640149202083,0.29790715983952865,0.0,0.0
VCB,BAD,UCB_WITHOUT_VAE_UNCERTAINTY,UCB-VAE without VAE uncertainty,57,12,train,0.3318448191396838,0.08589934592000005,1.0,26964,436.13244000000077,43.61324400000008,4.10654117377105,13.508939906191756,0.21977909235287268,25.362789286604887,5,0.03115264797507788,False,False,False,2024,0,0.0,116.68755999999976,0.24573703089590243,0.2766103462996247,0.0,0.0
VCB,BAD,UCB_WITHOUT_VAE_UNCERTAINTY,UCB-VAE without VAE uncertainty,57,12,test,0.3318448191396838,0.08589934592000005,1.0,26964,125.83986999999911,12.58398699999991,6.127198317752192,13.325055390788076,0.3666512290544813,13.53493807451984,0,0.19477911646586346,False,False,False,308,0,0.0,25.44012999999999,0.33938451291024696,0.29566417858902233,0.0,0.0
VCB,BAD,UCB_WITHOUT_VAE_UNCERTAINTY,UCB-VAE without VAE uncertainty,57,13,train,0.3001813330203001,0.06871947673600004,1.0,29211,457.3701200000005,45.73701200000005,4.27660358910773,13.587713584399527,0.2313865833441486,25.204223556974668,6,0.04183355585224744,False,False,False,2036,0,0.0,117.52987999999976,0.24814147203099243,0.2760201582198521,0.0,0.0
VCB,BAD,UCB_WITHOUT_VAE_UNCERTAINTY,UCB-VAE without VAE uncertainty,57,13,test,0.3001813330203001,0.06871947673600004,1.0,29211,130.3353699999991,13.033536999999908,6.339598810351488,13.237651300898165,0.38343401063669125,13.11757683863593,0,0.1927710843373494,False,False,False,308,0,0.0,25.44462999999999,0.33133606059852194,0.2940546147016636,0.0,0.0
VCB,BAD,UCB_WITHOUT_VAE_UNCERTAINTY,UCB-VAE without VAE uncertainty,57,14,train,0.27153906734917177,0.054975581388800036,1.0,31458,452.0469300000009,45.20469300000009,4.2341856221470575,13.328754923096989,0.23025334342851086,25.00998809139809,6,0.032932799287939477,False,False,False,2039,0,0.0,116.88306999999966,0.24594098974360576,0.2736975253390958,0.0,0.0
VCB,BAD,UCB_WITHOUT_VAE_UNCERTAINTY,UCB-VAE without VAE uncertainty,57,14,test,0.27153906734917177,0.054975581388800036,1.0,31458,129.64897999999926,12.964897999999925,6.3071959602160055,13.26442471107224,0.38061134120076645,13.36382693079102,0,0.1927710843373494,False,False,False,308,0,0.0,25.62101999999999,0.33261421121455964,0.29221041599311026,0.0,0.0
VCB,BAD,UCB_WITHOUT_VAE_UNCERTAINTY,UCB-VAE without VAE uncertainty,57,15,train,0.24562974770943447,0.05,1.0,33705,550.5612800000004,55.05612800000004,4.9977358344788,13.085920743940354,0.2882897213784955,22.414467493622965,5,0.049399198931909215,False,False,False,2031,0,0.0,117.71871999999972,0.21943091820407898,0.2799282381912046,0.0,0.0
VCB,BAD,UCB_WITHOUT_VAE_UNCERTAINTY,UCB-VAE without VAE uncertainty,57,15,test,0.24562974770943447,0.05,1.0,33705,100.38721999999984,10.038721999999984,4.916574843028054,12.95394723043543,0.2839695441823057,14.250505590614837,0,0.10040160642570281,False,False,False,311,0,0.0,27.352779999999978,0.3337748813303386,0.2900115311983599,0.0,0.0
VCB,BAD,UCB_WITHOUT_VAE_UNCERTAINTY,UCB-VAE without VAE uncertainty,57,16,train,0.2221926058330938,0.05,1.0,35952,638.2419900000014,63.824199000000135,5.641874481351938,12.884294185813793,0.33866098319131305,20.699287673755922,6,0.05696484201157098,False,False,False,2043,0,0.0,118.9080099999997,0.21534890594754325,0.2808293195123878,0.0,0.0
VCB,BAD,UCB_WITHOUT_VAE_UNCERTAINTY,UCB-VAE without VAE uncertainty,57,16,test,0.2221926058330938,0.05,1.0,35952,96.29625000000033,9.629625000000033,4.720696450246664,13.47621633606333,0.26415431353671864,15.537101581073989,0,0.0823293172690763,False,False,False,317,0,0.0,28.213749999999973,0.35645797513387273,0.2871973039694579,0.0,0.0
VCB,BAD,UCB_WITHOUT_VAE_UNCERTAINTY,UCB-VAE without VAE uncertainty,57,17,train,0.20099175505933367,0.05,1.0,38199,646.1792200000004,64.61792200000004,5.69866143967892,12.86060973250758,0.3432624174775252,20.619759134472748,5,0.03871829105473965,False,False,False,2049,0,0.0,118.80077999999972,0.21177895516878523,0.280556855563275,0.0,0.0
VCB,BAD,UCB_WITHOUT_VAE_UNCERTAINTY,UCB-VAE without VAE uncertainty,57,17,test,0.20099175505933367,0.05,1.0,38199,110.86874000000034,11.086874000000034,5.416787520695832,13.438042539410306,0.3141857637212988,15.489126408713263,0,0.13654618473895583,False,False,False,316,0,0.0,28.471259999999976,0.3405784179238699,0.28747619287555953,0.0,0.0
VCB,BAD,UCB_WITHOUT_VAE_UNCERTAINTY,UCB-VAE without VAE uncertainty,57,18,train,0.18181381621752543,0.05,1.0,40446,489.2477200000001,48.924772000000004,4.52777661217163,13.471128705784704,0.2503017949483759,23.64992741725883,6,0.03426791277258567,False,False,False,2071,0,0.0,120.53227999999966,0.25270482408863515,0.27221225028004603,0.0,0.0
VCB,BAD,UCB_WITHOUT_VAE_UNCERTAINTY,UCB-VAE without VAE uncertainty,57,18,test,0.18181381621752543,0.05,1.0,40446,110.80488000000014,11.080488000000013,5.413747048675277,13.767811923717904,0.30975773380593774,15.212215477519987,0,0.18072289156626506,False,False,False,317,0,0.0,29.51511999999998,0.3500919590650529,0.2856621667144289,0.0,0.0
VCB,BAD,UCB_WITHOUT_VAE_UNCERTAINTY,UCB-VAE without VAE uncertainty,57,19,train,0.16446577004027732,0.05,1.0,42693,616.7512100000035,61.67512100000035,5.48688202328913,13.243445990790281,0.3218560301778316,21.939351903103418,6,0.020026702269692925,False,False,False,2078,0,0.0,119.69878999999966,0.2345616895724576,0.2758998904173301,0.0,0.0
VCB,BAD,UCB_WITHOUT_VAE_UNCERTAINTY,UCB-VAE without VAE uncertainty,57,19,test,0.16446577004027732,0.05,1.0,42693,102.9948500000005,10.29948500000005,5.041240606254438,14.012798586069314,0.28126975761342765,15.921495100303778,0,0.12048192771084337,False,False,False,326,0,0.0,30.63514999999998,0.38726520356950067,0.28090855045371266,0.0,0.0
VCB,BAD,UCB_WITHOUT_VAE_UNCERTAINTY,UCB-VAE without VAE uncertainty,57,20,train,0.14877301449181102,0.05,1.0,44940,652.5496200000002,65.25496200000003,5.744062731974009,12.754856409380217,0.3485016255241577,20.255936298841455,6,0.04672897196261682,False,False,False,2074,0,0.0,119.9103799999997,0.21105433083797198,0.2767866929511415,0.0,0.0
VCB,BAD,UCB_WITHOUT_VAE_UNCERTAINTY,UCB-VAE without VAE uncertainty,57,20,test,0.14877301449181102,0.05,1.0,44940,51.592300000000705,5.159230000000071,2.556032526617047,13.77523121155035,0.10836649479805395,17.455348647230576,0,0.13253012048192772,False,False,False,330,0,0.0,30.977699999999984,0.3685553571236329,0.280021903595053,0.0,0.0
VCB,BAD,UCB_WITHOUT_VAE_UNCERTAINTY,UCB-VAE without VAE uncertainty,57,21,train,0.13457760745935274,0.05,1.0,47187,653.89426,65.389426,5.753625978922661,12.740614319498956,0.34945029310290354,20.33115206144242,6,0.04138851802403204,False,False,False,2078,0,0.0,120.10573999999974,0.2112807602792929,0.2756014925423176,0.0,0.0
VCB,BAD,UCB_WITHOUT_VAE_UNCERTAINTY,UCB-VAE without VAE uncertainty,57,21,test,0.13457760745935274,0.05,1.0,47187,102.4969200000005,10.249692000000051,5.017446886071308,13.736537843512028,0.2824160372878441,15.949482034325563,0,0.12048192771084337,False,False,False,325,0,0.0,30.623079999999987,0.38151414187800897,0.27790602191863767,0.0,0.0
VCB,BAD,UCB_WITHOUT_VAE_UNCERTAINTY,UCB-VAE without VAE uncertainty,57,22,train,0.12173667712083987,0.05,1.0,49434,662.4275899999993,66.24275899999994,5.8141554944650675,12.612776171533385,0.35631454020510916,20.71392988418034,6,0.04850912327547842,False,False,False,2078,0,0.0,120.38240999999971,0.21120296818627513,0.2744581160820692,0.0,0.0
VCB,BAD,UCB_WITHOUT_VAE_UNCERTAINTY,UCB-VAE without VAE uncertainty,57,22,test,0.12173667712083987,0.05,1.0,49434,112.97087000000033,11.297087000000033,5.516824562457656,13.50584386253252,0.320334189676431,15.950012600957516,0,0.1686746987951807,False,False,False,325,0,0.0,30.819129999999987,0.34883425655727357,0.2791188720419225,0.0,0.0
VCB,BAD,UCB_WITHOUT_VAE_UNCERTAINTY,UCB-VAE without VAE uncertainty,57,23,train,0.11012098398984942,0.05,1.0,51681,662.4669099999987,66.24669099999987,5.814433763464999,12.797877808353917,0.3529838754702938,20.9172655869414,6,0.05028927458834001,False,False,False,2080,0,0.0,120.50308999999972,0.21422502785293607,0.2732211087159332,0.0,0.0
VCB,BAD,UCB_WITHOUT_VAE_UNCERTAINTY,UCB-VAE without VAE uncertainty,57,23,test,0.11012098398984942,0.05,1.0,51681,111.97147000000041,11.19714700000004,5.46927644814208,13.628644371254211,0.31533797500689664,15.950012600957516,0,0.1686746987951807,False,False,False,325,0,0.0,30.818529999999985,0.35502591983034254,0.2768038848796523,0.0,0.0
VCB,BAD,UCB_WITHOUT_VAE_UNCERTAINTY,UCB-VAE without VAE uncertainty,57,24,train,0.1,0.05,1.0,53928,653.1675600000003,65.31675600000003,5.748458456660521,12.88557625023815,0.3465814460516771,20.2572304353994,5,0.051179350244770806,False,False,False,2084,0,0.0,120.87243999999976,0.21857804908315365,0.2716786462795379,0.0,0.0
VCB,BAD,UCB_WITHOUT_VAE_UNCERTAINTY,UCB-VAE without VAE uncertainty,57,24,test,0.1,0.05,1.0,53928,73.5861400000008,7.35861400000008,3.626635048628768,13.71435797030493,0.18459575290603203,16.542214301605902,0,0.15863453815261044,False,False,False,326,0,0.0,30.893859999999986,0.36311621381557385,0.2742088978967992,0.0,0.0
VCB,BAD,UCB_WITHOUT_VAE_UNCERTAINTY,UCB-VAE without VAE uncertainty,57,25,train,0.1,0.05,1.0,56175,651.4469299999992,65.14469299999992,5.736215100689024,12.904570939291544,0.3453469630601056,20.366456672060504,5,0.047619047619047616,False,False,False,2088,0,0.0,120.86306999999978,0.21797744649427264,0.27046242616258304,0.0,0.0
VCB,BAD,UCB_WITHOUT_VAE_UNCERTAINTY,UCB-VAE without VAE uncertainty,57,25,test,0.1,0.05,1.0,56175,35.870459999999866,3.5870459999999866,1.7838804746516113,14.047559603074037,0.05467021701711302,17.467972851215425,0,0.13052208835341367,False,False,False,325,0,0.0,30.709539999999983,0.40398142883961724,0.26967518176718885,0.0,0.0
VCB,BAD,UCB_WITHOUT_VAE_UNCERTAINTY,UCB-VAE without VAE uncertainty,57,26,train,0.1,0.05,1.0,58422,672.2577300000023,67.22577300000023,5.88354232876076,12.7247461429155,0.3594283461230376,21.852372142854335,5,0.030707610146862484,False,False,False,2093,0,0.0,122.14226999999971,0.2196789048021329,0.271006443856502,0.0,0.0
VCB,BAD,UCB_WITHOUT_VAE_UNCERTAINTY,UCB-VAE without VAE uncertainty,57,26,test,0.1,0.05,1.0,58422,22.62273999999968,2.262273999999968,1.1286953937034827,14.276193508205434,0.010439592467862897,17.467972851215425,0,0.09236947791164658,False,False,False,315,0,0.0,29.75725999999999,0.42487718127640295,0.26662264628163784,0.0,0.0
VCB,BAD,UCB_WITHOUT_VAE_UNCERTAINTY,UCB-VAE without VAE uncertainty,57,27,train,0.1,0.05,1.0,60669,660.9276800000018,66.09276800000018,5.803536209306648,12.749070140421564,0.35302880003755943,20.896786885711556,5,0.017356475300400534,False,False,False,2097,0,0.0,122.72231999999964,0.2245730267284963,0.2681530440449184,0.0,0.0
VCB,BAD,UCB_WITHOUT_VAE_UNCERTAINTY,UCB-VAE without VAE uncertainty,57,27,test,0.1,0.05,1.0,60669,23.33274999999969,2.333274999999969,1.1639168383465792,13.936532764106508,0.009818074447184025,17.467972851215425,0,0.09236947791164658,False,False,False,317,0,0.0,30.277249999999988,0.42313697701933956,0.26525602802394865,0.0,0.0
VCB,BAD,UCB_WITHOUT_VAE_UNCERTAINTY,UCB-VAE without VAE uncertainty,57,28,train,0.1,0.05,1.0,62916,624.9916200000011,62.49916200000012,5.546527463963424,12.666826781597123,0.335127570074438,22.33271261548107,5,0.03159768580329328,False,False,False,2095,0,0.0,122.96837999999967,0.22480468933706696,0.26716101509786255,0.0,0.0
VCB,BAD,UCB_WITHOUT_VAE_UNCERTAINTY,UCB-VAE without VAE uncertainty,57,28,test,0.1,0.05,1.0,62916,32.09445999999957,3.2094459999999576,1.5975605307106955,14.076260968894363,0.04173677195971644,18.70900375676731,0,0.0783132530120482,False,False,False,313,0,0.0,30.145539999999993,0.4290302888514418,0.2637795346029791,0.0,0.0
VCB,BAD,UCB_WITHOUT_VAE_UNCERTAINTY,UCB-VAE without VAE uncertainty,57,29,train,0.1,0.05,1.0,65163,634.8400000000015,63.48400000000015,5.617460024847465,12.933445460408757,0.33607643914595964,22.033448579274964,5,0.012461059190031152,False,False,False,2102,0,0.0,123.23999999999963,0.23318480787113385,0.2654010139747254,0.0,0.0
VCB,BAD,UCB_WITHOUT_VAE_UNCERTAINTY,UCB-VAE without VAE uncertainty,57,29,test,0.1,0.05,1.0,65163,19.83982999999978,1.9839829999999776,0.9905260425944418,14.157308291324247,-0.00033653156258978676,18.70900375676731,0,0.09437751004016064,False,False,False,316,0,0.0,30.950169999999986,0.4266610511653984,0.2623298949146845,0.0,0.0
VCB,BAD,UCB_WITHOUT_VAE_UNCERTAINTY,UCB-VAE without VAE uncertainty,57,30,train,0.1,0.05,1.0,67410,657.9741200000008,65.79741200000008,5.782600216161682,12.74418477524286,0.3515451162884107,21.825443411322635,5,0.006675567423230975,False,False,False,2108,0,0.0,123.2058799999997,0.22955173359490672,0.26499582493191143,0.0,0.0
VCB,BAD,UCB_WITHOUT_VAE_UNCERTAINTY,UCB-VAE without VAE uncertainty,57,30,test,0.1,0.05,1.0,67410,36.31061999999997,3.6310619999999973,1.8055773405596165,13.942327127834833,0.055608535284868796,18.70900375676731,0,0.12449799196787148,False,False,False,325,0,0.0,32.58937999999999,0.4023488458093395,0.26257600285202626,0.0,0.0
VCB,BAD,UCB_WITHOUT_VAE_UNCERTAINTY,UCB-VAE without VAE uncertainty,57,31,train,0.1,0.05,1.0,69657,701.1108400000007,70.11108400000008,6.085130864030064,12.927193503654625,0.3706749656507628,20.026425597967958,5,0.022696929238985315,False,False,False,2110,0,0.0,122.76915999999972,0.23229795342257561,0.2642624267291163,0.0,0.0
VCB,BAD,UCB_WITHOUT_VAE_UNCERTAINTY,UCB-VAE without VAE uncertainty,57,31,test,0.1,0.05,1.0,69657,34.061969999999974,3.4061969999999975,1.6946860845070244,14.00907832307878,0.04816973506989259,19.064324777156344,0,0.12449799196787148,False,False,False,325,0,0.0,32.58802999999999,0.4040268564579983,0.2609540842413663,0.0,0.0
VCB,BAD,UCB_WITHOUT_VAE_UNCERTAINTY,UCB-VAE without VAE uncertainty,57,32,train,0.1,0.05,1.0,71904,625.5008400000015,62.55008400000015,5.55020445569836,13.029072532389952,0.3296357688723187,22.875825017560317,5,0.006230529595015576,False,False,False,2111,0,0.0,123.51915999999973,0.24400125067566597,0.2617471406910225,0.0,0.0
VCB,BAD,UCB_WITHOUT_VAE_UNCERTAINTY,UCB-VAE without VAE uncertainty,57,32,test,0.1,0.05,1.0,71904,34.061969999999974,3.4061969999999975,1.6946860845070244,14.00907832307878,0.04816973506989259,19.064324777156344,0,0.12449799196787148,False,False,False,325,0,0.0,32.58802999999999,0.4040268564579983,0.25962710103775605,0.0,0.0
VCB,BAD,UCB_WITHOUT_VAE_UNCERTAINTY,UCB-VAE without VAE uncertainty,57,33,train,0.1,0.05,1.0,74151,684.9890399999999,68.498904,5.972870480799108,13.026061137429537,0.36064024096739783,21.51773880749532,6,0.004895416110369382,False,False,False,2115,0,0.0,121.41095999999975,0.2269694692716961,0.2633547128427278,0.0,0.0
VCB,BAD,UCB_WITHOUT_VAE_UNCERTAINTY,UCB-VAE without VAE uncertainty,57,33,test,0.1,0.05,1.0,74151,34.061969999999974,3.4061969999999975,1.6946860845070244,14.00907832307878,0.04816973506989259,19.064324777156344,0,0.12449799196787148,False,False,False,325,0,0.0,32.58802999999999,0.4040268564579983,0.25840081237106916,0.0,0.0
VCB,BAD,UCB_WITHOUT_VAE_UNCERTAINTY,UCB-VAE without VAE uncertainty,57,34,train,0.1,0.05,1.0,76398,740.5598500000015,74.05598500000015,6.355887310578523,12.64703133641299,0.39647246560879923,21.5249436206748,6,0.036048064085447265,False,False,False,2115,0,0.0,120.99014999999977,0.21622788765216155,0.2664021271922135,0.0,0.0
VCB,BAD,UCB_WITHOUT_VAE_UNCERTAINTY,UCB-VAE without VAE uncertainty,57,34,test,0.1,0.05,1.0,76398,0.11556000000030053,0.011556000000030054,0.005797675118168755,14.300004337928375,-0.06807123406714237,19.093933336464662,0,0.07228915662650602,False,False,False,315,0,0.0,31.554439999999992,0.4339713957804749,0.2544411939220974,0.0,0.0
VCB,BAD,UCB_WITHOUT_VAE_UNCERTAINTY,UCB-VAE without VAE uncertainty,57,35,train,0.1,0.05,1.0,78645,755.5415900000007,75.55415900000007,6.457286437446963,12.671875525779386,0.40347880957808724,21.858400070356577,5,0.03693813974187806,False,False,False,2114,0,0.0,122.54840999999985,0.21599258579964276,0.2647120004588623,0.0,0.0
VCB,BAD,UCB_WITHOUT_VAE_UNCERTAINTY,UCB-VAE without VAE uncertainty,57,35,test,0.1,0.05,1.0,78645,-5.991589999999974,-0.5991589999999973,-0.3010583576702808,14.323791161499189,-0.08925235809183811,19.093933336464662,0,0.09437751004016064,False,False,False,314,0,0.0,29.651589999999988,0.46097066042473256,0.2515552322937542,0.0,0.0
VCB,BAD,UCB_WITHOUT_VAE_UNCERTAINTY,UCB-VAE without VAE uncertainty,57,36,train,0.1,0.05,1.0,80892,887.9468000000008,88.79468000000008,7.321450025623388,12.705312506380725,0.46692286988842857,18.049569886544443,6,0.020471740097908322,False,False,False,2109,0,0.0,121.64319999999984,0.2168820578343394,0.26587925342039687,0.0,0.0
VCB,BAD,UCB_WITHOUT_VAE_UNCERTAINTY,UCB-VAE without VAE uncertainty,57,36,test,0.1,0.05,1.0,80892,-4.274479999999926,-0.4274479999999926,-0.21468681821995572,14.257402030734518,-0.08430291221053313,19.093933336464662,0,0.07228915662650602,False,False,False,322,0,0.0,32.01448,0.4356581883774642,0.25181032455410346,0.0,0.0
VCB,BAD,UCB_WITHOUT_VAE_UNCERTAINTY,UCB-VAE without VAE uncertainty,57,37,train,0.1,0.05,1.0,83139,995.7702900000024,99.57702900000024,7.986249165259385,12.443168455137338,0.5241688954929038,17.33481280035134,5,0.0262572318647085,False,False,False,2103,0,0.0,120.2297099999997,0.20804857253949477,0.27004889856392295,0.0,0.0
VCB,BAD,UCB_WITHOUT_VAE_UNCERTAINTY,UCB-VAE without VAE uncertainty,57,37,test,0.1,0.05,1.0,83139,-4.274479999999926,-0.4274479999999926,-0.21468681821995572,14.257402030734518,-0.08430291221053313,19.093933336464662,0,0.07228915662650602,False,False,False,322,0,0.0,32.01448,0.4356581883774642,0.2504208012966506,0.0,0.0
VCB,BAD,UCB_WITHOUT_VAE_UNCERTAINTY,UCB-VAE without VAE uncertainty,57,38,train,0.1,0.05,1.0,85386,963.0689200000018,96.30689200000018,7.7880679706421985,12.433328086891418,0.5096043942113044,17.689050475817144,6,0.04227859368046284,False,False,False,2107,0,0.0,121.40107999999958,0.20888367016298173,0.26723135107548757,0.0,0.0
VCB,BAD,UCB_WITHOUT_VAE_UNCERTAINTY,UCB-VAE without VAE uncertainty,57,38,test,0.1,0.05,1.0,85386,-15.828770000000077,-1.5828770000000074,-0.7973131952572987,14.782911633239792,-0.11602316366468644,19.323327754099136,0,0.07630522088353414,False,False,False,313,0,0.0,31.878769999999996,0.46989200148320925,0.24725996854015622,0.0,0.0
VCB,BAD,UCB_WITHOUT_VAE_UNCERTAINTY,UCB-VAE without VAE uncertainty,57,39,train,0.1,0.05,1.0,87633,993.7055300000004,99.37055300000004,7.973821713347218,12.506359564402459,0.5212373264401117,17.590727031228486,6,0.03337783711615487,False,False,False,2103,0,0.0,121.01446999999965,0.2107469683251457,0.26668565622835516,0.0,0.0
VCB,BAD,UCB_WITHOUT_VAE_UNCERTAINTY,UCB-VAE without VAE uncertainty,57,39,test,0.1,0.05,1.0,87633,-6.492240000000265,-0.6492240000000266,-0.3262553127973411,14.89804248729438,-0.08192776762877663,19.323327754099136,0,0.09236947791164658,False,False,False,313,0,0.0,32.272240000000004,0.46844501422641344,0.24614203603092924,0.0,0.0
VCB,BAD,UCB_WITHOUT_VAE_UNCERTAINTY,UCB-VAE without VAE uncertainty,57,40,train,0.1,0.05,1.0,89880,932.1763100000005,93.21763100000005,7.598134492912312,12.594972985671053,0.4905264841686479,17.228444972912087,6,0.039163328882955054,False,False,False,2107,0,0.0,120.94368999999965,0.21470749228689162,0.26185068968910613,0.0,0.0
VCB,BAD,UCB_WITHOUT_VAE_UNCERTAINTY,UCB-VAE without VAE uncertainty,57,40,test,0.1,0.05,1.0,89880,-4.633740000000216,-0.4633740000000216,-0.23275164251784775,14.897097623083486,-0.07559181410835131,19.094238890134513,0,0.09236947791164658,False,False,False,313,0,0.0,32.273740000000004,0.4700308467686183,0.24459371642475147,0.0,0.0
VCB,BAD,UCB_WITHOUT_VAE_UNCERTAINTY,UCB-VAE without VAE uncertainty,57,41,train,0.1,0.05,1.0,92127,973.4584900000002,97.34584900000002,7.851348235434319,12.494176223240757,0.5124822722245584,17.700341509423623,5,0.03204272363150868,False,False,False,2103,0,0.0,121.16150999999967,0.21089993334237084,0.2622556850367193,0.0,0.0
VCB,BAD,UCB_WITHOUT_VAE_UNCERTAINTY,UCB-VAE without VAE uncertainty,57,41,test,0.1,0.05,1.0,92127,72.41165999999953,7.241165999999953,3.5697422380863264,15.104432899548515,0.17730602375630558,17.141498130552655,0,0.09236947791164658,False,False,False,309,0,0.0,30.93833999999999,0.4909317008740365,0.24260032693126116,0.0,0.0
VCB,BAD,UCB_WITHOUT_VAE_UNCERTAINTY,UCB-VAE without VAE uncertainty,57,42,train,0.1,0.05,1.0,94374,1000.5660499999997,100.05660499999998,8.015070020823867,12.387640214453242,0.5282114186885815,17.466819867398748,5,0.04361370716510903,False,False,False,2102,0,0.0,122.49394999999967,0.20430985327736723,0.2621392392892014,0.0,0.0
VCB,BAD,UCB_WITHOUT_VAE_UNCERTAINTY,UCB-VAE without VAE uncertainty,57,42,test,0.1,0.05,1.0,94374,27.387770000000046,2.7387770000000047,1.3648411511806957,15.052419711436496,0.03328564922971677,17.883886240731847,0,0.13253012048192772,False,False,False,309,0,0.0,30.95222999999999,0.5002337876664646,0.2403835679991657,0.0,0.0
VCB,BAD,UCB_WITHOUT_VAE_UNCERTAINTY,UCB-VAE without VAE uncertainty,57,43,train,0.1,0.05,1.0,96621,1051.4761399999966,105.14761399999966,8.317293933572856,12.387346742589097,0.5509087248499529,17.408349025114646,5,0.02892745883400089,False,False,False,2092,0,0.0,122.57385999999975,0.20217066259323638,0.2630137784989293,0.0,0.0
VCB,BAD,UCB_WITHOUT_VAE_UNCERTAINTY,UCB-VAE without VAE uncertainty,57,43,test,0.1,0.05,1.0,96621,-29.53299000000038,-2.953299000000038,-1.492786585770356,15.024861653218585,-0.15883517429066524,18.08995708298529,0,0.142570281124498,False,False,False,313,0,0.0,31.202989999999993,0.48112010921322257,0.2393706173871655,0.0,0.0
VCB,BAD,UCB_WITHOUT_VAE_UNCERTAINTY,UCB-VAE without VAE uncertainty,57,44,train,0.1,0.05,1.0,98868,985.9211599999992,98.59211599999992,7.9268657712512125,12.516884989688204,0.5173936500826928,18.449242021533507,5,0.017356475300400534,False,False,False,2095,0,0.0,122.86883999999972,0.21187143781105422,0.2594024418663809,0.0,0.0
VCB,BAD,UCB_WITHOUT_VAE_UNCERTAINTY,UCB-VAE without VAE uncertainty,57,44,test,0.1,0.05,1.0,98868,22.9136400000001,2.29136400000001,1.1431275342421277,15.08169433729181,0.0188272890867588,17.246077978276176,0,0.10040160642570281,False,False,False,307,0,0.0,29.926359999999995,0.4857088814256079,0.23791968556173354,0.0,0.0
VCB,BAD,UCB_WITHOUT_VAE_UNCERTAINTY,UCB-VAE without VAE uncertainty,57,45,train,0.1,0.05,1.0,101115,801.185750000001,80.1185750000001,6.761542049536007,12.89183152420716,0.4210947944688854,21.260737493848307,6,0.0035603026257231864,False,False,False,2112,0,0.0,124.60424999999984,0.2279059483350474,0.24911863419828703,0.0,0.0
VCB,BAD,UCB_WITHOUT_VAE_UNCERTAINTY,UCB-VAE without VAE uncertainty,57,45,test,0.1,0.05,1.0,101115,22.733720000000062,2.273372000000006,1.1342015784955084,15.316434402236439,0.020340569497599267,17.26262818059026,1,0.10040160642570281,False,False,False,307,0,0.0,30.106279999999995,0.486615402068632,0.23675940384766664,0.0,0.0
VCB,BAD,UCB_WITHOUT_VAE_UNCERTAINTY,UCB-VAE without VAE uncertainty,58,1,train,1.0,1.0,1.0,2247,773.2240900000018,77.32240900000018,6.575979876350413,18.658741679769744,0.3303617586033273,31.123443580333483,9,0.04494882064975523,False,False,False,1531,0,0.0,111.68590999999984,0.519619597114308,0.20549698163057678,0.0,0.0
VCB,BAD,UCB_WITHOUT_VAE_UNCERTAINTY,UCB-VAE without VAE uncertainty,58,1,test,1.0,1.0,1.0,2247,37.19508999999948,3.719508999999948,1.849161759142226,22.308813562933935,0.10462543459788506,28.156963896204783,1,0.008032128514056224,False,False,False,434,0,0.0,60.254909999999995,0.8479551082642147,0.3174853110349322,0.0,0.0
VCB,BAD,UCB_WITHOUT_VAE_UNCERTAINTY,UCB-VAE without VAE uncertainty,58,2,train,0.9045834549972122,0.8,1.0,4494,791.1487500000003,79.11487500000003,6.695229907135247,18.712290997379863,0.3359846342005271,32.006443623525705,10,0.04539385847797063,False,False,False,1544,0,0.0,115.2212499999999,0.5178528617796588,0.2019301460260914,0.0,0.0
VCB,BAD,UCB_WITHOUT_VAE_UNCERTAINTY,UCB-VAE without VAE uncertainty,58,2,test,0.9045834549972122,0.8,1.0,4494,46.35655999999972,4.6356559999999725,2.2995307031446366,22.35124445000145,0.12467837921147994,28.045053462460473,0,0.008032128514056224,False,False,False,441,0,0.0,60.79343999999999,0.8502771355798175,0.31365375142978374,0.0,0.0
VCB,BAD,UCB_WITHOUT_VAE_UNCERTAINTY,UCB-VAE without VAE uncertainty,58,3,train,0.8182712270546932,0.6400000000000001,1.0,6741,831.2877400000009,83.12877400000009,6.9584678451646065,18.77883693862044,0.3487020967910458,31.75230459206557,9,0.03960836671117045,False,False,False,1542,0,0.0,116.62226,0.5162625065011267,0.19800848754567998,0.0,0.0
VCB,BAD,UCB_WITHOUT_VAE_UNCERTAINTY,UCB-VAE without VAE uncertainty,58,3,test,0.8182712270546932,0.6400000000000001,1.0,6741,18.019189999999526,1.8019189999999525,0.9000309805598405,22.423365381168594,0.06314221981843991,28.207210738511268,1,0.006024096385542169,False,False,False,444,0,0.0,61.09081,0.8562472631725839,0.3091078154054511,0.0,0.0
VCB,BAD,UCB_WITHOUT_VAE_UNCERTAINTY,UCB-VAE without VAE uncertainty,58,4,train,0.7401946136939427,0.5120000000000001,1.0,8988,786.7251000000017,78.67251000000017,6.665898958864491,18.72979399255845,0.3343736568312884,32.27919978381226,9,0.04450378282153983,False,False,False,1545,0,0.0,116.49489999999986,0.5164728739416294,0.19525951514800602,0.0,0.0
VCB,BAD,UCB_WITHOUT_VAE_UNCERTAINTY,UCB-VAE without VAE uncertainty,58,4,test,0.7401946136939427,0.5120000000000001,1.0,8988,32.0960199999995,3.2096019999999497,1.597637576181521,22.367498526317803,0.09377356868188635,27.955807571180525,1,0.006024096385542169,False,False,False,447,0,0.0,60.87397999999999,0.8597059292105644,0.3049194715228904,0.0,0.0
VCB,BAD,UCB_WITHOUT_VAE_UNCERTAINTY,UCB-VAE without VAE uncertainty,58,5,train,0.6695678010255933,0.4096000000000001,1.0,11235,863.1999600000017,86.31999600000017,7.164118829276633,18.604499300779707,0.36061007838381537,30.778777029264887,8,0.046283934134401426,False,False,False,1550,0,0.0,118.92003999999986,0.5126080040743004,0.1922434627757796,0.0,0.0
VCB,BAD,UCB_WITHOUT_VAE_UNCERTAINTY,UCB-VAE without VAE uncertainty,58,5,test,0.6695678010255933,0.4096000000000001,1.0,11235,17.957789999999704,1.7957789999999703,0.8969776833740672,22.35116924376464,0.062489112854213144,28.796525366551286,1,0.006024096385542169,False,False,False,449,0,0.0,60.87221000000001,0.8570775273759514,0.30201335664255075,0.0,0.0
VCB,BAD,UCB_WITHOUT_VAE_UNCERTAINTY,UCB-VAE without VAE uncertainty,58,6,train,0.6056799548066172,0.3276800000000001,1.0,13482,855.3711700000008,85.53711700000008,7.113959493388178,18.604170925824036,0.3580649073209679,30.858921222903597,9,0.06275033377837116,False,False,False,1555,0,0.0,119.65882999999982,0.5132694339693885,0.1897153622165329,0.0,0.0
VCB,BAD,UCB_WITHOUT_VAE_UNCERTAINTY,UCB-VAE without VAE uncertainty,58,6,test,0.6056799548066172,0.3276800000000001,1.0,13482,15.477519999999686,1.5477519999999685,0.7735620811501365,22.200039539594894,0.055885146969707686,30.035861580235903,1,0.006024096385542169,False,False,False,456,0,0.0,60.60247999999999,0.8494380402098043,0.2992624798752218,0.0,0.0
VCB,BAD,UCB_WITHOUT_VAE_UNCERTAINTY,UCB-VAE without VAE uncertainty,58,7,train,0.547888066141525,0.2621440000000001,1.0,15729,906.9402600000008,90.69402600000006,7.4409648952976415,18.47994986559221,0.3758606607426085,29.66367836610711,9,0.07699154428126391,False,False,False,1579,0,0.0,122.90973999999983,0.5070182984391461,0.18708433404823488,0.0,0.0
VCB,BAD,UCB_WITHOUT_VAE_UNCERTAINTY,UCB-VAE without VAE uncertainty,58,7,test,0.547888066141525,0.2621440000000001,1.0,15729,3.209249999999429,0.3209249999999429,0.1608850051831645,22.272408058876337,0.028760663355563956,30.51486505358864,1,0.006024096385542169,False,False,False,459,0,0.0,61.29074999999999,0.8449153905570492,0.2964017710173465,0.0,0.0
VCB,BAD,UCB_WITHOUT_VAE_UNCERTAINTY,UCB-VAE without VAE uncertainty,58,8,train,0.49561047982204176,0.20971520000000007,1.0,17976,824.1475100000007,82.41475100000007,6.912018525297081,18.548868367482036,0.3483324412781004,30.62806746666094,9,0.05874499332443257,False,False,False,1596,0,0.0,123.1724899999999,0.5101204818582535,0.18542110370525955,0.0,0.0
VCB,BAD,UCB_WITHOUT_VAE_UNCERTAINTY,UCB-VAE without VAE uncertainty,58,8,test,0.49561047982204176,0.20971520000000007,1.0,17976,7.556109999999421,0.7556109999999421,0.37839191301392017,22.102898421103745,0.03722007174402427,30.002327201077577,1,0.004016064257028112,False,False,False,460,0,0.0,61.53389,0.8493116679860735,0.29301426404092207,0.0,0.0
VCB,BAD,UCB_WITHOUT_VAE_UNCERTAINTY,UCB-VAE without VAE uncertainty,58,9,train,0.4483210401702486,0.1677721600000001,1.0,20223,878.5391700000005,87.85391700000005,7.261856984176918,18.47955556226428,0.3667601472620095,30.672908494149937,8,0.05696484201157098,False,False,False,1603,0,0.0,125.1708299999999,0.5063915506397979,0.18346089749706018,0.0,0.0
VCB,BAD,UCB_WITHOUT_VAE_UNCERTAINTY,UCB-VAE without VAE uncertainty,58,9,test,0.4483210401702486,0.1677721600000001,1.0,20223,-29.3327000000005,-2.93327000000005,-1.4825869881298748,22.1070089559351,-0.048089803600024156,30.250483854859812,1,0.004016064257028112,False,False,False,462,0,0.0,61.34269999999999,0.8453506716035263,0.2908617262859421,0.0,0.0
VCB,BAD,UCB_WITHOUT_VAE_UNCERTAINTY,UCB-VAE without VAE uncertainty,58,10,train,0.4055437954651474,0.13421772800000006,1.0,22470,735.6189300000008,73.56189300000008,6.322276130635829,18.553136466139804,0.31824748257986785,32.044363400216284,8,0.06408544726301736,False,False,False,1602,0,0.0,123.58106999999995,0.5057261535947485,0.18214651989668912,0.0,0.0
VCB,BAD,UCB_WITHOUT_VAE_UNCERTAINTY,UCB-VAE without VAE uncertainty,58,10,test,0.4055437954651474,0.13421772800000006,1.0,22470,-0.22245000000032178,-0.022245000000032177,-0.011161314009833223,22.127856748371535,0.01971118095085669,30.148963047185422,1,0.004016064257028112,False,False,False,467,0,0.0,63.28244999999999,0.8481729516513127,0.2879639914835313,0.0,0.0
VCB,BAD,UCB_WITHOUT_VAE_UNCERTAINTY,UCB-VAE without VAE uncertainty,58,11,train,0.3668482076545458,0.10737418240000006,1.0,24717,720.3570000000011,72.03570000000012,6.217915317400613,18.39754380275404,0.3140028779908492,31.460635971305486,10,0.04316866933689364,False,False,False,1601,0,0.0,124.50299999999996,0.5025907422512733,0.1808319741923861,0.0,0.0
VCB,BAD,UCB_WITHOUT_VAE_UNCERTAINTY,UCB-VAE without VAE uncertainty,58,11,test,0.3668482076545458,0.10737418240000006,1.0,24717,-21.023720000000367,-2.1023720000000368,-1.0603795204602307,21.874989391217863,-0.03124033817091669,30.826422017140125,1,0.004016064257028112,False,False,False,466,0,0.0,62.53371999999999,0.8416346387840122,0.28604368503433636,0.0,0.0
VCB,BAD,UCB_WITHOUT_VAE_UNCERTAINTY,UCB-VAE without VAE uncertainty,58,12,train,0.3318448191396838,0.08589934592000005,1.0,26964,713.8559600000003,71.38559600000004,6.173211218329877,18.199536419061456,0.31307746595674363,28.973108781806673,10,0.04895416110369381,False,False,False,1608,0,0.0,124.9440399999999,0.49564399449254876,0.17955276230785333,0.0,0.0
VCB,BAD,UCB_WITHOUT_VAE_UNCERTAINTY,UCB-VAE without VAE uncertainty,58,12,test,0.3318448191396838,0.08589934592000005,1.0,26964,35.930729999999585,3.5930729999999587,1.7868516432550496,22.076517728486504,0.1006287921611816,27.613365612521477,1,0.002008032128514056,False,False,False,468,0,0.0,63.81927000000002,0.8409787449427955,0.28281125815278557,0.0,0.0
VCB,BAD,UCB_WITHOUT_VAE_UNCERTAINTY,UCB-VAE without VAE uncertainty,58,13,train,0.3001813330203001,0.06871947673600004,1.0,29211,632.054270000001,63.2054270000001,5.597434521665856,18.29686053272335,0.2824117401710357,32.969915888381955,9,0.06186025812194036,False,False,False,1611,0,0.0,124.40573000000003,0.4963791196207399,0.17863263293245288,0.0,0.0
VCB,BAD,UCB_WITHOUT_VAE_UNCERTAINTY,UCB-VAE without VAE uncertainty,58,13,test,0.3001813330203001,0.06871947673600004,1.0,29211,54.957339999999704,5.49573399999997,2.72055190810363,22.28027360684058,0.14306825823654798,27.531322021275333,1,0.002008032128514056,False,False,False,468,0,0.0,64.24265999999999,0.8447335867077381,0.2800993995374465,0.0,0.0
VCB,BAD,UCB_WITHOUT_VAE_UNCERTAINTY,UCB-VAE without VAE uncertainty,58,14,train,0.27153906734917177,0.054975581388800036,1.0,31458,676.2482200000004,67.62482200000004,5.911606111735623,18.177727327255884,0.29954932731829365,33.69690992025568,9,0.07521139296840232,False,False,False,1615,0,0.0,124.07177999999998,0.4926097687006678,0.17762823454607948,0.0,0.0
VCB,BAD,UCB_WITHOUT_VAE_UNCERTAINTY,UCB-VAE without VAE uncertainty,58,14,test,0.27153906734917177,0.054975581388800036,1.0,31458,28.30765999999994,2.8307659999999943,1.4103662449052035,21.964239418071177,0.08305421950247859,28.250923290240937,1,0.002008032128514056,False,False,False,471,0,0.0,64.53234,0.8495917733161752,0.27817802816390036,0.0,0.0
VCB,BAD,UCB_WITHOUT_VAE_UNCERTAINTY,UCB-VAE without VAE uncertainty,58,15,train,0.24562974770943447,0.05,1.0,33705,688.9614700000011,68.89614700000011,6.000619915803762,18.086185155352148,0.3048176696435721,31.9331134932741,9,0.06542056074766354,False,False,False,1619,0,0.0,125.82852999999997,0.48484745678860747,0.17621570337160886,0.0,0.0
VCB,BAD,UCB_WITHOUT_VAE_UNCERTAINTY,UCB-VAE without VAE uncertainty,58,15,test,0.24562974770943447,0.05,1.0,33705,68.68880999999988,6.868880999999988,3.389198738053101,21.799546725596624,0.17141378596701995,28.250923290240937,1,0.002008032128514056,False,False,False,470,0,0.0,65.03119000000001,0.8429589217563696,0.27622934580447683,0.0,0.0
VCB,BAD,UCB_WITHOUT_VAE_UNCERTAINTY,UCB-VAE without VAE uncertainty,58,16,train,0.2221926058330938,0.05,1.0,35952,721.3534500000007,72.13534500000007,6.224754084182749,18.084689750334743,0.3166112145011172,31.149667319515327,10,0.05740987983978638,False,False,False,1631,0,0.0,128.05655000000004,0.483745906738624,0.17483535428536856,0.0,0.0
VCB,BAD,UCB_WITHOUT_VAE_UNCERTAINTY,UCB-VAE without VAE uncertainty,58,16,test,0.2221926058330938,0.05,1.0,35952,93.1070299999999,9.31070299999999,4.567741679764059,22.41316985001771,0.22373104509411187,27.093243862416323,1,0.002008032128514056,False,False,False,472,0,0.0,65.25296999999999,0.8506101286074521,0.2738844547345935,0.0,0.0
VCB,BAD,UCB_WITHOUT_VAE_UNCERTAINTY,UCB-VAE without VAE uncertainty,58,17,train,0.20099175505933367,0.05,1.0,38199,639.3896100000015,63.93896100000015,5.650100237684175,17.869690542668707,0.2876477429948138,31.614521987863455,9,0.06230529595015576,False,False,False,1629,0,0.0,126.81038999999996,0.48298127007183606,0.17421653016930852,0.0,0.0
VCB,BAD,UCB_WITHOUT_VAE_UNCERTAINTY,UCB-VAE without VAE uncertainty,58,17,test,0.20099175505933367,0.05,1.0,38199,76.2044599999997,7.620445999999969,3.7533571667251575,22.25458115049604,0.1882953708379529,27.15579433834781,1,0.002008032128514056,False,False,False,471,0,0.0,65.64553999999997,0.8488284953587896,0.2721491136763948,0.0,0.0
VCB,BAD,UCB_WITHOUT_VAE_UNCERTAINTY,UCB-VAE without VAE uncertainty,58,18,train,0.18181381621752543,0.05,1.0,40446,694.8520300000002,69.48520300000003,6.041661859308456,17.770457344168992,0.30925572260082723,29.459331647115683,8,0.07120605251446373,False,False,False,1619,0,0.0,126.70796999999995,0.4714159547281936,0.1732995515705004,0.0,0.0
VCB,BAD,UCB_WITHOUT_VAE_UNCERTAINTY,UCB-VAE without VAE uncertainty,58,18,test,0.18181381621752543,0.05,1.0,40446,67.73212999999964,6.773212999999964,3.342752949518202,22.283311517169434,0.17037247321234283,27.15579433834781,1,0.002008032128514056,False,False,False,471,0,0.0,65.44786999999995,0.8462643066433094,0.27045785934929867,0.0,0.0
VCB,BAD,UCB_WITHOUT_VAE_UNCERTAINTY,UCB-VAE without VAE uncertainty,58,19,train,0.16446577004027732,0.05,1.0,42693,701.6006800000023,70.16006800000024,6.088526924637261,17.8060288236032,0.3114687512354189,32.39692820306823,7,0.06008010680907877,False,False,False,1619,0,0.0,127.74931999999987,0.4770897059260356,0.1722736537463144,0.0,0.0
VCB,BAD,UCB_WITHOUT_VAE_UNCERTAINTY,UCB-VAE without VAE uncertainty,58,19,test,0.16446577004027732,0.05,1.0,42693,125.28278000000023,12.528278000000023,6.100847880093108,22.37197672655497,0.2893188914930965,26.62174248692851,1,0.002008032128514056,False,False,False,471,0,0.0,65.84722000000001,0.8445122840767543,0.2681813883673714,0.0,0.0
VCB,BAD,UCB_WITHOUT_VAE_UNCERTAINTY,UCB-VAE without VAE uncertainty,58,20,train,0.14877301449181102,0.05,1.0,44940,587.1876600000016,58.718766000000166,5.2706487672746105,17.761054734005285,0.2679349779293289,32.3305218930886,11,0.06141522029372497,False,False,False,1632,0,0.0,126.58233999999999,0.47522380651901724,0.17163017362316396,0.0,0.0
VCB,BAD,UCB_WITHOUT_VAE_UNCERTAINTY,UCB-VAE without VAE uncertainty,58,20,test,0.14877301449181102,0.05,1.0,44940,79.0963499999998,7.90963499999998,3.893141187826843,22.33915416211972,0.19453796397448786,26.76699595931779,1,0.002008032128514056,False,False,False,472,0,0.0,66.45365000000001,0.8479007818196679,0.26654974963650646,0.0,0.0
VCB,BAD,UCB_WITHOUT_VAE_UNCERTAINTY,UCB-VAE without VAE uncertainty,58,21,train,0.13457760745935274,0.05,1.0,47187,702.3316500000008,70.23316500000007,6.093593124015295,17.595421623322224,0.31335000975127203,30.199170428301386,7,0.05473965287049399,False,False,False,1626,0,0.0,127.6683499999999,0.46760385356159573,0.17054744164944757,0.0,0.0
VCB,BAD,UCB_WITHOUT_VAE_UNCERTAINTY,UCB-VAE without VAE uncertainty,58,21,test,0.13457760745935274,0.05,1.0,47187,82.82242999999971,8.282242999999971,4.072972181274981,22.38164772564829,0.2023760274425779,26.60123463348067,1,0.002008032128514056,False,False,False,472,0,0.0,66.42757,0.8462095296123198,0.2646465949923638,0.0,0.0
VCB,BAD,UCB_WITHOUT_VAE_UNCERTAINTY,UCB-VAE without VAE uncertainty,58,22,train,0.12173667712083987,0.05,1.0,49434,728.7515299999998,72.87515299999998,6.275418321363735,17.50638761021868,0.3239271209059634,28.95270359217695,7,0.06631063640409435,False,False,False,1623,0,0.0,128.79846999999984,0.46504928597799505,0.16928987427849637,0.0,0.0
VCB,BAD,UCB_WITHOUT_VAE_UNCERTAINTY,UCB-VAE without VAE uncertainty,58,22,test,0.12173667712083987,0.05,1.0,49434,75.92133999999965,7.592133999999964,3.739662065928173,22.39169948017198,0.1879304449013175,26.744110302662115,1,0.002008032128514056,False,False,False,474,0,0.0,67.31866000000001,0.8475265129188566,0.26287283093096264,0.0,0.0
VCB,BAD,UCB_WITHOUT_VAE_UNCERTAINTY,UCB-VAE without VAE uncertainty,58,23,train,0.11012098398984942,0.05,1.0,51681,786.1465500000002,78.61465500000001,6.662058119786374,17.74654495466363,0.3425772425159582,27.460304357765057,9,0.07565643079661771,False,False,False,1618,0,0.0,128.74344999999983,0.46391980360533486,0.168256584818516,0.0,0.0
VCB,BAD,UCB_WITHOUT_VAE_UNCERTAINTY,UCB-VAE without VAE uncertainty,58,23,test,0.11012098398984942,0.05,1.0,51681,48.33385999999973,4.833385999999972,2.3964747241675965,22.040149136547377,0.1277857776973214,26.708521990145073,1,0.0,False,False,False,476,0,0.0,68.47614,0.8397509339329825,0.26117084271098717,0.0,0.0
VCB,BAD,UCB_WITHOUT_VAE_UNCERTAINTY,UCB-VAE without VAE uncertainty,58,24,train,0.1,0.05,1.0,53928,806.1575400000004,80.61575400000004,6.794267965932921,17.52606619371025,0.35177885754098887,27.35961904105163,8,0.07654650645304852,False,False,False,1606,0,0.0,128.66245999999984,0.45701569516749135,0.16744840307253225,0.0,0.0
VCB,BAD,UCB_WITHOUT_VAE_UNCERTAINTY,UCB-VAE without VAE uncertainty,58,24,test,0.1,0.05,1.0,53928,19.651469999999904,1.9651469999999904,0.9811673285494482,22.107562283225604,0.06451952737379484,29.685351572129758,0,0.0,False,False,False,475,0,0.0,68.38853,0.8447751305615779,0.25918221144551734,0.0,0.0
VCB,BAD,UCB_WITHOUT_VAE_UNCERTAINTY,UCB-VAE without VAE uncertainty,58,25,train,0.1,0.05,1.0,56175,779.8234300000004,77.98234300000003,6.6200083733424675,17.50936265690411,0.3425345840755795,27.294979922650032,9,0.06319537160658656,False,False,False,1619,0,0.0,128.66656999999984,0.45829283312745434,0.16637137587939468,0.0,0.0
VCB,BAD,UCB_WITHOUT_VAE_UNCERTAINTY,UCB-VAE without VAE uncertainty,58,25,test,0.1,0.05,1.0,56175,13.154409999999643,1.3154409999999643,0.6578302940264402,21.588737912392784,0.045896946511626714,31.061875977227,1,0.002008032128514056,False,False,False,475,0,0.0,70.09559000000003,0.8279566006466099,0.2578095027421373,0.0,0.0
VCB,BAD,UCB_WITHOUT_VAE_UNCERTAINTY,UCB-VAE without VAE uncertainty,58,26,train,0.1,0.05,1.0,58422,756.2178699999995,75.62178699999996,6.461845455645521,17.46713763791126,0.3343539305992555,27.89722986764303,8,0.06186025812194036,False,False,False,1625,0,0.0,129.46212999999983,0.4583603805184611,0.16547870935733763,0.0,0.0
VCB,BAD,UCB_WITHOUT_VAE_UNCERTAINTY,UCB-VAE without VAE uncertainty,58,26,test,0.1,0.05,1.0,58422,39.9865999999995,3.99865999999995,1.9865989030766418,21.750599307220405,0.10794800089220527,30.38582542956405,1,0.0,False,False,False,476,0,0.0,69.82340000000002,0.8375567222582663,0.2558580231235688,0.0,0.0
VCB,BAD,UCB_WITHOUT_VAE_UNCERTAINTY,UCB-VAE without VAE uncertainty,58,27,train,0.1,0.05,1.0,60669,660.8307599999991,66.08307599999992,5.802849727583603,17.20469076563243,0.30048480743188233,28.017862846033044,11,0.06987093902981753,False,False,False,1611,0,0.0,128.86923999999993,0.4480575445275515,0.1645971120338892,0.0,0.0
VCB,BAD,UCB_WITHOUT_VAE_UNCERTAINTY,UCB-VAE without VAE uncertainty,58,27,test,0.1,0.05,1.0,60669,-5.244440000000395,-0.5244440000000395,-0.26346718891142595,21.579772082718666,0.002859455055447976,30.38582542956405,1,0.0,False,False,False,477,0,0.0,70.26444000000002,0.83218331723742,0.25411174733595676,0.0,0.0
VCB,BAD,UCB_WITHOUT_VAE_UNCERTAINTY,UCB-VAE without VAE uncertainty,58,28,train,0.1,0.05,1.0,62916,626.3430899999998,62.63430899999999,5.556283954369312,17.169656828093174,0.2870159241708603,28.02177512395491,9,0.07476635514018691,False,False,False,1601,0,0.0,127.62690999999992,0.44506718879687884,0.16390716097171326,0.0,0.0
VCB,BAD,UCB_WITHOUT_VAE_UNCERTAINTY,UCB-VAE without VAE uncertainty,58,28,test,0.1,0.05,1.0,62916,-4.463420000000497,-0.4463420000000497,-0.22418696413258887,21.75375522942996,0.006346146453147927,30.52069784517893,0,0.0,False,False,False,476,0,0.0,70.18342000000001,0.8232503859578302,0.2525705093420653,0.0,0.0
VCB,BAD,UCB_WITHOUT_VAE_UNCERTAINTY,UCB-VAE without VAE uncertainty,58,29,train,0.1,0.05,1.0,65163,548.1004900000003,54.81004900000003,4.97919510130731,17.080747628900387,0.25527168833896124,27.846890841703114,10,0.08233199821984868,False,False,False,1591,0,0.0,126.20950999999998,0.44125980703201595,0.16344261073938834,0.0,0.0
VCB,BAD,UCB_WITHOUT_VAE_UNCERTAINTY,UCB-VAE without VAE uncertainty,58,29,test,0.1,0.05,1.0,65163,29.324419999999918,2.9324419999999916,1.4606618030404528,22.110969895347974,0.08614584628813866,29.780644979654845,0,0.0,False,False,False,479,0,0.0,70.78558000000001,0.8394470875643255,0.2502175982458046,0.0,0.0
VCB,BAD,UCB_WITHOUT_VAE_UNCERTAINTY,UCB-VAE without VAE uncertainty,58,30,train,0.1,0.05,1.0,67410,570.4984099999997,57.049840999999965,5.146994569016594,17.00974017178799,0.2650901151699122,26.88710617856079,9,0.08099688473520249,False,False,False,1597,0,0.0,127.71158999999992,0.4422882147865363,0.1624340255378775,0.0,0.0
VCB,BAD,UCB_WITHOUT_VAE_UNCERTAINTY,UCB-VAE without VAE uncertainty,58,30,test,0.1,0.05,1.0,67410,27.71966999999995,2.771966999999995,1.381269128703444,22.064925594318723,0.08228059013110356,29.780644979654845,0,0.0,False,False,False,479,0,0.0,71.24033,0.8390738593291192,0.24857059722564306,0.0,0.0
VCB,BAD,UCB_WITHOUT_VAE_UNCERTAINTY,UCB-VAE without VAE uncertainty,58,31,train,0.1,0.05,1.0,69657,552.8864300000007,55.28864300000007,5.015230578133401,16.987418573159776,0.2577730567280099,27.3052357618839,9,0.0774365821094793,False,False,False,1603,0,0.0,127.49356999999995,0.4412040673414154,0.1614784507564189,0.0,0.0
VCB,BAD,UCB_WITHOUT_VAE_UNCERTAINTY,UCB-VAE without VAE uncertainty,58,31,test,0.1,0.05,1.0,69657,24.389379999999846,2.4389379999999847,1.2163105139568753,22.096592371293315,0.07504827868733162,29.65197222527914,0,0.0,False,False,False,481,0,0.0,71.44062,0.8356448713145475,0.24689772587464037,0.0,0.0
VCB,BAD,UCB_WITHOUT_VAE_UNCERTAINTY,UCB-VAE without VAE uncertainty,58,32,train,0.1,0.05,1.0,71904,558.0890700000007,55.80890700000006,5.054291769332275,16.887374121816197,0.2604644075066181,27.68804681980301,8,0.07343124165554073,False,False,False,1597,0,0.0,127.66092999999985,0.4377606429637729,0.16073429506582104,0.0,0.0
VCB,BAD,UCB_WITHOUT_VAE_UNCERTAINTY,UCB-VAE without VAE uncertainty,58,32,test,0.1,0.05,1.0,71904,25.441540000000032,2.5441540000000034,1.2684557906637028,21.949102840783144,0.07643284132968461,29.677693826217876,0,0.0,False,False,False,481,0,0.0,72.52845999999998,0.8338817989116319,0.24508635852351246,0.0,0.0
VCB,BAD,UCB_WITHOUT_VAE_UNCERTAINTY,UCB-VAE without VAE uncertainty,58,33,train,0.1,0.05,1.0,74151,603.8037400000001,60.380374,5.392618053667664,16.686643128326526,0.281001113687708,23.910173758428723,7,0.07521139296840232,False,False,False,1607,0,0.0,128.48625999999985,0.4312424488124645,0.15989705446393002,0.0,0.0
VCB,BAD,UCB_WITHOUT_VAE_UNCERTAINTY,UCB-VAE without VAE uncertainty,58,33,test,0.1,0.05,1.0,74151,79.11799000000019,7.91179900000002,3.8941864869488807,21.571981853658038,0.1935900155015966,25.929311191285397,0,0.0,False,False,False,479,0,0.0,74.15200999999996,0.8271707666964165,0.2429871376918023,0.0,0.0
VCB,BAD,UCB_WITHOUT_VAE_UNCERTAINTY,UCB-VAE without VAE uncertainty,58,34,train,0.1,0.05,1.0,76398,512.8213599999988,51.28213599999988,4.710464895107003,16.648738191059202,0.24193740622919377,26.6665669723159,7,0.07610146862483311,False,False,False,1597,0,0.0,128.53863999999984,0.42590948714432075,0.15934839996566866,0.0,0.0
VCB,BAD,UCB_WITHOUT_VAE_UNCERTAINTY,UCB-VAE without VAE uncertainty,58,34,test,0.1,0.05,1.0,76398,24.67959999999971,2.467959999999971,1.2306965441378548,21.315893359587545,0.07053360667750941,27.173853055877608,0,0.0,False,False,False,482,0,0.0,72.91039999999995,0.8172536291534332,0.24192755190603227,0.0,0.0
VCB,BAD,UCB_WITHOUT_VAE_UNCERTAINTY,UCB-VAE without VAE uncertainty,58,35,train,0.1,0.05,1.0,78645,574.4756999999988,57.44756999999988,5.17656878185937,16.560506752001977,0.26941749780389485,23.70621750194413,9,0.08544726301735647,False,False,False,1583,0,0.0,128.4842999999999,0.4170274484201268,0.15878905753825154,0.0,0.0
VCB,BAD,UCB_WITHOUT_VAE_UNCERTAINTY,UCB-VAE without VAE uncertainty,58,35,test,0.1,0.05,1.0,78645,53.39856999999961,5.339856999999961,2.6443750085558104,21.390924177954844,0.13640644582390074,27.18275067126707,0,0.0,False,False,False,481,0,0.0,73.62142999999999,0.8137898063143625,0.24014606099411187,0.0,0.0
VCB,BAD,UCB_WITHOUT_VAE_UNCERTAINTY,UCB-VAE without VAE uncertainty,58,36,train,0.1,0.05,1.0,80892,605.5051199999987,60.55051199999987,5.405043456795511,16.44413424924679,0.28343129063790057,24.31049822194001,8,0.08678237650200267,False,False,False,1565,0,0.0,127.7848799999999,0.41265383350919704,0.15806435041948588,0.0,0.0
VCB,BAD,UCB_WITHOUT_VAE_UNCERTAINTY,UCB-VAE without VAE uncertainty,58,36,test,0.1,0.05,1.0,80892,69.8749899999998,6.98749899999998,3.446757746473672,21.536456666158934,0.17340199767462774,27.199574656816356,0,0.0,False,False,False,480,0,0.0,73.69500999999997,0.8232805168946052,0.23856138494838194,0.0,0.0
VCB,BAD,UCB_WITHOUT_VAE_UNCERTAINTY,UCB-VAE without VAE uncertainty,58,37,train,0.1,0.05,1.0,83139,573.8230599999972,57.382305999999716,5.17172045835117,16.308534862670008,0.27071466726812937,23.991322490956023,7,0.09434801958166444,False,False,False,1567,0,0.0,128.0669399999999,0.4112890601184344,0.1572961099694504,0.0,0.0
VCB,BAD,UCB_WITHOUT_VAE_UNCERTAINTY,UCB-VAE without VAE uncertainty,58,37,test,0.1,0.05,1.0,83139,52.06362999999965,5.206362999999965,2.5790919930752665,21.230285386475586,0.13279976914477704,27.28728968060886,0,0.0,False,False,False,481,0,0.0,74.99637000000004,0.8181347823975698,0.23687263558727192,0.0,0.0
VCB,BAD,UCB_WITHOUT_VAE_UNCERTAINTY,UCB-VAE without VAE uncertainty,58,38,train,0.1,0.05,1.0,85386,569.4630499999982,56.94630499999982,5.139284950864442,16.26363101854224,0.269107077372929,24.527875894865534,6,0.09924343569203382,False,False,False,1565,0,0.0,128.59695,0.4090653257063253,0.15648254103922132,0.0,0.0
VCB,BAD,UCB_WITHOUT_VAE_UNCERTAINTY,UCB-VAE without VAE uncertainty,58,38,test,0.1,0.05,1.0,85386,21.904710000000023,2.1904710000000023,1.0930637065448057,21.21872009473264,0.06344650099820606,28.7973487430144,0,0.0,False,False,False,481,0,0.0,73.25529,0.829456420671459,0.23569161612465678,0.0,0.0
VCB,BAD,UCB_WITHOUT_VAE_UNCERTAINTY,UCB-VAE without VAE uncertainty,58,39,train,0.1,0.05,1.0,87633,559.1939599999989,55.919395999999885,5.0625723079472,16.364844269859333,0.2639790939795589,22.914231871725068,8,0.09301290609701825,False,False,False,1563,0,0.0,127.26603999999982,0.4045093744303637,0.15602440860505415,0.0,0.0
VCB,BAD,UCB_WITHOUT_VAE_UNCERTAINTY,UCB-VAE without VAE uncertainty,58,39,test,0.1,0.05,1.0,87633,-0.5021700000000919,-0.0502170000000092,-0.025197877181992734,21.127887086336138,0.009698237981968599,28.560245421643852,0,0.0,False,False,False,481,0,0.0,73.41217,0.8249771767000936,0.23442539304913765,0.0,0.0
VCB,BAD,UCB_WITHOUT_VAE_UNCERTAINTY,UCB-VAE without VAE uncertainty,58,40,train,0.1,0.05,1.0,89880,548.2428699999989,54.82428699999989,4.980268571969759,16.15818191229856,0.2603956392237543,22.90380930122274,8,0.08856252781486426,False,False,False,1562,0,0.0,128.4271299999998,0.3960699691164679,0.15541778666990622,0.0,0.0
VCB,BAD,UCB_WITHOUT_VAE_UNCERTAINTY,UCB-VAE without VAE uncertainty,58,40,test,0.1,0.05,1.0,89880,-36.09352000000047,-3.609352000000047,-1.827457789231568,21.29211224030086,-0.07477393516487134,30.668422531344554,1,0.0,False,False,False,481,0,0.0,72.04352,0.8175492824275771,0.23389925218250857,0.0,0.0
VCB,BAD,UCB_WITHOUT_VAE_UNCERTAINTY,UCB-VAE without VAE uncertainty,58,41,train,0.1,0.05,1.0,92127,438.48663999999803,43.8486639999998,4.125502362428457,16.108052742401547,0.20951693211643546,21.86678872381081,7,0.09479305740987984,False,False,False,1557,0,0.0,126.98335999999989,0.3907439211747384,0.15533999646763086,0.0,0.0
VCB,BAD,UCB_WITHOUT_VAE_UNCERTAINTY,UCB-VAE without VAE uncertainty,58,41,test,0.1,0.05,1.0,92127,27.72548000000029,2.772548000000029,1.381556681384244,21.35088214358955,0.07779671149184657,27.62932482977139,0,0.0,False,False,False,480,0,0.0,75.16452,0.8195356375613765,0.23136891129924111,0.0,0.0
VCB,BAD,UCB_WITHOUT_VAE_UNCERTAINTY,UCB-VAE without VAE uncertainty,58,42,train,0.1,0.05,1.0,94374,516.8210399999989,51.682103999999896,4.741209775883526,16.01970782895974,0.24689312239731098,22.15235502346572,8,0.09612817089452604,False,False,False,1546,0,0.0,126.79895999999981,0.39369981975170854,0.15393068032976676,0.0,0.0
VCB,BAD,UCB_WITHOUT_VAE_UNCERTAINTY,UCB-VAE without VAE uncertainty,58,42,test,0.1,0.05,1.0,94374,-21.913899999999558,-2.1913899999999558,-1.1055269645615207,21.330349323251212,-0.039625559951395085,29.242066095966994,1,0.0,False,False,False,481,0,0.0,75.14390000000002,0.8139034977699021,0.2304835761467137,0.0,0.0
VCB,BAD,UCB_WITHOUT_VAE_UNCERTAINTY,UCB-VAE without VAE uncertainty,58,43,train,0.1,0.05,1.0,96621,481.52564999999754,48.152564999999754,4.467373928079277,15.763889599230318,0.2315759366797369,21.247941207304414,7,0.08900756564307966,False,False,False,1553,0,0.0,127.14434999999992,0.3843004715058505,0.15344624015745928,0.0,0.0
VCB,BAD,UCB_WITHOUT_VAE_UNCERTAINTY,UCB-VAE without VAE uncertainty,58,43,test,0.1,0.05,1.0,96621,31.54266000000007,3.154266000000007,1.5703045235347268,21.392310410845667,0.08680118264020162,29.353440524686487,0,0.002008032128514056,False,False,False,482,0,0.0,75.45733999999996,0.8208410166137255,0.22846935019196277,0.0,0.0
VCB,BAD,UCB_WITHOUT_VAE_UNCERTAINTY,UCB-VAE without VAE uncertainty,58,44,train,0.1,0.05,1.0,98868,434.73292000000015,43.473292000000015,4.095256067767061,15.666139018388886,0.20905744411285307,22.406994766658936,7,0.09123275478415666,False,False,False,1544,0,0.0,126.2770799999998,0.37903870485912167,0.15337781787820534,0.0,0.0
VCB,BAD,UCB_WITHOUT_VAE_UNCERTAINTY,UCB-VAE without VAE uncertainty,58,44,test,0.1,0.05,1.0,98868,38.166040000000066,3.816604000000007,1.8969863720650348,21.32240799319852,0.10157032852276712,29.353440524686487,0,0.002008032128514056,False,False,False,482,0,0.0,75.55395999999998,0.820004942244434,0.2270534135640625,0.0,0.0
VCB,BAD,UCB_WITHOUT_VAE_UNCERTAINTY,UCB-VAE without VAE uncertainty,58,45,train,0.1,0.05,1.0,101115,443.24468999999885,44.32446899999988,4.163740576067854,15.597598528829032,0.21352066303488856,21.187585396331205,8,0.08678237650200267,False,False,False,1528,0,0.0,124.5553099999999,0.3713363493847807,0.15262814112501671,0.0,0.0
VCB,BAD,UCB_WITHOUT_VAE_UNCERTAINTY,UCB-VAE without VAE uncertainty,58,45,test,0.1,0.05,1.0,101115,33.0603900000001,3.30603900000001,1.6452548993814986,21.60590771621872,0.09153398853451238,29.012674092976713,0,0.002008032128514056,False,False,False,482,0,0.0,75.26960999999997,0.8190796025018754,0.22578938465460716,0.0,0.0
VCB,BAD,UCB_WITHOUT_VAE_UNCERTAINTY,UCB-VAE without VAE uncertainty,59,1,train,1.0,1.0,1.0,2247,139.99873999999977,13.999873999999975,1.4675183114157386,8.728095993266285,-0.017154667459910154,20.870357802097267,0,0.6622162883845126,False,False,False,476,0,0.0,39.391260000000024,0.1204665157238887,0.2722801720971365,0.0,0.0
VCB,BAD,UCB_WITHOUT_VAE_UNCERTAINTY,UCB-VAE without VAE uncertainty,59,1,test,1.0,1.0,1.0,2247,203.39818000000082,20.339818000000083,9.734386683857554,17.179436821574765,0.5149191409836418,18.58776355724787,0,0.010040160642570281,False,False,False,402,0,0.0,40.52182000000003,0.5719938877888312,0.2837245570548088,0.0,0.0
VCB,BAD,UCB_WITHOUT_VAE_UNCERTAINTY,UCB-VAE without VAE uncertainty,59,2,train,0.9045834549972122,0.8,1.0,4494,188.48808000000008,18.84880800000001,1.938553406141419,9.216394066194034,0.0391587906711713,19.409011992690235,0,0.6626613262127281,False,False,False,487,0,0.0,42.06192,0.12843313878610552,0.2661918484347632,0.0,0.0
VCB,BAD,UCB_WITHOUT_VAE_UNCERTAINTY,UCB-VAE without VAE uncertainty,59,2,test,0.9045834549972122,0.8,1.0,4494,213.16425000000027,21.316425000000027,10.180285823210555,17.147119165112375,0.5394146701415553,18.58776355724787,0,0.008032128514056224,False,False,False,406,0,0.0,40.54575000000002,0.5665652064401002,0.2785225143454161,0.0,0.0
VCB,BAD,UCB_WITHOUT_VAE_UNCERTAINTY,UCB-VAE without VAE uncertainty,59,3,train,0.8182712270546932,0.6400000000000001,1.0,6741,184.21761000000015,18.421761000000014,1.8977619998712836,9.254240662511014,0.03501419330137669,19.466100038162708,0,0.6568758344459279,False,False,False,501,0,0.0,44.442390000000024,0.13077089879957687,0.26047164105910114,0.0,0.0
VCB,BAD,UCB_WITHOUT_VAE_UNCERTAINTY,UCB-VAE without VAE uncertainty,59,3,test,0.8182712270546932,0.6400000000000001,1.0,6741,232.0423099999989,23.204230999999893,11.037178679611337,16.995269492792232,0.5886980077254845,16.911509058291443,1,0.008032128514056224,False,False,False,412,0,0.0,41.96769000000002,0.5620161258838986,0.2726690047177445,0.0,0.0
VCB,BAD,UCB_WITHOUT_VAE_UNCERTAINTY,UCB-VAE without VAE uncertainty,59,4,train,0.7401946136939427,0.5120000000000001,1.0,8988,212.35765000000015,21.235765000000015,2.164184087194232,9.148200718099377,0.06313507981414386,18.79484133552487,0,0.5763239875389408,False,False,False,517,0,0.0,46.802350000000004,0.13416709391890155,0.25540029101362216,0.0,0.0
VCB,BAD,UCB_WITHOUT_VAE_UNCERTAINTY,UCB-VAE without VAE uncertainty,59,4,test,0.7401946136939427,0.5120000000000001,1.0,8988,234.64120999999955,23.464120999999956,11.154631418709492,16.83929549404657,0.5988962063462961,17.081747113196442,0,0.008032128514056224,False,False,False,413,0,0.0,41.078790000000005,0.5571281299003028,0.26836586249880046,0.0,0.0
VCB,BAD,UCB_WITHOUT_VAE_UNCERTAINTY,UCB-VAE without VAE uncertainty,59,5,train,0.6695678010255933,0.4096000000000001,1.0,11235,142.0778700000019,14.207787000000188,1.488077568856938,9.192702796645303,-0.009575247206498752,20.293721501333735,0,0.6550956831330663,False,False,False,532,0,0.0,47.79213000000001,0.1302826922772046,0.2508632178386424,0.0,0.0
VCB,BAD,UCB_WITHOUT_VAE_UNCERTAINTY,UCB-VAE without VAE uncertainty,59,5,test,0.6695678010255933,0.4096000000000001,1.0,11235,279.87227999999914,27.987227999999913,13.179383813658019,16.845306042803184,0.7068590873193026,17.829530089084507,1,0.008032128514056224,False,False,False,417,0,0.0,39.95772000000002,0.5420751966063865,0.2644064901583645,0.0,0.0
VCB,BAD,UCB_WITHOUT_VAE_UNCERTAINTY,UCB-VAE without VAE uncertainty,59,6,train,0.6056799548066172,0.3276800000000001,1.0,13482,184.4367900000002,18.44367900000002,1.899858781412811,9.088997630456616,0.03425320373361921,19.820878910092343,0,0.6461949265687583,False,False,False,531,0,0.0,46.483210000000014,0.13005849013467477,0.24648954108204904,0.0,0.0
VCB,BAD,UCB_WITHOUT_VAE_UNCERTAINTY,UCB-VAE without VAE uncertainty,59,6,test,0.6056799548066172,0.3276800000000001,1.0,13482,287.4526599999988,28.74526599999988,13.515207314862776,16.482688246223805,0.736911942526923,15.379343124701087,0,0.006024096385542169,False,False,False,427,0,0.0,42.437340000000034,0.5344418032995675,0.2611374094423999,0.0,0.0
VCB,BAD,UCB_WITHOUT_VAE_UNCERTAINTY,UCB-VAE without VAE uncertainty,59,7,train,0.547888066141525,0.2621440000000001,1.0,15729,196.04672000000073,19.604672000000072,2.010435023353363,9.132803220469064,0.04647175332313916,18.79930623476622,0,0.6248331108144193,False,False,False,548,0,0.0,49.86328000000002,0.1365992966106723,0.24218712167496886,0.0,0.0
VCB,BAD,UCB_WITHOUT_VAE_UNCERTAINTY,UCB-VAE without VAE uncertainty,59,7,test,0.547888066141525,0.2621440000000001,1.0,15729,267.93986999999856,26.79398699999986,12.648743772419557,16.44797157210128,0.6911097298829663,15.6204977727977,0,0.006024096385542169,False,False,False,432,0,0.0,43.15013000000001,0.5245240930764253,0.257925527222664,0.0,0.0
VCB,BAD,UCB_WITHOUT_VAE_UNCERTAINTY,UCB-VAE without VAE uncertainty,59,8,train,0.49561047982204176,0.20971520000000007,1.0,17976,178.8090300000008,17.88090300000008,1.845911329976846,8.942029141758043,0.02732816834843012,18.954283076145774,0,0.5905651980418336,False,False,False,569,0,0.0,50.580970000000015,0.1303030355514165,0.23874835518131163,0.0,0.0
VCB,BAD,UCB_WITHOUT_VAE_UNCERTAINTY,UCB-VAE without VAE uncertainty,59,8,test,0.49561047982204176,0.20971520000000007,1.0,17976,271.7682699999982,27.17682699999982,12.819264633379834,16.87372514782089,0.6868069257297761,15.166311063125521,1,0.008032128514056224,False,False,False,439,0,0.0,44.921730000000025,0.5182786843339253,0.25549903102069493,0.0,0.0
VCB,BAD,UCB_WITHOUT_VAE_UNCERTAINTY,UCB-VAE without VAE uncertainty,59,9,train,0.4483210401702486,0.1677721600000001,1.0,20223,183.38481000000183,18.338481000000183,1.889791887105452,8.80054021931665,0.03128582777449056,18.860783887540215,0,0.6021361815754339,False,False,False,594,0,0.0,56.295190000000005,0.1381644225935666,0.23550444474326912,0.0,0.0
VCB,BAD,UCB_WITHOUT_VAE_UNCERTAINTY,UCB-VAE without VAE uncertainty,59,9,test,0.4483210401702486,0.1677721600000001,1.0,20223,270.7809799999975,27.078097999999752,12.775314228032508,16.49108516962164,0.6965013612794698,17.211379729272792,0,0.008032128514056224,False,False,False,436,0,0.0,44.90902000000002,0.49847404812573864,0.25343963529271296,0.0,0.0
VCB,BAD,UCB_WITHOUT_VAE_UNCERTAINTY,UCB-VAE without VAE uncertainty,59,10,train,0.4055437954651474,0.13421772800000006,1.0,22470,216.49641000000292,21.64964100000029,2.2029040601626804,8.746937472850426,0.06632251227988664,18.368462405120386,0,0.6003560302625723,False,False,False,601,0,0.0,57.183590000000024,0.13970906792052304,0.23279308249844835,0.0,0.0
VCB,BAD,UCB_WITHOUT_VAE_UNCERTAINTY,UCB-VAE without VAE uncertainty,59,10,test,0.4055437954651474,0.13421772800000006,1.0,22470,257.7541599999972,25.775415999999723,12.193808423943132,16.370759637633192,0.6685734737488067,17.82904249232947,0,0.008032128514056224,False,False,False,439,0,0.0,43.85583999999999,0.4899469097943548,0.25158377846022206,0.0,0.0
VCB,BAD,UCB_WITHOUT_VAE_UNCERTAINTY,UCB-VAE without VAE uncertainty,59,11,train,0.3668482076545458,0.10737418240000006,1.0,24717,154.01977000000215,15.401977000000217,1.6055235164726955,9.093852306707443,0.0021823304259677174,19.154459453351862,0,0.5905651980418336,False,False,False,618,0,0.0,58.550230000000006,0.13935369243685636,0.23026757495345992,0.0,0.0
VCB,BAD,UCB_WITHOUT_VAE_UNCERTAINTY,UCB-VAE without VAE uncertainty,59,11,test,0.3668482076545458,0.10737418240000006,1.0,24717,251.521739999999,25.1521739999999,11.914537423590366,16.761106858114093,0.6418435568272958,14.150065323185215,1,0.010040160642570281,False,False,False,439,0,0.0,45.17825999999999,0.49306024075327376,0.24845465742440587,0.0,0.0
VCB,BAD,UCB_WITHOUT_VAE_UNCERTAINTY,UCB-VAE without VAE uncertainty,59,12,train,0.3318448191396838,0.08589934592000005,1.0,26964,193.7357800000009,19.373578000000087,1.9885012586315476,8.854438163922469,0.042674217960255084,19.089240204898903,1,0.5874499332443258,False,False,False,617,0,0.0,57.79422,0.1387853484055535,0.22815049805400314,0.0,0.0
VCB,BAD,UCB_WITHOUT_VAE_UNCERTAINTY,UCB-VAE without VAE uncertainty,59,12,test,0.3318448191396838,0.08589934592000005,1.0,26964,284.9109399999977,28.491093999999773,13.402714936179994,15.671389851444124,0.7602526279421751,12.900471209650286,0,0.010040160642570281,False,False,False,437,0,0.0,43.369059999999976,0.4566072510977062,0.24890544735284215,0.0,0.0
VCB,BAD,UCB_WITHOUT_VAE_UNCERTAINTY,UCB-VAE without VAE uncertainty,59,13,train,0.3001813330203001,0.06871947673600004,1.0,29211,169.85379000000148,16.985379000000147,1.7595930057151543,9.458344499553645,0.021772000237445403,19.97987494266336,0,0.5878949710725412,False,False,False,641,0,0.0,61.89621000000006,0.15316769428574575,0.22489622731008793,0.0,0.0
VCB,BAD,UCB_WITHOUT_VAE_UNCERTAINTY,UCB-VAE without VAE uncertainty,59,13,test,0.3001813330203001,0.06871947673600004,1.0,29211,387.51249999999845,38.75124999999984,17.858979840218602,16.208799954534822,0.9802556301761474,14.701953585865022,0,0.008032128514056224,False,False,False,438,0,0.0,43.26749999999999,0.4576693249346292,0.2466671510962358,0.0,0.0
VCB,BAD,UCB_WITHOUT_VAE_UNCERTAINTY,UCB-VAE without VAE uncertainty,59,14,train,0.27153906734917177,0.054975581388800036,1.0,31458,234.73793000000046,23.473793000000047,2.372178621011134,9.365230547219868,0.08568874807388868,17.880847493458923,0,0.562082777036048,False,False,False,674,0,0.0,66.83207000000002,0.16088050915531185,0.22291440182810207,0.0,0.0
VCB,BAD,UCB_WITHOUT_VAE_UNCERTAINTY,UCB-VAE without VAE uncertainty,59,14,test,0.27153906734917177,0.054975581388800036,1.0,31458,377.59489999999755,37.75948999999976,17.435564410722005,16.16288585526124,0.960113612065845,14.69935620788606,0,0.008032128514056224,False,False,False,437,0,0.0,43.16509999999998,0.4533867568072566,0.24550664571514091,0.0,0.0
VCB,BAD,UCB_WITHOUT_VAE_UNCERTAINTY,UCB-VAE without VAE uncertainty,59,15,train,0.24562974770943447,0.05,1.0,33705,271.3646900000015,27.136469000000147,2.705454084148684,9.463958714077854,0.1204035212843699,17.025874945799497,0,0.6030262572318648,False,False,False,664,0,0.0,64.36531000000002,0.15511879765178677,0.22181858917806857,0.0,0.0
VCB,BAD,UCB_WITHOUT_VAE_UNCERTAINTY,UCB-VAE without VAE uncertainty,59,15,test,0.24562974770943447,0.05,1.0,33705,233.2571699999985,23.325716999999848,11.092097502712338,15.770580334460702,0.6247717678465254,14.691240031990896,1,0.010040160642570281,False,False,False,449,0,0.0,46.69283000000004,0.4507757774143714,0.24563182272525677,0.0,0.0
VCB,BAD,UCB_WITHOUT_VAE_UNCERTAINTY,UCB-VAE without VAE uncertainty,59,16,train,0.2221926058330938,0.05,1.0,35952,296.04704000000174,29.604704000000176,2.925263879880058,9.381831365343194,0.14359121247090292,17.40065104407726,0,0.621272808188696,False,False,False,677,0,0.0,65.62296,0.15321837255743867,0.2205488705534271,0.0,0.0
VCB,BAD,UCB_WITHOUT_VAE_UNCERTAINTY,UCB-VAE without VAE uncertainty,59,16,test,0.2221926058330938,0.05,1.0,35952,220.90470999999752,22.090470999999752,10.532430549744687,15.277167956063206,0.6066850951869638,12.843148684856562,1,0.006024096385542169,False,False,False,451,0,0.0,46.475290000000015,0.42897423482487496,0.24533620894134764,0.0,0.0
VCB,BAD,UCB_WITHOUT_VAE_UNCERTAINTY,UCB-VAE without VAE uncertainty,59,17,train,0.20099175505933367,0.05,1.0,38199,198.86290000000167,19.886290000000166,2.0371132962547778,9.594523455915496,0.05145975159264549,20.190958889004968,0,0.6239430351579884,False,False,False,688,0,0.0,67.30710000000008,0.15463213496342584,0.21903776168544717,0.0,0.0
VCB,BAD,UCB_WITHOUT_VAE_UNCERTAINTY,UCB-VAE without VAE uncertainty,59,17,test,0.20099175505933367,0.05,1.0,38199,230.0185499999975,23.00185499999975,10.945632865789069,15.15944895548023,0.6349759678938616,14.977267557206506,0,0.008032128514056224,False,False,False,450,0,0.0,45.311450000000015,0.42089447975244004,0.24448080992243854,0.0,0.0
VCB,BAD,UCB_WITHOUT_VAE_UNCERTAINTY,UCB-VAE without VAE uncertainty,59,18,train,0.18181381621752543,0.05,1.0,40446,301.6496000000018,30.16496000000018,2.9746391792172977,9.54313525992911,0.14782705973668683,16.37422344145853,0,0.5438362260792168,False,False,False,735,0,0.0,72.25039999999997,0.16497925318254097,0.21646113350861435,0.0,0.0
VCB,BAD,UCB_WITHOUT_VAE_UNCERTAINTY,UCB-VAE without VAE uncertainty,59,18,test,0.18181381621752543,0.05,1.0,40446,237.36031999999773,23.736031999999774,11.277385041215782,14.988627580449576,0.6605773830608329,14.724414587547116,0,0.008032128514056224,False,False,False,453,0,0.0,45.97968000000004,0.41701298299103506,0.24334209916522226,0.0,0.0
VCB,BAD,UCB_WITHOUT_VAE_UNCERTAINTY,UCB-VAE without VAE uncertainty,59,19,train,0.16446577004027732,0.05,1.0,42693,241.7432300000014,24.17432300000014,2.436594993118213,9.611138792746484,0.09250715021814486,17.9186682506407,0,0.5420560747663551,False,False,False,741,0,0.0,73.98676999999996,0.1655718848677863,0.21501928034707288,0.0,0.0
VCB,BAD,UCB_WITHOUT_VAE_UNCERTAINTY,UCB-VAE without VAE uncertainty,59,19,test,0.16446577004027732,0.05,1.0,42693,227.61235999999735,22.761235999999734,10.8366899151229,15.001442441522059,0.6334590012246002,14.985805873748726,0,0.006024096385542169,False,False,False,455,0,0.0,46.137640000000005,0.4065636482860423,0.24245519961518455,0.0,0.0
VCB,BAD,UCB_WITHOUT_VAE_UNCERTAINTY,UCB-VAE without VAE uncertainty,59,20,train,0.14877301449181102,0.05,1.0,44940,258.2021900000011,25.82021900000011,2.5866795739147186,9.531291482527253,0.10800746523419555,19.602141177550795,0,0.5416110369381397,False,False,False,759,0,0.0,74.11780999999996,0.16172159590107357,0.21405238167121243,0.0,0.0
VCB,BAD,UCB_WITHOUT_VAE_UNCERTAINTY,UCB-VAE without VAE uncertainty,59,20,test,0.14877301449181102,0.05,1.0,44940,227.61235999999735,22.761235999999734,10.8366899151229,15.001442441522059,0.6334590012246002,14.985805873748726,0,0.006024096385542169,False,False,False,455,0,0.0,46.137640000000005,0.4065636482860423,0.24114862419515248,0.0,0.0
VCB,BAD,UCB_WITHOUT_VAE_UNCERTAINTY,UCB-VAE without VAE uncertainty,59,21,train,0.13457760745935274,0.05,1.0,47187,186.4035700000013,18.640357000000133,1.9186585307435555,9.113469923046278,0.036377184539636585,18.913163376247986,0,0.5656430796617713,False,False,False,727,0,0.0,70.44643,0.1483466720331204,0.21336336163982159,0.0,0.0
VCB,BAD,UCB_WITHOUT_VAE_UNCERTAINTY,UCB-VAE without VAE uncertainty,59,21,test,0.13457760745935274,0.05,1.0,47187,321.40867999999705,32.140867999999706,15.007563404252622,15.777853336813724,0.8460364075485843,13.014363848007854,0,0.006024096385542169,False,False,False,451,0,0.0,47.15132,0.43814247619536534,0.23775019472741699,0.0,0.0
VCB,BAD,UCB_WITHOUT_VAE_UNCERTAINTY,UCB-VAE without VAE uncertainty,59,22,train,0.12173667712083987,0.05,1.0,49434,210.03058999999985,21.003058999999986,2.1423617583634424,9.16041675986233,0.060819231751048995,17.603766511259614,0,0.573208722741433,False,False,False,739,0,0.0,71.24941,0.15038371634870684,0.2119251662060373,0.0,0.0
VCB,BAD,UCB_WITHOUT_VAE_UNCERTAINTY,UCB-VAE without VAE uncertainty,59,22,test,0.12173667712083987,0.05,1.0,49434,230.50188999999614,23.050188999999612,10.96750381450149,15.486755550776143,0.6260578683269807,13.635318965218968,1,0.006024096385542169,False,False,False,460,0,0.0,47.60811000000009,0.41730883258132434,0.23792034878309473,0.0,0.0
VCB,BAD,UCB_WITHOUT_VAE_UNCERTAINTY,UCB-VAE without VAE uncertainty,59,23,train,0.11012098398984942,0.05,1.0,51681,269.4223200000022,26.942232000000217,2.68799565258222,9.134435690362778,0.11950363067006488,15.783670878189081,1,0.5616377392078327,False,False,False,751,0,0.0,73.11768000000001,0.15065316244181293,0.21045873064463225,0.0,0.0
VCB,BAD,UCB_WITHOUT_VAE_UNCERTAINTY,UCB-VAE without VAE uncertainty,59,23,test,0.11012098398984942,0.05,1.0,51681,209.0130699999977,20.90130699999977,9.990970652973342,15.495583578824897,0.5682289559591266,13.794618663473004,1,0.006024096385542169,False,False,False,461,0,0.0,48.66693000000004,0.42066705952048233,0.23602015460770293,0.0,0.0
VCB,BAD,UCB_WITHOUT_VAE_UNCERTAINTY,UCB-VAE without VAE uncertainty,59,24,train,0.1,0.05,1.0,53928,182.09332000000063,18.209332000000064,1.8774221260186241,9.183862516628203,0.03229387686175127,16.336624129674178,0,0.5482866043613707,False,False,False,768,0,0.0,74.58667999999997,0.15684808976030878,0.20865746246651645,0.0,0.0
VCB,BAD,UCB_WITHOUT_VAE_UNCERTAINTY,UCB-VAE without VAE uncertainty,59,24,test,0.1,0.05,1.0,53928,213.23676999999816,21.323676999999815,10.183590237287943,15.28090410110069,0.5855687992804752,14.101937269512913,1,0.006024096385542169,False,False,False,460,0,0.0,47.78323000000001,0.41343746501431744,0.23495647718149973,0.0,0.0
VCB,BAD,UCB_WITHOUT_VAE_UNCERTAINTY,UCB-VAE without VAE uncertainty,59,25,train,0.1,0.05,1.0,56175,291.8107900000018,29.18107900000018,2.887803744046069,9.384037347621796,0.1397187643450776,21.60516703813897,0,0.579884290164664,False,False,False,766,0,0.0,75.21920999999999,0.15358333455937712,0.20752508323896604,0.0,0.0
VCB,BAD,UCB_WITHOUT_VAE_UNCERTAINTY,UCB-VAE without VAE uncertainty,59,25,test,0.1,0.05,1.0,56175,172.42848999999683,17.242848999999683,8.30831644878871,14.84646563508296,0.48177749583228574,13.543048351821426,1,0.004016064257028112,False,False,False,465,0,0.0,48.30151000000008,0.4110069782904633,0.23426653835249234,0.0,0.0
VCB,BAD,UCB_WITHOUT_VAE_UNCERTAINTY,UCB-VAE without VAE uncertainty,59,26,train,0.1,0.05,1.0,58422,291.05436000000213,29.10543600000021,2.8811033302220235,9.281611422799845,0.13950405771501342,21.548714640991644,0,0.579884290164664,False,False,False,769,0,0.0,75.24563999999992,0.1528546651478264,0.20602694984391154,0.0,0.0
VCB,BAD,UCB_WITHOUT_VAE_UNCERTAINTY,UCB-VAE without VAE uncertainty,59,26,test,0.1,0.05,1.0,58422,299.21375999999736,29.92137599999974,14.034299512154647,14.931101436635757,0.8279164964629516,11.525481147641155,0,0.006024096385542169,False,False,False,459,0,0.0,46.82624000000001,0.39729429538768624,0.23219801000801912,0.0,0.0
VCB,BAD,UCB_WITHOUT_VAE_UNCERTAINTY,UCB-VAE without VAE uncertainty,59,27,train,0.1,0.05,1.0,60669,288.91979000000083,28.891979000000084,2.862176597272037,9.215085984029258,0.13783247141252483,20.4452298126972,0,0.5531820204717401,False,False,False,775,0,0.0,75.89020999999991,0.15341915725049937,0.20388833704621304,0.0,0.0
VCB,BAD,UCB_WITHOUT_VAE_UNCERTAINTY,UCB-VAE without VAE uncertainty,59,27,test,0.1,0.05,1.0,60669,200.2999299999983,20.02999299999983,9.592550337586214,14.832582156632308,0.5622479680462111,12.520576261682415,1,0.004016064257028112,False,False,False,466,0,0.0,48.46007000000001,0.4019138505559612,0.2298073999164813,0.0,0.0
VCB,BAD,UCB_WITHOUT_VAE_UNCERTAINTY,UCB-VAE without VAE uncertainty,59,28,train,0.1,0.05,1.0,62916,272.31700000000137,27.231700000000135,2.7140049881933193,9.236818518251814,0.1219718391036613,19.18840844095748,0,0.5393858477970628,False,False,False,777,0,0.0,75.38299999999994,0.15280201973123858,0.20207718979612052,0.0,0.0
VCB,BAD,UCB_WITHOUT_VAE_UNCERTAINTY,UCB-VAE without VAE uncertainty,59,28,test,0.1,0.05,1.0,62916,200.44541999999774,20.044541999999772,9.599214876795603,14.390892861842483,0.5754416033461565,12.622147665373578,1,0.004016064257028112,False,False,False,468,0,0.0,48.48458000000002,0.3823811420705994,0.2298484808469872,0.0,0.0
VCB,BAD,UCB_WITHOUT_VAE_UNCERTAINTY,UCB-VAE without VAE uncertainty,59,29,train,0.1,0.05,1.0,65163,271.24193000000014,27.124193000000012,2.7043513934056795,9.118898566886237,0.12131912865253872,17.41844923157409,0,0.5629728526924789,False,False,False,781,0,0.0,76.4280699999999,0.15405116023187151,0.20056912676660443,0.0,0.0
VCB,BAD,UCB_WITHOUT_VAE_UNCERTAINTY,UCB-VAE without VAE uncertainty,59,29,test,0.1,0.05,1.0,65163,208.97716999999784,20.897716999999787,9.989332016770526,14.777789425995213,0.5884736610277164,12.167651651621973,1,0.004016064257028112,False,False,False,467,0,0.0,48.27283000000003,0.3939332676819431,0.2273591977944336,0.0,0.0
VCB,BAD,UCB_WITHOUT_VAE_UNCERTAINTY,UCB-VAE without VAE uncertainty,59,30,train,0.1,0.05,1.0,67410,275.436740000001,27.543674000000102,2.7419777154392033,9.316979271710252,0.12465542355382524,17.346831088689378,0,0.5482866043613707,False,False,False,787,0,0.0,76.8432599999999,0.15727599074288806,0.19891890535287768,0.0,0.0
VCB,BAD,UCB_WITHOUT_VAE_UNCERTAINTY,UCB-VAE without VAE uncertainty,59,30,test,0.1,0.05,1.0,67410,259.4043799999981,25.94043799999981,12.267638263719615,14.635137826555706,0.7340392550301724,13.922728148451066,0,0.006024096385542169,False,False,False,465,0,0.0,47.05562000000002,0.3854016120287692,0.2262529105726016,0.0,0.0
VCB,BAD,UCB_WITHOUT_VAE_UNCERTAINTY,UCB-VAE without VAE uncertainty,59,31,train,0.1,0.05,1.0,69657,215.24514000000158,21.52451400000016,2.1912102270628564,9.115404181044525,0.06588304940560918,15.93398352340877,0,0.5371606586559857,False,False,False,800,0,0.0,77.14485999999994,0.1535930386239144,0.1975733861426645,0.0,0.0
VCB,BAD,UCB_WITHOUT_VAE_UNCERTAINTY,UCB-VAE without VAE uncertainty,59,31,test,0.1,0.05,1.0,69657,213.78906999999754,21.378906999999753,10.208752865226822,14.9956112930405,0.5954455510854423,14.209675331642458,0,0.006024096385542169,False,False,False,467,0,0.0,47.920930000000034,0.40552268496050664,0.22337700662962404,0.0,0.0
VCB,BAD,UCB_WITHOUT_VAE_UNCERTAINTY,UCB-VAE without VAE uncertainty,59,32,train,0.1,0.05,1.0,71904,165.20830000000024,16.52083000000002,1.7145841663535277,9.349447918689,0.016125618363256124,18.366217885629695,0,0.5976858032932799,False,False,False,798,0,0.0,77.0717,0.15438089414368777,0.19611858838152027,0.0,0.0
VCB,BAD,UCB_WITHOUT_VAE_UNCERTAINTY,UCB-VAE without VAE uncertainty,59,32,test,0.1,0.05,1.0,71904,200.1743399999973,20.01743399999973,9.586797044742724,14.83493898101842,0.5617937142143083,13.946488770733486,0,0.006024096385542169,False,False,False,468,0,0.0,48.12566000000004,0.3999764154391557,0.2227148878646184,0.0,0.0
VCB,BAD,UCB_WITHOUT_VAE_UNCERTAINTY,UCB-VAE without VAE uncertainty,59,33,train,0.1,0.05,1.0,74151,213.51415000000247,21.351415000000248,2.1750154814003775,9.199320962548356,0.0643839411143812,16.00005815716696,0,0.5562972852692479,False,False,False,808,0,0.0,77.60585,0.15235730762041344,0.19466321100698453,0.0,0.0
VCB,BAD,UCB_WITHOUT_VAE_UNCERTAINTY,UCB-VAE without VAE uncertainty,59,33,test,0.1,0.05,1.0,74151,176.69949999999767,17.66994999999977,8.506091383957859,14.507499956859407,0.5022257745474404,14.533309465392827,0,0.006024096385542169,False,False,False,471,0,0.0,47.740500000000026,0.38791132837951225,0.22209532976330046,0.0,0.0
VCB,BAD,UCB_WITHOUT_VAE_UNCERTAINTY,UCB-VAE without VAE uncertainty,59,34,train,0.1,0.05,1.0,76398,161.49768000000063,16.149768000000062,1.678518296575704,9.251872934061298,0.011429054886458992,17.480263311176486,0,0.5634178905206942,False,False,False,839,0,0.0,78.48231999999999,0.154904664980074,0.19266267897396233,0.0,0.0
VCB,BAD,UCB_WITHOUT_VAE_UNCERTAINTY,UCB-VAE without VAE uncertainty,59,34,test,0.1,0.05,1.0,76398,184.6313599999978,18.46313599999978,8.872440304098594,14.944378795270385,0.5145725072679571,14.453067371842321,1,0.006024096385542169,False,False,False,471,0,0.0,47.64864000000005,0.38981534275592794,0.22077567073475404,0.0,0.0
VCB,BAD,UCB_WITHOUT_VAE_UNCERTAINTY,UCB-VAE without VAE uncertainty,59,35,train,0.1,0.05,1.0,78645,196.8705500000001,19.687055000000008,2.0182451127787493,9.273778840602958,0.04794586837030849,18.28968038974468,0,0.5643079661771251,False,False,False,846,0,0.0,81.32944999999995,0.15711386388302684,0.1908594974953703,0.0,0.0
VCB,BAD,UCB_WITHOUT_VAE_UNCERTAINTY,UCB-VAE without VAE uncertainty,59,35,test,0.1,0.05,1.0,78645,255.75396999999657,25.575396999999654,12.104256401601843,14.654556861748475,0.7231956277157247,12.662577878809197,1,0.006024096385542169,False,False,False,472,0,0.0,48.39603000000005,0.38360618245656203,0.21888390529048013,0.0,0.0
VCB,BAD,UCB_WITHOUT_VAE_UNCERTAINTY,UCB-VAE without VAE uncertainty,59,36,train,0.1,0.05,1.0,80892,329.14445000000137,32.914445000000136,3.2142465775630846,9.815823844574693,0.1703207278846546,19.114689464786657,0,0.5514018691588785,False,False,False,894,0,0.0,87.50554999999997,0.1757127010461176,0.1882850191144345,0.0,0.0
VCB,BAD,UCB_WITHOUT_VAE_UNCERTAINTY,UCB-VAE without VAE uncertainty,59,36,test,0.1,0.05,1.0,80892,248.60409999999774,24.860409999999774,11.783561604844927,14.673098742852481,0.7027649352555008,12.573902751616236,1,0.006024096385542169,False,False,False,471,0,0.0,48.535900000000034,0.3863113151324332,0.2172608118519247,0.0,0.0
VCB,BAD,UCB_WITHOUT_VAE_UNCERTAINTY,UCB-VAE without VAE uncertainty,59,37,train,0.1,0.05,1.0,83139,348.0780100000013,34.80780100000013,3.3766970959799414,9.677614791625091,0.1877416860845987,17.567255512493425,0,0.5429461504227859,False,False,False,902,0,0.0,87.74198999999994,0.17712402210690667,0.1868879154032742,0.0,0.0
VCB,BAD,UCB_WITHOUT_VAE_UNCERTAINTY,UCB-VAE without VAE uncertainty,59,37,test,0.1,0.05,1.0,83139,233.75201999999763,23.37520199999976,11.114459908708497,14.424622070674017,0.6703488296344203,12.675618338690525,1,0.006024096385542169,False,False,False,477,0,0.0,49.55798000000003,0.3766012587020772,0.21715269943916174,0.0,0.0
VCB,BAD,UCB_WITHOUT_VAE_UNCERTAINTY,UCB-VAE without VAE uncertainty,59,38,train,0.1,0.05,1.0,85386,327.112850000002,32.7112850000002,3.1966934014912463,9.641367802236827,0.16986598033041725,18.06839856165257,0,0.5393858477970628,False,False,False,903,0,0.0,86.76714999999993,0.17589439441845173,0.1853423355869256,0.0,0.0
VCB,BAD,UCB_WITHOUT_VAE_UNCERTAINTY,UCB-VAE without VAE uncertainty,59,38,test,0.1,0.05,1.0,85386,232.15390999999818,23.21539099999982,11.042224781731381,14.673313964488315,0.6569705586512646,13.889340335879163,1,0.006024096385542169,False,False,False,480,0,0.0,51.276089999999996,0.38550580071842205,0.21592699555328573,0.0,0.0
VCB,BAD,UCB_WITHOUT_VAE_UNCERTAINTY,UCB-VAE without VAE uncertainty,59,39,train,0.1,0.05,1.0,87633,356.35102000000165,35.63510200000016,3.44704392700923,9.736296379029808,0.19423635071937578,18.065120996478484,0,0.5376056964842012,False,False,False,916,0,0.0,87.89897999999998,0.17811832620222762,0.18390583364988466,0.0,0.0
VCB,BAD,UCB_WITHOUT_VAE_UNCERTAINTY,UCB-VAE without VAE uncertainty,59,39,test,0.1,0.05,1.0,87633,240.5193999999974,24.051939999999743,11.419832338858571,14.580979162947507,0.6837087256266232,13.889340335879163,1,0.006024096385542169,False,False,False,480,0,0.0,50.45060000000003,0.3787588250068624,0.21469201026372162,0.0,0.0
VCB,BAD,UCB_WITHOUT_VAE_UNCERTAINTY,UCB-VAE without VAE uncertainty,59,40,train,0.1,0.05,1.0,89880,330.2224300000014,33.02224300000014,3.2235507240269134,9.718506154988189,0.17196493048685876,18.10038723423183,0,0.5202492211838006,False,False,False,927,0,0.0,89.09756999999999,0.17708147371742136,0.18247741291363292,0.0,0.0
VCB,BAD,UCB_WITHOUT_VAE_UNCERTAINTY,UCB-VAE without VAE uncertainty,59,40,test,0.1,0.05,1.0,89880,167.45246999999813,16.745246999999814,8.077441739056068,14.761053946448389,0.4690002668451481,14.427508244405713,1,0.006024096385542169,False,False,False,482,0,0.0,51.83753000000004,0.3869248514013513,0.21352005841203003,0.0,0.0
VCB,BAD,UCB_WITHOUT_VAE_UNCERTAINTY,UCB-VAE without VAE uncertainty,59,41,train,0.1,0.05,1.0,92127,335.49030000000175,33.54903000000017,3.268922035937938,9.499159751009302,0.1784020171690769,17.30386081747848,0,0.5336003560302626,False,False,False,931,0,0.0,88.37969999999993,0.17700525389189953,0.1810788602120992,0.0,0.0
VCB,BAD,UCB_WITHOUT_VAE_UNCERTAINTY,UCB-VAE without VAE uncertainty,59,41,test,0.1,0.05,1.0,92127,205.18346999999812,20.51834699999981,9.816033748737585,14.929326358771606,0.5731914564648313,15.769614634451962,1,0.006024096385542169,False,False,False,480,0,0.0,51.64653,0.38909101214861985,0.2120262907451415,0.0,0.0
VCB,BAD,UCB_WITHOUT_VAE_UNCERTAINTY,UCB-VAE without VAE uncertainty,59,42,train,0.1,0.05,1.0,94374,332.32456000000207,33.232456000000205,3.241675145148548,9.641906551102162,0.1744192266165337,18.42960972208732,0,0.5313751668891856,False,False,False,938,0,0.0,88.62543999999994,0.17649760674365636,0.17986972356139685,0.0,0.0
VCB,BAD,UCB_WITHOUT_VAE_UNCERTAINTY,UCB-VAE without VAE uncertainty,59,42,test,0.1,0.05,1.0,94374,225.72012999999788,22.57201299999979,10.750942321724644,15.01913696848949,0.6276062940601711,16.130510557441532,1,0.006024096385542169,False,False,False,478,0,0.0,50.91987000000002,0.3940822044881789,0.2103762066208694,0.0,0.0
VCB,BAD,UCB_WITHOUT_VAE_UNCERTAINTY,UCB-VAE without VAE uncertainty,59,43,train,0.1,0.05,1.0,96621,367.5083600000007,36.75083600000007,3.541315153123392,9.627146810102289,0.20488643097550052,16.488688079258292,0,0.5264797507788161,False,False,False,942,0,0.0,90.14163999999991,0.182686762448117,0.17823759079788545,0.0,0.0
VCB,BAD,UCB_WITHOUT_VAE_UNCERTAINTY,UCB-VAE without VAE uncertainty,59,43,test,0.1,0.05,1.0,96621,222.02142999999728,22.202142999999726,10.583142715323213,14.434725503992532,0.6364532233970872,12.666377396596484,1,0.006024096385542169,False,False,False,484,0,0.0,50.64857000000002,0.3690478686050812,0.2095631021841702,0.0,0.0
VCB,BAD,UCB_WITHOUT_VAE_UNCERTAINTY,UCB-VAE without VAE uncertainty,59,44,train,0.1,0.05,1.0,98868,328.1192800000006,32.81192800000006,3.20539201492851,9.551998461065407,0.1714432686921223,17.026688413662367,0,0.5211392968402314,False,False,False,952,0,0.0,89.69071999999989,0.1780682015309443,0.17694230881674214,0.0,0.0
VCB,BAD,UCB_WITHOUT_VAE_UNCERTAINTY,UCB-VAE without VAE uncertainty,59,44,test,0.1,0.05,1.0,98868,299.52576999999883,29.95257699999988,14.048038548232933,14.409298327780572,0.8533568390078432,12.066041411039125,0,0.006024096385542169,False,False,False,479,0,0.0,50.32423000000007,0.37366223353282874,0.20804062606879029,0.0,0.0
VCB,BAD,UCB_WITHOUT_VAE_UNCERTAINTY,UCB-VAE without VAE uncertainty,59,45,train,0.1,0.05,1.0,101115,326.0616000000007,32.60616000000007,3.187601144117047,9.58141461396708,0.16937566754081754,16.909280383656462,0,0.5126835781041389,False,False,False,954,0,0.0,89.66839999999989,0.1783127378046161,0.17552625545738643,0.0,0.0
VCB,BAD,UCB_WITHOUT_VAE_UNCERTAINTY,UCB-VAE without VAE uncertainty,59,45,test,0.1,0.05,1.0,101115,305.92292999999836,30.592292999999838,14.32936937612872,14.410971868141948,0.8705188594569867,12.85911095840758,0,0.006024096385542169,False,False,False,481,0,0.0,50.30707000000007,0.3704374968507177,0.2065713808060171,0.0,0.0
VCB,BAD,UCB_WITHOUT_VAE_UNCERTAINTY,UCB-VAE without VAE uncertainty,60,1,train,1.0,1.0,1.0,2247,1891.7810700000018,189.17810700000018,12.531911882560486,14.682788049632823,0.7481143414450245,24.812245445976224,5,0.059635068980863376,False,False,False,1269,0,0.0,122.69893000000016,0.38873825776271237,0.2608884713174398,0.0,0.0
VCB,BAD,UCB_WITHOUT_VAE_UNCERTAINTY,UCB-VAE without VAE uncertainty,60,1,test,1.0,1.0,1.0,2247,49.91697000000045,4.991697000000045,2.4740265497531055,21.99473308096957,0.13101505387787785,29.14580845443619,1,0.028112449799196786,False,False,False,331,0,0.0,76.02303000000002,0.845166546509728,0.3607287979628666,0.0,0.0
VCB,BAD,UCB_WITHOUT_VAE_UNCERTAINTY,UCB-VAE without VAE uncertainty,60,2,train,0.9045834549972122,0.8,1.0,4494,1948.9420299999956,194.89420299999955,12.777089027527122,14.556781210182331,0.7684039065963388,24.42937295751972,5,0.08856252781486426,False,False,False,1262,0,0.0,120.18797000000013,0.3800816337443843,0.2586171299577237,0.0,0.0
VCB,BAD,UCB_WITHOUT_VAE_UNCERTAINTY,UCB-VAE without VAE uncertainty,60,2,test,0.9045834549972122,0.8,1.0,4494,18.681090000000154,1.8681090000000153,0.932940097431656,21.86183808460129,0.06062904136114404,30.451884858326032,1,0.02610441767068273,False,False,False,337,0,0.0,77.47891000000001,0.8409959562544297,0.35494140017942255,0.0,0.0
VCB,BAD,UCB_WITHOUT_VAE_UNCERTAINTY,UCB-VAE without VAE uncertainty,60,3,train,0.8182712270546932,0.6400000000000001,1.0,6741,2066.83261,206.68326100000002,13.269690422647052,14.526348077623755,0.7999648537142285,23.654322215244115,4,0.07254116599910992,False,False,False,1242,0,0.0,116.33739000000006,0.38130009265212134,0.2554254660745117,0.0,0.0
VCB,BAD,UCB_WITHOUT_VAE_UNCERTAINTY,UCB-VAE without VAE uncertainty,60,3,test,0.8182712270546932,0.6400000000000001,1.0,6741,15.996030000000246,1.5996030000000248,0.7993749955199192,21.951680865572126,0.05517387185302747,30.76404643271951,2,0.02610441767068273,False,False,False,342,0,0.0,77.44397000000001,0.8408371689010326,0.34922987246609116,0.0,0.0
VCB,BAD,UCB_WITHOUT_VAE_UNCERTAINTY,UCB-VAE without VAE uncertainty,60,4,train,0.7401946136939427,0.5120000000000001,1.0,8988,1953.477489999998,195.3477489999998,12.796361355804287,14.65064092194095,0.7655865879084307,24.41305191199704,5,0.06586559857587895,False,False,False,1280,0,0.0,120.58251000000014,0.3840447156632833,0.25076687440415407,0.0,0.0
VCB,BAD,UCB_WITHOUT_VAE_UNCERTAINTY,UCB-VAE without VAE uncertainty,60,4,test,0.7401946136939427,0.5120000000000001,1.0,8988,-39.10330999999951,-3.910330999999951,-1.9813754413035678,22.43896614181588,-0.06679556800020262,34.32818890031521,2,0.02208835341365462,False,False,False,354,0,0.0,78.52331000000005,0.8436270939501772,0.3455386409857666,0.0,0.0
VCB,BAD,UCB_WITHOUT_VAE_UNCERTAINTY,UCB-VAE without VAE uncertainty,60,5,train,0.6695678010255933,0.4096000000000001,1.0,11235,1974.7954699999987,197.47954699999985,12.886596002489625,14.57906997148899,0.7741770671506744,24.227571269724635,5,0.08411214953271028,False,False,False,1290,0,0.0,121.72453000000017,0.3830381061750845,0.24783937277584858,0.0,0.0
VCB,BAD,UCB_WITHOUT_VAE_UNCERTAINTY,UCB-VAE without VAE uncertainty,60,5,test,0.6695678010255933,0.4096000000000001,1.0,11235,-28.576249999999618,-2.857624999999962,-1.444074872659229,22.018640018520273,-0.04727388081099423,34.32818890031521,2,0.02208835341365462,False,False,False,360,0,0.0,78.96625000000003,0.8311949661040915,0.3409959646054061,0.0,0.0
VCB,BAD,UCB_WITHOUT_VAE_UNCERTAINTY,UCB-VAE without VAE uncertainty,60,6,train,0.6056799548066172,0.3276800000000001,1.0,13482,1972.391629999996,197.2391629999996,12.87644984298173,14.708774806914615,0.7680349143062664,23.273863204856767,5,0.08277703604806408,False,False,False,1297,0,0.0,121.68837000000013,0.3901313006270101,0.2454242434039294,0.0,0.0
VCB,BAD,UCB_WITHOUT_VAE_UNCERTAINTY,UCB-VAE without VAE uncertainty,60,6,test,0.6056799548066172,0.3276800000000001,1.0,13482,23.42507000000046,2.342507000000046,1.1684956591023532,22.339913797993656,0.07467568125532544,34.32818890031521,2,0.02208835341365462,False,False,False,360,0,0.0,77.98493000000002,0.8398715890649789,0.33720059247021694,0.0,0.0
VCB,BAD,UCB_WITHOUT_VAE_UNCERTAINTY,UCB-VAE without VAE uncertainty,60,7,train,0.547888066141525,0.2621440000000001,1.0,15729,1816.5626500000008,181.65626500000008,12.202633208970571,14.654090828792544,0.7291409048336093,26.596764895646153,5,0.056074766355140186,False,False,False,1361,0,0.0,131.01735000000016,0.3894706488211866,0.24007456974488234,0.0,0.0
VCB,BAD,UCB_WITHOUT_VAE_UNCERTAINTY,UCB-VAE without VAE uncertainty,60,7,test,0.547888066141525,0.2621440000000001,1.0,15729,26.28958000000057,2.6289580000000567,1.3104654354647582,22.316907605390586,0.08087585810065946,34.32818890031521,2,0.02208835341365462,False,False,False,362,0,0.0,77.53042000000003,0.8328607861377999,0.33380309555185844,0.0,0.0
VCB,BAD,UCB_WITHOUT_VAE_UNCERTAINTY,UCB-VAE without VAE uncertainty,60,8,train,0.49561047982204176,0.20971520000000007,1.0,17976,2047.2385600000007,204.72385600000007,13.188996834613388,14.798935462465405,0.7831247579901633,20.301573533549934,5,0.056074766355140186,False,False,False,1322,0,0.0,125.17144000000013,0.39408156907326614,0.24132579985490415,0.0,0.0
VCB,BAD,UCB_WITHOUT_VAE_UNCERTAINTY,UCB-VAE without VAE uncertainty,60,8,test,0.49561047982204176,0.20971520000000007,1.0,17976,48.63972000000058,4.863972000000058,2.411462436759604,22.181770063662555,0.1290835186889939,33.38714516832871,2,0.020080321285140562,False,False,False,366,0,0.0,77.54028000000002,0.8348526518520943,0.33167476299776133,0.0,0.0
VCB,BAD,UCB_WITHOUT_VAE_UNCERTAINTY,UCB-VAE without VAE uncertainty,60,9,train,0.4483210401702486,0.1677721600000001,1.0,20223,1923.0598299999983,192.30598299999983,12.666602145124696,14.791621468033158,0.7518910180783792,20.762110542808514,5,0.09701824655095684,False,False,False,1351,0,0.0,129.7801700000001,0.3921367587496583,0.2390789546911378,0.0,0.0
VCB,BAD,UCB_WITHOUT_VAE_UNCERTAINTY,UCB-VAE without VAE uncertainty,60,9,test,0.4483210401702486,0.1677721600000001,1.0,20223,12.70545000000061,1.270545000000061,0.6354489390477669,22.339942488976217,0.050744006242602675,32.37587083020586,1,0.020080321285140562,False,False,False,372,0,0.0,77.28455000000004,0.8357814877039509,0.3301317575107138,0.0,0.0
VCB,BAD,UCB_WITHOUT_VAE_UNCERTAINTY,UCB-VAE without VAE uncertainty,60,10,train,0.4055437954651474,0.13421772800000006,1.0,22470,2027.728549999998,202.77285499999982,13.108189823913708,14.846487184972398,0.7762494712526312,21.38576355482558,5,0.07343124165554073,False,False,False,1376,0,0.0,131.73145000000017,0.39359187234965676,0.2381678839683745,0.0,0.0
VCB,BAD,UCB_WITHOUT_VAE_UNCERTAINTY,UCB-VAE without VAE uncertainty,60,10,test,0.4055437954651474,0.13421772800000006,1.0,22470,96.03750000000036,9.603750000000035,4.708295089612213,22.374499417524714,0.22983912900386935,32.37587083020586,1,0.020080321285140562,False,False,False,370,0,0.0,76.75250000000004,0.8311085439275118,0.3290994765468869,0.0,0.0
VCB,BAD,UCB_WITHOUT_VAE_UNCERTAINTY,UCB-VAE without VAE uncertainty,60,11,train,0.3668482076545458,0.10737418240000006,1.0,24717,2127.0403200000014,212.70403200000015,13.514806354988318,14.910321418010733,0.7978477001338794,21.332164965039716,5,0.05785491766800178,False,False,False,1390,0,0.0,134.05968000000018,0.3973788685304962,0.2369731312454357,0.0,0.0
VCB,BAD,UCB_WITHOUT_VAE_UNCERTAINTY,UCB-VAE without VAE uncertainty,60,11,test,0.3668482076545458,0.10737418240000006,1.0,24717,15.810130000000754,1.5810130000000755,0.7901211155386223,22.588412503303086,0.05950880163884429,33.37315218501274,1,0.018072289156626505,False,False,False,375,0,0.0,77.25987000000003,0.8409188667378076,0.328838073375474,0.0,0.0
VCB,BAD,UCB_WITHOUT_VAE_UNCERTAINTY,UCB-VAE without VAE uncertainty,60,12,train,0.3318448191396838,0.08589934592000005,1.0,26964,1991.498190000002,199.1498190000002,12.956894513117746,14.876803746040492,0.765899537413699,21.828849340805004,5,0.0534045393858478,False,False,False,1415,0,0.0,137.96181000000016,0.39897162998822827,0.2354627626839881,0.0,0.0
VCB,BAD,UCB_WITHOUT_VAE_UNCERTAINTY,UCB-VAE without VAE uncertainty,60,12,test,0.3318448191396838,0.08589934592000005,1.0,26964,14.831080000000611,1.4831080000000612,0.7413712449028997,23.024767858670277,0.06057101085748474,34.56347354621541,1,0.018072289156626505,False,False,False,375,0,0.0,77.40892000000002,0.8566861321019124,0.32907796549390117,0.0,0.0
VCB,BAD,UCB_WITHOUT_VAE_UNCERTAINTY,UCB-VAE without VAE uncertainty,60,13,train,0.3001813330203001,0.06871947673600004,1.0,29211,2269.7783299999987,226.97783299999986,14.07956536967676,18.251152639024532,0.7095988728711128,25.41104691724771,7,0.04984423676012461,False,False,False,1440,0,0.0,134.28167,0.5559193420733178,0.234210564230594,0.0,0.0
VCB,BAD,UCB_WITHOUT_VAE_UNCERTAINTY,UCB-VAE without VAE uncertainty,60,13,test,0.3001813330203001,0.06871947673600004,1.0,29211,49.637690000000475,4.963769000000048,2.4603496925786894,22.91295099046648,0.13423327974753527,34.56347354621541,1,0.018072289156626505,False,False,False,376,0,0.0,76.17231000000004,0.8552899449816561,0.3282186945518815,0.0,0.0
VCB,BAD,UCB_WITHOUT_VAE_UNCERTAINTY,UCB-VAE without VAE uncertainty,60,14,train,0.27153906734917177,0.054975581388800036,1.0,31458,2256.926639999999,225.69266399999992,14.029623540470038,18.590549504369953,0.6976541774187428,24.210856872065012,8,0.04227859368046284,False,False,False,1425,0,0.0,131.69335999999996,0.581294432701274,0.23355198070294178,0.0,0.0
VCB,BAD,UCB_WITHOUT_VAE_UNCERTAINTY,UCB-VAE without VAE uncertainty,60,14,test,0.27153906734917177,0.054975581388800036,1.0,31458,47.42306000000053,4.742306000000053,2.351830909622321,22.654469859598102,0.12845242844055302,34.28802575470215,1,0.020080321285140562,False,False,False,379,0,0.0,76.62694000000005,0.8438643680404062,0.32644585540974475,0.0,0.0
VCB,BAD,UCB_WITHOUT_VAE_UNCERTAINTY,UCB-VAE without VAE uncertainty,60,15,train,0.24562974770943447,0.05,1.0,33705,2261.146459999999,226.1146459999999,14.046041098466988,18.620630006821724,0.6976097447678701,25.237234701672364,7,0.03871829105473965,False,False,False,1447,0,0.0,133.41353999999998,0.5834715140092935,0.23270991905150967,0.0,0.0
VCB,BAD,UCB_WITHOUT_VAE_UNCERTAINTY,UCB-VAE without VAE uncertainty,60,15,test,0.24562974770943447,0.05,1.0,33705,-6.2068399999997155,-0.6206839999999716,-0.31189078856509456,22.83090158871982,0.01273435569065204,34.28802575470215,1,0.020080321285140562,False,False,False,379,0,0.0,77.34684000000006,0.8475662232357396,0.3249931009000085,0.0,0.0
VCB,BAD,UCB_WITHOUT_VAE_UNCERTAINTY,UCB-VAE without VAE uncertainty,60,16,train,0.2221926058330938,0.05,1.0,35952,2308.3417400000008,230.83417400000008,14.22838301523397,18.499214209469,0.7096781845267934,23.514260560333923,6,0.037828215398308856,False,False,False,1460,0,0.0,134.37825999999995,0.5779522058409416,0.231507553539517,0.0,0.0
VCB,BAD,UCB_WITHOUT_VAE_UNCERTAINTY,UCB-VAE without VAE uncertainty,60,16,test,0.2221926058330938,0.05,1.0,35952,-25.620619999999803,-2.56206199999998,-1.2937419506333758,22.533556328072493,-0.034400312190688835,34.37121319398356,1,0.01606425702811245,False,False,False,386,0,0.0,79.96062000000006,0.8407610001451019,0.3231067030903805,0.0,0.0
VCB,BAD,UCB_WITHOUT_VAE_UNCERTAINTY,UCB-VAE without VAE uncertainty,60,17,train,0.20099175505933367,0.05,1.0,38199,2142.8354499999996,214.28354499999998,13.578416179876985,18.745714862948816,0.6721016090733379,26.07388329996188,9,0.039163328882955054,False,False,False,1465,0,0.0,134.19454999999996,0.5832302656887699,0.23062333190075068,0.0,0.0
VCB,BAD,UCB_WITHOUT_VAE_UNCERTAINTY,UCB-VAE without VAE uncertainty,60,17,test,0.20099175505933367,0.05,1.0,38199,-59.161519999999655,-5.916151999999966,-3.0133273081991208,22.665930115744725,-0.11105988088104961,36.38672833696491,1,0.018072289156626505,False,False,False,390,0,0.0,81.04152000000003,0.8411225159444761,0.3220069066707389,0.0,0.0
VCB,BAD,UCB_WITHOUT_VAE_UNCERTAINTY,UCB-VAE without VAE uncertainty,60,18,train,0.18181381621752543,0.05,1.0,40446,1999.1145900000001,199.911459,12.988834719230159,19.156955589100164,0.6343229263336452,26.14099586749382,9,0.03871829105473965,False,False,False,1466,0,0.0,132.68540999999993,0.605225101499569,0.23016631631425183,0.0,0.0
VCB,BAD,UCB_WITHOUT_VAE_UNCERTAINTY,UCB-VAE without VAE uncertainty,60,18,test,0.18181381621752543,0.05,1.0,40446,-62.04123999999979,-6.204123999999979,-3.162379256901393,22.67220634525718,-0.11776051749036655,36.38672833696491,1,0.018072289156626505,False,False,False,393,0,0.0,80.96124000000006,0.8373356187065958,0.3206921642623752,0.0,0.0
VCB,BAD,UCB_WITHOUT_VAE_UNCERTAINTY,UCB-VAE without VAE uncertainty,60,19,train,0.16446577004027732,0.05,1.0,42693,1978.2196099999992,197.8219609999999,12.901036081759209,18.978327667421276,0.6343653921388234,26.074545743006727,7,0.03871829105473965,False,False,False,1473,0,0.0,132.96038999999993,0.6001291177251872,0.22912897864579623,0.0,0.0
VCB,BAD,UCB_WITHOUT_VAE_UNCERTAINTY,UCB-VAE without VAE uncertainty,60,19,test,0.16446577004027732,0.05,1.0,42693,-34.6595099999995,-3.46595099999995,-1.7542081852052083,22.524022863213613,-0.05543261258623638,34.833277512939546,1,0.01606425702811245,False,False,False,399,0,0.0,82.05951000000003,0.8319826823946616,0.31855678079597444,0.0,0.0
VCB,BAD,UCB_WITHOUT_VAE_UNCERTAINTY,UCB-VAE without VAE uncertainty,60,20,train,0.14877301449181102,0.05,1.0,44940,1867.5346499999996,186.75346499999995,12.426609894309326,18.997707926262123,0.6115551524264805,26.97850425822082,6,0.03693813974187806,False,False,False,1470,0,0.0,133.23534999999993,0.5965262735740041,0.2279064049542242,0.0,0.0
VCB,BAD,UCB_WITHOUT_VAE_UNCERTAINTY,UCB-VAE without VAE uncertainty,60,20,test,0.14877301449181102,0.05,1.0,44940,-60.477679999999964,-6.047767999999996,-3.081422424466407,22.35206122581031,-0.11890708970008015,36.10050897025256,0,0.018072289156626505,False,False,False,404,0,0.0,83.19768000000003,0.8418360000335301,0.31773154132337456,0.0,0.0
VCB,BAD,UCB_WITHOUT_VAE_UNCERTAINTY,UCB-VAE without VAE uncertainty,60,21,train,0.13457760745935274,0.05,1.0,47187,1974.48731,197.448731,12.885295724005585,18.696036963177328,0.6403584547818759,25.185855235479753,6,0.037828215398308856,False,False,False,1485,0,0.0,135.11269,0.5894192685792259,0.2263129142672155,0.0,0.0
VCB,BAD,UCB_WITHOUT_VAE_UNCERTAINTY,UCB-VAE without VAE uncertainty,60,21,test,0.13457760745935274,0.05,1.0,47187,-89.83547000000021,-8.983547000000021,-4.612874639992437,22.338538903535916,-0.19093087113221377,35.604844036783575,1,0.014056224899598393,False,False,False,411,0,0.0,84.40547000000007,0.8316586572799287,0.3158722527953516,0.0,0.0
VCB,BAD,UCB_WITHOUT_VAE_UNCERTAINTY,UCB-VAE without VAE uncertainty,60,22,train,0.12173667712083987,0.05,1.0,49434,1791.3831400000017,179.13831400000018,12.090659133188918,18.923636595830658,0.5972683639062373,26.85591903838005,5,0.037383177570093455,False,False,False,1484,0,0.0,135.09685999999996,0.591174363137161,0.22541077901216736,0.0,0.0
VCB,BAD,UCB_WITHOUT_VAE_UNCERTAINTY,UCB-VAE without VAE uncertainty,60,22,test,0.12173667712083987,0.05,1.0,49434,-43.56130999999982,-4.356130999999982,-2.209795205987708,22.88615820326548,-0.07143099149743391,36.009338507540065,1,0.01606425702811245,False,False,False,412,0,0.0,84.44131000000004,0.8461872015233508,0.31394761612257327,0.0,0.0
VCB,BAD,UCB_WITHOUT_VAE_UNCERTAINTY,UCB-VAE without VAE uncertainty,60,23,train,0.11012098398984942,0.05,1.0,51681,1840.520779999999,184.0520779999999,12.308352768659493,18.746116377593435,0.6115608233573717,26.695482542498013,5,0.037828215398308856,False,False,False,1493,0,0.0,136.21921999999995,0.5834952667461714,0.22373434754016402,0.0,0.0
VCB,BAD,UCB_WITHOUT_VAE_UNCERTAINTY,UCB-VAE without VAE uncertainty,60,23,test,0.11012098398984942,0.05,1.0,51681,-17.07454999999959,-1.707454999999959,-0.8603348781951237,22.361485383423993,-0.01659909178901944,33.69630241594836,1,0.01606425702811245,False,False,False,413,0,0.0,85.31455000000004,0.8250616107166702,0.3107441066199517,0.0,0.0
VCB,BAD,UCB_WITHOUT_VAE_UNCERTAINTY,UCB-VAE without VAE uncertainty,60,24,train,0.1,0.05,1.0,53928,1883.7827400000006,188.37827400000003,12.497262230071193,18.333221436967822,0.6304231962112786,26.54326490672952,5,0.03693813974187806,False,False,False,1493,0,0.0,136.73726,0.5723745049213808,0.2217458227859055,0.0,0.0
VCB,BAD,UCB_WITHOUT_VAE_UNCERTAINTY,UCB-VAE without VAE uncertainty,60,24,test,0.1,0.05,1.0,53928,-1.6672999999996136,-0.16672999999996135,-0.08368605807775875,22.519866323721345,0.020037649702991076,33.69630241594836,1,0.01606425702811245,False,False,False,415,0,0.0,86.10730000000005,0.8420960073875301,0.308726751181974,0.0,0.0
VCB,BAD,UCB_WITHOUT_VAE_UNCERTAINTY,UCB-VAE without VAE uncertainty,60,25,train,0.1,0.05,1.0,56175,1802.371220000001,180.23712200000008,12.139633418554707,18.327539522046337,0.6130487284307528,25.806744701315232,6,0.03515798842901647,False,False,False,1517,0,0.0,138.32877999999994,0.5728675376063692,0.22054410672116184,0.0,0.0
VCB,BAD,UCB_WITHOUT_VAE_UNCERTAINTY,UCB-VAE without VAE uncertainty,60,25,test,0.1,0.05,1.0,56175,-1.6047499999997399,-0.16047499999997397,-0.08054525659247913,22.38784990712554,0.018951068706935872,33.02221613190871,1,0.01606425702811245,False,False,False,415,0,0.0,86.75475000000004,0.8323322610087603,0.3061923157558384,0.0,0.0
VCB,BAD,UCB_WITHOUT_VAE_UNCERTAINTY,UCB-VAE without VAE uncertainty,60,26,train,0.1,0.05,1.0,58422,1749.2301900000011,174.92301900000012,11.901178228528831,18.154651872399555,0.6053165052900251,25.314187315885366,5,0.03382287494437027,False,False,False,1519,0,0.0,138.94980999999999,0.5660042564743338,0.21906124442669886,0.0,0.0
VCB,BAD,UCB_WITHOUT_VAE_UNCERTAINTY,UCB-VAE without VAE uncertainty,60,26,test,0.1,0.05,1.0,58422,65.69875000000002,6.5698750000000015,3.2439656049383148,22.288825605210857,0.16610866014321102,33.02221613190871,1,0.01606425702811245,False,False,False,416,0,0.0,87.36125000000004,0.8384778695984233,0.30446914724078045,0.0,0.0
VCB,BAD,UCB_WITHOUT_VAE_UNCERTAINTY,UCB-VAE without VAE uncertainty,60,27,train,0.1,0.05,1.0,60669,1766.0327699999993,176.60327699999993,11.977014630237615,18.01921416063825,0.6123009890390329,25.449512076848052,5,0.03426791277258567,False,False,False,1529,0,0.0,140.86722999999992,0.5601485287896594,0.21768362105927258,0.0,0.0
VCB,BAD,UCB_WITHOUT_VAE_UNCERTAINTY,UCB-VAE without VAE uncertainty,60,27,test,0.1,0.05,1.0,60669,50.81233999999995,5.081233999999995,2.5178622537935125,22.07573636327838,0.1333245810925979,33.02221613190871,1,0.01606425702811245,False,False,False,418,0,0.0,87.83766000000004,0.832637685087363,0.30231598232046186,0.0,0.0
VCB,BAD,UCB_WITHOUT_VAE_UNCERTAINTY,UCB-VAE without VAE uncertainty,60,28,train,0.1,0.05,1.0,62916,1660.6488399999998,166.06488399999998,11.494432907920071,18.007022699469253,0.5883985891348109,25.42955645768362,4,0.03337783711615487,False,False,False,1534,0,0.0,141.64115999999993,0.5622166024284577,0.21698841762293378,0.0,0.0
VCB,BAD,UCB_WITHOUT_VAE_UNCERTAINTY,UCB-VAE without VAE uncertainty,60,28,test,0.1,0.05,1.0,62916,49.29314999999997,4.929314999999996,2.443474434142634,22.071953630680742,0.1300056024521243,33.02221613190871,1,0.014056224899598393,False,False,False,424,0,0.0,88.47685000000004,0.8282351443177559,0.30020963032561615,0.0,0.0
VCB,BAD,UCB_WITHOUT_VAE_UNCERTAINTY,UCB-VAE without VAE uncertainty,60,29,train,0.1,0.05,1.0,65163,1529.90461,152.990461,10.871526556462063,17.654207461941997,0.5646090606540001,25.852545744847532,3,0.03426791277258567,False,False,False,1537,0,0.0,141.48538999999997,0.5532792325861575,0.21514971450495093,0.0,0.0
VCB,BAD,UCB_WITHOUT_VAE_UNCERTAINTY,UCB-VAE without VAE uncertainty,60,29,test,0.1,0.05,1.0,65163,21.846330000000307,2.1846330000000305,1.0901660955892956,22.289987276368954,0.07074107273690619,33.02221613190871,1,0.014056224899598393,False,False,False,424,0,0.0,88.77367000000002,0.8324738115183227,0.29839506221703255,0.0,0.0
VCB,BAD,UCB_WITHOUT_VAE_UNCERTAINTY,UCB-VAE without VAE uncertainty,60,30,train,0.1,0.05,1.0,67410,992.142349999998,99.2142349999998,7.964405578387868,17.386429828556242,0.4165102961473266,28.08074883817948,5,0.03471295060080107,False,False,False,1553,0,0.0,143.4676500000001,0.5432899595021328,0.21522614968966314,0.0,0.0
VCB,BAD,UCB_WITHOUT_VAE_UNCERTAINTY,UCB-VAE without VAE uncertainty,60,30,test,0.1,0.05,1.0,67410,-39.03407999999945,-3.903407999999945,-1.9778323912466478,22.32651170606029,-0.06816725652848822,33.926906069976695,1,0.01606425702811245,False,False,False,425,0,0.0,89.71408000000005,0.8233454559373582,0.29650185391845474,0.0,0.0
VCB,BAD,UCB_WITHOUT_VAE_UNCERTAINTY,UCB-VAE without VAE uncertainty,60,31,train,0.1,0.05,1.0,69657,1621.6963099999998,162.16963099999998,11.311749645319956,17.681927478430957,0.5865826515354281,26.171371849323656,4,0.03426791277258567,False,False,False,1542,0,0.0,143.61368999999996,0.548662908248895,0.2134639746648341,0.0,0.0
VCB,BAD,UCB_WITHOUT_VAE_UNCERTAINTY,UCB-VAE without VAE uncertainty,60,31,test,0.1,0.05,1.0,69657,-30.94005999999979,-3.094005999999979,-1.5644700145861279,22.067224170599868,-0.05225861704421716,35.17176011312415,1,0.012048192771084338,False,False,False,431,0,0.0,91.50006000000005,0.8209761061935547,0.29471894488277206,0.0,0.0
VCB,BAD,UCB_WITHOUT_VAE_UNCERTAINTY,UCB-VAE without VAE uncertainty,60,32,train,0.1,0.05,1.0,71904,1567.413199999999,156.7413199999999,11.053102003049586,17.215100487621562,0.5841320526863634,25.242986634030157,4,0.032932799287939477,False,False,False,1558,0,0.0,145.83679999999984,0.5401318846436105,0.211880049793838,0.0,0.0
VCB,BAD,UCB_WITHOUT_VAE_UNCERTAINTY,UCB-VAE without VAE uncertainty,60,32,test,0.1,0.05,1.0,71904,-0.23533999999995103,-0.023533999999995104,-0.011808101038501828,21.409523989012307,0.013152584135059372,35.13463053411592,1,0.010040160642570281,False,False,False,438,0,0.0,93.87534000000007,0.8003874926272027,0.29253547626685905,0.0,0.0
VCB,BAD,UCB_WITHOUT_VAE_UNCERTAINTY,UCB-VAE without VAE uncertainty,60,33,train,0.1,0.05,1.0,74151,1092.8842299999992,109.28842299999992,8.558233074903733,16.891441691364292,0.4564088739373359,27.475100061924124,5,0.032932799287939477,False,False,False,1564,0,0.0,147.2957700000001,0.5285965838843699,0.21123631253447275,0.0,0.0
VCB,BAD,UCB_WITHOUT_VAE_UNCERTAINTY,UCB-VAE without VAE uncertainty,60,33,test,0.1,0.05,1.0,74151,21.404979999999114,2.140497999999911,1.0682576261625165,21.101254490523306,0.06164122037204144,33.21005129417613,1,0.010040160642570281,False,False,False,448,0,0.0,97.45502000000002,0.7727866809690315,0.2903765242801134,0.0,0.0
VCB,BAD,UCB_WITHOUT_VAE_UNCERTAINTY,UCB-VAE without VAE uncertainty,60,34,train,0.1,0.05,1.0,76398,1393.9877399999996,139.39877399999995,10.192874056197088,17.12869029966126,0.5404321680089421,24.454016702587527,4,0.032932799287939477,False,False,False,1567,0,0.0,147.4422599999999,0.5316454987994981,0.20982317737886838,0.0,0.0
VCB,BAD,UCB_WITHOUT_VAE_UNCERTAINTY,UCB-VAE without VAE uncertainty,60,34,test,0.1,0.05,1.0,76398,-76.61642999999935,-7.661642999999936,-3.9203015417801357,21.414904674089318,-0.1745373302547199,33.05822705492499,1,0.010040160642570281,False,False,False,457,0,0.0,99.85643000000002,0.766619860745591,0.2886918957034747,0.0,0.0
VCB,BAD,UCB_WITHOUT_VAE_UNCERTAINTY,UCB-VAE without VAE uncertainty,60,35,train,0.1,0.05,1.0,78645,1020.9619800000005,102.09619800000004,8.136960633765721,16.59732506065695,0.4378667736690368,26.763105100701058,3,0.03693813974187806,False,False,False,1591,0,0.0,151.16802,0.5178451465585353,0.20867504632746214,0.0,0.0
VCB,BAD,UCB_WITHOUT_VAE_UNCERTAINTY,UCB-VAE without VAE uncertainty,60,35,test,0.1,0.05,1.0,78645,-70.36270999999965,-7.036270999999965,-3.5943779348968086,20.88815038334368,-0.16789525005835945,32.90516465120493,1,0.008032128514056224,False,False,False,465,0,0.0,101.58271,0.7419455574780003,0.28624246350253923,0.0,0.0
VCB,BAD,UCB_WITHOUT_VAE_UNCERTAINTY,UCB-VAE without VAE uncertainty,60,36,train,0.1,0.05,1.0,80892,928.062319999998,92.8062319999998,7.572637593503906,16.445951860978234,0.408279192707135,26.4732684165889,3,0.03426791277258567,False,False,False,1590,0,0.0,151.28768000000002,0.5122581298757749,0.2076091338952064,0.0,0.0
VCB,BAD,UCB_WITHOUT_VAE_UNCERTAINTY,UCB-VAE without VAE uncertainty,60,36,test,0.1,0.05,1.0,80892,-90.97869999999921,-9.09786999999992,-4.6730056202371255,20.454308269542988,-0.2312919027666604,30.269661659969426,2,0.006024096385542169,False,False,False,466,0,0.0,102.02869999999997,0.743611358596839,0.2839951957445068,0.0,0.0
VCB,BAD,UCB_WITHOUT_VAE_UNCERTAINTY,UCB-VAE without VAE uncertainty,60,37,train,0.1,0.05,1.0,83139,1184.0807699999987,118.40807699999986,9.074276564898408,16.482963825192574,0.492650896827063,28.031051270730078,1,0.035603026257231864,False,False,False,1584,0,0.0,151.33923,0.5010755549513027,0.20569002058673658,0.0,0.0
VCB,BAD,UCB_WITHOUT_VAE_UNCERTAINTY,UCB-VAE without VAE uncertainty,60,37,test,0.1,0.05,1.0,83139,-62.902689999999666,-6.290268999999967,-3.2070114982053033,20.40315449094218,-0.15692690411457463,31.665300051097738,2,0.004016064257028112,False,False,False,471,0,0.0,103.14268999999997,0.7530261248594308,0.2827390488311948,0.0,0.0
VCB,BAD,UCB_WITHOUT_VAE_UNCERTAINTY,UCB-VAE without VAE uncertainty,60,38,train,0.1,0.05,1.0,85386,986.2403099999985,98.62403099999986,7.928794122958238,16.172001032874775,0.43306484392662087,26.903320527293996,3,0.03159768580329328,False,False,False,1619,0,0.0,155.84968999999998,0.5000219641804866,0.20493831244120345,0.0,0.0
VCB,BAD,UCB_WITHOUT_VAE_UNCERTAINTY,UCB-VAE without VAE uncertainty,60,38,test,0.1,0.05,1.0,85386,-79.5542099999991,-7.95542099999991,-4.073788775860421,20.40677436652405,-0.2013839247039133,33.966567070001595,1,0.004016064257028112,False,False,False,472,0,0.0,102.57420999999997,0.7370536841079453,0.2811563399182745,0.0,0.0
VCB,BAD,UCB_WITHOUT_VAE_UNCERTAINTY,UCB-VAE without VAE uncertainty,60,39,train,0.1,0.05,1.0,87633,936.8842799999993,93.68842799999993,7.62725351043263,15.796062172982309,0.42168802473603856,26.288347479714997,2,0.03204272363150868,False,False,False,1608,0,0.0,155.24572000000006,0.48719325089808174,0.2037399647849424,0.0,0.0
VCB,BAD,UCB_WITHOUT_VAE_UNCERTAINTY,UCB-VAE without VAE uncertainty,60,39,test,0.1,0.05,1.0,87633,-57.05970999999977,-5.705970999999977,-2.9046828015112935,19.714458659835532,-0.15360802072047972,30.834809448855395,1,0.004016064257028112,False,False,False,473,0,0.0,102.26970999999998,0.7185361331749734,0.2787278620114767,0.0,0.0
VCB,BAD,UCB_WITHOUT_VAE_UNCERTAINTY,UCB-VAE without VAE uncertainty,60,40,train,0.1,0.05,1.0,89880,786.8204699999994,78.68204699999994,6.66653198871705,15.921709413268445,0.3628328150710362,27.642696589580645,3,0.03204272363150868,False,False,False,1610,0,0.0,156.48953,0.49001727153198044,0.2033050421859139,0.0,0.0
VCB,BAD,UCB_WITHOUT_VAE_UNCERTAINTY,UCB-VAE without VAE uncertainty,60,40,test,0.1,0.05,1.0,89880,-29.34570999999903,-2.934570999999903,-1.4832494794488893,20.07011178150731,-0.07438471242874287,28.932857485377383,1,0.004016064257028112,False,False,False,472,0,0.0,101.73571000000005,0.726225162648806,0.2777171890180274,0.0,0.0
VCB,BAD,UCB_WITHOUT_VAE_UNCERTAINTY,UCB-VAE without VAE uncertainty,60,41,train,0.1,0.05,1.0,92127,775.1024399999974,77.51024399999974,6.588526380199156,15.60026612439454,0.3623592923360275,26.672552368315184,3,0.037383177570093455,False,False,False,1604,0,0.0,156.64755999999988,0.48016029787168857,0.2018906444072405,0.0,0.0
VCB,BAD,UCB_WITHOUT_VAE_UNCERTAINTY,UCB-VAE without VAE uncertainty,60,41,test,0.1,0.05,1.0,92127,-60.108760000000416,-6.010876000000041,-3.0623305533381884,19.13671625219512,-0.17272362279469794,29.353378351942382,1,0.004016064257028112,False,False,False,473,0,0.0,102.64875999999998,0.6935684898813346,0.27609960842563447,0.0,0.0
VCB,BAD,UCB_WITHOUT_VAE_UNCERTAINTY,UCB-VAE without VAE uncertainty,60,42,train,0.1,0.05,1.0,94374,722.6225299999983,72.26225299999983,6.233458853778728,15.5634017130475,0.3412690979772383,26.58857084172961,2,0.03115264797507788,False,False,False,1622,0,0.0,157.31746999999993,0.47378317788401453,0.20099825131850715,0.0,0.0
VCB,BAD,UCB_WITHOUT_VAE_UNCERTAINTY,UCB-VAE without VAE uncertainty,60,42,test,0.1,0.05,1.0,94374,-62.48068000000012,-6.248068000000012,-3.185144353614533,19.121799930029514,-0.17973335862535655,28.932857485377383,1,0.004016064257028112,False,False,False,473,0,0.0,102.42067999999996,0.6979646262351329,0.2745896029663852,0.0,0.0
VCB,BAD,UCB_WITHOUT_VAE_UNCERTAINTY,UCB-VAE without VAE uncertainty,60,43,train,0.1,0.05,1.0,96621,673.4175799999989,67.3417579999999,5.891705296902416,15.35228376384894,0.3226134083239257,24.962010441221455,3,0.029372496662216287,False,False,False,1630,0,0.0,158.81242,0.46755419931244546,0.2001113769845746,0.0,0.0
VCB,BAD,UCB_WITHOUT_VAE_UNCERTAINTY,UCB-VAE without VAE uncertainty,60,43,test,0.1,0.05,1.0,96621,-68.46881000000042,-6.846881000000042,-3.495889677985864,19.18694035117102,-0.1954793404226509,29.870469916404684,1,0.004016064257028112,False,False,False,477,0,0.0,102.31880999999996,0.6933820433620825,0.2731598750295409,0.0,0.0
VCB,BAD,UCB_WITHOUT_VAE_UNCERTAINTY,UCB-VAE without VAE uncertainty,60,44,train,0.1,0.05,1.0,98868,712.1154099999987,71.21154099999988,6.161216830743155,15.180158634816538,0.34142673302782356,24.675880864139817,3,0.03159768580329328,False,False,False,1638,0,0.0,159.33459000000002,0.4626497756153201,0.1988477158610111,0.0,0.0
VCB,BAD,UCB_WITHOUT_VAE_UNCERTAINTY,UCB-VAE without VAE uncertainty,60,44,test,0.1,0.05,1.0,98868,-70.99725000000103,-7.099725000000102,-3.6273981994211835,18.498629082715997,-0.21715589848041872,30.037605860838905,1,0.004016064257028112,False,False,False,479,0,0.0,102.74724999999995,0.6561208980549851,0.27103688816229504,0.0,0.0
VCB,BAD,UCB_WITHOUT_VAE_UNCERTAINTY,UCB-VAE without VAE uncertainty,60,45,train,0.1,0.05,1.0,101115,648.9751099999996,64.89751099999997,5.718606701026552,15.257620122273321,0.31285559200336205,25.268128330230283,3,0.03159768580329328,False,False,False,1645,0,0.0,161.1848899999999,0.4644389427350185,0.19806944827901876,0.0,0.0
VCB,BAD,UCB_WITHOUT_VAE_UNCERTAINTY,UCB-VAE without VAE uncertainty,60,45,test,0.1,0.05,1.0,101115,-41.121070000000714,-4.112107000000071,-2.084696214394066,18.600120927693574,-0.12884021915021338,29.80310182539775,1,0.0,False,False,False,482,0,0.0,103.02106999999995,0.6682801226428063,0.2696684692279402,0.0,0.0
