ticker,time,feature,feature_value,shap_value
ACB,2021-01-04,Close,10.75,-0.022120877701613945
ACB,2021-01-04,Balance,1000.0,0.02653333723659767
ACB,2021-01-04,Position,0.0,-0.0033770623075221225
ACB,2021-01-04,MACD,0.15061791241168976,-0.01127923311926696
ACB,2021-01-04,RSI,62.374935150146484,0.03393644970182349
ACB,2021-01-04,CCI,102.40384674072266,0.047750320952006875
ACB,2021-01-04,ADX,31.939502716064453,-0.05564556707003132
ACB,2021-01-20,Close,10.619999885559082,-0.010847759327332972
ACB,2021-01-20,Balance,1000.0,0.009259047441699864
ACB,2021-01-20,Position,0.0,-0.0063554758068378354
ACB,2021-01-20,MACD,0.15544438362121582,-0.026187643987605563
ACB,2021-01-20,RSI,45.884765625,-0.04118231174172584
ACB,2021-01-20,CCI,-90.86509704589844,-0.11527005489980618
ACB,2021-01-20,ADX,33.832916259765625,-0.06739654472896679
ACB,2021-02-08,Close,10.319999694824219,-0.0057437587658678586
ACB,2021-02-08,Balance,1000.0,0.009287984332374587
ACB,2021-02-08,Position,0.0,-0.004959175223486292
ACB,2021-02-08,MACD,-0.08440805226564407,0.0016040270898781128
ACB,2021-02-08,RSI,46.06792449951172,-0.036130913747305295
ACB,2021-02-08,CCI,-30.538850784301758,-0.056566715749130365
ACB,2021-02-08,ADX,30.517953872680664,-0.052062850605415864
ACB,2021-03-03,Close,12.470000267028809,-0.009820803006699732
ACB,2021-03-03,Balance,1000.0,0.034582227151627044
ACB,2021-03-03,Position,0.0,-0.00402850279889283
ACB,2021-03-03,MACD,0.48554548621177673,-0.010795253976145076
ACB,2021-03-03,RSI,69.95122528076172,0.06974038016281563
ACB,2021-03-03,CCI,103.68168640136719,0.05541663333994349
ACB,2021-03-03,ADX,25.724666595458984,-0.029851722207754443
ACB,2021-03-22,Close,12.529999732971191,-0.008397685408172175
ACB,2021-03-22,Balance,1000.0,0.03469561641591691
ACB,2021-03-22,Position,0.0,-0.006371762281252587
ACB,2021-03-22,MACD,0.374912828207016,0.00038966393253134224
ACB,2021-03-22,RSI,62.41752624511719,0.043781391884667425
ACB,2021-03-22,CCI,90.13278198242188,0.04547304184385053
ACB,2021-03-22,ADX,22.2471866607666,-0.008358071825583149
ACB,2021-04-08,Close,12.90999984741211,-0.007974456742944204
ACB,2021-04-08,Balance,1000.0,0.03382826876317117
ACB,2021-04-08,Position,0.0,-0.00627363181111376
ACB,2021-04-08,MACD,0.28009888529777527,0.0007803708821667865
ACB,2021-04-08,RSI,64.11001586914062,0.05085670430026008
ACB,2021-04-08,CCI,96.09818267822266,0.04788617184260548
ACB,2021-04-08,ADX,18.047956466674805,0.009546871480492183
ACB,2021-04-27,Close,12.760000228881836,0.0026304987912411995
ACB,2021-04-27,Balance,1000.0,0.023456945851177018
ACB,2021-04-27,Position,0.0,-0.0064755004297571885
ACB,2021-04-27,MACD,0.05919497087597847,-0.01294905016113101
ACB,2021-04-27,RSI,54.315032958984375,-0.005241998968203201
ACB,2021-04-27,CCI,-41.7790412902832,-0.065764450620518
ACB,2021-04-27,ADX,14.601770401000977,0.02740711447331024
ACB,2021-05-18,Close,13.600000381469727,-0.003789403644235383
ACB,2021-05-18,Balance,1000.0,0.03337448174637394
ACB,2021-05-18,Position,0.0,-0.006599109498640677
ACB,2021-05-18,MACD,0.2879953384399414,0.003772032146625262
ACB,2021-05-18,RSI,62.80360412597656,0.04352738798672923
ACB,2021-05-18,CCI,88.30609130859375,0.044857431439870706
ACB,2021-05-18,ADX,23.628490447998047,-0.01630819529021034
ACB,2021-06-04,Close,17.0,0.022114047376748335
ACB,2021-06-04,Balance,1000.0,0.016698636265010638
ACB,2021-06-04,Position,0.0,-0.0047021867876884775
ACB,2021-06-04,MACD,0.9415297508239746,-0.07626928691566362
ACB,2021-06-04,RSI,84.72200775146484,0.09338958418934185
ACB,2021-06-04,CCI,183.13690185546875,0.06970340300375255
ACB,2021-06-04,ADX,48.956764221191406,-0.14797996265064345
ACB,2021-06-22,Close,16.719999313354492,0.01136237632431898
ACB,2021-06-22,Balance,1000.0,0.02749452247299923
ACB,2021-06-22,Position,0.0,-0.005038549218538864
ACB,2021-06-22,MACD,0.6370646953582764,-0.04797787351170484
ACB,2021-06-22,RSI,64.16513061523438,0.04182697963334636
ACB,2021-06-22,CCI,72.82012939453125,0.02471262456319307
ACB,2021-06-22,ADX,35.93805694580078,-0.08007947031736305
ACB,2021-07-09,Close,16.510000228881836,0.008875155931075268
ACB,2021-07-09,Balance,1000.0,0.022872020024643783
ACB,2021-07-09,Position,0.0,-0.005802984243776934
ACB,2021-07-09,MACD,0.4148204028606415,-0.031928289300068496
ACB,2021-07-09,RSI,50.93587112426758,-0.026132800780156545
ACB,2021-07-09,CCI,-50.38151931762695,-0.09606450058910268
ACB,2021-07-09,ADX,28.21893882751465,-0.045667238981113877
ACB,2021-07-28,Close,15.550000190734863,0.005752995636143038
ACB,2021-07-28,Balance,1000.0,0.007605579318508659
ACB,2021-07-28,Position,0.0,-0.005351202432283655
ACB,2021-07-28,MACD,-0.17381393909454346,0.03387248736227753
ACB,2021-07-28,RSI,46.35554122924805,-0.036129467132190875
ACB,2021-07-28,CCI,-42.376956939697266,-0.06947938500972
ACB,2021-07-28,ADX,23.53575897216797,-0.02226442584023075
ACB,2021-08-13,Close,16.579999923706055,0.012645632634675478
ACB,2021-08-13,Balance,1000.0,0.022958104497460996
ACB,2021-08-13,Position,0.0,-0.008609605291987005
ACB,2021-08-13,MACD,0.2130289226770401,-0.010414303227998923
ACB,2021-08-13,RSI,52.47454833984375,-0.02316870774267895
ACB,2021-08-13,CCI,20.83024787902832,-0.012636409006440356
ACB,2021-08-13,ADX,16.474836349487305,0.013192573889265188
ACB,2021-09-01,Close,15.010000228881836,0.002070719116112424
ACB,2021-09-01,Balance,909.6397094726562,-0.020185753714462448
ACB,2021-09-01,Position,6.0,-0.002696243336196573
ACB,2021-09-01,MACD,-0.3672167956829071,0.13992608564693312
ACB,2021-09-01,RSI,36.77520751953125,-0.04225085206210222
ACB,2021-09-01,CCI,-78.33597564697266,-0.06331285586365887
ACB,2021-09-01,ADX,24.711715698242188,-0.04561465252386149
ACB,2021-09-22,Close,14.819999694824219,0.0014627306419787815
ACB,2021-09-22,Balance,325.40606689453125,-0.054917169426101545
ACB,2021-09-22,Position,45.0,-0.006673883252844783
ACB,2021-09-22,MACD,-0.2841753661632538,0.12310791070667663
ACB,2021-09-22,RSI,40.26077651977539,-0.02231039889829875
ACB,2021-09-22,CCI,-53.56232452392578,-0.031406315405500165
ACB,2021-09-22,ADX,25.812421798706055,-0.02474322283373704
ACB,2021-10-08,Close,14.75,0.01582449942462366
ACB,2021-10-08,Balance,13.874859809875488,-0.07347694484102688
ACB,2021-10-08,Position,66.0,-0.008620204275380622
ACB,2021-10-08,MACD,-0.18203794956207275,0.049105607698105826
ACB,2021-10-08,RSI,44.51399612426758,-0.023305080509082705
ACB,2021-10-08,CCI,-39.65975570678711,-0.031025704307235565
ACB,2021-10-08,ADX,22.21706199645996,-0.020467559461480482
ACB,2021-10-27,Close,14.729999542236328,0.005178134094002584
ACB,2021-10-27,Balance,374.2940673828125,-0.10665099752579232
ACB,2021-10-27,Position,42.0,0.04096757241194328
ACB,2021-10-27,MACD,-0.07923252880573273,0.033914921133948915
ACB,2021-10-27,RSI,43.47493362426758,-0.018776818826808796
ACB,2021-10-27,CCI,-46.15574645996094,-0.04117438084316099
ACB,2021-10-27,ADX,14.185742378234863,0.019381222451794713
ACB,2021-11-12,Close,15.640000343322754,0.012110335420573763
ACB,2021-11-12,Balance,557.9502563476562,-0.1697907035298985
ACB,2021-11-12,Position,30.0,0.004262958557908925
ACB,2021-11-12,MACD,0.17512954771518707,-0.017331780026630838
ACB,2021-11-12,RSI,58.44319152832031,0.012954545022445472
ACB,2021-11-12,CCI,49.508968353271484,0.006855852793393255
ACB,2021-11-12,ADX,21.450544357299805,-0.008059706558371666
ACB,2021-12-01,Close,15.710000038146973,0.011433545620377482
ACB,2021-12-01,Balance,589.2988891601562,-0.1561283007711064
ACB,2021-12-01,Position,28.0,0.008119372378299905
ACB,2021-12-01,MACD,0.18245616555213928,-0.028337118214534662
ACB,2021-12-01,RSI,50.4552116394043,-0.04126660350345167
ACB,2021-12-01,CCI,-44.110565185546875,-0.060972648301627554
ACB,2021-12-01,ADX,18.802949905395508,-0.008287458934145769
ACB,2021-12-20,Close,15.520000457763672,0.006491678174535831
ACB,2021-12-20,Balance,867.7301635742188,-0.0554085162268386
ACB,2021-12-20,Position,10.0,-0.004216966575180328
ACB,2021-12-20,MACD,-0.007797949947416782,-0.016591022481966772
ACB,2021-12-20,RSI,48.02445602416992,-0.043339277641968516
ACB,2021-12-20,CCI,-50.77262878417969,-0.07639340530402795
ACB,2021-12-20,ADX,13.238384246826172,0.03346552962198231
ACB,2022-01-06,Close,15.829999923706055,0.005994544747928235
ACB,2022-01-06,Balance,1021.5361938476562,0.033049635695454785
ACB,2022-01-06,Position,0.0,-0.009595580525882507
ACB,2022-01-06,MACD,0.09236247837543488,-0.01805131695698282
ACB,2022-01-06,RSI,53.74861145019531,-0.014890855167672922
ACB,2022-01-06,CCI,40.34157943725586,0.0011470542226895003
ACB,2022-01-06,ADX,12.895065307617188,0.03527569109638131
ACB,2022-01-25,Close,16.34000015258789,0.013929201415035281
ACB,2022-01-25,Balance,1021.5361938476562,0.03403606744808681
ACB,2022-01-25,Position,0.0,-0.0065737851312911155
ACB,2022-01-25,MACD,0.06807953864336014,-0.02060713443782493
ACB,2022-01-25,RSI,66.18724060058594,0.0459085719992509
ACB,2022-01-25,CCI,170.97657775878906,0.08311291353600742
ACB,2022-01-25,ADX,12.47643756866455,0.03888219600970198
ACB,2022-02-18,Close,15.880000114440918,0.004598341554028745
ACB,2022-02-18,Balance,1021.5361938476562,0.028392817649838722
ACB,2022-02-18,Position,0.0,-0.008375232066604647
ACB,2022-02-18,MACD,0.10471738129854202,-0.017275689319534885
ACB,2022-02-18,RSI,46.50271987915039,-0.05009480624942249
ACB,2022-02-18,CCI,-40.530128479003906,-0.07050626814777623
ACB,2022-02-18,ADX,19.5721378326416,-0.0050121325472306045
ACB,2022-03-08,Close,15.289999961853027,0.005100364101588428
ACB,2022-03-08,Balance,1021.5361938476562,0.009234175532977383
ACB,2022-03-08,Position,0.0,-0.018913899488677992
ACB,2022-03-08,MACD,-0.110807403922081,0.01868026115645933
ACB,2022-03-08,RSI,39.27018356323242,-0.057854103797922767
ACB,2022-03-08,CCI,-169.70452880859375,-0.15911540581142328
ACB,2022-03-08,ADX,15.474406242370605,0.0182524210921475
ACB,2022-03-25,Close,15.34000015258789,0.00933252770205801
ACB,2022-03-25,Balance,1021.5361938476562,0.017497691965096106
ACB,2022-03-25,Position,0.0,-0.016231315434206254
ACB,2022-03-25,MACD,-0.13166096806526184,0.00949617570566925
ACB,2022-03-25,RSI,41.734130859375,-0.04787822140116102
ACB,2022-03-25,CCI,-54.0780143737793,-0.07970308857100587
ACB,2022-03-25,ADX,10.770590782165527,0.06870708157411524
ACB,2022-04-14,Close,15.850000381469727,0.006819223679718931
ACB,2022-04-14,Balance,1021.5361938476562,0.03535297503616997
ACB,2022-04-14,Position,0.0,-0.008379146428018907
ACB,2022-04-14,MACD,0.03938112407922745,-0.014431758581234994
ACB,2022-04-14,RSI,56.71440124511719,-0.00014409381791988252
ACB,2022-04-14,CCI,136.25555419921875,0.06753763040561254
ACB,2022-04-14,ADX,9.956295013427734,0.05487473744802003
ACB,2022-05-04,Close,14.890000343322754,0.002180944157260223
ACB,2022-05-04,Balance,1021.5361938476562,0.019932227107340928
ACB,2022-05-04,Position,0.0,-0.007032821314451012
ACB,2022-05-04,MACD,-0.21567200124263763,0.0493002688214542
ACB,2022-05-04,RSI,45.71809768676758,-0.03984055792508351
ACB,2022-05-04,CCI,-36.537052154541016,-0.06380186406189113
ACB,2022-05-04,ADX,19.241426467895508,-0.002035045439376729
ACB,2022-05-23,Close,13.34000015258789,-0.009813577003903793
ACB,2022-05-23,Balance,780.7857055664062,-0.024179145650438803
ACB,2022-05-23,Position,18.0,6.817354494365047e-05
ACB,2022-05-23,MACD,-0.48848438262939453,0.25918090184242404
ACB,2022-05-23,RSI,38.33531951904297,-0.029087347517759005
ACB,2022-05-23,CCI,-91.32669830322266,-0.04104334343825034
ACB,2022-05-23,ADX,28.753273010253906,-0.008303516195770348
ACB,2022-06-09,Close,15.100000381469727,0.00595942262316776
ACB,2022-06-09,Balance,629.8959350585938,-0.1620359138517361
ACB,2022-06-09,Position,29.0,0.003592554217095728
ACB,2022-06-09,MACD,0.1317722201347351,-0.023134853022223227
ACB,2022-06-09,RSI,58.18668746948242,0.00973066473732001
ACB,2022-06-09,CCI,83.87528991699219,0.022081543870928748
ACB,2022-06-09,ADX,16.559768676757812,0.006619985627908301
ACB,2022-06-27,Close,14.039999961853027,-0.000885479483494489
ACB,2022-06-27,Balance,643.8899536132812,-0.10292917636938524
ACB,2022-06-27,Position,28.0,0.004497494414045851
ACB,2022-06-27,MACD,-0.16820645332336426,0.06802734195281213
ACB,2022-06-27,RSI,47.84590530395508,-0.020145801470107406
ACB,2022-06-27,CCI,-37.97935104370117,-0.04240169860612507
ACB,2022-06-27,ADX,22.901453018188477,-0.04205514018792125
ACB,2022-07-14,Close,14.100000381469727,-0.0007945605047309512
ACB,2022-07-14,Balance,770.9984130859375,-0.10146518825133867
ACB,2022-07-14,Position,19.0,0.0031697697623715966
ACB,2022-07-14,MACD,-0.049856267869472504,-0.009677092579407928
ACB,2022-07-14,RSI,49.19988250732422,-0.03446765698591951
ACB,2022-07-14,CCI,26.482440948486328,-0.013566459278549204
ACB,2022-07-14,ADX,17.61035919189453,0.0030279307012297395
ACB,2022-08-01,Close,14.65999984741211,0.003733267772719628
ACB,2022-08-01,Balance,798.9904174804688,-0.08786015876245014
ACB,2022-08-01,Position,17.0,-0.0011454282357196907
ACB,2022-08-01,MACD,0.06787467002868652,-0.018486856878359215
ACB,2022-08-01,RSI,61.84619140625,0.03281270205239294
ACB,2022-08-01,CCI,185.60133361816406,0.07887123415395246
ACB,2022-08-01,ADX,12.647533416748047,0.031231548667643737
ACB,2022-08-18,Close,14.739999771118164,0.0033796213789805372
ACB,2022-08-18,Balance,798.9904174804688,-0.08276589839835713
ACB,2022-08-18,Position,17.0,5.366288569217878e-05
ACB,2022-08-18,MACD,0.11398545652627945,-0.01853727617353723
ACB,2022-08-18,RSI,61.20655822753906,0.029088268920781528
ACB,2022-08-18,CCI,96.84093475341797,0.035643864203820125
ACB,2022-08-18,ADX,13.288061141967773,0.025352904797099035
ACB,2022-09-08,Close,14.069999694824219,-0.007867008170281346
ACB,2022-09-08,Balance,1043.2259521484375,0.020057365869435344
ACB,2022-09-08,Position,0.0,-0.01934723881736494
ACB,2022-09-08,MACD,-0.03867585211992264,0.0069476679400272134
ACB,2022-09-08,RSI,37.10807800292969,-0.04552136295289843
ACB,2022-09-08,CCI,-217.37527465820312,-0.18164466534499057
ACB,2022-09-08,ADX,9.762491226196289,0.09120788510419313
ACB,2022-09-26,Close,13.010000228881836,-0.014798841376425485
ACB,2022-09-26,Balance,963.2860717773438,-0.014907926319089914
ACB,2022-09-26,Position,6.0,0.0013171211544579925
ACB,2022-09-26,MACD,-0.32606980204582214,0.1469966690785659
ACB,2022-09-26,RSI,22.401193618774414,-0.09003051411204924
ACB,2022-09-26,CCI,-144.4536590576172,-0.08224670274116343
ACB,2022-09-26,ADX,33.73326873779297,-0.03939722223302479
ACB,2022-10-13,Close,11.699999809265137,-0.07712126654154429
ACB,2022-10-13,Balance,491.9952392578125,0.0005064623002248691
ACB,2022-10-13,Position,45.0,0.009867037998277173
ACB,2022-10-13,MACD,-0.7648464441299438,0.35265614667720463
ACB,2022-10-13,RSI,39.07117462158203,-0.006854368747239589
ACB,2022-10-13,CCI,-85.47833251953125,-2.6118770560357163e-05
ACB,2022-10-13,ADX,55.13130187988281,0.1361720931838344
ACB,2022-11-01,Close,13.15999984741211,-0.01802466020392176
ACB,2022-11-01,Balance,10.824549674987793,-0.1657994006600299
ACB,2022-11-01,Position,84.0,-0.013275432900988694
ACB,2022-11-01,MACD,0.012287757359445095,0.02882067010831646
ACB,2022-11-01,RSI,58.02811813354492,-0.0008704306345427848
ACB,2022-11-01,CCI,138.40701293945312,0.008837117208037188
ACB,2022-11-01,ADX,29.644502639770508,-0.03288345329372444
ACB,2022-11-17,Close,12.34000015258789,-0.023133319534335003
ACB,2022-11-17,Balance,10.824549674987793,-0.08901434519013296
ACB,2022-11-17,Position,84.0,-0.018724430320459
ACB,2022-11-17,MACD,-0.15578392148017883,0.07528711792594418
ACB,2022-11-17,RSI,50.8604621887207,-0.006707107018759754
ACB,2022-11-17,CCI,15.231400489807129,-0.008370000798449337
ACB,2022-11-17,ADX,26.997217178344727,-0.015033667565295897
ACB,2022-12-06,Close,13.069999694824219,-0.026757577866371108
ACB,2022-12-06,Balance,144.19105529785156,-0.2363821785429399
ACB,2022-12-06,Position,74.0,0.06425646252869376
ACB,2022-12-06,MACD,0.292866975069046,-0.03536668039075553
ACB,2022-12-06,RSI,54.662208557128906,-0.01888839086066498
ACB,2022-12-06,CCI,109.58875274658203,0.02082860682298863
ACB,2022-12-06,ADX,20.060562133789062,-0.010201046224909333
ACB,2022-12-23,Close,13.420000076293945,-0.015845613212240192
ACB,2022-12-23,Balance,464.5703430175781,-0.18837647340575223
ACB,2022-12-23,Position,50.0,0.048693946158109645
ACB,2022-12-23,MACD,0.21748223900794983,-0.0392109385555406
ACB,2022-12-23,RSI,55.80683135986328,-0.012777230692953001
ACB,2022-12-23,CCI,-8.847959518432617,-0.030713819251936243
ACB,2022-12-23,ADX,13.147026062011719,0.036314170436562335
ACB,2023-01-11,Close,14.1899995803833,-0.00020690154091172752
ACB,2023-01-11,Balance,687.327392578125,-0.13396912748218445
ACB,2023-01-11,Position,33.0,0.0023859715517730294
ACB,2023-01-11,MACD,0.1984395533800125,-0.011005137735325696
ACB,2023-01-11,RSI,68.5945053100586,0.06717889441673046
ACB,2023-01-11,CCI,218.79458618164062,0.08058383565608682
ACB,2023-01-11,ADX,13.86507511138916,0.025520470414326236
ACB,2023-02-06,Close,14.600000381469727,0.002275732994081382
ACB,2023-02-06,Balance,687.327392578125,-0.11961479999990271
ACB,2023-02-06,Position,33.0,0.005663664253415655
ACB,2023-02-06,MACD,0.3850722312927246,-0.03269885648610005
ACB,2023-02-06,RSI,55.870758056640625,-0.0009679601142891792
ACB,2023-02-06,CCI,18.313438415527344,-0.02674080988182654
ACB,2023-02-06,ADX,27.571413040161133,-0.032730340873983035
ACB,2023-02-23,Close,14.890000343322754,0.005325868992357745
ACB,2023-02-23,Balance,687.327392578125,-0.12249261025837839
ACB,2023-02-23,Position,33.0,0.008655074763449459
ACB,2023-02-23,MACD,0.18866577744483948,-0.012962119392184605
ACB,2023-02-23,RSI,57.51967239379883,0.00793470842970788
ACB,2023-02-23,CCI,13.025185585021973,-0.015190429122349726
ACB,2023-02-23,ADX,18.202056884765625,0.00461325571478563
ACB,2023-03-13,Close,14.359999656677246,-0.0017551926450116995
ACB,2023-03-13,Balance,859.8646850585938,-0.05747225566176717
ACB,2023-03-13,Position,21.0,0.009835824254866704
ACB,2023-03-13,MACD,0.053379036486148834,-0.020148085042628803
ACB,2023-03-13,RSI,48.20086669921875,-0.03911587595351651
ACB,2023-03-13,CCI,-43.9799690246582,-0.06644244099455857
ACB,2023-03-13,ADX,10.970972061157227,0.05573375547472205
ACB,2023-03-30,Close,14.420000076293945,0.0019581574488156898
ACB,2023-03-30,Balance,988.016357421875,0.01530874176358665
ACB,2023-03-30,Position,12.0,0.0
ACB,2023-03-30,MACD,-0.02531477063894272,-0.010039252535496526
ACB,2023-03-30,RSI,51.335777282714844,-0.019052964280964764
ACB,2023-03-30,CCI,24.300649642944336,-0.013410338306859433
ACB,2023-03-30,ADX,16.6217041015625,0.016791099317023404
ACB,2023-04-17,Close,14.65999984741211,0.003394967424820594
ACB,2023-04-17,Balance,988.016357421875,0.014375881270439952
ACB,2023-04-17,Position,12.0,-0.0018442953422470112
ACB,2023-04-17,MACD,0.06593254208564758,-0.015877140028006963
ACB,2023-04-17,RSI,54.15794372558594,-0.013503398846102794
ACB,2023-04-17,CCI,34.37376403808594,-0.004420985812960079
ACB,2023-04-17,ADX,10.205145835876465,0.05334687859209002
ACB,2023-05-09,Close,14.600000381469727,0.002468726785393227
ACB,2023-05-09,Balance,1158.6356201171875,0.11372511838518737
ACB,2023-05-09,Position,0.0,-0.007114831777554494
ACB,2023-05-09,MACD,-0.0055171228013932705,-0.011667927681275121
ACB,2023-05-09,RSI,57.2567024230957,0.009568725638940855
ACB,2023-05-09,CCI,64.72113800048828,0.019644491413397257
ACB,2023-05-09,ADX,15.685770988464355,0.024023328523485665
ACB,2023-05-26,Close,14.65999984741211,0.003314002602566635
ACB,2023-05-26,Balance,1158.6356201171875,0.10437049646262596
ACB,2023-05-26,Position,0.0,-0.004702168511925158
ACB,2023-05-26,MACD,0.07344375550746918,-0.016159202444042425
ACB,2023-05-26,RSI,54.167457580566406,-0.002426653649512278
ACB,2023-05-26,CCI,56.18546676635742,0.015703562700621322
ACB,2023-05-26,ADX,26.141727447509766,-0.034656232300219025
ACB,2023-06-13,Close,15.15999984741211,0.006042818117046389
ACB,2023-06-13,Balance,1158.6356201171875,0.08466377879721347
ACB,2023-06-13,Position,0.0,-0.004758410920768641
ACB,2023-06-13,MACD,0.16527128219604492,-0.012800951400932506
ACB,2023-06-13,RSI,62.02073669433594,0.029541607238336213
ACB,2023-06-13,CCI,49.27556228637695,0.002173183217194701
ACB,2023-06-13,ADX,40.6545295715332,-0.10321360793287816
ACB,2023-06-30,Close,15.479999542236328,0.0077846780019466405
ACB,2023-06-30,Balance,1158.6356201171875,0.08001806589693362
ACB,2023-06-30,Position,0.0,-0.00318679651258906
ACB,2023-06-30,MACD,0.17235569655895233,-0.015753572726580532
ACB,2023-06-30,RSI,60.83815383911133,0.023292079492177573
ACB,2023-06-30,CCI,54.54096603393555,0.004068523060898196
ACB,2023-06-30,ADX,43.901451110839844,-0.11368374960792044
ACB,2023-07-19,Close,15.4399995803833,0.003036389752232787
ACB,2023-07-19,Balance,1158.6356201171875,0.09436068113620998
ACB,2023-07-19,Position,0.0,-0.004731296368337389
ACB,2023-07-19,MACD,0.07606163620948792,-0.017766216413706442
ACB,2023-07-19,RSI,56.58220291137695,0.006000632361708105
ACB,2023-07-19,CCI,28.266666412353516,-0.0084034361650514
ACB,2023-07-19,ADX,29.906646728515625,-0.05701052285678949
ACB,2023-08-04,Close,17.1200008392334,0.030454385938789907
ACB,2023-08-04,Balance,1158.6356201171875,0.09856936889600293
ACB,2023-08-04,Position,0.0,-0.001960184664927145
ACB,2023-08-04,MACD,0.3121863305568695,0.003396720767604839
ACB,2023-08-04,RSI,85.58381652832031,0.08190398276878083
ACB,2023-08-04,CCI,255.47964477539062,0.14344433589480549
ACB,2023-08-04,ADX,39.90278625488281,-0.09434902953723702
ACB,2023-08-23,Close,15.329999923706055,0.001053986242154753
ACB,2023-08-23,Balance,1158.6356201171875,0.07416058033354819
ACB,2023-08-23,Position,0.0,-0.006865382841612461
ACB,2023-08-23,MACD,-0.0431072935461998,-0.0006815681180605271
ACB,2023-08-23,RSI,38.70817947387695,-0.058944327327896194
ACB,2023-08-23,CCI,-121.85643768310547,-0.1404079023084719
ACB,2023-08-23,ADX,30.90615463256836,-0.06736409286881447
ACB,2023-09-13,Close,15.829999923706055,0.003910624884814959
ACB,2023-09-13,Balance,1158.6356201171875,0.11116848237388247
ACB,2023-09-13,Position,0.0,-0.006812802512090032
ACB,2023-09-13,MACD,0.02902236580848694,-0.010251182913466291
ACB,2023-09-13,RSI,50.49054718017578,-0.019956710725558408
ACB,2023-09-13,CCI,30.848447799682617,-0.0069762812571437
ACB,2023-09-13,ADX,20.118812561035156,-0.002523982300809817
ACB,2023-09-29,Close,15.329999923706055,0.001487212242516578
ACB,2023-09-29,Balance,1158.6356201171875,0.08486660690194134
ACB,2023-09-29,Position,0.0,-0.011439013798595488
ACB,2023-09-29,MACD,-0.1143442839384079,0.014029855553874931
ACB,2023-09-29,RSI,40.13739013671875,-0.057191410468792815
ACB,2023-09-29,CCI,-136.9575958251953,-0.1527307727788669
ACB,2023-09-29,ADX,20.218814849853516,-0.014192409898285846
ACB,2023-10-18,Close,15.479999542236328,0.003043525034101017
ACB,2023-10-18,Balance,1158.6356201171875,0.10960394153017904
ACB,2023-10-18,Position,0.0,-0.008723838820750049
ACB,2023-10-18,MACD,0.0245908685028553,-0.010067979938366072
ACB,2023-10-18,RSI,44.764705657958984,-0.04390807849314244
ACB,2023-10-18,CCI,4.591104507446289,-0.0316564310357868
ACB,2023-10-18,ADX,21.58770179748535,-0.012069137558117945
ACB,2023-11-06,Close,15.579999923706055,0.004288651453554962
ACB,2023-11-06,Balance,1158.6356201171875,0.10543324966709786
ACB,2023-11-06,Position,0.0,-0.006790536738348331
ACB,2023-11-06,MACD,-0.05854121968150139,-0.007776235608242004
ACB,2023-11-06,RSI,53.54600143432617,-0.005290514636407063
ACB,2023-11-06,CCI,27.38315773010254,-0.009884312390072272
ACB,2023-11-06,ADX,21.22641372680664,-0.010678824672960063
ACB,2023-11-22,Close,15.930000305175781,0.005495977168569079
ACB,2023-11-22,Balance,1158.6356201171875,0.1095591425221323
ACB,2023-11-22,Position,0.0,-0.0077209157206468235
ACB,2023-11-22,MACD,0.13348613679409027,-0.015644922725943342
ACB,2023-11-22,RSI,54.70688247680664,-0.004761133774221216
ACB,2023-11-22,CCI,44.40951156616211,0.005729101912696498
ACB,2023-11-22,ADX,17.06407928466797,0.013902733513264627
ACB,2023-12-11,Close,15.720000267028809,0.004406156866306216
ACB,2023-12-11,Balance,1158.6356201171875,0.11124167276017809
ACB,2023-12-11,Position,0.0,-0.009488425936781014
ACB,2023-12-11,MACD,0.007248711306601763,-0.009199310787509667
ACB,2023-12-11,RSI,52.92271423339844,-0.012727097384639714
ACB,2023-12-11,CCI,-4.406672954559326,-0.03914127254483982
ACB,2023-12-11,ADX,13.941208839416504,0.034667985074199034
ACB,2023-12-28,Close,16.670000076293945,0.015548633646337563
ACB,2023-12-28,Balance,1158.6356201171875,0.10285285718975216
ACB,2023-12-28,Position,0.0,-0.004128789712885469
ACB,2023-12-28,MACD,0.21950596570968628,-0.0033983948218182236
ACB,2023-12-28,RSI,72.16018676757812,0.07448766633629818
ACB,2023-12-28,CCI,144.85989379882812,0.08119905812438298
ACB,2023-12-28,ADX,23.462379455566406,-0.02036631943451442
FPT,2021-01-04,Close,26.290000915527344,-0.21294165968019602
FPT,2021-01-04,Balance,1000.0,0.012341500132008965
FPT,2021-01-04,Position,0.0,-0.097930986906851
FPT,2021-01-04,MACD,0.4585452079772949,-0.04980878890863593
FPT,2021-01-04,RSI,70.85566711425781,-0.08235814603608665
FPT,2021-01-04,CCI,230.59117126464844,0.06594054574890622
FPT,2021-01-04,ADX,37.01921844482422,0.06448778589022681
FPT,2021-01-20,Close,27.649999618530273,-0.17455411888638414
FPT,2021-01-20,Balance,663.5939331054688,0.0102869337819671
FPT,2021-01-20,Position,12.0,-0.056121752171431526
FPT,2021-01-20,MACD,0.9235426187515259,0.171464522073759
FPT,2021-01-20,RSI,57.8095703125,-0.04639856273370002
FPT,2021-01-20,CCI,12.178022384643555,-0.013352365211047025
FPT,2021-01-20,ADX,47.829498291015625,0.29406328534177545
FPT,2021-02-08,Close,31.139999389648438,-0.21210653594065051
FPT,2021-02-08,Balance,288.44915771484375,-0.011866900023586213
FPT,2021-02-08,Position,25.0,-0.02368912910537427
FPT,2021-02-08,MACD,1.109261155128479,0.20889850252221945
FPT,2021-02-08,RSI,64.18984985351562,-0.08681073774145591
FPT,2021-02-08,CCI,141.84661865234375,0.004728972293470052
FPT,2021-02-08,ADX,29.205928802490234,-0.016502612294119836
FPT,2021-03-03,Close,33.939998626708984,-0.17395631342398477
FPT,2021-03-03,Balance,23.36433982849121,-0.004058019399352268
FPT,2021-03-03,Position,33.0,0.0022905663431559697
FPT,2021-03-03,MACD,1.5329773426055908,0.43757776522618397
FPT,2021-03-03,RSI,67.97728729248047,-0.0921683153850253
FPT,2021-03-03,CCI,73.21524810791016,-0.0033720365768088443
FPT,2021-03-03,ADX,28.936054229736328,-0.009143616309505836
FPT,2021-03-22,Close,34.369998931884766,-0.21067000159397273
FPT,2021-03-22,Balance,23.36433982849121,-0.001886851327786987
FPT,2021-03-22,Position,33.0,0.004307907101806427
FPT,2021-03-22,MACD,1.0261458158493042,0.17741580251791672
FPT,2021-03-22,RSI,60.54420471191406,-0.07155221139790273
FPT,2021-03-22,CCI,71.30402374267578,-0.009464729329378002
FPT,2021-03-22,ADX,26.081623077392578,-0.05214538756740039
FPT,2021-04-08,Close,34.77000045776367,-0.21679667530819854
FPT,2021-04-08,Balance,23.36433982849121,-0.001571215242470788
FPT,2021-04-08,Position,33.0,0.004510946816653098
FPT,2021-04-08,MACD,0.5261210799217224,0.005751500565448993
FPT,2021-04-08,RSI,60.65118408203125,-0.04531212410630126
FPT,2021-04-08,CCI,64.4760513305664,-2.6315258095044314e-05
FPT,2021-04-08,ADX,16.055089950561523,-0.10053227477466109
FPT,2021-04-27,Close,35.25,-0.21853725199192084
FPT,2021-04-27,Balance,23.36433982849121,-0.0008519315157070204
FPT,2021-04-27,Position,33.0,0.004180315935754686
FPT,2021-04-27,MACD,0.4795067310333252,-0.004472565990409922
FPT,2021-04-27,RSI,53.26142501831055,-0.015840621546137135
FPT,2021-04-27,CCI,22.120651245117188,-0.02421619092654242
FPT,2021-04-27,ADX,15.662708282470703,-0.12947081284584316
FPT,2021-05-18,Close,38.0,-0.17161341649494188
FPT,2021-05-18,Balance,23.36433982849121,-0.000468570869395446
FPT,2021-05-18,Position,33.0,0.003516033422907188
FPT,2021-05-18,MACD,0.7407453060150146,0.057548047028318276
FPT,2021-05-18,RSI,67.06050872802734,-0.0905937961139844
FPT,2021-05-18,CCI,148.6612091064453,0.025320590930740797
FPT,2021-05-18,ADX,25.854633331298828,-0.04736664196725066
FPT,2021-06-04,Close,42.97999954223633,-0.07345276482314583
FPT,2021-06-04,Balance,23.36433982849121,0.0007697869617090403
FPT,2021-06-04,Position,33.0,0.0020347085617989113
FPT,2021-06-04,MACD,1.898743987083435,0.7024137832809831
FPT,2021-06-04,RSI,69.17988586425781,-0.11884457745851548
FPT,2021-06-04,CCI,82.89740753173828,-0.007222738955197931
FPT,2021-06-04,ADX,47.55059814453125,0.265985230123828
FPT,2021-06-22,Close,43.34000015258789,-0.10656222746522041
FPT,2021-06-22,Balance,23.36433982849121,-0.001698666256070432
FPT,2021-06-22,Position,33.0,0.0027521227674499565
FPT,2021-06-22,MACD,1.029120683670044,0.17924798357683305
FPT,2021-06-22,RSI,64.83279418945312,-0.09438989183402052
FPT,2021-06-22,CCI,112.1695556640625,0.002469409930056532
FPT,2021-06-22,ADX,32.090091705322266,0.007253326885761716
FPT,2021-07-09,Close,45.52000045776367,-0.08635307881490684
FPT,2021-07-09,Balance,23.36433982849121,-0.0014653546457238098
FPT,2021-07-09,Position,33.0,0.00343647601938651
FPT,2021-07-09,MACD,1.2409192323684692,0.28413332687097465
FPT,2021-07-09,RSI,60.147300720214844,-0.07285531110507387
FPT,2021-07-09,CCI,87.61540985107422,-0.009609710460338112
FPT,2021-07-09,ADX,31.61031723022461,0.005564043404411782
FPT,2021-07-28,Close,46.689998626708984,-0.06726020222328921
FPT,2021-07-28,Balance,23.36433982849121,-0.0006417431188059652
FPT,2021-07-28,Position,33.0,0.003908409708271033
FPT,2021-07-28,MACD,0.9006326794624329,0.13370544257116762
FPT,2021-07-28,RSI,60.54621124267578,-0.054110549687527924
FPT,2021-07-28,CCI,106.90725708007812,0.00844161458778453
FPT,2021-07-28,ADX,20.91197967529297,-0.07063195596941298
FPT,2021-08-13,Close,48.209999084472656,-0.047130881992076434
FPT,2021-08-13,Balance,23.36433982849121,-0.0029613380631885334
FPT,2021-08-13,Position,33.0,0.00438692769402033
FPT,2021-08-13,MACD,1.158103585243225,0.2679037823939277
FPT,2021-08-13,RSI,57.938228607177734,-0.04298376124406891
FPT,2021-08-13,CCI,27.69923973083496,-0.0016834457090843247
FPT,2021-08-13,ADX,27.12627601623535,-0.026755519687081227
FPT,2021-09-01,Close,47.38999938964844,-0.06117093906935923
FPT,2021-09-01,Balance,23.36433982849121,-0.0010657430539278145
FPT,2021-09-01,Position,33.0,0.0034228001015561525
FPT,2021-09-01,MACD,0.17082154750823975,-0.07584594695391217
FPT,2021-09-01,RSI,51.350242614746094,0.0041328384121510405
FPT,2021-09-01,CCI,-49.995487213134766,-0.04561051763749071
FPT,2021-09-01,ADX,16.18187141418457,-0.11707886631550428
FPT,2021-09-22,Close,47.79999923706055,-0.05472975609101814
FPT,2021-09-22,Balance,23.36433982849121,0.0008460933876891785
FPT,2021-09-22,Position,33.0,0.0023205839919978283
FPT,2021-09-22,MACD,0.2534937262535095,-0.04913756608191854
FPT,2021-09-22,RSI,49.83150863647461,0.014653521595565778
FPT,2021-09-22,CCI,-12.715841293334961,-0.03361607064617382
FPT,2021-09-22,ADX,14.290489196777344,-0.12665416000078472
FPT,2021-10-08,Close,50.720001220703125,-0.011171033043125271
FPT,2021-10-08,Balance,23.36433982849121,0.0011002009274917457
FPT,2021-10-08,Position,33.0,0.004218813313554843
FPT,2021-10-08,MACD,0.3569849133491516,-0.020479831476795003
FPT,2021-10-08,RSI,72.85780334472656,-0.07422818935860206
FPT,2021-10-08,CCI,259.8283386230469,0.0978980237913716
FPT,2021-10-08,ADX,14.288104057312012,-0.07660539359775094
FPT,2021-10-27,Close,50.36000061035156,-0.016225495880453564
FPT,2021-10-27,Balance,23.36433982849121,-8.863878077208787e-05
FPT,2021-10-27,Position,33.0,0.00356807529333404
FPT,2021-10-27,MACD,0.4187059700489044,-0.017206795556768486
FPT,2021-10-27,RSI,59.12663269042969,-0.046985725605066225
FPT,2021-10-27,CCI,28.055309295654297,-0.014143597463344341
FPT,2021-10-27,ADX,24.86074447631836,-0.041976277593362595
FPT,2021-11-12,Close,50.2599983215332,-0.017138158822281768
FPT,2021-11-12,Balance,23.36433982849121,0.00039806628420333
FPT,2021-11-12,Position,33.0,0.003606891344032958
FPT,2021-11-12,MACD,0.1533946990966797,-0.06893050070316137
FPT,2021-11-12,RSI,56.56978225708008,-0.025624074811011296
FPT,2021-11-12,CCI,27.273971557617188,-0.00899722541171351
FPT,2021-11-12,ADX,15.969094276428223,-0.09378313812455212
FPT,2021-12-01,Close,50.36000061035156,-0.014904022374336433
FPT,2021-12-01,Balance,23.36433982849121,-0.00024286593635328146
FPT,2021-12-01,Position,33.0,0.0027005739573800155
FPT,2021-12-01,MACD,0.21087200939655304,-0.052476154119026876
FPT,2021-12-01,RSI,53.76594924926758,-0.006247500514690151
FPT,2021-12-01,CCI,34.32368087768555,-0.006622063428164418
FPT,2021-12-01,ADX,17.78744888305664,-0.08708588594742622
FPT,2021-12-20,Close,49.130001068115234,-0.0372482749098352
FPT,2021-12-20,Balance,23.36433982849121,-0.0005381103136068988
FPT,2021-12-20,Position,33.0,0.0021946685094355566
FPT,2021-12-20,MACD,-0.1487666368484497,-0.13938191036248357
FPT,2021-12-20,RSI,47.22993850708008,0.02766374829584473
FPT,2021-12-20,CCI,-51.65208435058594,-0.04567210487536276
FPT,2021-12-20,ADX,11.092419624328613,-0.1595495358761954
FPT,2022-01-06,Close,47.95000076293945,-0.04906365380067433
FPT,2022-01-06,Balance,23.28129005432129,2.3842849820765455e-05
FPT,2022-01-06,Position,33.0,0.0007868189888630983
FPT,2022-01-06,MACD,-0.41691213846206665,-0.21321041810490252
FPT,2022-01-06,RSI,41.37485122680664,0.07573267276532077
FPT,2022-01-06,CCI,-79.1534423828125,-0.043504797152656635
FPT,2022-01-06,ADX,17.30704116821289,-0.1387207730761741
FPT,2022-01-25,Close,44.36000061035156,-0.06763481101838395
FPT,2022-01-25,Balance,23.28129005432129,0.002585318057549413
FPT,2022-01-25,Position,33.0,0.005798380453852614
FPT,2022-01-25,MACD,-1.0921759605407715,-0.2685027622094981
FPT,2022-01-25,RSI,32.17182922363281,0.22542333198497255
FPT,2022-01-25,CCI,-147.60409545898438,-0.024467403374243215
FPT,2022-01-25,ADX,32.62317657470703,0.04692912579611185
FPT,2022-02-18,Close,47.290000915527344,-0.06014395594657316
FPT,2022-02-18,Balance,23.28129005432129,0.001001400521739998
FPT,2022-02-18,Position,33.0,0.002019041551785039
FPT,2022-02-18,MACD,0.04121239483356476,-0.09091587474114371
FPT,2022-02-18,RSI,55.877689361572266,-0.01854020997242543
FPT,2022-02-18,CCI,99.1812515258789,0.020822942194951836
FPT,2022-02-18,ADX,18.173542022705078,-0.08347985400433813
FPT,2022-03-08,Close,48.619998931884766,-0.03892387866749313
FPT,2022-03-08,Balance,23.28129005432129,0.0022376817163829044
FPT,2022-03-08,Position,33.0,0.0031221158588894127
FPT,2022-03-08,MACD,0.4109064042568207,-0.0043734834803831925
FPT,2022-03-08,RSI,64.5367202758789,-0.053679715544205225
FPT,2022-03-08,CCI,144.13134765625,0.03955928014870959
FPT,2022-03-08,ADX,12.131888389587402,-0.08558548331303578
FPT,2022-03-25,Close,49.08000183105469,-0.033353069779396484
FPT,2022-03-25,Balance,23.28129005432129,0.0009123484669663895
FPT,2022-03-25,Position,33.0,0.0028834604494265485
FPT,2022-03-25,MACD,0.49704664945602417,0.010889683671463616
FPT,2022-03-25,RSI,60.2252082824707,-0.04256712824820317
FPT,2022-03-25,CCI,89.6987075805664,0.011032821972419128
FPT,2022-03-25,ADX,16.41162109375,-0.08127418800961222
FPT,2022-04-14,Close,59.79999923706055,0.06703791989504793
FPT,2022-04-14,Balance,23.28129005432129,-0.004228531256739978
FPT,2022-04-14,Position,33.0,0.004825149504151444
FPT,2022-04-14,MACD,2.7208430767059326,1.1562993708756135
FPT,2022-04-14,RSI,75.21839904785156,-0.09567299293398474
FPT,2022-04-14,CCI,117.39786529541016,0.000931162218632986
FPT,2022-04-14,ADX,42.275543212890625,0.17389501016296996
FPT,2022-05-04,Close,53.59000015258789,0.025808116544147032
FPT,2022-05-04,Balance,23.28129005432129,-0.0006269164810216374
FPT,2022-05-04,Position,33.0,0.0021721130293464244
FPT,2022-05-04,MACD,0.36768221855163574,-0.024481420571357562
FPT,2022-05-04,RSI,46.3763313293457,0.06434205412185187
FPT,2022-05-04,CCI,-97.7187728881836,-0.027251371253754687
FPT,2022-05-04,ADX,27.966461181640625,-0.020304990364377606
FPT,2022-05-23,Close,49.4900016784668,-0.02758681975874971
FPT,2022-05-23,Balance,23.28129005432129,-0.0011903907654310375
FPT,2022-05-23,Position,33.0,0.0032850187023965604
FPT,2022-05-23,MACD,-1.2155940532684326,-0.2820306610688475
FPT,2022-05-23,RSI,42.94754409790039,0.0793451629874685
FPT,2022-05-23,CCI,-61.282806396484375,-0.015098647253790976
FPT,2022-05-23,ADX,27.073108673095703,-0.043930697073277965
FPT,2022-06-09,Close,59.130001068115234,0.09770904490732364
FPT,2022-06-09,Balance,23.28129005432129,-0.001921759560333136
FPT,2022-06-09,Position,33.0,0.004648282970050974
FPT,2022-06-09,MACD,1.7907226085662842,0.5311097593593841
FPT,2022-06-09,RSI,65.01802062988281,-0.07824998449441177
FPT,2022-06-09,CCI,88.42621612548828,-0.0028943907819631255
FPT,2022-06-09,ADX,23.07500457763672,-0.06771696299441854
FPT,2022-06-27,Close,53.720001220703125,0.034120854987808855
FPT,2022-06-27,Balance,23.28129005432129,-0.0010714204749556477
FPT,2022-06-27,Position,33.0,0.003520460153897036
FPT,2022-06-27,MACD,-0.1395549476146698,-0.1491898852140842
FPT,2022-06-27,RSI,45.65303039550781,0.05453996611504822
FPT,2022-06-27,CCI,-104.35318756103516,-0.06068664873415731
FPT,2022-06-27,ADX,16.941768646240234,-0.12065126423151369
FPT,2022-07-14,Close,51.41999816894531,-0.0018601069795679338
FPT,2022-07-14,Balance,281.0732421875,-0.0036805824844110546
FPT,2022-07-14,Position,28.0,-0.009595717107163582
FPT,2022-07-14,MACD,-0.9686548113822937,-0.275270095119967
FPT,2022-07-14,RSI,40.86246871948242,0.048773284029046494
FPT,2022-07-14,CCI,-105.46957397460938,-0.016792178750857874
FPT,2022-07-14,ADX,20.664274215698242,-0.11305962529747476
FPT,2022-08-01,Close,52.16999816894531,0.009257416639961786
FPT,2022-08-01,Balance,169.90609741210938,-0.0034145926808438753
FPT,2022-08-01,Position,30.0,-0.008027883008619927
FPT,2022-08-01,MACD,-0.3779956102371216,-0.1924268908102681
FPT,2022-08-01,RSI,45.5637092590332,0.044035613615868524
FPT,2022-08-01,CCI,-27.224531173706055,-0.03088032768202921
FPT,2022-08-01,ADX,13.900555610656738,-0.1368180396959333
FPT,2022-08-18,Close,54.84000015258789,0.04971268790467454
FPT,2022-08-18,Balance,12.128479957580566,0.0003299693378707221
FPT,2022-08-18,Position,33.0,0.0033068850791193884
FPT,2022-08-18,MACD,0.47372210025787354,0.005721955568122299
FPT,2022-08-18,RSI,61.81448745727539,-0.05441976645421575
FPT,2022-08-18,CCI,156.1277618408203,0.03862134226864779
FPT,2022-08-18,ADX,21.896806716918945,-0.054761418969607324
FPT,2022-09-08,Close,52.959999084472656,0.01628990698209077
FPT,2022-09-08,Balance,12.128479957580566,0.002361264926320181
FPT,2022-09-08,Position,33.0,0.001462893572307583
FPT,2022-09-08,MACD,0.025404786691069603,-0.11741371447825386
FPT,2022-09-08,RSI,41.486328125,0.09594349014084806
FPT,2022-09-08,CCI,-162.67828369140625,-0.06228073165965193
FPT,2022-09-08,ADX,17.724811553955078,-0.13566402150625131
FPT,2022-09-26,Close,51.20000076293945,-0.00394932392138521
FPT,2022-09-26,Balance,12.128479957580566,0.006909581892114268
FPT,2022-09-26,Position,33.0,-0.0005896472987335089
FPT,2022-09-26,MACD,-0.5514699220657349,-0.2630160609327614
FPT,2022-09-26,RSI,32.89910125732422,0.1756344898696734
FPT,2022-09-26,CCI,-155.4934844970703,-0.040360211354377916
FPT,2022-09-26,ADX,25.758657455444336,-0.06752689012605809
FPT,2022-10-13,Close,45.86000061035156,-0.03802121515463178
FPT,2022-10-13,Balance,12.128479957580566,0.005066058023260272
FPT,2022-10-13,Position,33.0,0.0023730687443630316
FPT,2022-10-13,MACD,-1.8794704675674438,-0.18517260360987492
FPT,2022-10-13,RSI,32.18610763549805,0.2784455134302047
FPT,2022-10-13,CCI,-131.1264190673828,-0.002530383054176133
FPT,2022-10-13,ADX,50.16207504272461,0.36819475177874533
FPT,2022-11-01,Close,47.43000030517578,-0.05189828616064084
FPT,2022-11-01,Balance,12.128479957580566,0.0002444446165872638
FPT,2022-11-01,Position,33.0,0.0029308787091135518
FPT,2022-11-01,MACD,-0.7743759155273438,-0.25743769544678247
FPT,2022-11-01,RSI,47.81999588012695,0.042332468007364364
FPT,2022-11-01,CCI,54.74445724487305,-0.001976391835716157
FPT,2022-11-01,ADX,34.90448760986328,0.05312445389333096
FPT,2022-11-17,Close,44.61000061035156,-0.057365012141836015
FPT,2022-11-17,Balance,12.128479957580566,-0.0010720769281991286
FPT,2022-11-17,Position,33.0,0.0031616899629633376
FPT,2022-11-17,MACD,-1.121888279914856,-0.25460260448448896
FPT,2022-11-17,RSI,43.78004455566406,0.11537855675574415
FPT,2022-11-17,CCI,-132.00531005859375,-0.027044440419781317
FPT,2022-11-17,ADX,43.831634521484375,0.2244707465152035
FPT,2022-12-06,Close,47.75,-0.0568588479653047
FPT,2022-12-06,Balance,12.128479957580566,2.4873712320572228e-05
FPT,2022-12-06,Position,33.0,0.0028958478788259417
FPT,2022-12-06,MACD,0.41348281502723694,-0.029415510438915906
FPT,2022-12-06,RSI,56.6454963684082,-0.040639966364402764
FPT,2022-12-06,CCI,126.63778686523438,0.016445943601902734
FPT,2022-12-06,ADX,34.976661682128906,0.028116933405034437
FPT,2022-12-23,Close,49.0099983215332,-0.035998571734761176
FPT,2022-12-23,Balance,12.128479957580566,-3.857868808634923e-05
FPT,2022-12-23,Position,33.0,0.004462483652502566
FPT,2022-12-23,MACD,0.6094420552253723,0.04347049556557883
FPT,2022-12-23,RSI,59.33810806274414,-0.03933153719284364
FPT,2022-12-23,CCI,67.71009063720703,0.0034105363168777346
FPT,2022-12-23,ADX,15.554216384887695,-0.08927756241347712
FPT,2023-01-11,Close,50.83000183105469,-0.010646671008026163
FPT,2023-01-11,Balance,12.128479957580566,-0.00101582355603232
FPT,2023-01-11,Position,33.0,0.003918648335975781
FPT,2023-01-11,MACD,0.8552452325820923,0.11179046263747348
FPT,2023-01-11,RSI,66.85453796386719,-0.0741893322410236
FPT,2023-01-11,CCI,122.37640380859375,0.015621509273430322
FPT,2023-01-11,ADX,20.521892547607422,-0.06376516765310869
FPT,2023-02-06,Close,50.58000183105469,-0.01544967561898132
FPT,2023-02-06,Balance,12.128479957580566,-0.0016134892904912969
FPT,2023-02-06,Position,33.0,0.004287751176015176
FPT,2023-02-06,MACD,0.6752335429191589,0.07112094093984514
FPT,2023-02-06,RSI,50.43300247192383,0.015112815936827008
FPT,2023-02-06,CCI,-46.9849739074707,-0.019933549992238696
FPT,2023-02-06,ADX,25.13335418701172,-0.051899758937909754
FPT,2023-02-23,Close,51.13999938964844,-0.003117415851310322
FPT,2023-02-23,Balance,12.128479957580566,0.00028511549285950566
FPT,2023-02-23,Position,33.0,0.0025501251912501692
FPT,2023-02-23,MACD,0.3184249699115753,-0.039478809527497945
FPT,2023-02-23,RSI,52.065391540527344,-0.002091004427863053
FPT,2023-02-23,CCI,-38.560508728027344,-0.04320173546406724
FPT,2023-02-23,ADX,16.53875732421875,-0.10845206624302947
FPT,2023-03-13,Close,49.56999969482422,-0.029515974453431706
FPT,2023-03-13,Balance,12.128479957580566,0.0021863618158648457
FPT,2023-03-13,Position,33.0,0.004269548516150576
FPT,2023-03-13,MACD,-0.26891881227493286,-0.1890809654000703
FPT,2023-03-13,RSI,41.8140754699707,0.07890665331871666
FPT,2023-03-13,CCI,-110.78901672363281,-0.04931064442454114
FPT,2023-03-13,ADX,20.288145065307617,-0.11094362790650991
FPT,2023-03-30,Close,49.70000076293945,-0.028017437400959154
FPT,2023-03-30,Balance,12.128479957580566,-0.0002863732886818071
FPT,2023-03-30,Position,33.0,0.003129831697213135
FPT,2023-03-30,MACD,-0.23793068528175354,-0.15889378857101288
FPT,2023-03-30,RSI,48.34535217285156,0.032907990469696134
FPT,2023-03-30,CCI,22.88220977783203,-0.00757788118756711
FPT,2023-03-30,ADX,22.057920455932617,-0.07695141253949661
FPT,2023-04-17,Close,50.0099983215332,-0.021979798287277627
FPT,2023-04-17,Balance,12.128479957580566,0.0008703995772400552
FPT,2023-04-17,Position,33.0,0.0026732291771468402
FPT,2023-04-17,MACD,0.0502544604241848,-0.08560464792456021
FPT,2023-04-17,RSI,48.19312286376953,0.029688704149785135
FPT,2023-04-17,CCI,-4.123014450073242,-0.02502664132446444
FPT,2023-04-17,ADX,13.435395240783691,-0.13159439669404913
FPT,2023-05-09,Close,49.56999969482422,-0.029184013742411734
FPT,2023-05-09,Balance,12.128479957580566,0.0006977668041664442
FPT,2023-05-09,Position,33.0,0.003273085618044404
FPT,2023-05-09,MACD,-0.21291708946228027,-0.1478239506007022
FPT,2023-05-09,RSI,48.10200500488281,0.022424740532137742
FPT,2023-05-09,CCI,-16.38210678100586,-0.030994000968575415
FPT,2023-05-09,ADX,11.114372253417969,-0.14853347027209177
FPT,2023-05-26,Close,52.209999084472656,0.009035727880327644
FPT,2023-05-26,Balance,12.128479957580566,0.0008910025969541685
FPT,2023-05-26,Position,33.0,0.004026984666056765
FPT,2023-05-26,MACD,0.5829358696937561,0.020520874460708532
FPT,2023-05-26,RSI,67.32286834716797,-0.08826767192046597
FPT,2023-05-26,CCI,101.06573486328125,0.009112222086050831
FPT,2023-05-26,ADX,28.95871925354004,-0.015246332099992226
FPT,2023-06-13,Close,53.029998779296875,0.010915672172543432
FPT,2023-06-13,Balance,12.128479957580566,-0.0009552869598937197
FPT,2023-06-13,Position,33.0,0.003793938988108015
FPT,2023-06-13,MACD,0.7023732662200928,0.04800628629203677
FPT,2023-06-13,RSI,60.30244827270508,-0.07753458868913705
FPT,2023-06-13,CCI,79.3376235961914,-0.0062654734613750845
FPT,2023-06-13,ADX,40.41307830810547,0.08065367883343037
FPT,2023-06-30,Close,54.029998779296875,0.02759599527773795
FPT,2023-06-30,Balance,12.128479957580566,-0.0005933845433300847
FPT,2023-06-30,Position,33.0,0.003671288176564252
FPT,2023-06-30,MACD,0.6515399813652039,0.03647705014599438
FPT,2023-06-30,RSI,59.58030319213867,-0.0657414953481544
FPT,2023-06-30,CCI,87.65941619873047,0.00030116054990675573
FPT,2023-06-30,ADX,38.16278839111328,0.05742741853528003
FPT,2023-07-19,Close,57.369998931884766,0.05881942041785951
FPT,2023-07-19,Balance,12.128479957580566,0.00028873918235389207
FPT,2023-07-19,Position,33.0,0.0029922996275252465
FPT,2023-07-19,MACD,1.0908010005950928,0.20598547538058548
FPT,2023-07-19,RSI,75.31150817871094,-0.1288767986489443
FPT,2023-07-19,CCI,171.1774444580078,0.02868877568526448
FPT,2023-07-19,ADX,43.82855224609375,0.12223434569769447
FPT,2023-08-04,Close,60.880001068115234,0.06736186533776725
FPT,2023-08-04,Balance,12.128479957580566,-0.0026611863800595215
FPT,2023-08-04,Position,33.0,0.0024823681922258693
FPT,2023-08-04,MACD,1.8395702838897705,0.6520189187157872
FPT,2023-08-04,RSI,69.51033782958984,-0.14475556760946903
FPT,2023-08-04,CCI,73.71356201171875,-0.00830805936751191
FPT,2023-08-04,ADX,59.11076736450195,0.40802790835990993
FPT,2023-08-23,Close,63.220001220703125,0.13421692043055813
FPT,2023-08-23,Balance,12.128479957580566,-0.0012983177051055783
FPT,2023-08-23,Position,33.0,0.003528146957060144
FPT,2023-08-23,MACD,1.3531842231750488,0.333168451293762
FPT,2023-08-23,RSI,70.66487884521484,-0.13500867984786588
FPT,2023-08-23,CCI,115.07428741455078,-0.003732861116260015
FPT,2023-08-23,ADX,43.644981384277344,0.1260449103871358
FPT,2023-09-13,Close,72.47000122070312,0.19174647654771243
FPT,2023-09-13,Balance,12.128479957580566,-0.0020492679788335355
FPT,2023-09-13,Position,33.0,0.005991198540224098
FPT,2023-09-13,MACD,3.262463092803955,1.5119698367616383
FPT,2023-09-13,RSI,76.42222595214844,-0.1072476111269191
FPT,2023-09-13,CCI,75.8833999633789,-0.0028176413979231455
FPT,2023-09-13,ADX,51.66300582885742,0.3128260883154704
FPT,2023-09-29,Close,68.62000274658203,0.2237431663248555
FPT,2023-09-29,Balance,12.128479957580566,-0.003961992869604636
FPT,2023-09-29,Position,33.0,0.004876931305575633
FPT,2023-09-29,MACD,0.9433420896530151,0.2141262355084945
FPT,2023-09-29,RSI,47.04462814331055,0.07016755357227981
FPT,2023-09-29,CCI,-137.1385040283203,0.010213393673548836
FPT,2023-09-29,ADX,32.54914474487305,0.030942164758219426
FPT,2023-10-18,Close,68.7699966430664,0.2693411057374009
FPT,2023-10-18,Balance,12.128479957580566,-0.0011684265202336341
FPT,2023-10-18,Position,33.0,0.002488082202402705
FPT,2023-10-18,MACD,0.33062365651130676,-0.03137432705960639
FPT,2023-10-18,RSI,45.705902099609375,0.05424169654664331
FPT,2023-10-18,CCI,-63.22943878173828,-0.046459133686160066
FPT,2023-10-18,ADX,20.73853302001953,-0.08054878611986838
FPT,2023-11-06,Close,65.44000244140625,0.169872110881326
FPT,2023-11-06,Balance,12.128479957580566,-0.0006721540849254082
FPT,2023-11-06,Position,33.0,0.0025462254584009154
FPT,2023-11-06,MACD,-1.3940913677215576,-0.31442201756742105
FPT,2023-11-06,RSI,45.48474884033203,0.03982464590428999
FPT,2023-11-06,CCI,-50.34910202026367,-0.020123039905151928
FPT,2023-11-06,ADX,25.01342010498047,-0.06461544289435071
FPT,2023-11-22,Close,68.7699966430664,0.27200298515024973
FPT,2023-11-22,Balance,12.128479957580566,0.0020603218917447375
FPT,2023-11-22,Position,33.0,0.00230605642375201
FPT,2023-11-22,MACD,0.16830413043498993,-0.05007812365287408
FPT,2023-11-22,RSI,55.47585678100586,-0.010368065356295236
FPT,2023-11-22,CCI,80.13890838623047,0.014528410484621404
FPT,2023-11-22,ADX,14.076802253723145,-0.09317222047453122
FPT,2023-12-11,Close,70.25,0.2891300715683039
FPT,2023-12-11,Balance,12.128479957580566,0.0004561748072013372
FPT,2023-12-11,Position,33.0,0.004084585064419962
FPT,2023-12-11,MACD,0.6883270144462585,0.0770899154458659
FPT,2023-12-11,RSI,61.064029693603516,-0.04126238240678185
FPT,2023-12-11,CCI,149.3548126220703,0.03705225605426105
FPT,2023-12-11,ADX,14.330720901489258,-0.08390554103974746
FPT,2023-12-28,Close,71.43000030517578,0.30588771701371875
FPT,2023-12-28,Balance,12.128479957580566,0.00015219729834409224
FPT,2023-12-28,Position,33.0,0.0033369670979077554
FPT,2023-12-28,MACD,0.7978754639625549,0.10343195021962492
FPT,2023-12-28,RSI,59.56966018676758,-0.04215146616137146
FPT,2023-12-28,CCI,101.56155395507812,0.010931842437144719
FPT,2023-12-28,ADX,21.27509307861328,-0.05856865729673372
GAS,2021-01-04,Close,17.829999923706055,-0.004166495011251024
GAS,2021-01-04,Balance,1000.0,0.01585257420967641
GAS,2021-01-04,Position,0.0,-0.039404633369992156
GAS,2021-01-04,MACD,0.7202133536338806,-0.09673314981885858
GAS,2021-01-04,RSI,73.04020690917969,0.05659302687073416
GAS,2021-01-04,CCI,155.3974609375,-0.005068104884131203
GAS,2021-01-04,ADX,43.178428649902344,-0.01830336011272428
GAS,2021-01-20,Close,17.579999923706055,-0.01752969453097477
GAS,2021-01-20,Balance,1000.0,-0.09688634792230366
GAS,2021-01-20,Position,0.0,-0.022910869285554428
GAS,2021-01-20,MACD,0.5741443037986755,-0.09796024963858875
GAS,2021-01-20,RSI,51.799713134765625,-0.04029530978388386
GAS,2021-01-20,CCI,-47.19820785522461,-0.0028058087229782696
GAS,2021-01-20,ADX,43.35871505737305,0.019304223566477374
GAS,2021-02-08,Close,17.239999771118164,-0.018234560038135745
GAS,2021-02-08,Balance,348.7293701171875,-0.032489296038500544
GAS,2021-02-08,Position,38.0,0.00995914143713085
GAS,2021-02-08,MACD,0.00832234788686037,0.05891207086856252
GAS,2021-02-08,RSI,48.70012664794922,-0.03221192852381649
GAS,2021-02-08,CCI,-39.15131759643555,0.021435482888246173
GAS,2021-02-08,ADX,23.382230758666992,-0.04473456198833084
GAS,2021-03-03,Close,19.729999542236328,-0.017612571461836674
GAS,2021-03-03,Balance,491.2076416015625,-0.039897570627010104
GAS,2021-03-03,Position,31.0,0.006351603883854422
GAS,2021-03-03,MACD,0.533892810344696,-0.07079484668641362
GAS,2021-03-03,RSI,67.76592254638672,0.006014639698917967
GAS,2021-03-03,CCI,136.48695373535156,-0.001812772238567989
GAS,2021-03-03,ADX,22.810422897338867,-0.03477642880269342
GAS,2021-03-22,Close,19.709999084472656,-0.019344748147430337
GAS,2021-03-22,Balance,530.9078979492188,-0.033150624340351285
GAS,2021-03-22,Position,29.0,0.004796066470469179
GAS,2021-03-22,MACD,0.4210829734802246,-0.04386220664499046
GAS,2021-03-22,RSI,61.71553421020508,-0.014355014357437431
GAS,2021-03-22,CCI,92.23027801513672,-0.0018894885671185823
GAS,2021-03-22,ADX,20.70165252685547,-0.034496269547933424
GAS,2021-04-08,Close,20.799999237060547,-0.009826634512076859
GAS,2021-04-08,Balance,563.895263671875,-0.03115515775635067
GAS,2021-04-08,Position,28.0,0.0026189505186725503
GAS,2021-04-08,MACD,0.496001660823822,-0.057266512403573396
GAS,2021-04-08,RSI,70.36772155761719,0.022462625050881032
GAS,2021-04-08,CCI,127.58184814453125,-0.00038573211195196133
GAS,2021-04-08,ADX,23.10249137878418,-0.02841194098439223
GAS,2021-04-27,Close,23.729999542236328,0.023181932285367416
GAS,2021-04-27,Balance,1221.716796875,0.059624791511514265
GAS,2021-04-27,Position,0.0,-0.05092298855620616
GAS,2021-04-27,MACD,1.09914231300354,0.005734502833061081
GAS,2021-04-27,RSI,67.55316162109375,0.022580087775400277
GAS,2021-04-27,CCI,82.5495834350586,0.007587235228131969
GAS,2021-04-27,ADX,45.90474319458008,0.044786137349931456
GAS,2021-05-18,Close,26.719999313354492,0.016716188635138417
GAS,2021-05-18,Balance,1221.716796875,0.0713598578535857
GAS,2021-05-18,Position,0.0,-0.05133551779010352
GAS,2021-05-18,MACD,1.3074606657028198,0.11111847618585795
GAS,2021-05-18,RSI,72.34371948242188,0.09158250130644083
GAS,2021-05-18,CCI,110.69573974609375,-0.019308211631331673
GAS,2021-05-18,ADX,53.66632080078125,0.07473864366901947
GAS,2021-06-04,Close,31.25,0.03882031662584659
GAS,2021-06-04,Balance,1221.716796875,0.07715421108277572
GAS,2021-06-04,Position,0.0,-0.038626045643634595
GAS,2021-06-04,MACD,1.8731979131698608,0.3397474212542544
GAS,2021-06-04,RSI,75.68333435058594,0.09091026408181761
GAS,2021-06-04,CCI,143.8135223388672,-0.027339052052371415
GAS,2021-06-04,ADX,58.10031509399414,0.12725753675092097
GAS,2021-06-22,Close,29.639999389648438,0.02930165836146045
GAS,2021-06-22,Balance,1221.716796875,0.0059630660685740244
GAS,2021-06-22,Position,0.0,-0.04447709520546001
GAS,2021-06-22,MACD,0.7906824350357056,-0.08203940058726684
GAS,2021-06-22,RSI,55.578487396240234,-0.0392622807265362
GAS,2021-06-22,CCI,-18.417747497558594,-0.004922435317892857
GAS,2021-06-22,ADX,34.30913543701172,-0.04465572366055515
GAS,2021-07-09,Close,27.1200008392334,0.04163307403777776
GAS,2021-07-09,Balance,1.116629958152771,0.04918878512865193
GAS,2021-07-09,Position,42.0,0.01913129130068673
GAS,2021-07-09,MACD,-0.13388606905937195,0.0398911551100112
GAS,2021-07-09,RSI,39.53743362426758,0.01290710638887112
GAS,2021-07-09,CCI,-231.53053283691406,0.10803923264545272
GAS,2021-07-09,ADX,23.14884376525879,-0.02874999853524904
GAS,2021-07-28,Close,26.770000457763672,0.035789249634356014
GAS,2021-07-28,Balance,1.116629958152771,0.02505246326208552
GAS,2021-07-28,Position,42.0,0.006357479773644148
GAS,2021-07-28,MACD,-0.5941067934036255,0.11639497470368056
GAS,2021-07-28,RSI,46.178340911865234,-0.019944546340540308
GAS,2021-07-28,CCI,-29.23941421508789,0.018125400802695035
GAS,2021-07-28,ADX,27.51517105102539,-0.0232908192125537
GAS,2021-08-13,Close,27.889999389648438,0.07651739992929141
GAS,2021-08-13,Balance,337.47991943359375,-0.004582300118675947
GAS,2021-08-13,Position,30.0,0.01013789717133397
GAS,2021-08-13,MACD,0.09893196076154709,0.05559079809832168
GAS,2021-08-13,RSI,52.833396911621094,-0.02949575846925105
GAS,2021-08-13,CCI,61.04252243041992,0.0008790989277142752
GAS,2021-08-13,ADX,16.85325050354004,0.0013767989209519183
GAS,2021-09-01,Close,28.209999084472656,0.037760955111634895
GAS,2021-09-01,Balance,1066.7598876953125,-0.003921663112223056
GAS,2021-09-01,Position,4.0,-0.04192251267615052
GAS,2021-09-01,MACD,0.07354731112718582,0.014063885209540841
GAS,2021-09-01,RSI,53.65473556518555,-0.021203893256869142
GAS,2021-09-01,CCI,26.819923400878906,-0.004272890915348451
GAS,2021-09-01,ADX,12.330216407775879,0.07259165110303846
GAS,2021-09-22,Close,29.18000030517578,0.032796956771524347
GAS,2021-09-22,Balance,1180.6259765625,0.044965655582286976
GAS,2021-09-22,Position,0.0,-0.04417273487286019
GAS,2021-09-22,MACD,0.378059446811676,-0.01948056931776073
GAS,2021-09-22,RSI,54.435550689697266,-0.02348690273081712
GAS,2021-09-22,CCI,34.002681732177734,-0.00032828302312212093
GAS,2021-09-22,ADX,18.107332229614258,0.030449438381764456
GAS,2021-10-08,Close,31.93000030517578,0.0243812905982006
GAS,2021-10-08,Balance,1180.6259765625,0.05357206919510298
GAS,2021-10-08,Position,0.0,-0.04893200740431579
GAS,2021-10-08,MACD,0.8711159229278564,-0.0688301262946442
GAS,2021-10-08,RSI,69.99311065673828,0.04445545670147255
GAS,2021-10-08,CCI,122.71024322509766,0.000508960318302415
GAS,2021-10-08,ADX,33.28532791137695,-0.04218760956194879
GAS,2021-10-27,Close,33.20000076293945,0.0368249141134617
GAS,2021-10-27,Balance,860.9566040039062,-0.022882469445938084
GAS,2021-10-27,Position,10.0,-0.025570306876536265
GAS,2021-10-27,MACD,0.7149330973625183,-0.11085434868467804
GAS,2021-10-27,RSI,64.33470916748047,-0.008581722764902298
GAS,2021-10-27,CCI,73.32192993164062,-0.005872387423303511
GAS,2021-10-27,ADX,33.66181945800781,-0.03677162158272679
GAS,2021-11-12,Close,31.299999237060547,0.07105797482480569
GAS,2021-11-12,Balance,102.38390350341797,0.02717993247548254
GAS,2021-11-12,Position,34.0,0.009416310038301009
GAS,2021-11-12,MACD,0.06441914290189743,0.04230755376222626
GAS,2021-11-12,RSI,44.44208526611328,0.01050101977557219
GAS,2021-11-12,CCI,-162.05941772460938,0.06788729900282074
GAS,2021-11-12,ADX,19.967267990112305,-0.032521312327557436
GAS,2021-12-01,Close,28.09000015258789,0.04424054688570095
GAS,2021-12-01,Balance,8.390000343322754,0.02822695324473482
GAS,2021-12-01,Position,37.0,0.002283771095146351
GAS,2021-12-01,MACD,-1.0125865936279297,0.16566082260828238
GAS,2021-12-01,RSI,35.200531005859375,-0.007973442410305787
GAS,2021-12-01,CCI,-65.30565643310547,0.029315761622480504
GAS,2021-12-01,ADX,34.777774810791016,0.03262310465415605
GAS,2021-12-20,Close,26.889999389648438,0.038442297608383434
GAS,2021-12-20,Balance,8.390000343322754,0.03317238030971611
GAS,2021-12-20,Position,37.0,0.003246242157269097
GAS,2021-12-20,MACD,-0.790905773639679,0.151649502093175
GAS,2021-12-20,RSI,38.082157135009766,-0.016159960426387364
GAS,2021-12-20,CCI,-75.89908599853516,0.03745422250721972
GAS,2021-12-20,ADX,35.960086822509766,0.04374143401005392
GAS,2022-01-06,Close,26.43000030517578,0.03150793709498589
GAS,2022-01-06,Balance,8.390000343322754,0.030420793014040517
GAS,2022-01-06,Position,37.0,0.005788395913355698
GAS,2022-01-06,MACD,-0.4755246639251709,0.09328450600790075
GAS,2022-01-06,RSI,41.45112228393555,-0.02873985055805825
GAS,2022-01-06,CCI,-24.640399932861328,0.019368532264284005
GAS,2022-01-06,ADX,28.079456329345703,-0.019004155737469938
GAS,2022-01-25,Close,24.799999237060547,0.0259599133949972
GAS,2022-01-25,Balance,8.390000343322754,0.034090528541466915
GAS,2022-01-25,Position,37.0,0.006259260884857427
GAS,2022-01-25,MACD,-0.7017876505851746,0.0964194586324409
GAS,2022-01-25,RSI,40.69874572753906,-0.024472166629165407
GAS,2022-01-25,CCI,-161.8087921142578,0.0540614979235654
GAS,2022-01-25,ADX,28.224069595336914,-0.013125669576546845
GAS,2022-02-18,Close,26.969999313354492,0.05846988639251014
GAS,2022-02-18,Balance,61.656681060791016,0.0005880080596549833
GAS,2022-02-18,Position,35.0,0.014607270161718287
GAS,2022-02-18,MACD,0.15920224785804749,0.037463412183216555
GAS,2022-02-18,RSI,57.655784606933594,-0.01946193329263909
GAS,2022-02-18,CCI,90.76676940917969,-0.010348339326772765
GAS,2022-02-18,ADX,19.214475631713867,-0.03421232425825452
GAS,2022-03-08,Close,28.350000381469727,0.029305056736001173
GAS,2022-03-08,Balance,715.38232421875,-0.028446006536578188
GAS,2022-03-08,Position,11.0,-0.024230772076775785
GAS,2022-03-08,MACD,0.6305628418922424,-0.08043244576256167
GAS,2022-03-08,RSI,60.76801300048828,-0.02378835649052914
GAS,2022-03-08,CCI,158.16326904296875,0.016540698276764382
GAS,2022-03-08,ADX,20.710668563842773,-0.009588991430904841
GAS,2022-03-25,Close,26.600000381469727,0.04485752030015588
GAS,2022-03-25,Balance,183.6201171875,0.011127035298121197
GAS,2022-03-25,Position,31.0,0.00681419080571568
GAS,2022-03-25,MACD,-0.03975733369588852,0.05726646476240503
GAS,2022-03-25,RSI,46.62663269042969,-0.01697105750318098
GAS,2022-03-25,CCI,-58.879878997802734,0.008564304404098678
GAS,2022-03-25,ADX,11.212661743164062,0.03099990670548115
GAS,2022-04-14,Close,25.739999771118164,0.028277993017410425
GAS,2022-04-14,Balance,867.3956298828125,-0.042364129844148994
GAS,2022-04-14,Position,5.0,-0.040910152792815034
GAS,2022-04-14,MACD,-0.20932182669639587,0.07620071813984944
GAS,2022-04-14,RSI,40.26780319213867,-0.023307192697771418
GAS,2022-04-14,CCI,-135.48133850097656,0.005496641740263368
GAS,2022-04-14,ADX,12.042946815490723,0.05131974119255279
GAS,2022-05-04,Close,24.079999923706055,0.021344693470703797
GAS,2022-05-04,Balance,701.0264892578125,-0.03363337269345596
GAS,2022-05-04,Position,12.0,0.007651963719925585
GAS,2022-05-04,MACD,-0.5956371426582336,0.1677527741855743
GAS,2022-05-04,RSI,38.80409240722656,-0.015233341641650943
GAS,2022-05-04,CCI,-73.08401489257812,0.011334418389513032
GAS,2022-05-04,ADX,27.78091812133789,-0.02704564166191783
GAS,2022-05-23,Close,21.06999969482422,0.002358347532052519
GAS,2022-05-23,Balance,18.925060272216797,0.03504377619056751
GAS,2022-05-23,Position,42.0,0.006621329658121368
GAS,2022-05-23,MACD,-1.0901774168014526,0.19207367271074358
GAS,2022-05-23,RSI,32.420997619628906,-0.005122118950081023
GAS,2022-05-23,CCI,-98.66502380371094,0.03897642160678158
GAS,2022-05-23,ADX,43.2477912902832,0.10839800658125172
GAS,2022-06-09,Close,19.3799991607666,-0.011298792759434144
GAS,2022-06-09,Balance,0.04619999974966049,0.026698141851485876
GAS,2022-06-09,Position,43.0,-0.0033426470856872115
GAS,2022-06-09,MACD,-1.1754553318023682,0.2166529480057663
GAS,2022-06-09,RSI,33.83458709716797,-0.023214161545426094
GAS,2022-06-09,CCI,-74.96809387207031,0.035681200719795386
GAS,2022-06-09,ADX,52.78913879394531,0.1603775496097339
GAS,2022-06-27,Close,17.350000381469727,-0.029532814700054238
GAS,2022-06-27,Balance,0.04619999974966049,0.027963548873142844
GAS,2022-06-27,Position,43.0,0.0028919998893139898
GAS,2022-06-27,MACD,-1.2728079557418823,0.2165816859634938
GAS,2022-06-27,RSI,39.94291305541992,-0.013238978026661736
GAS,2022-06-27,CCI,-60.67249298095703,0.026909215736365663
GAS,2022-06-27,ADX,54.10497283935547,0.1578533737089492
GAS,2022-07-14,Close,16.81999969482422,-0.02435533362047208
GAS,2022-07-14,Balance,0.04619999974966049,0.02753928778293388
GAS,2022-07-14,Position,43.0,0.0053050694643988205
GAS,2022-07-14,MACD,-0.588640570640564,0.15876354814987267
GAS,2022-07-14,RSI,41.96791458129883,-0.015894097611770658
GAS,2022-07-14,CCI,21.12029457092285,0.011535016349254598
GAS,2022-07-14,ADX,37.168331146240234,0.05638119129234706
GAS,2022-08-01,Close,17.270000457763672,-0.019134741884433995
GAS,2022-08-01,Balance,0.04619999974966049,0.01130353778002451
GAS,2022-08-01,Position,43.0,0.005664904487160243
GAS,2022-08-01,MACD,-0.3082902133464813,0.08029351314049907
GAS,2022-08-01,RSI,52.7022590637207,-0.03299979932554111
GAS,2022-08-01,CCI,47.9048957824707,-0.0034152483010912015
GAS,2022-08-01,ADX,20.124828338623047,-0.03903140527459299
GAS,2022-08-18,Close,18.290000915527344,-0.029041753638433563
GAS,2022-08-18,Balance,17.75847053527832,-0.00557486475919737
GAS,2022-08-18,Position,42.0,0.007604351221842054
GAS,2022-08-18,MACD,0.30948689579963684,-0.00826745245596472
GAS,2022-08-18,RSI,58.03860855102539,-0.047940106920374106
GAS,2022-08-18,CCI,78.78022003173828,-0.019172880304483053
GAS,2022-08-18,ADX,22.566072463989258,-0.05879353673708206
GAS,2022-09-08,Close,17.5,-0.019181637735651024
GAS,2022-09-08,Balance,0.6696500182151794,0.036234496659968946
GAS,2022-09-08,Position,43.0,0.023610923803831597
GAS,2022-09-08,MACD,0.006878504529595375,0.03664294775565369
GAS,2022-09-08,RSI,47.250492095947266,6.582412165861973e-05
GAS,2022-09-08,CCI,-100.2098617553711,0.04809497768102471
GAS,2022-09-08,ADX,13.59439468383789,0.001782644381680541
GAS,2022-09-26,Close,16.969999313354492,-0.028537514231132932
GAS,2022-09-26,Balance,3.4929699897766113,0.0448390994907322
GAS,2022-09-26,Position,43.0,0.019327294913551275
GAS,2022-09-26,MACD,-0.1344412863254547,0.03800327763882302
GAS,2022-09-26,RSI,39.60664749145508,0.03211756389246647
GAS,2022-09-26,CCI,-172.5462188720703,0.07092707601989776
GAS,2022-09-26,ADX,13.50507926940918,0.01851549162807916
GAS,2022-10-13,Close,14.770000457763672,-0.041471759456825186
GAS,2022-10-13,Balance,3.4929699897766113,0.02559538360302012
GAS,2022-10-13,Position,43.0,0.0007751146273589082
GAS,2022-10-13,MACD,-0.963858962059021,0.1904982349721926
GAS,2022-10-13,RSI,41.61081314086914,-0.002934591186300053
GAS,2022-10-13,CCI,-54.12547302246094,0.026339204401028778
GAS,2022-10-13,ADX,37.7512092590332,0.04885867443211822
GAS,2022-11-01,Close,11.359999656677246,-0.05396208452884769
GAS,2022-11-01,Balance,3.4929699897766113,0.028698158169858507
GAS,2022-11-01,Position,43.0,0.005329403275751775
GAS,2022-11-01,MACD,-1.0438076257705688,0.09680376883222509
GAS,2022-11-01,RSI,26.797744750976562,0.001611242709499125
GAS,2022-11-01,CCI,-176.5423583984375,0.02763634452481508
GAS,2022-11-01,ADX,36.68867874145508,0.019143144595814898
GAS,2022-11-17,Close,10.800000190734863,-0.08910077628103545
GAS,2022-11-17,Balance,3.4929699897766113,0.02332975519334205
GAS,2022-11-17,Position,43.0,0.004928754752642569
GAS,2022-11-17,MACD,-1.2084790468215942,0.19165730268188674
GAS,2022-11-17,RSI,41.5325813293457,-0.008853655710549496
GAS,2022-11-17,CCI,-27.133779525756836,0.01437797762490925
GAS,2022-11-17,ADX,49.293270111083984,0.10781960708800171
GAS,2022-12-06,Close,14.09000015258789,-0.03308693273689213
GAS,2022-12-06,Balance,3.4929699897766113,-0.005555880630324781
GAS,2022-12-06,Position,43.0,0.014719705486932876
GAS,2022-12-06,MACD,0.5939352512359619,-0.08498787207738621
GAS,2022-12-06,RSI,61.15797424316406,-0.017132193864715803
GAS,2022-12-06,CCI,120.84574890136719,-0.024517636597439572
GAS,2022-12-06,ADX,34.20115661621094,-0.004439953711720429
GAS,2022-12-23,Close,13.899999618530273,-0.04056286171693204
GAS,2022-12-23,Balance,486.4794921875,-0.07194521870204579
GAS,2022-12-23,Position,10.0,-0.00531675610703993
GAS,2022-12-23,MACD,0.5428368449211121,-0.07613734445119182
GAS,2022-12-23,RSI,51.71091842651367,-0.03915374353418668
GAS,2022-12-23,CCI,-38.41172790527344,0.010660293657106301
GAS,2022-12-23,ADX,23.89826011657715,-0.029677965089161037
GAS,2023-01-11,Close,15.300000190734863,-0.06225969335205288
GAS,2023-01-11,Balance,161.03602600097656,-0.032378760651057485
GAS,2023-01-11,Position,34.0,0.010000688771694105
GAS,2023-01-11,MACD,0.41849711537361145,-0.04812760078676045
GAS,2023-01-11,RSI,62.06336975097656,-0.04216866711934432
GAS,2023-01-11,CCI,112.54900360107422,-0.026716789483652532
GAS,2023-01-11,ADX,16.701087951660156,-0.016802960175686214
GAS,2023-02-06,Close,16.020000457763672,-0.016687803325721562
GAS,2023-02-06,Balance,656.04052734375,-0.036812790147333296
GAS,2023-02-06,Position,3.0,-0.020243295264915303
GAS,2023-02-06,MACD,0.5560839176177979,-0.06563647600896323
GAS,2023-02-06,RSI,58.33667755126953,-0.027363549040174868
GAS,2023-02-06,CCI,27.220178604125977,-0.001970903296187182
GAS,2023-02-06,ADX,20.0307559967041,-0.011516153597418227
GAS,2023-02-23,Close,16.290000915527344,-0.05100782468976702
GAS,2023-02-23,Balance,270.1212463378906,-0.031454818479514514
GAS,2023-02-23,Position,28.0,0.006742163427835601
GAS,2023-02-23,MACD,0.29383960366249084,0.002303721778448905
GAS,2023-02-23,RSI,56.66566848754883,-0.03314957812076055
GAS,2023-02-23,CCI,5.885934829711914,-7.42116331277215e-05
GAS,2023-02-23,ADX,13.86347770690918,-0.004552367126673984
GAS,2023-03-13,Close,15.979999542236328,-0.044094276275148094
GAS,2023-03-13,Balance,68.64041900634766,0.010221941237390822
GAS,2023-03-13,Position,41.0,0.0249309852545324
GAS,2023-03-13,MACD,0.11262635141611099,0.029515494626038304
GAS,2023-03-13,RSI,53.223228454589844,-0.013632712840822086
GAS,2023-03-13,CCI,32.56138610839844,0.004467784422848092
GAS,2023-03-13,ADX,10.065986633300781,0.04677047202883486
GAS,2023-03-30,Close,15.760000228881836,-0.039414767070605684
GAS,2023-03-30,Balance,55.67744064331055,0.013667307545269363
GAS,2023-03-30,Position,42.0,0.02429185736002306
GAS,2023-03-30,MACD,-0.008646399714052677,0.032280925617306125
GAS,2023-03-30,RSI,51.68723678588867,-0.012981169744119963
GAS,2023-03-30,CCI,38.483219146728516,-0.0019278255458839502
GAS,2023-03-30,ADX,11.671250343322754,0.02280989435311723
GAS,2023-04-17,Close,15.789999961853027,-0.0488816667590398
GAS,2023-04-17,Balance,184.60433959960938,-0.0122158341203882
GAS,2023-04-17,Position,34.0,0.007174112898268589
GAS,2023-04-17,MACD,0.008742954581975937,0.03406166317477961
GAS,2023-04-17,RSI,50.62397766113281,-0.012584178118443676
GAS,2023-04-17,CCI,-3.48442006111145,0.002990500533968099
GAS,2023-04-17,ADX,9.990937232971191,0.022500580446618602
GAS,2023-05-09,Close,16.510000228881836,-0.05424517376215432
GAS,2023-05-09,Balance,318.4495544433594,-0.020665827202767228
GAS,2023-05-09,Position,26.0,0.0001772268861714027
GAS,2023-05-09,MACD,0.1688004434108734,0.024046246853267207
GAS,2023-05-09,RSI,60.47867202758789,-0.01926518635030086
GAS,2023-05-09,CCI,131.74234008789062,-0.0008022496062157401
GAS,2023-05-09,ADX,13.699402809143066,0.007071554683235478
GAS,2023-05-26,Close,15.979999542236328,-0.027026176798499578
GAS,2023-05-26,Balance,90.81006622314453,0.030236639387875436
GAS,2023-05-26,Position,40.0,0.01899650377570186
GAS,2023-05-26,MACD,0.053396422415971756,0.04425172122894897
GAS,2023-05-26,RSI,43.089088439941406,0.003602509091085754
GAS,2023-05-26,CCI,-181.4771728515625,0.07929226418666566
GAS,2023-05-26,ADX,18.296737670898438,-0.009136740767560561
GAS,2023-06-13,Close,17.729999542236328,-0.03562271179681697
GAS,2023-06-13,Balance,7.794020175933838,-0.01929563221515422
GAS,2023-06-13,Position,45.0,0.008058191682957294
GAS,2023-06-13,MACD,0.30435141921043396,-0.02053836653313739
GAS,2023-06-13,RSI,74.70964050292969,0.012225190439900146
GAS,2023-06-13,CCI,185.8300018310547,-0.03920904574053503
GAS,2023-06-13,ADX,22.78225326538086,-0.03792763185966714
GAS,2023-06-30,Close,19.809999465942383,-0.014066061533234628
GAS,2023-06-30,Balance,29.63479995727539,-0.02137303364625158
GAS,2023-06-30,Position,44.0,0.021782382285536903
GAS,2023-06-30,MACD,0.8411766290664673,-0.1128651761065771
GAS,2023-06-30,RSI,73.7625732421875,0.03883499492394019
GAS,2023-06-30,CCI,114.65288543701172,-0.025354508724034382
GAS,2023-06-30,ADX,48.3944091796875,0.052244438632072
GAS,2023-07-19,Close,20.760000228881836,-0.004719618018083588
GAS,2023-07-19,Balance,11.06857967376709,0.0030636276687311254
GAS,2023-07-19,Position,45.0,0.02348064215667745
GAS,2023-07-19,MACD,0.7654765844345093,-0.09530600965692496
GAS,2023-07-19,RSI,69.73474884033203,0.02351052372470625
GAS,2023-07-19,CCI,74.0348892211914,-0.010535952758501934
GAS,2023-07-19,ADX,58.20181655883789,0.18647674518875454
GAS,2023-08-04,Close,20.719999313354492,0.0012939503946358677
GAS,2023-08-04,Balance,11.06857967376709,0.046072614313146125
GAS,2023-08-04,Position,45.0,0.018520101980012853
GAS,2023-08-04,MACD,0.39227503538131714,-0.011454575317989385
GAS,2023-08-04,RSI,53.930992126464844,-0.024253900030953984
GAS,2023-08-04,CCI,-75.9227066040039,0.06365258711688863
GAS,2023-08-04,ADX,47.621097564697266,0.13444727435111412
GAS,2023-08-23,Close,19.43000030517578,-0.015095527566176575
GAS,2023-08-23,Balance,11.06857967376709,0.05350537998270721
GAS,2023-08-23,Position,45.0,0.019458421617526717
GAS,2023-08-23,MACD,-0.1030377745628357,0.05098260616634739
GAS,2023-08-23,RSI,34.97332763671875,0.030022579452289203
GAS,2023-08-23,CCI,-181.79428100585938,0.07915452200856819
GAS,2023-08-23,ADX,29.77757453918457,-0.020677884958686502
GAS,2023-09-13,Close,21.510000228881836,-0.010540768440659615
GAS,2023-09-13,Balance,11.06857967376709,-0.0059011125403015735
GAS,2023-09-13,Position,45.0,0.018537394749821908
GAS,2023-09-13,MACD,0.2914905250072479,-0.003182949060070578
GAS,2023-09-13,RSI,56.82132339477539,-0.04518973469658842
GAS,2023-09-13,CCI,91.53153228759766,-0.02883487546389053
GAS,2023-09-13,ADX,22.223905563354492,-0.05826874311299322
GAS,2023-09-29,Close,19.920000076293945,-0.013927230045112093
GAS,2023-09-29,Balance,15.034680366516113,0.03287283424330837
GAS,2023-09-29,Position,45.0,0.02129945664246387
GAS,2023-09-29,MACD,-0.1921669989824295,0.03630198963132051
GAS,2023-09-29,RSI,40.87989807128906,0.02211956930092931
GAS,2023-09-29,CCI,-117.7686767578125,0.053453326382748606
GAS,2023-09-29,ADX,18.132932662963867,-0.024488269958606583
GAS,2023-10-18,Close,18.18000030517578,-0.015056707421219282
GAS,2023-10-18,Balance,15.034680366516113,0.04476139527194315
GAS,2023-10-18,Position,45.0,0.005651701698407863
GAS,2023-10-18,MACD,-0.481282502412796,0.05690952826435012
GAS,2023-10-18,RSI,32.010555267333984,-0.009663157350636581
GAS,2023-10-18,CCI,-161.8187255859375,0.0629073703394988
GAS,2023-10-18,ADX,30.56093406677246,-0.019628923813055744
GAS,2023-11-06,Close,19.510000228881836,-0.010113657252970908
GAS,2023-11-06,Balance,15.034680366516113,0.01551627581635673
GAS,2023-11-06,Position,45.0,0.006188374682552937
GAS,2023-11-06,MACD,-0.28001275658607483,0.12983193285935762
GAS,2023-11-06,RSI,56.82524490356445,-0.018708378170654138
GAS,2023-11-06,CCI,83.15625762939453,-0.006373882531485686
GAS,2023-11-06,ADX,32.75808334350586,0.027785761770457933
GAS,2023-11-22,Close,20.610000610351562,-0.00991287874532372
GAS,2023-11-22,Balance,15.034680366516113,-0.004457149416954073
GAS,2023-11-22,Position,45.0,0.0090510702090639
GAS,2023-11-22,MACD,0.3939565420150757,-0.02158808090996037
GAS,2023-11-22,RSI,61.196964263916016,-0.0324254847933822
GAS,2023-11-22,CCI,69.18749237060547,-0.011994132307663542
GAS,2023-11-22,ADX,26.59576988220215,-0.04150762178484161
GAS,2023-12-11,Close,20.829999923706055,-0.00553749313259642
GAS,2023-12-11,Balance,223.3661346435547,-0.01675110307903684
GAS,2023-12-11,Position,35.0,0.015868760460101865
GAS,2023-12-11,MACD,0.3483932316303253,-0.0021907909187971752
GAS,2023-12-11,RSI,58.39574432373047,-0.029129932547264852
GAS,2023-12-11,CCI,94.6631088256836,-0.0061542404436395505
GAS,2023-12-11,ADX,17.28412628173828,-0.006417320061133376
GAS,2023-12-28,Close,21.170000076293945,-0.002137541108060826
GAS,2023-12-28,Balance,106.64685821533203,-0.011615528905619385
GAS,2023-12-28,Position,41.0,0.024632535976874904
GAS,2023-12-28,MACD,0.21969856321811676,0.021754908126778483
GAS,2023-12-28,RSI,60.708316802978516,-0.026652755045695885
GAS,2023-12-28,CCI,126.289306640625,-0.006332159519835166
GAS,2023-12-28,ADX,16.24555206298828,-0.0004117612078680462
HPG,2021-01-04,Close,17.829999923706055,-0.001789228151171423
HPG,2021-01-04,Balance,1000.0,0.009126171996379068
HPG,2021-01-04,Position,0.0,-3.366176053895553e-05
HPG,2021-01-04,MACD,0.7202133536338806,0.00660209525677068
HPG,2021-01-04,RSI,73.04020690917969,0.005566741401311834
HPG,2021-01-04,CCI,155.3974609375,-0.05357413640093218
HPG,2021-01-04,ADX,43.178428649902344,-0.03793112016993073
HPG,2021-01-20,Close,17.579999923706055,-0.0008508386542085966
HPG,2021-01-20,Balance,1000.0,0.0018146741177884533
HPG,2021-01-20,Position,0.0,0.002547359123849643
HPG,2021-01-20,MACD,0.5741443037986755,0.006973668232355382
HPG,2021-01-20,RSI,51.799713134765625,-0.014913668986269432
HPG,2021-01-20,CCI,-47.19820785522461,0.023250172130526575
HPG,2021-01-20,ADX,43.35871505737305,-0.16646844951473372
HPG,2021-02-08,Close,17.239999771118164,-0.0025697269818453564
HPG,2021-02-08,Balance,1000.0,0.002571973001645631
HPG,2021-02-08,Position,0.0,0.004593023956223835
HPG,2021-02-08,MACD,0.00832234788686037,-0.012187123423758916
HPG,2021-02-08,RSI,48.70012664794922,0.01917388805355952
HPG,2021-02-08,CCI,-39.15131759643555,0.026646740109172465
HPG,2021-02-08,ADX,23.382230758666992,-0.015288288790514892
HPG,2021-03-03,Close,19.729999542236328,0.014703281716788573
HPG,2021-03-03,Balance,999.2499389648438,0.0017805949157158746
HPG,2021-03-03,Position,0.0,0.004079855637522261
HPG,2021-03-03,MACD,0.533892810344696,0.05242613485652914
HPG,2021-03-03,RSI,67.76592254638672,-0.07838654388605752
HPG,2021-03-03,CCI,136.48695373535156,-0.06486462023316714
HPG,2021-03-03,ADX,22.810422897338867,-0.010274324203362807
HPG,2021-03-22,Close,19.709999084472656,0.010118395814313817
HPG,2021-03-22,Balance,999.2499389648438,0.0006591976211676176
HPG,2021-03-22,Position,0.0,0.005867961757068567
HPG,2021-03-22,MACD,0.4210829734802246,0.03369485500511594
HPG,2021-03-22,RSI,61.71553421020508,-0.06259107386706106
HPG,2021-03-22,CCI,92.23027801513672,-0.06099815451578749
HPG,2021-03-22,ADX,20.70165252685547,-0.007490174058822649
HPG,2021-04-08,Close,20.799999237060547,0.020453636131664506
HPG,2021-04-08,Balance,999.2499389648438,0.0027631308348497613
HPG,2021-04-08,Position,0.0,0.0042435250169205055
HPG,2021-04-08,MACD,0.496001660823822,0.0409072917129429
HPG,2021-04-08,RSI,70.36772155761719,-0.08339796293655413
HPG,2021-04-08,CCI,127.58184814453125,-0.05804587872458127
HPG,2021-04-08,ADX,23.10249137878418,-0.009062608966442351
HPG,2021-04-27,Close,23.729999542236328,0.04881653246465787
HPG,2021-04-27,Balance,999.2499389648438,0.002116749168763377
HPG,2021-04-27,Position,0.0,-0.0010374291891673965
HPG,2021-04-27,MACD,1.09914231300354,0.029986274208509987
HPG,2021-04-27,RSI,67.55316162109375,0.005512364492293673
HPG,2021-04-27,CCI,82.5495834350586,-0.03837151580933377
HPG,2021-04-27,ADX,45.90474319458008,-0.09736103574455446
HPG,2021-05-18,Close,26.719999313354492,0.07372316588242149
HPG,2021-05-18,Balance,999.2499389648438,0.006759906275327133
HPG,2021-05-18,Position,0.0,-0.0007508563282549591
HPG,2021-05-18,MACD,1.3074606657028198,0.059677183863779085
HPG,2021-05-18,RSI,72.34371948242188,0.024021413167801126
HPG,2021-05-18,CCI,110.69573974609375,-0.031489474469025905
HPG,2021-05-18,ADX,53.66632080078125,-0.012409439446478033
HPG,2021-06-04,Close,31.25,0.12367786571027799
HPG,2021-06-04,Balance,999.2499389648438,0.00388023664280554
HPG,2021-06-04,Position,0.0,0.010234488031974692
HPG,2021-06-04,MACD,1.8731979131698608,0.1347968661131728
HPG,2021-06-04,RSI,75.68333435058594,0.01653221820153533
HPG,2021-06-04,CCI,143.8135223388672,-0.04754969452341253
HPG,2021-06-04,ADX,58.10031509399414,-0.03945957442917864
HPG,2021-06-22,Close,29.639999389648438,0.08136211042113607
HPG,2021-06-22,Balance,999.2499389648438,0.0022563348796433152
HPG,2021-06-22,Position,0.0,0.005880886456434923
HPG,2021-06-22,MACD,0.7906824350357056,0.11111562003452939
HPG,2021-06-22,RSI,55.578487396240234,-0.036463637159237915
HPG,2021-06-22,CCI,-18.417747497558594,-0.008161966032800715
HPG,2021-06-22,ADX,34.30913543701172,-0.09369465754369204
HPG,2021-07-09,Close,27.1200008392334,0.04919636345246679
HPG,2021-07-09,Balance,999.2499389648438,0.0005863914780817048
HPG,2021-07-09,Position,0.0,0.004895320185129168
HPG,2021-07-09,MACD,-0.13388606905937195,-0.015475654226593227
HPG,2021-07-09,RSI,39.53743362426758,0.102600040476649
HPG,2021-07-09,CCI,-231.53053283691406,0.2278995006027048
HPG,2021-07-09,ADX,23.14884376525879,-0.0143067946474716
HPG,2021-07-28,Close,26.770000457763672,0.04602886302261682
HPG,2021-07-28,Balance,917.5787353515625,-0.0040591924655836165
HPG,2021-07-28,Position,3.0,0.002755182710845218
HPG,2021-07-28,MACD,-0.5941067934036255,-0.019321651075078654
HPG,2021-07-28,RSI,46.178340911865234,0.03868324931711738
HPG,2021-07-28,CCI,-29.23941421508789,-0.009088532495591979
HPG,2021-07-28,ADX,27.51517105102539,-0.038017152509322256
HPG,2021-08-13,Close,27.889999389648438,0.027899897847836273
HPG,2021-08-13,Balance,7.99006986618042,0.007995090011510032
HPG,2021-08-13,Position,36.0,-0.045856766451655324
HPG,2021-08-13,MACD,0.09893196076154709,-0.00530607420873862
HPG,2021-08-13,RSI,52.833396911621094,-0.015118567309914146
HPG,2021-08-13,CCI,61.04252243041992,-0.06568512435213478
HPG,2021-08-13,ADX,16.85325050354004,0.0062850439793451784
HPG,2021-09-01,Close,28.209999084472656,0.04862086711395064
HPG,2021-09-01,Balance,930.8065795898438,-0.008017166647569941
HPG,2021-09-01,Position,3.0,0.00047545230251295513
HPG,2021-09-01,MACD,0.07354731112718582,-0.012401920458092493
HPG,2021-09-01,RSI,53.65473556518555,-0.019843622553880905
HPG,2021-09-01,CCI,26.819923400878906,-0.04024475091661712
HPG,2021-09-01,ADX,12.330216407775879,0.02357366606847785
HPG,2021-09-22,Close,29.18000030517578,0.05273383403963304
HPG,2021-09-22,Balance,1021.575439453125,0.003783523906050641
HPG,2021-09-22,Position,0.0,0.006198838067946985
HPG,2021-09-22,MACD,0.378059446811676,0.023920240505261155
HPG,2021-09-22,RSI,54.435550689697266,-0.02589739014488024
HPG,2021-09-22,CCI,34.002681732177734,-0.04006474786305803
HPG,2021-09-22,ADX,18.107332229614258,0.005785007222488689
HPG,2021-10-08,Close,31.93000030517578,0.10967221500223893
HPG,2021-10-08,Balance,1021.575439453125,0.007628625399428649
HPG,2021-10-08,Position,0.0,0.0037786153548927115
HPG,2021-10-08,MACD,0.8711159229278564,0.08356091563832169
HPG,2021-10-08,RSI,69.99311065673828,-0.05040560961035227
HPG,2021-10-08,CCI,122.71024322509766,-0.040537313732418374
HPG,2021-10-08,ADX,33.28532791137695,-0.047351250476780675
HPG,2021-10-27,Close,33.20000076293945,0.11235275396749178
HPG,2021-10-27,Balance,1021.575439453125,0.009937133948135305
HPG,2021-10-27,Position,0.0,0.004636552075979329
HPG,2021-10-27,MACD,0.7149330973625183,0.0678132295135907
HPG,2021-10-27,RSI,64.33470916748047,-0.05143290499710678
HPG,2021-10-27,CCI,73.32192993164062,-0.03623254948770877
HPG,2021-10-27,ADX,33.66181945800781,-0.06307534849210901
HPG,2021-11-12,Close,31.299999237060547,0.05843778723211223
HPG,2021-11-12,Balance,1021.575439453125,-0.0018052685576986915
HPG,2021-11-12,Position,0.0,0.005422659992348383
HPG,2021-11-12,MACD,0.06441914290189743,0.002903341007520223
HPG,2021-11-12,RSI,44.44208526611328,0.060545968891731035
HPG,2021-11-12,CCI,-162.05941772460938,0.15310767506479273
HPG,2021-11-12,ADX,19.967267990112305,0.00021010864011196935
HPG,2021-12-01,Close,28.09000015258789,0.05767362742361052
HPG,2021-12-01,Balance,937.311279296875,-0.0034790018183498785
HPG,2021-12-01,Position,3.0,0.0005062227222974308
HPG,2021-12-01,MACD,-1.0125865936279297,0.008758332285662914
HPG,2021-12-01,RSI,35.200531005859375,0.10279097227319298
HPG,2021-12-01,CCI,-65.30565643310547,0.020649454441851553
HPG,2021-12-01,ADX,34.777774810791016,-0.06406549185284938
HPG,2021-12-20,Close,26.889999389648438,0.04988134616793916
HPG,2021-12-20,Balance,1017.22509765625,0.0030375138819124653
HPG,2021-12-20,Position,0.0,0.006120286260344179
HPG,2021-12-20,MACD,-0.790905773639679,-0.006313198032079386
HPG,2021-12-20,RSI,38.082157135009766,0.08341785617877036
HPG,2021-12-20,CCI,-75.89908599853516,0.02663947622943015
HPG,2021-12-20,ADX,35.960086822509766,-0.061095641479669144
HPG,2022-01-06,Close,26.43000030517578,0.050753591955922654
HPG,2022-01-06,Balance,776.29443359375,-0.0027523562940220056
HPG,2022-01-06,Position,9.0,-0.006581176769255821
HPG,2022-01-06,MACD,-0.4755246639251709,-0.03280835093140216
HPG,2022-01-06,RSI,41.45112228393555,0.07578475576764211
HPG,2022-01-06,CCI,-24.640399932861328,-0.005474205394406754
HPG,2022-01-06,ADX,28.079456329345703,-0.0376936368814313
HPG,2022-01-25,Close,24.799999237060547,0.040702649434292526
HPG,2022-01-25,Balance,1000.2310791015625,0.0027345637636564113
HPG,2022-01-25,Position,0.0,0.009017288186154236
HPG,2022-01-25,MACD,-0.7017876505851746,-0.03672610294776161
HPG,2022-01-25,RSI,40.69874572753906,0.084307252336774
HPG,2022-01-25,CCI,-161.8087921142578,0.11561511042312905
HPG,2022-01-25,ADX,28.224069595336914,-0.02326511822067593
HPG,2022-02-18,Close,26.969999313354492,0.031132086501605313
HPG,2022-02-18,Balance,676.7318115234375,-0.03377091502820337
HPG,2022-02-18,Position,12.0,-0.015493359488282324
HPG,2022-02-18,MACD,0.15920224785804749,-0.014342723656362858
HPG,2022-02-18,RSI,57.655784606933594,-0.05306065484336123
HPG,2022-02-18,CCI,90.76676940917969,-0.08604900698346117
HPG,2022-02-18,ADX,19.214475631713867,-0.006746116915647915
HPG,2022-03-08,Close,28.350000381469727,0.055738102059471384
HPG,2022-03-08,Balance,840.9133911132812,-0.025556666058142864
HPG,2022-03-08,Position,6.0,-0.0033844545470392493
HPG,2022-03-08,MACD,0.6305628418922424,0.06616385761182943
HPG,2022-03-08,RSI,60.76801300048828,-0.05628019630579437
HPG,2022-03-08,CCI,158.16326904296875,-0.08417540130194247
HPG,2022-03-08,ADX,20.710668563842773,-0.006639044855798983
HPG,2022-03-25,Close,26.600000381469727,0.04553022980793267
HPG,2022-03-25,Balance,1007.7263793945312,-0.0001244257367381818
HPG,2022-03-25,Position,0.0,0.005786619287400481
HPG,2022-03-25,MACD,-0.03975733369588852,-0.014330599506147486
HPG,2022-03-25,RSI,46.62663269042969,0.043846533741299994
HPG,2022-03-25,CCI,-58.879878997802734,0.03353523168771249
HPG,2022-03-25,ADX,11.212661743164062,0.030268318266252286
HPG,2022-04-14,Close,25.739999771118164,0.04582276595310046
HPG,2022-04-14,Balance,921.4999389648438,0.004523076372522551
HPG,2022-04-14,Position,3.0,0.0009496490843962091
HPG,2022-04-14,MACD,-0.20932182669639587,-0.023422823580565025
HPG,2022-04-14,RSI,40.26780319213867,0.10238375480952003
HPG,2022-04-14,CCI,-135.48133850097656,0.12277467602253365
HPG,2022-04-14,ADX,12.042946815490723,0.026364808710728323
HPG,2022-05-04,Close,24.079999923706055,0.031276174917566235
HPG,2022-05-04,Balance,924.1082763671875,0.0035072409405993853
HPG,2022-05-04,Position,3.0,0.0005310941835388466
HPG,2022-05-04,MACD,-0.5956371426582336,-0.0410119915431955
HPG,2022-05-04,RSI,38.80409240722656,0.10005562013252725
HPG,2022-05-04,CCI,-73.08401489257812,0.03470210663567693
HPG,2022-05-04,ADX,27.78091812133789,-0.030885048172034323
HPG,2022-05-23,Close,21.06999969482422,0.02719460003878256
HPG,2022-05-23,Balance,996.2760009765625,0.003059045948789677
HPG,2022-05-23,Position,0.0,0.0016357536590631272
HPG,2022-05-23,MACD,-1.0901774168014526,0.03526650231054455
HPG,2022-05-23,RSI,32.420997619628906,0.08352700221945736
HPG,2022-05-23,CCI,-98.66502380371094,0.04392806750480406
HPG,2022-05-23,ADX,43.2477912902832,-0.06508593680676372
HPG,2022-06-09,Close,19.3799991607666,0.006336075492898219
HPG,2022-06-09,Balance,996.2760009765625,0.0012792725262276566
HPG,2022-06-09,Position,0.0,0.004788079688223033
HPG,2022-06-09,MACD,-1.1754553318023682,0.0816708175536175
HPG,2022-06-09,RSI,33.83458709716797,0.0
HPG,2022-06-09,CCI,-74.96809387207031,0.03059083582179177
HPG,2022-06-09,ADX,52.78913879394531,-0.020446092217144312
HPG,2022-06-27,Close,17.350000381469727,-0.005520818541171118
HPG,2022-06-27,Balance,996.2760009765625,0.0011902858373156744
HPG,2022-06-27,Position,0.0,0.007639392183602488
HPG,2022-06-27,MACD,-1.2728079557418823,0.09477555503920918
HPG,2022-06-27,RSI,39.94291305541992,-0.010509300513601445
HPG,2022-06-27,CCI,-60.67249298095703,0.02306166659693511
HPG,2022-06-27,ADX,54.10497283935547,0.030321796047137445
HPG,2022-07-14,Close,16.81999969482422,-0.01052622245196759
HPG,2022-07-14,Balance,844.6845703125,-0.006315313144455603
HPG,2022-07-14,Position,9.0,-0.007651894246765046
HPG,2022-07-14,MACD,-0.588640570640564,0.01819995370002709
HPG,2022-07-14,RSI,41.96791458129883,0.03736879336256839
HPG,2022-07-14,CCI,21.12029457092285,-0.03793237924915024
HPG,2022-07-14,ADX,37.168331146240234,-0.07679841528544452
HPG,2022-08-01,Close,17.270000457763672,-0.005626877361529609
HPG,2022-08-01,Balance,932.7020874023438,-0.0015031225726059338
HPG,2022-08-01,Position,3.0,0.0009985233418502854
HPG,2022-08-01,MACD,-0.3082902133464813,-0.0099481487775436
HPG,2022-08-01,RSI,52.7022590637207,-0.008825021071998496
HPG,2022-08-01,CCI,47.9048957824707,-0.04446189266908671
HPG,2022-08-01,ADX,20.124828338623047,-0.0056825937428324255
HPG,2022-08-18,Close,18.290000915527344,0.0034481450590246043
HPG,2022-08-18,Balance,705.479248046875,-0.01500695921783895
HPG,2022-08-18,Position,16.0,-0.014834209974361275
HPG,2022-08-18,MACD,0.30948689579963684,0.02083602291563476
HPG,2022-08-18,RSI,58.03860855102539,-0.05025174158727955
HPG,2022-08-18,CCI,78.78022003173828,-0.07958228347112636
HPG,2022-08-18,ADX,22.566072463989258,-0.02880600215236942
HPG,2022-09-08,Close,17.5,0.0009038739563656045
HPG,2022-09-08,Balance,992.3320922851562,0.00023190653361945812
HPG,2022-09-08,Position,0.0,0.005814432040084841
HPG,2022-09-08,MACD,0.006878504529595375,-0.005992238499925464
HPG,2022-09-08,RSI,47.250492095947266,0.03291802372446378
HPG,2022-09-08,CCI,-100.2098617553711,0.09662831589912683
HPG,2022-09-08,ADX,13.59439468383789,0.023879911208125177
HPG,2022-09-26,Close,16.969999313354492,-0.004996556870345781
HPG,2022-09-26,Balance,991.9841918945312,0.002034728511685748
HPG,2022-09-26,Position,0.0,0.006235216660295193
HPG,2022-09-26,MACD,-0.1344412863254547,-0.013379499023115405
HPG,2022-09-26,RSI,39.60664749145508,0.10265977950014368
HPG,2022-09-26,CCI,-172.5462188720703,0.17327876144253399
HPG,2022-09-26,ADX,13.50507926940918,0.021004521004798524
HPG,2022-10-13,Close,14.770000457763672,-0.02509331978034465
HPG,2022-10-13,Balance,991.9841918945312,-0.001789212248304012
HPG,2022-10-13,Position,0.0,0.007113950191952714
HPG,2022-10-13,MACD,-0.963858962059021,0.04224138499455313
HPG,2022-10-13,RSI,41.61081314086914,0.02700182606664713
HPG,2022-10-13,CCI,-54.12547302246094,0.01446850917967195
HPG,2022-10-13,ADX,37.7512092590332,-0.06686206801085243
HPG,2022-11-01,Close,11.359999656677246,-0.07813321741248627
HPG,2022-11-01,Balance,991.9841918945312,0.005543101522664074
HPG,2022-11-01,Position,0.0,0.0017487640883493132
HPG,2022-11-01,MACD,-1.0438076257705688,-0.0011713281019592459
HPG,2022-11-01,RSI,26.797744750976562,0.13640956863466583
HPG,2022-11-01,CCI,-176.5423583984375,0.13911128016729526
HPG,2022-11-01,ADX,36.68867874145508,-0.013878585092729556
HPG,2022-11-17,Close,10.800000190734863,-0.06400184668539756
HPG,2022-11-17,Balance,905.4376831054688,-0.0014305376816192944
HPG,2022-11-17,Position,9.0,-0.008342351470462734
HPG,2022-11-17,MACD,-1.2084790468215942,0.12077909941694731
HPG,2022-11-17,RSI,41.5325813293457,0.005132211871656895
HPG,2022-11-17,CCI,-27.133779525756836,-0.0002908688329979689
HPG,2022-11-17,ADX,49.293270111083984,0.00966074281305424
HPG,2022-12-06,Close,14.09000015258789,-0.04653198749269102
HPG,2022-12-06,Balance,819.116943359375,-0.006335617454620888
HPG,2022-12-06,Position,19.0,-0.019650553576035564
HPG,2022-12-06,MACD,0.5939352512359619,0.027152828513380634
HPG,2022-12-06,RSI,61.15797424316406,-0.035865201442419656
HPG,2022-12-06,CCI,120.84574890136719,-0.07909836219844602
HPG,2022-12-06,ADX,34.20115661621094,-0.09850709335082503
HPG,2022-12-23,Close,13.899999618530273,-0.029579367835932336
HPG,2022-12-23,Balance,1064.2615966796875,0.0013364156558108276
HPG,2022-12-23,Position,2.0,0.0005118953925191336
HPG,2022-12-23,MACD,0.5428368449211121,0.07149439919827068
HPG,2022-12-23,RSI,51.71091842651367,-0.002977631386235711
HPG,2022-12-23,CCI,-38.41172790527344,0.03766204914905679
HPG,2022-12-23,ADX,23.89826011657715,-0.023759456255843043
HPG,2023-01-11,Close,15.300000190734863,-0.014868074409553431
HPG,2023-01-11,Balance,1092.0338134765625,0.0134219155732198
HPG,2023-01-11,Position,0.0,0.005365168540303
HPG,2023-01-11,MACD,0.41849711537361145,0.03814794428800477
HPG,2023-01-11,RSI,62.06336975097656,-0.05690735818652849
HPG,2023-01-11,CCI,112.54900360107422,-0.0614317095913577
HPG,2023-01-11,ADX,16.701087951660156,0.0076846012629761115
HPG,2023-02-06,Close,16.020000457763672,-0.013246725197803443
HPG,2023-02-06,Balance,1092.0338134765625,-0.0007935805310372128
HPG,2023-02-06,Position,0.0,0.003978627258452837
HPG,2023-02-06,MACD,0.5560839176177979,0.0794895686617326
HPG,2023-02-06,RSI,58.33667755126953,-0.04756483780061053
HPG,2023-02-06,CCI,27.220178604125977,-0.0404964069523502
HPG,2023-02-06,ADX,20.0307559967041,-0.007598143709611003
HPG,2023-02-23,Close,16.290000915527344,-0.006965968569144836
HPG,2023-02-23,Balance,1092.0338134765625,-0.005304579062941818
HPG,2023-02-23,Position,0.0,0.005614405630072278
HPG,2023-02-23,MACD,0.29383960366249084,0.02925761479575457
HPG,2023-02-23,RSI,56.66566848754883,-0.0399343299018843
HPG,2023-02-23,CCI,5.885934829711914,-0.0166704298926948
HPG,2023-02-23,ADX,13.86347770690918,0.022665439738217913
HPG,2023-03-13,Close,15.979999542236328,-0.011325806296749941
HPG,2023-03-13,Balance,995.9610595703125,0.0007698316787608517
HPG,2023-03-13,Position,6.0,-0.003891049933375935
HPG,2023-03-13,MACD,0.11262635141611099,-0.007753749635225603
HPG,2023-03-13,RSI,53.223228454589844,-0.014054727032692258
HPG,2023-03-13,CCI,32.56138610839844,-0.04047229383348578
HPG,2023-03-13,ADX,10.065986633300781,0.02795459498787107
HPG,2023-03-30,Close,15.760000228881836,-0.018354984371246073
HPG,2023-03-30,Balance,995.5326538085938,-0.000562765212414834
HPG,2023-03-30,Position,6.0,-0.005354629499449737
HPG,2023-03-30,MACD,-0.008646399714052677,-0.021776624397399445
HPG,2023-03-30,RSI,51.68723678588867,-5.38484557316421e-05
HPG,2023-03-30,CCI,38.483219146728516,-0.04730451381968565
HPG,2023-03-30,ADX,11.671250343322754,0.02469656102527354
HPG,2023-04-17,Close,15.789999961853027,-0.015751808171525453
HPG,2023-04-17,Balance,1051.989013671875,-0.0027506892025566275
HPG,2023-04-17,Position,2.0,0.002689874464006616
HPG,2023-04-17,MACD,0.008742954581975937,-0.018216740664684764
HPG,2023-04-17,RSI,50.62397766113281,0.006117146105847212
HPG,2023-04-17,CCI,-3.48442006111145,-0.017056610312852445
HPG,2023-04-17,ADX,9.990937232971191,0.0249300136841225
HPG,2023-05-09,Close,16.510000228881836,-0.009101449538742234
HPG,2023-05-09,Balance,1001.1932983398438,-0.0007339940003981971
HPG,2023-05-09,Position,5.0,-0.0033578069867542175
HPG,2023-05-09,MACD,0.1688004434108734,-0.0170246598818289
HPG,2023-05-09,RSI,60.47867202758789,-0.0690738139945121
HPG,2023-05-09,CCI,131.74234008789062,-0.07386446474305951
HPG,2023-05-09,ADX,13.699402809143066,0.014056281717268866
HPG,2023-05-26,Close,15.979999542236328,-0.012360705904834058
HPG,2023-05-26,Balance,1084.511962890625,-0.006427370560755097
HPG,2023-05-26,Position,0.0,0.005615220213656506
HPG,2023-05-26,MACD,0.053396422415971756,0.0048740832053334095
HPG,2023-05-26,RSI,43.089088439941406,0.07055122946123818
HPG,2023-05-26,CCI,-181.4771728515625,0.18392931495979822
HPG,2023-05-26,ADX,18.296737670898438,0.01277463042071162
HPG,2023-06-13,Close,17.729999542236328,-0.003382132869344856
HPG,2023-06-13,Balance,1084.511962890625,0.01830377866994304
HPG,2023-06-13,Position,0.0,0.007066490998892048
HPG,2023-06-13,MACD,0.30435141921043396,-0.007029204333466247
HPG,2023-06-13,RSI,74.70964050292969,-0.07254702304824498
HPG,2023-06-13,CCI,185.8300018310547,-0.042823505922958534
HPG,2023-06-13,ADX,22.78225326538086,-0.0014996212141370224
HPG,2023-06-30,Close,19.809999465942383,0.019428904343711827
HPG,2023-06-30,Balance,1084.511962890625,0.014928788506545441
HPG,2023-06-30,Position,0.0,0.0034986961787481746
HPG,2023-06-30,MACD,0.8411766290664673,0.021448546276775914
HPG,2023-06-30,RSI,73.7625732421875,0.029506306213550458
HPG,2023-06-30,CCI,114.65288543701172,-0.037862327546831775
HPG,2023-06-30,ADX,48.3944091796875,-0.004898217152479421
HPG,2023-07-19,Close,20.760000228881836,0.03003347325673295
HPG,2023-07-19,Balance,1084.511962890625,0.013940137936332055
HPG,2023-07-19,Position,0.0,0.004456830378874094
HPG,2023-07-19,MACD,0.7654765844345093,0.035112378746836426
HPG,2023-07-19,RSI,69.73474884033203,0.015233471585944283
HPG,2023-07-19,CCI,74.0348892211914,-0.03920775990726938
HPG,2023-07-19,ADX,58.20181655883789,0.12045445200060971
HPG,2023-08-04,Close,20.719999313354492,0.022426488639378364
HPG,2023-08-04,Balance,1084.511962890625,0.007807213229447987
HPG,2023-08-04,Position,0.0,0.004309826718811241
HPG,2023-08-04,MACD,0.39227503538131714,-0.01823028776869052
HPG,2023-08-04,RSI,53.930992126464844,-0.0049129467267925685
HPG,2023-08-04,CCI,-75.9227066040039,0.044456816678132956
HPG,2023-08-04,ADX,47.621097564697266,-0.06889568716460706
HPG,2023-08-23,Close,19.43000030517578,0.011350749676694223
HPG,2023-08-23,Balance,1084.511962890625,0.0015770574642966495
HPG,2023-08-23,Position,0.0,0.004127545451935972
HPG,2023-08-23,MACD,-0.1030377745628357,-0.013881636726715772
HPG,2023-08-23,RSI,34.97332763671875,0.14697246684861676
HPG,2023-08-23,CCI,-181.79428100585938,0.1831479164202894
HPG,2023-08-23,ADX,29.77757453918457,-0.04751083881946067
HPG,2023-09-13,Close,21.510000228881836,0.025731440489315693
HPG,2023-09-13,Balance,1066.8076171875,0.014051116433437257
HPG,2023-09-13,Position,1.0,0.003972930169233131
HPG,2023-09-13,MACD,0.2914905250072479,-9.722460931779753e-05
HPG,2023-09-13,RSI,56.82132339477539,-0.03979090505128087
HPG,2023-09-13,CCI,91.53153228759766,-0.05628409692832207
HPG,2023-09-13,ADX,22.223905563354492,-0.010701152798187554
HPG,2023-09-29,Close,19.920000076293945,0.015320905325146588
HPG,2023-09-29,Balance,1075.5623779296875,-0.0034626254829998315
HPG,2023-09-29,Position,0.0,0.005139764051923578
HPG,2023-09-29,MACD,-0.1921669989824295,-0.023400804740962563
HPG,2023-09-29,RSI,40.87989807128906,0.09100684096458046
HPG,2023-09-29,CCI,-117.7686767578125,0.0977525810738623
HPG,2023-09-29,ADX,18.132932662963867,0.00779958925548425
HPG,2023-10-18,Close,18.18000030517578,0.0046949050705670705
HPG,2023-10-18,Balance,1075.5623779296875,0.005796568160197524
HPG,2023-10-18,Position,0.0,0.0053841223272142955
HPG,2023-10-18,MACD,-0.481282502412796,-0.030477470078831788
HPG,2023-10-18,RSI,32.010555267333984,0.17150930075731222
HPG,2023-10-18,CCI,-161.8187255859375,0.14316239124396943
HPG,2023-10-18,ADX,30.56093406677246,-0.032335380044563454
HPG,2023-11-06,Close,19.510000228881836,0.012080104995242145
HPG,2023-11-06,Balance,1018.475341796875,0.005475136893826724
HPG,2023-11-06,Position,3.0,-0.001603270682206926
HPG,2023-11-06,MACD,-0.28001275658607483,-0.001535457910314536
HPG,2023-11-06,RSI,56.82524490356445,-0.04211551996291005
HPG,2023-11-06,CCI,83.15625762939453,-0.04086382538869388
HPG,2023-11-06,ADX,32.75808334350586,-0.0703200143301841
HPG,2023-11-22,Close,20.610000610351562,0.023639738228510367
HPG,2023-11-22,Balance,1084.5247802734375,0.015179336985676051
HPG,2023-11-22,Position,0.0,0.005306890522786267
HPG,2023-11-22,MACD,0.3939565420150757,0.03280704384256569
HPG,2023-11-22,RSI,61.196964263916016,-0.053110027618428673
HPG,2023-11-22,CCI,69.18749237060547,-0.0488717994676499
HPG,2023-11-22,ADX,26.59576988220215,-0.03313071075965137
HPG,2023-12-11,Close,20.829999923706055,0.01888484070718094
HPG,2023-12-11,Balance,1084.5247802734375,0.014340030317745993
HPG,2023-12-11,Position,0.0,0.005391601128332514
HPG,2023-12-11,MACD,0.3483932316303253,0.010253856689156262
HPG,2023-12-11,RSI,58.39574432373047,-0.04939721744197904
HPG,2023-12-11,CCI,94.6631088256836,-0.055572534233293565
HPG,2023-12-11,ADX,17.28412628173828,0.004846967568526921
HPG,2023-12-28,Close,21.170000076293945,0.018734544606115747
HPG,2023-12-28,Balance,895.7261352539062,-0.016140477816472834
HPG,2023-12-28,Position,9.0,-0.010969693467871671
HPG,2023-12-28,MACD,0.21969856321811676,-0.015252630106737872
HPG,2023-12-28,RSI,60.708316802978516,-0.077247171835857
HPG,2023-12-28,CCI,126.289306640625,-0.08380708093734213
HPG,2023-12-28,ADX,16.24555206298828,0.0028047169315463805
SSI,2021-01-04,Close,15.029999732971191,-0.005142629074029215
SSI,2021-01-04,Balance,1000.0,0.008010575299168992
SSI,2021-01-04,Position,0.0,0.017969990937958213
SSI,2021-01-04,MACD,1.4780992269515991,0.20668857779906102
SSI,2021-01-04,RSI,85.73474884033203,0.22032735522181027
SSI,2021-01-04,CCI,135.7245330810547,-0.0029089812551268412
SSI,2021-01-04,ADX,61.98383331298828,0.0038310313430310245
SSI,2021-01-20,Close,14.8100004196167,-0.022223567129235813
SSI,2021-01-20,Balance,263.3841247558594,0.009788017655919135
SSI,2021-01-20,Position,48.0,-0.016318367029225577
SSI,2021-01-20,MACD,1.1173399686813354,-0.07763059966270866
SSI,2021-01-20,RSI,59.14036178588867,-0.045395366745748685
SSI,2021-01-20,CCI,3.2506229877471924,-0.04701913125978884
SSI,2021-01-20,ADX,54.10652160644531,-0.04777642778573167
SSI,2021-02-08,Close,13.609999656677246,-0.10506171112966681
SSI,2021-02-08,Balance,362.2148132324219,0.06525545464555083
SSI,2021-02-08,Position,38.0,-0.019737105371435183
SSI,2021-02-08,MACD,-0.0799579992890358,-0.08673008312151621
SSI,2021-02-08,RSI,50.0079460144043,-0.06210813457723616
SSI,2021-02-08,CCI,-25.83644676208496,-0.026694790460331
SSI,2021-02-08,ADX,33.92387008666992,-0.04262449823430503
SSI,2021-03-03,Close,15.5,-0.06983324343904686
SSI,2021-03-03,Balance,5.637010097503662,0.1263861559984985
SSI,2021-03-03,Position,62.0,-0.006728140592444004
SSI,2021-03-03,MACD,0.44364240765571594,-0.10158390157810551
SSI,2021-03-03,RSI,61.842559814453125,-0.023151171982127232
SSI,2021-03-03,CCI,95.87687683105469,-0.04691568262970734
SSI,2021-03-03,ADX,24.28171730041504,-0.013124799625830104
SSI,2021-03-22,Close,14.859999656677246,-0.09998439515762261
SSI,2021-03-22,Balance,330.6117248535156,0.0526461500791755
SSI,2021-03-22,Position,40.0,-0.037978247159533976
SSI,2021-03-22,MACD,0.12222384661436081,-0.09082646670963723
SSI,2021-03-22,RSI,53.41792297363281,-0.04711329499823549
SSI,2021-03-22,CCI,-13.738595008850098,-0.02371109794664154
SSI,2021-03-22,ADX,13.935311317443848,0.06089160785963546
SSI,2021-04-08,Close,15.65999984741211,-0.07434051642916054
SSI,2021-04-08,Balance,615.426025390625,0.018870433279419393
SSI,2021-04-08,Position,20.0,-0.014151131807437526
SSI,2021-04-08,MACD,0.2567620575428009,-0.08533681831021667
SSI,2021-04-08,RSI,64.3490982055664,-0.0007515727496787417
SSI,2021-04-08,CCI,129.2904052734375,-0.04401538606870506
SSI,2021-04-08,ADX,16.92083740234375,0.02115958230623041
SSI,2021-04-27,Close,14.140000343322754,-0.1207217127282151
SSI,2021-04-27,Balance,742.7564697265625,0.00438988638522253
SSI,2021-04-27,Position,11.0,0.01023078452579901
SSI,2021-04-27,MACD,-0.08311653882265091,-0.07791439540330979
SSI,2021-04-27,RSI,41.29214096069336,-0.019566774106173048
SSI,2021-04-27,CCI,-124.32674407958984,0.02294769476827866
SSI,2021-04-27,ADX,17.562423706054688,0.03829171367620315
SSI,2021-05-18,Close,15.680000305175781,-0.0765498270817178
SSI,2021-05-18,Balance,839.0437622070312,-0.008622050586779367
SSI,2021-05-18,Position,4.0,0.019483175594944956
SSI,2021-05-18,MACD,0.1940135806798935,-0.07832889326374483
SSI,2021-05-18,RSI,58.243011474609375,-0.03606353652680997
SSI,2021-05-18,CCI,100.65095520019531,-0.04457870506510923
SSI,2021-05-18,ADX,17.646949768066406,0.022830376665963915
SSI,2021-06-04,Close,21.68000030517578,-0.01887151903043244
SSI,2021-06-04,Balance,14.700249671936035,0.038047367935290385
SSI,2021-06-04,Position,50.0,-0.02395586454524624
SSI,2021-06-04,MACD,1.5184580087661743,0.05259852075269116
SSI,2021-06-04,RSI,81.3543472290039,0.16556861342715698
SSI,2021-06-04,CCI,168.84246826171875,0.01421761283048173
SSI,2021-06-04,ADX,41.846004486083984,-0.045520018983810376
SSI,2021-06-22,Close,22.440000534057617,-0.00716642277601178
SSI,2021-06-22,Balance,14.700249671936035,0.04633890680720555
SSI,2021-06-22,Position,50.0,-0.022600382785970746
SSI,2021-06-22,MACD,1.5243562459945679,0.022355445728878622
SSI,2021-06-22,RSI,63.64101028442383,-0.004467250709327172
SSI,2021-06-22,CCI,63.26915740966797,-0.044924623998784184
SSI,2021-06-22,ADX,34.981876373291016,-0.05604369421671211
SSI,2021-07-09,Close,23.850000381469727,0.0432339108966944
SSI,2021-07-09,Balance,191.52401733398438,0.06113872611995364
SSI,2021-07-09,Position,42.0,-0.024848807638544388
SSI,2021-07-09,MACD,1.2535516023635864,-0.07720248300090829
SSI,2021-07-09,RSI,55.372127532958984,-0.03816888809336113
SSI,2021-07-09,CCI,13.449216842651367,-0.04424460335949407
SSI,2021-07-09,ADX,31.02007293701172,-0.05333177639021393
SSI,2021-07-28,Close,23.760000228881836,0.11545696161615694
SSI,2021-07-28,Balance,798.8361206054688,-0.008801099585782299
SSI,2021-07-28,Position,16.0,-0.0036930768609582387
SSI,2021-07-28,MACD,0.24363476037979126,-0.07091905944348084
SSI,2021-07-28,RSI,53.03624725341797,-0.04091609487056433
SSI,2021-07-28,CCI,-16.310590744018555,0.006236612536448689
SSI,2021-07-28,ADX,17.340496063232422,0.053515863891772236
SSI,2021-08-13,Close,26.75,0.1167188813632459
SSI,2021-08-13,Balance,1200.2742919921875,-0.027871494948369532
SSI,2021-08-13,Position,0.0,0.022061347517353894
SSI,2021-08-13,MACD,0.8906965851783752,-0.11711672770742694
SSI,2021-08-13,RSI,63.311195373535156,-0.025488526640251787
SSI,2021-08-13,CCI,99.15361022949219,-0.04683419702720512
SSI,2021-08-13,ADX,21.620515823364258,0.015986642788074365
SSI,2021-09-01,Close,27.739999771118164,0.15968088103306508
SSI,2021-09-01,Balance,1197.764404296875,-0.023740125121849493
SSI,2021-09-01,Position,0.0,0.027826533585766797
SSI,2021-09-01,MACD,0.8655460476875305,-0.13093573110489073
SSI,2021-09-01,RSI,57.23241424560547,-0.04082050749086476
SSI,2021-09-01,CCI,39.222991943359375,-0.028453668252486127
SSI,2021-09-01,ADX,23.369464874267578,0.013187301928247394
SSI,2021-09-22,Close,27.65999984741211,0.2455325610714767
SSI,2021-09-22,Balance,1197.764404296875,-0.018022059629040826
SSI,2021-09-22,Position,0.0,0.02818540815892323
SSI,2021-09-22,MACD,0.39753827452659607,-0.09224854492298418
SSI,2021-09-22,RSI,49.63782501220703,-0.03668442623835311
SSI,2021-09-22,CCI,-62.956886291503906,0.027923110049852484
SSI,2021-09-22,ADX,20.22643280029297,0.03939254893654013
SSI,2021-10-08,Close,27.030000686645508,0.2558722670323313
SSI,2021-10-08,Balance,1197.764404296875,-0.005572412559483375
SSI,2021-10-08,Position,0.0,0.03386439910097647
SSI,2021-10-08,MACD,-0.24219951033592224,0.02433676414539718
SSI,2021-10-08,RSI,49.40029525756836,-0.032285288728617294
SSI,2021-10-08,CCI,-28.316150665283203,0.006077137565238147
SSI,2021-10-08,ADX,17.69947624206543,0.05500007584890456
SSI,2021-10-27,Close,26.729999542236328,0.24400731918722135
SSI,2021-10-27,Balance,1197.764404296875,-0.005861962521239994
SSI,2021-10-27,Position,0.0,0.03141161680359027
SSI,2021-10-27,MACD,-0.30431634187698364,0.042776031392290616
SSI,2021-10-27,RSI,49.728389739990234,-0.02887993547791817
SSI,2021-10-27,CCI,-29.669208526611328,0.0061981707124106064
SSI,2021-10-27,ADX,18.551753997802734,0.04886431278202502
SSI,2021-11-12,Close,29.510000228881836,0.2147408096780338
SSI,2021-11-12,Balance,1197.764404296875,-0.021704033637207805
SSI,2021-11-12,Position,0.0,0.02145168404290925
SSI,2021-11-12,MACD,0.6612516045570374,-0.12544183015203833
SSI,2021-11-12,RSI,65.09700012207031,-0.018574644942311643
SSI,2021-11-12,CCI,114.22185516357422,-0.048907362135209735
SSI,2021-11-12,ADX,24.81514549255371,0.006556166077671014
SSI,2021-12-01,Close,36.529998779296875,0.13137837504576802
SSI,2021-12-01,Balance,412.6004333496094,0.002591415588980406
SSI,2021-12-01,Position,23.0,-0.010571618182060209
SSI,2021-12-01,MACD,2.342913866043091,0.12199309760128339
SSI,2021-12-01,RSI,74.71373748779297,0.11374458667018457
SSI,2021-12-01,CCI,113.42410278320312,-0.010524889902447794
SSI,2021-12-01,ADX,48.27960968017578,-0.08597969653228732
SSI,2021-12-20,Close,35.400001525878906,0.38049104586935434
SSI,2021-12-20,Balance,1190.712890625,-0.02575386469912402
SSI,2021-12-20,Position,0.0,0.024388337422171433
SSI,2021-12-20,MACD,0.9705824851989746,-0.18065908960555543
SSI,2021-12-20,RSI,59.37971878051758,-0.03398301654171013
SSI,2021-12-20,CCI,19.43692970275879,-0.01667760698138334
SSI,2021-12-20,ADX,28.760147094726562,-0.016907177824936077
SSI,2022-01-06,Close,34.34000015258789,0.48285096803529576
SSI,2022-01-06,Balance,1190.712890625,-0.018948538094016615
SSI,2022-01-06,Position,0.0,0.027133775133138794
SSI,2022-01-06,MACD,0.3297033905982971,-0.08948414056490822
SSI,2022-01-06,RSI,53.29909133911133,-0.03396042296637883
SSI,2022-01-06,CCI,29.482879638671875,-0.011601310273575582
SSI,2022-01-06,ADX,19.79329490661621,0.0377019565331409
SSI,2022-01-25,Close,28.31999969482422,0.28774709356607486
SSI,2022-01-25,Balance,1190.712890625,-0.033170847376037
SSI,2022-01-25,Position,0.0,0.023867035871342035
SSI,2022-01-25,MACD,-1.3338690996170044,0.24238421922927716
SSI,2022-01-25,RSI,37.54800033569336,0.010331179152190617
SSI,2022-01-25,CCI,-138.81558227539062,0.03012407121397453
SSI,2022-01-25,ADX,28.939678192138672,-0.01871868441229245
SSI,2022-02-18,Close,29.90999984741211,0.3876927605534584
SSI,2022-02-18,Balance,1190.712890625,0.012061781962982493
SSI,2022-02-18,Position,0.0,0.03128856580333017
SSI,2022-02-18,MACD,-0.6127252578735352,0.13964358502609484
SSI,2022-02-18,RSI,47.03621292114258,-0.026616787487239505
SSI,2022-02-18,CCI,42.238033294677734,-0.013104050046307547
SSI,2022-02-18,ADX,25.206647872924805,0.017423134947530672
SSI,2022-03-08,Close,31.100000381469727,0.3601626584664575
SSI,2022-03-08,Balance,1190.712890625,-0.01243781224190516
SSI,2022-03-08,Position,0.0,0.015935209484148116
SSI,2022-03-08,MACD,0.01892850175499916,-0.03011278038879291
SSI,2022-03-08,RSI,55.752925872802734,-0.035609221922575575
SSI,2022-03-08,CCI,182.24349975585938,-0.0686269555956438
SSI,2022-03-08,ADX,20.952856063842773,0.031121655165192552
SSI,2022-03-25,Close,28.75,0.32607264596590685
SSI,2022-03-25,Balance,1190.712890625,0.001701853936285824
SSI,2022-03-25,Position,0.0,0.031819895599509894
SSI,2022-03-25,MACD,-0.36421412229537964,0.048781404518067464
SSI,2022-03-25,RSI,39.995262145996094,-0.008314291151047815
SSI,2022-03-25,CCI,-90.59356689453125,0.02208300211723006
SSI,2022-03-25,ADX,20.430105209350586,0.040159994719881104
SSI,2022-04-14,Close,27.790000915527344,0.2938356206649577
SSI,2022-04-14,Balance,1190.712890625,0.003967797042462685
SSI,2022-04-14,Position,0.0,0.0378025489269768
SSI,2022-04-14,MACD,-0.3912481665611267,0.059835852960889044
SSI,2022-04-14,RSI,40.600006103515625,-0.011001223684645067
SSI,2022-04-14,CCI,-89.70873260498047,0.026426232120895666
SSI,2022-04-14,ADX,25.250638961791992,0.018636764817240813
SSI,2022-05-04,Close,21.18000030517578,-0.0006254154248649391
SSI,2022-05-04,Balance,1190.712890625,-0.06881828126638494
SSI,2022-05-04,Position,0.0,-0.01563241235639692
SSI,2022-05-04,MACD,-1.880613088607788,0.45529484097556777
SSI,2022-05-04,RSI,23.319974899291992,0.13985210704208928
SSI,2022-05-04,CCI,-97.25828552246094,0.031233012320610636
SSI,2022-05-04,ADX,47.27122116088867,-0.014099304958261638
SSI,2022-05-23,Close,17.540000915527344,-0.032069287013122096
SSI,2022-05-23,Balance,1190.712890625,-0.08359494465549247
SSI,2022-05-23,Position,0.0,-0.02373447290358116
SSI,2022-05-23,MACD,-1.989605188369751,0.5586740160601408
SSI,2022-05-23,RSI,29.371631622314453,0.09112785151101364
SSI,2022-05-23,CCI,-68.53443908691406,0.008702371438310652
SSI,2022-05-23,ADX,56.72059631347656,0.05914872121515815
SSI,2022-06-09,Close,19.190000534057617,-0.010567588648688534
SSI,2022-06-09,Balance,1190.712890625,-0.007415683867628961
SSI,2022-06-09,Position,0.0,0.028356636400917592
SSI,2022-06-09,MACD,-0.6703473925590515,0.051024545914181235
SSI,2022-06-09,RSI,43.569217681884766,-0.02690395348997221
SSI,2022-06-09,CCI,38.96222686767578,-0.024217592694374995
SSI,2022-06-09,ADX,41.29693603515625,-0.08133245838009734
SSI,2022-06-27,Close,14.539999961853027,-0.0710861246101761
SSI,2022-06-27,Balance,1190.712890625,-0.06698318987941093
SSI,2022-06-27,Position,0.0,-0.01457066575230398
SSI,2022-06-27,MACD,-1.796356201171875,0.437247856260835
SSI,2022-06-27,RSI,37.57975769042969,0.028732241946904723
SSI,2022-06-27,CCI,-61.37030029296875,-0.0003312767504420888
SSI,2022-06-27,ADX,50.30417251586914,0.029519475163186766
SSI,2022-07-14,Close,15.75,-0.08832637182305386
SSI,2022-07-14,Balance,1190.712890625,0.0049838938216413
SSI,2022-07-14,Position,0.0,0.026766092779633526
SSI,2022-07-14,MACD,-0.5039036273956299,-0.01034378377148659
SSI,2022-07-14,RSI,52.28386688232422,-0.041818505799597526
SSI,2022-07-14,CCI,145.53353881835938,-0.019687737164223004
SSI,2022-07-14,ADX,35.199485778808594,-0.04214622357433936
SSI,2022-08-01,Close,16.700000762939453,-0.055873416747722074
SSI,2022-08-01,Balance,1190.712890625,-0.021795982061023716
SSI,2022-08-01,Position,0.0,0.009049085118475714
SSI,2022-08-01,MACD,0.019143715500831604,-0.07301339420537672
SSI,2022-08-01,RSI,61.86807632446289,-0.02617213137958855
SSI,2022-08-01,CCI,184.11514282226562,-0.022837229682256207
SSI,2022-08-01,ADX,20.88797378540039,0.009436160135431826
SSI,2022-08-18,Close,18.389999389648438,-0.04180783105395882
SSI,2022-08-18,Balance,529.232421875,0.016699732182531873
SSI,2022-08-18,Position,37.0,-0.026234210479392388
SSI,2022-08-18,MACD,0.708977222442627,-0.08510772259073411
SSI,2022-08-18,RSI,68.23701477050781,0.02258528730380615
SSI,2022-08-18,CCI,76.5979232788086,-0.04271315590456581
SSI,2022-08-18,ADX,26.92677879333496,-0.02306158493608814
SSI,2022-09-08,Close,16.149999618530273,-0.08086155484309221
SSI,2022-09-08,Balance,771.6354370117188,-0.006305185503989865
SSI,2022-09-08,Position,23.0,-0.013904097841349564
SSI,2022-09-08,MACD,0.009253771975636482,-0.09158275871242796
SSI,2022-09-08,RSI,34.7872200012207,0.006610823734673921
SSI,2022-09-08,CCI,-237.37606811523438,0.05789284177712084
SSI,2022-09-08,ADX,20.61756134033203,0.019830771046848297
SSI,2022-09-26,Close,14.279999732971191,-0.12966834678290312
SSI,2022-09-26,Balance,1130.306396484375,-0.03767032570336612
SSI,2022-09-26,Position,0.0,0.0017315360350730336
SSI,2022-09-26,MACD,-0.6574133038520813,0.019507693905236156
SSI,2022-09-26,RSI,30.417465209960938,0.041273767290791616
SSI,2022-09-26,CCI,-127.38128662109375,0.010822739743083608
SSI,2022-09-26,ADX,36.102142333984375,-0.06631570436237356
SSI,2022-10-13,Close,12.819999694824219,-0.09591753990250525
SSI,2022-10-13,Balance,1130.306396484375,-0.04302839442995782
SSI,2022-10-13,Position,0.0,-0.009885017225306311
SSI,2022-10-13,MACD,-1.0123934745788574,0.15768200288500825
SSI,2022-10-13,RSI,38.172996520996094,0.015824709826572077
SSI,2022-10-13,CCI,-83.53304290771484,0.0227605083985765
SSI,2022-10-13,ADX,51.22490310668945,0.01641535815509386
SSI,2022-11-01,Close,12.420000076293945,-0.1228769000649991
SSI,2022-11-01,Balance,1130.306396484375,-0.0369490008923317
SSI,2022-11-01,Position,0.0,0.00029965338802595554
SSI,2022-11-01,MACD,-0.7547562122344971,0.02675681485285886
SSI,2022-11-01,RSI,45.645240783691406,-0.03247876204046262
SSI,2022-11-01,CCI,-6.008429527282715,-0.0193755603140053
SSI,2022-11-01,ADX,46.368858337402344,-0.04282127812172073
SSI,2022-11-17,Close,11.569999694824219,-0.14148879539562453
SSI,2022-11-17,Balance,1130.306396484375,-0.03519632001515951
SSI,2022-11-17,Position,0.0,-0.004317651527831257
SSI,2022-11-17,MACD,-0.6398425102233887,-0.03432052377870365
SSI,2022-11-17,RSI,48.87155532836914,-0.041125059341112755
SSI,2022-11-17,CCI,23.690509796142578,-0.03128042600863916
SSI,2022-11-17,ADX,46.02954864501953,-0.0647524967495872
SSI,2022-12-06,Close,14.319999694824219,-0.03598931241522933
SSI,2022-12-06,Balance,743.11962890625,0.0037168051045866715
SSI,2022-12-06,Position,28.0,-0.01388897820164185
SSI,2022-12-06,MACD,0.654452919960022,-0.05691072075218419
SSI,2022-12-06,RSI,61.2738151550293,0.003122389603480583
SSI,2022-12-06,CCI,127.62601470947266,0.0007376870247760015
SSI,2022-12-06,ADX,31.282493591308594,-0.029447562770442307
SSI,2022-12-23,Close,13.399999618530273,-0.12019376920928697
SSI,2022-12-23,Balance,288.40289306640625,0.0696051525942169
SSI,2022-12-23,Position,59.0,-0.041647678361460584
SSI,2022-12-23,MACD,0.4092327952384949,-0.11767640522018605
SSI,2022-12-23,RSI,46.664886474609375,-0.045877594559925475
SSI,2022-12-23,CCI,-104.8118667602539,0.0011677349122177771
SSI,2022-12-23,ADX,22.01226806640625,-0.013966933787892261
SSI,2023-01-11,Close,14.140000343322754,-0.10920427329554909
SSI,2023-01-11,Balance,611.7991943359375,0.01346840077257605
SSI,2023-01-11,Position,35.0,-0.037691204720212514
SSI,2023-01-11,MACD,0.10874838382005692,-0.08479763865797144
SSI,2023-01-11,RSI,54.54998779296875,-0.045831886024021044
SSI,2023-01-11,CCI,28.470186233520508,-0.027762036728772022
SSI,2023-01-11,ADX,13.679868698120117,0.06021129390736031
SSI,2023-02-06,Close,14.649999618530273,-0.09847386777483841
SSI,2023-02-06,Balance,505.2509765625,0.0298691890412933
SSI,2023-02-06,Position,41.0,-0.03858993161398767
SSI,2023-02-06,MACD,0.3081105351448059,-0.09085502891819953
SSI,2023-02-06,RSI,52.52411651611328,-0.0495585323091438
SSI,2023-02-06,CCI,-4.811614036560059,-0.02782577499559717
SSI,2023-02-06,ADX,18.69025421142578,0.028266958316879753
SSI,2023-02-23,Close,14.430000305175781,-0.11372833614489171
SSI,2023-02-23,Balance,875.2805786132812,-0.008529279843448154
SSI,2023-02-23,Position,15.0,-0.0022349937282754077
SSI,2023-02-23,MACD,0.056202296167612076,-0.07685749021910793
SSI,2023-02-23,RSI,50.87074279785156,-0.041143185722696776
SSI,2023-02-23,CCI,-44.41062545776367,0.002232960390315203
SSI,2023-02-23,ADX,16.101360321044922,0.05136611600239574
SSI,2023-03-13,Close,14.390000343322754,-0.10639196450654739
SSI,2023-03-13,Balance,1081.0845947265625,-0.013324362543765594
SSI,2023-03-13,Position,0.0,0.03425500965771624
SSI,2023-03-13,MACD,0.016850851476192474,-0.06126918663109493
SSI,2023-03-13,RSI,52.97998046875,-0.04551275734221321
SSI,2023-03-13,CCI,44.45526885986328,-0.025180694080342073
SSI,2023-03-13,ADX,12.871602058410645,0.07034115279293421
SSI,2023-03-30,Close,15.350000381469727,-0.07405193002119169
SSI,2023-03-30,Balance,1081.0845947265625,-0.016001306801337906
SSI,2023-03-30,Position,0.0,0.027906619962005087
SSI,2023-03-30,MACD,0.29279273748397827,-0.08211027426026953
SSI,2023-03-30,RSI,59.727760314941406,-0.029858103386217236
SSI,2023-03-30,CCI,145.7231903076172,-0.037211029559740594
SSI,2023-03-30,ADX,12.034154891967773,0.04177674068147503
SSI,2023-04-17,Close,15.640000343322754,-0.08250557375014862
SSI,2023-04-17,Balance,620.9391479492188,0.013231130820718695
SSI,2023-04-17,Position,28.0,-0.022277481548354034
SSI,2023-04-17,MACD,0.35603106021881104,-0.09285573511268894
SSI,2023-04-17,RSI,51.99958038330078,-0.05159039507575691
SSI,2023-04-17,CCI,-10.296411514282227,-0.019272962099426597
SSI,2023-04-17,ADX,24.53982162475586,-0.007284221838889224
SSI,2023-05-09,Close,16.299999237060547,-0.06448484150686844
SSI,2023-05-09,Balance,931.6973266601562,-0.0009772221920958252
SSI,2023-05-09,Position,8.0,0.010689420262264195
SSI,2023-05-09,MACD,0.17770636081695557,-0.08083850620320995
SSI,2023-05-09,RSI,58.91630554199219,-0.0373536603487326
SSI,2023-05-09,CCI,98.14722442626953,-0.038955187576736945
SSI,2023-05-09,ADX,22.742874145507812,-0.0005464479998441851
SSI,2023-05-26,Close,16.520000457763672,-0.07700369384568731
SSI,2023-05-26,Balance,412.3419494628906,0.026628929585463867
SSI,2023-05-26,Position,39.0,-0.04100185950980588
SSI,2023-05-26,MACD,0.2427375763654709,-0.10932139819140105
SSI,2023-05-26,RSI,54.777408599853516,-0.05101861492738133
SSI,2023-05-26,CCI,24.465351104736328,-0.047439314781615415
SSI,2023-05-26,ADX,31.230058670043945,-0.05220311469672232
SSI,2023-06-13,Close,18.56999969482422,-0.03064155715541843
SSI,2023-06-13,Balance,19.923900604248047,0.10349476701691471
SSI,2023-06-13,Position,61.0,0.02984084408499342
SSI,2023-06-13,MACD,0.5991891622543335,-0.10078635553241788
SSI,2023-06-13,RSI,69.6997299194336,0.017938384537626743
SSI,2023-06-13,CCI,128.58473205566406,-0.004735668966256094
SSI,2023-06-13,ADX,41.06706619262695,-0.041121132927131064
SSI,2023-06-30,Close,19.639999389648438,-0.022377102546115905
SSI,2023-06-30,Balance,59.41719055175781,0.055733971307901975
SSI,2023-06-30,Position,59.0,-0.02080003320095577
SSI,2023-06-30,MACD,0.7148876786231995,-0.1398029990401143
SSI,2023-06-30,RSI,63.122291564941406,-0.05868846588098546
SSI,2023-06-30,CCI,46.80202865600586,-0.05043023522313825
SSI,2023-06-30,ADX,49.701904296875,-0.08600366485556482
SSI,2023-07-19,Close,21.700000762939453,-0.00408444119870489
SSI,2023-07-19,Balance,18.689199447631836,0.061032697917434146
SSI,2023-07-19,Position,61.0,0.004917118807344051
SSI,2023-07-19,MACD,0.8644994497299194,-0.11055518991753342
SSI,2023-07-19,RSI,73.01171875,0.034872956177338155
SSI,2023-07-19,CCI,107.23898315429688,-0.021217626428501956
SSI,2023-07-19,ADX,47.430259704589844,-0.08305179081571201
SSI,2023-08-04,Close,22.229999542236328,0.02052958406065941
SSI,2023-08-04,Balance,83.7240982055664,0.08004328914982749
SSI,2023-08-04,Position,58.0,-0.027189256723894852
SSI,2023-08-04,MACD,0.6061206459999084,-0.12204404713289395
SSI,2023-08-04,RSI,62.36234664916992,-0.03759721208811339
SSI,2023-08-04,CCI,55.904335021972656,-0.06558964317197853
SSI,2023-08-04,ADX,39.39145278930664,-0.08257232518998842
SSI,2023-08-23,Close,23.139999389648438,0.07463383220091581
SSI,2023-08-23,Balance,435.5263671875,0.05641482767650456
SSI,2023-08-23,Position,42.0,-0.006312833888324311
SSI,2023-08-23,MACD,0.40299785137176514,-0.08900938451860768
SSI,2023-08-23,RSI,60.25008773803711,-0.004105268695898841
SSI,2023-08-23,CCI,199.92567443847656,0.0036069146763433486
SSI,2023-08-23,ADX,25.968820571899414,-0.0035296489257330586
SSI,2023-09-13,Close,27.260000228881836,0.05654133967558006
SSI,2023-09-13,Balance,630.158447265625,-0.0037315439198025496
SSI,2023-09-13,Position,34.0,-0.020298248195946608
SSI,2023-09-13,MACD,1.2395926713943481,-0.03509818670708618
SSI,2023-09-13,RSI,76.09358978271484,0.10904146756257072
SSI,2023-09-13,CCI,140.21568298339844,-0.007359617556866489
SSI,2023-09-13,ADX,38.50153350830078,-0.04625226301775841
SSI,2023-09-29,Close,24.209999084472656,0.1382000160465689
SSI,2023-09-29,Balance,836.913818359375,-0.003804943323205641
SSI,2023-09-29,Position,25.0,-0.0206899485694416
SSI,2023-09-29,MACD,0.1521468609571457,-0.05976586293679747
SSI,2023-09-29,RSI,45.60038375854492,-0.03060228681014807
SSI,2023-09-29,CCI,-88.27001190185547,0.02546053742464895
SSI,2023-09-29,ADX,32.08278274536133,-0.03171943701873603
SSI,2023-10-18,Close,24.020000457763672,0.14976941028557517
SSI,2023-10-18,Balance,1453.49658203125,-0.006739491058256442
SSI,2023-10-18,Position,0.0,0.035731586468980614
SSI,2023-10-18,MACD,-0.07044323533773422,-0.010873351639686103
SSI,2023-10-18,RSI,44.953125,-0.018128137195672075
SSI,2023-10-18,CCI,-99.11319732666016,0.02655179166596695
SSI,2023-10-18,ADX,22.35502052307129,0.028828814923371096
SSI,2023-11-06,Close,22.079999923706055,0.07797058085195982
SSI,2023-11-06,Balance,1453.49658203125,-0.01368758271539384
SSI,2023-11-06,Position,0.0,0.03134453204092522
SSI,2023-11-06,MACD,-0.8588559031486511,0.11544549229104904
SSI,2023-11-06,RSI,44.61436080932617,-0.015783770207197192
SSI,2023-11-06,CCI,-53.50259780883789,-0.010349978542650906
SSI,2023-11-06,ADX,37.41516876220703,-0.06115374517808091
SSI,2023-11-22,Close,25.049999237060547,0.1320403849128178
SSI,2023-11-22,Balance,1453.49658203125,0.00027867122768109043
SSI,2023-11-22,Position,0.0,0.023994487645745577
SSI,2023-11-22,MACD,0.34620749950408936,-0.09016843029645898
SSI,2023-11-22,RSI,59.87566375732422,-0.03650378384644527
SSI,2023-11-22,CCI,101.62445068359375,-0.037793051102540734
SSI,2023-11-22,ADX,19.570354461669922,0.04718671689586884
SSI,2023-12-11,Close,24.899999618530273,0.1306814606233439
SSI,2023-12-11,Balance,1453.49658203125,-0.010965608603771826
SSI,2023-12-11,Position,0.0,0.03105386047179922
SSI,2023-12-11,MACD,0.40698379278182983,-0.08823202324684164
SSI,2023-12-11,RSI,54.76216125488281,-0.0388350318093945
SSI,2023-12-11,CCI,45.524169921875,-0.021398470568303383
SSI,2023-12-11,ADX,14.49018383026123,0.08990709240620132
SSI,2023-12-28,Close,25.1200008392334,0.14681905756378866
SSI,2023-12-28,Balance,1453.49658203125,-0.009990995420390697
SSI,2023-12-28,Position,0.0,0.028193560457019515
SSI,2023-12-28,MACD,0.20615056157112122,-0.059983221681551575
SSI,2023-12-28,RSI,58.384830474853516,-0.03938020285439872
SSI,2023-12-28,CCI,60.61565399169922,-0.026916410823143357
SSI,2023-12-28,ADX,11.201239585876465,0.1135078202024856
VCB,2021-01-04,Close,43.099998474121094,-0.03488096888403775
VCB,2021-01-04,Balance,1000.0,-0.07563758242100375
VCB,2021-01-04,Position,0.0,-0.008952469789599016
VCB,2021-01-04,MACD,0.8358543515205383,-0.014986545790654745
VCB,2021-01-04,RSI,61.47060012817383,-0.06192926185621656
VCB,2021-01-04,CCI,84.56399536132812,-0.04142685313109122
VCB,2021-01-04,ADX,21.92981719970703,-0.02435030737328849
VCB,2021-01-20,Close,43.13999938964844,-0.03558691868135693
VCB,2021-01-20,Balance,92.24092102050781,0.13694887051410912
VCB,2021-01-20,Position,20.0,0.012757792310528798
VCB,2021-01-20,MACD,0.7363086342811584,-0.13190082639873812
VCB,2021-01-20,RSI,47.43931198120117,-0.007063782281352182
VCB,2021-01-20,CCI,-6.543276786804199,-0.05123852479923029
VCB,2021-01-20,ADX,32.61929702758789,0.025763605946471268
VCB,2021-02-08,Close,40.959999084472656,-0.0664878462706368
VCB,2021-02-08,Balance,798.1050415039062,-0.015815147178557254
VCB,2021-02-08,Position,3.0,-0.0030392360675044194
VCB,2021-02-08,MACD,-0.35079577565193176,0.04148482861753566
VCB,2021-02-08,RSI,42.787479400634766,0.040988655368204466
VCB,2021-02-08,CCI,-69.1567611694336,0.021031840454446584
VCB,2021-02-08,ADX,33.41057205200195,0.1002327178859791
VCB,2021-03-03,Close,42.84000015258789,-0.04541165020824788
VCB,2021-03-03,Balance,922.2108154296875,-0.05058148276599518
VCB,2021-03-03,Position,0.0,-0.0073292608640955215
VCB,2021-03-03,MACD,0.0053249867632985115,-0.029367479126684987
VCB,2021-03-03,RSI,48.861000061035156,-0.010998790636851377
VCB,2021-03-03,CCI,32.1175651550293,-0.047499974390051734
VCB,2021-03-03,ADX,29.52445411682129,0.037033599694750355
VCB,2021-03-22,Close,42.22999954223633,-0.054173266689831044
VCB,2021-03-22,Balance,922.2108154296875,-0.05676653382851951
VCB,2021-03-22,Position,0.0,-0.007170799572447137
VCB,2021-03-22,MACD,-0.309476375579834,0.025297156455535375
VCB,2021-03-22,RSI,49.795860290527344,-0.011496976507137694
VCB,2021-03-22,CCI,-13.364005088806152,-0.02162994900647138
VCB,2021-03-22,ADX,29.4405460357666,0.04139848955454539
VCB,2021-04-08,Close,43.529998779296875,-0.03228833141533643
VCB,2021-04-08,Balance,655.70458984375,0.013987811743363563
VCB,2021-04-08,Position,6.0,0.00036353375144326794
VCB,2021-04-08,MACD,0.38194185495376587,-0.06854971063251951
VCB,2021-04-08,RSI,57.53593444824219,-0.040971146039234116
VCB,2021-04-08,CCI,132.47068786621094,-0.08456873501834537
VCB,2021-04-08,ADX,25.367502212524414,-0.022218447010858056
VCB,2021-04-27,Close,43.099998474121094,-0.033188339395193577
VCB,2021-04-27,Balance,124.54548645019531,0.1523125116178186
VCB,2021-04-27,Position,18.0,0.010849241245513189
VCB,2021-04-27,MACD,0.3819741904735565,-0.0819121040927511
VCB,2021-04-27,RSI,50.372947692871094,-0.020154487746826072
VCB,2021-04-27,CCI,-9.865999221801758,-0.04342409397073527
VCB,2021-04-27,ADX,18.97678565979004,-0.04951144726184114
VCB,2021-05-18,Close,41.18000030517578,-0.06767699245972603
VCB,2021-05-18,Balance,627.712890625,0.03790045513827369
VCB,2021-05-18,Position,6.0,0.0034579407509958576
VCB,2021-05-18,MACD,-0.2932191491127014,0.001180014740283522
VCB,2021-05-18,RSI,39.08849334716797,0.04935489525226594
VCB,2021-05-18,CCI,-145.39447021484375,0.061697362010424
VCB,2021-05-18,ADX,12.430126190185547,-0.15343977004797643
VCB,2021-06-04,Close,45.65999984741211,-0.012781257826303445
VCB,2021-06-04,Balance,168.97413635253906,0.15360232736264914
VCB,2021-06-04,Position,16.0,0.01691694663199446
VCB,2021-06-04,MACD,0.7256426811218262,-0.041151681811773824
VCB,2021-06-04,RSI,61.33197784423828,-0.047064008681451296
VCB,2021-06-04,CCI,157.72015380859375,-0.055500007960616965
VCB,2021-06-04,ADX,23.76799774169922,-0.0031612114975905718
VCB,2021-06-22,Close,46.84000015258789,0.004098820346950471
VCB,2021-06-22,Balance,32.67797088623047,0.1800500123059926
VCB,2021-06-22,Position,19.0,0.016504734002248746
VCB,2021-06-22,MACD,0.8232957124710083,-0.02925420885601677
VCB,2021-06-22,RSI,62.304359436035156,-0.04021656407694549
VCB,2021-06-22,CCI,130.4856414794922,-0.03933920193989436
VCB,2021-06-22,ADX,22.7684383392334,-0.006909528526548283
VCB,2021-07-09,Close,47.79999923706055,0.014460088203163551
VCB,2021-07-09,Balance,32.67797088623047,0.1683413170982861
VCB,2021-07-09,Position,19.0,0.011661452291367077
VCB,2021-07-09,MACD,1.1258922815322876,-0.10845537980481848
VCB,2021-07-09,RSI,52.36902618408203,-0.021425206244445185
VCB,2021-07-09,CCI,-9.031352996826172,-0.03492274120243301
VCB,2021-07-09,ADX,29.972490310668945,0.006156610131768901
VCB,2021-07-28,Close,42.22999954223633,-0.04734909654291272
VCB,2021-07-28,Balance,869.670166015625,-0.03642065453991983
VCB,2021-07-28,Position,0.0,-0.007467985148617351
VCB,2021-07-28,MACD,-1.2904438972473145,0.24852994404461448
VCB,2021-07-28,RSI,37.55564498901367,0.07752768892738224
VCB,2021-07-28,CCI,-88.48665618896484,0.032031736937315945
VCB,2021-07-28,ADX,39.01630401611328,0.20720390241346487
VCB,2021-08-13,Close,43.36000061035156,-0.038311169544484214
VCB,2021-08-13,Balance,869.670166015625,-0.03877477805014887
VCB,2021-08-13,Position,0.0,-0.005951611681283053
VCB,2021-08-13,MACD,-0.5323294997215271,0.07719477019753063
VCB,2021-08-13,RSI,47.00215148925781,0.009829502516315399
VCB,2021-08-13,CCI,70.76923370361328,-0.0671802204713583
VCB,2021-08-13,ADX,33.90901565551758,0.1097309435783236
VCB,2021-09-01,Close,43.27000045776367,-0.04179757266777485
VCB,2021-09-01,Balance,869.670166015625,-0.03947414859113461
VCB,2021-09-01,Position,0.0,-0.00868407126892525
VCB,2021-09-01,MACD,-0.2764677405357361,0.010896333827598722
VCB,2021-09-01,RSI,49.238712310791016,-0.01027163664865927
VCB,2021-09-01,CCI,-47.15078353881836,-0.003152250014705399
VCB,2021-09-01,ADX,22.765111923217773,-0.0477844961543246
VCB,2021-09-22,Close,43.310001373291016,-0.041913753724797435
VCB,2021-09-22,Balance,869.670166015625,-0.03698710726489027
VCB,2021-09-22,Position,0.0,-0.008378695404359843
VCB,2021-09-22,MACD,-0.1530856490135193,-0.014512175666066506
VCB,2021-09-22,RSI,51.770694732666016,-0.026998191558003745
VCB,2021-09-22,CCI,43.595340728759766,-0.055262301137354516
VCB,2021-09-22,ADX,25.165590286254883,-0.01696708470564448
VCB,2021-10-08,Close,42.22999954223633,-0.05686477481811388
VCB,2021-10-08,Balance,869.670166015625,-0.038693037117490385
VCB,2021-10-08,Position,0.0,-0.007208068596012445
VCB,2021-10-08,MACD,-0.34561046957969666,0.019344054021399604
VCB,2021-10-08,RSI,46.46540832519531,0.007734987717869915
VCB,2021-10-08,CCI,-69.67888641357422,0.013535556686557941
VCB,2021-10-08,ADX,23.6735897064209,-0.03939723315443032
VCB,2021-10-27,Close,41.83000183105469,-0.06260868996330038
VCB,2021-10-27,Balance,869.670166015625,-0.040985701010981396
VCB,2021-10-27,Position,0.0,-0.007964576467775512
VCB,2021-10-27,MACD,-0.38962018489837646,0.022820396371919304
VCB,2021-10-27,RSI,48.50537109375,-0.006117060377095168
VCB,2021-10-27,CCI,-25.94818878173828,-0.016988296819515837
VCB,2021-10-27,ADX,21.885217666625977,-0.06141219330908337
VCB,2021-11-12,Close,42.75,-0.04215510751251327
VCB,2021-11-12,Balance,525.48779296875,0.05685918120899024
VCB,2021-11-12,Position,8.0,0.003024918112406072
VCB,2021-11-12,MACD,0.13618361949920654,-0.06347880263038701
VCB,2021-11-12,RSI,54.97525405883789,-0.04199228541759268
VCB,2021-11-12,CCI,64.77788543701172,-0.07030085260043492
VCB,2021-11-12,ADX,20.84049415588379,-0.054399382176532125
VCB,2021-12-01,Close,43.099998474121094,-0.03664415767952807
VCB,2021-12-01,Balance,761.248291015625,-0.010935501433441817
VCB,2021-12-01,Position,2.0,-0.0031444403915038
VCB,2021-12-01,MACD,0.4775305688381195,-0.08769294379768425
VCB,2021-12-01,RSI,49.335269927978516,-0.02015079674455837
VCB,2021-12-01,CCI,5.375960350036621,-0.04412887230040725
VCB,2021-12-01,ADX,33.47854995727539,0.0538488120161032
VCB,2021-12-20,Close,43.310001373291016,-0.04178279684728043
VCB,2021-12-20,Balance,847.362060546875,-0.03440655467664933
VCB,2021-12-20,Position,0.0,-0.01070819132489309
VCB,2021-12-20,MACD,0.011607390828430653,-0.03494969968627509
VCB,2021-12-20,RSI,51.61872863769531,-0.039100767111927066
VCB,2021-12-20,CCI,-43.157989501953125,-0.01890989701865694
VCB,2021-12-20,ADX,17.998367309570312,-0.08895256671679105
VCB,2022-01-06,Close,44.47999954223633,-0.01959412105659389
VCB,2022-01-06,Balance,49.825340270996094,0.1783224412879411
VCB,2022-01-06,Position,18.0,0.01425104997203773
VCB,2022-01-06,MACD,0.3459480106830597,-0.04757629987585401
VCB,2022-01-06,RSI,55.96984100341797,-0.030017967230016478
VCB,2022-01-06,CCI,74.35514068603516,-0.05146665406308592
VCB,2022-01-06,ADX,16.13055419921875,-0.03325767402861112
VCB,2022-01-25,Close,53.869998931884766,0.07747782440481708
VCB,2022-01-25,Balance,5.3008599281311035,0.18604811058528745
VCB,2022-01-25,Position,19.0,0.021885733253857332
VCB,2022-01-25,MACD,2.1043055057525635,0.04301692260168798
VCB,2022-01-25,RSI,85.22622680664062,-0.08651646945227306
VCB,2022-01-25,CCI,185.81922912597656,-0.027806847692551994
VCB,2022-01-25,ADX,34.76152038574219,0.0068977297176207875
VCB,2022-02-18,Close,49.029998779296875,0.026140207629659306
VCB,2022-02-18,Balance,5.3008599281311035,0.1641693148555961
VCB,2022-02-18,Position,19.0,0.012809895257936441
VCB,2022-02-18,MACD,0.7500837445259094,-0.13116275237346178
VCB,2022-02-18,RSI,50.851104736328125,-0.02496016237634043
VCB,2022-02-18,CCI,-59.07846450805664,-0.02204811656373635
VCB,2022-02-18,ADX,28.017927169799805,-0.0013670231689072894
VCB,2022-03-08,Close,45.83000183105469,-0.008882311030661694
VCB,2022-03-08,Balance,921.9332885742188,-0.055918259772195424
VCB,2022-03-08,Position,0.0,-0.006585553152764917
VCB,2022-03-08,MACD,-0.3727382719516754,0.02135997771829845
VCB,2022-03-08,RSI,33.871803283691406,0.10704812142966068
VCB,2022-03-08,CCI,-162.42303466796875,0.0934867925524891
VCB,2022-03-08,ADX,26.617183685302734,-2.3721536921400554e-05
VCB,2022-03-25,Close,46.38999938964844,-0.001916614618082943
VCB,2022-03-25,Balance,921.9332885742188,-0.054587192229574644
VCB,2022-03-25,Position,0.0,-0.005903770777833318
VCB,2022-03-25,MACD,-0.3261207044124603,0.023989574567268444
VCB,2022-03-25,RSI,42.10988998413086,0.042731221379441714
VCB,2022-03-25,CCI,-79.58268737792969,0.02549754018394056
VCB,2022-03-25,ADX,27.831064224243164,0.01791394295901637
VCB,2022-04-14,Close,45.540000915527344,-0.012030746949282663
VCB,2022-04-14,Balance,921.9332885742188,-0.057165738301435357
VCB,2022-04-14,Position,0.0,-0.006810202507258392
VCB,2022-04-14,MACD,-0.3382657468318939,0.0038947393520195744
VCB,2022-04-14,RSI,38.22983169555664,0.06034121574216374
VCB,2022-04-14,CCI,-127.18354034423828,0.05544507222848932
VCB,2022-04-14,ADX,20.176040649414062,-0.08666576168145267
VCB,2022-05-04,Close,44.93000030517578,-0.020108594413704307
VCB,2022-05-04,Balance,921.9332885742188,-0.06009248965672279
VCB,2022-05-04,Position,0.0,-0.009149233981451482
VCB,2022-05-04,MACD,-0.3844752907752991,0.010865020338502219
VCB,2022-05-04,RSI,42.999759674072266,0.02473916626910886
VCB,2022-05-04,CCI,-50.11861801147461,-0.0004737540141471208
VCB,2022-05-04,ADX,16.787031173706055,-0.12223992616945022
VCB,2022-05-23,Close,41.83000183105469,-0.057739794409758696
VCB,2022-05-23,Balance,921.9332885742188,-0.057537635475398516
VCB,2022-05-23,Position,0.0,-0.005420438848431464
VCB,2022-05-23,MACD,-1.008867859840393,0.15393411397201098
VCB,2022-05-23,RSI,37.22447967529297,0.0828601092801381
VCB,2022-05-23,CCI,-114.82764434814453,0.04744049187135417
VCB,2022-05-23,ADX,29.79372215270996,0.054374523708676244
VCB,2022-06-09,Close,43.75,-0.03160685400917717
VCB,2022-06-09,Balance,741.6131591796875,-0.0004954908411853864
VCB,2022-06-09,Position,4.0,-0.0013042851119256147
VCB,2022-06-09,MACD,0.03359587863087654,-0.047772683914063564
VCB,2022-06-09,RSI,47.967655181884766,-0.010638029457589232
VCB,2022-06-09,CCI,52.240509033203125,-0.06878688524918687
VCB,2022-06-09,ADX,19.940387725830078,-0.06702691564246951
VCB,2022-06-27,Close,42.11000061035156,-0.057273304431142806
VCB,2022-06-27,Balance,916.3182983398438,-0.0616188760137003
VCB,2022-06-27,Position,0.0,-0.009593511802575503
VCB,2022-06-27,MACD,-0.4227334260940552,0.002449378560680282
VCB,2022-06-27,RSI,42.08815383911133,0.021484042178680433
VCB,2022-06-27,CCI,-115.56527709960938,0.02989266446626855
VCB,2022-06-27,ADX,11.711183547973633,-0.1790266049614417
VCB,2022-07-14,Close,40.709999084472656,-0.07557453630675899
VCB,2022-07-14,Balance,916.3182983398438,-0.05420543995395053
VCB,2022-07-14,Position,0.0,-0.007839134261115127
VCB,2022-07-14,MACD,-0.7554672956466675,0.06779610663859073
VCB,2022-07-14,RSI,40.40861129760742,0.05103127100797786
VCB,2022-07-14,CCI,-110.64366912841797,0.04151290816099373
VCB,2022-07-14,ADX,19.947298049926758,-0.09984886291877525
VCB,2022-08-01,Close,43.29999923706055,-0.03218321857109145
VCB,2022-08-01,Balance,747.4696044921875,-0.00611935960133018
VCB,2022-08-01,Position,4.0,-0.0016576379372584271
VCB,2022-08-01,MACD,-0.015719998627901077,-0.0414381326856294
VCB,2022-08-01,RSI,62.206031799316406,-0.05348199926051716
VCB,2022-08-01,CCI,167.1265106201172,-0.0783970228199352
VCB,2022-08-01,ADX,17.30600929260254,-0.050207546705319565
VCB,2022-08-18,Close,45.83000183105469,-0.010735137415582775
VCB,2022-08-18,Balance,23.42629051208496,0.18716341245703014
VCB,2022-08-18,Position,20.0,0.022156761984873683
VCB,2022-08-18,MACD,1.0492826700210571,-0.05497938932122616
VCB,2022-08-18,RSI,66.51122283935547,-0.056238507868373505
VCB,2022-08-18,CCI,62.0111083984375,-0.03944759150800113
VCB,2022-08-18,ADX,28.78909683227539,0.007805795196689468
VCB,2022-09-08,Close,43.86000061035156,-0.02785402201075438
VCB,2022-09-08,Balance,113.29633331298828,0.14383980948521585
VCB,2022-09-08,Position,18.0,0.00936814103165807
VCB,2022-09-08,MACD,0.4564136564731598,-0.06817367691488156
VCB,2022-09-08,RSI,40.92095947265625,0.048691602105212964
VCB,2022-09-08,CCI,-189.67237854003906,0.13313302235462407
VCB,2022-09-08,ADX,26.39453125,-0.000637430284149143
VCB,2022-09-26,Close,42.16999816894531,-0.05206568054954831
VCB,2022-09-26,Balance,910.9578857421875,-0.054520675065734436
VCB,2022-09-26,Position,0.0,-0.005499742004041436
VCB,2022-09-26,MACD,-0.4870768189430237,0.029728005188887394
VCB,2022-09-26,RSI,33.266380310058594,0.1105718773058956
VCB,2022-09-26,CCI,-148.06658935546875,0.07946424745061412
VCB,2022-09-26,ADX,22.691919326782227,-0.05474120269951272
VCB,2022-10-13,Close,37.38999938964844,-0.09445499433333363
VCB,2022-10-13,Balance,910.9578857421875,-0.04531979066713123
VCB,2022-10-13,Position,0.0,-0.007404263633187358
VCB,2022-10-13,MACD,-2.1121184825897217,0.46178190838062527
VCB,2022-10-13,RSI,33.89290237426758,0.11000177254714133
VCB,2022-10-13,CCI,-112.26900482177734,0.04916529964557068
VCB,2022-10-13,ADX,45.36430740356445,0.34652898565188656
VCB,2022-11-01,Close,42.16999816894531,-0.05471581568355074
VCB,2022-11-01,Balance,910.9578857421875,-0.046881936126718565
VCB,2022-11-01,Position,0.0,-0.009945780417050964
VCB,2022-11-01,MACD,-0.14350245893001556,-0.019444379654731017
VCB,2022-11-01,RSI,61.61964797973633,-0.07302274888252598
VCB,2022-11-01,CCI,164.6320343017578,-0.11215381132173666
VCB,2022-11-01,ADX,31.487865447998047,0.04383818892944211
VCB,2022-11-17,Close,43.0099983215332,-0.031956040875199355
VCB,2022-11-17,Balance,407.2146301269531,0.08501251553519462
VCB,2022-11-17,Position,12.0,0.006087525935994445
VCB,2022-11-17,MACD,0.6130766272544861,-0.01168831821329365
VCB,2022-11-17,RSI,62.75408172607422,-0.05419955805530245
VCB,2022-11-17,CCI,135.58062744140625,-0.04595517834967117
VCB,2022-11-17,ADX,17.21996307373047,-0.011650113026653558
VCB,2022-12-06,Close,44.97999954223633,-0.01266082761883458
VCB,2022-12-06,Balance,14.423959732055664,0.179624619669859
VCB,2022-12-06,Position,21.0,0.019514950996355748
VCB,2022-12-06,MACD,1.4143011569976807,0.018021931253808705
VCB,2022-12-06,RSI,58.11061096191406,-0.033449857226317624
VCB,2022-12-06,CCI,120.06145477294922,-0.02572010238824399
VCB,2022-12-06,ADX,22.280792236328125,0.003755887345557346
VCB,2022-12-23,Close,44.47999954223633,-0.019481269091395755
VCB,2022-12-23,Balance,14.423959732055664,0.1792098759366663
VCB,2022-12-23,Position,21.0,0.01509313277975579
VCB,2022-12-23,MACD,0.5302085876464844,-0.0887709395298287
VCB,2022-12-23,RSI,54.91463088989258,-0.02933699239415371
VCB,2022-12-23,CCI,4.078065872192383,-0.04488864970127741
VCB,2022-12-23,ADX,23.51707649230957,-0.02295375496126477
VCB,2023-01-11,Close,47.849998474121094,0.013629238522977042
VCB,2023-01-11,Balance,13.245039939880371,0.17177806323721642
VCB,2023-01-11,Position,21.0,0.027202517622778893
VCB,2023-01-11,MACD,1.2108768224716187,-0.10137499182078578
VCB,2023-01-11,RSI,64.81063079833984,-0.06376515710765879
VCB,2023-01-11,CCI,136.5204620361328,-0.067774743369158
VCB,2023-01-11,ADX,38.3957633972168,0.018754346322089468
VCB,2023-02-06,Close,53.97999954223633,0.06728285965721194
VCB,2023-02-06,Balance,13.245039939880371,0.1697979617335332
VCB,2023-02-06,Position,21.0,0.01984535134008418
VCB,2023-02-06,MACD,1.8664754629135132,-0.09022344894952124
VCB,2023-02-06,RSI,71.20122528076172,-0.07832560666928122
VCB,2023-02-06,CCI,138.55467224121094,-0.053036038659173154
VCB,2023-02-06,ADX,45.91910171508789,0.04209281314155623
VCB,2023-02-23,Close,52.459999084472656,0.05683852430284554
VCB,2023-02-23,Balance,433.4044494628906,0.054496376519197656
VCB,2023-02-23,Position,13.0,0.00831739175276016
VCB,2023-02-23,MACD,1.0678306818008423,-0.168464859444907
VCB,2023-02-23,RSI,57.321685791015625,-0.06212313007923731
VCB,2023-02-23,CCI,5.589546203613281,-0.03850450338006516
VCB,2023-02-23,ADX,45.54708480834961,0.10196171075163586
VCB,2023-03-13,Close,51.45000076293945,0.05876538856465086
VCB,2023-03-13,Balance,1112.7744140625,-0.09869944138646616
VCB,2023-03-13,Position,0.0,-0.007247382165829424
VCB,2023-03-13,MACD,0.2629753053188324,-0.03867178154460346
VCB,2023-03-13,RSI,49.063655853271484,-0.011457527970820114
VCB,2023-03-13,CCI,-130.11053466796875,0.059828821334290315
VCB,2023-03-13,ADX,22.10247802734375,-0.04721403443229242
VCB,2023-03-30,Close,52.119998931884766,0.06212781412454439
VCB,2023-03-30,Balance,1112.7744140625,-0.09734389258230597
VCB,2023-03-30,Position,0.0,-0.00938704632128129
VCB,2023-03-30,MACD,0.004956138785928488,-0.04531227552435692
VCB,2023-03-30,RSI,55.99644088745117,-0.04522064016360419
VCB,2023-03-30,CCI,98.54891967773438,-0.0840896174595688
VCB,2023-03-30,ADX,20.313751220703125,-0.06633151526592827
VCB,2023-04-17,Close,49.709999084472656,0.041377928359810696
VCB,2023-04-17,Balance,1110.680419921875,-0.11521739898552434
VCB,2023-04-17,Position,0.0,-0.00636305675620551
VCB,2023-04-17,MACD,-0.37960195541381836,0.02721606994053047
VCB,2023-04-17,RSI,42.02283477783203,0.03905008700079825
VCB,2023-04-17,CCI,-84.32687377929688,0.027068031294381678
VCB,2023-04-17,ADX,26.80377960205078,0.004588777686190602
VCB,2023-05-09,Close,51.900001525878906,0.05864472759509315
VCB,2023-05-09,Balance,1110.680419921875,-0.0914529057378834
VCB,2023-05-09,Position,0.0,-0.00971020113640958
VCB,2023-05-09,MACD,0.13919880986213684,-0.05461956196200583
VCB,2023-05-09,RSI,59.486778259277344,-0.037426346908871616
VCB,2023-05-09,CCI,258.7567443847656,-0.10879646037509805
VCB,2023-05-09,ADX,25.31531524658203,-0.021835835639920975
VCB,2023-05-26,Close,51.72999954223633,0.05341750068229982
VCB,2023-05-26,Balance,10.096489906311035,0.16955509515655198
VCB,2023-05-26,Position,21.0,0.010506774280895359
VCB,2023-05-26,MACD,0.444940447807312,-0.11768393060053794
VCB,2023-05-26,RSI,51.23579788208008,-0.022487293627614615
VCB,2023-05-26,CCI,35.6843376159668,-0.07187409249341702
VCB,2023-05-26,ADX,30.760040283203125,0.02089708336491827
VCB,2023-06-13,Close,57.630001068115234,0.09478326972887624
VCB,2023-06-13,Balance,416.89434814453125,0.054476448347750464
VCB,2023-06-13,Position,13.0,0.009929254557426104
VCB,2023-06-13,MACD,1.4156293869018555,-0.1872359605646118
VCB,2023-06-13,RSI,73.1923599243164,-0.09203086044466181
VCB,2023-06-13,CCI,155.22300720214844,-0.11995302376530034
VCB,2023-06-13,ADX,52.15748596191406,0.08418094596683416
VCB,2023-06-30,Close,56.22999954223633,0.08341089038913514
VCB,2023-06-30,Balance,1027.0106201171875,-0.05969445063343721
VCB,2023-06-30,Position,2.0,-0.0023740010061512676
VCB,2023-06-30,MACD,0.839745283126831,-0.14249327896530897
VCB,2023-06-30,RSI,54.12571716308594,-0.044495316323361365
VCB,2023-06-30,CCI,-2.4935433864593506,-0.0348469950137073
VCB,2023-06-30,ADX,49.69078826904297,0.23082772106662874
VCB,2023-07-19,Close,59.880001068115234,0.11918004186854383
VCB,2023-07-19,Balance,1139.358154296875,-0.07616975993150979
VCB,2023-07-19,Position,0.0,-0.0029671854813336784
VCB,2023-07-19,MACD,1.0204235315322876,-0.13682116319217508
VCB,2023-07-19,RSI,66.12691497802734,-0.08087939521489447
VCB,2023-07-19,CCI,143.6081085205078,-0.11064235002762218
VCB,2023-07-19,ADX,50.5806884765625,0.17029034157579692
VCB,2023-08-04,Close,59.83000183105469,0.11563007161389723
VCB,2023-08-04,Balance,1139.358154296875,-0.07919948042894195
VCB,2023-08-04,Position,0.0,-0.00439392695561662
VCB,2023-08-04,MACD,0.9681164026260376,-0.1499963852813212
VCB,2023-08-04,RSI,54.189273834228516,-0.043101170820574956
VCB,2023-08-04,CCI,18.113540649414062,-0.043660838905170904
VCB,2023-08-04,ADX,50.449378967285156,0.22161801589440092
VCB,2023-08-23,Close,57.310001373291016,0.1258993799014172
VCB,2023-08-23,Balance,1139.358154296875,-0.10956803890498987
VCB,2023-08-23,Position,0.0,-0.00545908016635277
VCB,2023-08-23,MACD,-0.07386299967765808,-0.013728120871462648
VCB,2023-08-23,RSI,37.63190460205078,0.0675817785642928
VCB,2023-08-23,CCI,-183.55801391601562,0.11654235532254208
VCB,2023-08-23,ADX,27.74199104309082,0.012282677933441902
VCB,2023-09-13,Close,59.16999816894531,0.15679675827914347
VCB,2023-09-13,Balance,1139.358154296875,-0.10640589002213799
VCB,2023-09-13,Position,0.0,-0.007270689412820469
VCB,2023-09-13,MACD,0.06822359561920166,-0.039307097473095465
VCB,2023-09-13,RSI,50.430267333984375,-0.016253158853451005
VCB,2023-09-13,CCI,40.847145080566406,-0.05931496520067647
VCB,2023-09-13,ADX,18.256593704223633,-0.07989365010365565
VCB,2023-09-29,Close,58.11000061035156,0.16072278980219673
VCB,2023-09-29,Balance,1139.358154296875,-0.12169843355377705
VCB,2023-09-29,Position,0.0,-0.004821926451928051
VCB,2023-09-29,MACD,-0.20936180651187897,0.0006179597717064327
VCB,2023-09-29,RSI,45.08363342285156,0.016261328198163894
VCB,2023-09-29,CCI,-91.95697784423828,0.030313050905571542
VCB,2023-09-29,ADX,20.09406280517578,-0.07707393111461767
VCB,2023-10-18,Close,57.040000915527344,0.13340402840241133
VCB,2023-10-18,Balance,1139.358154296875,-0.11922123024922568
VCB,2023-10-18,Position,0.0,-0.0053606409828529655
VCB,2023-10-18,MACD,-0.44261330366134644,0.05488072238662679
VCB,2023-10-18,RSI,44.12715530395508,0.026321097609188233
VCB,2023-10-18,CCI,-61.22964859008789,0.011867185581128693
VCB,2023-10-18,ADX,30.28752326965332,0.051552777236568335
VCB,2023-11-06,Close,59.439998626708984,0.13946892555610718
VCB,2023-11-06,Balance,1139.358154296875,-0.09110802404669925
VCB,2023-11-06,Position,0.0,-0.0036965781943248954
VCB,2023-11-06,MACD,0.2607831060886383,-0.06495145303558117
VCB,2023-11-06,RSI,63.96055221557617,-0.05554162659489685
VCB,2023-11-06,CCI,208.53126525878906,-0.11844403944761683
VCB,2023-11-06,ADX,26.35803985595703,-0.0194807778334657
VCB,2023-11-22,Close,57.58000183105469,0.1485781381562722
VCB,2023-11-22,Balance,1139.358154296875,-0.11551149868212506
VCB,2023-11-22,Position,0.0,-0.007124066165561105
VCB,2023-11-22,MACD,-0.03700815513730049,-0.02429171647266292
VCB,2023-11-22,RSI,49.30923080444336,-0.014540975707263344
VCB,2023-11-22,CCI,-33.065181732177734,-0.01970158763315624
VCB,2023-11-22,ADX,17.023529052734375,-0.09949125499519453
VCB,2023-12-11,Close,55.91999816894531,0.1321951063175164
VCB,2023-12-11,Balance,1139.358154296875,-0.12458490437773936
VCB,2023-12-11,Position,0.0,-0.008122837668818654
VCB,2023-12-11,MACD,-0.3279834985733032,0.005751243203869064
VCB,2023-12-11,RSI,40.34962844848633,0.04644173210337379
VCB,2023-12-11,CCI,-146.00404357910156,0.0714738715370067
VCB,2023-12-11,ADX,16.25592041015625,-0.12204826928314236
VCB,2023-12-28,Close,54.9900016784668,0.10880728274810439
VCB,2023-12-28,Balance,1139.358154296875,-0.1233471932979398
VCB,2023-12-28,Position,0.0,-0.004599233375109896
VCB,2023-12-28,MACD,-0.6636247038841248,0.10011746238866778
VCB,2023-12-28,RSI,44.38526916503906,0.026770118964987485
VCB,2023-12-28,CCI,-24.65723991394043,-0.01165029327797632
VCB,2023-12-28,ADX,31.08789825439453,0.07123987694883376
